B,repeat,stream_index,k,start_minus_fire,end_minus_fire,t_iter_observed,injection_ttft
4,0,0,26,-0.0036745649995282292,0.008557518012821674,0.012232083012349904,0.9245635379338637
4,0,0,27,0.008557518012821674,0.023105992004275322,0.014548473991453648,0.9245635379338637
4,0,0,28,0.023105992004275322,0.10241501498967409,0.07930902298539877,0.9245635379338637
4,0,0,29,0.10241501498967409,0.1996102399425581,0.09719522495288402,0.9245635379338637
4,0,0,30,0.1996102399425581,0.3042424189625308,0.10463217901997268,0.9245635379338637
4,0,0,31,0.3042424189625308,0.4142916299169883,0.11004921095445752,0.9245635379338637
4,0,0,32,0.4142916299169883,0.5300313689513132,0.11573973903432488,0.9245635379338637
4,0,0,33,0.5300313689513132,0.6521318869199604,0.12210051796864718,0.9245635379338637
4,0,0,34,0.6521318869199604,0.7849297740031034,0.132797887083143,0.9245635379338637
4,0,0,35,0.7849297740031034,0.9249406289309263,0.14001085492782295,0.9245635379338637
4,0,1,21,-0.003629198996350169,0.00861057499423623,0.0122397739905864,0.9245635379338637
4,0,1,22,0.00861057499423623,0.023162293946370482,0.014551718952134252,0.9245635379338637
4,0,1,23,0.023162293946370482,0.1024848090019077,0.07932251505553722,0.9245635379338637
4,0,1,24,0.1024848090019077,0.19966929696965963,0.09718448796775192,0.9245635379338637
4,0,1,25,0.19966929696965963,0.30430534295737743,0.10463604598771781,0.9245635379338637
4,0,1,26,0.30430534295737743,0.41435016598552465,0.11004482302814722,0.9245635379338637
4,0,1,27,0.41435016598552465,0.5300924709299579,0.11574230494443327,0.9245635379338637
4,0,1,28,0.5300924709299579,0.6522108509670943,0.12211838003713638,0.9245635379338637
4,0,1,29,0.6522108509670943,0.7849938279250637,0.13278297695796937,0.9245635379338637
4,0,1,30,0.7849938279250637,0.9247541229706258,0.1397602950455621,0.9245635379338637
4,0,2,19,-0.0037575270980596542,0.008445449988357723,0.012202977086417377,0.9245635379338637
4,0,2,20,0.008445449988357723,0.02299852599389851,0.014553076005540788,0.9245635379338637
4,0,2,21,0.02299852599389851,0.10222539294045419,0.07922686694655567,0.9245635379338637
4,0,2,22,0.10222539294045419,0.1995095469756052,0.097284154035151,0.9245635379338637
4,0,2,23,0.1995095469756052,0.304137053899467,0.1046275069238618,0.9245635379338637
4,0,2,24,0.304137053899467,0.4141442849067971,0.11000723100733012,0.9245635379338637
4,0,2,25,0.4141442849067971,0.5298851439729333,0.11574085906613618,0.9245635379338637
4,0,2,26,0.5298851439729333,0.6519567409995943,0.12207159702666104,0.9245635379338637
4,0,2,27,0.6519567409995943,0.7848195499973372,0.13286280899774283,0.9245635379338637
4,0,2,28,0.7848195499973372,0.9248219269793481,0.1400023769820109,0.9245635379338637
4,0,3,23,-0.0035857210168614984,0.00865915697067976,0.012244877987541258,0.9245635379338637
4,0,3,24,0.00865915697067976,0.023208791972137988,0.014549635001458228,0.9245635379338637
4,0,3,25,0.023208791972137988,0.10255505493842065,0.07934626296628267,0.9245635379338637
4,0,3,26,0.10255505493842065,0.1997214099392295,0.09716635500080884,0.9245635379338637
4,0,3,27,0.1997214099392295,0.30436228692997247,0.10464087699074298,0.9245635379338637
4,0,3,28,0.30436228692997247,0.4144020319217816,0.11003974499180913,0.9245635379338637
4,0,3,29,0.4144020319217816,0.5301428309176117,0.11574079899583012,0.9245635379338637
4,0,3,30,0.5301428309176117,0.652279938920401,0.12213710800278932,0.9245635379338637
4,0,3,31,0.652279938920401,0.7850526829715818,0.13277274405118078,0.9245635379338637
4,0,3,32,0.7850526829715818,0.9248820579377934,0.13982937496621162,0.9245635379338637
4,1,0,23,-0.01518180500715971,0.0020001039374619722,0.017181908944621682,0.934906690963544
4,1,0,24,0.0020001039374619722,0.008818733971565962,0.00681863003410399,0.934906690963544
4,1,0,25,0.008818733971565962,0.023098609992302954,0.014279876020736992,0.934906690963544
4,1,0,26,0.023098609992302954,0.10315002698916942,0.08005141699686646,0.934906690963544
4,1,0,27,0.10315002698916942,0.20378451398573816,0.10063448699656874,0.934906690963544
4,1,0,28,0.20378451398573816,0.30901916697621346,0.1052346529904753,0.934906690963544
4,1,0,29,0.30901916697621346,0.4204446990042925,0.11142553202807903,0.934906690963544
4,1,0,30,0.4204446990042925,0.5376880819676444,0.1172433829633519,0.934906690963544
4,1,0,31,0.5376880819676444,0.6615023859776556,0.12381430401001126,0.934906690963544
4,1,0,32,0.6615023859776556,0.7918262429302558,0.13032385695260018,0.934906690963544
4,1,0,33,0.7918262429302558,0.9339541309745982,0.1421278880443424,0.934906690963544
4,1,0,34,0.9339541309745982,0.9356984939659014,0.0017443629913032055,0.934906690963544
4,1,1,26,-0.01529321598354727,0.0018643010407686234,0.017157517024315894,0.934906690963544
4,1,1,27,0.0018643010407686234,0.008663009037263691,0.006798707996495068,0.934906690963544
4,1,1,28,0.008663009037263691,0.022976481937803328,0.014313472900539637,0.934906690963544
4,1,1,29,0.022976481937803328,0.10293658601585776,0.07996010407805443,0.934906690963544
4,1,1,30,0.10293658601585776,0.2036018120124936,0.10066522599663585,0.934906690963544
4,1,1,31,0.2036018120124936,0.30888686201069504,0.10528504999820143,0.934906690963544
4,1,1,32,0.30888686201069504,0.4202784870285541,0.11139162501785904,0.934906690963544
4,1,1,33,0.4202784870285541,0.537521788966842,0.11724330193828791,0.934906690963544
4,1,1,34,0.537521788966842,0.6613212840165943,0.1237994950497523,0.934906690963544
4,1,1,35,0.6613212840165943,0.7916523639578372,0.13033107994124293,0.934906690963544
4,1,1,36,0.7916523639578372,0.934007553034462,0.1423551890766248,0.934906690963544
4,1,1,37,0.934007553034462,0.9355434679891914,0.0015359149547293782,0.934906690963544
4,1,2,19,-0.015230639954097569,0.0019418660085648298,0.0171725059626624,0.934906690963544
4,1,2,20,0.0019418660085648298,0.008760120021179318,0.006818254012614489,0.934906690963544
4,1,2,21,0.008760120021179318,0.023038152954541147,0.014278032933361828,0.934906690963544
4,1,2,22,0.023038152954541147,0.10307939792983234,0.08004124497529119,0.934906690963544
4,1,2,23,0.10307939792983234,0.20372531400062144,0.1006459160707891,0.934906690963544
4,1,2,24,0.20372531400062144,0.30896883993409574,0.1052435259334743,0.934906690963544
4,1,2,25,0.30896883993409574,0.4203891890356317,0.11142034910153598,0.934906690963544
4,1,2,26,0.4203891890356317,0.5376343260286376,0.11724513699300587,0.934906690963544
4,1,2,27,0.5376343260286376,0.6614403140265495,0.12380598799791187,0.934906690963544
4,1,2,28,0.6614403140265495,0.7917714950162917,0.13033118098974228,0.934906690963544
4,1,2,29,0.7917714950162917,0.9341155849397182,0.1423440899234265,0.934906690963544
4,1,2,30,0.9341155849397182,0.9356115399859846,0.0014959550462663174,0.934906690963544
4,1,3,21,-0.015124817960895598,0.0020650209626182914,0.01718983892351389,0.934906690963544
4,1,3,22,0.0020650209626182914,0.008873780956491828,0.006808759993873537,0.934906690963544
4,1,3,23,0.008873780956491828,0.023141811019741,0.01426803006324917,0.934906690963544
4,1,3,24,0.023141811019741,0.10320636793039739,0.08006455691065639,0.934906690963544
4,1,3,25,0.10320636793039739,0.20383697794750333,0.10063061001710594,0.934906690963544
4,1,3,26,0.20383697794750333,0.30908620601985604,0.10524922807235271,0.934906690963544
4,1,3,27,0.30908620601985604,0.4204927140381187,0.11140650801826268,0.934906690963544
4,1,3,28,0.4204927140381187,0.53773798502516,0.1172452709870413,0.934906690963544
4,1,3,29,0.53773798502516,0.6615556819597259,0.1238176969345659,0.934906690963544
4,1,3,30,0.6615556819597259,0.7918761949986219,0.13032051303889602,0.934906690963544
4,1,3,31,0.7918761949986219,0.9340670160017908,0.14219082100316882,0.934906690963544
4,1,3,32,0.9340670160017908,0.9357492700219154,0.0016822540201246738,0.934906690963544
4,2,0,19,-0.013702727039344609,0.0016687139868736267,0.015371441026218235,0.9403335188981146
4,2,0,20,0.0016687139868736267,0.009888604981824756,0.008219890994951129,0.9403335188981146
4,2,0,21,0.009888604981824756,0.024696321925148368,0.014807716943323612,0.9403335188981146
4,2,0,22,0.024696321925148368,0.10381922591477633,0.07912290398962796,0.9403335188981146
4,2,0,23,0.10381922591477633,0.20457083091605455,0.10075160500127822,0.9403335188981146
4,2,0,24,0.20457083091605455,0.3092501579085365,0.10467932699248195,0.9403335188981146
4,2,0,25,0.3092501579085365,0.42007919296156615,0.11082903505302966,0.9403335188981146
4,2,0,26,0.42007919296156615,0.5371875829296187,0.1171083899680525,0.9403335188981146
4,2,0,27,0.5371875829296187,0.6596439429558814,0.1224563600262627,0.9403335188981146
4,2,0,28,0.6596439429558814,0.7923351658973843,0.13269122294150293,0.9403335188981146
4,2,0,29,0.7923351658973843,0.9376069318968803,0.14527176599949598,0.9403335188981146
4,2,0,30,0.9376069318968803,0.9428261959692463,0.005219264072366059,0.9403335188981146
4,2,1,23,-0.01353577000554651,0.0018263909732922912,0.015362160978838801,0.9403335188981146
4,2,1,24,0.0018263909732922912,0.010083835921250284,0.008257444947957993,0.9403335188981146
4,2,1,25,0.010083835921250284,0.024894684902392328,0.014810848981142044,0.9403335188981146
4,2,1,26,0.024894684902392328,0.10398763895500451,0.07909295405261219,0.9403335188981146
4,2,1,27,0.10398763895500451,0.20474470499902964,0.10075706604402512,0.9403335188981146
4,2,1,28,0.20474470499902964,0.3094782669795677,0.10473356198053807,0.9403335188981146
4,2,1,29,0.3094782669795677,0.42028322897385806,0.11080496199429035,0.9403335188981146
4,2,1,30,0.42028322897385806,0.537381715956144,0.11709848698228598,0.9403335188981146
4,2,1,31,0.537381715956144,0.6598173349630088,0.12243561900686473,0.9403335188981146
4,2,1,32,0.6598173349630088,0.7925357579952106,0.13271842303220183,0.9403335188981146
4,2,1,33,0.7925357579952106,0.9377733489964157,0.14523759100120515,0.9403335188981146
4,2,1,34,0.9377733489964157,0.9431477979524061,0.005374448955990374,0.9403335188981146
4,2,2,26,-0.01362429209984839,0.0017334509175270796,0.01535774301737547,0.9403335188981146
4,2,2,27,0.0017334509175270796,0.009969645994715393,0.008236195077188313,0.9403335188981146
4,2,2,28,0.009969645994715393,0.024781407904811203,0.014811761910095811,0.9403335188981146
4,2,2,29,0.024781407904811203,0.10389242193195969,0.07911101402714849,0.9403335188981146
4,2,2,30,0.10389242193195969,0.2046472349902615,0.1007548130583018,0.9403335188981146
4,2,2,31,0.2046472349902615,0.30936941190157086,0.10472217691130936,0.9403335188981146
4,2,2,32,0.30936941190157086,0.42018064693547785,0.110811235033907,0.9403335188981146
4,2,2,33,0.42018064693547785,0.5372699059080333,0.1170892589725554,0.9403335188981146
4,2,2,34,0.5372699059080333,0.6597240539267659,0.12245414801873267,0.9403335188981146
4,2,2,35,0.6597240539267659,0.7924442649818957,0.13272021105512977,0.9403335188981146
4,2,2,36,0.7924442649818957,0.9378478699363768,0.14540360495448112,0.9403335188981146
4,2,2,37,0.9378478699363768,0.9429843419929966,0.005136472056619823,0.9403335188981146
4,2,3,21,-0.013579301070421934,0.0017815439496189356,0.01536084502004087,0.9403335188981146
4,2,3,22,0.0017815439496189356,0.010037917993031442,0.008256374043412507,0.9403335188981146
4,2,3,23,0.010037917993031442,0.02483579597901553,0.014797877985984087,0.9403335188981146
4,2,3,24,0.02483579597901553,0.10393723496235907,0.07910143898334354,0.9403335188981146
4,2,3,25,0.10393723496235907,0.20469330600462854,0.10075607104226947,0.9403335188981146
4,2,3,26,0.20469330600462854,0.30942724691703916,0.10473394091241062,0.9403335188981146
4,2,3,27,0.30942724691703916,0.4202355589950457,0.11080831207800657,0.9403335188981146
4,2,3,28,0.4202355589950457,0.5373228099197149,0.1170872509246692,0.9403335188981146
4,2,3,29,0.5373228099197149,0.6597725889878348,0.12244977906811982,0.9403335188981146
4,2,3,30,0.6597725889878348,0.7924931519664824,0.13272056297864765,0.9403335188981146
4,2,3,31,0.7924931519664824,0.9375395209062845,0.14504636893980205,0.9403335188981146
4,2,3,32,0.9375395209062845,0.9430683458922431,0.005528824985958636,0.9403335188981146
4,3,0,22,-0.0036117309937253594,0.009364931029267609,0.012976662022992969,0.9501518260221928
4,3,0,23,0.009364931029267609,0.01992257800884545,0.01055764697957784,0.9501518260221928
4,3,0,24,0.01992257800884545,0.03404363605659455,0.014121058047749102,0.9501518260221928
4,3,0,25,0.03404363605659455,0.11722738004755229,0.08318374399095774,0.9501518260221928
4,3,0,26,0.11722738004755229,0.2184242910007015,0.1011969109531492,0.9501518260221928
4,3,0,27,0.2184242910007015,0.3225503540597856,0.10412606305908412,0.9501518260221928
4,3,0,28,0.3225503540597856,0.43345396406948566,0.11090361000970006,0.9501518260221928
4,3,0,29,0.43345396406948566,0.5515607660636306,0.11810680199414492,0.9501518260221928
4,3,0,30,0.5515607660636306,0.6746816640952602,0.12312089803162962,0.9501518260221928
4,3,0,31,0.6746816640952602,0.8059058050857857,0.13122414099052548,0.9501518260221928
4,3,0,32,0.8059058050857857,0.949289558106102,0.14338375302031636,0.9501518260221928
4,3,0,33,0.949289558106102,0.9511084100231528,0.0018188519170507789,0.9501518260221928
4,3,1,26,-0.015245724935084581,0.0016728340415284038,0.016918558976612985,0.9501518260221928
4,3,1,27,0.0016728340415284038,0.009492248063907027,0.007819414022378623,0.9501518260221928
4,3,1,28,0.009492248063907027,0.020035042078234255,0.010542794014327228,0.9501518260221928
4,3,1,29,0.020035042078234255,0.03415761701762676,0.014122574939392507,0.9501518260221928
4,3,1,30,0.03415761701762676,0.11740747303701937,0.08324985601939261,0.9501518260221928
4,3,1,31,0.11740747303701937,0.21861131908372045,0.10120384604670107,0.9501518260221928
4,3,1,32,0.21861131908372045,0.3227337551070377,0.10412243602331728,0.9501518260221928
4,3,1,33,0.3227337551070377,0.4336674220394343,0.11093366693239659,0.9501518260221928
4,3,1,34,0.4336674220394343,0.5517194350250065,0.11805201298557222,0.9501518260221928
4,3,1,35,0.5517194350250065,0.6748374110320583,0.12311797600705177,0.9501518260221928
4,3,1,36,0.6748374110320583,0.8060607310617343,0.13122332002967596,0.9501518260221928
4,3,1,37,0.8060607310617343,0.9491739351069555,0.1431132040452212,0.9501518260221928
4,3,1,38,0.9491739351069555,0.9512559190625325,0.002081983955577016,0.9501518260221928
4,3,2,23,-0.015204257913865149,0.0017277380684390664,0.016931995982304215,0.9501518260221928
4,3,2,24,0.0017277380684390664,0.009542830055579543,0.007815091987140477,0.9501518260221928
4,3,2,25,0.009542830055579543,0.020087490091100335,0.010544660035520792,0.9501518260221928
4,3,2,26,0.020087490091100335,0.034205226111225784,0.014117736020125449,0.9501518260221928
4,3,2,27,0.034205226111225784,0.11746054200921208,0.08325531589798629,0.9501518260221928
4,3,2,28,0.11746054200921208,0.21866297908127308,0.101202437072061,0.9501518260221928
4,3,2,29,0.21866297908127308,0.32278498308733106,0.10412200400605798,0.9501518260221928
4,3,2,30,0.32278498308733106,0.433718717074953,0.11093373398762196,0.9501518260221928
4,3,2,31,0.433718717074953,0.5517720140051097,0.11805329693015665,0.9501518260221928
4,3,2,32,0.5517720140051097,0.6748895280761644,0.12311751407105476,0.9501518260221928
4,3,2,33,0.6748895280761644,0.806114815059118,0.13122528698295355,0.9501518260221928
4,3,2,34,0.806114815059118,0.9492382410680875,0.14312342600896955,0.9501518260221928
4,3,2,35,0.9492382410680875,0.9513023950858042,0.002064154017716646,0.9501518260221928
4,3,3,19,-0.015301566920243204,0.0016012070700526237,0.016902773990295827,0.9501518260221928
4,3,3,20,0.0016012070700526237,0.009441398084163666,0.007840191014111042,0.9501518260221928
4,3,3,21,0.009441398084163666,0.01998773100785911,0.010546332923695445,0.9501518260221928
4,3,3,22,0.01998773100785911,0.03409421106334776,0.014106480055488646,0.9501518260221928
4,3,3,23,0.03409421106334776,0.11734596104361117,0.08325174998026341,0.9501518260221928
4,3,3,24,0.11734596104361117,0.21854465000797063,0.10119868896435946,0.9501518260221928
4,3,3,25,0.21854465000797063,0.32267536607105285,0.10413071606308222,0.9501518260221928
4,3,3,26,0.32267536607105285,0.43360602110624313,0.11093065503519028,0.9501518260221928
4,3,3,27,0.43360602110624313,0.551661016070284,0.11805499496404082,0.9501518260221928
4,3,3,28,0.551661016070284,0.674779114080593,0.12311809801030904,0.9501518260221928
4,3,3,29,0.674779114080593,0.805999975069426,0.131220860988833,0.9501518260221928
4,3,3,30,0.805999975069426,0.9493371200514957,0.14333714498206973,0.9501518260221928
4,3,3,31,0.9493371200514957,0.9511759040178731,0.0018387839663773775,0.9501518260221928
4,4,0,26,-0.014803115976974368,0.0016287119360640645,0.016431827913038433,0.9474645069567487
4,4,0,27,0.0016287119360640645,0.008912135032005608,0.007283423095941544,0.9474645069567487
4,4,0,28,0.008912135032005608,0.021150436950847507,0.012238301918841898,0.9474645069567487
4,4,0,29,0.021150436950847507,0.03712627000641078,0.01597583305556327,0.9474645069567487
4,4,0,30,0.03712627000641078,0.1176366260042414,0.08051035599783063,0.9474645069567487
4,4,0,31,0.1176366260042414,0.21578024502377957,0.09814361901953816,0.9474645069567487
4,4,0,32,0.21578024502377957,0.3206047889543697,0.10482454393059015,0.9474645069567487
4,4,0,33,0.3206047889543697,0.4314989399863407,0.11089415103197098,0.9474645069567487
4,4,0,34,0.4314989399863407,0.5479582570260391,0.11645931703969836,0.9474645069567487
4,4,0,35,0.5479582570260391,0.6697743169497699,0.12181605992373079,0.9474645069567487
4,4,0,36,0.6697743169497699,0.8022758299484849,0.13250151299871504,0.9474645069567487
4,4,0,37,0.8022758299484849,0.9482862680451944,0.14601043809670955,0.9474645069567487
4,4,1,19,-0.014753254014067352,0.001684310962446034,0.016437564976513386,0.9474645069567487
4,4,1,20,0.001684310962446034,0.008970708004198968,0.0072863970417529345,0.9474645069567487
4,4,1,21,0.008970708004198968,0.021202350966632366,0.012231642962433398,0.9474645069567487
4,4,1,22,0.021202350966632366,0.03717463696375489,0.015972285997122526,0.9474645069567487
4,4,1,23,0.03717463696375489,0.11770353093743324,0.08052889397367835,0.9474645069567487
4,4,1,24,0.11770353093743324,0.2158451119903475,0.09814158105291426,0.9474645069567487
4,4,1,25,0.2158451119903475,0.32066972693428397,0.10482461494393647,0.9474645069567487
4,4,1,26,0.32066972693428397,0.4315774509450421,0.1109077240107581,0.9474645069567487
4,4,1,27,0.4315774509450421,0.5480188250076026,0.1164413740625605,0.9474645069567487
4,4,1,28,0.5480188250076026,0.6698374589905143,0.1218186339829117,0.9474645069567487
4,4,1,29,0.6698374589905143,0.8023322949884459,0.13249483599793166,0.9474645069567487
4,4,1,30,0.8023322949884459,0.9477607590379193,0.1454284640494734,0.9474645069567487
4,4,2,23,-0.01487393700517714,0.0015641639474779367,0.016438100952655077,0.9474645069567487
4,4,2,24,0.0015641639474779367,0.008804679964669049,0.007240516017191112,0.9474645069567487
4,4,2,25,0.008804679964669049,0.021071554976515472,0.012266875011846423,0.9474645069567487
4,4,2,26,0.021071554976515472,0.03704622096847743,0.015974665991961956,0.9474645069567487
4,4,2,27,0.03704622096847743,0.11753161600790918,0.08048539503943175,0.9474645069567487
4,4,2,28,0.11753161600790918,0.2156821369426325,0.09815052093472332,0.9474645069567487
4,4,2,29,0.2156821369426325,0.3204972619423643,0.10481512499973178,0.9474645069567487
4,4,2,30,0.3204972619423643,0.4313952010124922,0.1108979390701279,0.9474645069567487
4,4,2,31,0.4313952010124922,0.5478187749395147,0.11642357392702252,0.9474645069567487
4,4,2,32,0.5478187749395147,0.669678344973363,0.12185957003384829,0.9474645069567487
4,4,2,33,0.669678344973363,0.8021541530033574,0.13247580802999437,0.9474645069567487
4,4,2,34,0.8021541530033574,0.947985184029676,0.14583103102631867,0.9474645069567487
4,4,3,21,-0.014706842019222677,0.0017359140329062939,0.01644275605212897,0.9474645069567487
4,4,3,22,0.0017359140329062939,0.009022454963997006,0.0072865409310907125,0.9474645069567487
4,4,3,23,0.009022454963997006,0.021250803023576736,0.01222834805957973,0.9474645069567487
4,4,3,24,0.021250803023576736,0.03721972194034606,0.015968918916769326,0.9474645069567487
4,4,3,25,0.03721972194034606,0.11776046396698803,0.08054074202664196,0.9474645069567487
4,4,3,26,0.11776046396698803,0.2159030589973554,0.09814259503036737,0.9474645069567487
4,4,3,27,0.2159030589973554,0.3207259520422667,0.10482289304491132,0.9474645069567487
4,4,3,28,0.3207259520422667,0.43163021898362786,0.11090426694136113,0.9474645069567487
4,4,3,29,0.43163021898362786,0.5480669279349968,0.11643670895136893,0.9474645069567487
4,4,3,30,0.5480669279349968,0.6699035939527676,0.12183666601777077,0.9474645069567487
4,4,3,31,0.6699035939527676,0.8023803819669411,0.1324767880141735,0.9474645069567487
4,4,3,32,0.8023803819669411,0.9479275980265811,0.14554721605964005,0.9474645069567487
8,0,0,9,-0.024650520994327962,0.07125253695994616,0.09590305795427412,1.4580461259465665
8,0,0,10,0.07125253695994616,0.16664772504009306,0.09539518808014691,1.4580461259465665
8,0,0,11,0.16664772504009306,0.2597163669997826,0.09306864195968956,1.4580461259465665
8,0,0,12,0.2597163669997826,0.35423799499403685,0.09452162799425423,1.4580461259465665
8,0,0,13,0.35423799499403685,0.4470268109580502,0.09278881596401334,1.4580461259465665
8,0,0,14,0.4470268109580502,0.5422985489713028,0.09527173801325262,1.4580461259465665
8,0,0,15,0.5422985489713028,0.6345259719528258,0.09222742298152298,1.4580461259465665
8,0,0,16,0.6345259719528258,0.7295658510411158,0.09503987908829004,1.4580461259465665
8,0,0,17,0.7295658510411158,0.8362411969574168,0.10667534591630101,1.4580461259465665
8,0,0,18,0.8362411969574168,0.9537680259672925,0.11752682900987566,1.4580461259465665
8,0,0,19,0.9537680259672925,1.0731607569614425,0.11939273099415004,1.4580461259465665
8,0,0,20,1.0731607569614425,1.1952292829519138,0.12206852599047124,1.4580461259465665
8,0,0,21,1.1952292829519138,1.3363005199935287,0.14107123704161495,1.4580461259465665
8,0,0,22,1.3363005199935287,1.458257779944688,0.12195725995115936,1.4580461259465665
8,0,1,6,-0.02459360205102712,0.07171643304172903,0.09631003509275615,1.4580461259465665
8,0,1,7,0.07171643304172903,0.1668383589712903,0.09512192592956126,1.4580461259465665
8,0,1,8,0.1668383589712903,0.26018334401305765,0.09334498504176736,1.4580461259465665
8,0,1,9,0.26018334401305765,0.35448754800017923,0.09430420398712158,1.4580461259465665
8,0,1,10,0.35448754800017923,0.4472372940508649,0.09274974605068564,1.4580461259465665
8,0,1,11,0.4472372940508649,0.5425433149794117,0.09530602092854679,1.4580461259465665
8,0,1,12,0.5425433149794117,0.6347076919628307,0.09216437698341906,1.4580461259465665
8,0,1,13,0.6347076919628307,0.729741582996212,0.09503389103338122,1.4580461259465665
8,0,1,14,0.729741582996212,0.8363996009575203,0.10665801796130836,1.4580461259465665
8,0,1,15,0.8363996009575203,0.9539359089685604,0.11753630801104009,1.4580461259465665
8,0,1,16,0.9539359089685604,1.0733497069450095,0.11941379797644913,1.4580461259465665
8,0,1,17,1.0733497069450095,1.1953980240505189,0.12204831710550934,1.4580461259465665
8,0,1,18,1.1953980240505189,1.3364835149841383,0.14108549093361944,1.4580461259465665
8,0,1,19,1.3364835149841383,1.4584055440500379,0.12192202906589955,1.4580461259465665
8,0,2,1,0.6343891860451549,0.7294589820085093,0.09506979596335441,1.4580461259465665
8,0,2,2,0.7294589820085093,0.8361305670114234,0.10667158500291407,1.4580461259465665
8,0,2,3,0.8361305670114234,0.9536737350281328,0.11754316801670939,1.4580461259465665
8,0,2,4,0.9536737350281328,1.073042539996095,0.1193688049679622,1.4580461259465665
8,0,2,5,1.073042539996095,1.1951385289430618,0.12209598894696683,1.4580461259465665
8,0,2,6,1.1951385289430618,1.336193541996181,0.14105501305311918,1.4580461259465665
8,0,2,7,1.336193541996181,1.4581992420135066,0.12200570001732558,1.4580461259465665
8,0,3,4,-0.024852556991390884,0.07177653897088021,0.0966290959622711,1.4580461259465665
8,0,3,5,0.07177653897088021,0.1668944760458544,0.09511793707497418,1.4580461259465665
8,0,3,6,0.1668944760458544,0.26023663103114814,0.09334215498529375,1.4580461259465665
8,0,3,7,0.26023663103114814,0.35453967098146677,0.09430303995031863,1.4580461259465665
8,0,3,8,0.35453967098146677,0.44758179096970707,0.0930421199882403,1.4580461259465665
8,0,3,9,0.44758179096970707,0.5426881869789213,0.09510639600921422,1.4580461259465665
8,0,3,10,0.5426881869789213,0.6348101539770141,0.09212196699809283,1.4580461259465665
8,0,3,11,0.6348101539770141,0.7298479940509424,0.09503784007392824,1.4580461259465665
8,0,3,12,0.7298479940509424,0.8365148960147053,0.10666690196376294,1.4580461259465665
8,0,3,13,0.8365148960147053,0.9540421010460705,0.11752720503136516,1.4580461259465665
8,0,3,14,0.9540421010460705,1.0734803869854659,0.11943828593939543,1.4580461259465665
8,0,3,15,1.0734803869854659,1.1955161599908024,0.12203577300533652,1.4580461259465665
8,0,3,16,1.1955161599908024,1.336585700046271,0.14106954005546868,1.4580461259465665
8,0,3,17,1.336585700046271,1.4585075370268896,0.12192183698061854,1.4580461259465665
8,0,4,1,0.07161520095542073,0.16676773398648947,0.09515253303106874,1.4580461259465665
8,0,4,2,0.16676773398648947,0.2598199170315638,0.09305218304507434,1.4580461259465665
8,0,4,3,0.2598199170315638,0.35433538095094264,0.09451546391937882,1.4580461259465665
8,0,4,4,0.35433538095094264,0.44711930793710053,0.0927839269861579,1.4580461259465665
8,0,4,5,0.44711930793710053,0.5424042369704694,0.09528492903336883,1.4580461259465665
8,0,4,6,0.5424042369704694,0.6345870309742168,0.0921827940037474,1.4580461259465665
8,0,4,7,0.6345870309742168,0.7296283809700981,0.09504134999588132,1.4580461259465665
8,0,4,8,0.7296283809700981,0.8362987210275605,0.10667034005746245,1.4580461259465665
8,0,4,9,0.8362987210275605,0.9538277350366116,0.11752901400905102,1.4580461259465665
8,0,4,10,0.9538277350366116,1.0732281589880586,0.11940042395144701,1.4580461259465665
8,0,4,11,1.0732281589880586,1.1952895680442452,0.12206140905618668,1.4580461259465665
8,0,4,12,1.1952895680442452,1.3363621380412951,0.14107256999704987,1.4580461259465665
8,0,4,13,1.3363621380412951,1.4583082939498127,0.12194615590851754,1.4580461259465665
8,0,5,1,0.44751289300620556,0.5426226180279627,0.09510972502175719,1.4580461259465665
8,0,5,2,0.5426226180279627,0.6347598229767755,0.09213720494881272,1.4580461259465665
8,0,5,3,0.6347598229767755,0.7297956990078092,0.0950358760310337,1.4580461259465665
8,0,5,4,0.7297956990078092,0.8364541509654373,0.10665845195762813,1.4580461259465665
8,0,5,5,0.8364541509654373,0.9539896949427202,0.11753554397728294,1.4580461259465665
8,0,5,6,0.9539896949427202,1.0734094110084698,0.11941971606574953,1.4580461259465665
8,0,5,7,1.0734094110084698,1.195464345975779,0.12205493496730924,1.4580461259465665
8,0,5,8,1.195464345975779,1.3365351989632472,0.14107085298746824,1.4580461259465665
8,0,5,9,1.3365351989632472,1.458460745983757,0.12192554702050984,1.4580461259465665
8,0,6,2,-0.02472010999917984,0.0718329680385068,0.09655307803768665,1.4580461259465665
8,0,6,3,0.0718329680385068,0.16695248102769256,0.09511951298918575,1.4580461259465665
8,0,6,4,0.16695248102769256,0.26028892199974507,0.09333644097205251,1.4580461259465665
8,0,6,5,0.26028892199974507,0.35459225496742874,0.09430333296768367,1.4580461259465665
8,0,6,6,0.35459225496742874,0.4476311029866338,0.09303884801920503,1.4580461259465665
8,0,6,7,0.4476311029866338,0.5427425110246986,0.09511140803806484,1.4580461259465665
8,0,6,8,0.5427425110246986,0.6348597500473261,0.09211723902262747,1.4580461259465665
8,0,6,9,0.6348597500473261,0.7299011970171705,0.0950414469698444,1.4580461259465665
8,0,6,10,0.7299011970171705,0.8365619089454412,0.10666071192827076,1.4580461259465665
8,0,6,11,0.8365619089454412,0.9540933129610494,0.11753140401560813,1.4580461259465665
8,0,6,12,0.9540933129610494,1.0735389270121232,0.11944561405107379,1.4580461259465665
8,0,6,13,1.0735389270121232,1.1955663349945098,0.12202740798238665,1.4580461259465665
8,0,6,14,1.1955663349945098,1.3366349239367992,0.14106858894228935,1.4580461259465665
8,0,6,15,1.3366349239367992,1.4585536889499053,0.12191876501310617,1.4580461259465665
8,0,7,1,0.26011132705025375,0.3544280939968303,0.09431676694657654,1.4580461259465665
8,0,7,2,0.3544280939968303,0.4471829100511968,0.09275481605436653,1.4580461259465665
8,0,7,3,0.4471829100511968,0.5424841929925606,0.09530128294136375,1.4580461259465665
8,0,7,4,0.5424841929925606,0.6346413489663973,0.09215715597383678,1.4580461259465665
8,0,7,5,0.6346413489663973,0.7296869870042428,0.09504563803784549,1.4580461259465665
8,0,7,6,0.7296869870042428,0.8363514969823882,0.10666450997814536,1.4580461259465665
8,0,7,7,0.8363514969823882,0.9538826630450785,0.11753116606269032,1.4580461259465665
8,0,7,8,0.9538826630450785,1.0732890350045636,0.11940637195948511,1.4580461259465665
8,0,7,9,1.0732890350045636,1.1953449200373143,0.12205588503275067,1.4580461259465665
8,0,7,10,1.1953449200373143,1.3364292420446873,0.14108432200737298,1.4580461259465665
8,0,7,11,1.3364292420446873,1.4583568519446999,0.12192760990001261,1.4580461259465665
8,1,0,4,-0.03381123102735728,0.0625757520319894,0.09638698305934668,1.4508427269756794
8,1,0,5,0.0625757520319894,0.15862942894455045,0.09605367691256106,1.4508427269756794
8,1,0,6,0.15862942894455045,0.2508412030292675,0.09221177408471704,1.4508427269756794
8,1,0,7,0.2508412030292675,0.34464995900634676,0.09380875597707927,1.4508427269756794
8,1,0,8,0.34464995900634676,0.43724051699973643,0.09259055799338967,1.4508427269756794
8,1,0,9,0.43724051699973643,0.5323208569316193,0.09508033993188292,1.4508427269756794
8,1,0,10,0.5323208569316193,0.6245607000309974,0.09223984309937805,1.4508427269756794
8,1,0,11,0.6245607000309974,0.7193640109617263,0.09480331093072891,1.4508427269756794
8,1,0,12,0.7193640109617263,0.8248752469662577,0.10551123600453138,1.4508427269756794
8,1,0,13,0.8248752469662577,0.9420149229699746,0.11713967600371689,1.4508427269756794
8,1,0,14,0.9420149229699746,1.0627580540021881,0.12074313103221357,1.4508427269756794
8,1,0,15,1.0627580540021881,1.1866536809829995,0.12389562698081136,1.4508427269756794
8,1,0,16,1.1866536809829995,1.3181799550075084,0.1315262740245089,1.4508427269756794
8,1,0,17,1.3181799550075084,1.4500275029568002,0.13184754794929177,1.4508427269756794
8,1,0,18,1.4500275029568002,1.453461057972163,0.003433555015362799,1.4508427269756794
8,1,1,2,-0.033889711019583046,0.06252392195165157,0.09641363297123462,1.4508427269756794
8,1,1,3,0.06252392195165157,0.1585800820030272,0.09605616005137563,1.4508427269756794
8,1,1,4,0.1585800820030272,0.2507921759970486,0.09221209399402142,1.4508427269756794
8,1,1,5,0.2507921759970486,0.34459943999536335,0.09380726399831474,1.4508427269756794
8,1,1,6,0.34459943999536335,0.43719560699537396,0.09259616700001061,1.4508427269756794
8,1,1,7,0.43719560699537396,0.5322728239698336,0.09507721697445959,1.4508427269756794
8,1,1,8,0.5322728239698336,0.6245167480083182,0.09224392403848469,1.4508427269756794
8,1,1,9,0.6245167480083182,0.719316439004615,0.0947996909962967,1.4508427269756794
8,1,1,10,0.719316439004615,0.824829948018305,0.10551350901369005,1.4508427269756794
8,1,1,11,0.824829948018305,0.9419676959514618,0.11713774793315679,1.4508427269756794
8,1,1,12,0.9419676959514618,1.0627096659736708,0.12074197002220899,1.4508427269756794
8,1,1,13,1.0627096659736708,1.1866039569722489,0.12389429099857807,1.4508427269756794
8,1,1,14,1.1866039569722489,1.3181217990349978,0.13151784206274897,1.4508427269756794
8,1,1,15,1.3181217990349978,1.4499631009530276,0.13184130191802979,1.4508427269756794
8,1,1,16,1.4499631009530276,1.4534168129321188,0.0034537119790911674,1.4508427269756794
8,1,2,6,-0.0337530670221895,0.062180793029256165,0.09593386005144566,1.4508427269756794
8,1,2,7,0.062180793029256165,0.15845139394514263,0.09627060091588646,1.4508427269756794
8,1,2,8,0.15845139394514263,0.25068816798739135,0.09223677404224873,1.4508427269756794
8,1,2,9,0.25068816798739135,0.34448676696047187,0.09379859897308052,1.4508427269756794
8,1,2,10,0.34448676696047187,0.43709052400663495,0.09260375704616308,1.4508427269756794
8,1,2,11,0.43709052400663495,0.532174119958654,0.0950835959520191,1.4508427269756794
8,1,2,12,0.532174119958654,0.6244277389487252,0.09225361899007112,1.4508427269756794
8,1,2,13,0.6244277389487252,0.7192073200130835,0.09477958106435835,1.4508427269756794
8,1,2,14,0.7192073200130835,0.824718652991578,0.10551133297849447,1.4508427269756794
8,1,2,15,0.824718652991578,0.9418589000124484,0.11714024702087045,1.4508427269756794
8,1,2,16,0.9418589000124484,1.0626095079351217,0.12075060792267323,1.4508427269756794
8,1,2,17,1.0626095079351217,1.186494305031374,0.12388479709625244,1.4508427269756794
8,1,2,18,1.186494305031374,1.3180212129373103,0.13152690790593624,1.4508427269756794
8,1,2,19,1.3180212129373103,1.4498727649915963,0.131851552054286,1.4508427269756794
8,1,2,20,1.4498727649915963,1.4533256959402934,0.0034529309486970305,1.4508427269756794
8,1,3,9,-0.03402889403514564,0.062076490954495966,0.0961053849896416,1.4508427269756794
8,1,3,10,0.062076490954495966,0.15833481098525226,0.0962583200307563,1.4508427269756794
8,1,3,11,0.15833481098525226,0.2506287930300459,0.09229398204479367,1.4508427269756794
8,1,3,12,0.2506287930300459,0.34442681400105357,0.09379802097100765,1.4508427269756794
8,1,3,13,0.34442681400105357,0.4370237609837204,0.09259694698266685,1.4508427269756794
8,1,3,14,0.4370237609837204,0.5321079200366512,0.09508415905293077,1.4508427269756794
8,1,3,15,0.5321079200366512,0.6243812829488888,0.09227336291223764,1.4508427269756794
8,1,3,16,0.6243812829488888,0.7191577409394085,0.0947764579905197,1.4508427269756794
8,1,3,17,0.7191577409394085,0.8246708440128714,0.10551310307346284,1.4508427269756794
8,1,3,18,0.8246708440128714,0.9418103939387947,0.11713954992592335,1.4508427269756794
8,1,3,19,0.9418103939387947,1.0625577289611101,0.12074733502231538,1.4508427269756794
8,1,3,20,1.0625577289611101,1.1864438420161605,0.12388611305505037,1.4508427269756794
8,1,3,21,1.1864438420161605,1.3179702339693904,0.1315263919532299,1.4508427269756794
8,1,3,22,1.3179702339693904,1.449821391957812,0.13185115798842162,1.4508427269756794
8,1,3,23,1.449821391957812,1.4532805379712954,0.003459146013483405,1.4508427269756794
8,1,4,1,0.25052417803090066,0.3443151980172843,0.09379101998638362,1.4508427269756794
8,1,4,2,0.3443151980172843,0.4369666239945218,0.09265142597723752,1.4508427269756794
8,1,4,3,0.4369666239945218,0.5320520059904084,0.09508538199588656,1.4508427269756794
8,1,4,4,0.5320520059904084,0.624333168962039,0.09228116297163069,1.4508427269756794
8,1,4,5,0.624333168962039,0.7190934900427237,0.09476032108068466,1.4508427269756794
8,1,4,6,0.7190934900427237,0.8246174920350313,0.1055240019923076,1.4508427269756794
8,1,4,7,0.8246174920350313,0.9417610430391505,0.11714355100411922,1.4508427269756794
8,1,4,8,0.9417610430391505,1.0625043889740482,0.12074334593489766,1.4508427269756794
8,1,4,9,1.0625043889740482,1.1863911480177194,0.12388675904367119,1.4508427269756794
8,1,4,10,1.1863911480177194,1.317917302949354,0.13152615493163466,1.4508427269756794
8,1,4,11,1.317917302949354,1.4496426819823682,0.13172537903301418,1.4508427269756794
8,1,4,12,1.4496426819823682,1.4532347479835153,0.003592066001147032,1.4508427269756794
8,1,5,1,0.062456032959744334,0.1585267890477553,0.09607075608801097,1.4508427269756794
8,1,5,2,0.1585267890477553,0.25074036000296474,0.09221357095520943,1.4508427269756794
8,1,5,3,0.25074036000296474,0.3445387459360063,0.09379838593304157,1.4508427269756794
8,1,5,4,0.3445387459360063,0.43714880594052374,0.09261006000451744,1.4508427269756794
8,1,5,5,0.43714880594052374,0.5322238529333845,0.09507504699286073,1.4508427269756794
8,1,5,6,0.5322238529333845,0.6244720160029829,0.09224816306959838,1.4508427269756794
8,1,5,7,0.6244720160029829,0.7192591750063002,0.09478715900331736,1.4508427269756794
8,1,5,8,0.7192591750063002,0.8247820610413328,0.10552288603503257,1.4508427269756794
8,1,5,9,0.8247820610413328,0.9419198969844729,0.11713783594314009,1.4508427269756794
8,1,5,10,0.9419198969844729,1.0626605729339644,0.12074067594949156,1.4508427269756794
8,1,5,11,1.0626605729339644,1.1865438900422305,0.12388331710826606,1.4508427269756794
8,1,5,12,1.1865438900422305,1.318069931003265,0.1315260409610346,1.4508427269756794
8,1,5,13,1.318069931003265,1.4499181719729677,0.1318482409697026,1.4508427269756794
8,1,5,14,1.4499181719729677,1.4533700339961797,0.0034518620232120156,1.4508427269756794
8,1,6,1,0.6241812689695507,0.7189105750294402,0.0947293060598895,1.4508427269756794
8,1,6,2,0.7189105750294402,0.8244401239790022,0.10552954894956201,1.4508427269756794
8,1,6,3,0.8244401239790022,0.94159567495808,0.11715555097907782,1.4508427269756794
8,1,6,4,0.94159567495808,1.0623471359722316,0.12075146101415157,1.4508427269756794
8,1,6,5,1.0623471359722316,1.1861719849985093,0.12382484902627766,1.4508427269756794
8,1,6,6,1.1861719849985093,1.3177709040464833,0.13159891904797405,1.4508427269756794
8,1,6,7,1.3177709040464833,1.4495223460253328,0.13175144197884947,1.4508427269756794
8,1,6,8,1.4495223460253328,1.453073567012325,0.0035512209869921207,1.4508427269756794
8,1,7,1,0.43684652098454535,0.5319568780250847,0.09511035704053938,1.4508427269756794
8,1,7,2,0.5319568780250847,0.6242797890445217,0.09232291101943702,1.4508427269756794
8,1,7,3,0.6242797890445217,0.7190348110161722,0.09475502197165042,1.4508427269756794
8,1,7,4,0.7190348110161722,0.8245562580414116,0.10552144702523947,1.4508427269756794
8,1,7,5,0.8245562580414116,0.9417043089633808,0.11714805092196912,1.4508427269756794
8,1,7,6,0.9417043089633808,1.0624436850193888,0.12073937605600804,1.4508427269756794
8,1,7,7,1.0624436850193888,1.1863281360128894,0.12388445099350065,1.4508427269756794
8,1,7,8,1.1863281360128894,1.3178603859851137,0.13153224997222424,1.4508427269756794
8,1,7,9,1.3178603859851137,1.449590548989363,0.13173016300424933,1.4508427269756794
8,1,7,10,1.449590548989363,1.4531864599557593,0.003595910966396332,1.4508427269756794
8,2,0,9,-0.032889422960579395,0.061373400036245584,0.09426282299682498,1.451323427958414
8,2,0,10,0.061373400036245584,0.15621424198616296,0.09484084194991738,1.451323427958414
8,2,0,11,0.15621424198616296,0.24850898201111704,0.09229474002495408,1.451323427958414
8,2,0,12,0.24850898201111704,0.3433641539886594,0.09485517197754234,1.451323427958414
8,2,0,13,0.3433641539886594,0.4368307669647038,0.09346661297604442,1.451323427958414
8,2,0,14,0.4368307669647038,0.5319452589610592,0.09511449199635535,1.451323427958414
8,2,0,15,0.5319452589610592,0.6249001900432631,0.09295493108220398,1.451323427958414
8,2,0,16,0.6249001900432631,0.7204347749939188,0.0955345849506557,1.451323427958414
8,2,0,17,0.7204347749939188,0.8293606609804556,0.10892588598653674,1.451323427958414
8,2,0,18,0.8293606609804556,0.9451291719451547,0.11576851096469909,1.451323427958414
8,2,0,19,0.9451291719451547,1.063659864012152,0.11853069206699729,1.451323427958414
8,2,0,20,1.063659864012152,1.185038186958991,0.12137832294683903,1.451323427958414
8,2,0,21,1.185038186958991,1.3183883399469778,0.1333501529879868,1.451323427958414
8,2,0,22,1.3183883399469778,1.451533323037438,0.1331449830904603,1.451323427958414
8,2,1,2,-0.0328096819575876,0.061866585980169475,0.09467626793775707,1.451323427958414
8,2,1,3,0.061866585980169475,0.15652097202837467,0.0946543860482052,1.451323427958414
8,2,1,4,0.15652097202837467,0.2490640189498663,0.09254304692149162,1.451323427958414
8,2,1,5,0.2490640189498663,0.34372775501105934,0.09466373606119305,1.451323427958414
8,2,1,6,0.34372775501105934,0.43743644899223,0.09370869398117065,1.451323427958414
8,2,1,7,0.43743644899223,0.5323675039689988,0.09493105497676879,1.451323427958414
8,2,1,8,0.5323675039689988,0.6252354619791731,0.09286795801017433,1.451323427958414
8,2,1,9,0.6252354619791731,0.7207503030076623,0.09551484102848917,1.451323427958414
8,2,1,10,0.7207503030076623,0.8297175710322335,0.10896726802457124,1.451323427958414
8,2,1,11,0.8297175710322335,0.9454323180252686,0.11571474699303508,1.451323427958414
8,2,1,12,0.9454323180252686,1.0639925559516996,0.118560237926431,1.451323427958414
8,2,1,13,1.0639925559516996,1.1853473749943078,0.12135481904260814,1.451323427958414
8,2,1,14,1.1853473749943078,1.318684590049088,0.13333721505478024,1.451323427958414
8,2,1,15,1.318684590049088,1.4518219369929284,0.13313734694384038,1.451323427958414
8,2,2,4,-0.03305444703437388,0.06181398895569146,0.09486843599006534,1.451323427958414
8,2,2,5,0.06181398895569146,0.15646621503401548,0.09465222607832402,1.451323427958414
8,2,2,6,0.15646621503401548,0.2490133789833635,0.09254716394934803,1.451323427958414
8,2,2,7,0.2490133789833635,0.34367101604584605,0.09465763706248254,1.451323427958414
8,2,2,8,0.34367101604584605,0.43738434300757945,0.0937133269617334,1.451323427958414
8,2,2,9,0.43738434300757945,0.5323176269885153,0.09493328398093581,1.451323427958414
8,2,2,10,0.5323176269885153,0.6251842220081016,0.09286659501958638,1.451323427958414
8,2,2,11,0.6251842220081016,0.7207010169513524,0.09551679494325072,1.451323427958414
8,2,2,12,0.7207010169513524,0.8296642090426758,0.10896319209132344,1.451323427958414
8,2,2,13,0.8296642090426758,0.9453834530431777,0.11571924400050193,1.451323427958414
8,2,2,14,0.9453834530431777,1.0639303179923445,0.11854686494916677,1.451323427958414
8,2,2,15,1.0639303179923445,1.1853012499632314,0.12137093197088689,1.451323427958414
8,2,2,16,1.1853012499632314,1.318637597025372,0.1333363470621407,1.451323427958414
8,2,2,17,1.318637597025372,1.4517740480368957,0.1331364510115236,1.451323427958414
8,2,3,1,0.6247919199522585,0.7203337620012462,0.09554184204898775,1.451323427958414
8,2,3,2,0.7203337620012462,0.8292269159574062,0.10889315395615995,1.451323427958414
8,2,3,3,0.8292269159574062,0.9450351749546826,0.11580825899727643,1.451323427958414
8,2,3,4,0.9450351749546826,1.0635654410580173,0.11853026610333472,1.451323427958414
8,2,3,5,1.0635654410580173,1.1848735070088878,0.12130806595087051,1.451323427958414
8,2,3,6,1.1848735070088878,1.3182897940278053,0.1334162870189175,1.451323427958414
8,2,3,7,1.3182897940278053,1.4514754130505025,0.1331856190226972,1.451323427958414
8,2,4,6,-0.032951583969406784,0.06175873603206128,0.09471032000146806,1.451323427958414
8,2,4,7,0.06175873603206128,0.1563976960023865,0.09463895997032523,1.451323427958414
8,2,4,8,0.1563976960023865,0.24895937705878168,0.09256168105639517,1.451323427958414
8,2,4,9,0.24895937705878168,0.34362124605104327,0.09466186899226159,1.451323427958414
8,2,4,10,0.34362124605104327,0.4373323969775811,0.09371115092653781,1.451323427958414
8,2,4,11,0.4373323969775811,0.5322652759496123,0.09493287897203118,1.451323427958414
8,2,4,12,0.5322652759496123,0.6251336189452559,0.09286834299564362,1.451323427958414
8,2,4,13,0.6251336189452559,0.7206492000259459,0.09551558108069003,1.451323427958414
8,2,4,14,0.7206492000259459,0.8296103780157864,0.10896117798984051,1.451323427958414
8,2,4,15,0.8296103780157864,0.9453342199558392,0.11572384194005281,1.451323427958414
8,2,4,16,0.9453342199558392,1.0638777510030195,0.1185435310471803,1.451323427958414
8,2,4,17,1.0638777510030195,1.1852536180522293,0.12137586704920977,1.451323427958414
8,2,4,18,1.1852536180522293,1.3185900290263817,0.1333364109741524,1.451323427958414
8,2,4,19,1.3185900290263817,1.4517271319637075,0.13313710293732584,1.451323427958414
8,2,5,1,0.06168503104709089,0.15633546898607165,0.09465043793898076,1.451323427958414
8,2,5,2,0.15633546898607165,0.24889281403739005,0.09255734505131841,1.451323427958414
8,2,5,3,0.24889281403739005,0.343569363001734,0.09467654896434397,1.451323427958414
8,2,5,4,0.343569363001734,0.43701264297124,0.09344327996950597,1.451323427958414
8,2,5,5,0.43701264297124,0.5321199439931661,0.0951073010219261,1.451323427958414
8,2,5,6,0.5321199439931661,0.6250318080419675,0.09291186404880136,1.451323427958414
8,2,5,7,0.6250318080419675,0.7205482179997489,0.09551640995778143,1.451323427958414
8,2,5,8,0.7205482179997489,0.8294814310502261,0.1089332130504772,1.451323427958414
8,2,5,9,0.8294814310502261,0.9452363169984892,0.11575488594826311,1.451323427958414
8,2,5,10,0.9452363169984892,1.0637733420589939,0.11853702506050467,1.451323427958414
8,2,5,11,1.0637733420589939,1.185145808965899,0.12137246690690517,1.451323427958414
8,2,5,12,1.185145808965899,1.3184960349462926,0.1333502259803936,1.451323427958414
8,2,5,13,1.3184960349462926,1.4516297270311043,0.13313369208481163,1.451323427958414
8,2,6,1,0.2488162349909544,0.34350235702004284,0.09468612202908844,1.451323427958414
8,2,6,2,0.34350235702004284,0.4369245650013909,0.09342220798134804,1.451323427958414
8,2,6,3,0.4369245650013909,0.5320596649544314,0.09513509995304048,1.451323427958414
8,2,6,4,0.5320596649544314,0.6249735089950264,0.092913844040595,1.451323427958414
8,2,6,5,0.6249735089950264,0.7204949610168114,0.09552145202178508,1.451323427958414
8,2,6,6,0.7204949610168114,0.8294250719482079,0.10893011093139648,1.451323427958414
8,2,6,7,0.8294250719482079,0.9451841689879075,0.11575909703969955,1.451323427958414
8,2,6,8,0.9451841689879075,1.0637208820553496,0.11853671306744218,1.451323427958414
8,2,6,9,1.0637208820553496,1.1850968230282888,0.12137594097293913,1.451323427958414
8,2,6,10,1.1850968230282888,1.3184462370118126,0.13334941398352385,1.451323427958414
8,2,6,11,1.3184462370118126,1.4515823749825358,0.1331361379707232,1.451323427958414
8,2,7,1,0.43727155996020883,0.5321944539900869,0.09492289402987808,1.451323427958414
8,2,7,2,0.5321944539900869,0.6250834780512378,0.09288902406115085,1.451323427958414
8,2,7,3,0.6250834780512378,0.7205999019788578,0.09551642392762005,1.451323427958414
8,2,7,4,0.7205999019788578,0.8295561099657789,0.10895620798692107,1.451323427958414
8,2,7,5,0.8295561099657789,0.945285841007717,0.11572973104193807,1.451323427958414
8,2,7,6,0.945285841007717,1.0638266779715195,0.11854083696380258,1.451323427958414
8,2,7,7,1.0638266779715195,1.1852073980262503,0.12138072005473077,1.451323427958414
8,2,7,8,1.1852073980262503,1.3185424150433391,0.13333501701708883,1.451323427958414
8,2,7,9,1.3185424150433391,1.4516790449852124,0.13313662994187325,1.451323427958414
8,3,0,1,0.250327939982526,0.3484117609914392,0.09808382100891322,1.4709429339272901
8,3,0,2,0.3484117609914392,0.4429869899759069,0.09457522898446769,1.4709429339272901
8,3,0,3,0.4429869899759069,0.5396482119103894,0.09666122193448246,1.4709429339272901
8,3,0,4,0.5396482119103894,0.6360002009896562,0.09635198907926679,1.4709429339272901
8,3,0,5,0.6360002009896562,0.7340803539846092,0.0980801529949531,1.4709429339272901
8,3,0,6,0.7340803539846092,0.8449627559166402,0.11088240193203092,1.4709429339272901
8,3,0,7,0.8449627559166402,0.9624110059812665,0.11744825006462634,1.4709429339272901
8,3,0,8,0.9624110059812665,1.08269336191006,0.12028235592879355,1.4709429339272901
8,3,0,9,1.08269336191006,1.2085171879734844,0.12582382606342435,1.4709429339272901
8,3,0,10,1.2085171879734844,1.3382893740199506,0.12977218604646623,1.4709429339272901
8,3,0,11,1.3382893740199506,1.4713749819202349,0.13308560790028423,1.4709429339272901
8,3,1,6,-0.03571713506244123,0.05874396092258394,0.09446109598502517,1.4709429339272901
8,3,1,7,0.05874396092258394,0.15437716897577047,0.09563320805318654,1.4709429339272901
8,3,1,8,0.15437716897577047,0.2500548509415239,0.09567768196575344,1.4709429339272901
8,3,1,9,0.2500548509415239,0.3483365209540352,0.09828167001251131,1.4709429339272901
8,3,1,10,0.3483365209540352,0.44293341191951185,0.09459689096547663,1.4709429339272901
8,3,1,11,0.44293341191951185,0.5395927759818733,0.09665936406236142,1.4709429339272901
8,3,1,12,0.5395927759818733,0.6359493519412354,0.09635657595936209,1.4709429339272901
8,3,1,13,0.6359493519412354,0.7340318019269034,0.09808244998566806,1.4709429339272901
8,3,1,14,0.7340318019269034,0.8448982019908726,0.1108664000639692,1.4709429339272901
8,3,1,15,0.8448982019908726,0.9623629109701142,0.11746470897924155,1.4709429339272901
8,3,1,16,0.9623629109701142,1.08264059596695,0.12027768499683589,1.4709429339272901
8,3,1,17,1.08264059596695,1.208460911992006,0.12582031602505594,1.4709429339272901
8,3,1,18,1.208460911992006,1.338242276920937,0.129781364928931,1.4709429339272901
8,3,1,19,1.338242276920937,1.4713242849102244,0.13308200798928738,1.4709429339272901
8,3,2,1,0.6356303879292682,0.7337376259965822,0.09810723806731403,1.4709429339272901
8,3,2,2,0.7337376259965822,0.8445998929673806,0.11086226697079837,1.4709429339272901
8,3,2,3,0.8445998929673806,0.9621166889555752,0.11751679598819464,1.4709429339272901
8,3,2,4,0.9621166889555752,1.0823705439688638,0.12025385501328856,1.4709429339272901
8,3,2,5,1.0823705439688638,1.2081630879547447,0.1257925439858809,1.4709429339272901
8,3,2,6,1.2081630879547447,1.3380144289694726,0.12985134101472795,1.4709429339272901
8,3,2,7,1.3380144289694726,1.4711033150088042,0.13308888603933156,1.4709429339272901
8,3,3,9,-0.03587610402610153,0.05868523591198027,0.0945613399380818,1.4709429339272901
8,3,3,10,0.05868523591198027,0.15430736995767802,0.09562213404569775,1.4709429339272901
8,3,3,11,0.15430736995767802,0.24999566900078207,0.09568829904310405,1.4709429339272901
8,3,3,12,0.24999566900078207,0.3482753479620442,0.0982796789612621,1.4709429339272901
8,3,3,13,0.3482753479620442,0.44288121501449496,0.09460586705245078,1.4709429339272901
8,3,3,14,0.44288121501449496,0.5395411369390786,0.09665992192458361,1.4709429339272901
8,3,3,15,0.5395411369390786,0.6358967879787087,0.09635565103963017,1.4709429339272901
8,3,3,16,0.6358967879787087,0.7339672209927812,0.09807043301407248,1.4709429339272901
8,3,3,17,0.7339672209927812,0.8448495959164575,0.11088237492367625,1.4709429339272901
8,3,3,18,0.8448495959164575,0.9623141440097243,0.11746454809326679,1.4709429339272901
8,3,3,19,0.9623141440097243,1.082587015000172,0.1202728709904477,1.4709429339272901
8,3,3,20,1.082587015000172,1.2083912009838969,0.1258041859837249,1.4709429339272901
8,3,3,21,1.2083912009838969,1.3381970979971811,0.12980589701328427,1.4709429339272901
8,3,3,22,1.3381970979971811,1.4712739529786631,0.13307685498148203,1.4709429339272901
8,3,4,4,-0.035779139026999474,0.05909072991926223,0.0948698689462617,1.4709429339272901
8,3,4,5,0.05909072991926223,0.1545224809087813,0.09543175098951906,1.4709429339272901
8,3,4,6,0.1545224809087813,0.25046239991206676,0.09593991900328547,1.4709429339272901
8,3,4,7,0.25046239991206676,0.3485285049537197,0.09806610504165292,1.4709429339272901
8,3,4,8,0.3485285049537197,0.4430862439330667,0.09455773897934705,1.4709429339272901
8,3,4,9,0.4430862439330667,0.5397592959925532,0.09667305205948651,1.4709429339272901
8,3,4,10,0.5397592959925532,0.6360984009224921,0.09633910492993891,1.4709429339272901
8,3,4,11,0.6360984009224921,0.7341742649441585,0.09807586402166635,1.4709429339272901
8,3,4,12,0.7341742649441585,0.8450567109975964,0.11088244605343789,1.4709429339272901
8,3,4,13,0.8450567109975964,0.962506630923599,0.11744991992600262,1.4709429339272901
8,3,4,14,0.962506630923599,1.0828102179802954,0.12030358705669641,1.4709429339272901
8,3,4,15,1.0828102179802954,1.2086198129691184,0.12580959498882294,1.4709429339272901
8,3,4,16,1.2086198129691184,1.3383797649294138,0.12975995196029544,1.4709429339272901
8,3,4,17,1.3383797649294138,1.4714757199399173,0.13309595501050353,1.4709429339272901
8,3,5,1,0.059022222994826734,0.15445768099743873,0.095435458002612,1.4709429339272901
8,3,5,2,0.15445768099743873,0.25040789996273816,0.09595021896529943,1.4709429339272901
8,3,5,3,0.25040789996273816,0.34846787492278963,0.09805997496005148,1.4709429339272901
8,3,5,4,0.34846787492278963,0.44303654495161027,0.09456867002882063,1.4709429339272901
8,3,5,5,0.44303654495161027,0.5397089929319918,0.09667244798038155,1.4709429339272901
8,3,5,6,0.5397089929319918,0.6360493769170716,0.09634038398507982,1.4709429339272901
8,3,5,7,0.6360493769170716,0.7341261699330062,0.09807679301593453,1.4709429339272901
8,3,5,8,0.7341261699330062,0.8450097169261426,0.1108835469931364,1.4709429339272901
8,3,5,9,0.8450097169261426,0.9624595629284158,0.11744984600227326,1.4709429339272901
8,3,5,10,0.9624595629284158,1.082745352992788,0.12028579006437212,1.4709429339272901
8,3,5,11,1.082745352992788,1.2085683660116047,0.1258230130188167,1.4709429339272901
8,3,5,12,1.2085683660116047,1.3383347989292815,0.12976643291767687,1.4709429339272901
8,3,5,13,1.3383347989292815,1.4714267019880936,0.13309190305881202,1.4709429339272901
8,3,6,2,-0.03564078907947987,0.0585894639370963,0.09423025301657617,1.4709429339272901
8,3,6,3,0.0585894639370963,0.15420251595787704,0.09561305202078074,1.4709429339272901
8,3,6,4,0.15420251595787704,0.24987485294695944,0.0956723369890824,1.4709429339272901
8,3,6,5,0.24987485294695944,0.3481609949376434,0.09828614199068397,1.4709429339272901
8,3,6,6,0.3481609949376434,0.44282154901884496,0.09466055408120155,1.4709429339272901
8,3,6,7,0.44282154901884496,0.539482292952016,0.09666074393317103,1.4709429339272901
8,3,6,8,0.539482292952016,0.6358227009186521,0.09634040796663612,1.4709429339272901
8,3,6,9,0.6358227009186521,0.7339159769471735,0.09809327602852136,1.4709429339272901
8,3,6,10,0.7339159769471735,0.8447945939842612,0.11087861703708768,1.4709429339272901
8,3,6,11,0.8447945939842612,0.9622650479432195,0.11747045395895839,1.4709429339272901
8,3,6,12,0.9622650479432195,1.0825319199357182,0.12026687199249864,1.4709429339272901
8,3,6,13,1.0825319199357182,1.2083366219885647,0.12580470205284655,1.4709429339272901
8,3,6,14,1.2083366219885647,1.3381503039272502,0.12981368193868548,1.4709429339272901
8,3,6,15,1.3381503039272502,1.471221506013535,0.13307120208628476,1.4709429339272901
8,3,7,1,0.44270802196115255,0.5393681100104004,0.09666008804924786,1.4709429339272901
8,3,7,2,0.5393681100104004,0.6357550589600578,0.09638694894965738,1.4709429339272901
8,3,7,3,0.6357550589600578,0.7338587809354067,0.09810372197534889,1.4709429339272901
8,3,7,4,0.7338587809354067,0.8447091520065442,0.11085037107113749,1.4709429339272901
8,3,7,5,0.8447091520065442,0.9622084619477391,0.11749930994119495,1.4709429339272901
8,3,7,6,0.9622084619477391,1.0824708639411256,0.12026240199338645,1.4709429339272901
8,3,7,7,1.0824708639411256,1.208275815937668,0.1258049519965425,1.4709429339272901
8,3,7,8,1.208275815937668,1.338097920990549,0.12982210505288094,1.4709429339272901
8,3,7,9,1.338097920990549,1.4711656590225175,0.13306773803196847,1.4709429339272901
8,4,0,9,-0.03489208593964577,0.059646283043548465,0.09453836898319423,1.4587317850673571
8,4,0,10,0.059646283043548465,0.15551071101799607,0.09586442797444761,1.4587317850673571
8,4,0,11,0.15551071101799607,0.24885548104066402,0.09334477002266794,1.4587317850673571
8,4,0,12,0.24885548104066402,0.3430913680931553,0.09423588705249131,1.4587317850673571
8,4,0,13,0.3430913680931553,0.4362339440267533,0.09314257593359798,1.4587317850673571
8,4,0,14,0.4362339440267533,0.5308028080035001,0.0945688639767468,1.4587317850673571
8,4,0,15,0.5308028080035001,0.623438693000935,0.09263588499743491,1.4587317850673571
8,4,0,16,0.623438693000935,0.7225264110602438,0.09908771805930883,1.4587317850673571
8,4,0,17,0.7225264110602438,0.8348289330024272,0.11230252194218338,1.4587317850673571
8,4,0,18,0.8348289330024272,0.9533614100655541,0.11853247706312686,1.4587317850673571
8,4,0,19,0.9533614100655541,1.076106270076707,0.12274486001115292,1.4587317850673571
8,4,0,20,1.076106270076707,1.2003192011034116,0.12421293102670461,1.4587317850673571
8,4,0,21,1.2003192011034116,1.328531577019021,0.1282123759156093,1.4587317850673571
8,4,0,22,1.328531577019021,1.4591048751026392,0.13057329808361828,1.4587317850673571
8,4,1,6,-0.035137724946253,0.059713602997362614,0.09485132794361562,1.4587317850673571
8,4,1,7,0.059713602997362614,0.15556890005245805,0.09585529705509543,1.4587317850673571
8,4,1,8,0.15556890005245805,0.24890722706913948,0.09333832701668143,1.4587317850673571
8,4,1,9,0.24890722706913948,0.34314361307770014,0.09423638600856066,1.4587317850673571
8,4,1,10,0.34314361307770014,0.43628195906057954,0.0931383459828794,1.4587317850673571
8,4,1,11,0.43628195906057954,0.5308531851042062,0.09457122604362667,1.4587317850673571
8,4,1,12,0.5308531851042062,0.6234858590178192,0.09263267391361296,1.4587317850673571
8,4,1,13,0.6234858590178192,0.7225827320944518,0.09909687307663262,1.4587317850673571
8,4,1,14,0.7225827320944518,0.8348793090553954,0.11229657696094364,1.4587317850673571
8,4,1,15,0.8348793090553954,0.9534098360454664,0.11853052699007094,1.4587317850673571
8,4,1,16,0.9534098360454664,1.076154807000421,0.12274497095495462,1.4587317850673571
8,4,1,17,1.076154807000421,1.2003668760880828,0.1242120690876618,1.4587317850673571
8,4,1,18,1.2003668760880828,1.3285816150018945,0.12821473891381174,1.4587317850673571
8,4,1,19,1.3285816150018945,1.4591482430696487,0.1305666280677542,1.4587317850673571
8,4,2,4,-0.034946094965562224,0.05924258008599281,0.09418867505155504,1.4587317850673571
8,4,2,5,0.05924258008599281,0.15530207101255655,0.09605949092656374,1.4587317850673571
8,4,2,6,0.15530207101255655,0.24838154506869614,0.09307947405613959,1.4587317850673571
8,4,2,7,0.24838154506869614,0.34284834703430533,0.09446680196560919,1.4587317850673571
8,4,2,8,0.34284834703430533,0.43572921701706946,0.09288086998276412,1.4587317850673571
8,4,2,9,0.43572921701706946,0.5305061410181224,0.09477692400105298,1.4587317850673571
8,4,2,10,0.5305061410181224,0.6232195181073621,0.09271337708923966,1.4587317850673571
8,4,2,11,0.6232195181073621,0.7222570379963145,0.09903751988895237,1.4587317850673571
8,4,2,12,0.7222570379963145,0.8346069920808077,0.11234995408449322,1.4587317850673571
8,4,2,13,0.8346069920808077,0.9531426420435309,0.11853564996272326,1.4587317850673571
8,4,2,14,0.9531426420435309,1.0758903890382499,0.12274774699471891,1.4587317850673571
8,4,2,15,1.0758903890382499,1.200115321087651,0.1242249320494011,1.4587317850673571
8,4,2,16,1.200115321087651,1.3283080720575526,0.12819275096990168,1.4587317850673571
8,4,2,17,1.3283080720575526,1.4588782140053809,0.13057014194782823,1.4587317850673571
8,4,3,2,-0.035017712973058224,0.05976526299491525,0.09478297596797347,1.4587317850673571
8,4,3,3,0.05976526299491525,0.15563031507190317,0.09586505207698792,1.4587317850673571
8,4,3,4,0.15563031507190317,0.24895877402741462,0.09332845895551145,1.4587317850673571
8,4,3,5,0.24895877402741462,0.34319272404536605,0.09423395001795143,1.4587317850673571
8,4,3,6,0.34319272404536605,0.4363274050410837,0.09313468099571764,1.4587317850673571
8,4,3,7,0.4363274050410837,0.5309024890884757,0.09457508404739201,1.4587317850673571
8,4,3,8,0.5309024890884757,0.6235312690259889,0.09262877993751317,1.4587317850673571
8,4,3,9,0.6235312690259889,0.7226434360491112,0.09911216702312231,1.4587317850673571
8,4,3,10,0.7226434360491112,0.8349284450523555,0.11228500900324434,1.4587317850673571
8,4,3,11,0.8349284450523555,0.9534612681018189,0.11853282304946333,1.4587317850673571
8,4,3,12,0.9534612681018189,1.0762038580141962,0.1227425899123773,1.4587317850673571
8,4,3,13,1.0762038580141962,1.2004128471016884,0.12420898908749223,1.4587317850673571
8,4,3,14,1.2004128471016884,1.328645840054378,0.12823299295268953,1.4587317850673571
8,4,3,15,1.328645840054378,1.459190865047276,0.1305450249928981,1.4587317850673571
8,4,4,1,0.24872118909843266,0.34297480701934546,0.0942536179209128,1.4587317850673571
8,4,4,2,0.34297480701934546,0.4358330010436475,0.09285819402430207,1.4587317850673571
8,4,4,3,0.4358330010436475,0.530608500004746,0.09477549896109849,1.4587317850673571
8,4,4,4,0.530608500004746,0.6232793750241399,0.09267087501939386,1.4587317850673571
8,4,4,5,0.6232793750241399,0.7223514690995216,0.09907209407538176,1.4587317850673571
8,4,4,6,0.7223514690995216,0.8346723610302433,0.1123208919307217,1.4587317850673571
8,4,4,7,0.8346723610302433,0.9532045450760052,0.11853218404576182,1.4587317850673571
8,4,4,8,0.9532045450760052,1.0759486340684816,0.12274408899247646,1.4587317850673571
8,4,4,9,1.0759486340684816,1.2001710600452498,0.12422242597676814,1.4587317850673571
8,4,4,10,1.2001710600452498,1.3283725860528648,0.12820152600761503,1.4587317850673571
8,4,4,11,1.3283725860528648,1.458965932019055,0.1305933459661901,1.4587317850673571
8,4,5,1,0.6230974040227011,0.7221315409988165,0.0990341369761154,1.4587317850673571
8,4,5,2,0.7221315409988165,0.8345058980630711,0.11237435706425458,1.4587317850673571
8,4,5,3,0.8345058980630711,0.9530396070331335,0.11853370897006243,1.4587317850673571
8,4,5,4,0.9530396070331335,1.0757990221027285,0.12275941506959498,1.4587317850673571
8,4,5,5,1.0757990221027285,1.2000303950626403,0.12423137295991182,1.4587317850673571
8,4,5,6,1.2000303950626403,1.3282092500012368,0.1281788549385965,1.4587317850673571
8,4,5,7,1.3282092500012368,1.4588261330500245,0.1306168830487877,1.4587317850673571
8,4,6,1,0.059565505012869835,0.15543902409262955,0.09587351907975972,1.4587317850673571
8,4,6,2,0.15543902409262955,0.24880055407993495,0.0933615299873054,1.4587317850673571
8,4,6,3,0.24880055407993495,0.34303758607711643,0.09423703199718148,1.4587317850673571
8,4,6,4,0.34303758607711643,0.43589779105968773,0.0928602049825713,1.4587317850673571
8,4,6,5,0.43589779105968773,0.5306737140053883,0.09477592294570059,1.4587317850673571
8,4,6,6,0.5306737140053883,0.6233294510748237,0.09265573706943542,1.4587317850673571
8,4,6,7,0.6233294510748237,0.7224126571090892,0.09908320603426546,1.4587317850673571
8,4,6,8,0.7224126571090892,0.8347270260564983,0.1123143689474091,1.4587317850673571
8,4,6,9,0.8347270260564983,0.9532583930995315,0.11853136704303324,1.4587317850673571
8,4,6,10,0.9532583930995315,1.0760017780121416,0.12274338491261005,1.4587317850673571
8,4,6,11,1.0760017780121416,1.20022223808337,0.12422046007122844,1.4587317850673571
8,4,6,12,1.20022223808337,1.3284274040488526,0.1282051659654826,1.4587317850673571
8,4,6,13,1.3284274040488526,1.4590146930422634,0.13058728899341077,1.4587317850673571
8,4,7,1,0.43616846308577806,0.5307479680050164,0.09457950491923839,1.4587317850673571
8,4,7,2,0.5307479680050164,0.6233776250155643,0.09262965701054782,1.4587317850673571
8,4,7,3,0.6233776250155643,0.722468494088389,0.09909086907282472,1.4587317850673571
8,4,7,4,0.722468494088389,0.8347777820890769,0.11230928800068796,1.4587317850673571
8,4,7,5,0.8347777820890769,0.9533093560021371,0.11853157391306013,1.4587317850673571
8,4,7,6,0.9533093560021371,1.0760554210282862,0.12274606502614915,1.4587317850673571
8,4,7,7,1.0760554210282862,1.2002710620872676,0.12421564105898142,1.4587317850673571
8,4,7,8,1.2002710620872676,1.3284787160810083,0.12820765399374068,1.4587317850673571
8,4,7,9,1.3284787160810083,1.4590591160813347,0.13058040000032634,1.4587317850673571
16,0,0,9,-0.011867159977555275,0.08428413397632539,0.09615129395388067,3.108631232054904
16,0,0,10,0.08428413397632539,0.18368102505337447,0.09939689107704908,3.108631232054904
16,0,0,11,0.18368102505337447,0.3284611919661984,0.14478016691282392,3.108631232054904
16,0,0,12,0.3284611919661984,0.3768780630780384,0.04841687111184001,3.108631232054904
16,0,0,13,0.3768780630780384,0.47128049202729017,0.09440242894925177,3.108631232054904
16,0,0,14,0.47128049202729017,0.5678523030364886,0.09657181100919843,3.108631232054904
16,0,0,15,0.5678523030364886,0.6620826490689069,0.09423034603241831,3.108631232054904
16,0,0,16,0.6620826490689069,0.7607464040629566,0.09866375499404967,3.108631232054904
16,0,0,17,0.7607464040629566,0.8608063040301204,0.1000598999671638,3.108631232054904
16,0,0,18,0.8608063040301204,0.96385973400902,0.10305342997889966,3.108631232054904
16,0,0,19,0.96385973400902,1.064163043978624,0.10030330996960402,3.108631232054904
16,0,0,20,1.064163043978624,1.1648106310749426,0.1006475870963186,3.108631232054904
16,0,0,21,1.1648106310749426,1.2622101040324196,0.09739947295747697,3.108631232054904
16,0,0,22,1.2622101040324196,1.3595038270577788,0.09729372302535921,3.108631232054904
16,0,0,23,1.3595038270577788,1.4560051540611312,0.09650132700335234,3.108631232054904
16,0,0,24,1.4560051540611312,1.5526730159763247,0.0966678619151935,3.108631232054904
16,0,0,25,1.5526730159763247,1.6499910260317847,0.09731801005546004,3.108631232054904
16,0,0,26,1.6499910260317847,1.7495925510302186,0.09960152499843389,3.108631232054904
16,0,0,27,1.7495925510302186,1.8500402610516176,0.10044771002139896,3.108631232054904
16,0,0,28,1.8500402610516176,1.95257494202815,0.1025346809765324,3.108631232054904
16,0,0,29,1.95257494202815,2.0541676990687847,0.10159275704063475,3.108631232054904
16,0,0,30,2.0541676990687847,2.154844669974409,0.10067697090562433,3.108631232054904
16,0,0,31,2.154844669974409,2.254444331047125,0.09959966107271612,3.108631232054904
16,0,0,32,2.254444331047125,2.3542624610709026,0.09981813002377748,3.108631232054904
16,0,0,33,2.3542624610709026,2.4602716920198873,0.10600923094898462,3.108631232054904
16,0,0,34,2.4602716920198873,2.5733037020545453,0.11303201003465801,3.108631232054904
16,0,0,35,2.5733037020545453,2.6941074850037694,0.12080378294922411,3.108631232054904
16,0,0,36,2.6941074850037694,2.822281743050553,0.1281742580467835,3.108631232054904
16,0,0,37,2.822281743050553,2.9747118920786306,0.15243014902807772,3.108631232054904
16,0,0,38,2.9747118920786306,3.1093878260580823,0.13467593397945166,3.108631232054904
16,0,1,1,1.8498114040121436,1.9523376050638035,0.10252620105165988,3.108631232054904
16,0,1,2,1.9523376050638035,2.053702214965597,0.1013646099017933,3.108631232054904
16,0,1,3,2.053702214965597,2.154577987967059,0.10087577300146222,3.108631232054904
16,0,1,4,2.154577987967059,2.2541903890669346,0.09961240109987557,3.108631232054904
16,0,1,5,2.2541903890669346,2.3540055620251223,0.09981517295818776,3.108631232054904
16,0,1,6,2.3540055620251223,2.4600217380793765,0.10601617605425417,3.108631232054904
16,0,1,7,2.4600217380793765,2.5730501930229366,0.11302845494356006,3.108631232054904
16,0,1,8,2.5730501930229366,2.6937808339716867,0.12073064094875008,3.108631232054904
16,0,1,9,2.6937808339716867,2.82198145496659,0.12820062099490315,3.108631232054904
16,0,1,10,2.82198145496659,2.974284564028494,0.15230310906190425,3.108631232054904
16,0,1,11,2.974284564028494,3.1089513080660254,0.13466674403753132,3.108631232054904
16,0,2,6,-0.011818069033324718,0.08404724497813731,0.09586531401146203,3.108631232054904
16,0,2,7,0.08404724497813731,0.18344468506984413,0.09939744009170681,3.108631232054904
16,0,2,8,0.18344468506984413,0.32406339596491307,0.14061871089506894,3.108631232054904
16,0,2,9,0.32406339596491307,0.3765205229865387,0.05245712702162564,3.108631232054904
16,0,2,10,0.3765205229865387,0.47106908599380404,0.09454856300726533,3.108631232054904
16,0,2,11,0.47106908599380404,0.567651177989319,0.09658209199551493,3.108631232054904
16,0,2,12,0.567651177989319,0.6616112299961969,0.09396005200687796,3.108631232054904
16,0,2,13,0.6616112299961969,0.7604739039670676,0.09886267397087067,3.108631232054904
16,0,2,14,0.7604739039670676,0.8602627749787644,0.09978887101169676,3.108631232054904
16,0,2,15,0.8602627749787644,0.9635306900599971,0.10326791508123279,3.108631232054904
16,0,2,16,0.9635306900599971,1.0638936390168965,0.10036294895689934,3.108631232054904
16,0,2,17,1.0638936390168965,1.1644610380753875,0.10056739905849099,3.108631232054904
16,0,2,18,1.1644610380753875,1.2618519649840891,0.09739092690870166,3.108631232054904
16,0,2,19,1.2618519649840891,1.359149927040562,0.0972979620564729,3.108631232054904
16,0,2,20,1.359149927040562,1.4554541420657188,0.09630421502515674,3.108631232054904
16,0,2,21,1.4554541420657188,1.552269826992415,0.09681568492669612,3.108631232054904
16,0,2,22,1.552269826992415,1.6493719599675387,0.09710213297512382,3.108631232054904
16,0,2,23,1.6493719599675387,1.7491531029809266,0.09978114301338792,3.108631232054904
16,0,2,24,1.7491531029809266,1.849405262968503,0.1002521599875763,3.108631232054904
16,0,2,25,1.849405262968503,1.9521207570796832,0.1027154941111803,3.108631232054904
16,0,2,26,1.9521207570796832,2.053450690000318,0.10132993292063475,3.108631232054904
16,0,2,27,2.053450690000318,2.1543463070411235,0.10089561704080552,3.108631232054904
16,0,2,28,2.1543463070411235,2.2537511290283874,0.09940482198726386,3.108631232054904
16,0,2,29,2.2537511290283874,2.3537234209943563,0.0999722919659689,3.108631232054904
16,0,2,30,2.3537234209943563,2.459757214062847,0.10603379306849092,3.108631232054904
16,0,2,31,2.459757214062847,2.5727569370064884,0.11299972294364125,3.108631232054904
16,0,2,32,2.5727569370064884,2.6935405590338632,0.1207836220273748,3.108631232054904
16,0,2,33,2.6935405590338632,2.8217338700778782,0.128193311044015,3.108631232054904
16,0,2,34,2.8217338700778782,2.9729618850396946,0.15122801496181637,3.108631232054904
16,0,2,35,2.9729618850396946,3.1075513149844483,0.13458942994475365,3.108631232054904
16,0,2,36,3.1075513149844483,3.1103388710180297,0.0027875560335814953,3.108631232054904
16,0,3,4,-0.011924378923140466,0.08421625301707536,0.09614063194021583,3.108631232054904
16,0,3,5,0.08421625301707536,0.1836249449988827,0.09940869198180735,3.108631232054904
16,0,3,6,0.1836249449988827,0.328029477968812,0.14440453296992928,3.108631232054904
16,0,3,7,0.328029477968812,0.3768237680196762,0.04879429005086422,3.108631232054904
16,0,3,8,0.3768237680196762,0.4712339540710673,0.09441018605139107,3.108631232054904
16,0,3,9,0.4712339540710673,0.5678049239795655,0.09657096990849823,3.108631232054904
16,0,3,10,0.5678049239795655,0.6620383959962055,0.09423347201664001,3.108631232054904
16,0,3,11,0.6620383959962055,0.7606991779757664,0.09866078197956085,3.108631232054904
16,0,3,12,0.7606991779757664,0.8607581020332873,0.10005892405752093,3.108631232054904
16,0,3,13,0.8607581020332873,0.9637869850266725,0.1030288829933852,3.108631232054904
16,0,3,14,0.9637869850266725,1.0641196659998968,0.10033268097322434,3.108631232054904
16,0,3,15,1.0641196659998968,1.1647643389878795,0.10064467298798263,3.108631232054904
16,0,3,16,1.1647643389878795,1.2621543729910627,0.09739003400318325,3.108631232054904
16,0,3,17,1.2621543729910627,1.359409281052649,0.09725490806158632,3.108631232054904
16,0,3,18,1.359409281052649,1.455957364058122,0.09654808300547302,3.108631232054904
16,0,3,19,1.455957364058122,1.5526213760022074,0.09666401194408536,3.108631232054904
16,0,3,20,1.5526213760022074,1.6499463070649654,0.09732493106275797,3.108631232054904
16,0,3,21,1.6499463070649654,1.7495464270468801,0.09960011998191476,3.108631232054904
16,0,3,22,1.7495464270468801,1.849997124983929,0.10045069793704897,3.108631232054904
16,0,3,23,1.849997124983929,1.9525289320154116,0.10253180703148246,3.108631232054904
16,0,3,24,1.9525289320154116,2.054125936003402,0.10159700398799032,3.108631232054904
16,0,3,25,2.054125936003402,2.1548034580191597,0.10067752201575786,3.108631232054904
16,0,3,26,2.1548034580191597,2.254403294995427,0.0995998369762674,3.108631232054904
16,0,3,27,2.254403294995427,2.354219686007127,0.09981639101170003,3.108631232054904
16,0,3,28,2.354219686007127,2.4602307110326365,0.1060110250255093,3.108631232054904
16,0,3,29,2.4602307110326365,2.573259446071461,0.11302873503882438,3.108631232054904
16,0,3,30,2.573259446071461,2.6940601180540398,0.12080067198257893,3.108631232054904
16,0,3,31,2.6940601180540398,2.8222338859923184,0.12817376793827862,3.108631232054904
16,0,3,32,2.8222338859923184,2.974645463982597,0.1524115779902786,3.108631232054904
16,0,3,33,2.974645463982597,3.109341031056829,0.1346955670742318,3.108631232054904
16,0,4,1,0.08454459207132459,0.18376626004464924,0.09922166797332466,3.108631232054904
16,0,4,2,0.18376626004464924,0.32886443904135376,0.14509817899670452,3.108631232054904
16,0,4,3,0.32886443904135376,0.37692802702076733,0.04806358797941357,3.108631232054904
16,0,4,4,0.37692802702076733,0.47133815998677164,0.09441013296600431,3.108631232054904
16,0,4,5,0.47133815998677164,0.5678994359914213,0.0965612760046497,3.108631232054904
16,0,4,6,0.5678994359914213,0.6621270020259544,0.09422756603453308,3.108631232054904
16,0,4,7,0.6621270020259544,0.7607927770586684,0.09866577503271401,3.108631232054904
16,0,4,8,0.7607927770586684,0.8608565310714766,0.1000637540128082,3.108631232054904
16,0,4,9,0.8608565310714766,0.963904281030409,0.1030477499589324,3.108631232054904
16,0,4,10,0.963904281030409,1.0642194730462506,0.1003151920158416,3.108631232054904
16,0,4,11,1.0642194730462506,1.1648557760054246,0.10063630295917392,3.108631232054904
16,0,4,12,1.1648557760054246,1.2622653900180012,0.09740961401257664,3.108631232054904
16,0,4,13,1.2622653900180012,1.3595538780791685,0.0972884880611673,3.108631232054904
16,0,4,14,1.3595538780791685,1.4560514560434967,0.09649757796432823,3.108631232054904
16,0,4,15,1.4560514560434967,1.5527251049643382,0.09667364892084152,3.108631232054904
16,0,4,16,1.5527251049643382,1.6500344710657373,0.09730936610139906,3.108631232054904
16,0,4,17,1.6500344710657373,1.749638237990439,0.09960376692470163,3.108631232054904
16,0,4,18,1.749638237990439,1.8500833470607176,0.1004451090702787,3.108631232054904
16,0,4,19,1.8500833470607176,1.9526286900509149,0.10254534299019724,3.108631232054904
16,0,4,20,1.9526286900509149,2.0542200850322843,0.10159139498136938,3.108631232054904
16,0,4,21,2.0542200850322843,2.1548865559743717,0.10066647094208747,3.108631232054904
16,0,4,22,2.1548865559743717,2.254485944053158,0.09959938807878643,3.108631232054904
16,0,4,23,2.254485944053158,2.354304109001532,0.09981816494837403,3.108631232054904
16,0,4,24,2.354304109001532,2.4603130840696394,0.10600897506810725,3.108631232054904
16,0,4,25,2.4603130840696394,2.5733464549994096,0.11303337092977017,3.108631232054904
16,0,4,26,2.5733464549994096,2.694154527038336,0.12080807203892618,3.108631232054904
16,0,4,27,2.694154527038336,2.822327809059061,0.1281732820207253,3.108631232054904
16,0,4,28,2.822327809059061,2.9747745300410315,0.15244672098197043,3.108631232054904
16,0,4,29,2.9747745300410315,3.1094345890451223,0.13466005900409073,3.108631232054904
16,0,5,2,-0.012031560996547341,0.08415111002977937,0.09618267102632672,3.108631232054904
16,0,5,3,0.08415111002977937,0.18356055696494877,0.0994094469351694,3.108631232054904
16,0,5,4,0.18356055696494877,0.3275440570432693,0.1439835000783205,3.108631232054904
16,0,5,5,0.3275440570432693,0.3767529670149088,0.049208909971639514,3.108631232054904
16,0,5,6,0.3767529670149088,0.47117542603518814,0.09442245902027935,3.108631232054904
16,0,5,7,0.47117542603518814,0.5677568280370906,0.09658140200190246,3.108631232054904
16,0,5,8,0.5677568280370906,0.6619909589644521,0.09423413092736155,3.108631232054904
16,0,5,9,0.6619909589644521,0.7606522160349414,0.09866125707048923,3.108631232054904
16,0,5,10,0.7606522160349414,0.8607094760518521,0.10005726001691073,3.108631232054904
16,0,5,11,0.8607094760518521,0.9637451500166208,0.10303567396476865,3.108631232054904
16,0,5,12,0.9637451500166208,1.0640757729997858,0.10033062298316509,3.108631232054904
16,0,5,13,1.0640757729997858,1.1647175119724125,0.10064173897262663,3.108631232054904
16,0,5,14,1.1647175119724125,1.262106896028854,0.09738938405644149,3.108631232054904
16,0,5,15,1.262106896028854,1.359360781032592,0.0972538850037381,3.108631232054904
16,0,5,16,1.359360781032592,1.4556566859828308,0.09629590495023876,3.108631232054904
16,0,5,17,1.4556566859828308,1.5524929030798376,0.09683621709700674,3.108631232054904
16,0,5,18,1.5524929030798376,1.6498549920506775,0.09736208897083998,3.108631232054904
16,0,5,19,1.6498549920506775,1.7494534180732444,0.09959842602256685,3.108631232054904
16,0,5,20,1.7494534180732444,1.8499117380706593,0.10045831999741495,3.108631232054904
16,0,5,21,1.8499117380706593,1.9524353219894692,0.10252358391880989,3.108631232054904
16,0,5,22,1.9524353219894692,2.0540377859724686,0.10160246398299932,3.108631232054904
16,0,5,23,2.0540377859724686,2.154720901977271,0.10068311600480229,3.108631232054904
16,0,5,24,2.154720901977271,2.254319046973251,0.09959814499597996,3.108631232054904
16,0,5,25,2.254319046973251,2.354129775078036,0.09981072810478508,3.108631232054904
16,0,5,26,2.354129775078036,2.460146364988759,0.10601658991072327,3.108631232054904
16,0,5,27,2.460146364988759,2.5731724940706044,0.11302612908184528,3.108631232054904
16,0,5,28,2.5731724940706044,2.6939674749737605,0.1207949809031561,3.108631232054904
16,0,5,29,2.6939674749737605,2.8221290970686823,0.12816162209492177,3.108631232054904
16,0,5,30,2.8221290970686823,2.9745182300684974,0.15238913299981505,3.108631232054904
16,0,5,31,2.9745182300684974,3.1092458500061184,0.13472761993762106,3.108631232054904
16,0,6,1,0.3267971120076254,0.37667444406542927,0.04987733205780387,3.108631232054904
16,0,6,2,0.37667444406542927,0.4711254349676892,0.09445099090225995,3.108631232054904
16,0,6,3,0.4711254349676892,0.5677061340538785,0.09658069908618927,3.108631232054904
16,0,6,4,0.5677061340538785,0.6616675200639293,0.09396138601005077,3.108631232054904
16,0,6,5,0.6616675200639293,0.7605286890175194,0.0988611689535901,3.108631232054904
16,0,6,6,0.7605286890175194,0.8603319129906595,0.09980322397314012,3.108631232054904
16,0,6,7,0.8603319129906595,0.963598644011654,0.10326673102099448,3.108631232054904
16,0,6,8,0.963598644011654,1.063941825996153,0.1003431819844991,3.108631232054904
16,0,6,9,1.063941825996153,1.1645672019803897,0.1006253759842366,3.108631232054904
16,0,6,10,1.1645672019803897,1.261901799007319,0.09733459702692926,3.108631232054904
16,0,6,11,1.261901799007319,1.3592100270325318,0.09730822802521288,3.108631232054904
16,0,6,12,1.3592100270325318,1.4555053950753063,0.0962953680427745,3.108631232054904
16,0,6,13,1.4555053950753063,1.5523265730589628,0.09682117798365653,3.108631232054904
16,0,6,14,1.5523265730589628,1.649420353001915,0.0970937799429521,3.108631232054904
16,0,6,15,1.649420353001915,1.749208590015769,0.09978823701385409,3.108631232054904
16,0,6,16,1.749208590015769,1.8494508849689737,0.10024229495320469,3.108631232054904
16,0,6,17,1.8494508849689737,1.9521708160173148,0.1027199310483411,3.108631232054904
16,0,6,18,1.9521708160173148,2.053502978058532,0.10133216204121709,3.108631232054904
16,0,6,19,2.053502978058532,2.1543913630302995,0.10088838497176766,3.108631232054904
16,0,6,20,2.1543913630302995,2.2540663860272616,0.09967502299696207,3.108631232054904
16,0,6,21,2.2540663860272616,2.353840335039422,0.0997739490121603,3.108631232054904
16,0,6,22,2.353840335039422,2.459861943963915,0.1060216089244932,3.108631232054904
16,0,6,23,2.459861943963915,2.5728603709721938,0.11299842700827867,3.108631232054904
16,0,6,24,2.5728603709721938,2.6936389920301735,0.12077862105797976,3.108631232054904
16,0,6,25,2.6936389920301735,2.821835102047771,0.12819611001759768,3.108631232054904
16,0,6,26,2.821835102047771,2.9733835180522874,0.15154841600451618,3.108631232054904
16,0,6,27,2.9733835180522874,3.107649596990086,0.13426607893779874,3.108631232054904
16,0,6,28,3.107649596990086,3.1104603320127353,0.002810735022649169,3.108631232054904
16,0,7,1,0.860597379039973,0.9636590260779485,0.10306164703797549,3.108631232054904
16,0,7,2,0.9636590260779485,1.0639867960708216,0.10032776999287307,3.108631232054904
16,0,7,3,1.0639867960708216,1.1646196170477197,0.10063282097689807,3.108631232054904
16,0,7,4,1.1646196170477197,1.2620070800185204,0.0973874629708007,3.108631232054904
16,0,7,5,1.2620070800185204,1.3592603290453553,0.09725324902683496,3.108631232054904
16,0,7,6,1.3592603290453553,1.4555550990626216,0.09629477001726627,3.108631232054904
16,0,7,7,1.4555550990626216,1.552380908979103,0.09682580991648138,3.108631232054904
16,0,7,8,1.552380908979103,1.6497569530038163,0.09737604402471334,3.108631232054904
16,0,7,9,1.6497569530038163,1.7493232160340995,0.09956626303028315,3.108631232054904
16,0,7,10,1.7493232160340995,1.849536822992377,0.10021360695827752,3.108631232054904
16,0,7,11,1.849536822992377,1.9522739549865946,0.10273713199421763,3.108631232054904
16,0,7,12,1.9522739549865946,2.053654546965845,0.10138059197925031,3.108631232054904
16,0,7,13,2.053654546965845,2.154532668995671,0.10087812202982605,3.108631232054904
16,0,7,14,2.154532668995671,2.2541506480192766,0.09961797902360559,3.108631232054904
16,0,7,15,2.2541506480192766,2.353964308043942,0.0998136600246653,3.108631232054904
16,0,7,16,2.353964308043942,2.45998079306446,0.1060164850205183,3.108631232054904
16,0,7,17,2.45998079306446,2.5730088310083374,0.11302803794387728,3.108631232054904
16,0,7,18,2.5730088310083374,2.6937349380459636,0.1207261070376262,3.108631232054904
16,0,7,19,2.6937349380459636,2.8219312300207093,0.1281962919747457,3.108631232054904
16,0,7,20,2.8219312300207093,2.974031833000481,0.1521006029797718,3.108631232054904
16,0,7,21,2.974031833000481,3.107743498054333,0.1337116650538519,3.108631232054904
16,0,7,22,3.107743498054333,3.110616735066287,0.0028732370119541883,3.108631232054904
16,0,8,1,0.6619295630371198,0.7606015810742974,0.09867201803717762,3.108631232054904
16,0,8,2,0.7606015810742974,0.8606564980000257,0.10005491692572832,3.108631232054904
16,0,8,3,0.8606564980000257,0.9637020759982988,0.10304557799827307,3.108631232054904
16,0,8,4,0.9637020759982988,1.0640320760430768,0.10033000004477799,3.108631232054904
16,0,8,5,1.0640320760430768,1.1646696600364521,0.1006375839933753,3.108631232054904
16,0,8,6,1.1646696600364521,1.2620591949671507,0.09738953493069857,3.108631232054904
16,0,8,7,1.2620591949671507,1.3593117020791396,0.09725250711198896,3.108631232054904
16,0,8,8,1.3593117020791396,1.455606066971086,0.09629436489194632,3.108631232054904
16,0,8,9,1.455606066971086,1.552438011043705,0.09683194407261908,3.108631232054904
16,0,8,10,1.552438011043705,1.6498064890038222,0.09736847796011716,3.108631232054904
16,0,8,11,1.6498064890038222,1.749370091012679,0.09956360200885683,3.108631232054904
16,0,8,12,1.749370091012679,1.8498668170068413,0.10049672599416226,3.108631232054904
16,0,8,13,1.8498668170068413,1.9523865240626037,0.10251970705576241,3.108631232054904
16,0,8,14,1.9523865240626037,2.0537485480308533,0.10136202396824956,3.108631232054904
16,0,8,15,2.0537485480308533,2.154621585039422,0.10087303700856864,3.108631232054904
16,0,8,16,2.154621585039422,2.2542385749984533,0.09961698995903134,3.108631232054904
16,0,8,17,2.2542385749984533,2.35404656897299,0.09980799397453666,3.108631232054904
16,0,8,18,2.35404656897299,2.4600642200093716,0.10601765103638172,3.108631232054904
16,0,8,19,2.4600642200093716,2.573091455968097,0.11302723595872521,3.108631232054904
16,0,8,20,2.573091455968097,2.6938262450275943,0.12073478905949742,3.108631232054904
16,0,8,21,2.6938262450275943,2.8220317440573126,0.12820549902971834,3.108631232054904
16,0,8,22,2.8220317440573126,2.9743893910199404,0.15235764696262777,3.108631232054904
16,0,8,23,2.9743893910199404,3.1091379390563816,0.1347485480364412,3.108631232054904
16,0,9,1,1.063750026980415,1.164276387076825,0.10052636009640992,3.108631232054904
16,0,9,2,1.164276387076825,1.2614219250390306,0.09714553796220571,3.108631232054904
16,0,9,3,1.2614219250390306,1.358918167068623,0.0974962420295924,3.108631232054904
16,0,9,4,1.358918167068623,1.45514819805976,0.09623003099113703,3.108631232054904
16,0,9,5,1.45514819805976,1.5519394790753722,0.09679128101561219,3.108631232054904
16,0,9,6,1.5519394790753722,1.6491724340012297,0.09723295492585748,3.108631232054904
16,0,9,7,1.6491724340012297,1.748964929021895,0.09979249502066523,3.108631232054904
16,0,9,8,1.748964929021895,1.8492201800690964,0.10025525104720145,3.108631232054904
16,0,9,9,1.8492201800690964,1.9517772430554032,0.10255706298630685,3.108631232054904
16,0,9,10,1.9517772430554032,2.0532493750797585,0.10147213202435523,3.108631232054904
16,0,9,11,2.0532493750797585,2.1541570510016754,0.10090767592191696,3.108631232054904
16,0,9,12,2.1541570510016754,2.253593096975237,0.0994360459735617,3.108631232054904
16,0,9,13,2.253593096975237,2.3535610149847344,0.09996791800949723,3.108631232054904
16,0,9,14,2.3535610149847344,2.4595971889793873,0.10603617399465293,3.108631232054904
16,0,9,15,2.4595971889793873,2.572590160998516,0.1129929720191285,3.108631232054904
16,0,9,16,2.572590160998516,2.693349155015312,0.12075899401679635,3.108631232054904
16,0,9,17,2.693349155015312,2.8213774020550773,0.12802824703976512,3.108631232054904
16,0,9,18,2.8213774020550773,2.972267184057273,0.15088978200219572,3.108631232054904
16,0,9,19,2.972267184057273,3.107336577028036,0.13506939297076315,3.108631232054904
16,0,9,20,3.107336577028036,3.110133800073527,0.002797223045490682,3.108631232054904
16,0,10,1,0.470970576046966,0.5675566400168464,0.09658606396988034,3.108631232054904
16,0,10,2,0.5675566400168464,0.661506058066152,0.09394941804930568,3.108631232054904
16,0,10,3,0.661506058066152,0.7603876070352271,0.09888154896907508,3.108631232054904
16,0,10,4,0.7603876070352271,0.8601486480329186,0.09976104099769145,3.108631232054904
16,0,10,5,0.8601486480329186,0.9634663270553574,0.10331767902243882,3.108631232054904
16,0,10,6,0.9634663270553574,1.0638394249835983,0.1003730979282409,3.108631232054904
16,0,10,7,1.0638394249835983,1.164400474051945,0.10056104906834662,3.108631232054904
16,0,10,8,1.164400474051945,1.2617974580498412,0.09739698399789631,3.108631232054904
16,0,10,9,1.2617974580498412,1.3590953740058467,0.09729791595600545,3.108631232054904
16,0,10,10,1.3590953740058467,1.45539637201,0.09630099800415337,3.108631232054904
16,0,10,11,1.45539637201,1.5521957810269669,0.09679940901696682,3.108631232054904
16,0,10,12,1.5521957810269669,1.6493213520152494,0.09712557098828256,3.108631232054904
16,0,10,13,1.6493213520152494,1.7491020100424066,0.09978065802715719,3.108631232054904
16,0,10,14,1.7491020100424066,1.8493575729662552,0.10025556292384863,3.108631232054904
16,0,10,15,1.8493575729662552,1.95206544699613,0.1027078740298748,3.108631232054904
16,0,10,16,1.95206544699613,2.053398546995595,0.10133309999946505,3.108631232054904
16,0,10,17,2.053398546995595,2.154300763970241,0.10090221697464585,3.108631232054904
16,0,10,18,2.154300763970241,2.2537079280009493,0.09940716403070837,3.108631232054904
16,0,10,19,2.2537079280009493,2.3536805390613154,0.09997261106036603,3.108631232054904
16,0,10,20,2.3536805390613154,2.459713838994503,0.10603329993318766,3.108631232054904
16,0,10,21,2.459713838994503,2.572713020024821,0.11299918103031814,3.108631232054904
16,0,10,22,2.572713020024821,2.6934900589985773,0.12077703897375613,3.108631232054904
16,0,10,23,2.6934900589985773,2.821675086976029,0.12818502797745168,3.108631232054904
16,0,10,24,2.821675086976029,2.9727591139962897,0.1510840270202607,3.108631232054904
16,0,10,25,2.9727591139962897,3.107498676981777,0.13473956298548728,3.108631232054904
16,0,10,26,3.107498676981777,3.1102884960127994,0.002789819031022489,3.108631232054904
16,0,11,1,1.2617238740203902,1.3590317720081657,0.0973078979877755,3.108631232054904
16,0,11,2,1.3590317720081657,1.4552679220214486,0.0962361500132829,3.108631232054904
16,0,11,3,1.4552679220214486,1.552059230976738,0.09679130895528942,3.108631232054904
16,0,11,4,1.552059230976738,1.6492656930349767,0.09720646205823869,3.108631232054904
16,0,11,5,1.6492656930349767,1.7490486419992521,0.09978294896427542,3.108631232054904
16,0,11,6,1.7490486419992521,1.849305173032917,0.10025653103366494,3.108631232054904
16,0,11,7,1.849305173032917,1.9518859480740502,0.10258077504113317,3.108631232054904
16,0,11,8,1.9518859480740502,2.0533427390037104,0.1014567909296602,3.108631232054904
16,0,11,9,2.0533427390037104,2.154248323990032,0.10090558498632163,3.108631232054904
16,0,11,10,2.154248323990032,2.253663675975986,0.09941535198595375,3.108631232054904
16,0,11,11,2.253663675975986,2.3536345560569316,0.09997088008094579,3.108631232054904
16,0,11,12,2.3536345560569316,2.4596687339944765,0.10603417793754488,3.108631232054904
16,0,11,13,2.4596687339944765,2.572667361004278,0.11299862700980157,3.108631232054904
16,0,11,14,2.572667361004278,2.6934351649833843,0.12076780397910625,3.108631232054904
16,0,11,15,2.6934351649833843,2.821492685005069,0.12805752002168447,3.108631232054904
16,0,11,16,2.821492685005069,2.9725344689795747,0.15104178397450596,3.108631232054904
16,0,11,17,2.9725344689795747,3.1073936950415373,0.13485922606196254,3.108631232054904
16,0,11,18,3.1073936950415373,3.110235583037138,0.0028418879956007004,3.108631232054904
16,0,12,1,1.4559031430399045,1.5525664960732684,0.09666335303336382,3.108631232054904
16,0,12,2,1.5525664960732684,1.6499010410625488,0.0973345449892804,3.108631232054904
16,0,12,3,1.6499010410625488,1.749502146965824,0.09960110590327531,3.108631232054904
16,0,12,4,1.749502146965824,1.8499555609887466,0.10045341402292252,3.108631232054904
16,0,12,5,1.8499555609887466,1.9524827969726175,0.10252723598387092,3.108631232054904
16,0,12,6,1.9524827969726175,2.0540836550062522,0.10160085803363472,3.108631232054904
16,0,12,7,2.0540836550062522,2.1547617530450225,0.10067809803877026,3.108631232054904
16,0,12,8,2.1547617530450225,2.254361000028439,0.09959924698341638,3.108631232054904
16,0,12,9,2.254361000028439,2.3541705190436915,0.09980951901525259,3.108631232054904
16,0,12,10,2.3541705190436915,2.460186423966661,0.10601590492296964,3.108631232054904
16,0,12,11,2.460186423966661,2.5732178710168228,0.11303144705016166,3.108631232054904
16,0,12,12,2.5732178710168228,2.694014874054119,0.12079700303729624,3.108631232054904
16,0,12,13,2.694014874054119,2.8221768430667,0.1281619690125808,3.108631232054904
16,0,12,14,2.8221768430667,2.9745809980668128,0.15240415500011295,3.108631232054904
16,0,12,15,2.9745809980668128,3.1092949230223894,0.13471392495557666,3.108631232054904
16,0,13,1,2.0539875980466604,2.154679249972105,0.1006916519254446,3.108631232054904
16,0,13,2,2.154679249972105,2.2542793010361493,0.09960005106404424,3.108631232054904
16,0,13,3,2.2542793010361493,2.35408736707177,0.09980806603562087,3.108631232054904
16,0,13,4,2.35408736707177,2.460104973986745,0.10601760691497475,3.108631232054904
16,0,13,5,2.460104973986745,2.5731317470781505,0.11302677309140563,3.108631232054904
16,0,13,6,2.5731317470781505,2.6939169380348176,0.12078519095666707,3.108631232054904
16,0,13,7,2.6939169380348176,2.82208025502041,0.12816331698559225,3.108631232054904
16,0,13,8,2.82208025502041,2.9744526389986277,0.15237238397821784,3.108631232054904
16,0,13,9,2.9744526389986277,3.1091900990577415,0.1347374600591138,3.108631232054904
16,0,14,1,1.6496580389793962,1.7492771630641073,0.09961912408471107,3.108631232054904
16,0,14,2,1.7492771630641073,1.8494951439788565,0.1002179809147492,3.108631232054904
16,0,14,3,1.8494951439788565,1.9522250649752095,0.10272992099635303,3.108631232054904
16,0,14,4,1.9522250649752095,2.053567985072732,0.10134292009752244,3.108631232054904
16,0,14,5,2.053567985072732,2.154452114016749,0.10088412894401699,3.108631232054904
16,0,14,6,2.154452114016749,2.2541099439840764,0.09965782996732742,3.108631232054904
16,0,14,7,2.2541099439840764,2.353920486057177,0.0998105420731008,3.108631232054904
16,0,14,8,2.353920486057177,2.4599372450029477,0.10601675894577056,3.108631232054904
16,0,14,9,2.4599372450029477,2.5729648650158197,0.11302762001287192,3.108631232054904
16,0,14,10,2.5729648650158197,2.6936895420076326,0.12072467699181288,3.108631232054904
16,0,14,11,2.6936895420076326,2.8218832260463387,0.12819368403870612,3.108631232054904
16,0,14,12,2.8218832260463387,2.9735694529954344,0.15168622694909573,3.108631232054904
16,0,14,13,2.9735694529954344,3.107697676983662,0.13412822398822755,3.108631232054904
16,0,14,14,3.107697676983662,3.1105659030145034,0.0028682260308414698,3.108631232054904
16,0,15,1,2.253981083049439,2.353798052063212,0.0998169690137729,3.108631232054904
16,0,15,2,2.353798052063212,2.459816856076941,0.1060188040137291,3.108631232054904
16,0,15,3,2.459816856076941,2.5728019260568544,0.11298506997991353,3.108631232054904
16,0,15,4,2.5728019260568544,2.693588125053793,0.12078619899693877,3.108631232054904
16,0,15,5,2.693588125053793,2.8217848860658705,0.12819676101207733,3.108631232054904
16,0,15,6,2.8217848860658705,2.9731773000676185,0.15139241400174797,3.108631232054904
16,0,15,7,2.9731773000676185,3.107600126066245,0.13442282599862665,3.108631232054904
16,0,15,8,3.107600126066245,3.110410462017171,0.0028103359509259462,3.108631232054904
16,1,0,1,1.6278655080823228,1.7265654749935493,0.09869996691122651,3.0816819979809225
16,1,0,2,1.7265654749935493,1.8263870549853891,0.09982157999183983,3.0816819979809225
16,1,0,3,1.8263870549853891,1.929051200975664,0.10266414599027485,3.0816819979809225
16,1,0,4,1.929051200975664,2.0308252699906006,0.10177406901493669,3.0816819979809225
16,1,0,5,2.0308252699906006,2.132685373071581,0.10186010308098048,3.0816819979809225
16,1,0,6,2.132685373071581,2.2311241080751643,0.09843873500358313,3.0816819979809225
16,1,0,7,2.2311241080751643,2.329938846058212,0.09881473798304796,3.0816819979809225
16,1,0,8,2.329938846058212,2.437201241031289,0.10726239497307688,3.0816819979809225
16,1,0,9,2.437201241031289,2.548793543013744,0.11159230198245496,3.0816819979809225
16,1,0,10,2.548793543013744,2.667577599058859,0.118784056045115,3.0816819979809225
16,1,0,11,2.667577599058859,2.794604019029066,0.12702641997020692,3.0816819979809225
16,1,0,12,2.794604019029066,2.9312097370857373,0.13660571805667132,3.0816819979809225
16,1,0,13,2.9312097370857373,3.0826350490096956,0.15142531192395836,3.0816819979809225
16,1,1,1,1.2408937059808522,1.338775010081008,0.09788130410015583,3.0816819979809225
16,1,1,2,1.338775010081008,1.4348778980784118,0.09610288799740374,3.0816819979809225
16,1,1,3,1.4348778980784118,1.5320409840205684,0.09716308594215661,3.0816819979809225
16,1,1,4,1.5320409840205684,1.6276206700131297,0.09557968599256128,3.0816819979809225
16,1,1,5,1.6276206700131297,1.7265026380773634,0.09888196806423366,3.0816819979809225
16,1,1,6,1.7265026380773634,1.826339817023836,0.0998371789464727,3.0816819979809225
16,1,1,7,1.826339817023836,1.9290090460563079,0.10266922903247178,3.0816819979809225
16,1,1,8,1.9290090460563079,2.0307786039775237,0.10176955792121589,3.0816819979809225
16,1,1,9,2.0307786039775237,2.132637207978405,0.10185860400088131,3.0816819979809225
16,1,1,10,2.132637207978405,2.2310740089742467,0.09843680099584162,3.0816819979809225
16,1,1,11,2.2310740089742467,2.3298778400057927,0.098803831031546,3.0816819979809225
16,1,1,12,2.3298778400057927,2.437152135069482,0.10727429506368935,3.0816819979809225
16,1,1,13,2.437152135069482,2.548746938002296,0.11159480293281376,3.0816819979809225
16,1,1,14,2.548746938002296,2.6675290199927986,0.11878208199050277,3.0816819979809225
16,1,1,15,2.6675290199927986,2.7945579549996182,0.12702893500681967,3.0816819979809225
16,1,1,16,2.7945579549996182,2.931159264058806,0.13660130905918777,3.0816819979809225
16,1,1,17,2.931159264058806,3.0825841090409085,0.1514248449821025,3.0816819979809225
16,1,2,9,-0.007816510973498225,0.08779085800051689,0.09560736897401512,3.0816819979809225
16,1,2,10,0.08779085800051689,0.18240546702872962,0.09461460902821273,3.0816819979809225
16,1,2,11,0.18240546702872962,0.27544831403065473,0.09304284700192511,3.0816819979809225
16,1,2,12,0.27544831403065473,0.3701293580234051,0.09468104399275035,3.0816819979809225
16,1,2,13,0.3701293580234051,0.4622833370231092,0.09215397899970412,3.0816819979809225
16,1,2,14,0.4622833370231092,0.5573967139935121,0.0951133769704029,3.0816819979809225
16,1,2,15,0.5573967139935121,0.6500362569931895,0.09263954299967736,3.0816819979809225
16,1,2,16,0.6500362569931895,0.7443797789746895,0.09434352198150009,3.0816819979809225
16,1,2,17,0.7443797789746895,0.8434306400595233,0.09905086108483374,3.0816819979809225
16,1,2,18,0.8434306400595233,0.9446303449803963,0.10119970492087305,3.0816819979809225
16,1,2,19,0.9446303449803963,1.0454309959895909,0.10080065100919455,3.0816819979809225
16,1,2,20,1.0454309959895909,1.1445571050280705,0.09912610903847963,3.0816819979809225
16,1,2,21,1.1445571050280705,1.240577890072018,0.0960207850439474,3.0816819979809225
16,1,2,22,1.240577890072018,1.3386590650770813,0.09808117500506341,3.0816819979809225
16,1,2,23,1.3386590650770813,1.4347828429890797,0.09612377791199833,3.0816819979809225
16,1,2,24,1.4347828429890797,1.5319490879774094,0.09716624498832971,3.0816819979809225
16,1,2,25,1.5319490879774094,1.6275309519842267,0.09558186400681734,3.0816819979809225
16,1,2,26,1.6275309519842267,1.7264083930058405,0.09887744102161378,3.0816819979809225
16,1,2,27,1.7264083930058405,1.8262456289958209,0.0998372359899804,3.0816819979809225
16,1,2,28,1.8262456289958209,1.92891924304422,0.10267361404839903,3.0816819979809225
16,1,2,29,1.92891924304422,2.0304103570524603,0.1014911140082404,3.0816819979809225
16,1,2,30,2.0304103570524603,2.1324745630845428,0.10206420603208244,3.0816819979809225
16,1,2,31,2.1324745630845428,2.2309256059816107,0.09845104289706796,3.0816819979809225
16,1,2,32,2.2309256059816107,2.3297371190274134,0.09881151304580271,3.0816819979809225
16,1,2,33,2.3297371190274134,2.4369892759714276,0.10725215694401413,3.0816819979809225
16,1,2,34,2.4369892759714276,2.5486078470712528,0.1116185710998252,3.0816819979809225
16,1,2,35,2.5486078470712528,2.6673845590557903,0.11877671198453754,3.0816819979809225
16,1,2,36,2.6673845590557903,2.794421756058,0.12703719700220972,3.0816819979809225
16,1,2,37,2.794421756058,2.9309823780786246,0.13656062202062458,3.0816819979809225
16,1,2,38,2.9309823780786246,3.0824378170073032,0.15145543892867863,3.0816819979809225
16,1,3,1,1.826185023994185,1.928875643061474,0.10269061906728894,3.0816819979809225
16,1,3,2,1.928875643061474,2.030368053005077,0.10149240994360298,3.0816819979809225
16,1,3,3,2.030368053005077,2.132425485062413,0.10205743205733597,3.0816819979809225
16,1,3,4,2.132425485062413,2.2308751640375704,0.09844967897515744,3.0816819979809225
16,1,3,5,2.2308751640375704,2.3296892340295017,0.09881406999193132,3.0816819979809225
16,1,3,6,2.3296892340295017,2.436943768057972,0.10725453402847052,3.0816819979809225
16,1,3,7,2.436943768057972,2.548561278032139,0.11161750997416675,3.0816819979809225
16,1,3,8,2.548561278032139,2.66733922297135,0.11877794493921101,3.0816819979809225
16,1,3,9,2.66733922297135,2.794376389007084,0.12703716603573412,3.0816819979809225
16,1,3,10,2.794376389007084,2.930930854054168,0.1365544650470838,3.0816819979809225
16,1,3,11,2.930930854054168,3.0823867530561984,0.1514558990020305,3.0816819979809225
16,1,4,1,2.0306735960766673,2.1325409520650283,0.10186735598836094,3.0816819979809225
16,1,4,2,2.1325409520650283,2.2309748369734734,0.09843388490844518,3.0816819979809225
16,1,4,3,2.2309748369734734,2.3297846000641584,0.09880976309068501,3.0816819979809225
16,1,4,4,2.3297846000641584,2.437037341063842,0.10725274099968374,3.0816819979809225
16,1,4,5,2.437037341063842,2.548653819016181,0.11161647795233876,3.0816819979809225
16,1,4,6,2.548653819016181,2.6674313590629026,0.1187775400467217,3.0816819979809225
16,1,4,7,2.6674313590629026,2.7944673009915277,0.1270359419286251,3.0816819979809225
16,1,4,8,2.7944673009915277,2.931032250984572,0.13656494999304414,3.0816819979809225
16,1,4,9,2.931032250984572,3.082485201070085,0.1514529500855133,3.0816819979809225
16,1,5,6,-0.007928702980279922,0.08769308205228299,0.09562178503256291,3.0816819979809225
16,1,5,7,0.08769308205228299,0.1823053719708696,0.09461228991858661,3.0816819979809225
16,1,5,8,0.1823053719708696,0.2750181920127943,0.09271282004192472,3.0816819979809225
16,1,5,9,0.2750181920127943,0.36995214002672583,0.09493394801393151,3.0816819979809225
16,1,5,10,0.36995214002672583,0.4621073299786076,0.09215518995188177,3.0816819979809225
16,1,5,11,0.4621073299786076,0.5572144930483773,0.09510716306976974,3.0816819979809225
16,1,5,12,0.5572144930483773,0.6495691239833832,0.09235463093500584,3.0816819979809225
16,1,5,13,0.6495691239833832,0.7441253770375624,0.09455625305417925,3.0816819979809225
16,1,5,14,0.7441253770375624,0.8429109429707751,0.09878556593321264,3.0816819979809225
16,1,5,15,0.8429109429707751,0.9443451659753919,0.1014342230046168,3.0816819979809225
16,1,5,16,0.9443451659753919,1.0451253150822595,0.10078014910686761,3.0816819979809225
16,1,5,17,1.0451253150822595,1.1443004090106115,0.099175093928352,3.0816819979809225
16,1,5,18,1.1443004090106115,1.2402649780269712,0.09596456901635975,3.0816819979809225
16,1,5,19,1.2402649780269712,1.3384129609912634,0.09814798296429217,3.0816819979809225
16,1,5,20,1.3384129609912634,1.4345301600405946,0.09611719904933125,3.0816819979809225
16,1,5,21,1.4345301600405946,1.531652636011131,0.09712247597053647,3.0816819979809225
16,1,5,22,1.531652636011131,1.627250029006973,0.0955973929958418,3.0816819979809225
16,1,5,23,1.627250029006973,1.7261111090192571,0.09886108001228422,3.0816819979809225
16,1,5,24,1.7261111090192571,1.8256627230439335,0.09955161402467638,3.0816819979809225
16,1,5,25,1.8256627230439335,1.9285686310613528,0.10290590801741928,3.0816819979809225
16,1,5,26,1.9285686310613528,2.030077463015914,0.10150883195456117,3.0816819979809225
16,1,5,27,2.030077463015914,2.1321690410841256,0.10209157806821167,3.0816819979809225
16,1,5,28,2.1321690410841256,2.2306117430562153,0.09844270197208971,3.0816819979809225
16,1,5,29,2.2306117430562153,2.329443546012044,0.09883180295582861,3.0816819979809225
16,1,5,30,2.329443546012044,2.436698778066784,0.10725523205474019,3.0816819979809225
16,1,5,31,2.436698778066784,2.5482637269888073,0.11156494892202318,3.0816819979809225
16,1,5,32,2.5482637269888073,2.667034713085741,0.11877098609693348,3.0816819979809225
16,1,5,33,2.667034713085741,2.7940819590585306,0.12704724597278982,3.0816819979809225
16,1,5,34,2.7940819590585306,2.9306624920573086,0.13658053299877793,3.0816819979809225
16,1,5,35,2.9306624920573086,3.082120595034212,0.15145810297690332,3.0816819979809225
16,1,6,1,1.4344010360073298,1.5315969950752333,0.09719595906790346,3.0816819979809225
16,1,6,2,1.5315969950752333,1.627191822975874,0.09559482790064067,3.0816819979809225
16,1,6,3,1.627191822975874,1.7260590330697596,0.09886721009388566,3.0816819979809225
16,1,6,4,1.7260590330697596,1.825613206019625,0.09955417294986546,3.0816819979809225
16,1,6,5,1.825613206019625,1.9285196360433474,0.10290643002372235,3.0816819979809225
16,1,6,6,1.9285196360433474,2.030026701046154,0.10150706500280648,3.0816819979809225
16,1,6,7,2.030026701046154,2.132036730996333,0.10201002995017916,3.0816819979809225
16,1,6,8,2.132036730996333,2.230554403970018,0.09851767297368497,3.0816819979809225
16,1,6,9,2.230554403970018,2.329392723971978,0.0988383200019598,3.0816819979809225
16,1,6,10,2.329392723971978,2.4366439459845424,0.10725122201256454,3.0816819979809225
16,1,6,11,2.4366439459845424,2.548201769008301,0.11155782302375883,3.0816819979809225
16,1,6,12,2.548201769008301,2.6669844510033727,0.11878268199507147,3.0816819979809225
16,1,6,13,2.6669844510033727,2.794032608042471,0.12704815703909844,3.0816819979809225
16,1,6,14,2.794032608042471,2.93060758698266,0.13657497894018888,3.0816819979809225
16,1,6,15,2.93060758698266,3.0820670049870387,0.15145941800437868,3.0816819979809225
16,1,7,1,0.08761218306608498,0.18224044900853187,0.09462826594244689,3.0816819979809225
16,1,7,2,0.18224044900853187,0.2749566900311038,0.09271624102257192,3.0816819979809225
16,1,7,3,0.2749566900311038,0.3698945490177721,0.09493785898666829,3.0816819979809225
16,1,7,4,0.3698945490177721,0.4620496010174975,0.0921550519997254,3.0816819979809225
16,1,7,5,0.4620496010174975,0.5571501270169392,0.09510052599944174,3.0816819979809225
16,1,7,6,0.5571501270169392,0.6495046790223569,0.09235455200541764,3.0816819979809225
16,1,7,7,0.6495046790223569,0.7440639589913189,0.09455927996896207,3.0816819979809225
16,1,7,8,0.7440639589913189,0.8428509760415182,0.09878701705019921,3.0816819979809225
16,1,7,9,0.8428509760415182,0.9442889570491388,0.10143798100762069,3.0816819979809225
16,1,7,10,0.9442889570491388,1.0450604220386595,0.10077146498952061,3.0816819979809225
16,1,7,11,1.0450604220386595,1.1442398440558463,0.09917942201718688,3.0816819979809225
16,1,7,12,1.1442398440558463,1.2401973250089213,0.09595748095307499,3.0816819979809225
16,1,7,13,1.2401973250089213,1.3383576039923355,0.09816027898341417,3.0816819979809225
16,1,7,14,1.3383576039923355,1.4340935630025342,0.09573595901019871,3.0816819979809225
16,1,7,15,1.4340935630025342,1.5315203740028664,0.09742681100033224,3.0816819979809225
16,1,7,16,1.5315203740028664,1.6271329410374165,0.09561256703455001,3.0816819979809225
16,1,7,17,1.6271329410374165,1.72599791304674,0.09886497200932354,3.0816819979809225
16,1,7,18,1.72599791304674,1.8255541850812733,0.09955627203453332,3.0816819979809225
16,1,7,19,1.8255541850812733,1.9284632690250874,0.10290908394381404,3.0816819979809225
16,1,7,20,1.9284632690250874,2.029966618050821,0.10150334902573377,3.0816819979809225
16,1,7,21,2.029966618050821,2.131977532990277,0.10201091493945569,3.0816819979809225
16,1,7,22,2.131977532990277,2.2300782360835,0.09810070309322327,3.0816819979809225
16,1,7,23,2.2300782360835,2.3292502029798925,0.0991719668963924,3.0816819979809225
16,1,7,24,2.3292502029798925,2.436530202976428,0.10727999999653548,3.0816819979809225
16,1,7,25,2.436530202976428,2.548088819021359,0.11155861604493111,3.0816819979809225
16,1,7,26,2.548088819021359,2.666869753971696,0.11878093495033681,3.0816819979809225
16,1,7,27,2.666869753971696,2.793924035038799,0.12705428106710315,3.0816819979809225
16,1,7,28,2.793924035038799,2.930489936028607,0.13656590098980814,3.0816819979809225
16,1,7,29,2.930489936028607,3.081957807065919,0.15146787103731185,3.0816819979809225
16,1,8,4,-0.00786931801121682,0.08774472400546074,0.09561404201667756,3.0816819979809225
16,1,8,5,0.08774472400546074,0.18235830403864384,0.0946135800331831,3.0816819979809225
16,1,8,6,0.18235830403864384,0.27539424202404916,0.09303593798540533,3.0816819979809225
16,1,8,7,0.27539424202404916,0.37008067802526057,0.0946864360012114,3.0816819979809225
16,1,8,8,0.37008067802526057,0.4622064100112766,0.09212573198601604,3.0816819979809225
16,1,8,9,0.4622064100112766,0.5573315670480952,0.09512515703681856,3.0816819979809225
16,1,8,10,0.5573315670480952,0.6499844250502065,0.09265285800211132,3.0816819979809225
16,1,8,11,0.6499844250502065,0.744324638042599,0.09434021299239248,3.0816819979809225
16,1,8,12,0.744324638042599,0.8433795319870114,0.09905489394441247,3.0816819979809225
16,1,8,13,0.8433795319870114,0.9445833279751241,0.10120379598811269,3.0816819979809225
16,1,8,14,0.9445833279751241,1.045377304079011,0.10079397610388696,3.0816819979809225
16,1,8,15,1.045377304079011,1.1445086860330775,0.09913138195406646,3.0816819979809225
16,1,8,16,1.1445086860330775,1.2405285600107163,0.09601987397763878,3.0816819979809225
16,1,8,17,1.2405285600107163,1.3386127420235425,0.0980841820128262,3.0816819979809225
16,1,8,18,1.3386127420235425,1.4347348840674385,0.09612214204389602,3.0816819979809225
16,1,8,19,1.4347348840674385,1.531903712078929,0.0971688280114904,3.0816819979809225
16,1,8,20,1.531903712078929,1.6274869890185073,0.09558327693957835,3.0816819979809225
16,1,8,21,1.6274869890185073,1.7263602570164949,0.09887326799798757,3.0816819979809225
16,1,8,22,1.7263602570164949,1.8259103749878705,0.09955011797137558,3.0816819979809225
16,1,8,23,1.8259103749878705,1.9288088689791039,0.10289849399123341,3.0816819979809225
16,1,8,24,1.9288088689791039,2.030324512044899,0.1015156430657953,3.0816819979809225
16,1,8,25,2.030324512044899,2.132377641974017,0.10205312992911786,3.0816819979809225
16,1,8,26,2.132377641974017,2.2308237990364432,0.09844615706242621,3.0816819979809225
16,1,8,27,2.2308237990364432,2.329640071024187,0.09881627198774368,3.0816819979809225
16,1,8,28,2.329640071024187,2.436896517057903,0.1072564460337162,3.0816819979809225
16,1,8,29,2.436896517057903,2.5485130780143663,0.11161656095646322,3.0816819979809225
16,1,8,30,2.5485130780143663,2.667291149031371,0.11877807101700455,3.0816819979809225
16,1,8,31,2.667291149031371,2.7943295200821012,0.12703837105073035,3.0816819979809225
16,1,8,32,2.7943295200821012,2.9308765640016645,0.1365470439195633,3.0816819979809225
16,1,8,33,2.9308765640016645,3.0823353769956157,0.15145881299395114,3.0816819979809225
16,1,9,1,0.8433113059727475,0.9445354680065066,0.10122416203375906,3.0816819979809225
16,1,9,2,0.9445354680065066,1.0453152119880542,0.10077974398154765,3.0816819979809225
16,1,9,3,1.0453152119880542,1.1444575909990817,0.09914237901102751,3.0816819979809225
16,1,9,4,1.1444575909990817,1.2404753169976175,0.09601772599853575,3.0816819979809225
16,1,9,5,1.2404753169976175,1.3385638570180163,0.0980885400203988,3.0816819979809225
16,1,9,6,1.3385638570180163,1.4346866980195045,0.09612284100148827,3.0816819979809225
16,1,9,7,1.4346866980195045,1.5318554900586605,0.09716879203915596,3.0816819979809225
16,1,9,8,1.5318554900586605,1.627440567011945,0.09558507695328444,3.0816819979809225
16,1,9,9,1.627440567011945,1.7263117100810632,0.09887114306911826,3.0816819979809225
16,1,9,10,1.7263117100810632,1.8258647760376334,0.09955306595657021,3.0816819979809225
16,1,9,11,1.8258647760376334,1.9287629970349371,0.10289822099730372,3.0816819979809225
16,1,9,12,1.9287629970349371,2.0302805569954216,0.1015175599604845,3.0816819979809225
16,1,9,13,2.0302805569954216,2.132327870000154,0.10204731300473213,3.0816819979809225
16,1,9,14,2.132327870000154,2.2307727860752493,0.09844491607509553,3.0816819979809225
16,1,9,15,2.2307727860752493,2.32959108997602,0.09881830390077084,3.0816819979809225
16,1,9,16,2.32959108997602,2.436849385034293,0.10725829505827278,3.0816819979809225
16,1,9,17,2.436849385034293,2.5484642890514806,0.11161490401718765,3.0816819979809225
16,1,9,18,2.5484642890514806,2.66723812406417,0.11877383501268923,3.0816819979809225
16,1,9,19,2.66723812406417,2.7942789510125294,0.1270408269483596,3.0816819979809225
16,1,9,20,2.7942789510125294,2.9308234120253474,0.13654446101281792,3.0816819979809225
16,1,9,21,2.9308234120253474,3.0822844330687076,0.15146102104336023,3.0816819979809225
16,1,10,2,-0.008021892979741096,0.0872998139820993,0.09532170696184039,3.0816819979809225
16,1,10,3,0.0872998139820993,0.1821042629890144,0.09480444900691509,3.0816819979809225
16,1,10,4,0.1821042629890144,0.2748460330767557,0.09274177008774132,3.0816819979809225
16,1,10,5,0.2748460330767557,0.3697900139959529,0.0949439809191972,3.0816819979809225
16,1,10,6,0.3697900139959529,0.46194509498309344,0.09215508098714054,3.0816819979809225
16,1,10,7,0.46194509498309344,0.5570371920475736,0.09509209706448019,3.0816819979809225
16,1,10,8,0.5570371920475736,0.6494085839949548,0.0923713919473812,3.0816819979809225
16,1,10,9,0.6494085839949548,0.7439703330164775,0.0945617490215227,3.0816819979809225
16,1,10,10,0.7439703330164775,0.8427572880173102,0.09878695500083268,3.0816819979809225
16,1,10,11,0.8427572880173102,0.944180608028546,0.10142332001123577,3.0816819979809225
16,1,10,12,0.944180608028546,1.044956122059375,0.10077551403082907,3.0816819979809225
16,1,10,13,1.044956122059375,1.1441401490010321,0.09918402694165707,3.0816819979809225
16,1,10,14,1.1441401490010321,1.240088202059269,0.09594805305823684,3.0816819979809225
16,1,10,15,1.240088202059269,1.3382656329777092,0.09817743091844022,3.0816819979809225
16,1,10,16,1.3382656329777092,1.4339771970408037,0.09571156406309456,3.0816819979809225
16,1,10,17,1.4339771970408037,1.53140943008475,0.09743223304394633,3.0816819979809225
16,1,10,18,1.53140943008475,1.62698853504844,0.09557910496369004,3.0816819979809225
16,1,10,19,1.62698853504844,1.725853512994945,0.09886497794650495,3.0816819979809225
16,1,10,20,1.725853512994945,1.825412385049276,0.099558872054331,3.0816819979809225
16,1,10,21,1.825412385049276,1.9283223960082978,0.10291001095902175,3.0816819979809225
16,1,10,22,1.9283223960082978,2.029819917981513,0.10149752197321504,3.0816819979809225
16,1,10,23,2.029819917981513,2.1318659259704873,0.10204600798897445,3.0816819979809225
16,1,10,24,2.1318659259704873,2.229945856030099,0.0980799300596118,3.0816819979809225
16,1,10,25,2.229945856030099,2.32915177103132,0.099205915001221,3.0816819979809225
16,1,10,26,2.32915177103132,2.436440540011972,0.1072887689806521,3.0816819979809225
16,1,10,27,2.436440540011972,2.5479565979912877,0.11151605797931552,3.0816819979809225
16,1,10,28,2.5479565979912877,2.666742483037524,0.11878588504623622,3.0816819979809225
16,1,10,29,2.666742483037524,2.7937908100429922,0.1270483270054683,3.0816819979809225
16,1,10,30,2.7937908100429922,2.9303889530710876,0.13659814302809536,3.0816819979809225
16,1,10,31,2.9303889530710876,3.081893631024286,0.15150467795319855,3.0816819979809225
16,1,11,1,0.2753221180755645,0.3700224820058793,0.09470036393031478,3.0816819979809225
16,1,11,2,0.3700224820058793,0.46215717506129295,0.09213469305541366,3.0816819979809225
16,1,11,3,0.46215717506129295,0.5572764090029523,0.09511923394165933,3.0816819979809225
16,1,11,4,0.5572764090029523,0.6499289770144969,0.09265256801154464,3.0816819979809225
16,1,11,5,0.6499289770144969,0.7442706360016018,0.09434165898710489,3.0816819979809225
16,1,11,6,0.7442706360016018,0.8430178030394018,0.09874716703779995,3.0816819979809225
16,1,11,7,0.8430178030394018,0.9444640700239688,0.10144626698456705,3.0816819979809225
16,1,11,8,0.9444640700239688,1.0452572110807523,0.1007931410567835,3.0816819979809225
16,1,11,9,1.0452572110807523,1.144406013074331,0.09914880199357867,3.0816819979809225
16,1,11,10,1.144406013074331,1.2403641190612689,0.09595810598693788,3.0816819979809225
16,1,11,11,1.2403641190612689,1.3385155140422285,0.0981513949809596,3.0816819979809225
16,1,11,12,1.3385155140422285,1.434636545018293,0.0961210309760645,3.0816819979809225
16,1,11,13,1.434636545018293,1.5318084070459008,0.09717186202760786,3.0816819979809225
16,1,11,14,1.5318084070459008,1.6273935979697853,0.09558519092388451,3.0816819979809225
16,1,11,15,1.6273935979697853,1.726262649986893,0.0988690520171076,3.0816819979809225
16,1,11,16,1.726262649986893,1.825814860058017,0.09955221007112414,3.0816819979809225
16,1,11,17,1.825814860058017,1.9287180190440267,0.10290315898600966,3.0816819979809225
16,1,11,18,1.9287180190440267,2.0302354469895363,0.10151742794550955,3.0816819979809225
16,1,11,19,2.0302354469895363,2.1322776910383254,0.10204224404878914,3.0816819979809225
16,1,11,20,2.1322776910383254,2.23072030802723,0.09844261698890477,3.0816819979809225
16,1,11,21,2.23072030802723,2.329541916027665,0.09882160800043494,3.0816819979809225
16,1,11,22,2.329541916027665,2.4368020340334624,0.10726011800579727,3.0816819979809225
16,1,11,23,2.4368020340334624,2.5484147240640596,0.11161269003059715,3.0816819979809225
16,1,11,24,2.5484147240640596,2.6671356940642,0.11872097000014037,3.0816819979809225
16,1,11,25,2.6671356940642,2.7941768870223314,0.12704119295813143,3.0816819979809225
16,1,11,26,2.7941768870223314,2.9307690520072356,0.13659216498490423,3.0816819979809225
16,1,11,27,2.9307690520072356,3.0822252799989656,0.15145622799172997,3.0816819979809225
16,1,12,1,0.46254490700084716,0.5574673850787804,0.09492247807793319,3.0816819979809225
16,1,12,2,0.5574673850787804,0.6500892710173503,0.0926218859385699,3.0816819979809225
16,1,12,3,0.6500892710173503,0.7444298270856962,0.0943405560683459,3.0816819979809225
16,1,12,4,0.7444298270856962,0.843481351970695,0.0990515248849988,3.0816819979809225
16,1,12,5,0.843481351970695,0.94467708398588,0.10119573201518506,3.0816819979809225
16,1,12,6,0.94467708398588,1.0454856770811602,0.10080859309528023,3.0816819979809225
16,1,12,7,1.0454856770811602,1.1446051520761102,0.09911947499495,3.0816819979809225
16,1,12,8,1.1446051520761102,1.2406268890481442,0.09602173697203398,3.0816819979809225
16,1,12,9,1.2406268890481442,1.3387056490173563,0.09807875996921211,3.0816819979809225
16,1,12,10,1.3387056490173563,1.4348309100605547,0.0961252610431984,3.0816819979809225
16,1,12,11,1.4348309100605547,1.531994678080082,0.0971637680195272,3.0816819979809225
16,1,12,12,1.531994678080082,1.6275772340595722,0.09558255597949028,3.0816819979809225
16,1,12,13,1.6275772340595722,1.7264547060476616,0.09887747198808938,3.0816819979809225
16,1,12,14,1.7264547060476616,1.8262925520539284,0.09983784600626677,3.0816819979809225
16,1,12,15,1.8262925520539284,1.9289629299892113,0.10267037793528289,3.0816819979809225
16,1,12,16,1.9289629299892113,2.0307298969710246,0.10176696698181331,3.0816819979809225
16,1,12,17,2.0307298969710246,2.1325898780487478,0.1018599810777232,3.0816819979809225
16,1,12,18,2.1325898780487478,2.2310249200090766,0.09843504196032882,3.0816819979809225
16,1,12,19,2.2310249200090766,2.329831433016807,0.09880651300773025,3.0816819979809225
16,1,12,20,2.329831433016807,2.437085789977573,0.10725435696076602,3.0816819979809225
16,1,12,21,2.437085789977573,2.5486998470732942,0.11161405709572136,3.0816819979809225
16,1,12,22,2.5486998470732942,2.667480497970246,0.11878065089695156,3.0816819979809225
16,1,12,23,2.667480497970246,2.7945127540733665,0.12703225610312074,3.0816819979809225
16,1,12,24,2.7945127540733665,2.9311057589948177,0.1365930049214512,3.0816819979809225
16,1,12,25,2.9311057589948177,3.08253415604122,0.1514283970464021,3.0816819979809225
16,1,13,1,0.6498571890406311,0.74420281406492,0.09434562502428889,3.0816819979809225
16,1,13,2,0.74420281406492,0.8429640270769596,0.09876121301203966,3.0816819979809225
16,1,13,3,0.8429640270769596,0.9443962560035288,0.10143222892656922,3.0816819979809225
16,1,13,4,0.9443962560035288,1.045186524046585,0.10079026804305613,3.0816819979809225
16,1,13,5,1.045186524046585,1.144354465068318,0.09916794102173299,3.0816819979809225
16,1,13,6,1.144354465068318,1.2403162369737402,0.09596177190542221,3.0816819979809225
16,1,13,7,1.2403162369737402,1.3384656180860475,0.09814938111230731,3.0816819979809225
16,1,13,8,1.3384656180860475,1.4345855350838974,0.09611991699784994,3.0816819979809225
16,1,13,9,1.4345855350838974,1.531756674987264,0.09717113990336657,3.0816819979809225
16,1,13,10,1.531756674987264,1.6273442580131814,0.09558758302591741,3.0816819979809225
16,1,13,11,1.6273442580131814,1.72620146907866,0.09885721106547862,3.0816819979809225
16,1,13,12,1.72620146907866,1.8257653390755877,0.09956386999692768,3.0816819979809225
16,1,13,13,1.8257653390755877,1.9286695669870824,0.10290422791149467,3.0816819979809225
16,1,13,14,1.9286695669870824,2.0301817960571498,0.1015122290700674,3.0816819979809225
16,1,13,15,2.0301817960571498,2.1322222760645673,0.1020404800074175,3.0816819979809225
16,1,13,16,2.1322222760645673,2.2306652819970623,0.098443005932495,3.0816819979809225
16,1,13,17,2.2306652819970623,2.3294926930684596,0.09882741107139736,3.0816819979809225
16,1,13,18,2.3294926930684596,2.43675010104198,0.10725740797352046,3.0816819979809225
16,1,13,19,2.43675010104198,2.548362474073656,0.11161237303167582,3.0816819979809225
16,1,13,20,2.548362474073656,2.6670853280229494,0.1187228539492935,3.0816819979809225
16,1,13,21,2.6670853280229494,2.794129802030511,0.1270444740075618,3.0816819979809225
16,1,13,22,2.794129802030511,2.9307171490509063,0.1365873470203951,3.0816819979809225
16,1,13,23,2.9307171490509063,3.082173158065416,0.15145600901450962,3.0816819979809225
16,1,14,1,1.0457875520223752,1.1446752949850634,0.09888774296268821,3.0816819979809225
16,1,14,2,1.1446752949850634,1.2409517290070653,0.09627643402200192,3.0816819979809225
16,1,14,3,1.2409517290070653,1.3388237700564787,0.09787204104941338,3.0816819979809225
16,1,14,4,1.3388237700564787,1.4349249940132722,0.09610122395679355,3.0816819979809225
16,1,14,5,1.4349249940132722,1.5320847959956154,0.0971598019823432,3.0816819979809225
16,1,14,6,1.5320847959956154,1.6279122279956937,0.09582743200007826,3.0816819979809225
16,1,14,7,1.6279122279956937,1.7266119740670547,0.098699746071361,3.0816819979809225
16,1,14,8,1.7266119740670547,1.8264311510138214,0.09981917694676667,3.0816819979809225
16,1,14,9,1.8264311510138214,1.929095237981528,0.10266408696770668,3.0816819979809225
16,1,14,10,1.929095237981528,2.0308705230709165,0.10177528508938849,3.0816819979809225
16,1,14,11,2.0308705230709165,2.1327308870386332,0.1018603639677167,3.0816819979809225
16,1,14,12,2.1327308870386332,2.231170673039742,0.09843978600110859,3.0816819979809225
16,1,14,13,2.231170673039742,2.3299856000812724,0.09881492704153061,3.0816819979809225
16,1,14,14,2.3299856000812724,2.4372546810191125,0.10726908093784004,3.0816819979809225
16,1,14,15,2.4372546810191125,2.548840014031157,0.11158533301204443,3.0816819979809225
16,1,14,16,2.548840014031157,2.667624874971807,0.1187848609406501,3.0816819979809225
16,1,14,17,2.667624874971807,2.7946469030575827,0.12702202808577567,3.0816819979809225
16,1,14,18,2.7946469030575827,2.931266130064614,0.13661922700703144,3.0816819979809225
16,1,14,19,2.931266130064614,3.082685075001791,0.151418944937177,3.0816819979809225
16,1,15,1,2.230393017991446,2.3293345679994673,0.0989415500080213,3.0816819979809225
16,1,15,2,2.3293345679994673,2.436589122051373,0.10725455405190587,3.0816819979809225
16,1,15,3,2.436589122051373,2.548148603993468,0.11155948194209486,3.0816819979809225
16,1,15,4,2.548148603993468,2.6669298839988187,0.11878128000535071,3.0816819979809225
16,1,15,5,2.6669298839988187,2.793982904055156,0.12705302005633712,3.0816819979809225
16,1,15,6,2.793982904055156,2.930550519027747,0.1365676149725914,3.0816819979809225
16,1,15,7,2.930550519027747,3.082014165003784,0.1514636459760368,3.0816819979809225
16,2,0,9,-0.0311779830371961,0.06871609599329531,0.09989407903049141,3.095561102963984
16,2,0,10,0.06871609599329531,0.16959975298959762,0.1008836569963023,3.095561102963984
16,2,0,11,0.16959975298959762,0.26475944998674095,0.09515969699714333,3.095561102963984
16,2,0,12,0.26475944998674095,0.3616122920066118,0.09685284201987088,3.095561102963984
16,2,0,13,0.3616122920066118,0.4554213050287217,0.09380901302210987,3.095561102963984
16,2,0,14,0.4554213050287217,0.5523793030297384,0.09695799800101668,3.095561102963984
16,2,0,15,0.5523793030297384,0.6466027019778267,0.09422339894808829,3.095561102963984
16,2,0,16,0.6466027019778267,0.744012490962632,0.09740978898480535,3.095561102963984
16,2,0,17,0.744012490962632,0.8432883489876986,0.09927585802506655,3.095561102963984
16,2,0,18,0.8432883489876986,0.9471201789565384,0.10383182996883988,3.095561102963984
16,2,0,19,0.9471201789565384,1.0484420349821448,0.1013218560256064,3.095561102963984
16,2,0,20,1.0484420349821448,1.1508144460385665,0.1023724110564217,3.095561102963984
16,2,0,21,1.1508144460385665,1.2488395320251584,0.09802508598659188,3.095561102963984
16,2,0,22,1.2488395320251584,1.3467942669522017,0.09795473492704332,3.095561102963984
16,2,0,23,1.3467942669522017,1.4415055010467768,0.09471123409457505,3.095561102963984
16,2,0,24,1.4415055010467768,1.5395103190094233,0.09800481796264648,3.095561102963984
16,2,0,25,1.5395103190094233,1.635564818046987,0.0960544990375638,3.095561102963984
16,2,0,26,1.635564818046987,1.7355166219640523,0.09995180391706526,3.095561102963984
16,2,0,27,1.7355166219640523,1.8355119690531865,0.09999534708913416,3.095561102963984
16,2,0,28,1.8355119690531865,1.9393925620242953,0.10388059297110885,3.095561102963984
16,2,0,29,1.9393925620242953,2.041191575000994,0.10179901297669858,3.095561102963984
16,2,0,30,2.041191575000994,2.1443636609474197,0.1031720859464258,3.095561102963984
16,2,0,31,2.1443636609474197,2.2437555990181863,0.09939193807076663,3.095561102963984
16,2,0,32,2.2437555990181863,2.3441221859538928,0.10036658693570644,3.095561102963984
16,2,0,33,2.3441221859538928,2.4498121469514444,0.10568996099755168,3.095561102963984
16,2,0,34,2.4498121469514444,2.5624500289559364,0.11263788200449198,3.095561102963984
16,2,0,35,2.5624500289559364,2.682876148959622,0.12042612000368536,3.095561102963984
16,2,0,36,2.682876148959622,2.8111908430000767,0.12831469404045492,3.095561102963984
16,2,0,37,2.8111908430000767,2.946944848052226,0.1357540050521493,3.095561102963984
16,2,0,38,2.946944848052226,3.0956873450195417,0.14874249696731567,3.095561102963984
16,2,1,6,-0.030924162012524903,0.06916458101477474,0.10008874302729964,3.095561102963984
16,2,1,7,0.06916458101477474,0.16981088602915406,0.10064630501437932,3.095561102963984
16,2,1,8,0.16981088602915406,0.2649483720306307,0.09513748600147665,3.095561102963984
16,2,1,9,0.2649483720306307,0.3617803320521489,0.09683196002151817,3.095561102963984
16,2,1,10,0.3617803320521489,0.4555909390328452,0.09381060698069632,3.095561102963984
16,2,1,11,0.4555909390328452,0.552538193995133,0.09694725496228784,3.095561102963984
16,2,1,12,0.552538193995133,0.6467807949520648,0.09424260095693171,3.095561102963984
16,2,1,13,0.6467807949520648,0.7442043779883534,0.09742358303628862,3.095561102963984
16,2,1,14,0.7442043779883534,0.8437386869918555,0.09953430900350213,3.095561102963984
16,2,1,15,0.8437386869918555,0.9473655730253085,0.10362688603345305,3.095561102963984
16,2,1,16,0.9473655730253085,1.0488904130179435,0.10152483999263495,3.095561102963984
16,2,1,17,1.0488904130179435,1.15114229102619,0.10225187800824642,3.095561102963984
16,2,1,18,1.15114229102619,1.249422644963488,0.09828035393729806,3.095561102963984
16,2,1,19,1.249422644963488,1.3470902720000595,0.0976676270365715,3.095561102963984
16,2,1,20,1.3470902720000595,1.4417807280551642,0.09469045605510473,3.095561102963984
16,2,1,21,1.4417807280551642,1.539796625962481,0.09801589790731668,3.095561102963984
16,2,1,22,1.539796625962481,1.636169706005603,0.09637308004312217,3.095561102963984
16,2,1,23,1.636169706005603,1.7358972450019792,0.0997275389963761,3.095561102963984
16,2,1,24,1.7358972450019792,1.8358435990521684,0.09994635405018926,3.095561102963984
16,2,1,25,1.8358435990521684,1.9397269680630416,0.10388336901087314,3.095561102963984
16,2,1,26,1.9397269680630416,2.041592683061026,0.10186571499798447,3.095561102963984
16,2,1,27,2.041592683061026,2.144698324962519,0.10310564190149307,3.095561102963984
16,2,1,28,2.144698324962519,2.244193481048569,0.09949515608604997,3.095561102963984
16,2,1,29,2.244193481048569,2.3444706610171124,0.10027717996854335,3.095561102963984
16,2,1,30,2.3444706610171124,2.4501514340518042,0.10568077303469181,3.095561102963984
16,2,1,31,2.4501514340518042,2.5628443689784035,0.11269293492659926,3.095561102963984
16,2,1,32,2.5628443689784035,2.683239134028554,0.12039476505015045,3.095561102963984
16,2,1,33,2.683239134028554,2.811557309003547,0.12831817497499287,3.095561102963984
16,2,1,34,2.811557309003547,2.9472781700314954,0.13572086102794856,3.095561102963984
16,2,1,35,2.9472781700314954,3.0961332540027797,0.14885508397128433,3.095561102963984
16,2,2,2,-0.03099083504639566,0.06929217698052526,0.10028301202692091,3.095561102963984
16,2,2,3,0.06929217698052526,0.16991832200437784,0.10062614502385259,3.095561102963984
16,2,2,4,0.16991832200437784,0.26508083601947874,0.0951625140151009,3.095561102963984
16,2,2,5,0.26508083601947874,0.3618886120384559,0.09680777601897717,3.095561102963984
16,2,2,6,0.3618886120384559,0.4559853470418602,0.09409673500340432,3.095561102963984
16,2,2,7,0.4559853470418602,0.5527162640355527,0.09673091699369252,3.095561102963984
16,2,2,8,0.5527162640355527,0.6469674650579691,0.09425120102241635,3.095561102963984
16,2,2,9,0.6469674650579691,0.7444079830311239,0.09744051797315478,3.095561102963984
16,2,2,10,0.7444079830311239,0.8438754259841517,0.09946744295302778,3.095561102963984
16,2,2,11,0.8438754259841517,0.9475183880422264,0.10364296205807477,3.095561102963984
16,2,2,12,0.9475183880422264,1.0490252169547603,0.10150682891253382,3.095561102963984
16,2,2,13,1.0490252169547603,1.1513064859900624,0.1022812690353021,3.095561102963984
16,2,2,14,1.1513064859900624,1.2495562289841473,0.09824974299408495,3.095561102963984
16,2,2,15,1.2495562289841473,1.3472252819919959,0.09766905300784856,3.095561102963984
16,2,2,16,1.3472252819919959,1.4419144080020487,0.09468912601005286,3.095561102963984
16,2,2,17,1.4419144080020487,1.539937973022461,0.0980235650204122,3.095561102963984
16,2,2,18,1.539937973022461,1.636321751982905,0.09638377896044403,3.095561102963984
16,2,2,19,1.636321751982905,1.73604253702797,0.09972078504506499,3.095561102963984
16,2,2,20,1.73604253702797,1.8362698149867356,0.10022727795876563,3.095561102963984
16,2,2,21,1.8362698149867356,1.93992336303927,0.10365354805253446,3.095561102963984
16,2,2,22,1.93992336303927,2.0418124409625307,0.10188907792326063,3.095561102963984
16,2,2,23,2.0418124409625307,2.144883304950781,0.1030708639882505,3.095561102963984
16,2,2,24,2.144883304950781,2.2444692299468443,0.09958592499606311,3.095561102963984
16,2,2,25,2.2444692299468443,2.344653276959434,0.10018404701258987,3.095561102963984
16,2,2,26,2.344653276959434,2.450344096054323,0.10569081909488887,3.095561102963984
16,2,2,27,2.450344096054323,2.563045807997696,0.11270171194337308,3.095561102963984
16,2,2,28,2.563045807997696,2.683441051049158,0.12039524305146188,3.095561102963984
16,2,2,29,2.683441051049158,2.8117514880141243,0.12831043696496636,3.095561102963984
16,2,2,30,2.8117514880141243,2.9474536280613393,0.13570214004721493,3.095561102963984
16,2,2,31,2.9474536280613393,3.096353732049465,0.14890010398812592,3.095561102963984
16,2,3,1,0.8435910469852388,0.9472486489685252,0.10365760198328644,3.095561102963984
16,2,3,2,0.9472486489685252,1.048795165028423,0.10154651605989784,3.095561102963984
16,2,3,3,1.048795165028423,1.151030943961814,0.10223577893339097,3.095561102963984
16,2,3,4,1.151030943961814,1.249307719990611,0.09827677602879703,3.095561102963984
16,2,3,5,1.249307719990611,1.3469984310213476,0.09769071103073657,3.095561102963984
16,2,3,6,1.3469984310213476,1.4416880829958245,0.09468965197447687,3.095561102963984
16,2,3,7,1.4416880829958245,1.539699558983557,0.09801147598773241,3.095561102963984
16,2,3,8,1.539699558983557,1.6360727390274405,0.09637318004388362,3.095561102963984
16,2,3,9,1.6360727390274405,1.7357963810209185,0.09972364199347794,3.095561102963984
16,2,3,10,1.7357963810209185,1.8357522709993646,0.09995588997844607,3.095561102963984
16,2,3,11,1.8357522709993646,1.939631710993126,0.10387943999376148,3.095561102963984
16,2,3,12,1.939631710993126,2.0414942350471392,0.10186252405401319,3.095561102963984
16,2,3,13,2.0414942350471392,2.144602842978202,0.10310860793106258,3.095561102963984
16,2,3,14,2.144602842978202,2.2440840019844472,0.09948115900624543,3.095561102963984
16,2,3,15,2.2440840019844472,2.344375579035841,0.10029157705139369,3.095561102963984
16,2,3,16,2.344375579035841,2.4500553070101887,0.10567972797434777,3.095561102963984
16,2,3,17,2.4500553070101887,2.5627525079762563,0.11269720096606761,3.095561102963984
16,2,3,18,2.5627525079762563,2.6831372400047258,0.12038473202846944,3.095561102963984
16,2,3,19,2.6831372400047258,2.811456253984943,0.12831901398021728,3.095561102963984
16,2,3,20,2.811456253984943,2.9471786060603335,0.13572235207539052,3.095561102963984
16,2,3,21,2.9471786060603335,3.0960229439660907,0.14884433790575713,3.095561102963984
16,2,4,4,-0.03107108094263822,0.06922519602812827,0.10029627697076648,3.095561102963984
16,2,4,5,0.06922519602812827,0.16986637900117785,0.10064118297304958,3.095561102963984
16,2,4,6,0.16986637900117785,0.26500462100375444,0.09513824200257659,3.095561102963984
16,2,4,7,0.26500462100375444,0.3618345899740234,0.09682996897026896,3.095561102963984
16,2,4,8,0.3618345899740234,0.455642641056329,0.09380805108230561,3.095561102963984
16,2,4,9,0.455642641056329,0.552586890058592,0.09694424900226295,3.095561102963984
16,2,4,10,0.552586890058592,0.6468362150480971,0.09424932498950511,3.095561102963984
16,2,4,11,0.6468362150480971,0.7442717869998887,0.09743557195179164,3.095561102963984
16,2,4,12,0.7442717869998887,0.843784990021959,0.09951320302207023,3.095561102963984
16,2,4,13,0.843784990021959,0.9474107070127502,0.10362571699079126,3.095561102963984
16,2,4,14,0.9474107070127502,1.048936698003672,0.10152599099092185,3.095561102963984
16,2,4,15,1.048936698003672,1.1511943429941311,0.10225764499045908,3.095561102963984
16,2,4,16,1.1511943429941311,1.2494692660402507,0.09827492304611951,3.095561102963984
16,2,4,17,1.2494692660402507,1.3471359299728647,0.09766666393261403,3.095561102963984
16,2,4,18,1.3471359299728647,1.4418269679881632,0.09469103801529855,3.095561102963984
16,2,4,19,1.4418269679881632,1.539844183018431,0.09801721503026783,3.095561102963984
16,2,4,20,1.539844183018431,1.6362148040207103,0.09637062100227922,3.095561102963984
16,2,4,21,1.6362148040207103,1.7359464770415798,0.0997316730208695,3.095561102963984
16,2,4,22,1.7359464770415798,1.835889591020532,0.09994311397895217,3.095561102963984
16,2,4,23,1.835889591020532,1.9397710950579494,0.10388150403741747,3.095561102963984
16,2,4,24,1.9397710950579494,2.0416399349924177,0.10186883993446827,3.095561102963984
16,2,4,25,2.0416399349924177,2.1447434610454366,0.10310352605301887,3.095561102963984
16,2,4,26,2.1447434610454366,2.244305634056218,0.09956217301078141,3.095561102963984
16,2,4,27,2.244305634056218,2.344516271026805,0.10021063697058707,3.095561102963984
16,2,4,28,2.344516271026805,2.4501977070467547,0.10568143601994962,3.095561102963984
16,2,4,29,2.4501977070467547,2.5628873490495607,0.11268964200280607,3.095561102963984
16,2,4,30,2.5628873490495607,2.6832942890468985,0.12040693999733776,3.095561102963984
16,2,4,31,2.6832942890468985,2.8116068369708955,0.12831254792399704,3.095561102963984
16,2,4,32,2.8116068369708955,2.9473217639606446,0.13571492698974907,3.095561102963984
16,2,4,33,2.9473217639606446,3.0961869689635932,0.14886520500294864,3.095561102963984
16,2,5,1,0.26538823603186756,0.36196335405111313,0.09657511801924556,3.095561102963984
16,2,5,2,0.36196335405111313,0.4560372909763828,0.09407393692526966,3.095561102963984
16,2,5,3,0.4560372909763828,0.5527624860405922,0.0967251950642094,3.095561102963984
16,2,5,4,0.5527624860405922,0.6470188699895516,0.09425638394895941,3.095561102963984
16,2,5,5,0.6470188699895516,0.7444638160523027,0.09744494606275111,3.095561102963984
16,2,5,6,0.7444638160523027,0.8439190960489213,0.09945527999661863,3.095561102963984
16,2,5,7,0.8439190960489213,0.947561391047202,0.1036422949982807,3.095561102963984
16,2,5,8,0.947561391047202,1.0490841179853305,0.10152272693812847,3.095561102963984
16,2,5,9,1.0490841179853305,1.1513711919542402,0.10228707396890968,3.095561102963984
16,2,5,10,1.1513711919542402,1.2495991180185229,0.09822792606428266,3.095561102963984
16,2,5,11,1.2495991180185229,1.3472791969543323,0.09768007893580943,3.095561102963984
16,2,5,12,1.3472791969543323,1.441958655952476,0.09467945899814367,3.095561102963984
16,2,5,13,1.441958655952476,1.539984288974665,0.09802563302218914,3.095561102963984
16,2,5,14,1.539984288974665,1.6363704029936343,0.09638611401896924,3.095561102963984
16,2,5,15,1.6363704029936343,1.7360911860596389,0.09972078306600451,3.095561102963984
16,2,5,16,1.7360911860596389,1.8363371830200776,0.10024599696043879,3.095561102963984
16,2,5,17,1.8363371830200776,1.9399675920139998,0.10363040899392217,3.095561102963984
16,2,5,18,1.9399675920139998,2.041859530028887,0.10189193801488727,3.095561102963984
16,2,5,19,2.041859530028887,2.14492941100616,0.10306988097727299,3.095561102963984
16,2,5,20,2.14492941100616,2.2445225190604106,0.09959310805425048,3.095561102963984
16,2,5,21,2.2445225190604106,2.344699276960455,0.10017675790004432,3.095561102963984
16,2,5,22,2.344699276960455,2.450390654965304,0.10569137800484896,3.095561102963984
16,2,5,23,2.450390654965304,2.5630916190566495,0.11270096409134567,3.095561102963984
16,2,5,24,2.5630916190566495,2.68349089496769,0.1203992759110406,3.095561102963984
16,2,5,25,2.68349089496769,2.811800164054148,0.1283092690864578,3.095561102963984
16,2,5,26,2.811800164054148,2.9474985969718546,0.13569843291770667,3.095561102963984
16,2,5,27,2.9474985969718546,3.0964046970475465,0.14890610007569194,3.095561102963984
16,2,6,1,0.06906396697741002,0.16974194895010442,0.1006779819726944,3.095561102963984
16,2,6,2,0.16974194895010442,0.264881910989061,0.09513996203895658,3.095561102963984
16,2,6,3,0.264881910989061,0.36171429394744337,0.09683238295838237,3.095561102963984
16,2,6,4,0.36171429394744337,0.4555307109840214,0.09381641703657806,3.095561102963984
16,2,6,5,0.4555307109840214,0.5524822509614751,0.09695153997745365,3.095561102963984
16,2,6,6,0.5524822509614751,0.6467194990254939,0.09423724806401879,3.095561102963984
16,2,6,7,0.6467194990254939,0.7441360399825498,0.09741654095705599,3.095561102963984
16,2,6,8,0.7441360399825498,0.8436872790334746,0.09955123905092478,3.095561102963984
16,2,6,9,0.8436872790334746,0.9473155910382047,0.1036283120047301,3.095561102963984
16,2,6,10,0.9473155910382047,1.0488436130108312,0.10152802197262645,3.095561102963984
16,2,6,11,1.0488436130108312,1.151087705977261,0.10224409296642989,3.095561102963984
16,2,6,12,1.151087705977261,1.2493537979898974,0.09826609201263636,3.095561102963984
16,2,6,13,1.2493537979898974,1.347044448950328,0.0976906509604305,3.095561102963984
16,2,6,14,1.347044448950328,1.4417341490043327,0.09468970005400479,3.095561102963984
16,2,6,15,1.4417341490043327,1.5397473250050098,0.09801317600067705,3.095561102963984
16,2,6,16,1.5397473250050098,1.636122014024295,0.09637468901928514,3.095561102963984
16,2,6,17,1.636122014024295,1.735846227966249,0.09972421394195408,3.095561102963984
16,2,6,18,1.735846227966249,1.8357978770509362,0.09995164908468723,3.095561102963984
16,2,6,19,1.8357978770509362,1.939678919967264,0.10388104291632771,3.095561102963984
16,2,6,20,1.939678919967264,2.041542256018147,0.10186333605088294,3.095561102963984
16,2,6,21,2.041542256018147,2.144650595029816,0.10310833901166916,3.095561102963984
16,2,6,22,2.144650595029816,2.2441373059991747,0.09948671096935868,3.095561102963984
16,2,6,23,2.2441373059991747,2.344422066002153,0.10028476000297815,3.095561102963984
16,2,6,24,2.344422066002153,2.4501043090131134,0.10568224301096052,3.095561102963984
16,2,6,25,2.4501043090131134,2.562799646053463,0.11269533704034984,3.095561102963984
16,2,6,26,2.562799646053463,2.683188069029711,0.12038842297624797,3.095561102963984
16,2,6,27,2.683188069029711,2.8115056429523975,0.12831757392268628,3.095561102963984
16,2,6,28,2.8115056429523975,2.947223642957397,0.13571800000499934,3.095561102963984
16,2,6,29,2.947223642957397,3.096076890011318,0.14885324705392122,3.095561102963984
16,2,7,1,0.6473055080277845,0.7445346090244129,0.0972291009966284,3.095561102963984
16,2,7,2,0.7445346090244129,0.8439619420096278,0.09942733298521489,3.095561102963984
16,2,7,3,0.8439619420096278,0.947605074965395,0.10364313295576721,3.095561102963984
16,2,7,4,0.947605074965395,1.0491290029603988,0.10152392799500376,3.095561102963984
16,2,7,5,1.0491290029603988,1.1514301580609754,0.10230115510057658,3.095561102963984
16,2,7,6,1.1514301580609754,1.2496422580443323,0.0982120999833569,3.095561102963984
16,2,7,7,1.2496422580443323,1.3473238330334425,0.09768157498911023,3.095561102963984
16,2,7,8,1.3473238330334425,1.4422973110340536,0.09497347800061107,3.095561102963984
16,2,7,9,1.4422973110340536,1.5400941589614376,0.09779684792738408,3.095561102963984
16,2,7,10,1.5400941589614376,1.6364816599525511,0.09638750099111348,3.095561102963984
16,2,7,11,1.6364816599525511,1.736201316001825,0.09971965604927391,3.095561102963984
16,2,7,12,1.736201316001825,1.8364303519483656,0.10022903594654053,3.095561102963984
16,2,7,13,1.8364303519483656,1.9400589360157028,0.10362858406733721,3.095561102963984
16,2,7,14,1.9400589360157028,2.0419494960224256,0.10189056000672281,3.095561102963984
16,2,7,15,2.0419494960224256,2.1450334229739383,0.1030839269515127,3.095561102963984
16,2,7,16,2.1450334229739383,2.2446264720056206,0.09959304903168231,3.095561102963984
16,2,7,17,2.2446264720056206,2.344790225964971,0.10016375395935029,3.095561102963984
16,2,7,18,2.344790225964971,2.450479162042029,0.10568893607705832,3.095561102963984
16,2,7,19,2.450479162042029,2.563175161019899,0.11269599897786975,3.095561102963984
16,2,7,20,2.563175161019899,2.683605278027244,0.12043011700734496,3.095561102963984
16,2,7,21,2.683605278027244,2.811895722988993,0.12829044496174902,3.095561102963984
16,2,7,22,2.811895722988993,2.947582827997394,0.13568710500840098,3.095561102963984
16,2,7,23,2.947582827997394,3.0965067880460992,0.14892396004870534,3.095561102963984
16,2,8,1,0.4559231010498479,0.5526640759781003,0.0967409749282524,3.095561102963984
16,2,8,2,0.5526640759781003,0.6469133320497349,0.09424925607163459,3.095561102963984
16,2,8,3,0.6469133320497349,0.7443506040144712,0.09743727196473628,3.095561102963984
16,2,8,4,0.7443506040144712,0.8438302209833637,0.09947961696889251,3.095561102963984
16,2,8,5,0.8438302209833637,0.9474724220344797,0.10364220105111599,3.095561102963984
16,2,8,6,0.9474724220344797,1.0489815160399303,0.1015090940054506,3.095561102963984
16,2,8,7,1.0489815160399303,1.1512453720206395,0.1022638559807092,3.095561102963984
16,2,8,8,1.1512453720206395,1.2495124590350315,0.09826708701439202,3.095561102963984
16,2,8,9,1.2495124590350315,1.3471790220355615,0.09766656300053,3.095561102963984
16,2,8,10,1.3471790220355615,1.4418709520250559,0.09469192998949438,3.095561102963984
16,2,8,11,1.4418709520250559,1.5398913499666378,0.0980203979415819,3.095561102963984
16,2,8,12,1.5398913499666378,1.636274083983153,0.09638273401651531,3.095561102963984
16,2,8,13,1.636274083983153,1.7359945150092244,0.09972043102607131,3.095561102963984
16,2,8,14,1.7359945150092244,1.8359348359517753,0.0999403209425509,3.095561102963984
16,2,8,15,1.8359348359517753,1.9398139209952205,0.10387908504344523,3.095561102963984
16,2,8,16,1.9398139209952205,2.041715980041772,0.10190205904655159,3.095561102963984
16,2,8,17,2.041715980041772,2.1447900369530544,0.10307405691128224,3.095561102963984
16,2,8,18,2.1447900369530544,2.2443625919986516,0.09957255504559726,3.095561102963984
16,2,8,19,2.2443625919986516,2.34456052898895,0.10019793699029833,3.095561102963984
16,2,8,20,2.34456052898895,2.4502447129925713,0.10568418400362134,3.095561102963984
16,2,8,21,2.4502447129925713,2.5629306900082156,0.11268597701564431,3.095561102963984
16,2,8,22,2.5629306900082156,2.6833432120038196,0.12041252199560404,3.095561102963984
16,2,8,23,2.6833432120038196,2.8116543750511482,0.1283111630473286,3.095561102963984
16,2,8,24,2.8116543750511482,2.9473648900166154,0.13571051496546715,3.095561102963984
16,2,8,25,2.9473648900166154,3.0962403990561143,0.14887550903949887,3.095561102963984
16,2,9,1,1.2491745470324531,1.3468946480425075,0.09772010101005435,3.095561102963984
16,2,9,2,1.3468946480425075,1.44158701505512,0.09469236701261252,3.095561102963984
16,2,9,3,1.44158701505512,1.5395956119755283,0.09800859692040831,3.095561102963984
16,2,9,4,1.5395956119755283,1.6356673339614645,0.09607172198593616,3.095561102963984
16,2,9,5,1.6356673339614645,1.735608545015566,0.09994121105410159,3.095561102963984
16,2,9,6,1.735608545015566,1.835597214056179,0.09998866904061288,3.095561102963984
16,2,9,7,1.835597214056179,1.9394771320512518,0.1038799179950729,3.095561102963984
16,2,9,8,1.9394771320512518,2.0413317140191793,0.10185458196792752,3.095561102963984
16,2,9,9,2.0413317140191793,2.1444493130547926,0.10311759903561324,3.095561102963984
16,2,9,10,2.1444493130547926,2.2439014449482784,0.09945213189348578,3.095561102963984
16,2,9,11,2.2439014449482784,2.3442096080398187,0.10030816309154034,3.095561102963984
16,2,9,12,2.3442096080398187,2.449897154001519,0.10568754596170038,3.095561102963984
16,2,9,13,2.449897154001519,2.562602267949842,0.11270511394832283,3.095561102963984
16,2,9,14,2.562602267949842,2.6829679450020194,0.12036567705217749,3.095561102963984
16,2,9,15,2.6829679450020194,2.8112935159588233,0.12832557095680386,3.095561102963984
16,2,9,16,2.8112935159588233,2.9470291909528896,0.13573567499406636,3.095561102963984
16,2,9,17,2.9470291909528896,3.0958500299602747,0.14882083900738508,3.095561102963984
16,2,10,1,1.4422308839857578,1.5400468000443652,0.0978159160586074,3.095561102963984
16,2,10,2,1.5400468000443652,1.6364332919474691,0.09638649190310389,3.095561102963984
16,2,10,3,1.6364332919474691,1.736141797970049,0.09970850602257997,3.095561102963984
16,2,10,4,1.736141797970049,1.8363856030628085,0.10024380509275943,3.095561102963984
16,2,10,5,1.8363856030628085,1.9400138220516965,0.10362821898888797,3.095561102963984
16,2,10,6,1.9400138220516965,2.0419046509778127,0.10189082892611623,3.095561102963984
16,2,10,7,2.0419046509778127,2.144973768037744,0.10306911705993116,3.095561102963984
16,2,10,8,2.144973768037744,2.244572399999015,0.09959863196127117,3.095561102963984
16,2,10,9,2.244572399999015,2.3447457459988073,0.10017334599979222,3.095561102963984
16,2,10,10,2.3447457459988073,2.4504354629898444,0.10568971699103713,3.095561102963984
16,2,10,11,2.4504354629898444,2.563134349999018,0.11269888700917363,3.095561102963984
16,2,10,12,2.563134349999018,2.683538754004985,0.12040440400596708,3.095561102963984
16,2,10,13,2.683538754004985,2.8118494390510023,0.12831068504601717,3.095561102963984
16,2,10,14,2.8118494390510023,2.947541045024991,0.13569160597398877,3.095561102963984
16,2,10,15,2.947541045024991,3.0964557039551437,0.14891465893015265,3.095561102963984
16,2,11,1,1.0487245250260457,1.1509672519750893,0.10224272694904357,3.095561102963984
16,2,11,2,1.1509672519750893,1.2492454850580543,0.09827823308296502,3.095561102963984
16,2,11,3,1.2492454850580543,1.3469515210017562,0.09770603594370186,3.095561102963984
16,2,11,4,1.3469515210017562,1.4416410010308027,0.09468948002904654,3.095561102963984
16,2,11,5,1.4416410010308027,1.5396498780464754,0.09800887701567262,3.095561102963984
16,2,11,6,1.5396498780464754,1.6357314720517024,0.09608159400522709,3.095561102963984
16,2,11,7,1.6357314720517024,1.7356666780542582,0.09993520600255579,3.095561102963984
16,2,11,8,1.7356666780542582,1.8356539830565453,0.09998730500228703,3.095561102963984
16,2,11,9,1.8356539830565453,1.9395338169997558,0.10387983394321054,3.095561102963984
16,2,11,10,1.9395338169997558,2.0413908569607884,0.10185703996103257,3.095561102963984
16,2,11,11,2.0413908569607884,2.144504670985043,0.10311381402425468,3.095561102963984
16,2,11,12,2.144504670985043,2.243968839989975,0.09946416900493205,3.095561102963984
16,2,11,13,2.243968839989975,2.344274975010194,0.10030613502021879,3.095561102963984
16,2,11,14,2.344274975010194,2.4499534940114245,0.1056785190012306,3.095561102963984
16,2,11,15,2.4499534940114245,2.562657534959726,0.11270404094830155,3.095561102963984
16,2,11,16,2.562657534959726,2.6830290789948776,0.1203715440351516,3.095561102963984
16,2,11,17,2.6830290789948776,2.8113531690323725,0.1283240900374949,3.095561102963984
16,2,11,18,2.8113531690323725,2.94708203303162,0.13572886399924755,3.095561102963984
16,2,11,19,2.94708203303162,3.0959122839849442,0.14883025095332414,3.095561102963984
16,2,12,1,1.6360115220304579,1.7357408029492944,0.0997292809188366,3.095561102963984
16,2,12,2,1.7357408029492944,1.8357044600415975,0.09996365709230304,3.095561102963984
16,2,12,3,1.8357044600415975,1.9395824290113524,0.10387796896975487,3.095561102963984
16,2,12,4,1.9395824290113524,2.041443104040809,0.10186067502945662,3.095561102963984
16,2,12,5,2.041443104040809,2.1445536860264838,0.1031105819856748,3.095561102963984
16,2,12,6,2.1445536860264838,2.24402798502706,0.09947429900057614,3.095561102963984
16,2,12,7,2.24402798502706,2.344326709047891,0.10029872402083129,3.095561102963984
16,2,12,8,2.344326709047891,2.45000454003457,0.1056778309866786,3.095561102963984
16,2,12,9,2.45000454003457,2.5627074550138786,0.11270291497930884,3.095561102963984
16,2,12,10,2.5627074550138786,2.6830836889566854,0.12037623394280672,3.095561102963984
16,2,12,11,2.6830836889566854,2.81140498095192,0.1283212919952348,3.095561102963984
16,2,12,12,2.81140498095192,2.9471294470131397,0.13572446606121957,3.095561102963984
16,2,12,13,2.9471294470131397,3.095968018984422,0.14883857197128236,3.095561102963984
16,2,13,1,2.2449285839684308,2.3448526019928977,0.09992401802446693,3.095561102963984
16,2,13,2,2.3448526019928977,2.4505254790419713,0.10567287704907358,3.095561102963984
16,2,13,3,2.4505254790419713,2.5632193560013548,0.11269387695938349,3.095561102963984
16,2,13,4,2.5632193560013548,2.6836549929575995,0.12043563695624471,3.095561102963984
16,2,13,5,2.6836549929575995,2.8119438079884276,0.12828881503082812,3.095561102963984
16,2,13,6,2.8119438079884276,2.9476393150398508,0.1356955070514232,3.095561102963984
16,2,13,7,2.9476393150398508,3.096555382013321,0.14891606697347015,3.095561102963984
16,2,14,1,1.836203609011136,1.9398767889942974,0.10367317998316139,3.095561102963984
16,2,14,2,1.9398767889942974,2.0417644140543416,0.10188762506004423,3.095561102963984
16,2,14,3,2.0417644140543416,2.144836704013869,0.10307228995952755,3.095561102963984
16,2,14,4,2.144836704013869,2.244416292058304,0.09957958804443479,3.095561102963984
16,2,14,5,2.244416292058304,2.3446064189774916,0.1001901269191876,3.095561102963984
16,2,14,6,2.3446064189774916,2.4502986849984154,0.10569226602092385,3.095561102963984
16,2,14,7,2.4502986849984154,2.562973781954497,0.11267509695608169,3.095561102963984
16,2,14,8,2.562973781954497,2.683390371967107,0.12041659001260996,3.095561102963984
16,2,14,9,2.683390371967107,2.811703562969342,0.12831319100223482,3.095561102963984
16,2,14,10,2.811703562969342,2.9474088799906895,0.13570531702134758,3.095561102963984
16,2,14,11,2.9474088799906895,3.0962992960121483,0.1488904160214588,3.095561102963984
16,2,15,1,2.042216586996801,2.145099382963963,0.10288279596716166,3.095561102963984
16,2,15,2,2.145099382963963,2.2449880220228806,0.09988863905891776,3.095561102963984
16,2,15,3,2.2449880220228806,2.344900188036263,0.09991216601338238,3.095561102963984
16,2,15,4,2.344900188036263,2.4505840729689226,0.10568388493265957,3.095561102963984
16,2,15,5,2.4505840729689226,2.5632692689541727,0.11268519598525017,3.095561102963984
16,2,15,6,2.5632692689541727,2.68370298598893,0.12043371703475714,3.095561102963984
16,2,15,7,2.68370298598893,2.812002514023334,0.12829952803440392,3.095561102963984
16,2,15,8,2.812002514023334,2.9476835520472378,0.13568103802390397,3.095561102963984
16,2,15,9,2.9476835520472378,3.0966041850624606,0.14892063301522285,3.095561102963984
16,3,0,9,-0.03317172697279602,0.06262801901903003,0.09579974599182606,3.0212000439641997
16,3,0,10,0.06262801901903003,0.15796722494997084,0.0953392059309408,3.0212000439641997
16,3,0,11,0.15796722494997084,0.2512787919258699,0.09331156697589904,3.0212000439641997
16,3,0,12,0.2512787919258699,0.346593632013537,0.09531484008766711,3.0212000439641997
16,3,0,13,0.346593632013537,0.4391794929979369,0.09258586098439991,3.0212000439641997
16,3,0,14,0.4391794929979369,0.5351106629241258,0.09593116992618889,3.0212000439641997
16,3,0,15,0.5351106629241258,0.6275772990193218,0.09246663609519601,3.0212000439641997
16,3,0,16,0.6275772990193218,0.7229236100101843,0.09534631099086255,3.0212000439641997
16,3,0,17,0.7229236100101843,0.8185516980011016,0.09562808799091727,3.0212000439641997
16,3,0,18,0.8185516980011016,0.9187462310073897,0.10019453300628811,3.0212000439641997
16,3,0,19,0.9187462310073897,1.015837823972106,0.09709159296471626,3.0212000439641997
16,3,0,20,1.015837823972106,1.113518044934608,0.09768022096250206,3.0212000439641997
16,3,0,21,1.113518044934608,1.2082830249564722,0.09476498002186418,3.0212000439641997
16,3,0,22,1.2082830249564722,1.3047262539621443,0.09644322900567204,3.0212000439641997
16,3,0,23,1.3047262539621443,1.3990268500056118,0.09430059604346752,3.0212000439641997
16,3,0,24,1.3990268500056118,1.4962706739315763,0.09724382392596453,3.0212000439641997
16,3,0,25,1.4962706739315763,1.5912285519298166,0.09495787799824029,3.0212000439641997
16,3,0,26,1.5912285519298166,1.6866487009683624,0.09542014903854579,3.0212000439641997
16,3,0,27,1.6866487009683624,1.7830187799409032,0.0963700789725408,3.0212000439641997
16,3,0,28,1.7830187799409032,1.8829811139730737,0.09996233403217047,3.0212000439641997
16,3,0,29,1.8829811139730737,1.9824819560162723,0.09950084204319865,3.0212000439641997
16,3,0,30,1.9824819560162723,2.0826876789797097,0.10020572296343744,3.0212000439641997
16,3,0,31,2.0826876789797097,2.179320210008882,0.09663253102917224,3.0212000439641997
16,3,0,32,2.179320210008882,2.2766026629833505,0.09728245297446847,3.0212000439641997
16,3,0,33,2.2766026629833505,2.3814971309620887,0.10489446797873825,3.0212000439641997
16,3,0,34,2.3814971309620887,2.4932714599417523,0.11177432897966355,3.0212000439641997
16,3,0,35,2.4932714599417523,2.6102785100229084,0.1170070500811562,3.0212000439641997
16,3,0,36,2.6102785100229084,2.7374535530107096,0.12717504298780113,3.0212000439641997
16,3,0,37,2.7374535530107096,2.872640641988255,0.1351870889775455,3.0212000439641997
16,3,0,38,2.872640641988255,3.0200963870156556,0.14745574502740055,3.0212000439641997
16,3,0,39,3.0200963870156556,3.0245288650039583,0.004432477988302708,3.0212000439641997
16,3,1,1,0.06288908992428333,0.1580360629595816,0.09514697303529829,3.0212000439641997
16,3,1,2,0.1580360629595816,0.2516161749372259,0.09358011197764426,3.0212000439641997
16,3,1,3,0.2516161749372259,0.3467341170180589,0.09511794208083302,3.0212000439641997
16,3,1,4,0.3467341170180589,0.4392768129473552,0.09254269592929631,3.0212000439641997
16,3,1,5,0.4392768129473552,0.5352285029366612,0.09595168998930603,3.0212000439641997
16,3,1,6,0.5352285029366612,0.6276751219993457,0.09244661906268448,3.0212000439641997
16,3,1,7,0.6276751219993457,0.7230337579967454,0.09535863599739969,3.0212000439641997
16,3,1,8,0.7230337579967454,0.8186546199722216,0.09562086197547615,3.0212000439641997
16,3,1,9,0.8186546199722216,0.9188736949581653,0.10021907498594373,3.0212000439641997
16,3,1,10,0.9188736949581653,1.0159678190248087,0.09709412406664342,3.0212000439641997
16,3,1,11,1.0159678190248087,1.1136392069747671,0.09767138794995844,3.0212000439641997
16,3,1,12,1.1136392069747671,1.2083782909903675,0.09473908401560038,3.0212000439641997
16,3,1,13,1.2083782909903675,1.3048241409705952,0.09644584998022765,3.0212000439641997
16,3,1,14,1.3048241409705952,1.399135268991813,0.09431112802121788,3.0212000439641997
16,3,1,15,1.399135268991813,1.4963666410185397,0.0972313720267266,3.0212000439641997
16,3,1,16,1.4963666410185397,1.591336553916335,0.09496991289779544,3.0212000439641997
16,3,1,17,1.591336553916335,1.686749125015922,0.09541257109958678,3.0212000439641997
16,3,1,18,1.686749125015922,1.7831094829598442,0.09636035794392228,3.0212000439641997
16,3,1,19,1.7831094829598442,1.8830661049578339,0.09995662199798971,3.0212000439641997
16,3,1,20,1.8830661049578339,1.9825700509827584,0.09950394602492452,3.0212000439641997
16,3,1,21,1.9825700509827584,2.0827905429759994,0.10022049199324101,3.0212000439641997
16,3,1,22,2.0827905429759994,2.1794141149148345,0.09662357193883508,3.0212000439641997
16,3,1,23,2.1794141149148345,2.2767207709839568,0.09730665606912225,3.0212000439641997
16,3,1,24,2.2767207709839568,2.381610819022171,0.10489004803821445,3.0212000439641997
16,3,1,25,2.381610819022171,2.4933644559932873,0.11175363697111607,3.0212000439641997
16,3,1,26,2.4933644559932873,2.6103731469484046,0.11700869095511734,3.0212000439641997
16,3,1,27,2.6103731469484046,2.7375578369246796,0.12718468997627497,3.0212000439641997
16,3,1,28,2.7375578369246796,2.8727466149721295,0.1351887780474499,3.0212000439641997
16,3,1,29,2.8727466149721295,3.0201922139385715,0.14744559896644205,3.0212000439641997
16,3,1,30,3.0201922139385715,3.024623111006804,0.004430897068232298,3.0212000439641997
16,3,2,6,-0.033230324974283576,0.0625772379571572,0.09580756293144077,3.0212000439641997
16,3,2,7,0.0625772379571572,0.1579175649676472,0.09534032701049,3.0212000439641997
16,3,2,8,0.1579175649676472,0.25122600293252617,0.09330843796487898,3.0212000439641997
16,3,2,9,0.25122600293252617,0.3465392719954252,0.09531326906289905,3.0212000439641997
16,3,2,10,0.3465392719954252,0.43912906397599727,0.09258979198057204,3.0212000439641997
16,3,2,11,0.43912906397599727,0.5350515759782866,0.0959225120022893,3.0212000439641997
16,3,2,12,0.5350515759782866,0.6275260749971494,0.09247449901886284,3.0212000439641997
16,3,2,13,0.6275260749971494,0.7228677339153364,0.09534165891818702,3.0212000439641997
16,3,2,14,0.7228677339153364,0.8184973659226671,0.09562963200733066,3.0212000439641997
16,3,2,15,0.8184973659226671,0.9186812539119273,0.10018388798926026,3.0212000439641997
16,3,2,16,0.9186812539119273,1.0157839140156284,0.09710266010370106,3.0212000439641997
16,3,2,17,1.0157839140156284,1.1134672249900177,0.09768331097438931,3.0212000439641997
16,3,2,18,1.1134672249900177,1.2082352290162817,0.09476800402626395,3.0212000439641997
16,3,2,19,1.2082352290162817,1.3046209069434553,0.09638567792717367,3.0212000439641997
16,3,2,20,1.3046209069434553,1.3989699910162017,0.09434908407274634,3.0212000439641997
16,3,2,21,1.3989699910162017,1.4962215760024264,0.09725158498622477,3.0212000439641997
16,3,2,22,1.4962215760024264,1.5911710349610075,0.09494945895858109,3.0212000439641997
16,3,2,23,1.5911710349610075,1.6866014449624345,0.09543041000142694,3.0212000439641997
16,3,2,24,1.6866014449624345,1.7829690559301525,0.09636761096771806,3.0212000439641997
16,3,2,25,1.7829690559301525,1.8829346939455718,0.09996563801541924,3.0212000439641997
16,3,2,26,1.8829346939455718,1.982437992002815,0.09950329805724323,3.0212000439641997
16,3,2,27,1.982437992002815,2.082640817970969,0.10020282596815377,3.0212000439641997
16,3,2,28,2.082640817970969,2.178989721927792,0.09634890395682305,3.0212000439641997
16,3,2,29,2.178989721927792,2.2764929649420083,0.09750324301421642,3.0212000439641997
16,3,2,30,2.2764929649420083,2.3814045540057123,0.10491158906370401,3.0212000439641997
16,3,2,31,2.3814045540057123,2.4931777520105243,0.111773198004812,3.0212000439641997
16,3,2,32,2.4931777520105243,2.6101528389845043,0.11697508697398007,3.0212000439641997
16,3,2,33,2.6101528389845043,2.7373144859448075,0.1271616469603032,3.0212000439641997
16,3,2,34,2.7373144859448075,2.872542973025702,0.1352284870808944,3.0212000439641997
16,3,2,35,2.872542973025702,3.0199964289786294,0.14745345595292747,3.0212000439641997
16,3,2,36,3.0199964289786294,3.024434337974526,0.004437908995896578,3.0212000439641997
16,3,3,2,-0.03334041708149016,0.062426826916635036,0.0957672439981252,3.0212000439641997
16,3,3,3,0.062426826916635036,0.15775703499093652,0.09533020807430148,3.0212000439641997
16,3,3,4,0.15775703499093652,0.2510624260175973,0.0933053910266608,3.0212000439641997
16,3,3,5,0.2510624260175973,0.3463801129255444,0.09531768690794706,3.0212000439641997
16,3,3,6,0.3463801129255444,0.43896851502358913,0.09258840209804475,3.0212000439641997
16,3,3,7,0.43896851502358913,0.5348770809359848,0.09590856591239572,3.0212000439641997
16,3,3,8,0.5348770809359848,0.6273801639908925,0.09250308305490762,3.0212000439641997
16,3,3,9,0.6273801639908925,0.7226950519252568,0.09531488793436438,3.0212000439641997
16,3,3,10,0.7226950519252568,0.8180027799680829,0.09530772804282606,3.0212000439641997
16,3,3,11,0.8180027799680829,0.9184275289298967,0.10042474896181375,3.0212000439641997
16,3,3,12,0.9184275289298967,1.015545740025118,0.09711821109522134,3.0212000439641997
16,3,3,13,1.015545740025118,1.1132025349652395,0.09765679494012147,3.0212000439641997
16,3,3,14,1.1132025349652395,1.2077605630038306,0.09455802803859115,3.0212000439641997
16,3,3,15,1.2077605630038306,1.3043058129260316,0.09654524992220104,3.0212000439641997
16,3,3,16,1.3043058129260316,1.3983042699983343,0.0939984570723027,3.0212000439641997
16,3,3,17,1.3983042699983343,1.495818687020801,0.09751441702246666,3.0212000439641997
16,3,3,18,1.495818687020801,1.590354669955559,0.09453598293475807,3.0212000439641997
16,3,3,19,1.590354669955559,1.6861701629823074,0.0958154930267483,3.0212000439641997
16,3,3,20,1.6861701629823074,1.7825168679701164,0.09634670498780906,3.0212000439641997
16,3,3,21,1.7825168679701164,1.8825192369986326,0.10000236902851611,3.0212000439641997
16,3,3,22,1.8825192369986326,1.98176795092877,0.09924871393013746,3.0212000439641997
16,3,3,23,1.98176795092877,2.0821452729869634,0.10037732205819339,3.0212000439641997
16,3,3,24,2.0821452729869634,2.178547137998976,0.09640186501201242,3.0212000439641997
16,3,3,25,2.178547137998976,2.276070939959027,0.09752380196005106,3.0212000439641997
16,3,3,26,2.276070939959027,2.380972211016342,0.10490127105731517,3.0212000439641997
16,3,3,27,2.380972211016342,2.4927865560166538,0.11181434500031173,3.0212000439641997
16,3,3,28,2.4927865560166538,2.6096917869290337,0.11690523091237992,3.0212000439641997
16,3,3,29,2.6096917869290337,2.736797601915896,0.12710581498686224,3.0212000439641997
16,3,3,30,2.736797601915896,2.8721430969890207,0.13534549507312477,3.0212000439641997
16,3,3,31,2.8721430969890207,3.0194745080079883,0.14733141101896763,3.0212000439641997
16,3,3,32,3.0194745080079883,3.0239599569467828,0.004485448938794434,3.0212000439641997
16,3,4,4,-0.0331200190121308,0.06252266094088554,0.09564267995301634,3.0212000439641997
16,3,4,5,0.06252266094088554,0.15786160400602967,0.09533894306514412,3.0212000439641997
16,3,4,6,0.15786160400602967,0.25116923393215984,0.09330762992613018,3.0212000439641997
16,3,4,7,0.25116923393215984,0.3464777449844405,0.09530851105228066,3.0212000439641997
16,3,4,8,0.3464777449844405,0.43907149496953934,0.09259374998509884,3.0212000439641997
16,3,4,9,0.43907149496953934,0.534986536949873,0.09591504198033363,3.0212000439641997
16,3,4,10,0.534986536949873,0.6274696319596842,0.09248309500981122,3.0212000439641997
16,3,4,11,0.6274696319596842,0.7228042689384893,0.09533463697880507,3.0212000439641997
16,3,4,12,0.7228042689384893,0.8184391539543867,0.09563488501589745,3.0212000439641997
16,3,4,13,0.8184391539543867,0.9186245929449797,0.10018543899059296,3.0212000439641997
16,3,4,14,0.9186245929449797,1.015728558995761,0.09710396605078131,3.0212000439641997
16,3,4,15,1.015728558995761,1.113414163934067,0.09768560493830591,3.0212000439641997
16,3,4,16,1.113414163934067,1.208186650997959,0.09477248706389219,3.0212000439641997
16,3,4,17,1.208186650997959,1.304574038949795,0.09638738795183599,3.0212000439641997
16,3,4,18,1.304574038949795,1.3989134549628943,0.09433941601309925,3.0212000439641997
16,3,4,19,1.3989134549628943,1.4961687389295548,0.0972552839666605,3.0212000439641997
16,3,4,20,1.4961687389295548,1.591114385984838,0.09494564705528319,3.0212000439641997
16,3,4,21,1.591114385984838,1.6865500109270215,0.0954356249421835,3.0212000439641997
16,3,4,22,1.6865500109270215,1.7829161459812894,0.09636613505426794,3.0212000439641997
16,3,4,23,1.7829161459812894,1.882851672009565,0.09993552602827549,3.0212000439641997
16,3,4,24,1.882851672009565,1.9823933929437771,0.09954172093421221,3.0212000439641997
16,3,4,25,1.9823933929437771,2.0825946329860017,0.10020124004222453,3.0212000439641997
16,3,4,26,2.0825946329860017,2.178942636004649,0.09634800301864743,3.0212000439641997
16,3,4,27,2.178942636004649,2.276446589967236,0.09750395396258682,3.0212000439641997
16,3,4,28,2.276446589967236,2.381357987993397,0.1049113980261609,3.0212000439641997
16,3,4,29,2.381357987993397,2.493127726018429,0.11176973802503198,3.0212000439641997
16,3,4,30,2.493127726018429,2.610102641978301,0.1169749159598723,3.0212000439641997
16,3,4,31,2.610102641978301,2.7372617709916085,0.1271591290133074,3.0212000439641997
16,3,4,32,2.7372617709916085,2.872491291956976,0.13522952096536756,3.0212000439641997
16,3,4,33,2.872491291956976,3.019940861966461,0.1474495700094849,3.0212000439641997
16,3,4,34,3.019940861966461,3.024386544013396,0.004445682046934962,3.0212000439641997
16,3,5,1,1.0162757699145004,1.1137634459882975,0.09748767607379705,3.0212000439641997
16,3,5,2,1.1137634459882975,1.2084711199859157,0.09470767399761826,3.0212000439641997
16,3,5,3,1.2084711199859157,1.3049134499160573,0.09644232993014157,3.0212000439641997
16,3,5,4,1.3049134499160573,1.399240045924671,0.0943265960086137,3.0212000439641997
16,3,5,5,1.399240045924671,1.496465942938812,0.09722589701414108,3.0212000439641997
16,3,5,6,1.496465942938812,1.591444036923349,0.09497809398453683,3.0212000439641997
16,3,5,7,1.591444036923349,1.6868373879697174,0.09539335104636848,3.0212000439641997
16,3,5,8,1.6868373879697174,1.7834440879523754,0.09660669998265803,3.0212000439641997
16,3,5,9,1.7834440879523754,1.883206732920371,0.09976264496799558,3.0212000439641997
16,3,5,10,1.883206732920371,1.9827074189670384,0.0995006860466674,3.0212000439641997
16,3,5,11,1.9827074189670384,2.0829290099209175,0.10022159095387906,3.0212000439641997
16,3,5,12,2.0829290099209175,2.1795453899540007,0.09661638003308326,3.0212000439641997
16,3,5,13,2.1795453899540007,2.276856767013669,0.0973113770596683,3.0212000439641997
16,3,5,14,2.276856767013669,2.381755133974366,0.10489836696069688,3.0212000439641997
16,3,5,15,2.381755133974366,2.4935169339878485,0.11176180001348257,3.0212000439641997
16,3,5,16,2.4935169339878485,2.610516216023825,0.11699928203597665,3.0212000439641997
16,3,5,17,2.610516216023825,2.737718881922774,0.1272026658989489,3.0212000439641997
16,3,5,18,2.737718881922774,2.8728839649120346,0.13516508298926055,3.0212000439641997
16,3,5,19,2.8728839649120346,3.020331359002739,0.14744739409070462,3.0212000439641997
16,3,5,20,3.020331359002739,3.0247675320133567,0.004436173010617495,3.0212000439641997
16,3,6,1,0.8183378339745104,0.9185594259761274,0.10022159200161695,3.0212000439641997
16,3,6,2,0.9185594259761274,1.0156630219426006,0.09710359596647322,3.0212000439641997
16,3,6,3,1.0156630219426006,1.1133535800036043,0.09769055806100368,3.0212000439641997
16,3,6,4,1.1133535800036043,1.2081345929764211,0.09478101297281682,3.0212000439641997
16,3,6,5,1.2081345929764211,1.3045232889708132,0.09638869599439204,3.0212000439641997
16,3,6,6,1.3045232889708132,1.398853290011175,0.09433000104036182,3.0212000439641997
16,3,6,7,1.398853290011175,1.496060675010085,0.09720738499891013,3.0212000439641997
16,3,6,8,1.496060675010085,1.591055013006553,0.09499433799646795,3.0212000439641997
16,3,6,9,1.591055013006553,1.6864471629960462,0.09539214998949319,3.0212000439641997
16,3,6,10,1.6864471629960462,1.7828025940107182,0.09635543101467192,3.0212000439641997
16,3,6,11,1.7828025940107182,1.8828080769162625,0.10000548290554434,3.0212000439641997
16,3,6,12,1.8828080769162625,1.9820378889562562,0.0992298120399937,3.0212000439641997
16,3,6,13,1.9820378889562562,2.082411373965442,0.10037348500918597,3.0212000439641997
16,3,6,14,2.082411373965442,2.178848073934205,0.0964366999687627,3.0212000439641997
16,3,6,15,2.178848073934205,2.2763542369939387,0.09750616305973381,3.0212000439641997
16,3,6,16,2.2763542369939387,2.381263345014304,0.10490910802036524,3.0212000439641997
16,3,6,17,2.381263345014304,2.493030646000989,0.11176730098668486,3.0212000439641997
16,3,6,18,2.493030646000989,2.6100070469547063,0.11697640095371753,3.0212000439641997
16,3,6,19,2.6100070469547063,2.7371587440138683,0.12715169705916196,3.0212000439641997
16,3,6,20,2.7371587440138683,2.872394156991504,0.13523541297763586,3.0212000439641997
16,3,6,21,2.872394156991504,3.0197847119998187,0.14739055500831455,3.0212000439641997
16,3,6,22,3.0197847119998187,3.024289246997796,0.004504534997977316,3.0212000439641997
16,3,7,1,0.6279380529886112,0.723111902945675,0.0951738499570638,3.0212000439641997
16,3,7,2,0.723111902945675,0.818720354931429,0.09560845198575407,3.0212000439641997
16,3,7,3,0.818720354931429,0.9189260880229995,0.10020573309157044,3.0212000439641997
16,3,7,4,0.9189260880229995,1.0160182829713449,0.09709219494834542,3.0212000439641997
16,3,7,5,1.0160182829713449,1.1136878459947184,0.09766956302337348,3.0212000439641997
16,3,7,6,1.1136878459947184,1.208425548975356,0.09473770298063755,3.0212000439641997
16,3,7,7,1.208425548975356,1.3048689709976315,0.09644342202227563,3.0212000439641997
16,3,7,8,1.3048689709976315,1.3991878780070692,0.09431890700943768,3.0212000439641997
16,3,7,9,1.3991878780070692,1.496415868983604,0.09722799097653478,3.0212000439641997
16,3,7,10,1.496415868983604,1.59139169100672,0.09497582202311605,3.0212000439641997
16,3,7,11,1.59139169100672,1.6867929639993235,0.09540127299260348,3.0212000439641997
16,3,7,12,1.6867929639993235,1.783153613912873,0.09636064991354942,3.0212000439641997
16,3,7,13,1.783153613912873,1.883108168025501,0.0999545541126281,3.0212000439641997
16,3,7,14,1.883108168025501,1.9826151849702,0.09950701694469899,3.0212000439641997
16,3,7,15,1.9826151849702,2.0828374999109656,0.1002223149407655,3.0212000439641997
16,3,7,16,2.0828374999109656,2.179459171020426,0.0966216711094603,3.0212000439641997
16,3,7,17,2.179459171020426,2.2767675339709967,0.09730836295057088,3.0212000439641997
16,3,7,18,2.2767675339709967,2.381656032986939,0.10488849901594222,3.0212000439641997
16,3,7,19,2.381656032986939,2.4934094509808347,0.11175341799389571,3.0212000439641997
16,3,7,20,2.4934094509808347,2.610420281998813,0.11701083101797849,3.0212000439641997
16,3,7,21,2.610420281998813,2.7376086650183424,0.12718838301952928,3.0212000439641997
16,3,7,22,2.7376086650183424,2.8727938840165734,0.135185218998231,3.0212000439641997
16,3,7,23,2.8727938840165734,3.0202399499248713,0.1474460659082979,3.0212000439641997
16,3,7,24,3.0202399499248713,3.024670060025528,0.004430110100656748,3.0212000439641997
16,3,8,1,0.43955681601073593,0.5353104699170217,0.09575365390628576,3.0212000439641997
16,3,8,2,0.5353104699170217,0.6279977019876242,0.09268723207060248,3.0212000439641997
16,3,8,3,0.6279977019876242,0.7231705440208316,0.09517284203320742,3.0212000439641997
16,3,8,4,0.7231705440208316,0.8187713390216231,0.09560079500079155,3.0212000439641997
16,3,8,5,0.8187713390216231,0.9189791709650308,0.10020783194340765,3.0212000439641997
16,3,8,6,0.9189791709650308,1.0163295869715512,0.09735041600652039,3.0212000439641997
16,3,8,7,1.0163295869715512,1.113812702940777,0.09748311596922576,3.0212000439641997
16,3,8,8,1.113812702940777,1.2085168319754303,0.0947041290346533,3.0212000439641997
16,3,8,9,1.2085168319754303,1.3049586559645832,0.09644182398915291,3.0212000439641997
16,3,8,10,1.3049586559645832,1.399292703019455,0.09433404705487192,3.0212000439641997
16,3,8,11,1.399292703019455,1.496512693935074,0.09721999091561884,3.0212000439641997
16,3,8,12,1.496512693935074,1.591494956985116,0.09498226305004209,3.0212000439641997
16,3,8,13,1.591494956985116,1.6868813670007512,0.09538641001563519,3.0212000439641997
16,3,8,14,1.6868813670007512,1.7834904179908335,0.09660905099008232,3.0212000439641997
16,3,8,15,1.7834904179908335,1.883251720922999,0.09976130293216556,3.0212000439641997
16,3,8,16,1.883251720922999,1.9827523849671707,0.09950066404417157,3.0212000439641997
16,3,8,17,1.9827523849671707,2.082974543911405,0.10022215894423425,3.0212000439641997
16,3,8,18,2.082974543911405,2.1795898609561846,0.09661531704477966,3.0212000439641997
16,3,8,19,2.1795898609561846,2.2768994129728526,0.09730955201666802,3.0212000439641997
16,3,8,20,2.2768994129728526,2.3817979659652337,0.10489855299238116,3.0212000439641997
16,3,8,21,2.3817979659652337,2.49356370291207,0.11176573694683611,3.0212000439641997
16,3,8,22,2.49356370291207,2.6105626890202984,0.11699898610822856,3.0212000439641997
16,3,8,23,2.6105626890202984,2.7377682329388335,0.1272055439185351,3.0212000439641997
16,3,8,24,2.7377682329388335,2.8729397249408066,0.1351714920019731,3.0212000439641997
16,3,8,25,2.8729397249408066,3.0203772080130875,0.14743748307228088,3.0212000439641997
16,3,8,26,3.0203772080130875,3.0248127969680354,0.004435588954947889,3.0212000439641997
16,3,9,1,1.3987242419971153,1.4960069010267034,0.0972826590295881,3.0212000439641997
16,3,9,2,1.4960069010267034,1.5909962150035426,0.09498931397683918,3.0212000439641997
16,3,9,3,1.5909962150035426,1.6863994810264558,0.09540326602291316,3.0212000439641997
16,3,9,4,1.6863994810264558,1.782749967998825,0.09635048697236925,3.0212000439641997
16,3,9,5,1.782749967998825,1.8827630039304495,0.10001303593162447,3.0212000439641997
16,3,9,6,1.8827630039304495,1.9819891069782898,0.0992261030478403,3.0212000439641997
16,3,9,7,1.9819891069782898,2.082364692003466,0.1003755850251764,3.0212000439641997
16,3,9,8,2.082364692003466,2.1788007059367374,0.09643601393327117,3.0212000439641997
16,3,9,9,2.1788007059367374,2.2763080979930237,0.09750739205628633,3.0212000439641997
16,3,9,10,2.2763080979930237,2.3812167099677026,0.10490861197467893,3.0212000439641997
16,3,9,11,2.3812167099677026,2.4929803849663585,0.11176367499865592,3.0212000439641997
16,3,9,12,2.4929803849663585,2.609958727960475,0.11697834299411625,3.0212000439641997
16,3,9,13,2.609958727960475,2.7371028140187263,0.12714408605825156,3.0212000439641997
16,3,9,14,2.7371028140187263,2.872344336938113,0.13524152291938663,3.0212000439641997
16,3,9,15,2.872344336938113,3.0197325199842453,0.14738818304613233,3.0212000439641997
16,3,9,16,3.0197325199842453,3.0242379240226,0.0045054040383547544,3.0212000439641997
16,3,10,1,0.2515520959859714,0.34667065797839314,0.09511856199242175,3.0212000439641997
16,3,10,2,0.34667065797839314,0.43922950397245586,0.09255884599406272,3.0212000439641997
16,3,10,3,0.43922950397245586,0.5351701870094985,0.09594068303704262,3.0212000439641997
16,3,10,4,0.5351701870094985,0.6276264059124514,0.09245621890295297,3.0212000439641997
16,3,10,5,0.6276264059124514,0.7229789999546483,0.09535259404219687,3.0212000439641997
16,3,10,6,0.7229789999546483,0.8186024900060147,0.09562349005136639,3.0212000439641997
16,3,10,7,0.8186024900060147,0.9188219039933756,0.1002194139873609,3.0212000439641997
16,3,10,8,0.9188219039933756,1.0159172849962488,0.09709538100287318,3.0212000439641997
16,3,10,9,1.0159172849962488,1.1135889429133385,0.09767165791708976,3.0212000439641997
16,3,10,10,1.1135889429133385,1.2083312949398533,0.09474235202651471,3.0212000439641997
16,3,10,11,1.2083312949398533,1.3047776399180293,0.09644634497817606,3.0212000439641997
16,3,10,12,1.3047776399180293,1.3990811120020226,0.09430347208399326,3.0212000439641997
16,3,10,13,1.3990811120020226,1.4963198290206492,0.09723871701862663,3.0212000439641997
16,3,10,14,1.4963198290206492,1.5912827369756997,0.09496290795505047,3.0212000439641997
16,3,10,15,1.5912827369756997,1.6866962559288368,0.0954135189531371,3.0212000439641997
16,3,10,16,1.6866962559288368,1.7830651960102841,0.09636894008144736,3.0212000439641997
16,3,10,17,1.7830651960102841,1.883025142014958,0.09995994600467384,3.0212000439641997
16,3,10,18,1.883025142014958,1.982527373940684,0.09950223192572594,3.0212000439641997
16,3,10,19,1.982527373940684,2.0827454950194806,0.10021812107879668,3.0212000439641997
16,3,10,20,2.0827454950194806,2.179367795935832,0.09662230091635138,3.0212000439641997
16,3,10,21,2.179367795935832,2.2766483440063894,0.09728054807055742,3.0212000439641997
16,3,10,22,2.2766483440063894,2.3815648700110614,0.10491652600467205,3.0212000439641997
16,3,10,23,2.3815648700110614,2.4933182229287922,0.11175335291773081,3.0212000439641997
16,3,10,24,2.4933182229287922,2.6103254379704595,0.11700721504166722,3.0212000439641997
16,3,10,25,2.6103254379704595,2.7375071819406003,0.12718174397014081,3.0212000439641997
16,3,10,26,2.7375071819406003,2.872687271912582,0.13518008997198194,3.0212000439641997
16,3,10,27,2.872687271912582,3.0201453929767013,0.14745812106411904,3.0212000439641997
16,3,10,28,3.0201453929767013,3.024575799005106,0.004430406028404832,3.0212000439641997
16,3,11,1,1.5907673980109394,1.6862933449447155,0.09552594693377614,3.0212000439641997
16,3,11,2,1.6862933449447155,1.7826280479785055,0.09633470303378999,3.0212000439641997
16,3,11,3,1.7826280479785055,1.8826495509129018,0.10002150293439627,3.0212000439641997
16,3,11,4,1.8826495509129018,1.9818709519458935,0.09922140103299171,3.0212000439641997
16,3,11,5,1.9818709519458935,2.082256947993301,0.10038599604740739,3.0212000439641997
16,3,11,6,2.082256947993301,2.1786852829391137,0.09642833494581282,3.0212000439641997
16,3,11,7,2.1786852829391137,2.2762060159584507,0.09752073301933706,3.0212000439641997
16,3,11,8,2.2762060159584507,2.3811105369823053,0.10490452102385461,3.0212000439641997
16,3,11,9,2.3811105369823053,2.492874683928676,0.1117641469463706,3.0212000439641997
16,3,11,10,2.492874683928676,2.6098520909436047,0.11697740701492876,3.0212000439641997
16,3,11,11,2.6098520909436047,2.7369716309476644,0.12711954000405967,3.0212000439641997
16,3,11,12,2.7369716309476644,2.8722325549460948,0.13526092399843037,3.0212000439641997
16,3,11,13,2.8722325549460948,3.0196140100015327,0.14738145505543798,3.0212000439641997
16,3,11,14,3.0196140100015327,3.024056192021817,0.0044421820202842355,3.0212000439641997
16,3,12,1,1.2080692789750174,1.3044570939382538,0.09638781496323645,3.0212000439641997
16,3,12,2,1.3044570939382538,1.3984273959649727,0.09397030202671885,3.0212000439641997
16,3,12,3,1.3984273959649727,1.495928869000636,0.09750147303566337,3.0212000439641997
16,3,12,4,1.495928869000636,1.5909301959909499,0.09500132699031383,3.0212000439641997
16,3,12,5,1.5909301959909499,1.6863496080040932,0.0954194120131433,3.0212000439641997
16,3,12,6,1.6863496080040932,1.78268779697828,0.09633818897418678,3.0212000439641997
16,3,12,7,1.78268779697828,1.8827135999454185,0.10002580296713859,3.0212000439641997
16,3,12,8,1.8827135999454185,1.9819356249645352,0.0992220250191167,3.0212000439641997
16,3,12,9,1.9819356249645352,2.0823146749753505,0.10037905001081526,3.0212000439641997
16,3,12,10,2.0823146749753505,2.1787504949606955,0.096435819985345,3.0212000439641997
16,3,12,11,2.1787504949606955,2.2762607579352334,0.09751026297453791,3.0212000439641997
16,3,12,12,2.2762607579352334,2.3811665339162573,0.10490577598102391,3.0212000439641997
16,3,12,13,2.3811665339162573,2.4929295720066875,0.1117630380904302,3.0212000439641997
16,3,12,14,2.4929295720066875,2.6099099329439923,0.1169803609373048,3.0212000439641997
16,3,12,15,2.6099099329439923,2.737038999912329,0.1271290669683367,3.0212000439641997
16,3,12,16,2.737038999912329,2.8722917080158368,0.13525270810350776,3.0212000439641997
16,3,12,17,2.8722917080158368,3.0196698720101267,0.14737816399428993,3.0212000439641997
16,3,12,18,3.0196698720101267,3.024112014914863,0.004442142904736102,3.0212000439641997
16,3,13,1,1.9823431930271909,2.082543928991072,0.10020073596388102,3.0212000439641997
16,3,13,2,2.082543928991072,2.1788952839560807,0.0963513549650088,3.0212000439641997
16,3,13,3,2.1788952839560807,2.2764010139508173,0.09750572999473661,3.0212000439641997
16,3,13,4,2.2764010139508173,2.3813111659837887,0.10491015203297138,3.0212000439641997
16,3,13,5,2.3813111659837887,2.4930778560228646,0.11176669003907591,3.0212000439641997
16,3,13,6,2.4930778560228646,2.6100536750163883,0.11697581899352372,3.0212000439641997
16,3,13,7,2.6100536750163883,2.737210156978108,0.1271564819617197,3.0212000439641997
16,3,13,8,2.737210156978108,2.872443167027086,0.13523301004897803,3.0212000439641997
16,3,13,9,2.872443167027086,3.019837829982862,0.14739466295577586,3.0212000439641997
16,3,13,10,3.019837829982862,3.0243379189632833,0.004500088980421424,3.0212000439641997
16,3,14,1,1.783396633923985,1.8831642100121826,0.09976757608819753,3.0212000439641997
16,3,14,2,1.8831642100121826,1.98265790194273,0.09949369193054736,3.0212000439641997
16,3,14,3,1.98265790194273,2.0828836739528924,0.10022577201016247,3.0212000439641997
16,3,14,4,2.0828836739528924,2.1795015619136393,0.09661788796074688,3.0212000439641997
16,3,14,5,2.1795015619136393,2.2768123359419405,0.09731077402830124,3.0212000439641997
16,3,14,6,2.2768123359419405,2.3817090779775754,0.10489674203563482,3.0212000439641997
16,3,14,7,2.3817090779775754,2.4934566359734163,0.11174755799584091,3.0212000439641997
16,3,14,8,2.4934566359734163,2.610468556988053,0.11701192101463675,3.0212000439641997
16,3,14,9,2.610468556988053,2.7376605479512364,0.12719199096318334,3.0212000439641997
16,3,14,10,2.7376605479512364,2.8728390659671277,0.1351785180158913,3.0212000439641997
16,3,14,11,2.8728390659671277,3.020285482984036,0.14744641701690853,3.0212000439641997
16,3,14,12,3.020285482984036,3.0247223150217906,0.004436832037754357,3.0212000439641997
16,3,15,1,2.1792316139908507,2.276555939926766,0.09732432593591511,3.0212000439641997
16,3,15,2,2.276555939926766,2.3814498769352213,0.1048939370084554,3.0212000439641997
16,3,15,3,2.3814498769352213,2.4932248489931226,0.11177497205790132,3.0212000439641997
16,3,15,4,2.4932248489931226,2.610199322924018,0.11697447393089533,3.0212000439641997
16,3,15,5,2.610199322924018,2.737366902991198,0.1271675800671801,3.0212000439641997
16,3,15,6,2.737366902991198,2.87259299994912,0.13522609695792198,3.0212000439641997
16,3,15,7,2.87259299994912,3.0200479469494894,0.14745494700036943,3.0212000439641997
16,3,15,8,3.0200479469494894,3.024481147993356,0.004433201043866575,3.0212000439641997
16,4,0,6,-0.01780797296669334,0.08049169194418937,0.09829966491088271,3.108081726008095
16,4,0,7,0.08049169194418937,0.1794956539524719,0.09900396200828254,3.108081726008095
16,4,0,8,0.1794956539524719,0.27442596899345517,0.09493031504098326,3.108081726008095
16,4,0,9,0.27442596899345517,0.37002181995194405,0.09559585095848888,3.108081726008095
16,4,0,10,0.37002181995194405,0.4637944479472935,0.09377262799534947,3.108081726008095
16,4,0,11,0.4637944479472935,0.5602677849819884,0.09647333703469485,3.108081726008095
16,4,0,12,0.5602677849819884,0.6554544969694689,0.09518671198748052,3.108081726008095
16,4,0,13,0.6554544969694689,0.7525058790342882,0.09705138206481934,3.108081726008095
16,4,0,14,0.7525058790342882,0.8538113730028272,0.10130549396853894,3.108081726008095
16,4,0,15,0.8538113730028272,0.9580806270241737,0.10426925402134657,3.108081726008095
16,4,0,16,0.9580806270241737,1.0596590819768608,0.10157845495268703,3.108081726008095
16,4,0,17,1.0596590819768608,1.1603872899431735,0.10072820796631277,3.108081726008095
16,4,0,18,1.1603872899431735,1.256411025999114,0.09602373605594039,3.108081726008095
16,4,0,19,1.256411025999114,1.3542334729572758,0.09782244695816189,3.108081726008095
16,4,0,20,1.3542334729572758,1.4498627679422498,0.09562929498497397,3.108081726008095
16,4,0,21,1.4498627679422498,1.5477548770140857,0.09789210907183588,3.108081726008095
16,4,0,22,1.5477548770140857,1.6435754579724744,0.09582058095838875,3.108081726008095
16,4,0,23,1.6435754579724744,1.7451909499941394,0.10161549202166498,3.108081726008095
16,4,0,24,1.7451909499941394,1.846472744946368,0.10128179495222867,3.108081726008095
16,4,0,25,1.846472744946368,1.950461986940354,0.10398924199398607,3.108081726008095
16,4,0,26,1.950461986940354,2.053073363029398,0.10261137608904392,3.108081726008095
16,4,0,27,2.053073363029398,2.1545415580039844,0.10146819497458637,3.108081726008095
16,4,0,28,2.1545415580039844,2.2536310580326244,0.09908950002864003,3.108081726008095
16,4,0,29,2.2536310580326244,2.353866724995896,0.1002356669632718,3.108081726008095
16,4,0,30,2.353866724995896,2.4597914959304035,0.10592477093450725,3.108081726008095
16,4,0,31,2.4597914959304035,2.5712324229534715,0.11144092702306807,3.108081726008095
16,4,0,32,2.5712324229534715,2.6928305650362745,0.12159814208280295,3.108081726008095
16,4,0,33,2.6928305650362745,2.8222294650040567,0.1293988999677822,3.108081726008095
16,4,0,34,2.8222294650040567,2.958391200983897,0.13616173597984016,3.108081726008095
16,4,0,35,2.958391200983897,3.1085275430232286,0.1501363420393318,3.108081726008095
16,4,1,4,-0.01795047998894006,0.08055038400925696,0.09850086399819702,3.108081726008095
16,4,1,5,0.08055038400925696,0.17955290793906897,0.09900252392981201,3.108081726008095
16,4,1,6,0.17955290793906897,0.2744942259741947,0.09494131803512573,3.108081726008095
16,4,1,7,0.2744942259741947,0.3700885829748586,0.09559435700066388,3.108081726008095
16,4,1,8,0.3700885829748586,0.4638670049607754,0.0937784219859168,3.108081726008095
16,4,1,9,0.4638670049607754,0.5603193489369005,0.09645234397612512,3.108081726008095
16,4,1,10,0.5603193489369005,0.6555005019763485,0.09518115303944796,3.108081726008095
16,4,1,11,0.6555005019763485,0.7525479119503871,0.0970474099740386,3.108081726008095
16,4,1,12,0.7525479119503871,0.8538597009610385,0.10131178901065141,3.108081726008095
16,4,1,13,0.8538597009610385,0.958137204986997,0.10427750402595848,3.108081726008095
16,4,1,14,0.958137204986997,1.0597165159415454,0.10157931095454842,3.108081726008095
16,4,1,15,1.0597165159415454,1.1604518799576908,0.10073536401614547,3.108081726008095
16,4,1,16,1.1604518799576908,1.2564745970303193,0.09602271707262844,3.108081726008095
16,4,1,17,1.2564745970303193,1.354276024037972,0.09780142700765282,3.108081726008095
16,4,1,18,1.354276024037972,1.4499123939312994,0.09563636989332736,3.108081726008095
16,4,1,19,1.4499123939312994,1.5478010040242225,0.09788861009292305,3.108081726008095
16,4,1,20,1.5478010040242225,1.6436228470411152,0.09582184301689267,3.108081726008095
16,4,1,21,1.6436228470411152,1.7452403289498761,0.10161748190876096,3.108081726008095
16,4,1,22,1.7452403289498761,1.8465213869931176,0.1012810580432415,3.108081726008095
16,4,1,23,1.8465213869931176,1.9505073649343103,0.10398597794119269,3.108081726008095
16,4,1,24,1.9505073649343103,2.053118592943065,0.10261122800875455,3.108081726008095
16,4,1,25,2.053118592943065,2.1545837339945138,0.10146514105144888,3.108081726008095
16,4,1,26,2.1545837339945138,2.253678424982354,0.0990946909878403,3.108081726008095
16,4,1,27,2.253678424982354,2.35391475900542,0.10023633402306587,3.108081726008095
16,4,1,28,2.35391475900542,2.4598375640343875,0.10592280502896756,3.108081726008095
16,4,1,29,2.4598375640343875,2.5712777239969,0.11144015996251255,3.108081726008095
16,4,1,30,2.5712777239969,2.692875814042054,0.1215980900451541,3.108081726008095
16,4,1,31,2.692875814042054,2.822278607985936,0.129402793943882,3.108081726008095
16,4,1,32,2.822278607985936,2.9584385480266064,0.13615994004067034,3.108081726008095
16,4,1,33,2.9584385480266064,3.1085736899403855,0.15013514191377908,3.108081726008095
16,4,2,1,1.2561951440293342,1.354027614928782,0.0978324708994478,3.108081726008095
16,4,2,2,1.354027614928782,1.4496494180057198,0.0956218030769378,3.108081726008095
16,4,2,3,1.4496494180057198,1.5475525750080124,0.09790315700229257,3.108081726008095
16,4,2,4,1.5475525750080124,1.6433656649896875,0.09581308998167515,3.108081726008095
16,4,2,5,1.6433656649896875,1.7449679670389742,0.10160230204928666,3.108081726008095
16,4,2,6,1.7449679670389742,1.8462569760158658,0.10128900897689164,3.108081726008095
16,4,2,7,1.8462569760158658,1.9502616149839014,0.10400463896803558,3.108081726008095
16,4,2,8,1.9502616149839014,2.052840498974547,0.10257888399064541,3.108081726008095
16,4,2,9,2.052840498974547,2.154311947990209,0.10147144901566207,3.108081726008095
16,4,2,10,2.154311947990209,2.253420738968998,0.09910879097878933,3.108081726008095
16,4,2,11,2.253420738968998,2.3536565370159224,0.10023579804692417,3.108081726008095
16,4,2,12,2.3536565370159224,2.4595436779782176,0.10588714096229523,3.108081726008095
16,4,2,13,2.4595436779782176,2.5709868560079485,0.11144317802973092,3.108081726008095
16,4,2,14,2.5709868560079485,2.6926002849359065,0.12161342892795801,3.108081726008095
16,4,2,15,2.6926002849359065,2.8220090619288385,0.12940877699293196,3.108081726008095
16,4,2,16,2.8220090619288385,2.958131709950976,0.13612264802213758,3.108081726008095
16,4,2,17,2.958131709950976,3.1082718239631504,0.1501401140121743,3.108081726008095
16,4,3,2,-0.017864170018583536,0.0806009080260992,0.09846507804468274,3.108081726008095
16,4,3,3,0.0806009080260992,0.17960388597566634,0.09900297794956714,3.108081726008095
16,4,3,4,0.17960388597566634,0.2749123099492863,0.09530842397361994,3.108081726008095
16,4,3,5,0.2749123099492863,0.3702443629736081,0.0953320530243218,3.108081726008095
16,4,3,6,0.3702443629736081,0.46396708802785724,0.09372272505424917,3.108081726008095
16,4,3,7,0.46396708802785724,0.5604245669674128,0.09645747893955559,3.108081726008095
16,4,3,8,0.5604245669674128,0.6555869180010632,0.09516235103365034,3.108081726008095
16,4,3,9,0.6555869180010632,0.7526274269912392,0.09704050899017602,3.108081726008095
16,4,3,10,0.7526274269912392,0.8539881069445983,0.10136067995335907,3.108081726008095
16,4,3,11,0.8539881069445983,0.9582307039527223,0.104242597008124,3.108081726008095
16,4,3,12,0.9582307039527223,1.0597994489362463,0.10156874498352408,3.108081726008095
16,4,3,13,1.0597994489362463,1.160540153970942,0.10074070503469557,3.108081726008095
16,4,3,14,1.160540153970942,1.256569133955054,0.09602897998411208,3.108081726008095
16,4,3,15,1.256569133955054,1.35436010803096,0.09779097407590598,3.108081726008095
16,4,3,16,1.35436010803096,1.450036720954813,0.0956766129238531,3.108081726008095
16,4,3,17,1.450036720954813,1.5479106679558754,0.09787394700106233,3.108081726008095
16,4,3,18,1.5479106679558754,1.6440116609446704,0.09610099298879504,3.108081726008095
16,4,3,19,1.6440116609446704,1.7454125200165436,0.10140085907187313,3.108081726008095
16,4,3,20,1.7454125200165436,1.8466997420182452,0.1012872220017016,3.108081726008095
16,4,3,21,1.8466997420182452,1.950639785034582,0.10394004301633686,3.108081726008095
16,4,3,22,1.950639785034582,2.053258002968505,0.102618217933923,3.108081726008095
16,4,3,23,2.053258002968505,2.1547088919905946,0.10145088902208954,3.108081726008095
16,4,3,24,2.1547088919905946,2.253816336975433,0.09910744498483837,3.108081726008095
16,4,3,25,2.253816336975433,2.354054474970326,0.1002381379948929,3.108081726008095
16,4,3,26,2.354054474970326,2.4599698199890554,0.10591534501872957,3.108081726008095
16,4,3,27,2.4599698199890554,2.5714135200250894,0.11144370003603399,3.108081726008095
16,4,3,28,2.5714135200250894,2.693009666982107,0.12159614695701748,3.108081726008095
16,4,3,29,2.693009666982107,2.8224687109468505,0.12945904396474361,3.108081726008095
16,4,3,30,2.8224687109468505,2.9585768069373444,0.1361080959904939,3.108081726008095
16,4,3,31,2.9585768069373444,3.108706005034037,0.15012919809669256,3.108081726008095
16,4,4,1,0.46371840802021325,0.5602034790208563,0.09648507100064307,3.108081726008095
16,4,4,2,0.5602034790208563,0.6554073470178992,0.09520386799704283,3.108081726008095
16,4,4,3,0.6554073470178992,0.7524642830248922,0.09705693600699306,3.108081726008095
16,4,4,4,0.7524642830248922,0.8537642660085112,0.10129998298361897,3.108081726008095
16,4,4,5,0.8537642660085112,0.9580101190367714,0.10424585302826017,3.108081726008095
16,4,4,6,0.9580101190367714,1.0596059709787369,0.10159585194196552,3.108081726008095
16,4,4,7,1.0596059709787369,1.160341999027878,0.10073602804914117,3.108081726008095
16,4,4,8,1.160341999027878,1.2563658129656687,0.09602381393779069,3.108081726008095
16,4,4,9,1.2563658129656687,1.3541903999866918,0.09782458702102304,3.108081726008095
16,4,4,10,1.3541903999866918,1.4498126469552517,0.09562224696855992,3.108081726008095
16,4,4,11,1.4498126469552517,1.5477079729316756,0.09789532597642392,3.108081726008095
16,4,4,12,1.5477079729316756,1.6435276760021225,0.09581970307044685,3.108081726008095
16,4,4,13,1.6435276760021225,1.7451399030396715,0.10161222703754902,3.108081726008095
16,4,4,14,1.7451399030396715,1.8464234139537439,0.1012835109140724,3.108081726008095
16,4,4,15,1.8464234139537439,1.95041641802527,0.10399300407152623,3.108081726008095
16,4,4,16,1.95041641802527,2.0530269680311903,0.10261055000592023,3.108081726008095
16,4,4,17,2.0530269680311903,2.1544976700097322,0.10147070197854191,3.108081726008095
16,4,4,18,2.1544976700097322,2.253582903998904,0.09908523398917168,3.108081726008095
16,4,4,19,2.253582903998904,2.353817555005662,0.10023465100675821,3.108081726008095
16,4,4,20,2.353817555005662,2.4597448309650645,0.10592727595940232,3.108081726008095
16,4,4,21,2.4597448309650645,2.571186251938343,0.11144142097327858,3.108081726008095
16,4,4,22,2.571186251938343,2.6927863189484924,0.12160006701014936,3.108081726008095
16,4,4,23,2.6927863189484924,2.8221798519371077,0.12939353298861533,3.108081726008095
16,4,4,24,2.8221798519371077,2.9583411540370435,0.1361613020999357,3.108081726008095
16,4,4,25,2.9583411540370435,3.1084819929674268,0.15014083893038332,3.108081726008095
16,4,5,9,-0.01805290498305112,0.08038694900460541,0.09843985398765653,3.108081726008095
16,4,5,10,0.08038694900460541,0.17938115494325757,0.09899420593865216,3.108081726008095
16,4,5,11,0.17938115494325757,0.27428083401173353,0.09489967906847596,3.108081726008095
16,4,5,12,0.27428083401173353,0.3699144929414615,0.09563365892972797,3.108081726008095
16,4,5,13,0.3699144929414615,0.4633629700401798,0.09344847709871829,3.108081726008095
16,4,5,14,0.4633629700401798,0.5600595260038972,0.0966965559637174,3.108081726008095
16,4,5,15,0.5600595260038972,0.655043751001358,0.09498422499746084,3.108081726008095
16,4,5,16,0.655043751001358,0.7523336779559031,0.09728992695454508,3.108081726008095
16,4,5,17,0.7523336779559031,0.8536416930146515,0.10130801505874842,3.108081726008095
16,4,5,18,0.8536416930146515,0.9578728310298175,0.10423113801516593,3.108081726008095
16,4,5,19,0.9578728310298175,1.059253382962197,0.1013805519323796,3.108081726008095
16,4,5,20,1.059253382962197,1.1601640629814938,0.1009106800192967,3.108081726008095
16,4,5,21,1.1601640629814938,1.2559215449728072,0.0957574819913134,3.108081726008095
16,4,5,22,1.2559215449728072,1.3539508279645815,0.09802928299177438,3.108081726008095
16,4,5,23,1.3539508279645815,1.4495318969711661,0.09558106900658458,3.108081726008095
16,4,5,24,1.4495318969711661,1.5474362300010398,0.09790433302987367,3.108081726008095
16,4,5,25,1.5474362300010398,1.6432282789610326,0.09579204895999283,3.108081726008095
16,4,5,26,1.6432282789610326,1.7448821320431307,0.10165385308209807,3.108081726008095
16,4,5,27,1.7448821320431307,1.8461160189472139,0.10123388690408319,3.108081726008095
16,4,5,28,1.8461160189472139,1.9501105649396777,0.10399454599246383,3.108081726008095
16,4,5,29,1.9501105649396777,2.052769745932892,0.10265918099321425,3.108081726008095
16,4,5,30,2.052769745932892,2.1542332579847425,0.10146351205185056,3.108081726008095
16,4,5,31,2.1542332579847425,2.253251565969549,0.0990183079848066,3.108081726008095
16,4,5,32,2.253251565969549,2.35348842095118,0.10023685498163104,3.108081726008095
16,4,5,33,2.35348842095118,2.4594641349976882,0.10597571404650807,3.108081726008095
16,4,5,34,2.4594641349976882,2.5709126710426062,0.111448536044918,3.108081726008095
16,4,5,35,2.5709126710426062,2.6925333669641986,0.12162069592159241,3.108081726008095
16,4,5,36,2.6925333669641986,2.8218595939688385,0.1293262270046398,3.108081726008095
16,4,5,37,2.8218595939688385,2.9580372399650514,0.13617764599621296,3.108081726008095
16,4,5,38,2.9580372399650514,3.1082194560440257,0.1501822160789743,3.108081726008095
16,4,6,1,0.2748226129915565,0.37018654600251466,0.09536393301095814,3.108081726008095
16,4,6,2,0.37018654600251466,0.4639189559966326,0.09373240999411792,3.108081726008095
16,4,6,3,0.4639189559966326,0.5603662399807945,0.09644728398416191,3.108081726008095
16,4,6,4,0.5603662399807945,0.6555453980108723,0.09517915803007782,3.108081726008095
16,4,6,5,0.6555453980108723,0.7525881479959935,0.09704274998512119,3.108081726008095
16,4,6,6,0.7525881479959935,0.853922565933317,0.10133441793732345,3.108081726008095
16,4,6,7,0.853922565933317,0.9581836169818416,0.10426105104852468,3.108081726008095
16,4,6,8,0.9581836169818416,1.0597576569998637,0.10157404001802206,3.108081726008095
16,4,6,9,1.0597576569998637,1.1604973640060052,0.10073970700614154,3.108081726008095
16,4,6,10,1.1604973640060052,1.2565225110156462,0.09602514700964093,3.108081726008095
16,4,6,11,1.2565225110156462,1.3543181020068005,0.09779559099115431,3.108081726008095
16,4,6,12,1.3543181020068005,1.4499860650394112,0.09566796303261071,3.108081726008095
16,4,6,13,1.4499860650394112,1.547847097972408,0.09786103293299675,3.108081726008095
16,4,6,14,1.547847097972408,1.6436716029420495,0.09582450496964157,3.108081726008095
16,4,6,15,1.6436716029420495,1.7452909239800647,0.10161932103801519,3.108081726008095
16,4,6,16,1.7452909239800647,1.8465705850394443,0.10127966105937958,3.108081726008095
16,4,6,17,1.8465705850394443,1.9505519260419533,0.103981341002509,3.108081726008095
16,4,6,18,1.9505519260419533,2.053170677041635,0.10261875099968165,3.108081726008095
16,4,6,19,2.053170677041635,2.1546251779654995,0.10145450092386454,3.108081726008095
16,4,6,20,2.1546251779654995,2.2537255890201777,0.09910041105467826,3.108081726008095
16,4,6,21,2.2537255890201777,2.3539617400383577,0.10023615101817995,3.108081726008095
16,4,6,22,2.3539617400383577,2.459881827933714,0.10592008789535612,3.108081726008095
16,4,6,23,2.459881827933714,2.5713230849942192,0.11144125706050545,3.108081726008095
16,4,6,24,2.5713230849942192,2.692920131026767,0.12159704603254795,3.108081726008095
16,4,6,25,2.692920131026767,2.822325238958001,0.12940510793123394,3.108081726008095
16,4,6,26,2.822325238958001,2.958485258044675,0.13616001908667386,3.108081726008095
16,4,6,27,2.958485258044675,3.1086188829503953,0.15013362490572035,3.108081726008095
16,4,7,1,1.0595140040386468,1.1602491399971768,0.10073513595853001,3.108081726008095
16,4,7,2,1.1602491399971768,1.2562681069830433,0.09601896698586643,3.108081726008095
16,4,7,3,1.2562681069830433,1.3540941909886897,0.09782608400564641,3.108081726008095
16,4,7,4,1.3540941909886897,1.4497080789878964,0.09561388799920678,3.108081726008095
16,4,7,5,1.4497080789878964,1.5476109039736912,0.09790282498579472,3.108081726008095
16,4,7,6,1.5476109039736912,1.6434261249378324,0.09581522096414119,3.108081726008095
16,4,7,7,1.6434261249378324,1.745027004973963,0.10160088003613055,3.108081726008095
16,4,7,8,1.745027004973963,1.8463174669304863,0.10129046195652336,3.108081726008095
16,4,7,9,1.8463174669304863,1.950319455936551,0.10400198900606483,3.108081726008095
16,4,7,10,1.950319455936551,2.0528908380074427,0.10257138207089156,3.108081726008095
16,4,7,11,2.0528908380074427,2.1543632519897074,0.1014724139822647,3.108081726008095
16,4,7,12,2.1543632519897074,2.2534825019538403,0.0991192499641329,3.108081726008095
16,4,7,13,2.2534825019538403,2.353715830948204,0.10023332899436355,3.108081726008095
16,4,7,14,2.353715830948204,2.4595930239884183,0.10587719304021448,3.108081726008095
16,4,7,15,2.4595930239884183,2.5710361830424517,0.11144315905403346,3.108081726008095
16,4,7,16,2.5710361830424517,2.6926936629461125,0.12165747990366071,3.108081726008095
16,4,7,17,2.6926936629461125,2.8220721640391275,0.12937850109301507,3.108081726008095
16,4,7,18,2.8220721640391275,2.958183176931925,0.1361110128927976,3.108081726008095
16,4,7,19,2.958183176931925,3.108387370943092,0.1502041940111667,3.108081726008095
16,4,8,1,0.0808684160001576,0.17966804502066225,0.09879962902050465,3.108081726008095
16,4,8,2,0.17966804502066225,0.2749721290310845,0.09530408401042223,3.108081726008095
16,4,8,3,0.2749721290310845,0.3702964140102267,0.09532428497914225,3.108081726008095
16,4,8,4,0.3702964140102267,0.46401419397443533,0.0937177799642086,3.108081726008095
16,4,8,5,0.46401419397443533,0.5604706710437313,0.09645647706929594,3.108081726008095
16,4,8,6,0.5604706710437313,0.6556395889492705,0.09516891790553927,3.108081726008095
16,4,8,7,0.6556395889492705,0.7526664609322324,0.0970268719829619,3.108081726008095
16,4,8,8,0.7526664609322324,0.8542961269849911,0.1016296660527587,3.108081726008095
16,4,8,9,0.8542961269849911,0.9583424699958414,0.10404634301085025,3.108081726008095
16,4,8,10,0.9583424699958414,1.0598806720227003,0.10153820202685893,3.108081726008095
16,4,8,11,1.0598806720227003,1.160625819931738,0.10074514790903777,3.108081726008095
16,4,8,12,1.160625819931738,1.2566595990210772,0.09603377908933908,3.108081726008095
16,4,8,13,1.2566595990210772,1.3544578469591215,0.09779824793804437,3.108081726008095
16,4,8,14,1.3544578469591215,1.4504134230082855,0.09595557604916394,3.108081726008095
16,4,8,15,1.4504134230082855,1.5480679690372199,0.09765454602893442,3.108081726008095
16,4,8,16,1.5480679690372199,1.644162061973475,0.09609409293625504,3.108081726008095
16,4,8,17,1.644162061973475,1.7455607369774953,0.10139867500402033,3.108081726008095
16,4,8,18,1.7455607369774953,1.8471105509670451,0.10154981398954988,3.108081726008095
16,4,8,19,1.8471105509670451,1.9508548399899155,0.10374428902287036,3.108081726008095
16,4,8,20,1.9508548399899155,2.0537220219848678,0.10286718199495226,3.108081726008095
16,4,8,21,2.0537220219848678,2.1549433870241046,0.10122136503923684,3.108081726008095
16,4,8,22,2.1549433870241046,2.254344624001533,0.0994012369774282,3.108081726008095
16,4,8,23,2.254344624001533,2.3543982460396364,0.10005362203810364,3.108081726008095
16,4,8,24,2.3543982460396364,2.4602526950184256,0.10585444897878915,3.108081726008095
16,4,8,25,2.4602526950184256,2.5716952770017087,0.11144258198328316,3.108081726008095
16,4,8,26,2.5716952770017087,2.6932991429930553,0.12160386599134654,3.108081726008095
16,4,8,27,2.6932991429930553,2.8227581749670208,0.12945903197396547,3.108081726008095
16,4,8,28,2.8227581749670208,2.958850772934966,0.13609259796794504,3.108081726008095
16,4,8,29,2.958850772934966,3.1089670789660886,0.1501163060311228,3.108081726008095
16,4,9,1,2.0535800979705527,2.154806182021275,0.10122608405072242,3.108081726008095
16,4,9,2,2.154806182021275,2.2539377020439133,0.09913152002263814,3.108081726008095
16,4,9,3,2.2539377020439133,2.354180527967401,0.10024282592348754,3.108081726008095
16,4,9,4,2.354180527967401,2.4600552249467,0.10587469697929919,3.108081726008095
16,4,9,5,2.4600552249467,2.571501099038869,0.1114458740921691,3.108081726008095
16,4,9,6,2.571501099038869,2.6931145349517465,0.12161343591287732,3.108081726008095
16,4,9,7,2.6931145349517465,2.82256303797476,0.12944850302301347,3.108081726008095
16,4,9,8,2.82256303797476,2.9586683879606426,0.13610534998588264,3.108081726008095
16,4,9,9,2.9586683879606426,3.1087915919488296,0.15012320398818702,3.108081726008095
16,4,10,1,0.6553503749892116,0.7524188850075006,0.09706851001828909,3.108081726008095
16,4,10,2,0.7524188850075006,0.8537136509548873,0.10129476594738662,3.108081726008095
16,4,10,3,0.8537136509548873,0.9579561229329556,0.10424247197806835,3.108081726008095
16,4,10,4,0.9579561229329556,1.0595639309613034,0.10160780802834779,3.108081726008095
16,4,10,5,1.0595639309613034,1.1602964679477736,0.10073253698647022,3.108081726008095
16,4,10,6,1.1602964679477736,1.2563180630095303,0.09602159506175667,3.108081726008095
16,4,10,7,1.2563180630095303,1.3541467679897323,0.09782870498020202,3.108081726008095
16,4,10,8,1.3541467679897323,1.449762023985386,0.09561525599565357,3.108081726008095
16,4,10,9,1.449762023985386,1.547660821932368,0.09789879794698209,3.108081726008095
16,4,10,10,1.547660821932368,1.6434780210256577,0.09581719909328967,3.108081726008095
16,4,10,11,1.6434780210256577,1.7450809970032424,0.10160297597758472,3.108081726008095
16,4,10,12,1.7450809970032424,1.8463722299784422,0.10129123297519982,3.108081726008095
16,4,10,13,1.8463722299784422,1.9503694649320096,0.10399723495356739,3.108081726008095
16,4,10,14,1.9503694649320096,2.0529780780198053,0.10260861308779567,3.108081726008095
16,4,10,15,2.0529780780198053,2.1544523839838803,0.10147430596407503,3.108081726008095
16,4,10,16,2.1544523839838803,2.253535481984727,0.0990830980008468,3.108081726008095
16,4,10,17,2.253535481984727,2.353768159984611,0.10023267799988389,3.108081726008095
16,4,10,18,2.353768159984611,2.4596972099971026,0.10592905001249164,3.108081726008095
16,4,10,19,2.4596972099971026,2.5711369699565694,0.11143975995946676,3.108081726008095
16,4,10,20,2.5711369699565694,2.6927415180252865,0.12160454806871712,3.108081726008095
16,4,10,21,2.6927415180252865,2.8221243659500033,0.12938284792471677,3.108081726008095
16,4,10,22,2.8221243659500033,2.9582313540158793,0.13610698806587607,3.108081726008095
16,4,10,23,2.9582313540158793,3.108437058981508,0.15020570496562868,3.108081726008095
16,4,11,1,0.854244007030502,0.9582964619621634,0.10405245493166149,3.108081726008095
16,4,11,2,0.9582964619621634,1.0598405429627746,0.10154408100061119,3.108081726008095
16,4,11,3,1.0598405429627746,1.1605827539460734,0.10074221098329872,3.108081726008095
16,4,11,4,1.1605827539460734,1.2566141349961981,0.09603138105012476,3.108081726008095
16,4,11,5,1.2566141349961981,1.354413638007827,0.09779950301162899,3.108081726008095
16,4,11,6,1.354413638007827,1.4503649169346318,0.09595127892680466,3.108081726008095
16,4,11,7,1.4503649169346318,1.548024190007709,0.0976592730730772,3.108081726008095
16,4,11,8,1.548024190007709,1.6441094860201702,0.09608529601246119,3.108081726008095
16,4,11,9,1.6441094860201702,1.7455122310202569,0.10140274500008672,3.108081726008095
16,4,11,10,1.7455122310202569,1.8470635910052806,0.10155135998502374,3.108081726008095
16,4,11,11,1.8470635910052806,1.9508112180046737,0.1037476269993931,3.108081726008095
16,4,11,12,1.9508112180046737,2.0536776449298486,0.10286642692517489,3.108081726008095
16,4,11,13,2.0536776449298486,2.1548998879734427,0.10122224304359406,3.108081726008095
16,4,11,14,2.1548998879734427,2.254027226008475,0.09912733803503215,3.108081726008095
16,4,11,15,2.254027226008475,2.354272151947953,0.10024492593947798,3.108081726008095
16,4,11,16,2.354272151947953,2.460166665026918,0.10589451307896525,3.108081726008095
16,4,11,17,2.460166665026918,2.5716063709696755,0.11143970594275743,3.108081726008095
16,4,11,18,2.5716063709696755,2.693210356985219,0.12160398601554334,3.108081726008095
16,4,11,19,2.693210356985219,2.82265876699239,0.12944841000717133,3.108081726008095
16,4,11,20,2.82265876699239,2.9587605679407716,0.13610180094838142,3.108081726008095
16,4,11,21,2.9587605679407716,3.1088785009924322,0.15011793305166066,3.108081726008095
16,4,12,1,1.8469631540356204,1.9507184569956735,0.10375530296005309,3.108081726008095
16,4,12,2,1.9507184569956735,2.0533018889836967,0.10258343198802322,3.108081726008095
16,4,12,3,2.0533018889836967,2.154751001042314,0.10144911205861717,3.108081726008095
16,4,12,4,2.154751001042314,2.253890527994372,0.09913952695205808,3.108081726008095
16,4,12,5,2.253890527994372,2.354124895995483,0.10023436800111085,3.108081726008095
16,4,12,6,2.354124895995483,2.4600138489622623,0.10588895296677947,3.108081726008095
16,4,12,7,2.4600138489622623,2.5714573139557615,0.11144346499349922,3.108081726008095
16,4,12,8,2.5714573139557615,2.6930526409996673,0.12159532704390585,3.108081726008095
16,4,12,9,2.6930526409996673,2.8225165830226615,0.12946394202299416,3.108081726008095
16,4,12,10,2.8225165830226615,2.9586228439584374,0.13610626093577594,3.108081726008095
16,4,12,11,2.9586228439584374,3.1087491270154715,0.15012628305703402,3.108081726008095
16,4,13,1,1.6439518469851464,1.7453616439597681,0.10140979697462171,3.108081726008095
16,4,13,2,1.7453616439597681,1.8466486149700359,0.10128697101026773,3.108081726008095
16,4,13,3,1.8466486149700359,1.9505961369723082,0.10394752200227231,3.108081726008095
16,4,13,4,1.9505961369723082,2.0532145720208064,0.10261843504849821,3.108081726008095
16,4,13,5,2.0532145720208064,2.154666534042917,0.10145196202211082,3.108081726008095
16,4,13,6,2.154666534042917,2.253771614981815,0.09910508093889803,3.108081726008095
16,4,13,7,2.253771614981815,2.3540088499430567,0.10023723496124148,3.108081726008095
16,4,13,8,2.3540088499430567,2.459925918956287,0.1059170690132305,3.108081726008095
16,4,13,9,2.459925918956287,2.571368242963217,0.11144232400693,3.108081726008095
16,4,13,10,2.571368242963217,2.692964631016366,0.12159638805314898,3.108081726008095
16,4,13,11,2.692964631016366,2.8224196180235595,0.12945498700719327,3.108081726008095
16,4,13,12,2.8224196180235595,2.958531414042227,0.13611179601866752,3.108081726008095
16,4,13,13,2.958531414042227,3.1086621299618855,0.15013071591965854,3.108081726008095
16,4,14,1,2.2542904859874398,2.3543488539289683,0.10005836794152856,3.108081726008095
16,4,14,2,2.3543488539289683,2.460210790974088,0.1058619370451197,3.108081726008095
16,4,14,3,2.460210790974088,2.571651599020697,0.11144080804660916,3.108081726008095
16,4,14,4,2.571651599020697,2.6932544419541955,0.12160284293349832,3.108081726008095
16,4,14,5,2.6932544419541955,2.822708547930233,0.12945410597603768,3.108081726008095
16,4,14,6,2.822708547930233,2.9588057559449226,0.13609720801468939,3.108081726008095
16,4,14,7,2.9588057559449226,3.1089227619813755,0.15011700603645295,3.108081726008095
16,4,15,1,1.4503090139478445,1.5479776120046154,0.09766859805677086,3.108081726008095
16,4,15,2,1.5479776120046154,1.6440611029975116,0.09608349099289626,3.108081726008095
16,4,15,3,1.6440611029975116,1.7454599019838497,0.10139879898633808,3.108081726008095
16,4,15,4,1.7454599019838497,1.8470169749343768,0.10155707295052707,3.108081726008095
16,4,15,5,1.8470169749343768,1.9507666500285268,0.10374967509415,3.108081726008095
16,4,15,6,1.9507666500285268,2.0536329109454527,0.10286626091692597,3.108081726008095
16,4,15,7,2.0536329109454527,2.1548481279751286,0.10121521702967584,3.108081726008095
16,4,15,8,2.1548481279751286,2.2539835459319875,0.09913541795685887,3.108081726008095
16,4,15,9,2.2539835459319875,2.354226686991751,0.10024314105976373,3.108081726008095
16,4,15,10,2.354226686991751,2.4601147789508104,0.10588809195905924,3.108081726008095
16,4,15,11,2.4601147789508104,2.571559753967449,0.11144497501663864,3.108081726008095
16,4,15,12,2.571559753967449,2.6931660400005057,0.12160628603305668,3.108081726008095
16,4,15,13,2.6931660400005057,2.822610317962244,0.1294442779617384,3.108081726008095
16,4,15,14,2.822610317962244,2.958715006010607,0.13610468804836273,3.108081726008095
16,4,15,15,2.958715006010607,3.1088344289455563,0.1501194229349494,3.108081726008095
32,0,0,3,-0.10416784405242652,0.006046023918315768,0.11021386797074229,6.483503989991732
32,0,0,4,0.006046023918315768,0.10387913894373924,0.09783311502542347,6.483503989991732
32,0,0,5,0.10387913894373924,0.20030201599001884,0.09642287704627961,6.483503989991732
32,0,0,6,0.20030201599001884,0.2960553439334035,0.09575332794338465,6.483503989991732
32,0,0,7,0.2960553439334035,0.39513702399563044,0.09908168006222695,6.483503989991732
32,0,0,8,0.39513702399563044,0.4891190379858017,0.09398201399017125,6.483503989991732
32,0,0,9,0.4891190379858017,0.5857464459259063,0.0966274079401046,6.483503989991732
32,0,0,10,0.5857464459259063,0.6809818969340995,0.0952354510081932,6.483503989991732
32,0,0,11,0.6809818969340995,0.7781419890234247,0.09716009208932519,6.483503989991732
32,0,0,12,0.7781419890234247,0.8757591039175168,0.09761711489409208,6.483503989991732
32,0,0,13,0.8757591039175168,0.9803404319100082,0.10458132799249142,6.483503989991732
32,0,0,14,0.9803404319100082,1.0821283760014921,0.10178794409148395,6.483503989991732
32,0,0,15,1.0821283760014921,1.1839548209682107,0.10182644496671855,6.483503989991732
32,0,0,16,1.1839548209682107,1.2822318299440667,0.098277008975856,6.483503989991732
32,0,0,17,1.2822318299440667,1.3804776029428467,0.09824577299878001,6.483503989991732
32,0,0,18,1.3804776029428467,1.476038757013157,0.0955611540703103,6.483503989991732
32,0,0,19,1.476038757013157,1.5736873929854482,0.09764863597229123,6.483503989991732
32,0,0,20,1.5736873929854482,1.6703676759498194,0.09668028296437114,6.483503989991732
32,0,0,21,1.6703676759498194,1.7704222169704735,0.10005454102065414,6.483503989991732
32,0,0,22,1.7704222169704735,1.8714647649321705,0.10104254796169698,6.483503989991732
32,0,0,23,1.8714647649321705,1.9747457549674436,0.10328099003527313,6.483503989991732
32,0,0,24,1.9747457549674436,2.076565785915591,0.10182003094814718,6.483503989991732
32,0,0,25,2.076565785915591,2.1792637850157917,0.10269799910020083,6.483503989991732
32,0,0,26,2.1792637850157917,2.2786861279746518,0.0994223429588601,6.483503989991732
32,0,0,27,2.2786861279746518,2.3787172000156716,0.1000310720410198,6.483503989991732
32,0,0,28,2.3787172000156716,2.4771286050090566,0.09841140499338508,6.483503989991732
32,0,0,29,2.4771286050090566,2.5747796229552478,0.09765101794619113,6.483503989991732
32,0,0,30,2.5747796229552478,2.674215586972423,0.09943596401717514,6.483503989991732
32,0,0,31,2.674215586972423,2.77506379596889,0.10084820899646729,6.483503989991732
32,0,0,32,2.77506379596889,2.8781825669575483,0.10311877098865807,6.483503989991732
32,0,0,33,2.8781825669575483,2.982023270917125,0.10384070395957679,6.483503989991732
32,0,0,34,2.982023270917125,3.085789153003134,0.10376588208600879,6.483503989991732
32,0,0,35,3.085789153003134,3.188989271991886,0.10320011898875237,6.483503989991732
32,0,0,36,3.188989271991886,3.290703553939238,0.10171428194735199,6.483503989991732
32,0,0,37,3.290703553939238,3.3920463769463822,0.10134282300714403,6.483503989991732
32,0,0,38,3.3920463769463822,3.4925737919984385,0.10052741505205631,6.483503989991732
32,0,0,39,3.4925737919984385,3.5924322529463097,0.09985846094787121,6.483503989991732
32,0,0,40,3.5924322529463097,3.6936891339719296,0.1012568810256198,6.483503989991732
32,0,0,41,3.6936891339719296,3.7957457390148193,0.10205660504288971,6.483503989991732
32,0,0,42,3.7957457390148193,3.899133013910614,0.10338727489579469,6.483503989991732
32,0,0,43,3.899133013910614,4.002898685983382,0.10376567207276821,6.483503989991732
32,0,0,44,4.002898685983382,4.108243461931124,0.10534477594774216,6.483503989991732
32,0,0,45,4.108243461931124,4.2107099909335375,0.10246652900241315,6.483503989991732
32,0,0,46,4.2107099909335375,4.31391004298348,0.10320005204994231,6.483503989991732
32,0,0,47,4.31391004298348,4.415649764006957,0.10173972102347761,6.483503989991732
32,0,0,48,4.415649764006957,4.517956343013793,0.10230657900683582,6.483503989991732
32,0,0,49,4.517956343013793,4.6170519849983975,0.0990956419846043,6.483503989991732
32,0,0,50,4.6170519849983975,4.719738567015156,0.10268658201675862,6.483503989991732
32,0,0,51,4.719738567015156,4.821531743975356,0.10179317696020007,6.483503989991732
32,0,0,52,4.821531743975356,4.9272358699236065,0.1057041259482503,6.483503989991732
32,0,0,53,4.9272358699236065,5.030863735941239,0.10362786601763219,6.483503989991732
32,0,0,54,5.030863735941239,5.137721089995466,0.10685735405422747,6.483503989991732
32,0,0,55,5.137721089995466,5.2392153919208795,0.10149430192541331,6.483503989991732
32,0,0,56,5.2392153919208795,5.344607666018419,0.10539227409753948,6.483503989991732
32,0,0,57,5.344607666018419,5.446609330945648,0.10200166492722929,6.483503989991732
32,0,0,58,5.446609330945648,5.552070614998229,0.1054612840525806,6.483503989991732
32,0,0,59,5.552070614998229,5.653416926972568,0.10134631197433919,6.483503989991732
32,0,0,60,5.653416926972568,5.760719529003836,0.10730260203126818,6.483503989991732
32,0,0,61,5.760719529003836,5.877529724966735,0.11681019596289843,6.483503989991732
32,0,0,62,5.877529724966735,6.001307738944888,0.12377801397815347,6.483503989991732
32,0,0,63,6.001307738944888,6.1318210560129955,0.13051331706810743,6.483503989991732
32,0,0,64,6.1318210560129955,6.265235240920447,0.13341418490745127,6.483503989991732
32,0,0,65,6.265235240920447,6.421099848928861,0.1558646080084145,6.483503989991732
32,0,0,66,6.421099848928861,6.484497819910757,0.06339797098189592,6.483503989991732
32,0,1,5,-0.10428036097437143,0.0059355649864301085,0.11021592596080154,6.483503989991732
32,0,1,6,0.0059355649864301085,0.10393093293532729,0.09799536794889718,6.483503989991732
32,0,1,7,0.10393093293532729,0.20035341393668205,0.09642248100135475,6.483503989991732
32,0,1,8,0.20035341393668205,0.2961074960185215,0.09575408208183944,6.483503989991732
32,0,1,9,0.2961074960185215,0.39518318593036383,0.09907568991184235,6.483503989991732
32,0,1,10,0.39518318593036383,0.48917299997992814,0.0939898140495643,6.483503989991732
32,0,1,11,0.48917299997992814,0.5858058870071545,0.09663288702722639,6.483503989991732
32,0,1,12,0.5858058870071545,0.6810305549297482,0.09522466792259365,6.483503989991732
32,0,1,13,0.6810305549297482,0.778194926911965,0.09716437198221684,6.483503989991732
32,0,1,14,0.778194926911965,0.8758092309581116,0.09761430404614657,6.483503989991732
32,0,1,15,0.8758092309581116,0.9803874109638855,0.1045781800057739,6.483503989991732
32,0,1,16,0.9803874109638855,1.082175143994391,0.10178773303050548,6.483503989991732
32,0,1,17,1.082175143994391,1.184002263005823,0.10182711901143193,6.483503989991732
32,0,1,18,1.184002263005823,1.2822828359203413,0.09828057291451842,6.483503989991732
32,0,1,19,1.2822828359203413,1.380520056001842,0.09823722008150071,6.483503989991732
32,0,1,20,1.380520056001842,1.4760848889127374,0.09556483291089535,6.483503989991732
32,0,1,21,1.4760848889127374,1.5737346810055897,0.0976497920928523,6.483503989991732
32,0,1,22,1.5737346810055897,1.670413977932185,0.09667929692659527,6.483503989991732
32,0,1,23,1.670413977932185,1.7704835329204798,0.10006955498829484,6.483503989991732
32,0,1,24,1.7704835329204798,1.8715096119558439,0.10102607903536409,6.483503989991732
32,0,1,25,1.8715096119558439,1.9747928759315982,0.10328326397575438,6.483503989991732
32,0,1,26,1.9747928759315982,2.076611322001554,0.10181844606995583,6.483503989991732
32,0,1,27,2.076611322001554,2.1793103360105306,0.10269901400897652,6.483503989991732
32,0,1,28,2.1793103360105306,2.2787381620146334,0.09942782600410283,6.483503989991732
32,0,1,29,2.2787381620146334,2.3787626629928127,0.10002450097817928,6.483503989991732
32,0,1,30,2.3787626629928127,2.4771801800234243,0.09841751703061163,6.483503989991732
32,0,1,31,2.4771801800234243,2.574827446951531,0.09764726692810655,6.483503989991732
32,0,1,32,2.574827446951531,2.6742638029390946,0.09943635598756373,6.483503989991732
32,0,1,33,2.6742638029390946,2.775120451929979,0.10085664899088442,6.483503989991732
32,0,1,34,2.775120451929979,2.8782296479912475,0.10310919606126845,6.483503989991732
32,0,1,35,2.8782296479912475,2.9820713099325076,0.1038416619412601,6.483503989991732
32,0,1,36,2.9820713099325076,3.0858442219905555,0.10377291205804795,6.483503989991732
32,0,1,37,3.0858442219905555,3.189039482967928,0.10319526097737253,6.483503989991732
32,0,1,38,3.189039482967928,3.290752890985459,0.10171340801753104,6.483503989991732
32,0,1,39,3.290752890985459,3.392093089991249,0.10134019900579005,6.483503989991732
32,0,1,40,3.392093089991249,3.4926237430190668,0.1005306530278176,6.483503989991732
32,0,1,41,3.4926237430190668,3.592485166969709,0.09986142395064235,6.483503989991732
32,0,1,42,3.592485166969709,3.6937373279361054,0.10125216096639633,6.483503989991732
32,0,1,43,3.6937373279361054,3.795801186002791,0.1020638580666855,6.483503989991732
32,0,1,44,3.795801186002791,3.8991833379259333,0.10338215192314237,6.483503989991732
32,0,1,45,3.8991833379259333,4.002946168999188,0.10376283107325435,6.483503989991732
32,0,1,46,4.002946168999188,4.108291090931743,0.10534492193255574,6.483503989991732
32,0,1,47,4.108291090931743,4.2107634879648685,0.10247239703312516,6.483503989991732
32,0,1,48,4.2107634879648685,4.313957577920519,0.10319408995565027,6.483503989991732
32,0,1,49,4.313957577920519,4.415696903015487,0.10173932509496808,6.483503989991732
32,0,1,50,4.415696903015487,4.518000705982558,0.10230380296707153,6.483503989991732
32,0,1,51,4.518000705982558,4.617096366011538,0.09909566002897918,6.483503989991732
32,0,1,52,4.617096366011538,4.719781605992466,0.1026852399809286,6.483503989991732
32,0,1,53,4.719781605992466,4.821578164934181,0.10179655894171447,6.483503989991732
32,0,1,54,4.821578164934181,4.9272839919431135,0.10570582700893283,6.483503989991732
32,0,1,55,4.9272839919431135,5.030908919987269,0.10362492804415524,6.483503989991732
32,0,1,56,5.030908919987269,5.137775123002939,0.10686620301567018,6.483503989991732
32,0,1,57,5.137775123002939,5.239266371005215,0.10149124800227582,6.483503989991732
32,0,1,58,5.239266371005215,5.344661128008738,0.10539475700352341,6.483503989991732
32,0,1,59,5.344661128008738,5.446655576000921,0.10199444799218327,6.483503989991732
32,0,1,60,5.446655576000921,5.552114020916633,0.10545844491571188,6.483503989991732
32,0,1,61,5.552114020916633,5.653467494994402,0.10135347407776862,6.483503989991732
32,0,1,62,5.653467494994402,5.760762974969111,0.10729547997470945,6.483503989991732
32,0,1,63,5.760762974969111,5.87757506291382,0.11681208794470876,6.483503989991732
32,0,1,64,5.87757506291382,6.00135485897772,0.1237797960639,6.483503989991732
32,0,1,65,6.00135485897772,6.131866244948469,0.13051138597074896,6.483503989991732
32,0,1,66,6.131866244948469,6.265281131025404,0.13341488607693464,6.483503989991732
32,0,1,67,6.265281131025404,6.421235668007284,0.15595453698188066,6.483503989991732
32,0,1,68,6.421235668007284,6.484543241909705,0.0633075739024207,6.483503989991732
32,0,2,8,-0.10422085307072848,0.005992199992761016,0.1102130530634895,6.483503989991732
32,0,2,9,0.005992199992761016,0.10397915099747479,0.09798695100471377,6.483503989991732
32,0,2,10,0.10397915099747479,0.20040341396816075,0.09642426297068596,6.483503989991732
32,0,2,11,0.20040341396816075,0.2961585680022836,0.09575515403412282,6.483503989991732
32,0,2,12,0.2961585680022836,0.3952289189910516,0.09907035098876804,6.483503989991732
32,0,2,13,0.3952289189910516,0.48922420002054423,0.09399528102949262,6.483503989991732
32,0,2,14,0.48922420002054423,0.5858589939307421,0.09663479391019791,6.483503989991732
32,0,2,15,0.5858589939307421,0.6810795499477535,0.0952205560170114,6.483503989991732
32,0,2,16,0.6810795499477535,0.7782468609511852,0.09716731100343168,6.483503989991732
32,0,2,17,0.7782468609511852,0.8758573229424655,0.09761046199128032,6.483503989991732
32,0,2,18,0.8758573229424655,0.9804326619487256,0.10457533900626004,6.483503989991732
32,0,2,19,0.9804326619487256,1.0822231639176607,0.10179050196893513,6.483503989991732
32,0,2,20,1.0822231639176607,1.1840499029494822,0.10182673903182149,6.483503989991732
32,0,2,21,1.1840499029494822,1.2823328609811142,0.098282958031632,6.483503989991732
32,0,2,22,1.2823328609811142,1.3805625439854339,0.09822968300431967,6.483503989991732
32,0,2,23,1.3805625439854339,1.4761307230219245,0.09556817903649062,6.483503989991732
32,0,2,24,1.4761307230219245,1.5737819930072874,0.09765126998536289,6.483503989991732
32,0,2,25,1.5737819930072874,1.6707425269996747,0.09696053399238735,6.483503989991732
32,0,2,26,1.6707425269996747,1.7706044289516285,0.09986190195195377,6.483503989991732
32,0,2,27,1.7706044289516285,1.8716250619618222,0.1010206330101937,6.483503989991732
32,0,2,28,1.8716250619618222,1.9748867909656838,0.10326172900386155,6.483503989991732
32,0,2,29,1.9748867909656838,2.0767001759959385,0.10181338503025472,6.483503989991732
32,0,2,30,2.0767001759959385,2.1794013309990987,0.10270115500316024,6.483503989991732
32,0,2,31,2.1794013309990987,2.2791308539453894,0.09972952294629067,6.483503989991732
32,0,2,32,2.2791308539453894,2.3789283899823204,0.09979753603693098,6.483503989991732
32,0,2,33,2.3789283899823204,2.4773247910197824,0.09839640103746206,6.483503989991732
32,0,2,34,2.4773247910197824,2.5750068209599704,0.09768202994018793,6.483503989991732
32,0,2,35,2.5750068209599704,2.674468735931441,0.09946191497147083,6.483503989991732
32,0,2,36,2.674468735931441,2.775325828930363,0.10085709299892187,6.483503989991732
32,0,2,37,2.775325828930363,2.8777644149959087,0.10243858606554568,6.483503989991732
32,0,2,38,2.8777644149959087,2.9815965039888397,0.10383208899293095,6.483503989991732
32,0,2,39,2.9815965039888397,3.085242667933926,0.1036461639450863,6.483503989991732
32,0,2,40,3.085242667933926,3.1884473339887336,0.1032046660548076,6.483503989991732
32,0,2,41,3.1884473339887336,3.290172856999561,0.1017255230108276,6.483503989991732
32,0,2,42,3.290172856999561,3.391549713909626,0.10137685691006482,6.483503989991732
32,0,2,43,3.391549713909626,3.4921163199469447,0.1005666060373187,6.483503989991732
32,0,2,44,3.4921163199469447,3.5918923260178417,0.09977600607089698,6.483503989991732
32,0,2,45,3.5918923260178417,3.6928557959618047,0.10096346994396299,6.483503989991732
32,0,2,46,3.6928557959618047,3.795103427954018,0.10224763199221343,6.483503989991732
32,0,2,47,3.795103427954018,3.8985108139459044,0.10340738599188626,6.483503989991732
32,0,2,48,3.8985108139459044,4.002309749950655,0.10379893600475043,6.483503989991732
32,0,2,49,4.002309749950655,4.1073496689787135,0.10503991902805865,6.483503989991732
32,0,2,50,4.1073496689787135,4.210097479983233,0.10274781100451946,6.483503989991732
32,0,2,51,4.210097479983233,4.313329980010167,0.10323250002693385,6.483503989991732
32,0,2,52,4.313329980010167,4.41507196193561,0.10174198192544281,6.483503989991732
32,0,2,53,4.41507196193561,4.51741247298196,0.10234051104635,6.483503989991732
32,0,2,54,4.51741247298196,4.616525333956815,0.09911286097485572,6.483503989991732
32,0,2,55,4.616525333956815,4.719215239980258,0.10268990602344275,6.483503989991732
32,0,2,56,4.719215239980258,4.820951796951704,0.10173655697144568,6.483503989991732
32,0,2,57,4.820951796951704,4.92666376195848,0.10571196500677615,6.483503989991732
32,0,2,58,4.92666376195848,5.030310551985167,0.10364679002668709,6.483503989991732
32,0,2,59,5.030310551985167,5.136770973913372,0.1064604219282046,6.483503989991732
32,0,2,60,5.136770973913372,5.238498869934119,0.10172789602074772,6.483503989991732
32,0,2,61,5.238498869934119,5.343971467926167,0.10547259799204767,6.483503989991732
32,0,2,62,5.343971467926167,5.4459659029962495,0.10199443507008255,6.483503989991732
32,0,2,63,5.4459659029962495,5.551476627937518,0.10551072494126856,6.483503989991732
32,0,2,64,5.551476627937518,5.652794430963695,0.10131780302617699,6.483503989991732
32,0,2,65,5.652794430963695,5.760130170965567,0.10733574000187218,6.483503989991732
32,0,2,66,5.760130170965567,5.876885316916741,0.1167551459511742,6.483503989991732
32,0,2,67,5.876885316916741,6.000640726997517,0.12375541008077562,6.483503989991732
32,0,2,68,6.000640726997517,6.1311852330109105,0.1305445060133934,6.483503989991732
32,0,2,69,6.1311852330109105,6.264589870930649,0.1334046379197389,6.483503989991732
32,0,2,70,6.264589870930649,6.420519409934059,0.15592953900340945,6.483503989991732
32,0,2,71,6.420519409934059,6.483950161957182,0.0634307520231232,6.483503989991732
32,0,3,1,0.10379194095730782,0.20023909001611173,0.09644714905880392,6.483503989991732
32,0,3,2,0.20023909001611173,0.29599620192311704,0.09575711190700531,6.483503989991732
32,0,3,3,0.29599620192311704,0.39508406398817897,0.09908786206506193,6.483503989991732
32,0,3,4,0.39508406398817897,0.4890572800068185,0.0939732160186395,6.483503989991732
32,0,3,5,0.4890572800068185,0.5856803170172498,0.09662303701043129,6.483503989991732
32,0,3,6,0.5856803170172498,0.6809302779147401,0.09524996089749038,6.483503989991732
32,0,3,7,0.6809302779147401,0.7780883639352396,0.09715808602049947,6.483503989991732
32,0,3,8,0.7780883639352396,0.8757045270176604,0.09761616308242083,6.483503989991732
32,0,3,9,0.8757045270176604,0.9802924309624359,0.10458790394477546,6.483503989991732
32,0,3,10,0.9802924309624359,1.082079829997383,0.10178739903494716,6.483503989991732
32,0,3,11,1.082079829997383,1.1839059619233012,0.10182613192591816,6.483503989991732
32,0,3,12,1.1839059619233012,1.2821794269839302,0.09827346506062895,6.483503989991732
32,0,3,13,1.2821794269839302,1.380430473946035,0.09825104696210474,6.483503989991732
32,0,3,14,1.380430473946035,1.4759927609702572,0.09556228702422231,6.483503989991732
32,0,3,15,1.4759927609702572,1.5736396969296038,0.09764693595934659,6.483503989991732
32,0,3,16,1.5736396969296038,1.6703219859628007,0.09668228903319687,6.483503989991732
32,0,3,17,1.6703219859628007,1.7703719509299845,0.10004996496718377,6.483503989991732
32,0,3,18,1.7703719509299845,1.871413966990076,0.10104201606009156,6.483503989991732
32,0,3,19,1.871413966990076,1.9746972059365362,0.10328323894646019,6.483503989991732
32,0,3,20,1.9746972059365362,2.0765194569248706,0.10182225098833442,6.483503989991732
32,0,3,21,2.0765194569248706,2.1792172850109637,0.10269782808609307,6.483503989991732
32,0,3,22,2.1792172850109637,2.2786341179162264,0.09941683290526271,6.483503989991732
32,0,3,23,2.2786341179162264,2.378671190002933,0.10003707208670676,6.483503989991732
32,0,3,24,2.378671190002933,2.477015185984783,0.09834399598184973,6.483503989991732
32,0,3,25,2.477015185984783,2.574732157983817,0.09771697199903429,6.483503989991732
32,0,3,26,2.574732157983817,2.67416705400683,0.0994348960230127,6.483503989991732
32,0,3,27,2.67416705400683,2.775008545955643,0.1008414919488132,6.483503989991732
32,0,3,28,2.775008545955643,2.8776246330235153,0.10261608706787229,6.483503989991732
32,0,3,29,2.8776246330235153,2.981443471973762,0.10381883895024657,6.483503989991732
32,0,3,30,2.981443471973762,3.085033547016792,0.10359007504303008,6.483503989991732
32,0,3,31,3.085033547016792,3.1882308159256354,0.1031972689088434,6.483503989991732
32,0,3,32,3.1882308159256354,3.2900596510153264,0.10182883508969098,6.483503989991732
32,0,3,33,3.2900596510153264,3.3914269289234653,0.10136727790813893,6.483503989991732
32,0,3,34,3.3914269289234653,3.491925915936008,0.10049898701254278,6.483503989991732
32,0,3,35,3.491925915936008,3.5917853589635342,0.09985944302752614,6.483503989991732
32,0,3,36,3.5917853589635342,3.6927474580006674,0.10096209903713316,6.483503989991732
32,0,3,37,3.6927474580006674,3.7949974759249017,0.10225001792423427,6.483503989991732
32,0,3,38,3.7949974759249017,3.8983947460073978,0.1033972700824961,6.483503989991732
32,0,3,39,3.8983947460073978,4.002210485981777,0.10381573997437954,6.483503989991732
32,0,3,40,4.002210485981777,4.107246479019523,0.10503599303774536,6.483503989991732
32,0,3,41,4.107246479019523,4.209868197911419,0.10262171889189631,6.483503989991732
32,0,3,42,4.209868197911419,4.313232225016691,0.10336402710527182,6.483503989991732
32,0,3,43,4.313232225016691,4.414976810920052,0.10174458590336144,6.483503989991732
32,0,3,44,4.414976810920052,4.51732066902332,0.10234385810326785,6.483503989991732
32,0,3,45,4.51732066902332,4.616429941961542,0.09910927293822169,6.483503989991732
32,0,3,46,4.616429941961542,4.719125084928237,0.10269514296669513,6.483503989991732
32,0,3,47,4.719125084928237,4.820852670934983,0.1017275860067457,6.483503989991732
32,0,3,48,4.820852670934983,4.926568822003901,0.10571615106891841,6.483503989991732
32,0,3,49,4.926568822003901,5.030217704013921,0.10364888201002032,6.483503989991732
32,0,3,50,5.030217704013921,5.136672894936055,0.10645519092213362,6.483503989991732
32,0,3,51,5.136672894936055,5.238394603016786,0.10172170808073133,6.483503989991732
32,0,3,52,5.238394603016786,5.343854523962364,0.10545992094557732,6.483503989991732
32,0,3,53,5.343854523962364,5.4458733049687,0.10201878100633621,6.483503989991732
32,0,3,54,5.4458733049687,5.551382028963417,0.105508723994717,6.483503989991732
32,0,3,55,5.551382028963417,5.652697962941602,0.10131593397818506,6.483503989991732
32,0,3,56,5.652697962941602,5.75997293391265,0.10727497097104788,6.483503989991732
32,0,3,57,5.75997293391265,5.8767871300224215,0.11681419610977173,6.483503989991732
32,0,3,58,5.8767871300224215,6.000536015024409,0.12374888500198722,6.483503989991732
32,0,3,59,6.000536015024409,6.131089981994592,0.13055396697018296,6.483503989991732
32,0,3,60,6.131089981994592,6.264474153984338,0.1333841719897464,6.483503989991732
32,0,3,61,6.264474153984338,6.420408914913423,0.15593476092908531,6.483503989991732
32,0,3,62,6.420408914913423,6.4838546209502965,0.06344570603687316,6.483503989991732
32,0,4,1,-0.10390453902073205,0.005850268993526697,0.10975480801425874,6.483503989991732
32,0,4,2,0.005850268993526697,0.10347228799946606,0.09762201900593936,6.483503989991732
32,0,4,3,0.10347228799946606,0.20012770791072398,0.09665541991125792,6.483503989991732
32,0,4,4,0.20012770791072398,0.295872621005401,0.09574491309467703,6.483503989991732
32,0,4,5,0.295872621005401,0.3949821359710768,0.09910951496567577,6.483503989991732
32,0,4,6,0.3949821359710768,0.4889386279974133,0.09395649202633649,6.483503989991732
32,0,4,7,0.4889386279974133,0.5855768229812384,0.09663819498382509,6.483503989991732
32,0,4,8,0.5855768229812384,0.6805707369931042,0.09499391401186585,6.483503989991732
32,0,4,9,0.6805707369931042,0.7779068709351122,0.09733613394200802,6.483503989991732
32,0,4,10,0.7779068709351122,0.8755183089524508,0.09761143801733851,6.483503989991732
32,0,4,11,0.8755183089524508,0.9801535359583795,0.10463522700592875,6.483503989991732
32,0,4,12,0.9801535359583795,1.0816428079269826,0.10148927196860313,6.483503989991732
32,0,4,13,1.0816428079269826,1.183682171977125,0.10203936405014247,6.483503989991732
32,0,4,14,1.183682171977125,1.2815567039651796,0.09787453198805451,6.483503989991732
32,0,4,15,1.2815567039651796,1.3801860919920728,0.09862938802689314,6.483503989991732
32,0,4,16,1.3801860919920728,1.475715923937969,0.09552983194589615,6.483503989991732
32,0,4,17,1.475715923937969,1.5733797069406137,0.09766378300264478,6.483503989991732
32,0,4,18,1.5733797069406137,1.6700712239835411,0.09669151704292744,6.483503989991732
32,0,4,19,1.6700712239835411,1.770096936961636,0.10002571297809482,6.483503989991732
32,0,4,20,1.770096936961636,1.8711829039966688,0.10108596703503281,6.483503989991732
32,0,4,21,1.8711829039966688,1.9743551209103316,0.10317221691366285,6.483503989991732
32,0,4,22,1.9743551209103316,2.0762740669306368,0.10191894602030516,6.483503989991732
32,0,4,23,2.0762740669306368,2.178966008941643,0.10269194201100618,6.483503989991732
32,0,4,24,2.178966008941643,2.2783352219266817,0.09936921298503876,6.483503989991732
32,0,4,25,2.2783352219266817,2.378410322009586,0.1000751000829041,6.483503989991732
32,0,4,26,2.378410322009586,2.476458520977758,0.09804819896817207,6.483503989991732
32,0,4,27,2.476458520977758,2.5743528639432043,0.09789434296544641,6.483503989991732
32,0,4,28,2.5743528639432043,2.673814776004292,0.09946191206108779,6.483503989991732
32,0,4,29,2.673814776004292,2.774609016953036,0.10079424094874412,6.483503989991732
32,0,4,30,2.774609016953036,2.877909258939326,0.10330024198628962,6.483503989991732
32,0,4,31,2.877909258939326,2.981742666917853,0.10383340797852725,6.483503989991732
32,0,4,32,2.981742666917853,3.0854082099394873,0.10366554302163422,6.483503989991732
32,0,4,33,3.0854082099394873,3.1886286810040474,0.10322047106456012,6.483503989991732
32,0,4,34,3.1886286810040474,3.2903865659609437,0.1017578849568963,6.483503989991732
32,0,4,35,3.2903865659609437,3.3917623659363016,0.10137579997535795,6.483503989991732
32,0,4,36,3.3917623659363016,3.492268494912423,0.10050612897612154,6.483503989991732
32,0,4,37,3.492268494912423,3.592132566962391,0.09986407204996794,6.483503989991732
32,0,4,38,3.592132566962391,3.6931184239219874,0.10098585695959628,6.483503989991732
32,0,4,39,3.6931184239219874,3.795353628927842,0.10223520500585437,6.483503989991732
32,0,4,40,3.795353628927842,3.898783016949892,0.10342938802205026,6.483503989991732
32,0,4,41,3.898783016949892,4.002567693009041,0.1037846760591492,6.483503989991732
32,0,4,42,4.002567693009041,4.107609333936125,0.10504164092708379,6.483503989991732
32,0,4,43,4.107609333936125,4.210257900995202,0.10264856705907732,6.483503989991732
32,0,4,44,4.210257900995202,4.313473009970039,0.10321510897483677,6.483503989991732
32,0,4,45,4.313473009970039,4.415208654012531,0.10173564404249191,6.483503989991732
32,0,4,46,4.415208654012531,4.517550955992192,0.10234230197966099,6.483503989991732
32,0,4,47,4.517550955992192,4.616654429002665,0.09910347301047295,6.483503989991732
32,0,4,48,4.616654429002665,4.719343599979766,0.10268917097710073,6.483503989991732
32,0,4,49,4.719343599979766,4.821084609022364,0.10174100904259831,6.483503989991732
32,0,4,50,4.821084609022364,4.9268013699911535,0.10571676096878946,6.483503989991732
32,0,4,51,4.9268013699911535,5.030442446935922,0.10364107694476843,6.483503989991732
32,0,4,52,5.030442446935922,5.136914936942048,0.10647249000612646,6.483503989991732
32,0,4,53,5.136914936942048,5.238640559953637,0.10172562301158905,6.483503989991732
32,0,4,54,5.238640559953637,5.34413213795051,0.10549157799687237,6.483503989991732
32,0,4,55,5.34413213795051,5.4460979339201,0.10196579596959054,6.483503989991732
32,0,4,56,5.4460979339201,5.551608284935355,0.10551035101525486,6.483503989991732
32,0,4,57,5.551608284935355,5.652930395910516,0.1013221109751612,6.483503989991732
32,0,4,58,5.652930395910516,5.760259234928526,0.1073288390180096,6.483503989991732
32,0,4,59,5.760259234928526,5.877018698956817,0.1167594640282914,6.483503989991732
32,0,4,60,5.877018698956817,6.000782990013249,0.12376429105643183,6.483503989991732
32,0,4,61,6.000782990013249,6.131318787927739,0.1305357979144901,6.483503989991732
32,0,4,62,6.131318787927739,6.26472949993331,0.13341071200557053,6.483503989991732
32,0,4,63,6.26472949993331,6.420664539909922,0.15593503997661173,6.483503989991732
32,0,4,64,6.420664539909922,6.4840869879117236,0.06342244800180197,6.483503989991732
32,0,5,1,1.2819370980141684,1.3802961279870942,0.09835902997292578,6.483503989991732
32,0,5,2,1.3802961279870942,1.4758451159577817,0.09554898797068745,6.483503989991732
32,0,5,3,1.4758451159577817,1.5734914080239832,0.09764629206620157,6.483503989991732
32,0,5,4,1.5734914080239832,1.6701746589969844,0.09668325097300112,6.483503989991732
32,0,5,5,1.6701746589969844,1.7702138149179518,0.10003915592096746,6.483503989991732
32,0,5,6,1.7702138149179518,1.8712749319383875,0.10106111702043563,6.483503989991732
32,0,5,7,1.8712749319383875,1.9744771330151707,0.10320220107678324,6.483503989991732
32,0,5,8,1.9744771330151707,2.0763754879590124,0.1018983549438417,6.483503989991732
32,0,5,9,2.0763754879590124,2.1790794199332595,0.1027039319742471,6.483503989991732
32,0,5,10,2.1790794199332595,2.278416089946404,0.09933667001314461,6.483503989991732
32,0,5,11,2.278416089946404,2.378517420962453,0.10010133101604879,6.483503989991732
32,0,5,12,2.378517420962453,2.4765821719774976,0.09806475101504475,6.483503989991732
32,0,5,13,2.4765821719774976,2.57450407394208,0.0979219019645825,6.483503989991732
32,0,5,14,2.57450407394208,2.6739574049133807,0.0994533309713006,6.483503989991732
32,0,5,15,2.6739574049133807,2.7747744609368965,0.10081705602351576,6.483503989991732
32,0,5,16,2.7747744609368965,2.8779548569582403,0.10318039602134377,6.483503989991732
32,0,5,17,2.8779548569582403,2.981790151912719,0.10383529495447874,6.483503989991732
32,0,5,18,2.981790151912719,3.085471035912633,0.10368088399991393,6.483503989991732
32,0,5,19,3.085471035912633,3.188681337982416,0.10321030206978321,6.483503989991732
32,0,5,20,3.188681337982416,3.2904384329449385,0.10175709496252239,6.483503989991732
32,0,5,21,3.2904384329449385,3.3918112450046465,0.10137281205970794,6.483503989991732
32,0,5,22,3.3918112450046465,3.492319364915602,0.10050811991095543,6.483503989991732
32,0,5,23,3.492319364915602,3.5921844919212162,0.09986512700561434,6.483503989991732
32,0,5,24,3.5921844919212162,3.693166055949405,0.10098156402818859,6.483503989991732
32,0,5,25,3.693166055949405,3.7954074379522353,0.1022413820028305,6.483503989991732
32,0,5,26,3.7954074379522353,3.8988355059409514,0.10342806798871607,6.483503989991732
32,0,5,27,3.8988355059409514,4.002615266945213,0.10377976100426167,6.483503989991732
32,0,5,28,4.002615266945213,4.107659888919443,0.10504462197422981,6.483503989991732
32,0,5,29,4.107659888919443,4.2103096769424155,0.10264978802297264,6.483503989991732
32,0,5,30,4.2103096769424155,4.313518263981678,0.10320858703926206,6.483503989991732
32,0,5,31,4.313518263981678,4.415254476945847,0.10173621296416968,6.483503989991732
32,0,5,32,4.415254476945847,4.517594661912881,0.10234018496703357,6.483503989991732
32,0,5,33,4.517594661912881,4.616698925965466,0.09910426405258477,6.483503989991732
32,0,5,34,4.616698925965466,4.719386481912807,0.10268755594734102,6.483503989991732
32,0,5,35,4.719386481912807,4.82112804800272,0.10174156608991325,6.483503989991732
32,0,5,36,4.82112804800272,4.92684643692337,0.10571838892064989,6.483503989991732
32,0,5,37,4.92684643692337,5.030491958023049,0.10364552109967917,6.483503989991732
32,0,5,38,5.030491958023049,5.136964328936301,0.10647237091325223,6.483503989991732
32,0,5,39,5.136964328936301,5.238688522949815,0.10172419401351362,6.483503989991732
32,0,5,40,5.238688522949815,5.3441836789716035,0.10549515602178872,6.483503989991732
32,0,5,41,5.3441836789716035,5.446144507965073,0.10196082899346948,6.483503989991732
32,0,5,42,5.446144507965073,5.5516523469705135,0.10550783900544047,6.483503989991732
32,0,5,43,5.5516523469705135,5.652975108008832,0.10132276103831828,6.483503989991732
32,0,5,44,5.652975108008832,5.76030206901487,0.10732696100603789,6.483503989991732
32,0,5,45,5.76030206901487,5.877063537016511,0.11676146800164133,6.483503989991732
32,0,5,46,5.877063537016511,6.00083056895528,0.12376703193876892,6.483503989991732
32,0,5,47,6.00083056895528,6.131363007938489,0.13053243898320943,6.483503989991732
32,0,5,48,6.131363007938489,6.264774029958062,0.13341102201957256,6.483503989991732
32,0,5,49,6.264774029958062,6.420711540966295,0.15593751100823283,6.483503989991732
32,0,5,50,6.420711540966295,6.484132651006803,0.06342111004050821,6.483503989991732
32,0,6,1,0.29646553297061473,0.3952907419297844,0.09882520895916969,6.483503989991732
32,0,6,2,0.3952907419297844,0.4892782300012186,0.0939874880714342,6.483503989991732
32,0,6,3,0.4892782300012186,0.5859114179620519,0.09663318796083331,6.483503989991732
32,0,6,4,0.5859114179620519,0.6811290399637073,0.0952176220016554,6.483503989991732
32,0,6,5,0.6811290399637073,0.7782962929923087,0.09716725302860141,6.483503989991732
32,0,6,6,0.7782962929923087,0.8759238539496437,0.09762756095733494,6.483503989991732
32,0,6,7,0.8759238539496437,0.9804874119581655,0.1045635580085218,6.483503989991732
32,0,6,8,0.9804874119581655,1.0822711730143055,0.10178376105614007,6.483503989991732
32,0,6,9,1.0822711730143055,1.184096765005961,0.10182559199165553,6.483503989991732
32,0,6,10,1.184096765005961,1.2823846749961376,0.09828790999017656,6.483503989991732
32,0,6,11,1.2823846749961376,1.3806184239219874,0.0982337489258498,6.483503989991732
32,0,6,12,1.3806184239219874,1.4761771279154345,0.09555870399344712,6.483503989991732
32,0,6,13,1.4761771279154345,1.573848460917361,0.09767133300192654,6.483503989991732
32,0,6,14,1.573848460917361,1.670788949006237,0.09694048808887601,6.483503989991732
32,0,6,15,1.670788949006237,1.7706716320244595,0.09988268301822245,6.483503989991732
32,0,6,16,1.7706716320244595,1.8716711850138381,0.10099955298937857,6.483503989991732
32,0,6,17,1.8716711850138381,1.9749336709501222,0.10326248593628407,6.483503989991732
32,0,6,18,1.9749336709501222,2.077048262930475,0.102114591980353,6.483503989991732
32,0,6,19,2.077048262930475,2.1795375070068985,0.10248924407642335,6.483503989991732
32,0,6,20,2.1795375070068985,2.279265634017065,0.09972812701016665,6.483503989991732
32,0,6,21,2.279265634017065,2.3790229900041595,0.09975735598709434,6.483503989991732
32,0,6,22,2.3790229900041595,2.4774212220218033,0.09839823201764375,6.483503989991732
32,0,6,23,2.4774212220218033,2.57509824691806,0.09767702489625663,6.483503989991732
32,0,6,24,2.57509824691806,2.674564954941161,0.09946670802310109,6.483503989991732
32,0,6,25,2.674564954941161,2.7754306769929826,0.10086572205182165,6.483503989991732
32,0,6,26,2.7754306769929826,2.8787721060216427,0.10334142902866006,6.483503989991732
32,0,6,27,2.8787721060216427,2.982406724942848,0.1036346189212054,6.483503989991732
32,0,6,28,2.982406724942848,3.0864591689314693,0.10405244398862123,6.483503989991732
32,0,6,29,3.0864591689314693,3.189404960954562,0.10294579202309251,6.483503989991732
32,0,6,30,3.189404960954562,3.291095623979345,0.10169066302478313,6.483503989991732
32,0,6,31,3.291095623979345,3.3924184989882633,0.10132287500891834,6.483503989991732
32,0,6,32,3.3924184989882633,3.4929686199175194,0.10055012092925608,6.483503989991732
32,0,6,33,3.4929686199175194,3.592833262984641,0.0998646430671215,6.483503989991732
32,0,6,34,3.592833262984641,3.6940805920166895,0.10124732903204858,6.483503989991732
32,0,6,35,3.6940805920166895,3.796141876024194,0.10206128400750458,6.483503989991732
32,0,6,36,3.796141876024194,3.899832858936861,0.1036909829126671,6.483503989991732
32,0,6,37,3.899832858936861,4.003330581006594,0.10349772206973284,6.483503989991732
32,0,6,38,4.003330581006594,4.108673770911992,0.1053431899053976,6.483503989991732
32,0,6,39,4.108673770911992,4.21117137093097,0.10249760001897812,6.483503989991732
32,0,6,40,4.21117137093097,4.314614019007422,0.10344264807645231,6.483503989991732
32,0,6,41,4.314614019007422,4.41611968993675,0.10150567092932761,6.483503989991732
32,0,6,42,4.41611968993675,4.518719300976954,0.10259961104020476,6.483503989991732
32,0,6,43,4.518719300976954,4.61759387596976,0.09887457499280572,6.483503989991732
32,0,6,44,4.61759387596976,4.720259384950623,0.1026655089808628,6.483503989991732
32,0,6,45,4.720259384950623,4.82203873002436,0.1017793450737372,6.483503989991732
32,0,6,46,4.82203873002436,4.928096125018783,0.1060573949944228,6.483503989991732
32,0,6,47,4.928096125018783,5.031480944016948,0.10338481899816543,6.483503989991732
32,0,6,48,5.031480944016948,5.138301715953276,0.10682077193632722,6.483503989991732
32,0,6,49,5.138301715953276,5.239789068931714,0.10148735297843814,6.483503989991732
32,0,6,50,5.239789068931714,5.345618285937235,0.10582921700552106,6.483503989991732
32,0,6,51,5.345618285937235,5.447215812979266,0.10159752704203129,6.483503989991732
32,0,6,52,5.447215812979266,5.552923645940609,0.10570783296134323,6.483503989991732
32,0,6,53,5.552923645940609,5.654092887998559,0.1011692420579493,6.483503989991732
32,0,6,54,5.654092887998559,5.761296365992166,0.10720347799360752,6.483503989991732
32,0,6,55,5.761296365992166,5.878140424960293,0.11684405896812677,6.483503989991732
32,0,6,56,5.878140424960293,6.00196264591068,0.12382222095038742,6.483503989991732
32,0,6,57,6.00196264591068,6.132426960975863,0.13046431506518275,6.483503989991732
32,0,6,58,6.132426960975863,6.2658683030167595,0.13344134204089642,6.483503989991732
32,0,6,59,6.2658683030167595,6.421874922933057,0.1560066199162975,6.483503989991732
32,0,6,60,6.421874922933057,6.485161811928265,0.06328688899520785,6.483503989991732
32,0,7,1,1.4764649940188974,1.5739160010125488,0.09745100699365139,6.483503989991732
32,0,7,2,1.5739160010125488,1.6708474810002372,0.09693147998768836,6.483503989991732
32,0,7,3,1.6708474810002372,1.7707234889967367,0.09987600799649954,6.483503989991732
32,0,7,4,1.7707234889967367,1.8717151889577508,0.10099169996101409,6.483503989991732
32,0,7,5,1.8717151889577508,1.9749804659513757,0.10326527699362487,6.483503989991732
32,0,7,6,1.9749804659513757,2.0771129889180884,0.10213252296671271,6.483503989991732
32,0,7,7,2.0771129889180884,2.179583048913628,0.10247005999553949,6.483503989991732
32,0,7,8,2.179583048913628,2.2793160430155694,0.09973299410194159,6.483503989991732
32,0,7,9,2.2793160430155694,2.3790691239992157,0.09975308098364621,6.483503989991732
32,0,7,10,2.3790691239992157,2.477479040971957,0.09840991697274148,6.483503989991732
32,0,7,11,2.477479040971957,2.57514298602473,0.09766394505277276,6.483503989991732
32,0,7,12,2.57514298602473,2.6748952500056475,0.09975226398091763,6.483503989991732
32,0,7,13,2.6748952500056475,2.77556202292908,0.10066677292343229,6.483503989991732
32,0,7,14,2.77556202292908,2.877813220024109,0.10225119709502906,6.483503989991732
32,0,7,15,2.877813220024109,2.981646802974865,0.10383358295075595,6.483503989991732
32,0,7,16,2.981646802974865,3.0853013310115784,0.1036545280367136,6.483503989991732
32,0,7,17,3.0853013310115784,3.188519911025651,0.10321858001407236,6.483503989991732
32,0,7,18,3.188519911025651,3.2902226879959926,0.1017027769703418,6.483503989991732
32,0,7,19,3.2902226879959926,3.391599930007942,0.10137724201194942,6.483503989991732
32,0,7,20,3.391599930007942,3.4921681419946253,0.10056821198668331,6.483503989991732
32,0,7,21,3.4921681419946253,3.592027375008911,0.09985923301428556,6.483503989991732
32,0,7,22,3.592027375008911,3.693016769946553,0.10098939493764192,6.483503989991732
32,0,7,23,3.693016769946553,3.7951576659688726,0.1021408960223198,6.483503989991732
32,0,7,24,3.7951576659688726,3.8986761309206486,0.10351846495177597,6.483503989991732
32,0,7,25,3.8986761309206486,4.002460215939209,0.10378408501856029,6.483503989991732
32,0,7,26,4.002460215939209,4.107399520929903,0.10493930499069393,6.483503989991732
32,0,7,27,4.107399520929903,4.210154513013549,0.10275499208364636,6.483503989991732
32,0,7,28,4.210154513013549,4.3133760310010985,0.1032215179875493,6.483503989991732
32,0,7,29,4.3133760310010985,4.415118137025274,0.10174210602417588,6.483503989991732
32,0,7,30,4.415118137025274,4.517462936928496,0.10234479990322143,6.483503989991732
32,0,7,31,4.517462936928496,4.616567604942247,0.0991046680137515,6.483503989991732
32,0,7,32,4.616567604942247,4.719259876990691,0.10269227204844356,6.483503989991732
32,0,7,33,4.719259876990691,4.820999130955897,0.10173925396520644,6.483503989991732
32,0,7,34,4.820999130955897,4.926712184911594,0.10571305395569652,6.483503989991732
32,0,7,35,4.926712184911594,5.030355265014805,0.1036430801032111,6.483503989991732
32,0,7,36,5.030355265014805,5.136818084982224,0.10646281996741891,6.483503989991732
32,0,7,37,5.136818084982224,5.238546709995717,0.101728625013493,6.483503989991732
32,0,7,38,5.238546709995717,5.344026895007119,0.10548018501140177,6.483503989991732
32,0,7,39,5.344026895007119,5.446009902982041,0.10198300797492266,6.483503989991732
32,0,7,40,5.446009902982041,5.551520767970942,0.10551086498890072,6.483503989991732
32,0,7,41,5.551520767970942,5.652841193950735,0.10132042597979307,6.483503989991732
32,0,7,42,5.652841193950735,5.760175594943576,0.10733440099284053,6.483503989991732
32,0,7,43,5.760175594943576,5.876930276979692,0.11675468203611672,6.483503989991732
32,0,7,44,5.876930276979692,6.000689142965712,0.12375886598601937,6.483503989991732
32,0,7,45,6.000689142965712,6.131231338949874,0.1305421959841624,6.483503989991732
32,0,7,46,6.131231338949874,6.264638899010606,0.13340756006073207,6.483503989991732
32,0,7,47,6.264638899010606,6.420569011941552,0.15593011293094605,6.483503989991732
32,0,7,48,6.420569011941552,6.483997910981998,0.06342889904044569,6.483503989991732
32,0,8,1,0.6808594919275492,0.7780247159535065,0.09716522402595729,6.483503989991732
32,0,8,2,0.7780247159535065,0.8756412389921024,0.09761652303859591,6.483503989991732
32,0,8,3,0.8756412389921024,0.9802390809636563,0.10459784197155386,6.483503989991732
32,0,8,4,0.9802390809636563,1.0820297360187396,0.10179065505508333,6.483503989991732
32,0,8,5,1.0820297360187396,1.1838565960060805,0.10182685998734087,6.483503989991732
32,0,8,6,1.1838565960060805,1.2821244519436732,0.09826785593759269,6.483503989991732
32,0,8,7,1.2821244519436732,1.380387412966229,0.09826296102255583,6.483503989991732
32,0,8,8,1.380387412966229,1.4759460759814829,0.09555866301525384,6.483503989991732
32,0,8,9,1.4759460759814829,1.5735919650178403,0.0976458890363574,6.483503989991732
32,0,8,10,1.5735919650178403,1.670276456978172,0.0966844919603318,6.483503989991732
32,0,8,11,1.670276456978172,1.7703203759156168,0.10004391893744469,6.483503989991732
32,0,8,12,1.7703203759156168,1.871369644999504,0.10104926908388734,6.483503989991732
32,0,8,13,1.871369644999504,1.9745821269461885,0.10321248194668442,6.483503989991732
32,0,8,14,1.9745821269461885,2.0764759510057047,0.10189382405951619,6.483503989991732
32,0,8,15,2.0764759510057047,2.1791742119239643,0.10269826091825962,6.483503989991732
32,0,8,16,2.1791742119239643,2.278580962913111,0.09940675098914653,6.483503989991732
32,0,8,17,2.278580962913111,2.378623334923759,0.10004237201064825,6.483503989991732
32,0,8,18,2.378623334923759,2.4769650519592687,0.09834171703550965,6.483503989991732
32,0,8,19,2.4769650519592687,2.5746837849728763,0.09771873301360756,6.483503989991732
32,0,8,20,2.5746837849728763,2.6741185559658334,0.09943477099295706,6.483503989991732
32,0,8,21,2.6741185559658334,2.77495462493971,0.10083606897387654,6.483503989991732
32,0,8,22,2.77495462493971,2.878000787924975,0.10304616298526525,6.483503989991732
32,0,8,23,2.878000787924975,2.9818365059327334,0.10383571800775826,6.483503989991732
32,0,8,24,2.9818365059327334,3.0855817549163476,0.10374524898361415,6.483503989991732
32,0,8,25,3.0855817549163476,3.1887335849460214,0.10315183002967387,6.483503989991732
32,0,8,26,3.1887335849460214,3.2905058859614655,0.1017723010154441,6.483503989991732
32,0,8,27,3.2905058859614655,3.3918591149849817,0.10135322902351618,6.483503989991732
32,0,8,28,3.3918591149849817,3.4923688509734347,0.10050973598845303,6.483503989991732
32,0,8,29,3.4923688509734347,3.5922399669652805,0.09987111599184573,6.483503989991732
32,0,8,30,3.5922399669652805,3.693499217974022,0.10125925100874156,6.483503989991732
32,0,8,31,3.693499217974022,3.795545457978733,0.10204624000471085,6.483503989991732
32,0,8,32,3.795545457978733,3.8989359729457647,0.10339051496703178,6.483503989991732
32,0,8,33,3.8989359729457647,4.002708385000005,0.1037724120542407,6.483503989991732
32,0,8,34,4.002708385000005,4.107756368932314,0.10504798393230885,6.483503989991732
32,0,8,35,4.107756368932314,4.210414142929949,0.10265777399763465,6.483503989991732
32,0,8,36,4.210414142929949,4.313609428936616,0.10319528600666672,6.483503989991732
32,0,8,37,4.313609428936616,4.415345334913582,0.10173590597696602,6.483503989991732
32,0,8,38,4.415345334913582,4.517735127010383,0.1023897920968011,6.483503989991732
32,0,8,39,4.517735127010383,4.616836373927072,0.09910124691668898,6.483503989991732
32,0,8,40,4.616836373927072,4.719528044923209,0.10269167099613696,6.483503989991732
32,0,8,41,4.719528044923209,4.821217976976186,0.10168993205297738,6.483503989991732
32,0,8,42,4.821217976976186,4.926936256000772,0.10571827902458608,6.483503989991732
32,0,8,43,4.926936256000772,5.030639162985608,0.10370290698483586,6.483503989991732
32,0,8,44,5.030639162985608,5.137109571020119,0.10647040803451091,6.483503989991732
32,0,8,45,5.137109571020119,5.238834852934815,0.1017252819146961,6.483503989991732
32,0,8,46,5.238834852934815,5.344288656953722,0.10545380401890725,6.483503989991732
32,0,8,47,5.344288656953722,5.446233037975617,0.10194438102189451,6.483503989991732
32,0,8,48,5.446233037975617,5.551737605012022,0.1055045670364052,6.483503989991732
32,0,8,49,5.551737605012022,5.653064152924344,0.10132654791232198,6.483503989991732
32,0,8,50,5.653064152924344,5.760387089918368,0.10732293699402362,6.483503989991732
32,0,8,51,5.760387089918368,5.877152498927899,0.11676540900953114,6.483503989991732
32,0,8,52,5.877152498927899,6.00091950094793,0.12376700202003121,6.483503989991732
32,0,8,53,6.00091950094793,6.131459402968176,0.1305399020202458,6.483503989991732
32,0,8,54,6.131459402968176,6.264862518990412,0.13340311602223665,6.483503989991732
32,0,8,55,6.264862518990412,6.420806053909473,0.15594353491906077,6.483503989991732
32,0,8,56,6.420806053909473,6.484223215957172,0.0634171620476991,6.483503989991732
32,0,9,1,0.48956345999613404,0.585984380915761,0.09642092091962695,6.483503989991732
32,0,9,2,0.585984380915761,0.6811764739686623,0.09519209305290133,6.483503989991732
32,0,9,3,0.6811764739686623,0.7783480269135907,0.09717155294492841,6.483503989991732
32,0,9,4,0.7783480269135907,0.8762378209503368,0.09788979403674603,6.483503989991732
32,0,9,5,0.8762378209503368,0.9806024809367955,0.10436465998645872,6.483503989991732
32,0,9,6,0.9806024809367955,1.0823634149273857,0.10176093399059027,6.483503989991732
32,0,9,7,1.0823634149273857,1.184188080020249,0.10182466509286314,6.483503989991732
32,0,9,8,1.184188080020249,1.2824963279999793,0.09830824797973037,6.483503989991732
32,0,9,9,1.2824963279999793,1.380705841933377,0.09820951393339783,6.483503989991732
32,0,9,10,1.380705841933377,1.4765766309574246,0.09587078902404755,6.483503989991732
32,0,9,11,1.4765766309574246,1.5740101829869673,0.09743355202954262,6.483503989991732
32,0,9,12,1.5740101829869673,1.6709379069507122,0.09692772396374494,6.483503989991732
32,0,9,13,1.6709379069507122,1.7708214559825137,0.09988354903180152,6.483503989991732
32,0,9,14,1.7708214559825137,1.8718161759898067,0.10099472000729293,6.483503989991732
32,0,9,15,1.8718161759898067,1.9750666979234666,0.10325052193365991,6.483503989991732
32,0,9,16,1.9750666979234666,2.0772038609720767,0.10213716304861009,6.483503989991732
32,0,9,17,2.0772038609720767,2.1796693769283593,0.10246551595628262,6.483503989991732
32,0,9,18,2.1796693769283593,2.279415862984024,0.09974648605566472,6.483503989991732
32,0,9,19,2.279415862984024,2.3791572300251573,0.09974136704113334,6.483503989991732
32,0,9,20,2.3791572300251573,2.477571698022075,0.09841446799691767,6.483503989991732
32,0,9,21,2.477571698022075,2.5752295799320564,0.09765788190998137,6.483503989991732
32,0,9,22,2.5752295799320564,2.6749886529287323,0.09975907299667597,6.483503989991732
32,0,9,23,2.6749886529287323,2.7756650230148807,0.10067637008614838,6.483503989991732
32,0,9,24,2.7756650230148807,2.878679455956444,0.10301443294156343,6.483503989991732
32,0,9,25,2.878679455956444,2.9823129709111527,0.10363351495470852,6.483503989991732
32,0,9,26,2.9823129709111527,3.0860507970210165,0.10373782610986382,6.483503989991732
32,0,9,27,3.0860507970210165,3.1892374749295413,0.10318667790852487,6.483503989991732
32,0,9,28,3.1892374749295413,3.2909508359152824,0.10171336098574102,6.483503989991732
32,0,9,29,3.2909508359152824,3.392278049956076,0.10132721404079348,6.483503989991732
32,0,9,30,3.392278049956076,3.492821628926322,0.10054357897024602,6.483503989991732
32,0,9,31,3.492821628926322,3.592685119016096,0.09986349008977413,6.483503989991732
32,0,9,32,3.592685119016096,3.6939343080157414,0.10124918899964541,6.483503989991732
32,0,9,33,3.6939343080157414,3.7959961629239842,0.10206185490824282,6.483503989991732
32,0,9,34,3.7959961629239842,3.8996859319740906,0.1036897690501064,6.483503989991732
32,0,9,35,3.8996859319740906,4.003190547926351,0.10350461595226079,6.483503989991732
32,0,9,36,4.003190547926351,4.108532725949772,0.10534217802342027,6.483503989991732
32,0,9,37,4.108532725949772,4.211020280024968,0.10248755407519639,6.483503989991732
32,0,9,38,4.211020280024968,4.314188019023277,0.10316773899830878,6.483503989991732
32,0,9,39,4.314188019023277,4.415919328923337,0.1017313099000603,6.483503989991732
32,0,9,40,4.415919328923337,4.51827419095207,0.1023548620287329,6.483503989991732
32,0,9,41,4.51827419095207,4.617358022020198,0.09908383106812835,6.483503989991732
32,0,9,42,4.617358022020198,4.720050406991504,0.10269238497130573,6.483503989991732
32,0,9,43,4.720050406991504,4.821805267944001,0.10175486095249653,6.483503989991732
32,0,9,44,4.821805267944001,4.927522171987221,0.10571690404321998,6.483503989991732
32,0,9,45,4.927522171987221,5.031190971960314,0.10366879997309297,6.483503989991732
32,0,9,46,5.031190971960314,5.138017843011767,0.10682687105145305,6.483503989991732
32,0,9,47,5.138017843011767,5.239505928941071,0.10148808592930436,6.483503989991732
32,0,9,48,5.239505928941071,5.345007331925444,0.10550140298437327,6.483503989991732
32,0,9,49,5.345007331925444,5.446880960022099,0.10187362809665501,6.483503989991732
32,0,9,50,5.446880960022099,5.552324593998492,0.10544363397639245,6.483503989991732
32,0,9,51,5.552324593998492,5.653690399019979,0.10136580502148718,6.483503989991732
32,0,9,52,5.653690399019979,5.7609723679488525,0.10728196892887354,6.483503989991732
32,0,9,53,5.7609723679488525,5.877791935927235,0.11681956797838211,6.483503989991732
32,0,9,54,5.877791935927235,6.0015956779243425,0.12380374199710786,6.483503989991732
32,0,9,55,6.0015956779243425,6.132083163945936,0.1304874860215932,6.483503989991732
32,0,9,56,6.132083163945936,6.26551044092048,0.13342727697454393,6.483503989991732
32,0,9,57,6.26551044092048,6.4214868559502065,0.15597641502972692,6.483503989991732
32,0,9,58,6.4214868559502065,6.4847651849268,0.06327832897659391,6.483503989991732
32,0,10,1,1.6706914969254285,1.770552815985866,0.09986131906043738,6.483503989991732
32,0,10,2,1.770552815985866,1.8715560489799827,0.10100323299411684,6.483503989991732
32,0,10,3,1.8715560489799827,1.9748411019099876,0.1032850529300049,6.483503989991732
32,0,10,4,1.9748411019099876,2.0766556119779125,0.10181451006792486,6.483503989991732
32,0,10,5,2.0766556119779125,2.179356760927476,0.1027011489495635,6.483503989991732
32,0,10,6,2.179356760927476,2.2787900189869106,0.09943325805943459,6.483503989991732
32,0,10,7,2.2787900189869106,2.378812829963863,0.10002281097695231,6.483503989991732
32,0,10,8,2.378812829963863,2.477229541982524,0.0984167120186612,6.483503989991732
32,0,10,9,2.477229541982524,2.574875516933389,0.09764597495086491,6.483503989991732
32,0,10,10,2.574875516933389,2.6743594729341567,0.09948395600076765,6.483503989991732
32,0,10,11,2.6743594729341567,2.7751756969373673,0.10081622400321066,6.483503989991732
32,0,10,12,2.7751756969373673,2.8780457109678537,0.10287001403048635,6.483503989991732
32,0,10,13,2.8780457109678537,2.981882311985828,0.10383660101797432,6.483503989991732
32,0,10,14,2.981882311985828,3.0856361999176443,0.10375388793181628,6.483503989991732
32,0,10,15,3.0856361999176443,3.1887847760226578,0.10314857610501349,6.483503989991732
32,0,10,16,3.1887847760226578,3.290554901934229,0.10177012591157109,6.483503989991732
32,0,10,17,3.290554901934229,3.3919077760074288,0.10135287407319993,6.483503989991732
32,0,10,18,3.3919077760074288,3.4924185179406777,0.10051074193324894,6.483503989991732
32,0,10,19,3.4924185179406777,3.5922919909935445,0.09987347305286676,6.483503989991732
32,0,10,20,3.5922919909935445,3.693546612979844,0.10125462198629975,6.483503989991732
32,0,10,21,3.693546612979844,3.7955959129612893,0.10204929998144507,6.483503989991732
32,0,10,22,3.7955959129612893,3.89898508193437,0.10338916897308081,6.483503989991732
32,0,10,23,3.89898508193437,4.002756699919701,0.10377161798533052,6.483503989991732
32,0,10,24,4.002756699919701,4.107807338004932,0.10505063808523118,6.483503989991732
32,0,10,25,4.107807338004932,4.210472908918746,0.10266557091381401,6.483503989991732
32,0,10,26,4.210472908918746,4.313653822988272,0.1031809140695259,6.483503989991732
32,0,10,27,4.313653822988272,4.4153908379375935,0.10173701494932175,6.483503989991732
32,0,10,28,4.4153908379375935,4.517780733993277,0.1023898960556835,6.483503989991732
32,0,10,29,4.517780733993277,4.6168800259474665,0.09909929195418954,6.483503989991732
32,0,10,30,4.6168800259474665,4.719569736975245,0.10268971102777869,6.483503989991732
32,0,10,31,4.719569736975245,4.821262936922722,0.10169319994747639,6.483503989991732
32,0,10,32,4.821262936922722,4.926981976022944,0.10571903910022229,6.483503989991732
32,0,10,33,4.926981976022944,5.030685688951053,0.10370371292810887,6.483503989991732
32,0,10,34,5.030685688951053,5.137160941958427,0.1064752530073747,6.483503989991732
32,0,10,35,5.137160941958427,5.238883481011726,0.10172253905329853,6.483503989991732
32,0,10,36,5.238883481011726,5.344340021023527,0.10545654001180083,6.483503989991732
32,0,10,37,5.344340021023527,5.446277666953392,0.10193764592986554,6.483503989991732
32,0,10,38,5.446277666953392,5.551779640023597,0.10550197307020426,6.483503989991732
32,0,10,39,5.551779640023597,5.6531104519963264,0.10133081197272986,6.483503989991732
32,0,10,40,5.6531104519963264,5.760429127956741,0.10731867596041411,6.483503989991732
32,0,10,41,5.760429127956741,5.877290025004186,0.11686089704744518,6.483503989991732
32,0,10,42,5.877290025004186,6.000966712948866,0.12367668794468045,6.483503989991732
32,0,10,43,6.000966712948866,6.131505523924716,0.13053881097584963,6.483503989991732
32,0,10,44,6.131505523924716,6.264907319913618,0.13340179598890245,6.483503989991732
32,0,10,45,6.264907319913618,6.420854891999625,0.1559475720860064,6.483503989991732
32,0,10,46,6.420854891999625,6.484268037020229,0.06341314502060413,6.483503989991732
32,0,11,1,1.0819582289550453,1.1837980729760602,0.10183984402101487,6.483503989991732
32,0,11,2,1.1837980729760602,1.2820090629393235,0.09821098996326327,6.483503989991732
32,0,11,3,1.2820090629393235,1.3803449210245162,0.09833585808519274,6.483503989991732
32,0,11,4,1.3803449210245162,1.4758984430227429,0.09555352199822664,6.483503989991732
32,0,11,5,1.4758984430227429,1.5735438929405063,0.09764544991776347,6.483503989991732
32,0,11,6,1.5735438929405063,1.6702266589272767,0.09668276598677039,6.483503989991732
32,0,11,7,1.6702266589272767,1.770267567015253,0.10004090808797628,6.483503989991732
32,0,11,8,1.770267567015253,1.8713249779539183,0.10105741093866527,6.483503989991732
32,0,11,9,1.8713249779539183,1.974531493964605,0.10320651601068676,6.483503989991732
32,0,11,10,1.974531493964605,2.0764224639860913,0.10189097002148628,6.483503989991732
32,0,11,11,2.0764224639860913,2.1791302879573777,0.10270782397128642,6.483503989991732
32,0,11,12,2.1791302879573777,2.2784758449997753,0.09934555704239756,6.483503989991732
32,0,11,13,2.2784758449997753,2.378574675996788,0.10009883099701256,6.483503989991732
32,0,11,14,2.378574675996788,2.476913855993189,0.09833917999640107,6.483503989991732
32,0,11,15,2.476913855993189,2.5746353939175606,0.09772153792437166,6.483503989991732
32,0,11,16,2.5746353939175606,2.6740690789883956,0.09943368507083505,6.483503989991732
32,0,11,17,2.6740690789883956,2.7749012659769505,0.1008321869885549,6.483503989991732
32,0,11,18,2.7749012659769505,2.8787256539799273,0.10382438800297678,6.483503989991732
32,0,11,19,2.8787256539799273,2.982359944959171,0.10363429097924381,6.483503989991732
32,0,11,20,2.982359944959171,3.086101280990988,0.1037413360318169,6.483503989991732
32,0,11,21,3.086101280990988,3.189286672975868,0.10318539198487997,6.483503989991732
32,0,11,22,3.189286672975868,3.290999711956829,0.10171303898096085,6.483503989991732
32,0,11,23,3.290999711956829,3.3923254950204864,0.10132578306365758,6.483503989991732
32,0,11,24,3.3923254950204864,3.492870411952026,0.10054491693153977,6.483503989991732
32,0,11,25,3.492870411952026,3.592735835001804,0.09986542304977775,6.483503989991732
32,0,11,26,3.592735835001804,3.693984013982117,0.10124817898031324,6.483503989991732
32,0,11,27,3.693984013982117,3.796043292968534,0.10205927898641676,6.483503989991732
32,0,11,28,3.796043292968534,3.899733211961575,0.10368991899304092,6.483503989991732
32,0,11,29,3.899733211961575,4.003237176919356,0.10350396495778114,6.483503989991732
32,0,11,30,4.003237176919356,4.108580049010925,0.105342872091569,6.483503989991732
32,0,11,31,4.108580049010925,4.211071279016323,0.10249123000539839,6.483503989991732
32,0,11,32,4.211071279016323,4.31423238501884,0.10316110600251704,6.483503989991732
32,0,11,33,4.31423238501884,4.415964484913275,0.10173209989443421,6.483503989991732
32,0,11,34,4.415964484913275,4.518319973023608,0.10235548811033368,6.483503989991732
32,0,11,35,4.518319973023608,4.617400482995436,0.09908050997182727,6.483503989991732
32,0,11,36,4.617400482995436,4.720092547009699,0.10269206401426345,6.483503989991732
32,0,11,37,4.720092547009699,4.8218527239514515,0.10176017694175243,6.483503989991732
32,0,11,38,4.8218527239514515,4.927899361937307,0.10604663798585534,6.483503989991732
32,0,11,39,4.927899361937307,5.0312973849941045,0.10339802305679768,6.483503989991732
32,0,11,40,5.0312973849941045,5.13811347191222,0.10681608691811562,6.483503989991732
32,0,11,41,5.13811347191222,5.239601079025306,0.10148760711308569,6.483503989991732
32,0,11,42,5.239601079025306,5.345108887995593,0.10550780897028744,6.483503989991732
32,0,11,43,5.345108887995593,5.4469712330028415,0.10186234500724822,6.483503989991732
32,0,11,44,5.4469712330028415,5.552698557963595,0.10572732496075332,6.483503989991732
32,0,11,45,5.552698557963595,5.65384030493442,0.1011417469708249,6.483503989991732
32,0,11,46,5.65384030493442,5.761093633947894,0.10725332901347429,6.483503989991732
32,0,11,47,5.761093633947894,5.877923131920397,0.1168294979725033,6.483503989991732
32,0,11,48,5.877923131920397,6.001733089913614,0.12380995799321681,6.483503989991732
32,0,11,49,6.001733089913614,6.132212943979539,0.13047985406592488,6.483503989991732
32,0,11,50,6.132212943979539,6.265644310973585,0.13343136699404567,6.483503989991732
32,0,11,51,6.265644310973585,6.421633668942377,0.15598935796879232,6.483503989991732
32,0,11,52,6.421633668942377,6.484941189992242,0.06330752104986459,6.483503989991732
32,0,12,1,0.8761817290214822,0.9805530629819259,0.10437133396044374,6.483503989991732
32,0,12,2,0.9805530629819259,1.082317330990918,0.10176426800899208,6.483503989991732
32,0,12,3,1.082317330990918,1.184143183985725,0.10182585299480706,6.483503989991732
32,0,12,4,1.184143183985725,1.2824369289446622,0.09829374495893717,6.483503989991732
32,0,12,5,1.2824369289446622,1.3806629589525983,0.09822603000793606,6.483503989991732
32,0,12,6,1.3806629589525983,1.4765279329149053,0.09586497396230698,6.483503989991732
32,0,12,7,1.4765279329149053,1.5739633289631456,0.09743539604824036,6.483503989991732
32,0,12,8,1.5739633289631456,1.670894069946371,0.0969307409832254,6.483503989991732
32,0,12,9,1.670894069946371,1.7707726289518178,0.09987855900544673,6.483503989991732
32,0,12,10,1.7707726289518178,1.871759532019496,0.10098690306767821,6.483503989991732
32,0,12,11,1.871759532019496,1.9750239509157836,0.10326441889628768,6.483503989991732
32,0,12,12,1.9750239509157836,2.0771601099986583,0.10213615908287466,6.483503989991732
32,0,12,13,2.0771601099986583,2.179625681019388,0.10246557102072984,6.483503989991732
32,0,12,14,2.179625681019388,2.2793653659755364,0.09973968495614827,6.483503989991732
32,0,12,15,2.2793653659755364,2.3791135699721053,0.09974820399656892,6.483503989991732
32,0,12,16,2.3791135699721053,2.477523503010161,0.0984099330380559,6.483503989991732
32,0,12,17,2.477523503010161,2.575186379952356,0.097662876942195,6.483503989991732
32,0,12,18,2.575186379952356,2.67494152195286,0.09975514200050384,6.483503989991732
32,0,12,19,2.67494152195286,2.7756133700022474,0.10067184804938734,6.483503989991732
32,0,12,20,2.7756133700022474,2.877861622022465,0.10224825202021748,6.483503989991732
32,0,12,21,2.877861622022465,2.9816952729597688,0.1038336509373039,6.483503989991732
32,0,12,22,2.9816952729597688,3.085355290910229,0.10366001795046031,6.483503989991732
32,0,12,23,3.085355290910229,3.188574812025763,0.10321952111553401,6.483503989991732
32,0,12,24,3.188574812025763,3.290333383018151,0.10175857099238783,6.483503989991732
32,0,12,25,3.290333383018151,3.391711656935513,0.1013782739173621,6.483503989991732
32,0,12,26,3.391711656935513,3.492217525956221,0.1005058690207079,6.483503989991732
32,0,12,27,3.492217525956221,3.5920812300173566,0.09986370406113565,6.483503989991732
32,0,12,28,3.5920812300173566,3.693070263019763,0.10098903300240636,6.483503989991732
32,0,12,29,3.693070263019763,3.795298686949536,0.10222842392977327,6.483503989991732
32,0,12,30,3.795298686949536,3.8987306689377874,0.10343198198825121,6.483503989991732
32,0,12,31,3.8987306689377874,4.002519708941691,0.10378904000390321,6.483503989991732
32,0,12,32,4.002519708941691,4.107557100942358,0.10503739200066775,6.483503989991732
32,0,12,33,4.107557100942358,4.210206135991029,0.10264903504867107,6.483503989991732
32,0,12,34,4.210206135991029,4.313420546008274,0.10321441001724452,6.483503989991732
32,0,12,35,4.313420546008274,4.415163498953916,0.10174295294564217,6.483503989991732
32,0,12,36,4.415163498953916,4.517506193020381,0.1023426940664649,6.483503989991732
32,0,12,37,4.517506193020381,4.616610432974994,0.09910423995461315,6.483503989991732
32,0,12,38,4.616610432974994,4.719301939941943,0.10269150696694851,6.483503989991732
32,0,12,39,4.719301939941943,4.821042048977688,0.10174010903574526,6.483503989991732
32,0,12,40,4.821042048977688,4.926756358938292,0.10571430996060371,6.483503989991732
32,0,12,41,4.926756358938292,5.0303983889753,0.10364203003700823,6.483503989991732
32,0,12,42,5.0303983889753,5.13686653599143,0.10646814701613039,6.483503989991732
32,0,12,43,5.13686653599143,5.23859361896757,0.10172708297614008,6.483503989991732
32,0,12,44,5.23859361896757,5.344078187015839,0.10548456804826856,6.483503989991732
32,0,12,45,5.344078187015839,5.446054013911635,0.10197582689579576,6.483503989991732
32,0,12,46,5.446054013911635,5.551564223016612,0.10551020910497755,6.483503989991732
32,0,12,47,5.551564223016612,5.652886042022146,0.10132181900553405,6.483503989991732
32,0,12,48,5.652886042022146,5.760216790949926,0.1073307489277795,6.483503989991732
32,0,12,49,5.760216790949926,5.876973324920982,0.11675653397105634,6.483503989991732
32,0,12,50,5.876973324920982,6.0007351419189945,0.12376181699801236,6.483503989991732
32,0,12,51,6.0007351419189945,6.131274471990764,0.13053933007176965,6.483503989991732
32,0,12,52,6.131274471990764,6.26468412601389,0.13340965402312577,6.483503989991732
32,0,12,53,6.26468412601389,6.4206166450167075,0.15593251900281757,6.483503989991732
32,0,12,54,6.4206166450167075,6.484042295953259,0.06342565093655139,6.483503989991732
32,0,13,1,4.720511898980476,4.822104744962417,0.10159284598194063,6.483503989991732
32,0,13,2,4.822104744962417,4.92814555100631,0.1060408060438931,6.483503989991732
32,0,13,3,4.92814555100631,5.031524632009678,0.1033790810033679,6.483503989991732
32,0,13,4,5.031524632009678,5.138350319000892,0.10682568699121475,6.483503989991732
32,0,13,5,5.138350319000892,5.239835331914946,0.1014850129140541,6.483503989991732
32,0,13,6,5.239835331914946,5.345669995993376,0.10583466407842934,6.483503989991732
32,0,13,7,5.345669995993376,5.447260848013684,0.10159085202030838,6.483503989991732
32,0,13,8,5.447260848013684,5.552966867922805,0.1057060199091211,6.483503989991732
32,0,13,9,5.552966867922805,5.654136958997697,0.10117009107489139,6.483503989991732
32,0,13,10,5.654136958997697,5.7613359679235145,0.1071990089258179,6.483503989991732
32,0,13,11,5.7613359679235145,5.878184624016285,0.1168486560927704,6.483503989991732
32,0,13,12,5.878184624016285,6.002008750918321,0.12382412690203637,6.483503989991732
32,0,13,13,6.002008750918321,6.132473861915059,0.13046511099673808,6.483503989991732
32,0,13,14,6.132473861915059,6.26591090997681,0.13343704806175083,6.483503989991732
32,0,13,15,6.26591090997681,6.421925753937103,0.15601484396029264,6.483503989991732
32,0,13,16,6.421925753937103,6.4852057949174196,0.0632800409803167,6.483503989991732
32,0,14,1,2.6748409420251846,2.775508834980428,0.10066789295524359,6.483503989991732
32,0,14,2,2.775508834980428,2.8780902120051906,0.10258137702476233,6.483503989991732
32,0,14,3,2.8780902120051906,2.9819279429502785,0.10383773094508797,6.483503989991732
32,0,14,4,2.9819279429502785,3.085687741986476,0.10375979903619736,6.483503989991732
32,0,14,5,3.085687741986476,3.18883461994119,0.103146877954714,6.483503989991732
32,0,14,6,3.18883461994119,3.2906047409633175,0.10177012102212757,6.483503989991732
32,0,14,7,3.2906047409633175,3.391953317914158,0.10134857695084065,6.483503989991732
32,0,14,8,3.391953317914158,3.4924756559776142,0.10052233806345612,6.483503989991732
32,0,14,9,3.4924756559776142,3.5923376929713413,0.09986203699372709,6.483503989991732
32,0,14,10,3.5923376929713413,3.6935935199726373,0.10125582700129598,6.483503989991732
32,0,14,11,3.6935935199726373,3.795644783996977,0.10205126402433962,6.483503989991732
32,0,14,12,3.795644783996977,3.899034078931436,0.10338929493445903,6.483503989991732
32,0,14,13,3.899034078931436,4.002803553943522,0.10376947501208633,6.483503989991732
32,0,14,14,4.002803553943522,4.107856173999608,0.10505262005608529,6.483503989991732
32,0,14,15,4.107856173999608,4.210532926023006,0.10267675202339888,6.483503989991732
32,0,14,16,4.210532926023006,4.313697468023747,0.10316454200074077,6.483503989991732
32,0,14,17,4.313697468023747,4.4155101019423455,0.1018126339185983,6.483503989991732
32,0,14,18,4.4155101019423455,4.517825842020102,0.10231574007775635,6.483503989991732
32,0,14,19,4.517825842020102,4.616923123016022,0.0990972809959203,6.483503989991732
32,0,14,20,4.616923123016022,4.719611592940055,0.10268846992403269,6.483503989991732
32,0,14,21,4.719611592940055,4.8213076459942386,0.10169605305418372,6.483503989991732
32,0,14,22,4.8213076459942386,4.9270933729130775,0.10578572691883892,6.483503989991732
32,0,14,23,4.9270933729130775,5.030730498023331,0.10363712511025369,6.483503989991732
32,0,14,24,5.030730498023331,5.137207341962494,0.10647684393916279,6.483503989991732
32,0,14,25,5.137207341962494,5.238929278915748,0.10172193695325404,6.483503989991732
32,0,14,26,5.238929278915748,5.344391930964775,0.10546265204902738,6.483503989991732
32,0,14,27,5.344391930964775,5.4464152079308406,0.10202327696606517,6.483503989991732
32,0,14,28,5.4464152079308406,5.551892309915274,0.10547710198443383,6.483503989991732
32,0,14,29,5.551892309915274,5.653156611951999,0.10126430203672498,6.483503989991732
32,0,14,30,5.653156611951999,5.760478073963895,0.10732146201189607,6.483503989991732
32,0,14,31,5.760478073963895,5.877336842007935,0.11685876804403961,6.483503989991732
32,0,14,32,5.877336842007935,6.001106112962589,0.12376927095465362,6.483503989991732
32,0,14,33,6.001106112962589,6.131640127976425,0.13053401501383632,6.483503989991732
32,0,14,34,6.131640127976425,6.265054862014949,0.13341473403852433,6.483503989991732
32,0,14,35,6.265054862014949,6.420903788995929,0.15584892698097974,6.483503989991732
32,0,14,36,6.420903788995929,6.484312359942123,0.06340857094619423,6.483503989991732
32,0,15,1,1.8720667849993333,1.9751292009605095,0.10306241596117616,6.483503989991732
32,0,15,2,1.9751292009605095,2.0772492079995573,0.10212000703904778,6.483503989991732
32,0,15,3,2.0772492079995573,2.1797134089283645,0.10246420092880726,6.483503989991732
32,0,15,4,2.1797134089283645,2.279469851986505,0.09975644305814058,6.483503989991732
32,0,15,5,2.279469851986505,2.3792128099594265,0.09974295797292143,6.483503989991732
32,0,15,6,2.3792128099594265,2.4776155569124967,0.09840274695307016,6.483503989991732
32,0,15,7,2.4776155569124967,2.575273168971762,0.09765761205926538,6.483503989991732
32,0,15,8,2.575273168971762,2.6750343589810655,0.09976119000930339,6.483503989991732
32,0,15,9,2.6750343589810655,2.7757150679826736,0.10068070900160819,6.483503989991732
32,0,15,10,2.7757150679826736,2.8781360359862447,0.10242096800357103,6.483503989991732
32,0,15,11,2.8781360359862447,2.981974854017608,0.10383881803136319,6.483503989991732
32,0,15,12,2.981974854017608,3.085738315945491,0.10376346192788333,6.483503989991732
32,0,15,13,3.085738315945491,3.1889339899644256,0.10319567401893437,6.483503989991732
32,0,15,14,3.1889339899644256,3.2906528289895505,0.10171883902512491,6.483503989991732
32,0,15,15,3.2906528289895505,3.391999979969114,0.1013471509795636,6.483503989991732
32,0,15,16,3.391999979969114,3.4925243799807504,0.10052440001163632,6.483503989991732
32,0,15,17,3.4925243799807504,3.592384814983234,0.09986043500248343,6.483503989991732
32,0,15,18,3.592384814983234,3.6936405649175867,0.10125574993435293,6.483503989991732
32,0,15,19,3.6936405649175867,3.795695491018705,0.10205492610111833,6.483503989991732
32,0,15,20,3.795695491018705,3.8990829879185185,0.10338749689981341,6.483503989991732
32,0,15,21,3.8990829879185185,4.00284993799869,0.10376695008017123,6.483503989991732
32,0,15,22,4.00284993799869,4.107903235941194,0.10505329794250429,6.483503989991732
32,0,15,23,4.107903235941194,4.210584582993761,0.10268134705256671,6.483503989991732
32,0,15,24,4.210584582993761,4.313815483939834,0.10323090094607323,6.483503989991732
32,0,15,25,4.313815483939834,4.415557145955972,0.10174166201613843,6.483503989991732
32,0,15,26,4.415557145955972,4.5178690439788625,0.10231189802289009,6.483503989991732
32,0,15,27,4.5178690439788625,4.616965418914333,0.09909637493547052,6.483503989991732
32,0,15,28,4.616965418914333,4.719653328997083,0.10268791008275002,6.483503989991732
32,0,15,29,4.719653328997083,4.82135299500078,0.10169966600369662,6.483503989991732
32,0,15,30,4.82135299500078,4.927142146974802,0.10578915197402239,6.483503989991732
32,0,15,31,4.927142146974802,5.03077538695652,0.10363323998171836,6.483503989991732
32,0,15,32,5.03077538695652,5.137539293966256,0.1067639070097357,6.483503989991732
32,0,15,33,5.137539293966256,5.239042514003813,0.10150322003755718,6.483503989991732
32,0,15,34,5.239042514003813,5.344502251944505,0.10545973794069141,6.483503989991732
32,0,15,35,5.344502251944505,5.446517164004035,0.10201491205953062,6.483503989991732
32,0,15,36,5.446517164004035,5.551983946934342,0.10546678293030709,6.483503989991732
32,0,15,37,5.551983946934342,5.653323360020295,0.1013394130859524,6.483503989991732
32,0,15,38,5.653323360020295,5.760563215939328,0.10723985591903329,6.483503989991732
32,0,15,39,5.760563215939328,5.877427899977192,0.11686468403786421,6.483503989991732
32,0,15,40,5.877427899977192,6.001209159963764,0.12378125998657197,6.483503989991732
32,0,15,41,6.001209159963764,6.131732458015904,0.13052329805213958,6.483503989991732
32,0,15,42,6.131732458015904,6.265147116966546,0.13341465895064175,6.483503989991732
32,0,15,43,6.265147116966546,6.421003583935089,0.15585646696854383,6.483503989991732
32,0,15,44,6.421003583935089,6.4844023829791695,0.06339879904408008,6.483503989991732
32,0,16,1,2.8785101210232824,2.9821457399521023,0.1036356189288199,6.483503989991732
32,0,16,2,2.9821457399521023,3.08589878201019,0.10375304205808789,6.483503989991732
32,0,16,3,3.08589878201019,3.189090813975781,0.10319203196559101,6.483503989991732
32,0,16,4,3.189090813975781,3.2908030619146302,0.10171224793884903,6.483503989991732
32,0,16,5,3.2908030619146302,3.392139563919045,0.1013365020044148,6.483503989991732
32,0,16,6,3.392139563919045,3.4926730069564655,0.10053344303742051,6.483503989991732
32,0,16,7,3.4926730069564655,3.5925351849291474,0.09986217797268182,6.483503989991732
32,0,16,8,3.5925351849291474,3.6937859340105206,0.10125074908137321,6.483503989991732
32,0,16,9,3.6937859340105206,3.7958511689212173,0.10206523491069674,6.483503989991732
32,0,16,10,3.7958511689212173,3.8992338120006025,0.10338264307938516,6.483503989991732
32,0,16,11,3.8992338120006025,4.002991336979903,0.1037575249793008,6.483503989991732
32,0,16,12,4.002991336979903,4.10834060201887,0.10534926503896713,6.483503989991732
32,0,16,13,4.10834060201887,4.210816469974816,0.10247586795594543,6.483503989991732
32,0,16,14,4.210816469974816,4.314003958017565,0.10318748804274946,6.483503989991732
32,0,16,15,4.314003958017565,4.415742108947597,0.10173815093003213,6.483503989991732
32,0,16,16,4.415742108947597,4.518046061974019,0.10230395302642137,6.483503989991732
32,0,16,17,4.518046061974019,4.61718400393147,0.0991379419574514,6.483503989991732
32,0,16,18,4.61718400393147,4.719825714942999,0.10264171101152897,6.483503989991732
32,0,16,19,4.719825714942999,4.8216242449125275,0.10179852996952832,6.483503989991732
32,0,16,20,4.8216242449125275,4.927330839913338,0.10570659500081092,6.483503989991732
32,0,16,21,4.927330839913338,5.030954963993281,0.1036241240799427,6.483503989991732
32,0,16,22,5.030954963993281,5.137824669945985,0.10686970595270395,6.483503989991732
32,0,16,23,5.137824669945985,5.239312903024256,0.10148823307827115,6.483503989991732
32,0,16,24,5.239312903024256,5.344714401988313,0.10540149896405637,6.483503989991732
32,0,16,25,5.344714401988313,5.4467004659818485,0.10198606399353594,6.483503989991732
32,0,16,26,5.4467004659818485,5.5521563639631495,0.10545589798130095,6.483503989991732
32,0,16,27,5.5521563639631495,5.653511845972389,0.1013554820092395,6.483503989991732
32,0,16,28,5.653511845972389,5.760806484962814,0.10729463899042457,6.483503989991732
32,0,16,29,5.760806484962814,5.877618849975988,0.11681236501317471,6.483503989991732
32,0,16,30,5.877618849975988,6.001402018009685,0.12378316803369671,6.483503989991732
32,0,16,31,6.001402018009685,6.1319107139715925,0.1305086959619075,6.483503989991732
32,0,16,32,6.1319107139715925,6.265326175023802,0.13341546105220914,6.483503989991732
32,0,16,33,6.265326175023802,6.421286850934848,0.15596067591104656,6.483503989991732
32,0,16,34,6.421286850934848,6.4845894309692085,0.06330258003436029,6.483503989991732
32,0,17,1,2.476852600928396,2.574582741013728,0.0977301400853321,6.483503989991732
32,0,17,2,2.574582741013728,2.67401620792225,0.09943346690852195,6.483503989991732
32,0,17,3,2.67401620792225,2.7748423729790375,0.10082616505678743,6.483503989991732
32,0,17,4,2.7748423729790375,2.878635058994405,0.10379268601536751,6.483503989991732
32,0,17,5,2.878635058994405,2.9822647179244086,0.10362965893000364,6.483503989991732
32,0,17,6,2.9822647179244086,3.0860015369253233,0.10373681900091469,6.483503989991732
32,0,17,7,3.0860015369253233,3.189187889918685,0.10318635299336165,6.483503989991732
32,0,17,8,3.189187889918685,3.2909021619707346,0.10171427205204964,6.483503989991732
32,0,17,9,3.2909021619707346,3.3922318239929155,0.10132966202218086,6.483503989991732
32,0,17,10,3.3922318239929155,3.4927738970145583,0.10054207302164286,6.483503989991732
32,0,17,11,3.4927738970145583,3.592635386972688,0.09986148995812982,6.483503989991732
32,0,17,12,3.592635386972688,3.6938854049658403,0.10125001799315214,6.483503989991732
32,0,17,13,3.6938854049658403,3.795947758015245,0.10206235304940492,6.483503989991732
32,0,17,14,3.795947758015245,3.899635409936309,0.10368765192106366,6.483503989991732
32,0,17,15,3.899635409936309,4.00314567994792,0.10351027001161128,6.483503989991732
32,0,17,16,4.00314567994792,4.108484841999598,0.1053391620516777,6.483503989991732
32,0,17,17,4.108484841999598,4.21097086800728,0.10248602600768209,6.483503989991732
32,0,17,18,4.21097086800728,4.3141421229811385,0.1031712549738586,6.483503989991732
32,0,17,19,4.3141421229811385,4.41587518597953,0.10173306299839169,6.483503989991732
32,0,17,20,4.41587518597953,4.51822942099534,0.10235423501580954,6.483503989991732
32,0,17,21,4.51822942099534,4.61731714499183,0.09908772399649024,6.483503989991732
32,0,17,22,4.61731714499183,4.720008571981452,0.10269142698962241,6.483503989991732
32,0,17,23,4.720008571981452,4.821759462007321,0.10175089002586901,6.483503989991732
32,0,17,24,4.821759462007321,4.927476885961369,0.10571742395404726,6.483503989991732
32,0,17,25,4.927476885961369,5.031147980014794,0.1036710940534249,6.483503989991732
32,0,17,26,5.031147980014794,5.137970731942914,0.10682275192812085,6.483503989991732
32,0,17,27,5.137970731942914,5.239458877942525,0.10148814599961042,6.483503989991732
32,0,17,28,5.239458877942525,5.344953813008033,0.10549493506550789,6.483503989991732
32,0,17,29,5.344953813008033,5.446836075978354,0.10188226297032088,6.483503989991732
32,0,17,30,5.446836075978354,5.552282307995483,0.10544623201712966,6.483503989991732
32,0,17,31,5.552282307995483,5.653645825921558,0.10136351792607456,6.483503989991732
32,0,17,32,5.653645825921558,5.7609319009352475,0.1072860750136897,6.483503989991732
32,0,17,33,5.7609319009352475,5.877748458995484,0.11681655806023628,6.483503989991732
32,0,17,34,5.877748458995484,6.001550562912598,0.12380210391711444,6.483503989991732
32,0,17,35,6.001550562912598,6.1320397650124505,0.13048920209985226,6.483503989991732
32,0,17,36,6.1320397650124505,6.265465023927391,0.13342525891494006,6.483503989991732
32,0,17,37,6.265465023927391,6.421433549025096,0.15596852509770542,6.483503989991732
32,0,17,38,6.421433549025096,6.4847234189510345,0.06328986992593855,6.483503989991732
32,0,18,1,3.086392935947515,3.189354680944234,0.10296174499671906,6.483503989991732
32,0,18,2,3.189354680944234,3.2910464379237965,0.10169175697956234,6.483503989991732
32,0,18,3,3.2910464379237965,3.3923725319327787,0.10132609400898218,6.483503989991732
32,0,18,4,3.3923725319327787,3.4929198439931497,0.10054731206037104,6.483503989991732
32,0,18,5,3.4929198439931497,3.592784510925412,0.09986466693226248,6.483503989991732
32,0,18,6,3.592784510925412,3.6940322499722242,0.10124773904681206,6.483503989991732
32,0,18,7,3.6940322499722242,3.7960919479373842,0.10205969796516001,6.483503989991732
32,0,18,8,3.7960919479373842,3.8997825320111588,0.10369058407377452,6.483503989991732
32,0,18,9,3.8997825320111588,4.00328287796583,0.1035003459546715,6.483503989991732
32,0,18,10,4.00328287796583,4.108627105946653,0.10534422798082232,6.483503989991732
32,0,18,11,4.108627105946653,4.2111202699597925,0.1024931640131399,6.483503989991732
32,0,18,12,4.2111202699597925,4.31427889992483,0.10315862996503711,6.483503989991732
32,0,18,13,4.31427889992483,4.416009465930983,0.10173056600615382,6.483503989991732
32,0,18,14,4.416009465930983,4.518629694008268,0.10262022807728499,6.483503989991732
32,0,18,15,4.518629694008268,4.617509436910041,0.09887974290177226,6.483503989991732
32,0,18,16,4.617509436910041,4.720176271977834,0.10266683506779373,6.483503989991732
32,0,18,17,4.720176271977834,4.821945193922147,0.10176892194431275,6.483503989991732
32,0,18,18,4.821945193922147,4.927999412990175,0.10605421906802803,6.483503989991732
32,0,18,19,4.927999412990175,5.031386403017677,0.10338699002750218,6.483503989991732
32,0,18,20,5.031386403017677,5.1382072899723426,0.10682088695466518,6.483503989991732
32,0,18,21,5.1382072899723426,5.239695542957634,0.10148825298529118,6.483503989991732
32,0,18,22,5.239695542957634,5.345209384919144,0.10551384196151048,6.483503989991732
32,0,18,23,5.345209384919144,5.44706243602559,0.10185305110644549,6.483503989991732
32,0,18,24,5.44706243602559,5.552791200927459,0.105728764901869,6.483503989991732
32,0,18,25,5.552791200927459,5.653931900975294,0.10114070004783571,6.483503989991732
32,0,18,26,5.653931900975294,5.761172128957696,0.10724022798240185,6.483503989991732
32,0,18,27,5.761172128957696,5.878011128981598,0.11683900002390146,6.483503989991732
32,0,18,28,5.878011128981598,6.001826738938689,0.12381560995709151,6.483503989991732
32,0,18,29,6.001826738938689,6.132298688986339,0.13047195004764944,6.483503989991732
32,0,18,30,6.132298688986339,6.265733305946924,0.13343461696058512,6.483503989991732
32,0,18,31,6.265733305946924,6.421730444999412,0.1559971390524879,6.483503989991732
32,0,18,32,6.421730444999412,6.485031427000649,0.06330098200123757,6.483503989991732
32,0,19,1,2.2790749199921265,2.3788802679628134,0.09980534797068685,6.483503989991732
32,0,19,2,2.3788802679628134,2.477277535945177,0.0983972679823637,6.483503989991732
32,0,19,3,2.477277535945177,2.574959405930713,0.09768186998553574,6.483503989991732
32,0,19,4,2.574959405930713,2.67440928297583,0.09944987704511732,6.483503989991732
32,0,19,5,2.67440928297583,2.7752710609929636,0.10086177801713347,6.483503989991732
32,0,19,6,2.7752710609929636,2.8777090469375253,0.10243798594456166,6.483503989991732
32,0,19,7,2.8777090469375253,2.981541112996638,0.10383206605911255,6.483503989991732
32,0,19,8,2.981541112996638,3.0851760569494218,0.10363494395278394,6.483503989991732
32,0,19,9,3.0851760569494218,3.188325222930871,0.10314916598144919,6.483503989991732
32,0,19,10,3.188325222930871,3.290121159981936,0.10179593705106527,6.483503989991732
32,0,19,11,3.290121159981936,3.3914968830067664,0.10137572302483022,6.483503989991732
32,0,19,12,3.3914968830067664,3.492062011966482,0.10056512895971537,6.483503989991732
32,0,19,13,3.492062011966482,3.591840753913857,0.09977874194737524,6.483503989991732
32,0,19,14,3.591840753913857,3.692803396959789,0.10096264304593205,6.483503989991732
32,0,19,15,3.692803396959789,3.7950520199956372,0.10224862303584814,6.483503989991732
32,0,19,16,3.7950520199956372,3.898449399974197,0.10339737997855991,6.483503989991732
32,0,19,17,3.898449399974197,4.0022622619289905,0.10381286195479333,6.483503989991732
32,0,19,18,4.0022622619289905,4.1072990170214325,0.10503675509244204,6.483503989991732
32,0,19,19,4.1072990170214325,4.209927132003941,0.10262811498250812,6.483503989991732
32,0,19,20,4.209927132003941,4.313283312018029,0.10335618001408875,6.483503989991732
32,0,19,21,4.313283312018029,4.4150248389923945,0.10174152697436512,6.483503989991732
32,0,19,22,4.4150248389923945,4.517368030967191,0.10234319197479635,6.483503989991732
32,0,19,23,4.517368030967191,4.616481491015293,0.09911346004810184,6.483503989991732
32,0,19,24,4.616481491015293,4.719170718919486,0.1026892279041931,6.483503989991732
32,0,19,25,4.719170718919486,4.820904006017372,0.1017332870978862,6.483503989991732
32,0,19,26,4.820904006017372,4.926616625976749,0.10571261995937675,6.483503989991732
32,0,19,27,4.926616625976749,5.03026485000737,0.10364822403062135,6.483503989991732
32,0,19,28,5.03026485000737,5.136722167022526,0.10645731701515615,6.483503989991732
32,0,19,29,5.136722167022526,5.238443402922712,0.101721235900186,6.483503989991732
32,0,19,30,5.238443402922712,5.343916318961419,0.1054729160387069,6.483503989991732
32,0,19,31,5.343916318961419,5.445921113016084,0.10200479405466467,6.483503989991732
32,0,19,32,5.445921113016084,5.551429662969895,0.10550854995381087,6.483503989991732
32,0,19,33,5.551429662969895,5.652747749933042,0.10131808696314692,6.483503989991732
32,0,19,34,5.652747749933042,5.760018702945672,0.10727095301263034,6.483503989991732
32,0,19,35,5.760018702945672,5.876837200950831,0.1168184980051592,6.483503989991732
32,0,19,36,5.876837200950831,6.000588863971643,0.12375166302081198,6.483503989991732
32,0,19,37,6.000588863971643,6.131138087017462,0.1305492230458185,6.483503989991732
32,0,19,38,6.131138087017462,6.264532608911395,0.13339452189393342,6.483503989991732
32,0,19,39,6.264532608911395,6.420470115961507,0.1559375070501119,6.483503989991732
32,0,19,40,6.420470115961507,6.483901205006987,0.0634310890454799,6.483503989991732
32,0,20,1,2.076994108967483,2.1794896660139784,0.10249555704649538,6.483503989991732
32,0,20,2,2.1794896660139784,2.279209780972451,0.09972011495847255,6.483503989991732
32,0,20,3,2.279209780972451,2.3789757509948686,0.0997659700224176,6.483503989991732
32,0,20,4,2.3789757509948686,2.4773727509891614,0.09839699999429286,6.483503989991732
32,0,20,5,2.4773727509891614,2.5750531199155375,0.0976803689263761,6.483503989991732
32,0,20,6,2.5750531199155375,2.674516471917741,0.09946335200220346,6.483503989991732
32,0,20,7,2.674516471917741,2.7753776949830353,0.10086122306529433,6.483503989991732
32,0,20,8,2.7753776949830353,2.8785884520038962,0.10321075702086091,6.483503989991732
32,0,20,9,2.8785884520038962,2.9821950949262828,0.10360664292238653,6.483503989991732
32,0,20,10,2.9821950949262828,3.0859503659885377,0.1037552710622549,6.483503989991732
32,0,20,11,3.0859503659885377,3.189139156951569,0.10318879096303135,6.483503989991732
32,0,20,12,3.189139156951569,3.2908539009513333,0.10171474399976432,6.483503989991732
32,0,20,13,3.2908539009513333,3.392185859964229,0.10133195901289582,6.483503989991732
32,0,20,14,3.392185859964229,3.492722303024493,0.10053644306026399,6.483503989991732
32,0,20,15,3.492722303024493,3.592585949925706,0.09986364690121263,6.483503989991732
32,0,20,16,3.592585949925706,3.6938366409158334,0.10125069099012762,6.483503989991732
32,0,20,17,3.6938366409158334,3.7958994989749044,0.102062858059071,6.483503989991732
32,0,20,18,3.7958994989749044,3.899284788989462,0.10338529001455754,6.483503989991732
32,0,20,19,3.899284788989462,4.003037696937099,0.10375290794763714,6.483503989991732
32,0,20,20,4.003037696937099,4.108386359992437,0.10534866305533797,6.483503989991732
32,0,20,21,4.108386359992437,4.210869626956992,0.10248326696455479,6.483503989991732
32,0,20,22,4.210869626956992,4.314050066983327,0.10318044002633542,6.483503989991732
32,0,20,23,4.314050066983327,4.415787216974422,0.10173714999109507,6.483503989991732
32,0,20,24,4.415787216974422,4.51813812891487,0.10235091194044799,6.483503989991732
32,0,20,25,4.51813812891487,4.617230303003453,0.0990921740885824,6.483503989991732
32,0,20,26,4.617230303003453,4.719921295996755,0.10269099299330264,6.483503989991732
32,0,20,27,4.719921295996755,4.821669235010631,0.10174793901387602,6.483503989991732
32,0,20,28,4.821669235010631,4.927377181942575,0.1057079469319433,6.483503989991732
32,0,20,29,4.927377181942575,5.031057648942806,0.10368046700023115,6.483503989991732
32,0,20,30,5.031057648942806,5.137874147971161,0.10681649902835488,6.483503989991732
32,0,20,31,5.137874147971161,5.2393593159504235,0.10148516797926277,6.483503989991732
32,0,20,32,5.2393593159504235,5.3448459869250655,0.10548667097464204,6.483503989991732
32,0,20,33,5.3448459869250655,5.4467445890186355,0.10189860209356993,6.483503989991732
32,0,20,34,5.4467445890186355,5.552199766971171,0.10545517795253545,6.483503989991732
32,0,20,35,5.552199766971171,5.653556777979247,0.10135701100807637,6.483503989991732
32,0,20,36,5.653556777979247,5.76084802497644,0.1072912469971925,6.483503989991732
32,0,20,37,5.76084802497644,5.877661054953933,0.11681302997749299,6.483503989991732
32,0,20,38,5.877661054953933,6.001447869930416,0.12378681497648358,6.483503989991732
32,0,20,39,6.001447869930416,6.131952981930226,0.13050511199980974,6.483503989991732
32,0,20,40,6.131952981930226,6.265370539971627,0.1334175580414012,6.483503989991732
32,0,20,41,6.265370539971627,6.421335157006979,0.1559646170353517,6.483503989991732
32,0,20,42,6.421335157006979,6.484634522930719,0.06329936592373997,6.483503989991732
32,0,21,1,4.314556194003671,4.41607308993116,0.1015168959274888,6.483503989991732
32,0,21,2,4.41607308993116,4.518674541963264,0.10260145203210413,6.483503989991732
32,0,21,3,4.518674541963264,4.61755148798693,0.09887694602366537,6.483503989991732
32,0,21,4,4.61755148798693,4.720216506975703,0.10266501898877323,6.483503989991732
32,0,21,5,4.720216506975703,4.821991853998043,0.1017753470223397,6.483503989991732
32,0,21,6,4.821991853998043,4.928047057008371,0.10605520301032811,6.483503989991732
32,0,21,7,4.928047057008371,5.031431732932106,0.1033846759237349,6.483503989991732
32,0,21,8,5.031431732932106,5.138253488927148,0.10682175599504262,6.483503989991732
32,0,21,9,5.138253488927148,5.239741359022446,0.1014878700952977,6.483503989991732
32,0,21,10,5.239741359022446,5.345565257943235,0.10582389892078936,6.483503989991732
32,0,21,11,5.345565257943235,5.447170933010057,0.10160567506682128,6.483503989991732
32,0,21,12,5.447170933010057,5.552879994967952,0.10570906195789576,6.483503989991732
32,0,21,13,5.552879994967952,5.654047296964563,0.10116730199661106,6.483503989991732
32,0,21,14,5.654047296964563,5.761255607940257,0.10720831097569317,6.483503989991732
32,0,21,15,5.761255607940257,5.8780969239305705,0.11684131599031389,6.483503989991732
32,0,21,16,5.8780969239305705,6.0019167949212715,0.12381987099070102,6.483503989991732
32,0,21,17,6.0019167949212715,6.132384246913716,0.1304674519924447,6.483503989991732
32,0,21,18,6.132384246913716,6.265825668931939,0.1334414220182225,6.483503989991732
32,0,21,19,6.265825668931939,6.421825423953123,0.15599975502118468,6.483503989991732
32,0,21,20,6.421825423953123,6.485117872012779,0.06329244805965573,6.483503989991732
32,0,22,1,4.108186052995734,4.210656990995631,0.1024709379998967,6.483503989991732
32,0,22,2,4.210656990995631,4.313862342969514,0.10320535197388381,6.483503989991732
32,0,22,3,4.313862342969514,4.41560406901408,0.10174172604456544,6.483503989991732
32,0,22,4,4.41560406901408,4.517912267940119,0.10230819892603904,6.483503989991732
32,0,22,5,4.517912267940119,4.617008366971277,0.09909609903115779,6.483503989991732
32,0,22,6,4.617008366971277,4.719695442938246,0.10268707596696913,6.483503989991732
32,0,22,7,4.719695442938246,4.821481806924567,0.1017863639863208,6.483503989991732
32,0,22,8,4.821481806924567,4.927189219975844,0.1057074130512774,6.483503989991732
32,0,22,9,4.927189219975844,5.030818822910078,0.10362960293423384,6.483503989991732
32,0,22,10,5.030818822910078,5.137586451950483,0.10676762904040515,6.483503989991732
32,0,22,11,5.137586451950483,5.239090429968201,0.1015039780177176,6.483503989991732
32,0,22,12,5.239090429968201,5.3445535260252655,0.10546309605706483,6.483503989991732
32,0,22,13,5.3445535260252655,5.446562628960237,0.10200910293497145,6.483503989991732
32,0,22,14,5.446562628960237,5.552027908968739,0.1054652800085023,6.483503989991732
32,0,22,15,5.552027908968739,5.653371654916555,0.10134374594781548,6.483503989991732
32,0,22,16,5.653371654916555,5.760675751953386,0.10730409703683108,6.483503989991732
32,0,22,17,5.760675751953386,5.877484856988303,0.11680910503491759,6.483503989991732
32,0,22,18,5.877484856988303,6.001260251970962,0.12377539498265833,6.483503989991732
32,0,22,19,6.001260251970962,6.131775983958505,0.1305157319875434,6.483503989991732
32,0,22,20,6.131775983958505,6.265191079000942,0.13341509504243731,6.483503989991732
32,0,22,21,6.265191079000942,6.421051103970967,0.15586002497002482,6.483503989991732
32,0,22,22,6.421051103970967,6.48444719996769,0.06339609599672258,6.483503989991732
32,0,23,1,3.2898896869737655,3.391265233978629,0.10137554700486362,6.483503989991732
32,0,23,2,3.391265233978629,3.4918612509500235,0.10059601697139442,6.483503989991732
32,0,23,3,3.4918612509500235,3.591723622987047,0.0998623720370233,6.483503989991732
32,0,23,4,3.591723622987047,3.6926811669254676,0.10095754393842071,6.483503989991732
32,0,23,5,3.6926811669254676,3.794933617929928,0.10225245100446045,6.483503989991732
32,0,23,6,3.794933617929928,3.8983287789160386,0.10339516098611057,6.483503989991732
32,0,23,7,3.8983287789160386,4.002144460915588,0.10381568199954927,6.483503989991732
32,0,23,8,4.002144460915588,4.107181940926239,0.10503748001065105,6.483503989991732
32,0,23,9,4.107181940926239,4.209798092022538,0.10261615109629929,6.483503989991732
32,0,23,10,4.209798092022538,4.313094888930209,0.1032967969076708,6.483503989991732
32,0,23,11,4.313094888930209,4.414840708952397,0.10174582002218813,6.483503989991732
32,0,23,12,4.414840708952397,4.517268317984417,0.10242760903201997,6.483503989991732
32,0,23,13,4.517268317984417,4.616381276980974,0.0991129589965567,6.483503989991732
32,0,23,14,4.616381276980974,4.71907355892472,0.10269228194374591,6.483503989991732
32,0,23,15,4.71907355892472,4.820692467968911,0.10161890904419124,6.483503989991732
32,0,23,16,4.820692467968911,4.926517040003091,0.10582457203418016,6.483503989991732
32,0,23,17,4.926517040003091,5.0301688379840925,0.10365179798100144,6.483503989991732
32,0,23,18,5.0301688379840925,5.136618698947132,0.1064498609630391,6.483503989991732
32,0,23,19,5.136618698947132,5.238341139978729,0.10172244103159755,6.483503989991732
32,0,23,20,5.238341139978729,5.343662851024419,0.10532171104568988,6.483503989991732
32,0,23,21,5.343662851024419,5.445743454969488,0.10208060394506902,6.483503989991732
32,0,23,22,5.445743454969488,5.5512451300164685,0.10550167504698038,6.483503989991732
32,0,23,23,5.5512451300164685,5.652569466968998,0.10132433695252985,6.483503989991732
32,0,23,24,5.652569466968998,5.759924047975801,0.10735458100680262,6.483503989991732
32,0,23,25,5.759924047975801,5.876730971969664,0.11680692399386317,6.483503989991732
32,0,23,26,5.876730971969664,6.000473918975331,0.12374294700566679,6.483503989991732
32,0,23,27,6.000473918975331,6.131032021949068,0.13055810297373682,6.483503989991732
32,0,23,28,6.131032021949068,6.264396672020666,0.1333646500715986,6.483503989991732
32,0,23,29,6.264396672020666,6.420349659980275,0.15595298795960844,6.483503989991732
32,0,23,30,6.420349659980275,6.483805152936839,0.06345549295656383,6.483503989991732
32,0,24,1,3.4916965179145336,3.5915578639833257,0.09986134606879205,6.483503989991732
32,0,24,2,3.5915578639833257,3.692514111986384,0.10095624800305814,6.483503989991732
32,0,24,3,3.692514111986384,3.7947608329122886,0.10224672092590481,6.483503989991732
32,0,24,4,3.7947608329122886,3.8981607399182394,0.10339990700595081,6.483503989991732
32,0,24,5,3.8981607399182394,4.001966563984752,0.10380582406651229,6.483503989991732
32,0,24,6,4.001966563984752,4.10701222892385,0.10504566493909806,6.483503989991732
32,0,24,7,4.10701222892385,4.209633382968605,0.1026211540447548,6.483503989991732
32,0,24,8,4.209633382968605,4.313011193997227,0.10337781102862209,6.483503989991732
32,0,24,9,4.313011193997227,4.414763899985701,0.10175270598847419,6.483503989991732
32,0,24,10,4.414763899985701,4.517128909006715,0.10236500902101398,6.483503989991732
32,0,24,11,4.517128909006715,4.616256542969495,0.09912763396278024,6.483503989991732
32,0,24,12,4.616256542969495,4.71894461591728,0.10268807294778526,6.483503989991732
32,0,24,13,4.71894461591728,4.8206122069386765,0.10166759102139622,6.483503989991732
32,0,24,14,4.8206122069386765,4.9263459669891745,0.10573376005049795,6.483503989991732
32,0,24,15,4.9263459669891745,5.030045164981857,0.10369919799268246,6.483503989991732
32,0,24,16,5.030045164981857,5.136478825937957,0.10643366095609963,6.483503989991732
32,0,24,17,5.136478825937957,5.238216861966066,0.10173803602810949,6.483503989991732
32,0,24,18,5.238216861966066,5.3435544959502295,0.1053376339841634,6.483503989991732
32,0,24,19,5.3435544959502295,5.445670465007424,0.10211596905719489,6.483503989991732
32,0,24,20,5.445670465007424,5.551171294995584,0.10550082998815924,6.483503989991732
32,0,24,21,5.551171294995584,5.652486304985359,0.10131500998977572,6.483503989991732
32,0,24,22,5.652486304985359,5.759834176977165,0.10734787199180573,6.483503989991732
32,0,24,23,5.759834176977165,5.876547231920995,0.11671305494382977,6.483503989991732
32,0,24,24,5.876547231920995,6.000257843988948,0.12371061206795275,6.483503989991732
32,0,24,25,6.000257843988948,6.130840903962962,0.13058305997401476,6.483503989991732
32,0,24,26,6.130840903962962,6.264203215949237,0.13336231198627502,6.483503989991732
32,0,24,27,6.264203215949237,6.420261360006407,0.15605814405716956,6.483503989991732
32,0,24,28,6.420261360006407,6.483747539925389,0.06348617991898209,6.483503989991732
32,0,25,1,3.693431681022048,3.795490634976886,0.10205895395483822,6.483503989991732
32,0,25,2,3.795490634976886,3.8988850929308683,0.10339445795398206,6.483503989991732
32,0,25,3,3.8988850929308683,4.0026612469227985,0.10377615399193019,6.483503989991732
32,0,25,4,4.0026612469227985,4.10770790593233,0.10504665900953114,6.483503989991732
32,0,25,5,4.10770790593233,4.210361654986627,0.1026537490542978,6.483503989991732
32,0,25,6,4.210361654986627,4.313564174924977,0.10320251993834972,6.483503989991732
32,0,25,7,4.313564174924977,4.415299469023012,0.1017352940980345,6.483503989991732
32,0,25,8,4.415299469023012,4.517687352956273,0.10238788393326104,6.483503989991732
32,0,25,9,4.517687352956273,4.616789938998409,0.09910258604213595,6.483503989991732
32,0,25,10,4.616789938998409,4.719484205939807,0.10269426694139838,6.483503989991732
32,0,25,11,4.719484205939807,4.821172536001541,0.10168833006173372,6.483503989991732
32,0,25,12,4.821172536001541,4.926891207927838,0.10571867192629725,6.483503989991732
32,0,25,13,4.926891207927838,5.0305906609864905,0.10369945305865258,6.483503989991732
32,0,25,14,5.0305906609864905,5.137011629994959,0.10642096900846809,6.483503989991732
32,0,25,15,5.137011629994959,5.238783934968524,0.10177230497356504,6.483503989991732
32,0,25,16,5.238783934968524,5.344235642929561,0.10545170796103776,6.483503989991732
32,0,25,17,5.344235642929561,5.446188600966707,0.10195295803714544,6.483503989991732
32,0,25,18,5.446188600966707,5.55169609899167,0.10550749802496284,6.483503989991732
32,0,25,19,5.55169609899167,5.653019533958286,0.10132343496661633,6.483503989991732
32,0,25,20,5.653019533958286,5.760344082023948,0.10732454806566238,6.483503989991732
32,0,25,21,5.760344082023948,5.877107574022375,0.11676349199842662,6.483503989991732
32,0,25,22,5.877107574022375,6.000875604921021,0.12376803089864552,6.483503989991732
32,0,25,23,6.000875604921021,6.131407900946215,0.13053229602519423,6.483503989991732
32,0,25,24,6.131407900946215,6.264817790943198,0.1334098899969831,6.483503989991732
32,0,25,25,6.264817790943198,6.420758863911033,0.15594107296783477,6.483503989991732
32,0,25,26,6.420758863911033,6.484177517937496,0.06341865402646363,6.483503989991732
32,0,26,1,5.552608106983826,5.653796321013942,0.1011882140301168,6.483503989991732
32,0,26,2,5.653796321013942,5.76105224294588,0.10725592193193734,6.483503989991732
32,0,26,3,5.76105224294588,5.8778774759266526,0.11682523298077285,6.483503989991732
32,0,26,4,5.8778774759266526,6.001686719944701,0.12380924401804805,6.483503989991732
32,0,26,5,6.001686719944701,6.1321691300254315,0.13048241008073092,6.483503989991732
32,0,26,6,6.1321691300254315,6.265598268946633,0.13342913892120123,6.483503989991732
32,0,26,7,6.265598268946633,6.421583308954723,0.15598504000809044,6.483503989991732
32,0,26,8,6.421583308954723,6.484850574983284,0.0632672660285607,6.483503989991732
32,0,27,1,3.8995791180059314,4.003100374946371,0.10352125694043934,6.483503989991732
32,0,27,2,4.003100374946371,4.108431836008094,0.10533146106172353,6.483503989991732
32,0,27,3,4.108431836008094,4.210920712910593,0.1024888769024983,6.483503989991732
32,0,27,4,4.210920712910593,4.314096043002792,0.10317533009219915,6.483503989991732
32,0,27,5,4.314096043002792,4.415831699967384,0.10173565696459264,6.483503989991732
32,0,27,6,4.415831699967384,4.518184828921221,0.10235312895383686,6.483503989991732
32,0,27,7,4.518184828921221,4.617274272954091,0.09908944403287023,6.483503989991732
32,0,27,8,4.617274272954091,4.719965919968672,0.10269164701458067,6.483503989991732
32,0,27,9,4.719965919968672,4.821714313002303,0.10174839303363115,6.483503989991732
32,0,27,10,4.821714313002303,4.92742256494239,0.10570825194008648,6.483503989991732
32,0,27,11,4.92742256494239,5.031104138935916,0.1036815739935264,6.483503989991732
32,0,27,12,5.031104138935916,5.137923122965731,0.1068189840298146,6.483503989991732
32,0,27,13,5.137923122965731,5.239405859960243,0.10148273699451238,6.483503989991732
32,0,27,14,5.239405859960243,5.344901429954916,0.10549556999467313,6.483503989991732
32,0,27,15,5.344901429954916,5.446789262001403,0.10188783204648644,6.483503989991732
32,0,27,16,5.446789262001403,5.552241644938476,0.10545238293707371,6.483503989991732
32,0,27,17,5.552241644938476,5.653601366910152,0.10135972197167575,6.483503989991732
32,0,27,18,5.653601366910152,5.760890829958953,0.10728946304880083,6.483503989991732
32,0,27,19,5.760890829958953,5.8777041019639,0.11681327200494707,6.483503989991732
32,0,27,20,5.8777041019639,6.001504231942818,0.12380012997891754,6.483503989991732
32,0,27,21,6.001504231942818,6.131996279000305,0.13049204705748707,6.483503989991732
32,0,27,22,6.131996279000305,6.265414909925312,0.13341863092500716,6.483503989991732
32,0,27,23,6.265414909925312,6.421384566929191,0.15596965700387955,6.483503989991732
32,0,27,24,6.421384566929191,6.484679042943753,0.06329447601456195,6.483503989991732
32,0,28,1,4.518582090968266,4.6174664669670165,0.09888437599875033,6.483503989991732
32,0,28,2,4.6174664669670165,4.720134100993164,0.10266763402614743,6.483503989991732
32,0,28,3,4.720134100993164,4.821899909991771,0.1017658089986071,6.483503989991732
32,0,28,4,4.821899909991771,4.9279512849170715,0.10605137492530048,6.483503989991732
32,0,28,5,4.9279512849170715,5.031342863920145,0.10339157900307328,6.483503989991732
32,0,28,6,5.031342863920145,5.138160660979338,0.10681779705919325,6.483503989991732
32,0,28,7,5.138160660979338,5.239648450980894,0.10148779000155628,6.483503989991732
32,0,28,8,5.239648450980894,5.345158800017089,0.10551034903619438,6.483503989991732
32,0,28,9,5.345158800017089,5.44701750902459,0.1018587090075016,6.483503989991732
32,0,28,10,5.44701750902459,5.552743677981198,0.10572616895660758,6.483503989991732
32,0,28,11,5.552743677981198,5.653886445914395,0.10114276793319732,6.483503989991732
32,0,28,12,5.653886445914395,5.761132024927065,0.10724557901266962,6.483503989991732
32,0,28,13,5.761132024927065,5.877966388943605,0.11683436401654035,6.483503989991732
32,0,28,14,5.877966388943605,6.001780485967174,0.12381409702356905,6.483503989991732
32,0,28,15,6.001780485967174,6.13225618598517,0.13047570001799613,6.483503989991732
32,0,28,16,6.13225618598517,6.265689485007897,0.13343329902272671,6.483503989991732
32,0,28,17,6.265689485007897,6.421681787003763,0.155992301995866,6.483503989991732
32,0,28,18,6.421681787003763,6.484987532021478,0.0633057450177148,6.483503989991732
32,0,29,1,4.92780248192139,5.03125339502003,0.10345091309864074,6.483503989991732
32,0,29,2,5.03125339502003,5.138065287959762,0.10681189293973148,6.483503989991732
32,0,29,3,5.138065287959762,5.239553814986721,0.10148852702695876,6.483503989991732
32,0,29,4,5.239553814986721,5.345057569909841,0.10550375492312014,6.483503989991732
32,0,29,5,5.345057569909841,5.4469248650129884,0.10186729510314763,6.483503989991732
32,0,29,6,5.4469248650129884,5.552366539952345,0.10544167493935674,6.483503989991732
32,0,29,7,5.552366539952345,5.653734579915181,0.10136803996283561,6.483503989991732
32,0,29,8,5.653734579915181,5.7610125850187615,0.10727800510358065,6.483503989991732
32,0,29,9,5.7610125850187615,5.8778342879377306,0.1168217029189691,6.483503989991732
32,0,29,10,5.8778342879377306,6.001640865928493,0.12380657799076289,6.483503989991732
32,0,29,11,6.001640865928493,6.132126690004952,0.1304858240764588,6.483503989991732
32,0,29,12,6.132126690004952,6.26555428293068,0.13342759292572737,6.483503989991732
32,0,29,13,6.26555428293068,6.421534420922399,0.15598013799171895,6.483503989991732
32,0,29,14,6.421534420922399,6.484807868953794,0.06327344803139567,6.483503989991732
32,0,30,1,5.137484882958233,5.238995146006346,0.10151026304811239,6.483503989991732
32,0,30,2,5.238995146006346,5.344446021947078,0.10545087594073266,6.483503989991732
32,0,30,3,5.344446021947078,5.446471243980341,0.10202522203326225,6.483503989991732
32,0,30,4,5.446471243980341,5.5519399689510465,0.10546872497070581,6.483503989991732
32,0,30,5,5.5519399689510465,5.6532755449879915,0.10133557603694499,6.483503989991732
32,0,30,6,5.6532755449879915,5.76052048697602,0.10724494198802859,6.483503989991732
32,0,30,7,5.76052048697602,5.877381513011642,0.11686102603562176,6.483503989991732
32,0,30,8,5.877381513011642,6.001155697973445,0.12377418496180326,6.483503989991732
32,0,30,9,6.001155697973445,6.1316869190195575,0.13053122104611248,6.483503989991732
32,0,30,10,6.1316869190195575,6.265102576930076,0.13341565791051835,6.483503989991732
32,0,30,11,6.265102576930076,6.420953614986502,0.15585103805642575,6.483503989991732
32,0,30,12,6.420953614986502,6.4843572760000825,0.06340366101358086,6.483503989991732
32,0,31,1,5.34550642396789,5.447125640930608,0.10161921696271747,6.483503989991732
32,0,31,2,5.447125640930608,5.5528363439952955,0.10571070306468755,6.483503989991732
32,0,31,3,5.5528363439952955,5.6540017779916525,0.10116543399635702,6.483503989991732
32,0,31,4,5.6540017779916525,5.761213126941584,0.10721134894993156,6.483503989991732
32,0,31,5,5.761213126941584,5.878054564003833,0.11684143706224859,6.483503989991732
32,0,31,6,5.878054564003833,6.001871526939794,0.12381696293596178,6.483503989991732
32,0,31,7,6.001871526939794,6.132342241937295,0.13047071499750018,6.483503989991732
32,0,31,8,6.132342241937295,6.265778539003804,0.13343629706650972,6.483503989991732
32,0,31,9,6.265778539003804,6.421777779934928,0.1559992409311235,6.483503989991732
32,0,31,10,6.421777779934928,6.485074352938682,0.06329657300375402,6.483503989991732
32,1,0,1,2.827109790989198,2.928345914930105,0.10123612394090742,6.431324089993723
32,1,0,2,2.928345914930105,3.034258723957464,0.10591280902735889,6.431324089993723
32,1,0,3,3.034258723957464,3.136784936999902,0.10252621304243803,6.431324089993723
32,1,0,4,3.136784936999902,3.2387215979397297,0.10193666093982756,6.431324089993723
32,1,0,5,3.2387215979397297,3.3399620269192383,0.10124042897950858,6.431324089993723
32,1,0,6,3.3399620269192383,3.4410344338975847,0.10107240697834641,6.431324089993723
32,1,0,7,3.4410344338975847,3.5395400159759447,0.09850558207836002,6.431324089993723
32,1,0,8,3.5395400159759447,3.640546095906757,0.10100607993081212,6.431324089993723
32,1,0,9,3.640546095906757,3.742183041991666,0.10163694608490914,6.431324089993723
32,1,0,10,3.742183041991666,3.845165937906131,0.10298289591446519,6.431324089993723
32,1,0,11,3.845165937906131,3.948631998966448,0.10346606106031686,6.431324089993723
32,1,0,12,3.948631998966448,4.055163224926218,0.10653122595977038,6.431324089993723
32,1,0,13,4.055163224926218,4.156756517942995,0.10159329301677644,6.431324089993723
32,1,0,14,4.156756517942995,4.259898275951855,0.10314175800886005,6.431324089993723
32,1,0,15,4.259898275951855,4.361915415967815,0.10201714001595974,6.431324089993723
32,1,0,16,4.361915415967815,4.4645054650027305,0.10259004903491586,6.431324089993723
32,1,0,17,4.4645054650027305,4.563883674913086,0.09937820991035551,6.431324089993723
32,1,0,18,4.563883674913086,4.66691638098564,0.10303270607255399,6.431324089993723
32,1,0,19,4.66691638098564,4.768488320987672,0.10157194000203162,6.431324089993723
32,1,0,20,4.768488320987672,4.873633146984503,0.10514482599683106,6.431324089993723
32,1,0,21,4.873633146984503,4.977529896888882,0.10389674990437925,6.431324089993723
32,1,0,22,4.977529896888882,5.084201011923142,0.10667111503425986,6.431324089993723
32,1,0,23,5.084201011923142,5.187155818915926,0.10295480699278414,6.431324089993723
32,1,0,24,5.187155818915926,5.292132428963669,0.10497661004774272,6.431324089993723
32,1,0,25,5.292132428963669,5.394734582980163,0.10260215401649475,6.431324089993723
32,1,0,26,5.394734582980163,5.500378908938728,0.10564432595856488,6.431324089993723
32,1,0,27,5.500378908938728,5.6009810488903895,0.10060213995166123,6.431324089993723
32,1,0,28,5.6009810488903895,5.711320656933822,0.11033960804343224,6.431324089993723
32,1,0,29,5.711320656933822,5.826870062970556,0.11554940603673458,6.431324089993723
32,1,0,30,5.826870062970556,5.950628413935192,0.12375835096463561,6.431324089993723
32,1,0,31,5.950628413935192,6.079605573904701,0.12897715996950865,6.431324089993723
32,1,0,32,6.079605573904701,6.212903065956198,0.1332974920514971,6.431324089993723
32,1,0,33,6.212903065956198,6.354760468937457,0.14185740298125893,6.431324089993723
32,1,0,34,6.354760468937457,6.432375381933525,0.0776149129960686,6.431324089993723
32,1,1,3,-0.08809349103830755,0.01960590691305697,0.10769939795136452,6.431324089993723
32,1,1,4,0.01960590691305697,0.11613795696757734,0.09653205005452037,6.431324089993723
32,1,1,5,0.11613795696757734,0.2120968858944252,0.09595892892684788,6.431324089993723
32,1,1,6,0.2120968858944252,0.30721084494143724,0.09511395904701203,6.431324089993723
32,1,1,7,0.30721084494143724,0.40200940798968077,0.09479856304824352,6.431324089993723
32,1,1,8,0.40200940798968077,0.4945923029445112,0.09258289495483041,6.431324089993723
32,1,1,9,0.4945923029445112,0.5904102309141308,0.09581792796961963,6.431324089993723
32,1,1,10,0.5904102309141308,0.6827465948881581,0.09233636397402734,6.431324089993723
32,1,1,11,0.6827465948881581,0.7779402029700577,0.09519360808189958,6.431324089993723
32,1,1,12,0.7779402029700577,0.8735686959698796,0.0956284929998219,6.431324089993723
32,1,1,13,0.8735686959698796,0.9760158219141886,0.10244712594430894,6.431324089993723
32,1,1,14,0.9760158219141886,1.075010112952441,0.09899429103825241,6.431324089993723
32,1,1,15,1.075010112952441,1.1745803619269282,0.09957024897448719,6.431324089993723
32,1,1,16,1.1745803619269282,1.2713529149768874,0.09677255304995924,6.431324089993723
32,1,1,17,1.2713529149768874,1.3662411510013044,0.09488823602441698,6.431324089993723
32,1,1,18,1.3662411510013044,1.4605572809232399,0.0943161299219355,6.431324089993723
32,1,1,19,1.4605572809232399,1.5555175619665533,0.09496028104331344,6.431324089993723
32,1,1,20,1.5555175619665533,1.6499994449550286,0.09448188298847526,6.431324089993723
32,1,1,21,1.6499994449550286,1.7460876338882372,0.09608818893320858,6.431324089993723
32,1,1,22,1.7460876338882372,1.8433261999161914,0.09723856602795422,6.431324089993723
32,1,1,23,1.8433261999161914,1.9435898469528183,0.10026364703662694,6.431324089993723
32,1,1,24,1.9435898469528183,2.043885854887776,0.10029600793495774,6.431324089993723
32,1,1,25,2.043885854887776,2.1444894319865853,0.10060357709880918,6.431324089993723
32,1,1,26,2.1444894319865853,2.2428609899943694,0.09837155800778419,6.431324089993723
32,1,1,27,2.2428609899943694,2.340168649912812,0.09730765991844237,6.431324089993723
32,1,1,28,2.340168649912812,2.4364956649951637,0.09632701508235186,6.431324089993723
32,1,1,29,2.4364956649951637,2.5340094479033723,0.09751378290820867,6.431324089993723
32,1,1,30,2.5340094479033723,2.6301272099372,0.0961177620338276,6.431324089993723
32,1,1,31,2.6301272099372,2.7274348459905013,0.0973076360533014,6.431324089993723
32,1,1,32,2.7274348459905013,2.826819737907499,0.09938489191699773,6.431324089993723
32,1,1,33,2.826819737907499,2.9282736629247665,0.10145392501726747,6.431324089993723
32,1,1,34,2.9282736629247665,3.034210394951515,0.10593673202674836,6.431324089993723
32,1,1,35,3.034210394951515,3.136736291926354,0.10252589697483927,6.431324089993723
32,1,1,36,3.136736291926354,3.2386753079481423,0.10193901602178812,6.431324089993723
32,1,1,37,3.2386753079481423,3.3399143249262124,0.10123901697807014,6.431324089993723
32,1,1,38,3.3399143249262124,3.4409883168991655,0.10107399197295308,6.431324089993723
32,1,1,39,3.4409883168991655,3.5394936020020396,0.09850528510287404,6.431324089993723
32,1,1,40,3.5394936020020396,3.6404977079946548,0.10100410599261522,6.431324089993723
32,1,1,41,3.6404977079946548,3.74213745794259,0.10163974994793534,6.431324089993723
32,1,1,42,3.74213745794259,3.845117196906358,0.10297973896376789,6.431324089993723
32,1,1,43,3.845117196906358,3.9485773199703544,0.10346012306399643,6.431324089993723
32,1,1,44,3.9485773199703544,4.055110266897827,0.10653294692747295,6.431324089993723
32,1,1,45,4.055110266897827,4.156709914910607,0.10159964801277965,6.431324089993723
32,1,1,46,4.156709914910607,4.259852025890723,0.10314211098011583,6.431324089993723
32,1,1,47,4.259852025890723,4.361863218946382,0.10201119305565953,6.431324089993723
32,1,1,48,4.361863218946382,4.464455137960613,0.10259191901423037,6.431324089993723
32,1,1,49,4.464455137960613,4.56383612297941,0.09938098501879722,6.431324089993723
32,1,1,50,4.56383612297941,4.666872182977386,0.10303605999797583,6.431324089993723
32,1,1,51,4.666872182977386,4.768443142995238,0.10157096001785249,6.431324089993723
32,1,1,52,4.768443142995238,4.873569105984643,0.1051259629894048,6.431324089993723
32,1,1,53,4.873569105984643,4.977478673914447,0.10390956792980433,6.431324089993723
32,1,1,54,4.977478673914447,5.08415517793037,0.10667650401592255,6.431324089993723
32,1,1,55,5.08415517793037,5.187112079001963,0.10295690107159317,6.431324089993723
32,1,1,56,5.187112079001963,5.292087859939784,0.10497578093782067,6.431324089993723
32,1,1,57,5.292087859939784,5.394688147935085,0.10260028799530119,6.431324089993723
32,1,1,58,5.394688147935085,5.500330213923007,0.10564206598792225,6.431324089993723
32,1,1,59,5.500330213923007,5.600934639922343,0.10060442599933594,6.431324089993723
32,1,1,60,5.600934639922343,5.711273897904903,0.1103392579825595,6.431324089993723
32,1,1,61,5.711273897904903,5.826819214969873,0.11554531706497073,6.431324089993723
32,1,1,62,5.826819214969873,5.950573016889393,0.1237538019195199,6.431324089993723
32,1,1,63,5.950573016889393,6.079551026923582,0.12897801003418863,6.431324089993723
32,1,1,64,6.079551026923582,6.21285537595395,0.13330434903036803,6.431324089993723
32,1,1,65,6.21285537595395,6.354709876002744,0.14185450004879385,6.431324089993723
32,1,1,66,6.354709876002744,6.432327338960022,0.0776174629572779,6.431324089993723
32,1,2,1,5.500223192968406,5.600829736911692,0.10060654394328594,6.431324089993723
32,1,2,2,5.600829736911692,5.711175811942667,0.11034607503097504,6.431324089993723
32,1,2,3,5.711175811942667,5.82671379391104,0.11553798196837306,6.431324089993723
32,1,2,4,5.82671379391104,5.950475178891793,0.12376138498075306,6.431324089993723
32,1,2,5,5.950475178891793,6.079457149957307,0.1289819710655138,6.431324089993723
32,1,2,6,6.079457149957307,6.212671352899633,0.13321420294232666,6.431324089993723
32,1,2,7,6.212671352899633,6.354595068958588,0.1419237160589546,6.431324089993723
32,1,2,8,6.354595068958588,6.432230232981965,0.077635164023377,6.431324089993723
32,1,3,1,2.2427487939130515,2.3400711430003867,0.09732234908733517,6.431324089993723
32,1,3,2,2.3400711430003867,2.436400476959534,0.09632933395914733,6.431324089993723
32,1,3,3,2.436400476959534,2.5339116849936545,0.0975112080341205,6.431324089993723
32,1,3,4,2.5339116849936545,2.629972637980245,0.09606095298659056,6.431324089993723
32,1,3,5,2.629972637980245,2.7273288009455428,0.0973561629652977,6.431324089993723
32,1,3,6,2.7273288009455428,2.826131308916956,0.09880250797141343,6.431324089993723
32,1,3,7,2.826131308916956,2.9276258319150656,0.10149452299810946,6.431324089993723
32,1,3,8,2.9276258319150656,3.032774669933133,0.10514883801806718,6.431324089993723
32,1,3,9,3.032774669933133,3.1360858608968556,0.10331119096372277,6.431324089993723
32,1,3,10,3.1360858608968556,3.2380441249115393,0.10195826401468366,6.431324089993723
32,1,3,11,3.2380441249115393,3.3392550529679283,0.1012109280563891,6.431324089993723
32,1,3,12,3.3392550529679283,3.440340790897608,0.10108573792967945,6.431324089993723
32,1,3,13,3.440340790897608,3.5388852839823812,0.09854449308477342,6.431324089993723
32,1,3,14,3.5388852839823812,3.6395595379872248,0.10067425400484353,6.431324089993723
32,1,3,15,3.6395595379872248,3.741455720970407,0.10189618298318237,6.431324089993723
32,1,3,16,3.741455720970407,3.8441673759371042,0.1027116549666971,6.431324089993723
32,1,3,17,3.8441673759371042,3.9478485049912706,0.10368112905416638,6.431324089993723
32,1,3,18,3.9478485049912706,4.05395021091681,0.10610170592553914,6.431324089993723
32,1,3,19,4.05395021091681,4.15592480590567,0.10197459498886019,6.431324089993723
32,1,3,20,4.15592480590567,4.2591241609770805,0.10319935507141054,6.431324089993723
32,1,3,21,4.2591241609770805,4.3610121719539165,0.10188801097683609,6.431324089993723
32,1,3,22,4.3610121719539165,4.463341997936368,0.10232982598245144,6.431324089993723
32,1,3,23,4.463341997936368,4.563037158921361,0.09969516098499298,6.431324089993723
32,1,3,24,4.563037158921361,4.666062183910981,0.10302502498961985,6.431324089993723
32,1,3,25,4.666062183910981,4.767640573903918,0.10157838999293745,6.431324089993723
32,1,3,26,4.767640573903918,4.872579697985202,0.10493912408128381,6.431324089993723
32,1,3,27,4.872579697985202,4.976556115900166,0.10397641791496426,6.431324089993723
32,1,3,28,4.976556115900166,5.083296824945137,0.10674070904497057,6.431324089993723
32,1,3,29,5.083296824945137,5.186337573919445,0.10304074897430837,6.431324089993723
32,1,3,30,5.186337573919445,5.291269796900451,0.10493222298100591,6.431324089993723
32,1,3,31,5.291269796900451,5.393836110946722,0.10256631404627115,6.431324089993723
32,1,3,32,5.393836110946722,5.499122521956451,0.10528641100972891,6.431324089993723
32,1,3,33,5.499122521956451,5.600015225936659,0.10089270398020744,6.431324089993723
32,1,3,34,5.600015225936659,5.710451327962801,0.11043610202614218,6.431324089993723
32,1,3,35,5.710451327962801,5.825813602888957,0.1153622749261558,6.431324089993723
32,1,3,36,5.825813602888957,5.94962831097655,0.12381470808759332,6.431324089993723
32,1,3,37,5.94962831097655,6.07881503389217,0.1291867229156196,6.431324089993723
32,1,3,38,6.07881503389217,6.212004349916242,0.13318931602407247,6.431324089993723
32,1,3,39,6.212004349916242,6.353673271951266,0.14166892203502357,6.431324089993723
32,1,3,40,6.353673271951266,6.430146922939457,0.07647365098819137,6.431324089993723
32,1,3,41,6.430146922939457,6.438612992991693,0.008466070052236319,6.431324089993723
32,1,4,1,3.640197579981759,3.7418573069153354,0.10165972693357617,6.431324089993723
32,1,4,2,3.7418573069153354,3.844829299952835,0.10297199303749949,6.431324089993723
32,1,4,3,3.844829299952835,3.948223502957262,0.10339420300442725,6.431324089993723
32,1,4,4,3.948223502957262,4.054467848967761,0.1062443460104987,6.431324089993723
32,1,4,5,4.054467848967761,4.156356252962723,0.10188840399496257,6.431324089993723
32,1,4,6,4.156356252962723,4.259447568911128,0.10309131594840437,6.431324089993723
32,1,4,7,4.259447568911128,4.361393890925683,0.10194632201455534,6.431324089993723
32,1,4,8,4.361393890925683,4.464019683888182,0.10262579296249896,6.431324089993723
32,1,4,9,4.464019683888182,4.563429132918827,0.09940944903064519,6.431324089993723
32,1,4,10,4.563429132918827,4.666449835989624,0.10302070307079703,6.431324089993723
32,1,4,11,4.666449835989624,4.768125997972675,0.1016761619830504,6.431324089993723
32,1,4,12,4.768125997972675,4.873185474891216,0.1050594769185409,6.431324089993723
32,1,4,13,4.873185474891216,4.97711959190201,0.10393411701079458,6.431324089993723
32,1,4,14,4.97711959190201,5.083830168936402,0.10671057703439146,6.431324089993723
32,1,4,15,5.083830168936402,5.186709657893516,0.10287948895711452,6.431324089993723
32,1,4,16,5.186709657893516,5.291660382994451,0.1049507251009345,6.431324089993723
32,1,4,17,5.291660382994451,5.3942210709210485,0.1025606879265979,6.431324089993723
32,1,4,18,5.3942210709210485,5.499699042993598,0.10547797207254916,6.431324089993723
32,1,4,19,5.499699042993598,5.600404082913883,0.10070503992028534,6.431324089993723
32,1,4,20,5.600404082913883,5.710888460977003,0.11048437806311995,6.431324089993723
32,1,4,21,5.710888460977003,5.826400600955822,0.1155121399788186,6.431324089993723
32,1,4,22,5.826400600955822,5.950180850923061,0.1237802499672398,6.431324089993723
32,1,4,23,5.950180850923061,6.079183050896972,0.12900219997391105,6.431324089993723
32,1,4,24,6.079183050896972,6.212386359926313,0.13320330902934074,6.431324089993723
32,1,4,25,6.212386359926313,6.35428102593869,0.14189466601237655,6.431324089993723
32,1,4,26,6.35428102593869,6.4319414109922945,0.07766038505360484,6.431324089993723
32,1,5,1,5.292495028930716,5.394897189922631,0.10240216099191457,6.431324089993723
32,1,5,2,5.394897189922631,5.500521428999491,0.10562423907686025,6.431324089993723
32,1,5,3,5.500521428999491,5.601115128956735,0.1005936999572441,6.431324089993723
32,1,5,4,5.601115128956735,5.711457235971466,0.11034210701473057,6.431324089993723
32,1,5,5,5.711457235971466,5.827020789962262,0.11556355399079621,6.431324089993723
32,1,5,6,5.827020789962262,5.950772010954097,0.123751220991835,6.431324089993723
32,1,5,7,5.950772010954097,6.079741771914996,0.1289697609608993,6.431324089993723
32,1,5,8,6.079741771914996,6.213039786904119,0.13329801498912275,6.431324089993723
32,1,5,9,6.213039786904119,6.354921284946613,0.14188149804249406,6.431324089993723
32,1,5,10,6.354921284946613,6.4329173169098794,0.07799603196326643,6.431324089993723
32,1,6,1,2.6303949329303578,2.727515099919401,0.09712016698904335,6.431324089993723
32,1,6,2,2.727515099919401,2.8266148259863257,0.09909972606692463,6.431324089993723
32,1,6,3,2.8266148259863257,2.9280781459528953,0.10146331996656954,6.431324089993723
32,1,6,4,2.9280781459528953,3.034022939973511,0.10594479402061552,6.431324089993723
32,1,6,5,3.034022939973511,3.136535389930941,0.10251244995743036,6.431324089993723
32,1,6,6,3.136535389930941,3.238481485983357,0.10194609605241567,6.431324089993723
32,1,6,7,3.238481485983357,3.3397159669548273,0.10123448097147048,6.431324089993723
32,1,6,8,3.3397159669548273,3.440802714903839,0.10108674794901162,6.431324089993723
32,1,6,9,3.440802714903839,3.5393084249226376,0.09850571001879871,6.431324089993723
32,1,6,10,3.5393084249226376,3.640302035957575,0.1009936110349372,6.431324089993723
32,1,6,11,3.640302035957575,3.741951967938803,0.10164993198122829,6.431324089993723
32,1,6,12,3.741951967938803,3.8449223559582606,0.10297038801945746,6.431324089993723
32,1,6,13,3.8449223559582606,3.9483816259307787,0.10345926997251809,6.431324089993723
32,1,6,14,3.9483816259307787,4.054578551906161,0.10619692597538233,6.431324089993723
32,1,6,15,4.054578551906161,4.156448032939807,0.10186948103364557,6.431324089993723
32,1,6,16,4.156448032939807,4.259534849901684,0.10308681696187705,6.431324089993723
32,1,6,17,4.259534849901684,4.361496441997588,0.10196159209590405,6.431324089993723
32,1,6,18,4.361496441997588,4.464208362973295,0.10271192097570747,6.431324089993723
32,1,6,19,4.464208362973295,4.563516750000417,0.09930838702712208,6.431324089993723
32,1,6,20,4.563516750000417,4.666640367941,0.10312361794058233,6.431324089993723
32,1,6,21,4.666640367941,4.768217228003778,0.101576860062778,6.431324089993723
32,1,6,22,4.768217228003778,4.873293935903348,0.10507670789957047,6.431324089993723
32,1,6,23,4.873293935903348,4.977222496992908,0.10392856108956039,6.431324089993723
32,1,6,24,4.977222496992908,5.0839232238940895,0.10670072690118104,6.431324089993723
32,1,6,25,5.0839232238940895,5.186797693953849,0.10287447005975991,6.431324089993723
32,1,6,26,5.186797693953849,5.291753658908419,0.10495596495456994,6.431324089993723
32,1,6,27,5.291753658908419,5.39443994697649,0.10268628806807101,6.431324089993723
32,1,6,28,5.39443994697649,5.499797877972014,0.10535793099552393,6.431324089993723
32,1,6,29,5.499797877972014,5.60050652094651,0.10070864297449589,6.431324089993723
32,1,6,30,5.60050652094651,5.710982681950554,0.11047616100404412,6.431324089993723
32,1,6,31,5.710982681950554,5.826504427939653,0.11552174598909914,6.431324089993723
32,1,6,32,5.826504427939653,5.950277633965015,0.12377320602536201,6.431324089993723
32,1,6,33,5.950277633965015,6.079272334929556,0.12899470096454024,6.431324089993723
32,1,6,34,6.079272334929556,6.212481509894133,0.13320917496457696,6.431324089993723
32,1,6,35,6.212481509894133,6.354388288920745,0.14190677902661264,6.431324089993723
32,1,6,36,6.354388288920745,6.432038994971663,0.0776507060509175,6.431324089993723
32,1,7,1,3.4402688069967553,3.538819291978143,0.09855048498138785,6.431324089993723
32,1,7,2,3.538819291978143,3.639496753923595,0.1006774619454518,6.431324089993723
32,1,7,3,3.639496753923595,3.7413920459803194,0.10189529205672443,6.431324089993723
32,1,7,4,3.7413920459803194,3.844103915966116,0.10271186998579651,6.431324089993723
32,1,7,5,3.844103915966116,3.9477870519040152,0.10368313593789935,6.431324089993723
32,1,7,6,3.9477870519040152,4.053879431914538,0.1060923800105229,6.431324089993723
32,1,7,7,4.053879431914538,4.155864748987369,0.1019853170728311,6.431324089993723
32,1,7,8,4.155864748987369,4.259071494918317,0.10320674593094736,6.431324089993723
32,1,7,9,4.259071494918317,4.360943366889842,0.10187187197152525,6.431324089993723
32,1,7,10,4.360943366889842,4.46327729197219,0.10233392508234829,6.431324089993723
32,1,7,11,4.46327729197219,4.562983773997985,0.09970648202579468,6.431324089993723
32,1,7,12,4.562983773997985,4.666011512978002,0.1030277389800176,6.431324089993723
32,1,7,13,4.666011512978002,4.767584489891306,0.10157297691330314,6.431324089993723
32,1,7,14,4.767584489891306,4.872519026976079,0.10493453708477318,6.431324089993723
32,1,7,15,4.872519026976079,4.976500797900371,0.1039817709242925,6.431324089993723
32,1,7,16,4.976500797900371,5.083245512912981,0.10674471501260996,6.431324089993723
32,1,7,17,5.083245512912981,5.1862885860027745,0.10304307308979332,6.431324089993723
32,1,7,18,5.1862885860027745,5.291218365891837,0.10492977988906205,6.431324089993723
32,1,7,19,5.291218365891837,5.393786403001286,0.1025680371094495,6.431324089993723
32,1,7,20,5.393786403001286,5.499067518976517,0.10528111597523093,6.431324089993723
32,1,7,21,5.499067518976517,5.599966313922778,0.10089879494626075,6.431324089993723
32,1,7,22,5.599966313922778,5.710399956908077,0.11043364298529923,6.431324089993723
32,1,7,23,5.710399956908077,5.825757738901302,0.11535778199322522,6.431324089993723
32,1,7,24,5.825757738901302,5.949566886993125,0.12380914809182286,6.431324089993723
32,1,7,25,5.949566886993125,6.078766412916593,0.12919952592346817,6.431324089993723
32,1,7,26,6.078766412916593,6.21195520600304,0.13318879308644682,6.431324089993723
32,1,7,27,6.21195520600304,6.353613508981653,0.14165830297861248,6.431324089993723
32,1,7,28,6.353613508981653,6.430096671916544,0.07648316293489188,6.431324089993723
32,1,7,29,6.430096671916544,6.438555833999999,0.00845916208345443,6.431324089993723
32,1,8,1,3.034720044932328,3.1370479189790785,0.10232787404675037,6.431324089993723
32,1,8,2,3.1370479189790785,3.2389507789630443,0.10190285998396575,6.431324089993723
32,1,8,3,3.2389507789630443,3.340198060963303,0.10124728200025856,6.431324089993723
32,1,8,4,3.340198060963303,3.4412634049076587,0.10106534394435585,6.431324089993723
32,1,8,5,3.4412634049076587,3.5397736079758033,0.09851020306814462,6.431324089993723
32,1,8,6,3.5397736079758033,3.640790045959875,0.10101643798407167,6.431324089993723
32,1,8,7,3.640790045959875,3.742411201936193,0.10162115597631782,6.431324089993723
32,1,8,8,3.742411201936193,3.8454056449700147,0.10299444303382188,6.431324089993723
32,1,8,9,3.8454056449700147,3.9488720319932327,0.10346638702321798,6.431324089993723
32,1,8,10,3.9488720319932327,4.055433086003177,0.1065610540099442,6.431324089993723
32,1,8,11,4.055433086003177,4.156985012930818,0.10155192692764103,6.431324089993723
32,1,8,12,4.156985012930818,4.260378902894445,0.10339388996362686,6.431324089993723
32,1,8,13,4.260378902894445,4.362262043985538,0.10188314109109342,6.431324089993723
32,1,8,14,4.362262043985538,4.464808237971738,0.1025461939861998,6.431324089993723
32,1,8,15,4.464808237971738,4.56415632693097,0.09934808895923197,6.431324089993723
32,1,8,16,4.56415632693097,4.667188924970105,0.10303259803913534,6.431324089993723
32,1,8,17,4.667188924970105,4.7687622889643535,0.10157336399424821,6.431324089993723
32,1,8,18,4.7687622889643535,4.874304833938368,0.10554254497401416,6.431324089993723
32,1,8,19,4.874304833938368,4.97792277589906,0.1036179419606924,6.431324089993723
32,1,8,20,4.97792277589906,5.084518868941814,0.10659609304275364,6.431324089993723
32,1,8,21,5.084518868941814,5.187455252977088,0.10293638403527439,6.431324089993723
32,1,8,22,5.187455252977088,5.292734393966384,0.10527914098929614,6.431324089993723
32,1,8,23,5.292734393966384,5.395135657978244,0.1024012640118599,6.431324089993723
32,1,8,24,5.395135657978244,5.500834729988128,0.10569907200988382,6.431324089993723
32,1,8,25,5.500834729988128,5.6013453379273415,0.10051060793921351,6.431324089993723
32,1,8,26,5.6013453379273415,5.711763743893243,0.11041840596590191,6.431324089993723
32,1,8,27,5.711763743893243,5.827275060000829,0.11551131610758603,6.431324089993723
32,1,8,28,5.827275060000829,5.951011501951143,0.12373644195031375,6.431324089993723
32,1,8,29,5.951011501951143,6.080012147896923,0.12900064594577998,6.431324089993723
32,1,8,30,6.080012147896923,6.213267275947146,0.133255128050223,6.431324089993723
32,1,8,31,6.213267275947146,6.3551836089463905,0.14191633299924433,6.431324089993723
32,1,8,32,6.3551836089463905,6.433175186975859,0.07799157802946866,6.431324089993723
32,1,9,1,2.43624565389473,2.533760780002922,0.09751512610819191,6.431324089993723
32,1,9,2,2.533760780002922,2.6298300169873983,0.09606923698447645,6.431324089993723
32,1,9,3,2.6298300169873983,2.7271225549047813,0.09729253791738302,6.431324089993723
32,1,9,4,2.7271225549047813,2.82671725389082,0.09959469898603857,6.431324089993723
32,1,9,5,2.82671725389082,2.9281735249096528,0.10145627101883292,6.431324089993723
32,1,9,6,2.9281735249096528,3.0341172959888354,0.10594377107918262,6.431324089993723
32,1,9,7,3.0341172959888354,3.136638880940154,0.1025215849513188,6.431324089993723
32,1,9,8,3.136638880940154,3.2385728019289672,0.10193392098881304,6.431324089993723
32,1,9,9,3.2385728019289672,3.339813528000377,0.10124072607140988,6.431324089993723
32,1,9,10,3.339813528000377,3.440896393964067,0.10108286596368998,6.431324089993723
32,1,9,11,3.440896393964067,3.5394000849919394,0.09850369102787226,6.431324089993723
32,1,9,12,3.5394000849919394,3.640398252988234,0.1009981679962948,6.431324089993723
32,1,9,13,3.640398252988234,3.742044446989894,0.10164619400165975,6.431324089993723
32,1,9,14,3.742044446989894,3.845019047963433,0.10297460097353905,6.431324089993723
32,1,9,15,3.845019047963433,3.9484783849911764,0.10345933702774346,6.431324089993723
32,1,9,16,3.9484783849911764,4.055000874912366,0.10652248992118984,6.431324089993723
32,1,9,17,4.055000874912366,4.156616290914826,0.10161541600245982,6.431324089993723
32,1,9,18,4.156616290914826,4.259678405942395,0.10306211502756923,6.431324089993723
32,1,9,19,4.259678405942395,4.361760005936958,0.10208159999456257,6.431324089993723
32,1,9,20,4.361760005936958,4.464356549899094,0.10259654396213591,6.431324089993723
32,1,9,21,4.464356549899094,4.563742747996002,0.09938619809690863,6.431324089993723
32,1,9,22,4.563742747996002,4.66678079799749,0.10303805000148714,6.431324089993723
32,1,9,23,4.66678079799749,4.768350701895542,0.10156990389805287,6.431324089993723
32,1,9,24,4.768350701895542,4.8734602649929,0.10510956309735775,6.431324089993723
32,1,9,25,4.8734602649929,4.9773771619657055,0.10391689697280526,6.431324089993723
32,1,9,26,4.9773771619657055,5.08406199188903,0.10668482992332429,6.431324089993723
32,1,9,27,5.08406199188903,5.1870240399148315,0.10296204802580178,6.431324089993723
32,1,9,28,5.1870240399148315,5.291995349922217,0.10497131000738591,6.431324089993723
32,1,9,29,5.291995349922217,5.394586392911151,0.10259104298893362,6.431324089993723
32,1,9,30,5.394586392911151,5.499940548907034,0.10535415599588305,6.431324089993723
32,1,9,31,5.499940548907034,5.60066131898202,0.10072077007498592,6.431324089993723
32,1,9,32,5.60066131898202,5.71112670598086,0.11046538699883968,6.431324089993723
32,1,9,33,5.71112670598086,5.826662409002893,0.11553570302203298,6.431324089993723
32,1,9,34,5.826662409002893,5.950425814953633,0.12376340595073998,6.431324089993723
32,1,9,35,5.950425814953633,6.0794098059413955,0.1289839909877628,6.431324089993723
32,1,9,36,6.0794098059413955,6.212625207961537,0.13321540202014148,6.431324089993723
32,1,9,37,6.212625207961537,6.354543669964187,0.1419184620026499,6.431324089993723
32,1,9,38,6.354543669964187,6.432183620985597,0.07763995102141052,6.431324089993723
32,1,10,1,5.084783653961495,5.187521727988496,0.10273807402700186,6.431324089993723
32,1,10,2,5.187521727988496,5.292782682925463,0.1052609549369663,6.431324089993723
32,1,10,3,5.292782682925463,5.395184746943414,0.10240206401795149,6.431324089993723
32,1,10,4,5.395184746943414,5.500881580985151,0.10569683404173702,6.431324089993723
32,1,10,5,5.500881580985151,5.601389082963578,0.10050750197842717,6.431324089993723
32,1,10,6,5.601389082963578,5.711807571002282,0.1104184880387038,6.431324089993723
32,1,10,7,5.711807571002282,5.8273276259424165,0.11552005494013429,6.431324089993723
32,1,10,8,5.8273276259424165,5.9510585989337415,0.12373097299132496,6.431324089993723
32,1,10,9,5.9510585989337415,6.0800590079743415,0.12900040904060006,6.431324089993723
32,1,10,10,6.0800590079743415,6.213311645900831,0.13325263792648911,6.431324089993723
32,1,10,11,6.213311645900831,6.3552363669732586,0.14192472107242793,6.431324089993723
32,1,10,12,6.3552363669732586,6.433227872941643,0.07799150596838444,6.431324089993723
32,1,11,1,2.044389350921847,2.1447197078960016,0.10033035697415471,6.431324089993723
32,1,11,2,2.1447197078960016,2.2430717200040817,0.09835201210808009,6.431324089993723
32,1,11,3,2.2430717200040817,2.3403508969349787,0.09727917693089694,6.431324089993723
32,1,11,4,2.3403508969349787,2.4367329069646075,0.09638201002962887,6.431324089993723
32,1,11,5,2.4367329069646075,2.5341997359646484,0.09746682900004089,6.431324089993723
32,1,11,6,2.5341997359646484,2.630593706970103,0.09639397100545466,6.431324089993723
32,1,11,7,2.630593706970103,2.7277207049774006,0.09712699800729752,6.431324089993723
32,1,11,8,2.7277207049774006,2.8271659209858626,0.09944521600846201,6.431324089993723
32,1,11,9,2.8271659209858626,2.928395735914819,0.10122981492895633,6.431324089993723
32,1,11,10,2.928395735914819,3.0343065669294447,0.10591083101462573,6.431324089993723
32,1,11,11,3.0343065669294447,3.136833144002594,0.10252657707314938,6.431324089993723
32,1,11,12,3.136833144002594,3.2387684129644185,0.10193526896182448,6.431324089993723
32,1,11,13,3.2387684129644185,3.340010267915204,0.10124185495078564,6.431324089993723
32,1,11,14,3.340010267915204,3.441080027958378,0.10106976004317403,6.431324089993723
32,1,11,15,3.441080027958378,3.53958534297999,0.09850531502161175,6.431324089993723
32,1,11,16,3.53958534297999,3.640594577998854,0.10100923501886427,6.431324089993723
32,1,11,17,3.640594577998854,3.742228962946683,0.10163438494782895,6.431324089993723
32,1,11,18,3.742228962946683,3.845213941996917,0.10298497905023396,6.431324089993723
32,1,11,19,3.845213941996917,3.948679312947206,0.10346537095028907,6.431324089993723
32,1,11,20,3.948679312947206,4.055217063985765,0.10653775103855878,6.431324089993723
32,1,11,21,4.055217063985765,4.156801443896256,0.1015843799104914,6.431324089993723
32,1,11,22,4.156801443896256,4.260202538920566,0.10340109502431005,6.431324089993723
32,1,11,23,4.260202538920566,4.362045919988304,0.10184338106773794,6.431324089993723
32,1,11,24,4.362045919988304,4.464613381889649,0.10256746190134436,6.431324089993723
32,1,11,25,4.464613381889649,4.563977848971263,0.09936446708161384,6.431324089993723
32,1,11,26,4.563977848971263,4.6670079559553415,0.10303010698407888,6.431324089993723
32,1,11,27,4.6670079559553415,4.76857818197459,0.10157022601924837,6.431324089993723
32,1,11,28,4.76857818197459,4.873741963994689,0.10516378202009946,6.431324089993723
32,1,11,29,4.873741963994689,4.977638032985851,0.10389606899116188,6.431324089993723
32,1,11,30,4.977638032985851,5.084289059974253,0.10665102698840201,6.431324089993723
32,1,11,31,5.084289059974253,5.187240709899925,0.10295164992567152,6.431324089993723
32,1,11,32,5.187240709899925,5.292224118951708,0.10498340905178338,6.431324089993723
32,1,11,33,5.292224118951708,5.394826118950732,0.10260199999902397,6.431324089993723
32,1,11,34,5.394826118950732,5.500475092907436,0.10564897395670414,6.431324089993723
32,1,11,35,5.500475092907436,5.601070208940655,0.1005951160332188,6.431324089993723
32,1,11,36,5.601070208940655,5.711412049946375,0.1103418410057202,6.431324089993723
32,1,11,37,5.711412049946375,5.826971347909421,0.11555929796304554,6.431324089993723
32,1,11,38,5.826971347909421,5.950724634923972,0.12375328701455146,6.431324089993723
32,1,11,39,5.950724634923972,6.079697047942318,0.12897241301834583,6.431324089993723
32,1,11,40,6.079697047942318,6.212994314962998,0.13329726702068,6.431324089993723
32,1,11,41,6.212994314962998,6.354861645959318,0.14186733099631965,6.431324089993723
32,1,11,42,6.354861645959318,6.432468590908684,0.07760694494936615,6.431324089993723
32,1,12,5,-0.08818856801372021,0.019519287976436317,0.10770785599015653,6.431324089993723
32,1,12,6,0.019519287976436317,0.11570901493541896,0.09618972695898265,6.431324089993723
32,1,12,7,0.11570901493541896,0.2118756469571963,0.09616663202177733,6.431324089993723
32,1,12,8,0.2118756469571963,0.30671769997570664,0.09484205301851034,6.431324089993723
32,1,12,9,0.30671769997570664,0.4016985559137538,0.09498085593804717,6.431324089993723
32,1,12,10,0.4016985559137538,0.49429614597465843,0.09259759006090462,6.431324089993723
32,1,12,11,0.49429614597465843,0.5901296259835362,0.09583348000887781,6.431324089993723
32,1,12,12,0.5901296259835362,0.6824615839868784,0.09233195800334215,6.431324089993723
32,1,12,13,0.6824615839868784,0.7776538339676335,0.09519224998075515,6.431324089993723
32,1,12,14,0.7776538339676335,0.87330065399874,0.09564682003110647,6.431324089993723
32,1,12,15,0.87330065399874,0.9757554099196568,0.1024547559209168,6.431324089993723
32,1,12,16,0.9757554099196568,1.0747684069210663,0.09901299700140953,6.431324089993723
32,1,12,17,1.0747684069210663,1.1743339629611,0.0995655560400337,6.431324089993723
32,1,12,18,1.1743339629611,1.271095803938806,0.09676184097770602,6.431324089993723
32,1,12,19,1.271095803938806,1.365999154979363,0.09490335104055703,6.431324089993723
32,1,12,20,1.365999154979363,1.4599010419333354,0.09390188695397228,6.431324089993723
32,1,12,21,1.4599010419333354,1.555195613997057,0.09529457206372172,6.431324089993723
32,1,12,22,1.555195613997057,1.6493816329166293,0.09418601891957223,6.431324089993723
32,1,12,23,1.6493816329166293,1.7455600469838828,0.09617841406725347,6.431324089993723
32,1,12,24,1.7455600469838828,1.842529569985345,0.09696952300146222,6.431324089993723
32,1,12,25,1.842529569985345,1.9430785949807614,0.1005490249954164,6.431324089993723
32,1,12,26,1.9430785949807614,2.043386678909883,0.1003080839291215,6.431324089993723
32,1,12,27,2.043386678909883,2.144006125978194,0.10061944706831127,6.431324089993723
32,1,12,28,2.144006125978194,2.242146835895255,0.09814070991706103,6.431324089993723
32,1,12,29,2.242146835895255,2.3397098309360445,0.09756299504078925,6.431324089993723
32,1,12,30,2.3397098309360445,2.4357726929010823,0.09606286196503788,6.431324089993723
32,1,12,31,2.4357726929010823,2.5334675399353728,0.09769484703429043,6.431324089993723
32,1,12,32,2.5334675399353728,2.629537721979432,0.09607018204405904,6.431324089993723
32,1,12,33,2.629537721979432,2.726814108900726,0.09727638692129403,6.431324089993723
32,1,12,34,2.726814108900726,2.826442267978564,0.09962815907783806,6.431324089993723
32,1,12,35,2.826442267978564,2.9279259089380503,0.10148364095948637,6.431324089993723
32,1,12,36,2.9279259089380503,3.033862287993543,0.10593637905549258,6.431324089993723
32,1,12,37,3.033862287993543,3.1363845769083127,0.10252228891476989,6.431324089993723
32,1,12,38,3.1363845769083127,3.238333314890042,0.10194873798172921,6.431324089993723
32,1,12,39,3.238333314890042,3.3395554199814796,0.1012221050914377,6.431324089993723
32,1,12,40,3.3395554199814796,3.4406617009080946,0.101106280926615,6.431324089993723
32,1,12,41,3.4406617009080946,3.539164338959381,0.09850263805128634,6.431324089993723
32,1,12,42,3.539164338959381,3.639869284001179,0.10070494504179806,6.431324089993723
32,1,12,43,3.639869284001179,3.7417421649442986,0.10187288094311953,6.431324089993723
32,1,12,44,3.7417421649442986,3.844732701894827,0.10299053695052862,6.431324089993723
32,1,12,45,3.844732701894827,3.9481241069734097,0.10339140507858247,6.431324089993723
32,1,12,46,3.9481241069734097,4.054355965927243,0.10623185895383358,6.431324089993723
32,1,12,47,4.054355965927243,4.156263246899471,0.10190728097222745,6.431324089993723
32,1,12,48,4.156263246899471,4.259357379982248,0.10309413308277726,6.431324089993723
32,1,12,49,4.259357379982248,4.361290486995131,0.10193310701288283,6.431324089993723
32,1,12,50,4.361290486995131,4.463918430963531,0.10262794396840036,6.431324089993723
32,1,12,51,4.463918430963531,4.56333959789481,0.099421166931279,6.431324089993723
32,1,12,52,4.56333959789481,4.6663557309657335,0.10301613307092339,6.431324089993723
32,1,12,53,4.6663557309657335,4.768034783890471,0.10167905292473733,6.431324089993723
32,1,12,54,4.768034783890471,4.8730751619441435,0.10504037805367261,6.431324089993723
32,1,12,55,4.8730751619441435,4.9770145119400695,0.10393934999592602,6.431324089993723
32,1,12,56,4.9770145119400695,5.083735492895357,0.10672098095528781,6.431324089993723
32,1,12,57,5.083735492895357,5.186617935891263,0.10288244299590588,6.431324089993723
32,1,12,58,5.186617935891263,5.291557814925909,0.10493987903464586,6.431324089993723
32,1,12,59,5.291557814925909,5.394128120969981,0.10257030604407191,6.431324089993723
32,1,12,60,5.394128120969981,5.499589562998153,0.10546144202817231,6.431324089993723
32,1,12,61,5.499589562998153,5.600306517910212,0.10071695491205901,6.431324089993723
32,1,12,62,5.600306517910212,5.710789737990126,0.11048322007991374,6.431324089993723
32,1,12,63,5.710789737990126,5.826295497943647,0.11550575995352119,6.431324089993723
32,1,12,64,5.826295497943647,5.9500833549536765,0.12378785701002926,6.431324089993723
32,1,12,65,5.9500833549536765,6.0790921149309725,0.129008759977296,6.431324089993723
32,1,12,66,6.0790921149309725,6.212291812989861,0.13319969805888832,6.431324089993723
32,1,12,67,6.212291812989861,6.3541735738981515,0.14188176090829074,6.431324089993723
32,1,12,68,6.3541735738981515,6.431833708891645,0.07766013499349356,6.431324089993723
32,1,13,1,1.075470054987818,1.1748452399624512,0.09937518497463316,6.431324089993723
32,1,13,2,1.1748452399624512,1.271900252904743,0.0970550129422918,6.431324089993723
32,1,13,3,1.271900252904743,1.366550312959589,0.09465006005484611,6.431324089993723
32,1,13,4,1.366550312959589,1.460856837918982,0.09430652495939285,6.431324089993723
32,1,13,5,1.460856837918982,1.5558045619400218,0.0949477240210399,6.431324089993723
32,1,13,6,1.5558045619400218,1.6502974409377202,0.09449287899769843,6.431324089993723
32,1,13,7,1.6502974409377202,1.746404506964609,0.09610706602688879,6.431324089993723
32,1,13,8,1.746404506964609,1.8436174769885838,0.09721297002397478,6.431324089993723
32,1,13,9,1.8436174769885838,1.94392487895675,0.10030740196816623,6.431324089993723
32,1,13,10,1.94392487895675,2.044555641943589,0.10063076298683882,6.431324089993723
32,1,13,11,2.044555641943589,2.1448626699857414,0.10030702804215252,6.431324089993723
32,1,13,12,2.1448626699857414,2.243212978937663,0.09835030895192176,6.431324089993723
32,1,13,13,2.243212978937663,2.3404876159038395,0.09727463696617633,6.431324089993723
32,1,13,14,2.3404876159038395,2.4368668999522924,0.09637928404845297,6.431324089993723
32,1,13,15,2.4368668999522924,2.534339126897976,0.09747222694568336,6.431324089993723
32,1,13,16,2.534339126897976,2.630735489889048,0.09639636299107224,6.431324089993723
32,1,13,17,2.630735489889048,2.7278633329551667,0.09712784306611866,6.431324089993723
32,1,13,18,2.7278633329551667,2.826665823929943,0.09880249097477645,6.431324089993723
32,1,13,19,2.826665823929943,2.9281244919402525,0.10145866801030934,6.431324089993723
32,1,13,20,2.9281244919402525,3.034071403904818,0.10594691196456552,6.431324089993723
32,1,13,21,3.034071403904818,3.136584179941565,0.1025127760367468,6.431324089993723
32,1,13,22,3.136584179941565,3.2385272620012984,0.10194308205973357,6.431324089993723
32,1,13,23,3.2385272620012984,3.339764543925412,0.10123728192411363,6.431324089993723
32,1,13,24,3.339764543925412,3.4408493289956823,0.1010847850702703,6.431324089993723
32,1,13,25,3.4408493289956823,3.539353840984404,0.09850451198872179,6.431324089993723
32,1,13,26,3.539353840984404,3.6403493059333414,0.1009954649489373,6.431324089993723
32,1,13,27,3.6403493059333414,3.7419988269684836,0.10164952103514224,6.431324089993723
32,1,13,28,3.7419988269684836,3.8449705418897793,0.10297171492129564,6.431324089993723
32,1,13,29,3.8449705418897793,3.948429882992059,0.10345934110227972,6.431324089993723
32,1,13,30,3.948429882992059,4.054943722905591,0.10651383991353214,6.431324089993723
32,1,13,31,4.054943722905591,4.156564424978569,0.10162070207297802,6.431324089993723
32,1,13,32,4.156564424978569,4.2596348989754915,0.10307047399692237,6.431324089993723
32,1,13,33,4.2596348989754915,4.36170103691984,0.10206613794434816,6.431324089993723
32,1,13,34,4.36170103691984,4.464308246970177,0.10260721005033702,6.431324089993723
32,1,13,35,4.464308246970177,4.563696416909806,0.09938816993962973,6.431324089993723
32,1,13,36,4.563696416909806,4.666735844919458,0.1030394280096516,6.431324089993723
32,1,13,37,4.666735844919458,4.768306895974092,0.10157105105463415,6.431324089993723
32,1,13,38,4.768306895974092,4.8734061639988795,0.1050992680247873,6.431324089993723
32,1,13,39,4.8734061639988795,4.9773256978951395,0.10391953389625996,6.431324089993723
32,1,13,40,4.9773256978951395,5.084017324959859,0.1066916270647198,6.431324089993723
32,1,13,41,5.084017324959859,5.1869798369007185,0.10296251194085926,6.431324089993723
32,1,13,42,5.1869798369007185,5.291948546888307,0.10496870998758823,6.431324089993723
32,1,13,43,5.291948546888307,5.3945400269003585,0.10259148001205176,6.431324089993723
32,1,13,44,5.3945400269003585,5.499892435967922,0.10535240906756371,6.431324089993723
32,1,13,45,5.499892435967922,5.600612317910418,0.1007198819424957,6.431324089993723
32,1,13,46,5.600612317910418,5.711078281980008,0.11046596406958997,6.431324089993723
32,1,13,47,5.711078281980008,5.826611225958914,0.11553294397890568,6.431324089993723
32,1,13,48,5.826611225958914,5.950373576954007,0.12376235099509358,6.431324089993723
32,1,13,49,5.950373576954007,6.079362783930264,0.12898920697625726,6.431324089993723
32,1,13,50,6.079362783930264,6.212573119904846,0.13321033597458154,6.431324089993723
32,1,13,51,6.212573119904846,6.35449144791346,0.14191832800861448,6.431324089993723
32,1,13,52,6.35449144791346,6.432135202921927,0.07764375500846654,6.431324089993723
32,1,14,1,0.30702737299725413,0.4018420079955831,0.09481463499832898,6.431324089993723
32,1,14,2,0.4018420079955831,0.49441489193122834,0.09257288393564522,6.431324089993723
32,1,14,3,0.49441489193122834,0.5902190369088203,0.09580414497759193,6.431324089993723
32,1,14,4,0.5902190369088203,0.6825670698890463,0.09234803298022598,6.431324089993723
32,1,14,5,0.6825670698890463,0.777760591940023,0.09519352205097675,6.431324089993723
32,1,14,6,0.777760591940023,0.8734038609545678,0.09564326901454479,6.431324089993723
32,1,14,7,0.8734038609545678,0.9758496739668772,0.10244581301230937,6.431324089993723
32,1,14,8,0.9758496739668772,1.0748561338987201,0.09900645993184298,6.431324089993723
32,1,14,9,1.0748561338987201,1.1744256459642202,0.09956951206550002,6.431324089993723
32,1,14,10,1.1744256459642202,1.271185591001995,0.09675994503777474,6.431324089993723
32,1,14,11,1.271185591001995,1.3660860889358446,0.09490049793384969,6.431324089993723
32,1,14,12,1.3660860889358446,1.4600186559837312,0.09393256704788655,6.431324089993723
32,1,14,13,1.4600186559837312,1.555281089968048,0.09526243398431689,6.431324089993723
32,1,14,14,1.555281089968048,1.6495290820021182,0.0942479920340702,6.431324089993723
32,1,14,15,1.6495290820021182,1.7456940929405391,0.09616501093842089,6.431324089993723
32,1,14,16,1.7456940929405391,1.8426413199631497,0.0969472270226106,6.431324089993723
32,1,14,17,1.8426413199631497,1.9432322849752381,0.10059096501208842,6.431324089993723
32,1,14,18,1.9432322849752381,2.0435333739733323,0.1003010889980942,6.431324089993723
32,1,14,19,2.0435333739733323,2.144120587967336,0.10058721399400383,6.431324089993723
32,1,14,20,2.144120587967336,2.2422444329131395,0.09812384494580328,6.431324089993723
32,1,14,21,2.2422444329131395,2.339796386891976,0.09755195397883654,6.431324089993723
32,1,14,22,2.339796386891976,2.4358671529917046,0.09607076609972864,6.431324089993723
32,1,14,23,2.4358671529917046,2.533565790974535,0.0976986379828304,6.431324089993723
32,1,14,24,2.533565790974535,2.6296692109899595,0.09610342001542449,6.431324089993723
32,1,14,25,2.6296692109899595,2.7269554149825126,0.09728620399255306,6.431324089993723
32,1,14,26,2.7269554149825126,2.8265001549152657,0.09954473993275315,6.431324089993723
32,1,14,27,2.8265001549152657,2.9279786779079586,0.10147852299269289,6.431324089993723
32,1,14,28,2.9279786779079586,3.0339247148949653,0.10594603698700666,6.431324089993723
32,1,14,29,3.0339247148949653,3.1364355830010027,0.10251086810603738,6.431324089993723
32,1,14,30,3.1364355830010027,3.2383852530037984,0.10194967000279576,6.431324089993723
32,1,14,31,3.2383852530037984,3.339617202989757,0.10123194998595864,6.431324089993723
32,1,14,32,3.339617202989757,3.4407093599438667,0.10109215695410967,6.431324089993723
32,1,14,33,3.4407093599438667,3.5392134609865025,0.09850410104263574,6.431324089993723
32,1,14,34,3.5392134609865025,3.639919607900083,0.1007061469135806,6.431324089993723
32,1,14,35,3.639919607900083,3.741789422929287,0.10186981502920389,6.431324089993723
32,1,14,36,3.741789422929287,3.844783228938468,0.10299380600918084,6.431324089993723
32,1,14,37,3.844783228938468,3.948173928889446,0.10339069995097816,6.431324089993723
32,1,14,38,3.948173928889446,4.054413254954852,0.1062393260654062,6.431324089993723
32,1,14,39,4.054413254954852,4.156311013968661,0.10189775901380926,6.431324089993723
32,1,14,40,4.156311013968661,4.259403657983057,0.10309264401439577,6.431324089993723
32,1,14,41,4.259403657983057,4.3613429659744725,0.10193930799141526,6.431324089993723
32,1,14,42,4.3613429659744725,4.463969471980818,0.10262650600634515,6.431324089993723
32,1,14,43,4.463969471980818,4.563385473913513,0.09941600193269551,6.431324089993723
32,1,14,44,4.563385473913513,4.666403043898754,0.1030175699852407,6.431324089993723
32,1,14,45,4.666403043898754,4.768081049900502,0.10167800600174814,6.431324089993723
32,1,14,46,4.768081049900502,4.873132303939201,0.10505125403869897,6.431324089993723
32,1,14,47,4.873132303939201,4.977068347972818,0.10393604403361678,6.431324089993723
32,1,14,48,4.977068347972818,5.083784093963914,0.1067157459910959,6.431324089993723
32,1,14,49,5.083784093963914,5.186664283974096,0.10288019001018256,6.431324089993723
32,1,14,50,5.186664283974096,5.291614401969127,0.10495011799503118,6.431324089993723
32,1,14,51,5.291614401969127,5.394175513996743,0.10256111202761531,6.431324089993723
32,1,14,52,5.394175513996743,5.4996487069875,0.10547319299075752,6.431324089993723
32,1,14,53,5.4996487069875,5.600355230970308,0.100706523982808,6.431324089993723
32,1,14,54,5.600355230970308,5.710840252926573,0.11048502195626497,6.431324089993723
32,1,14,55,5.710840252926573,5.826347843976691,0.11550759105011821,6.431324089993723
32,1,14,56,5.826347843976691,5.950133142992854,0.12378529901616275,6.431324089993723
32,1,14,57,5.950133142992854,6.079139121924527,0.12900597893167287,6.431324089993723
32,1,14,58,6.079139121924527,6.212339864927344,0.13320074300281703,6.431324089993723
32,1,14,59,6.212339864927344,6.35422697791364,0.14188711298629642,6.431324089993723
32,1,14,60,6.35422697791364,6.431889806990512,0.07766282907687128,6.431324089993723
32,1,15,1,3.239204499986954,3.3402682619635016,0.10106376197654754,6.431324089993723
32,1,15,2,3.3402682619635016,3.441309941932559,0.10104167996905744,6.431324089993723
32,1,15,3,3.441309941932559,3.5398191729327664,0.09850923100020736,6.431324089993723
32,1,15,4,3.5398191729327664,3.640837219893001,0.10101804696023464,6.431324089993723
32,1,15,5,3.640837219893001,3.7424564469838515,0.10161922709085047,6.431324089993723
32,1,15,6,3.7424564469838515,3.8454531299648806,0.10299668298102915,6.431324089993723
32,1,15,7,3.8454531299648806,3.948919425951317,0.10346629598643631,6.431324089993723
32,1,15,8,3.948919425951317,4.055487101897597,0.10656767594628036,6.431324089993723
32,1,15,9,4.055487101897597,4.157029849942774,0.10154274804517627,6.431324089993723
32,1,15,10,4.157029849942774,4.260423205909319,0.10339335596654564,6.431324089993723
32,1,15,11,4.260423205909319,4.362315642996691,0.10189243708737195,6.431324089993723
32,1,15,12,4.362315642996691,4.464857752900571,0.10254210990387946,6.431324089993723
32,1,15,13,4.464857752900571,4.56419946893584,0.0993417160352692,6.431324089993723
32,1,15,14,4.56419946893584,4.66723424999509,0.10303478105925024,6.431324089993723
32,1,15,15,4.66723424999509,4.768806234933436,0.10157198493834585,6.431324089993723
32,1,15,16,4.768806234933436,4.8743587009375915,0.10555246600415558,6.431324089993723
32,1,15,17,4.8743587009375915,4.977976222988218,0.10361752205062658,6.431324089993723
32,1,15,18,4.977976222988218,5.084834429901093,0.10685820691287518,6.431324089993723
32,1,15,19,5.084834429901093,5.1875656238989905,0.10273119399789721,6.431324089993723
32,1,15,20,5.1875656238989905,5.29283053195104,0.10526490805204958,6.431324089993723
32,1,15,21,5.29283053195104,5.395231366972439,0.10240083502139896,6.431324089993723
32,1,15,22,5.395231366972439,5.500927685992792,0.10569631902035326,6.431324089993723
32,1,15,23,5.500927685992792,5.601434179930948,0.10050649393815547,6.431324089993723
32,1,15,24,5.601434179930948,5.7118528339779004,0.11041865404695272,6.431324089993723
32,1,15,25,5.7118528339779004,5.8273786989739165,0.11552586499601603,6.431324089993723
32,1,15,26,5.8273786989739165,5.951105435960926,0.12372673698700964,6.431324089993723
32,1,15,27,5.951105435960926,6.080103235901333,0.12899779994040728,6.431324089993723
32,1,15,28,6.080103235901333,6.213356536929496,0.13325330102816224,6.431324089993723
32,1,15,29,6.213356536929496,6.355286905891262,0.14193036896176636,6.431324089993723
32,1,15,30,6.355286905891262,6.433279818971641,0.07799291308037937,6.431324089993723
32,1,16,8,-0.08772970002610236,0.01973238994833082,0.10746208997443318,6.431324089993723
32,1,16,9,0.01973238994833082,0.11608556692954153,0.09635317698121071,6.431324089993723
32,1,16,10,0.11608556692954153,0.21204548992682248,0.09595992299728096,6.431324089993723
32,1,16,11,0.21204548992682248,0.30716282094363123,0.09511733101680875,6.431324089993723
32,1,16,12,0.30716282094363123,0.40195903391577303,0.0947962129721418,6.431324089993723
32,1,16,13,0.40195903391577303,0.4945373849477619,0.09257835103198886,6.431324089993723
32,1,16,14,0.4945373849477619,0.5903269919799641,0.09578960703220218,6.431324089993723
32,1,16,15,0.5903269919799641,0.6826935569988564,0.09236656501889229,6.431324089993723
32,1,16,16,0.6826935569988564,0.7778830179013312,0.09518946090247482,6.431324089993723
32,1,16,17,0.7778830179013312,0.8735167939448729,0.09563377604354173,6.431324089993723
32,1,16,18,0.8735167939448729,0.975962093914859,0.10244529996998608,6.431324089993723
32,1,16,19,0.975962093914859,1.074961345992051,0.09899925207719207,6.431324089993723
32,1,16,20,1.074961345992051,1.174531604978256,0.09957025898620486,6.431324089993723
32,1,16,21,1.174531604978256,1.2712990769650787,0.09676747198682278,6.431324089993723
32,1,16,22,1.2712990769650787,1.3661920889280736,0.09489301196299493,6.431324089993723
32,1,16,23,1.3661920889280736,1.4605052449041978,0.09431315597612411,6.431324089993723
32,1,16,24,1.4605052449041978,1.5554673329461366,0.09496208804193884,6.431324089993723
32,1,16,25,1.5554673329461366,1.6499530909350142,0.0944857579888776,6.431324089993723
32,1,16,26,1.6499530909350142,1.7460253579774871,0.09607226704247296,6.431324089993723
32,1,16,27,1.7460253579774871,1.8432742808945477,0.09724892291706055,6.431324089993723
32,1,16,28,1.8432742808945477,1.9435380989452824,0.1002638180507347,6.431324089993723
32,1,16,29,1.9435380989452824,2.0438317708903924,0.10029367194510996,6.431324089993723
32,1,16,30,2.0438317708903924,2.1444360559107736,0.10060428502038121,6.431324089993723
32,1,16,31,2.1444360559107736,2.2428110279142857,0.09837497200351208,6.431324089993723
32,1,16,32,2.2428110279142857,2.3401214629411697,0.09731043502688408,6.431324089993723
32,1,16,33,2.3401214629411697,2.4364479299401864,0.0963264669990167,6.431324089993723
32,1,16,34,2.4364479299401864,2.5339602699968964,0.09751234005670995,6.431324089993723
32,1,16,35,2.5339602699968964,2.6300783189944923,0.0961180489975959,6.431324089993723
32,1,16,36,2.6300783189944923,2.7273848039330915,0.09730648493859917,6.431324089993723
32,1,16,37,2.7273848039330915,2.826768190949224,0.09938338701613247,6.431324089993723
32,1,16,38,2.826768190949224,2.928223177907057,0.10145498695783317,6.431324089993723
32,1,16,39,2.928223177907057,3.034165052929893,0.10594187502283603,6.431324089993723
32,1,16,40,3.034165052929893,3.136687572929077,0.10252251999918371,6.431324089993723
32,1,16,41,3.136687572929077,3.2386279909405857,0.10194041801150888,6.431324089993723
32,1,16,42,3.2386279909405857,3.3398636089405045,0.10123561799991876,6.431324089993723
32,1,16,43,3.3398636089405045,3.440941954962909,0.10107834602240473,6.431324089993723
32,1,16,44,3.440941954962909,3.539446330978535,0.0985043760156259,6.431324089993723
32,1,16,45,3.539446330978535,3.6404482619836926,0.10100193100515753,6.431324089993723
32,1,16,46,3.6404482619836926,3.7420895099639893,0.10164124798029661,6.431324089993723
32,1,16,47,3.7420895099639893,3.845067848917097,0.1029783389531076,6.431324089993723
32,1,16,48,3.845067848917097,3.94852755300235,0.10345970408525318,6.431324089993723
32,1,16,49,3.94852755300235,4.055056325974874,0.10652877297252417,6.431324089993723
32,1,16,50,4.055056325974874,4.156663230969571,0.10160690499469638,6.431324089993723
32,1,16,51,4.156663230969571,4.259804206900299,0.10314097593072802,6.431324089993723
32,1,16,52,4.259804206900299,4.361811655922793,0.10200744902249426,6.431324089993723
32,1,16,53,4.361811655922793,4.464405598002486,0.10259394207969308,6.431324089993723
32,1,16,54,4.464405598002486,4.563788792002015,0.09938319399952888,6.431324089993723
32,1,16,55,4.563788792002015,4.666826754924841,0.10303796292282641,6.431324089993723
32,1,16,56,4.666826754924841,4.768397276988253,0.10157052206341177,6.431324089993723
32,1,16,57,4.768397276988253,4.873514476930723,0.1051171999424696,6.431324089993723
32,1,16,58,4.873514476930723,4.977427245932631,0.1039127690019086,6.431324089993723
32,1,16,59,4.977427245932631,5.08410723193083,0.10667998599819839,6.431324089993723
32,1,16,60,5.08410723193083,5.187067761900835,0.10296052997000515,6.431324089993723
32,1,16,61,5.187067761900835,5.2920418289722875,0.10497406707145274,6.431324089993723
32,1,16,62,5.2920418289722875,5.394641558988951,0.10259973001666367,6.431324089993723
32,1,16,63,5.394641558988951,5.500279771978967,0.10563821299001575,6.431324089993723
32,1,16,64,5.500279771978967,5.6008859479334205,0.10060617595445365,6.431324089993723
32,1,16,65,5.6008859479334205,5.711225682985969,0.11033973505254835,6.431324089993723
32,1,16,66,5.711225682985969,5.826765907928348,0.1155402249423787,6.431324089993723
32,1,16,67,5.826765907928348,5.950524498941377,0.12375859101302922,6.431324089993723
32,1,16,68,5.950524498941377,6.07950334798079,0.12897884903941303,6.431324089993723
32,1,16,69,6.07950334798079,6.212805925984867,0.13330257800407708,6.431324089993723
32,1,16,70,6.212805925984867,6.354656494921073,0.1418505689362064,6.431324089993723
32,1,16,71,6.354656494921073,6.432279082946479,0.077622588025406,6.431324089993723
32,1,17,1,1.6498494249535725,1.7458588079316542,0.0960093829780817,6.431324089993723
32,1,17,2,1.7458588079316542,1.8431687609991059,0.09730995306745172,6.431324089993723
32,1,17,3,1.8431687609991059,1.9434345168992877,0.10026575590018183,6.431324089993723
32,1,17,4,1.9434345168992877,2.0437252229312435,0.10029070603195578,6.431324089993723
32,1,17,5,2.0437252229312435,2.1442856549983844,0.10056043206714094,6.431324089993723
32,1,17,6,2.1442856549983844,2.2424167819553986,0.0981311269570142,6.431324089993723
32,1,17,7,2.2424167819553986,2.3399532069452107,0.09753642498981208,6.431324089993723
32,1,17,8,2.3399532069452107,2.436306038987823,0.09635283204261214,6.431324089993723
32,1,17,9,2.436306038987823,2.5338117209030315,0.0975056819152087,6.431324089993723
32,1,17,10,2.5338117209030315,2.629877836909145,0.09606611600611359,6.431324089993723
32,1,17,11,2.629877836909145,2.7271724309539422,0.09729459404479712,6.431324089993723
32,1,17,12,2.7271724309539422,2.8259696399327368,0.09879720897879452,6.431324089993723
32,1,17,13,2.8259696399327368,2.9274577309843153,0.10148809105157852,6.431324089993723
32,1,17,14,2.9274577309843153,3.032621472957544,0.10516374197322875,6.431324089993723
32,1,17,15,3.032621472957544,3.1359397689811885,0.1033182960236445,6.431324089993723
32,1,17,16,3.1359397689811885,3.2378936329623684,0.10195386398117989,6.431324089993723
32,1,17,17,3.2378936329623684,3.339093282003887,0.10119964904151857,6.431324089993723
32,1,17,18,3.339093282003887,3.439903414924629,0.10081013292074203,6.431324089993723
32,1,17,19,3.439903414924629,3.5386300159152597,0.09872660099063069,6.431324089993723
32,1,17,20,3.5386300159152597,3.6393259218893945,0.1006959059741348,6.431324089993723
32,1,17,21,3.6393259218893945,3.7412317129783332,0.10190579108893871,6.431324089993723
32,1,17,22,3.7412317129783332,3.8439442389644682,0.102712525986135,6.431324089993723
32,1,17,23,3.8439442389644682,3.947633097996004,0.10368885903153569,6.431324089993723
32,1,17,24,3.947633097996004,4.053711141925305,0.1060780439293012,6.431324089993723
32,1,17,25,4.053711141925305,4.155705718905665,0.10199457698035985,6.431324089993723
32,1,17,26,4.155705718905665,4.2589882999891415,0.10328258108347654,6.431324089993723
32,1,17,27,4.2589882999891415,4.360849592951126,0.10186129296198487,6.431324089993723
32,1,17,28,4.360849592951126,4.463174386997707,0.10232479404658079,6.431324089993723
32,1,17,29,4.463174386997707,4.562901912955567,0.09972752595786005,6.431324089993723
32,1,17,30,4.562901912955567,4.665956019889563,0.10305410693399608,6.431324089993723
32,1,17,31,4.665956019889563,4.767526142997667,0.10157012310810387,6.431324089993723
32,1,17,32,4.767526142997667,4.87244597193785,0.10491982894018292,6.431324089993723
32,1,17,33,4.87244597193785,4.976436695898883,0.10399072396103293,6.431324089993723
32,1,17,34,4.976436695898883,5.0831847849767655,0.10674808907788247,6.431324089993723
32,1,17,35,5.0831847849767655,5.186234241002239,0.10304945602547377,6.431324089993723
32,1,17,36,5.186234241002239,5.291161998989992,0.10492775798775256,6.431324089993723
32,1,17,37,5.291161998989992,5.393730255891569,0.10256825690157712,6.431324089993723
32,1,17,38,5.393730255891569,5.499006194993854,0.10527593910228461,6.431324089993723
32,1,17,39,5.499006194993854,5.599911633995362,0.10090543900150806,6.431324089993723
32,1,17,40,5.599911633995362,5.710341431898996,0.11042979790363461,6.431324089993723
32,1,17,41,5.710341431898996,5.825690472964197,0.11534904106520116,6.431324089993723
32,1,17,42,5.825690472964197,5.949503680923954,0.12381320795975626,6.431324089993723
32,1,17,43,5.949503680923954,6.078713840921409,0.12921015999745578,6.431324089993723
32,1,17,44,6.078713840921409,6.2118987729772925,0.1331849320558831,6.431324089993723
32,1,17,45,6.2118987729772925,6.353537332965061,0.14163855998776853,6.431324089993723
32,1,17,46,6.353537332965061,6.4300423508975655,0.07650501793250442,6.431324089993723
32,1,17,47,6.4300423508975655,6.438501372002065,0.008459021104499698,6.431324089993723
32,1,18,1,0.6831201249733567,0.7781290989369154,0.09500897396355867,6.431324089993723
32,1,18,2,0.7781290989369154,0.8740206599468365,0.09589156100992113,6.431324089993723
32,1,18,3,0.8740206599468365,0.9762479609344155,0.10222730098757893,6.431324089993723
32,1,18,4,0.9762479609344155,1.0752022649394348,0.09895430400501937,6.431324089993723
32,1,18,5,1.0752022649394348,1.1747772808885202,0.09957501594908535,6.431324089993723
32,1,18,6,1.1747772808885202,1.2718513919971883,0.09707411110866815,6.431324089993723
32,1,18,7,1.2718513919971883,1.3665047569666058,0.09465336496941745,6.431324089993723
32,1,18,8,1.3665047569666058,1.460809001000598,0.09430424403399229,6.431324089993723
32,1,18,9,1.460809001000598,1.5557598179439083,0.0949508169433102,6.431324089993723
32,1,18,10,1.5557598179439083,1.6502536319894716,0.09449381404556334,6.431324089993723
32,1,18,11,1.6502536319894716,1.746351939975284,0.09609830798581243,6.431324089993723
32,1,18,12,1.746351939975284,1.843564869952388,0.09721292997710407,6.431324089993723
32,1,18,13,1.843564869952388,1.9438755869632587,0.10031071701087058,6.431324089993723
32,1,18,14,1.9438755869632587,2.044502543983981,0.10062695702072233,6.431324089993723
32,1,18,15,2.044502543983981,2.1448172609088942,0.10031471692491323,6.431324089993723
32,1,18,16,2.1448172609088942,2.2431669239886105,0.09834966307971627,6.431324089993723
32,1,18,17,2.2431669239886105,2.34044316096697,0.09727623697835952,6.431324089993723
32,1,18,18,2.34044316096697,2.436821874929592,0.09637871396262199,6.431324089993723
32,1,18,19,2.436821874929592,2.534293434000574,0.09747155907098204,6.431324089993723
32,1,18,20,2.534293434000574,2.630690943915397,0.09639750991482288,6.431324089993723
32,1,18,21,2.630690943915397,2.727815853897482,0.09712490998208523,6.431324089993723
32,1,18,22,2.727815853897482,2.827269621891901,0.09945376799441874,6.431324089993723
32,1,18,23,2.827269621891901,2.928491405909881,0.1012217840179801,6.431324089993723
32,1,18,24,2.928491405909881,3.034397517913021,0.10590611200314015,6.431324089993723
32,1,18,25,3.034397517913021,3.1369287099223584,0.10253119200933725,6.431324089993723
32,1,18,26,3.1369287099223584,3.23886058293283,0.10193187301047146,6.431324089993723
32,1,18,27,3.23886058293283,3.3401053589768708,0.10124477604404092,6.431324089993723
32,1,18,28,3.3401053589768708,3.4411723219091073,0.10106696293223649,6.431324089993723
32,1,18,29,3.4411723219091073,3.5396826149662957,0.09851029305718839,6.431324089993723
32,1,18,30,3.5396826149662957,3.6406949339434505,0.10101231897715479,6.431324089993723
32,1,18,31,3.6406949339434505,3.7423202788922936,0.10162534494884312,6.431324089993723
32,1,18,32,3.7423202788922936,3.845309824915603,0.10298954602330923,6.431324089993723
32,1,18,33,3.845309824915603,3.9487752659479156,0.10346544103231281,6.431324089993723
32,1,18,34,3.9487752659479156,4.055324099957943,0.10654883401002735,6.431324089993723
32,1,18,35,4.055324099957943,4.156893286970444,0.10156918701250106,6.431324089993723
32,1,18,36,4.156893286970444,4.26029229699634,0.10339901002589613,6.431324089993723
32,1,18,37,4.26029229699634,4.362151105888188,0.10185880889184773,6.431324089993723
32,1,18,38,4.362151105888188,4.464711859938689,0.10256075405050069,6.431324089993723
32,1,18,39,4.464711859938689,4.564069255953655,0.09935739601496607,6.431324089993723
32,1,18,40,4.564069255953655,4.66709990799427,0.10303065204061568,6.431324089993723
32,1,18,41,4.66709990799427,4.7686736159957945,0.10157370800152421,6.431324089993723
32,1,18,42,4.7686736159957945,4.873849605908617,0.10517598991282284,6.431324089993723
32,1,18,43,4.873849605908617,4.977739263908006,0.10388965799938887,6.431324089993723
32,1,18,44,4.977739263908006,5.084381441003643,0.10664217709563673,6.431324089993723
32,1,18,45,5.084381441003643,5.187326766899787,0.10294532589614391,6.431324089993723
32,1,18,46,5.187326766899787,5.292595597915351,0.1052688310155645,6.431324089993723
32,1,18,47,5.292595597915351,5.394990378990769,0.102394781075418,6.431324089993723
32,1,18,48,5.394990378990769,5.500687282998115,0.10569690400734544,6.431324089993723
32,1,18,49,5.500687282998115,5.601209981949069,0.10052269895095378,6.431324089993723
32,1,18,50,5.601209981949069,5.711625981959514,0.11041600001044571,6.431324089993723
32,1,18,51,5.711625981959514,5.827122583985329,0.11549660202581435,6.431324089993723
32,1,18,52,5.827122583985329,5.950869136955589,0.12374655297026038,6.431324089993723
32,1,18,53,5.950869136955589,6.079835080890916,0.12896594393532723,6.431324089993723
32,1,18,54,6.079835080890916,6.2131317829480395,0.13329670205712318,6.431324089993723
32,1,18,55,6.2131317829480395,6.355025714961812,0.14189393201377243,6.431324089993723
32,1,18,56,6.355025714961812,6.433025222970173,0.07799950800836086,6.431324089993723
32,1,19,1,0.4949619269464165,0.5905344559578225,0.095572529011406,6.431324089993723
32,1,19,2,0.5905344559578225,0.6828446639701724,0.0923102080123499,6.431324089993723
32,1,19,3,0.6828446639701724,0.7780472509330139,0.09520258696284145,6.431324089993723
32,1,19,4,0.7780472509330139,0.8736808539833874,0.0956336030503735,6.431324089993723
32,1,19,5,0.8736808539833874,0.9761156279128045,0.10243477392941713,6.431324089993723
32,1,19,6,0.9761156279128045,1.0751052609412,0.09898963302839547,6.431324089993723
32,1,19,7,1.0751052609412,1.1746853339718655,0.09958007303066552,6.431324089993723
32,1,19,8,1.1746853339718655,1.2714506449410692,0.09676531096920371,6.431324089993723
32,1,19,9,1.2714506449410692,1.3663370079593733,0.09488636301830411,6.431324089993723
32,1,19,10,1.3663370079593733,1.460664142970927,0.09432713501155376,6.431324089993723
32,1,19,11,1.460664142970927,1.5556189029011875,0.09495475993026048,6.431324089993723
32,1,19,12,1.5556189029011875,1.6501184789231047,0.09449957602191716,6.431324089993723
32,1,19,13,1.6501184789231047,1.7461946309776977,0.09607615205459297,6.431324089993723
32,1,19,14,1.7461946309776977,1.8434223049553111,0.09722767397761345,6.431324089993723
32,1,19,15,1.8434223049553111,1.943726701894775,0.10030439693946391,6.431324089993723
32,1,19,16,1.943726701894775,2.0440270169638097,0.1003003150690347,6.431324089993723
32,1,19,17,2.0440270169638097,2.1445887919981033,0.10056177503429353,6.431324089993723
32,1,19,18,2.1445887919981033,2.2429535599658266,0.09836476796772331,6.431324089993723
32,1,19,19,2.2429535599658266,2.340259348973632,0.09730578900780529,6.431324089993723
32,1,19,20,2.340259348973632,2.4366397509584203,0.09638040198478848,6.431324089993723
32,1,19,21,2.4366397509584203,2.5341045348905027,0.09746478393208236,6.431324089993723
32,1,19,22,2.5341045348905027,2.630498400889337,0.09639386599883437,6.431324089993723
32,1,19,23,2.630498400889337,2.7276229759445414,0.09712457505520433,6.431324089993723
32,1,19,24,2.7276229759445414,2.826255808933638,0.09863283298909664,6.431324089993723
32,1,19,25,2.826255808933638,2.92774685297627,0.10149104404263198,6.431324089993723
32,1,19,26,2.92774685297627,3.0328916739672422,0.10514482099097222,6.431324089993723
32,1,19,27,3.0328916739672422,3.136201675981283,0.10331000201404095,6.431324089993723
32,1,19,28,3.136201675981283,3.2381559289060533,0.10195425292477012,6.431324089993723
32,1,19,29,3.2381559289060533,3.3393722259206697,0.10121629701461643,6.431324089993723
32,1,19,30,3.3393722259206697,3.4405565049964935,0.10118427907582372,6.431324089993723
32,1,19,31,3.4405565049964935,3.538985599996522,0.09842909500002861,6.431324089993723
32,1,19,32,3.538985599996522,3.6396717239404097,0.10068612394388765,6.431324089993723
32,1,19,33,3.6396717239404097,3.7415575279155746,0.10188580397516489,6.431324089993723
32,1,19,34,3.7415575279155746,3.8442777829477564,0.10272025503218174,6.431324089993723
32,1,19,35,3.8442777829477564,3.947953269002028,0.10367548605427146,6.431324089993723
32,1,19,36,3.947953269002028,4.054185917950235,0.1062326489482075,6.431324089993723
32,1,19,37,4.054185917950235,4.156024113995954,0.10183819604571909,6.431324089993723
32,1,19,38,4.156024113995954,4.25922027695924,0.10319616296328604,6.431324089993723
32,1,19,39,4.25922027695924,4.361126416944899,0.10190613998565823,6.431324089993723
32,1,19,40,4.361126416944899,4.463765268912539,0.10263885196764022,6.431324089993723
32,1,19,41,4.463765268912539,4.563203682890162,0.09943841397762299,6.431324089993723
32,1,19,42,4.563203682890162,4.666212569922209,0.10300888703204691,6.431324089993723
32,1,19,43,4.666212569922209,4.767898361897096,0.10168579197488725,6.431324089993723
32,1,19,44,4.767898361897096,4.872906403965317,0.10500804206822067,6.431324089993723
32,1,19,45,4.872906403965317,4.97685392096173,0.10394751699641347,6.431324089993723
32,1,19,46,4.97685392096173,5.083579762955196,0.10672584199346602,6.431324089993723
32,1,19,47,5.083579762955196,5.186474172980525,0.1028944100253284,6.431324089993723
32,1,19,48,5.186474172980525,5.291415582993068,0.1049414100125432,6.431324089993723
32,1,19,49,5.291415582993068,5.393983586924151,0.10256800393108279,6.431324089993723
32,1,19,50,5.393983586924151,5.499435323989019,0.10545173706486821,6.431324089993723
32,1,19,51,5.499435323989019,5.600160989910364,0.10072566592134535,6.431324089993723
32,1,19,52,5.600160989910364,5.710635225987062,0.11047423607669771,6.431324089993723
32,1,19,53,5.710635225987062,5.826137835974805,0.1155026099877432,6.431324089993723
32,1,19,54,5.826137835974805,5.949934628908522,0.12379679293371737,6.431324089993723
32,1,19,55,5.949934628908522,6.078952100942843,0.12901747203432024,6.431324089993723
32,1,19,56,6.078952100942843,6.2121479149209335,0.13319581397809088,6.431324089993723
32,1,19,57,6.2121479149209335,6.354008164955303,0.14186025003436953,6.431324089993723
32,1,19,58,6.354008164955303,6.430297604994848,0.0762894400395453,6.431324089993723
32,1,19,59,6.430297604994848,6.4387623278889805,0.008464722894132137,6.431324089993723
32,1,20,1,3.844537286902778,3.948024625889957,0.1034873389871791,6.431324089993723
32,1,20,2,3.948024625889957,4.054244389990345,0.10621976410038769,6.431324089993723
32,1,20,3,4.054244389990345,4.156165640917607,0.10192125092726201,6.431324089993723
32,1,20,4,4.156165640917607,4.259266512002796,0.10310087108518928,6.431324089993723
32,1,20,5,4.259266512002796,4.361181168933399,0.10191465693060309,6.431324089993723
32,1,20,6,4.361181168933399,4.463815084891394,0.10263391595799476,6.431324089993723
32,1,20,7,4.463815084891394,4.563248874968849,0.09943379007745534,6.431324089993723
32,1,20,8,4.563248874968849,4.666260180994868,0.10301130602601916,6.431324089993723
32,1,20,9,4.666260180994868,4.767943527898751,0.10168334690388292,6.431324089993723
32,1,20,10,4.767943527898751,4.872960777953267,0.1050172500545159,6.431324089993723
32,1,20,11,4.872960777953267,4.976907278993167,0.10394650103989989,6.431324089993723
32,1,20,12,4.976907278993167,5.083636964904144,0.10672968591097742,6.431324089993723
32,1,20,13,5.083636964904144,5.186519664945081,0.10288270004093647,6.431324089993723
32,1,20,14,5.186519664945081,5.291463074972853,0.10494341002777219,6.431324089993723
32,1,20,15,5.291463074972853,5.39403132989537,0.10256825492251664,6.431324089993723
32,1,20,16,5.39403132989537,5.49948585499078,0.10545452509541065,6.431324089993723
32,1,20,17,5.49948585499078,5.600209111929871,0.10072325693909079,6.431324089993723
32,1,20,18,5.600209111929871,5.7106858839979395,0.11047677206806839,6.431324089993723
32,1,20,19,5.7106858839979395,5.826190662919544,0.11550477892160416,6.431324089993723
32,1,20,20,5.826190662919544,5.949983526952565,0.12379286403302103,6.431324089993723
32,1,20,21,5.949983526952565,6.078999985940754,0.1290164589881897,6.431324089993723
32,1,20,22,6.078999985940754,6.212193816900253,0.13319383095949888,6.431324089993723
32,1,20,23,6.212193816900253,6.354064053972252,0.14187023707199842,6.431324089993723
32,1,20,24,6.354064053972252,6.430347221903503,0.07628316793125123,6.431324089993723
32,1,20,25,6.430347221903503,6.438811226980761,0.008464005077257752,6.431324089993723
32,1,21,1,0.11600953689776361,0.21198581298813224,0.09597627609036863,6.431324089993723
32,1,21,2,0.21198581298813224,0.30711251392494887,0.09512670093681663,6.431324089993723
32,1,21,3,0.30711251392494887,0.4019067509798333,0.09479423705488443,6.431324089993723
32,1,21,4,0.4019067509798333,0.4944801978999749,0.09257344692014158,6.431324089993723
32,1,21,5,0.4944801978999749,0.590277231996879,0.0957970340969041,6.431324089993723
32,1,21,6,0.590277231996879,0.6826395359821618,0.09236230398528278,6.431324089993723
32,1,21,7,0.6826395359821618,0.7778254059376195,0.09518586995545775,6.431324089993723
32,1,21,8,0.7778254059376195,0.8734634309075773,0.09563802496995777,6.431324089993723
32,1,21,9,0.8734634309075773,0.975909064989537,0.10244563408195972,6.431324089993723
32,1,21,10,0.975909064989537,1.0749115109210834,0.09900244593154639,6.431324089993723
32,1,21,11,1.0749115109210834,1.1744818378938362,0.09957032697275281,6.431324089993723
32,1,21,12,1.1744818378938362,1.27124535292387,0.09676351503003389,6.431324089993723
32,1,21,13,1.27124535292387,1.3661427169572562,0.09489736403338611,6.431324089993723
32,1,21,14,1.3661427169572562,1.4604503519367427,0.09430763497948647,6.431324089993723
32,1,21,15,1.4604503519367427,1.5554167239461094,0.09496637200936675,6.431324089993723
32,1,21,16,1.5554167239461094,1.6499056000029668,0.09448887605685741,6.431324089993723
32,1,21,17,1.6499056000029668,1.74592070793733,0.09601510793436319,6.431324089993723
32,1,21,18,1.74592070793733,1.8432234169449657,0.09730270900763571,6.431324089993723
32,1,21,19,1.8432234169449657,1.9434861899353564,0.10026277299039066,6.431324089993723
32,1,21,20,1.9434861899353564,2.0437782859662548,0.10029209603089839,6.431324089993723
32,1,21,21,2.0437782859662548,2.1443353389622644,0.10055705299600959,6.431324089993723
32,1,21,22,2.1443353389622644,2.2424640969838947,0.09812875802163035,6.431324089993723
32,1,21,23,2.2424640969838947,2.339999534888193,0.0975354379042983,6.431324089993723
32,1,21,24,2.339999534888193,2.4363547730026767,0.09635523811448365,6.431324089993723
32,1,21,25,2.4363547730026767,2.5338632279308513,0.09750845492817461,6.431324089993723
32,1,21,26,2.5338632279308513,2.6299244259716943,0.09606119804084301,6.431324089993723
32,1,21,27,2.6299244259716943,2.727222056942992,0.09729763097129762,6.431324089993723
32,1,21,28,2.727222056942992,2.827319939970039,0.10009788302704692,6.431324089993723
32,1,21,29,2.827319939970039,2.9285384049871936,0.10121846501715481,6.431324089993723
32,1,21,30,2.9285384049871936,3.034444727934897,0.1059063229477033,6.431324089993723
32,1,21,31,3.034444727934897,3.136977156973444,0.10253242903854698,6.431324089993723
32,1,21,32,3.136977156973444,3.238906283979304,0.10192912700586021,6.431324089993723
32,1,21,33,3.238906283979304,3.3401513209100813,0.10124503693077713,6.431324089993723
32,1,21,34,3.3401513209100813,3.4412176399491727,0.10106631903909147,6.431324089993723
32,1,21,35,3.4412176399491727,3.5397282829508185,0.0985106430016458,6.431324089993723
32,1,21,36,3.5397282829508185,3.640741918934509,0.10101363598369062,6.431324089993723
32,1,21,37,3.640741918934509,3.74236628098879,0.10162436205428094,6.431324089993723
32,1,21,38,3.74236628098879,3.8453583508962765,0.10299206990748644,6.431324089993723
32,1,21,39,3.8453583508962765,3.9488221259089187,0.10346377501264215,6.431324089993723
32,1,21,40,3.9488221259089187,4.055378491990268,0.10655636608134955,6.431324089993723
32,1,21,41,4.055378491990268,4.1569379839347675,0.10155949194449931,6.431324089993723
32,1,21,42,4.1569379839347675,4.260335450991988,0.10339746705722064,6.431324089993723
32,1,21,43,4.260335450991988,4.362206967896782,0.10187151690479368,6.431324089993723
32,1,21,44,4.362206967896782,4.46476059500128,0.10255362710449845,6.431324089993723
32,1,21,45,4.46476059500128,4.564111899933778,0.09935130493249744,6.431324089993723
32,1,21,46,4.564111899933778,4.667144698905759,0.10303279897198081,6.431324089993723
32,1,21,47,4.667144698905759,4.76871927594766,0.10157457704190165,6.431324089993723
32,1,21,48,4.76871927594766,4.87424746400211,0.10552818805444986,6.431324089993723
32,1,21,49,4.87424746400211,4.977871862938628,0.10362439893651754,6.431324089993723
32,1,21,50,4.977871862938628,5.0844733929261565,0.10660152998752892,6.431324089993723
32,1,21,51,5.0844733929261565,5.187412994913757,0.10293960198760033,6.431324089993723
32,1,21,52,5.187412994913757,5.292691240902059,0.10527824598830193,6.431324089993723
32,1,21,53,5.292691240902059,5.395087072975002,0.10239583207294345,6.431324089993723
32,1,21,54,5.395087072975002,5.500786917982623,0.10569984500762075,6.431324089993723
32,1,21,55,5.500786917982623,5.60130091290921,0.10051399492658675,6.431324089993723
32,1,21,56,5.60130091290921,5.7117192229488865,0.11041831003967673,6.431324089993723
32,1,21,57,5.7117192229488865,5.827224499895237,0.11550527694635093,6.431324089993723
32,1,21,58,5.827224499895237,5.950964429997839,0.12373993010260165,6.431324089993723
32,1,21,59,5.950964429997839,6.0799255119636655,0.12896108196582645,6.431324089993723
32,1,21,60,6.0799255119636655,6.213222065940499,0.13329655397683382,6.431324089993723
32,1,21,61,6.213222065940499,6.355130815994926,0.1419087500544265,6.431324089993723
32,1,21,62,6.355130815994926,6.433124084956944,0.07799326896201819,6.431324089993723
32,1,22,1,4.054881336982362,4.156517194933258,0.10163585795089602,6.431324089993723
32,1,22,2,4.156517194933258,4.259580198908225,0.1030630039749667,6.431324089993723
32,1,22,3,4.259580198908225,4.361545566935092,0.10196536802686751,6.431324089993723
32,1,22,4,4.361545566935092,4.464258314925246,0.10271274799015373,6.431324089993723
32,1,22,5,4.464258314925246,4.563647852977738,0.09938953805249184,6.431324089993723
32,1,22,6,4.563647852977738,4.666689352947287,0.10304149996954948,6.431324089993723
32,1,22,7,4.666689352947287,4.768262013909407,0.1015726609621197,6.431324089993723
32,1,22,8,4.768262013909407,4.873349142959341,0.10508712904993445,6.431324089993723
32,1,22,9,4.873349142959341,4.977274303906597,0.10392516094725579,6.431324089993723
32,1,22,10,4.977274303906597,5.083970300969668,0.10669599706307054,6.431324089993723
32,1,22,11,5.083970300969668,5.186932447948493,0.10296214697882533,6.431324089993723
32,1,22,12,5.186932447948493,5.291899304953404,0.10496685700491071,6.431324089993723
32,1,22,13,5.291899304953404,5.394493066938594,0.10259376198519021,6.431324089993723
32,1,22,14,5.394493066938594,5.4998454209417105,0.10535235400311649,6.431324089993723
32,1,22,15,5.4998454209417105,5.600556140998378,0.10071072005666792,6.431324089993723
32,1,22,16,5.600556140998378,5.711030793958344,0.11047465295996517,6.431324089993723
32,1,22,17,5.711030793958344,5.826554738916457,0.11552394495811313,6.431324089993723
32,1,22,18,5.826554738916457,5.950325137935579,0.12377039901912212,6.431324089993723
32,1,22,19,5.950325137935579,6.079317530966364,0.12899239303078502,6.431324089993723
32,1,22,20,6.079317530966364,6.212527536903508,0.13321000593714416,6.431324089993723
32,1,22,21,6.212527536903508,6.3544399288948625,0.14191239199135453,6.431324089993723
32,1,22,22,6.3544399288948625,6.432087344001047,0.07764741510618478,6.431324089993723
32,1,23,1,0.8739567319862545,0.9761908398941159,0.10223410790786147,6.431324089993723
32,1,23,2,0.9761908398941159,1.0751536979805678,0.09896285808645189,6.431324089993723
32,1,23,3,1.0751536979805678,1.1747320079011843,0.09957830992061645,6.431324089993723
32,1,23,4,1.1747320079011843,1.271801852970384,0.0970698450691998,6.431324089993723
32,1,23,5,1.271801852970384,1.3664585169171914,0.09465666394680738,6.431324089993723
32,1,23,6,1.3664585169171914,1.4607614709530026,0.09430295403581113,6.431324089993723
32,1,23,7,1.4607614709530026,1.5557146829087287,0.09495321195572615,6.431324089993723
32,1,23,8,1.5557146829087287,1.650208743987605,0.09449406107887626,6.431324089993723
32,1,23,9,1.650208743987605,1.7462996989488602,0.09609095496125519,6.431324089993723
32,1,23,10,1.7462996989488602,1.843517749919556,0.09721805097069591,6.431324089993723
32,1,23,11,1.843517749919556,1.9438263969495893,0.10030864703003317,6.431324089993723
32,1,23,12,1.9438263969495893,2.0444504529004917,0.1006240559509024,6.431324089993723
32,1,23,13,2.0444504529004917,2.1447694689268246,0.10031901602633297,6.431324089993723
32,1,23,14,2.1447694689268246,2.2431179449195042,0.0983484759926796,6.431324089993723
32,1,23,15,2.2431179449195042,2.340397726977244,0.0972797820577398,6.431324089993723
32,1,23,16,2.340397726977244,2.4367774329148233,0.09637970593757927,6.431324089993723
32,1,23,17,2.4367774329148233,2.534247154952027,0.09746972203720361,6.431324089993723
32,1,23,18,2.534247154952027,2.630647441954352,0.09640028700232506,6.431324089993723
32,1,23,19,2.630647441954352,2.727768925949931,0.09712148399557918,6.431324089993723
32,1,23,20,2.727768925949931,2.826311790966429,0.09854286501649767,6.431324089993723
32,1,23,21,2.826311790966429,2.927796264993958,0.10148447402752936,6.431324089993723
32,1,23,22,2.927796264993958,3.033022987889126,0.10522672289516777,6.431324089993723
32,1,23,23,3.033022987889126,3.1363294429611415,0.10330645507201552,6.431324089993723
32,1,23,24,3.1363294429611415,3.2382040469674394,0.10187460400629789,6.431324089993723
32,1,23,25,3.2382040469674394,3.3394245399395004,0.10122049297206104,6.431324089993723
32,1,23,26,3.3394245399395004,3.4406123579246923,0.10118781798519194,6.431324089993723
32,1,23,27,3.4406123579246923,3.539111822959967,0.09849946503527462,6.431324089993723
32,1,23,28,3.539111822959967,3.6398129089502618,0.10070108599029481,6.431324089993723
32,1,23,29,3.6398129089502618,3.741691942908801,0.10187903395853937,6.431324089993723
32,1,23,30,3.741691942908801,3.84459287696518,0.1029009340563789,6.431324089993723
32,1,23,31,3.84459287696518,3.948074001003988,0.10348112403880805,6.431324089993723
32,1,23,32,3.948074001003988,4.054300113930367,0.10622611292637885,6.431324089993723
32,1,23,33,4.054300113930367,4.156215512892231,0.10191539896186441,6.431324089993723
32,1,23,34,4.156215512892231,4.259311417932622,0.10309590504039079,6.431324089993723
32,1,23,35,4.259311417932622,4.361235807999037,0.10192439006641507,6.431324089993723
32,1,23,36,4.361235807999037,4.463866750942543,0.10263094294350594,6.431324089993723
32,1,23,37,4.463866750942543,4.563293170998804,0.09942642005626112,6.431324089993723
32,1,23,38,4.563293170998804,4.666307143983431,0.10301397298462689,6.431324089993723
32,1,23,39,4.666307143983431,4.767989108921029,0.10168196493759751,6.431324089993723
32,1,23,40,4.767989108921029,4.873017662903294,0.1050285539822653,6.431324089993723
32,1,23,41,4.873017662903294,4.976960164960474,0.10394250205717981,6.431324089993723
32,1,23,42,4.976960164960474,5.083685899968259,0.10672573500778526,6.431324089993723
32,1,23,43,5.083685899968259,5.186563566909172,0.1028776669409126,6.431324089993723
32,1,23,44,5.186563566909172,5.2915092629846185,0.1049456960754469,6.431324089993723
32,1,23,45,5.2915092629846185,5.394078985904343,0.10256972291972488,6.431324089993723
32,1,23,46,5.394078985904343,5.499536741990596,0.10545775608625263,6.431324089993723
32,1,23,47,5.499536741990596,5.600258605903946,0.10072186391334981,6.431324089993723
32,1,23,48,5.600258605903946,5.710735941887833,0.11047733598388731,6.431324089993723
32,1,23,49,5.710735941887833,5.826242171926424,0.11550623003859073,6.431324089993723
32,1,23,50,5.826242171926424,5.950033625937067,0.12379145401064306,6.431324089993723
32,1,23,51,5.950033625937067,6.079045811900869,0.12901218596380204,6.431324089993723
32,1,23,52,6.079045811900869,6.212242184905335,0.1331963730044663,6.431324089993723
32,1,23,53,6.212242184905335,6.354117538896389,0.141875353991054,6.431324089993723
32,1,23,54,6.354117538896389,6.4316329369321465,0.07751539803575724,6.431324089993723
32,1,24,1,4.260151227936149,4.36199152993504,0.10184030199889094,6.431324089993723
32,1,24,2,4.36199152993504,4.4645550509449095,0.10256352100986987,6.431324089993723
32,1,24,3,4.4645550509449095,4.563930554897524,0.09937550395261496,6.431324089993723
32,1,24,4,4.563930554897524,4.666961932904087,0.10303137800656259,6.431324089993723
32,1,24,5,4.666961932904087,4.768532915972173,0.1015709830680862,6.431324089993723
32,1,24,6,4.768532915972173,4.873687497922219,0.10515458195004612,6.431324089993723
32,1,24,7,4.873687497922219,4.977582183899358,0.10389468597713858,6.431324089993723
32,1,24,8,4.977582183899358,5.084245703998022,0.10666352009866387,6.431324089993723
32,1,24,9,5.084245703998022,5.187199122970924,0.102953418972902,6.431324089993723
32,1,24,10,5.187199122970924,5.2921786059159786,0.10497948294505477,6.431324089993723
32,1,24,11,5.2921786059159786,5.394780614995398,0.10260200907941908,6.431324089993723
32,1,24,12,5.394780614995398,5.500428300932981,0.10564768593758345,6.431324089993723
32,1,24,13,5.500428300932981,5.6010259699542075,0.10059766902122647,6.431324089993723
32,1,24,14,5.6010259699542075,5.71136627800297,0.11034030804876238,6.431324089993723
32,1,24,15,5.71136627800297,5.826920617953874,0.11555433995090425,6.431324089993723
32,1,24,16,5.826920617953874,5.950676356907934,0.12375573895405978,6.431324089993723
32,1,24,17,5.950676356907934,6.079651494976133,0.12897513806819916,6.431324089993723
32,1,24,18,6.079651494976133,6.212948387954384,0.13329689297825098,6.431324089993723
32,1,24,19,6.212948387954384,6.354809544980526,0.14186115702614188,6.431324089993723
32,1,24,20,6.354809544980526,6.432422110927291,0.07761256594676524,6.431324089993723
32,1,25,1,1.271739171934314,1.3664080869639292,0.09466891502961516,6.431324089993723
32,1,25,2,1.3664080869639292,1.4607131499797106,0.09430506301578134,6.431324089993723
32,1,25,3,1.4607131499797106,1.5556683979230002,0.09495524794328958,6.431324089993723
32,1,25,4,1.5556683979230002,1.6501645889366046,0.0944961910136044,6.431324089993723
32,1,25,5,1.6501645889366046,1.74624888994731,0.09608430101070553,6.431324089993723
32,1,25,6,1.74624888994731,1.8434696269687265,0.09722073702141643,6.431324089993723
32,1,25,7,1.8434696269687265,1.9437773888930678,0.10030776192434132,6.431324089993723
32,1,25,8,1.9437773888930678,2.0440804068930447,0.10030301799997687,6.431324089993723
32,1,25,9,2.0440804068930447,2.1446439519058913,0.10056354501284659,6.431324089993723
32,1,25,10,2.1446439519058913,2.243022874929011,0.09837892302311957,6.431324089993723
32,1,25,11,2.243022874929011,2.340304705896415,0.09728183096740395,6.431324089993723
32,1,25,12,2.340304705896415,2.4366862640017644,0.09638155810534954,6.431324089993723
32,1,25,13,2.4366862640017644,2.5341503579402342,0.09746409393846989,6.431324089993723
32,1,25,14,2.5341503579402342,2.6305457749404013,0.09639541700016707,6.431324089993723
32,1,25,15,2.6305457749404013,2.7276717768982053,0.09712600195780396,6.431324089993723
32,1,25,16,2.7276717768982053,2.8273684890009463,0.099696712102741,6.431324089993723
32,1,25,17,2.8273684890009463,2.9285859368974343,0.10121744789648801,6.431324089993723
32,1,25,18,2.9285859368974343,3.0347765209153295,0.10619058401789516,6.431324089993723
32,1,25,19,3.0347765209153295,3.1370959879131988,0.10231946699786931,6.431324089993723
32,1,25,20,3.1370959879131988,3.239254539948888,0.10215855203568935,6.431324089993723
32,1,25,21,3.239254539948888,3.3403177049476653,0.10106316499877721,6.431324089993723
32,1,25,22,3.3403177049476653,3.441356217954308,0.10103851300664246,6.431324089993723
32,1,25,23,3.441356217954308,3.5398643909720704,0.0985081730177626,6.431324089993723
32,1,25,24,3.5398643909720704,3.6408868349390104,0.10102244396694005,6.431324089993723
32,1,25,25,3.6408868349390104,3.742502374923788,0.10161553998477757,6.431324089993723
32,1,25,26,3.742502374923788,3.845501928939484,0.10299955401569605,6.431324089993723
32,1,25,27,3.845501928939484,3.948966727941297,0.10346479900181293,6.431324089993723
32,1,25,28,3.948966727941297,4.055554225924425,0.10658749798312783,6.431324089993723
32,1,25,29,4.055554225924425,4.1570762859191746,0.10152205999474972,6.431324089993723
32,1,25,30,4.1570762859191746,4.260466924984939,0.10339063906576484,6.431324089993723
32,1,25,31,4.260466924984939,4.362371313967742,0.10190438898280263,6.431324089993723
32,1,25,32,4.362371313967742,4.46490634593647,0.10253503196872771,6.431324089993723
32,1,25,33,4.46490634593647,4.5642439959337935,0.09933764999732375,6.431324089993723
32,1,25,34,4.5642439959337935,4.667282301932573,0.10303830599877983,6.431324089993723
32,1,25,35,4.667282301932573,4.768849499989301,0.10156719805672765,6.431324089993723
32,1,25,36,4.768849499989301,4.8744138109032065,0.1055643109139055,6.431324089993723
32,1,25,37,4.8744138109032065,4.978027974953875,0.10361416405066848,6.431324089993723
32,1,25,38,4.978027974953875,5.08487946994137,0.10685149498749524,6.431324089993723
32,1,25,39,5.08487946994137,5.187615297967568,0.10273582802619785,6.431324089993723
32,1,25,40,5.187615297967568,5.292874779901467,0.10525948193389922,6.431324089993723
32,1,25,41,5.292874779901467,5.3952804419677705,0.1024056620663032,6.431324089993723
32,1,25,42,5.3952804419677705,5.500975367962383,0.10569492599461228,6.431324089993723
32,1,25,43,5.500975367962383,5.601479492965154,0.10050412500277162,6.431324089993723
32,1,25,44,5.601479492965154,5.711899325950071,0.11041983298491687,6.431324089993723
32,1,25,45,5.711899325950071,5.827429306926206,0.11552998097613454,6.431324089993723
32,1,25,46,5.827429306926206,5.95115168497432,0.12372237804811448,6.431324089993723
32,1,25,47,5.95115168497432,6.080149035900831,0.128997350926511,6.431324089993723
32,1,25,48,6.080149035900831,6.213404377922416,0.1332553420215845,6.431324089993723
32,1,25,49,6.213404377922416,6.355361630907282,0.1419572529848665,6.431324089993723
32,1,25,50,6.355361630907282,6.4333330859662965,0.07797145505901426,6.431324089993723
32,1,26,1,4.463647527969442,4.56310950696934,0.09946197899989784,6.431324089993723
32,1,26,2,4.56310950696934,4.666112812934443,0.10300330596510321,6.431324089993723
32,1,26,3,4.666112812934443,4.7676902279490605,0.10157741501461715,6.431324089993723
32,1,26,4,4.7676902279490605,4.872783427941613,0.1050931999925524,6.431324089993723
32,1,26,5,4.872783427941613,4.976616220897995,0.10383279295638204,6.431324089993723
32,1,26,6,4.976616220897995,5.083346230909228,0.10673001001123339,6.431324089993723
32,1,26,7,5.083346230909228,5.18638290790841,0.10303667699918151,6.431324089993723
32,1,26,8,5.18638290790841,5.291319436975755,0.10493652906734496,6.431324089993723
32,1,26,9,5.291319436975755,5.393885953002609,0.10256651602685452,6.431324089993723
32,1,26,10,5.393885953002609,5.499174882890657,0.10528892988804728,6.431324089993723
32,1,26,11,5.499174882890657,5.600065179984085,0.10089029709342867,6.431324089993723
32,1,26,12,5.600065179984085,5.710500830900855,0.1104356509167701,6.431324089993723
32,1,26,13,5.710500830900855,5.825865470920689,0.11536464001983404,6.431324089993723
32,1,26,14,5.825865470920689,5.949678605888039,0.12381313496734947,6.431324089993723
32,1,26,15,5.949678605888039,6.078860617941245,0.12918201205320656,6.431324089993723
32,1,26,16,6.078860617941245,6.212052528979257,0.1331919110380113,6.431324089993723
32,1,26,17,6.212052528979257,6.353730058996007,0.1416775300167501,6.431324089993723
32,1,26,18,6.353730058996007,6.4301967999199405,0.07646674092393368,6.431324089993723
32,1,26,19,6.4301967999199405,6.438661789987236,0.00846499006729573,6.431324089993723
32,1,27,1,-0.08780233701691031,0.019681662903167307,0.10748399992007762,6.431324089993723
32,1,27,2,0.019681662903167307,0.11618568899575621,0.0965040260925889,6.431324089993723
32,1,27,3,0.11618568899575621,0.21214556298218668,0.09595987398643047,6.431324089993723
32,1,27,4,0.21214556298218668,0.30725682293996215,0.09511125995777547,6.431324089993723
32,1,27,5,0.30725682293996215,0.40206747397314757,0.09481065103318542,6.431324089993723
32,1,27,6,0.40206747397314757,0.49467226094566286,0.09260478697251529,6.431324089993723
32,1,27,7,0.49467226094566286,0.5904612909071147,0.09578902996145189,6.431324089993723
32,1,27,8,0.5904612909071147,0.6827969478908926,0.09233565698377788,6.431324089993723
32,1,27,9,0.6827969478908926,0.7779943409841508,0.09519739309325814,6.431324089993723
32,1,27,10,0.7779943409841508,0.8736312799155712,0.09563693893142045,6.431324089993723
32,1,27,11,0.8736312799155712,0.976066222996451,0.10243494308087975,6.431324089993723
32,1,27,12,0.976066222996451,1.0750580269377679,0.0989918039413169,6.431324089993723
32,1,27,13,1.0750580269377679,1.174636245938018,0.0995782190002501,6.431324089993723
32,1,27,14,1.174636245938018,1.2714024169836193,0.09676617104560137,6.431324089993723
32,1,27,15,1.2714024169836193,1.3662898159818724,0.09488739899825305,6.431324089993723
32,1,27,16,1.3662898159818724,1.4606161609990522,0.09432634501717985,6.431324089993723
32,1,27,17,1.4606161609990522,1.5555649949237704,0.0949488339247182,6.431324089993723
32,1,27,18,1.5555649949237704,1.6500706418883055,0.09450564696453512,6.431324089993723
32,1,27,19,1.6500706418883055,1.7461417278973386,0.09607108600903302,6.431324089993723
32,1,27,20,1.7461417278973386,1.8433743439381942,0.09723261604085565,6.431324089993723
32,1,27,21,1.8433743439381942,1.943653624970466,0.10027928103227168,6.431324089993723
32,1,27,22,1.943653624970466,2.043973084888421,0.1003194599179551,6.431324089993723
32,1,27,23,2.043973084888421,2.144540499895811,0.10056741500739008,6.431324089993723
32,1,27,24,2.144540499895811,2.2429079338908195,0.09836743399500847,6.431324089993723
32,1,27,25,2.2429079338908195,2.340214274940081,0.09730634104926139,6.431324089993723
32,1,27,26,2.340214274940081,2.4365830729948357,0.09636879805475473,6.431324089993723
32,1,27,27,2.4365830729948357,2.534058437915519,0.0974753649206832,6.431324089993723
32,1,27,28,2.534058437915519,2.63045038189739,0.09639194398187101,6.431324089993723
32,1,27,29,2.63045038189739,2.7275650548981503,0.09711467300076038,6.431324089993723
32,1,27,30,2.7275650548981503,2.826198894996196,0.09863384009804577,6.431324089993723
32,1,27,31,2.826198894996196,2.9276911289198324,0.10149223392363638,6.431324089993723
32,1,27,32,2.9276911289198324,3.0328377779806033,0.10514664906077087,6.431324089993723
32,1,27,33,3.0328377779806033,3.136148527963087,0.10331074998248369,6.431324089993723
32,1,27,34,3.136148527963087,3.23810511699412,0.10195658903103322,6.431324089993723
32,1,27,35,3.23810511699412,3.339319499908015,0.10121438291389495,6.431324089993723
32,1,27,36,3.339319499908015,3.440502329962328,0.10118283005431294,6.431324089993723
32,1,27,37,3.440502329962328,3.5389354259241372,0.09843309596180916,6.431324089993723
32,1,27,38,3.5389354259241372,3.6396212429972365,0.10068581707309932,6.431324089993723
32,1,27,39,3.6396212429972365,3.741508125909604,0.10188688291236758,6.431324089993723
32,1,27,40,3.741508125909604,3.8442279159789905,0.10271979006938636,6.431324089993723
32,1,27,41,3.8442279159789905,3.9479036019183695,0.10367568593937904,6.431324089993723
32,1,27,42,3.9479036019183695,4.054011694970541,0.10610809305217117,6.431324089993723
32,1,27,43,4.054011694970541,4.155976107926108,0.10196441295556724,6.431324089993723
32,1,27,44,4.155976107926108,4.259172421996482,0.10319631407037377,6.431324089993723
32,1,27,45,4.259172421996482,4.361070184968412,0.1018977629719302,6.431324089993723
32,1,27,46,4.361070184968412,4.463714144891128,0.10264395992271602,6.431324089993723
32,1,27,47,4.463714144891128,4.563158317003399,0.09944417211227119,6.431324089993723
32,1,27,48,4.563158317003399,4.666162791894749,0.10300447489134967,6.431324089993723
32,1,27,49,4.666162791894749,4.767850114963949,0.10168732306919992,6.431324089993723
32,1,27,50,4.767850114963949,4.872847126913257,0.10499701194930822,6.431324089993723
32,1,27,51,4.872847126913257,4.976797235896811,0.10395010898355395,6.431324089993723
32,1,27,52,4.976797235896811,5.083396285888739,0.10659904999192804,6.431324089993723
32,1,27,53,5.083396285888739,5.186429461929947,0.10303317604120821,6.431324089993723
32,1,27,54,5.186429461929947,5.291367764933966,0.10493830300401896,6.431324089993723
32,1,27,55,5.291367764933966,5.393935508909635,0.10256774397566915,6.431324089993723
32,1,27,56,5.393935508909635,5.499377361964434,0.10544185305479914,6.431324089993723
32,1,27,57,5.499377361964434,5.6001137379789725,0.10073637601453811,6.431324089993723
32,1,27,58,5.6001137379789725,5.710550057934597,0.11043631995562464,6.431324089993723
32,1,27,59,5.710550057934597,5.826077920966782,0.11552786303218454,6.431324089993723
32,1,27,60,5.826077920966782,5.9498793529346585,0.12380143196787685,6.431324089993723
32,1,27,61,5.9498793529346585,6.0789067388977855,0.12902738596312702,6.431324089993723
32,1,27,62,6.0789067388977855,6.2121007979149,0.13319405901711434,6.431324089993723
32,1,27,63,6.2121007979149,6.353946354938671,0.1418455570237711,6.431324089993723
32,1,27,64,6.353946354938671,6.4302464629290625,0.07630010799039155,6.431324089993723
32,1,27,65,6.4302464629290625,6.438712097937241,0.008465635008178651,6.431324089993723
32,1,28,1,1.8429877019952983,1.9433212009025738,0.1003334989072755,6.431324089993723
32,1,28,2,1.9433212009025738,2.043608071980998,0.10028687107842416,6.431324089993723
32,1,28,3,2.043608071980998,2.1441808089148253,0.1005727369338274,6.431324089993723
32,1,28,4,2.1441808089148253,2.242306876927614,0.09812606801278889,6.431324089993723
32,1,28,5,2.242306876927614,2.339853021898307,0.0975461449706927,6.431324089993723
32,1,28,6,2.339853021898307,2.435928493971005,0.09607547207269818,6.431324089993723
32,1,28,7,2.435928493971005,2.5336323169758543,0.09770382300484926,6.431324089993723
32,1,28,8,2.5336323169758543,2.6297284569591284,0.09609613998327404,6.431324089993723
32,1,28,9,2.6297284569591284,2.727017259923741,0.09728880296461284,6.431324089993723
32,1,28,10,2.727017259923741,2.8272181369829923,0.10020087705925107,6.431324089993723
32,1,28,11,2.8272181369829923,2.9284441189374775,0.10122598195448518,6.431324089993723
32,1,28,12,2.9284441189374775,3.034351172973402,0.10590705403592438,6.431324089993723
32,1,28,13,3.034351172973402,3.1368809159612283,0.10252974298782647,6.431324089993723
32,1,28,14,3.1368809159612283,3.2388132159831002,0.10193230002187192,6.431324089993723
32,1,28,15,3.2388132159831002,3.34005720296409,0.10124398698098958,6.431324089993723
32,1,28,16,3.34005720296409,3.4411254109581932,0.10106820799410343,6.431324089993723
32,1,28,17,3.4411254109581932,3.5396368209039792,0.098511409945786,6.431324089993723
32,1,28,18,3.5396368209039792,3.640647208900191,0.10101038799621165,6.431324089993723
32,1,28,19,3.640647208900191,3.7422745228977874,0.1016273139975965,6.431324089993723
32,1,28,20,3.7422745228977874,3.8452608989318833,0.10298637603409588,6.431324089993723
32,1,28,21,3.8452608989318833,3.948728704941459,0.10346780600957572,6.431324089993723
32,1,28,22,3.948728704941459,4.05527099291794,0.10654228797648102,6.431324089993723
32,1,28,23,4.05527099291794,4.156847344944254,0.10157635202631354,6.431324089993723
32,1,28,24,4.156847344944254,4.260247206897475,0.10339986195322126,6.431324089993723
32,1,28,25,4.260247206897475,4.362097391975112,0.10185018507763743,6.431324089993723
32,1,28,26,4.362097391975112,4.464662340003997,0.10256494802888483,6.431324089993723
32,1,28,27,4.464662340003997,4.56402489694301,0.0993625569390133,6.431324089993723
32,1,28,28,4.56402489694301,4.6670539499027655,0.10302905295975506,6.431324089993723
32,1,28,29,4.6670539499027655,4.768629666999914,0.1015757170971483,6.431324089993723
32,1,28,30,4.768629666999914,4.873794873943552,0.10516520694363862,6.431324089993723
32,1,28,31,4.873794873943552,4.977689216961153,0.10389434301760048,6.431324089993723
32,1,28,32,4.977689216961153,5.084335144958459,0.10664592799730599,6.431324089993723
32,1,28,33,5.084335144958459,5.187283284962177,0.10294814000371844,6.431324089993723
32,1,28,34,5.187283284962177,5.292547251912765,0.10526396695058793,6.431324089993723
32,1,28,35,5.292547251912765,5.394943965948187,0.10239671403542161,6.431324089993723
32,1,28,36,5.394943965948187,5.500571409938857,0.10562744399067014,6.431324089993723
32,1,28,37,5.500571409938857,5.6011611429275945,0.10058973298873752,6.431324089993723
32,1,28,38,5.6011611429275945,5.711570384912193,0.11040924198459834,6.431324089993723
32,1,28,39,5.711570384912193,5.827071503968909,0.11550111905671656,6.431324089993723
32,1,28,40,5.827071503968909,5.950819666963071,0.12374816299416125,6.431324089993723
32,1,28,41,5.950819666963071,6.079787611961365,0.12896794499829412,6.431324089993723
32,1,28,42,6.079787611961365,6.213085149996914,0.13329753803554922,6.431324089993723
32,1,28,43,6.213085149996914,6.354972589993849,0.14188743999693543,6.431324089993723
32,1,28,44,6.354972589993849,6.432975155999884,0.07800256600603461,6.431324089993723
32,1,29,1,4.665861748973839,4.767378377960995,0.10151662898715585,6.431324089993723
32,1,29,2,4.767378377960995,4.872276835958473,0.10489845799747854,6.431324089993723
32,1,29,3,4.872276835958473,4.976280357921496,0.10400352196302265,6.431324089993723
32,1,29,4,4.976280357921496,5.083012697985396,0.10673234006389976,6.431324089993723
32,1,29,5,5.083012697985396,5.186153006972745,0.10314030898734927,6.431324089993723
32,1,29,6,5.186153006972745,5.291076118941419,0.10492311196867377,6.431324089993723
32,1,29,7,5.291076118941419,5.393642636947334,0.10256651800591499,6.431324089993723
32,1,29,8,5.393642636947334,5.498877979000099,0.10523534205276519,6.431324089993723
32,1,29,9,5.498877979000099,5.599826177931391,0.1009481989312917,6.431324089993723
32,1,29,10,5.599826177931391,5.710253726923838,0.11042754899244756,6.431324089993723
32,1,29,11,5.710253726923838,5.825511288945563,0.11525756202172488,6.431324089993723
32,1,29,12,5.825511288945563,5.949339523911476,0.123828234965913,6.431324089993723
32,1,29,13,5.949339523911476,6.078629171941429,0.12928964802995324,6.431324089993723
32,1,29,14,6.078629171941429,6.211808840977028,0.13317966903559864,6.431324089993723
32,1,29,15,6.211808840977028,6.353366679977626,0.1415578390005976,6.431324089993723
32,1,29,16,6.353366679977626,6.429973323945887,0.07660664396826178,6.431324089993723
32,1,29,17,6.429973323945887,6.438326414907351,0.00835309096146375,6.431324089993723
32,1,30,1,1.4603855609893799,1.5553604089654982,0.09497484797611833,6.431324089993723
32,1,30,2,1.5553604089654982,1.6495872259838507,0.09422681701835245,6.431324089993723
32,1,30,3,1.6495872259838507,1.7457653449382633,0.09617811895441264,6.431324089993723
32,1,30,4,1.7457653449382633,1.8430591099895537,0.09729376505129039,6.431324089993723
32,1,30,5,1.8430591099895537,1.9433810629416257,0.10032195295207202,6.431324089993723
32,1,30,6,1.9433810629416257,2.043669278966263,0.10028821602463722,6.431324089993723
32,1,30,7,2.043669278966263,2.144234476960264,0.10056519799400121,6.431324089993723
32,1,30,8,2.144234476960264,2.242363910889253,0.09812943392898887,6.431324089993723
32,1,30,9,2.242363910889253,2.3399042579112574,0.09754034702200443,6.431324089993723
32,1,30,10,2.3399042579112574,2.435980228940025,0.09607597102876753,6.431324089993723
32,1,30,11,2.435980228940025,2.533683368936181,0.0977031399961561,6.431324089993723
32,1,30,12,2.533683368936181,2.6297794989077374,0.09609612997155637,6.431324089993723
32,1,30,13,2.6297794989077374,2.7270716628991067,0.09729216399136931,6.431324089993723
32,1,30,14,2.7270716628991067,2.826554988976568,0.09948332607746124,6.431324089993723
32,1,30,15,2.826554988976568,2.9280288759618998,0.10147388698533177,6.431324089993723
32,1,30,16,2.9280288759618998,3.0339746068930253,0.10594573093112558,6.431324089993723
32,1,30,17,3.0339746068930253,3.13648479396943,0.10251018707640469,6.431324089993723
32,1,30,18,3.13648479396943,3.2384334629168734,0.10194866894744337,6.431324089993723
32,1,30,19,3.2384334629168734,3.339667485910468,0.10123402299359441,6.431324089993723
32,1,30,20,3.339667485910468,3.440756753901951,0.10108926799148321,6.431324089993723
32,1,30,21,3.440756753901951,3.539259503944777,0.09850275004282594,6.431324089993723
32,1,30,22,3.539259503944777,3.6402537039248273,0.10099419998005033,6.431324089993723
32,1,30,23,3.6402537039248273,3.7419060559477657,0.10165235202293843,6.431324089993723
32,1,30,24,3.7419060559477657,3.8448756659636274,0.10296961001586169,6.431324089993723
32,1,30,25,3.8448756659636274,3.9483319249702618,0.10345625900663435,6.431324089993723
32,1,30,26,3.9483319249702618,4.0545249349670485,0.10619300999678671,6.431324089993723
32,1,30,27,4.0545249349670485,4.156402611988597,0.10187767702154815,6.431324089993723
32,1,30,28,4.156402611988597,4.259492112905718,0.10308950091712177,6.431324089993723
32,1,30,29,4.259492112905718,4.36144470598083,0.10195259307511151,6.431324089993723
32,1,30,30,4.36144470598083,4.464157045935281,0.10271233995445073,6.431324089993723
32,1,30,31,4.464157045935281,4.563472394947894,0.0993153490126133,6.431324089993723
32,1,30,32,4.563472394947894,4.666495794896036,0.10302339994814247,6.431324089993723
32,1,30,33,4.666495794896036,4.768170021940023,0.10167422704398632,6.431324089993723
32,1,30,34,4.768170021940023,4.873239921987988,0.10506990004796535,6.431324089993723
32,1,30,35,4.873239921987988,4.977170901955105,0.10393097996711731,6.431324089993723
32,1,30,36,4.977170901955105,5.083876354969107,0.10670545301400125,6.431324089993723
32,1,30,37,5.083876354969107,5.186753699905239,0.10287734493613243,6.431324089993723
32,1,30,38,5.186753699905239,5.291706159943715,0.10495246003847569,6.431324089993723
32,1,30,39,5.291706159943715,5.394269449985586,0.10256329004187137,6.431324089993723
32,1,30,40,5.394269449985586,5.499748379923403,0.10547892993781716,6.431324089993723
32,1,30,41,5.499748379923403,5.600455866893753,0.10070748697035015,6.431324089993723
32,1,30,42,5.600455866893753,5.71093486296013,0.11047899606637657,6.431324089993723
32,1,30,43,5.71093486296013,5.826451689936221,0.11551682697609067,6.431324089993723
32,1,30,44,5.826451689936221,5.950229225913063,0.12377753597684205,6.431324089993723
32,1,30,45,5.950229225913063,6.079227062989958,0.12899783707689494,6.431324089993723
32,1,30,46,6.079227062989958,6.212433626991697,0.13320656400173903,6.431324089993723
32,1,30,47,6.212433626991697,6.3543342899065465,0.14190066291484982,6.431324089993723
32,1,30,48,6.3543342899065465,6.431991430930793,0.07765714102424681,6.431324089993723
32,1,31,1,4.874149087932892,4.97781796392519,0.10366887599229813,6.431324089993723
32,1,31,2,4.97781796392519,5.0844274970004335,0.10660953307524323,6.431324089993723
32,1,31,3,5.0844274970004335,5.187369915889576,0.10294241888914257,6.431324089993723
32,1,31,4,5.187369915889576,5.292645793990232,0.10527587810065597,6.431324089993723
32,1,31,5,5.292645793990232,5.39503756898921,0.10239177499897778,6.431324089993723
32,1,31,6,5.39503756898921,5.500738273956813,0.10570070496760309,6.431324089993723
32,1,31,7,5.500738273956813,5.601255064946599,0.10051679098978639,6.431324089993723
32,1,31,8,5.601255064946599,5.711671934928745,0.11041686998214573,6.431324089993723
32,1,31,9,5.711671934928745,5.827173956902698,0.11550202197395265,6.431324089993723
32,1,31,10,5.827173956902698,5.950916152913123,0.12374219601042569,6.431324089993723
32,1,31,11,5.950916152913123,6.079880020930432,0.12896386801730841,6.431324089993723
32,1,31,12,6.079880020930432,6.213176593999378,0.1332965730689466,6.431324089993723
32,1,31,13,6.213176593999378,6.355077118962072,0.14190052496269345,6.431324089993723
32,1,31,14,6.355077118962072,6.433073432999663,0.07799631403759122,6.431324089993723
32,2,0,1,1.875574014033191,1.9788260799832642,0.1032520659500733,6.488932091044262
32,2,0,2,1.9788260799832642,2.08066910400521,0.1018430240219459,6.488932091044262
32,2,0,3,2.08066910400521,2.1822514210361987,0.10158231703098863,6.488932091044262
32,2,0,4,2.1822514210361987,2.2827447280287743,0.10049330699257553,6.488932091044262
32,2,0,5,2.2827447280287743,2.3838101220317185,0.10106539400294423,6.488932091044262
32,2,0,6,2.3838101220317185,2.4835140929790214,0.09970397094730288,6.488932091044262
32,2,0,7,2.4835140929790214,2.58142974996008,0.09791565698105842,6.488932091044262
32,2,0,8,2.58142974996008,2.679252592031844,0.09782284207176417,6.488932091044262
32,2,0,9,2.679252592031844,2.781275224057026,0.10202263202518225,6.488932091044262
32,2,0,10,2.781275224057026,2.8842248590663075,0.10294963500928134,6.488932091044262
32,2,0,11,2.8842248590663075,2.9861574029782787,0.10193254391197115,6.488932091044262
32,2,0,12,2.9861574029782787,3.0893517690710723,0.10319436609279364,6.488932091044262
32,2,0,13,3.0893517690710723,3.1916542219696566,0.1023024528985843,6.488932091044262
32,2,0,14,3.1916542219696566,3.2943181820446625,0.10266396007500589,6.488932091044262
32,2,0,15,3.2943181820446625,3.395838710013777,0.10152052796911448,6.488932091044262
32,2,0,16,3.395838710013777,3.49722608004231,0.10138737002853304,6.488932091044262
32,2,0,17,3.49722608004231,3.5959186430554837,0.09869256301317364,6.488932091044262
32,2,0,18,3.5959186430554837,3.697664513019845,0.10174586996436119,6.488932091044262
32,2,0,19,3.697664513019845,3.799049317021854,0.10138480400200933,6.488932091044262
32,2,0,20,3.799049317021854,3.9030679280404,0.10401861101854593,6.488932091044262
32,2,0,21,3.9030679280404,4.00536924705375,0.10230131901334971,6.488932091044262
32,2,0,22,4.00536924705375,4.109821571968496,0.10445232491474599,6.488932091044262
32,2,0,23,4.109821571968496,4.212498868000694,0.10267729603219777,6.488932091044262
32,2,0,24,4.212498868000694,4.316061750985682,0.10356288298498839,6.488932091044262
32,2,0,25,4.316061750985682,4.4173476790310815,0.10128592804539949,6.488932091044262
32,2,0,26,4.4173476790310815,4.520488312002271,0.10314063297118992,6.488932091044262
32,2,0,27,4.520488312002271,4.620572159066796,0.10008384706452489,6.488932091044262
32,2,0,28,4.620572159066796,4.723506249021739,0.10293408995494246,6.488932091044262
32,2,0,29,4.723506249021739,4.82610196096357,0.10259571194183081,6.488932091044262
32,2,0,30,4.82610196096357,4.93170855101198,0.10560659004841,6.488932091044262
32,2,0,31,4.93170855101198,5.033726445049979,0.10201789403799921,6.488932091044262
32,2,0,32,5.033726445049979,5.140414715977386,0.10668827092740685,6.488932091044262
32,2,0,33,5.140414715977386,5.242602888029069,0.10218817205168307,6.488932091044262
32,2,0,34,5.242602888029069,5.347651815973222,0.10504892794415355,6.488932091044262
32,2,0,35,5.347651815973222,5.44914854306262,0.10149672708939761,6.488932091044262
32,2,0,36,5.44914854306262,5.555419948068447,0.10627140500582755,6.488932091044262
32,2,0,37,5.555419948068447,5.656042166054249,0.1006222179858014,6.488932091044262
32,2,0,38,5.656042166054249,5.766061270027421,0.1100191039731726,6.488932091044262
32,2,0,39,5.766061270027421,5.882697546039708,0.11663627601228654,6.488932091044262
32,2,0,40,5.882697546039708,6.005796791985631,0.12309924594592303,6.488932091044262
32,2,0,41,6.005796791985631,6.136302052997053,0.13050526101142168,6.488932091044262
32,2,0,42,6.136302052997053,6.270291854045354,0.13398980104830116,6.488932091044262
32,2,0,43,6.270291854045354,6.411212158971466,0.1409203049261123,6.488932091044262
32,2,0,44,6.411212158971466,6.489741083001718,0.0785289240302518,6.488932091044262
32,2,1,1,1.481339122983627,1.5781128379749134,0.0967737149912864,6.488932091044262
32,2,1,2,1.5781128379749134,1.6756534629967064,0.09754062502179295,6.488932091044262
32,2,1,3,1.6756534629967064,1.77585314004682,0.10019967705011368,6.488932091044262
32,2,1,4,1.77585314004682,1.8761301799677312,0.10027703992091119,6.488932091044262
32,2,1,5,1.8761301799677312,1.9793855290627107,0.10325534909497947,6.488932091044262
32,2,1,6,1.9793855290627107,2.0814636329887435,0.10207810392603278,6.488932091044262
32,2,1,7,2.0814636329887435,2.182850694982335,0.10138706199359149,6.488932091044262
32,2,1,8,2.182850694982335,2.283344301977195,0.10049360699485987,6.488932091044262
32,2,1,9,2.283344301977195,2.384408636018634,0.101064334041439,6.488932091044262
32,2,1,10,2.384408636018634,2.4844746759627014,0.1000660399440676,6.488932091044262
32,2,1,11,2.4844746759627014,2.582074659061618,0.09759998309891671,6.488932091044262
32,2,1,12,2.582074659061618,2.68014937301632,0.09807471395470202,6.488932091044262
32,2,1,13,2.68014937301632,2.781988673028536,0.10183930001221597,6.488932091044262
32,2,1,14,2.781988673028536,2.884643421974033,0.10265474894549698,6.488932091044262
32,2,1,15,2.884643421974033,2.9865778690436855,0.10193444706965238,6.488932091044262
32,2,1,16,2.9865778690436855,3.0900716229807585,0.10349375393707305,6.488932091044262
32,2,1,17,3.0900716229807585,3.1922263170126826,0.10215469403192401,6.488932091044262
32,2,1,18,3.1922263170126826,3.294855213025585,0.10262889601290226,6.488932091044262
32,2,1,19,3.294855213025585,3.3963710520183668,0.10151583899278194,6.488932091044262
32,2,1,20,3.3963710520183668,3.4977246139897034,0.1013535619713366,6.488932091044262
32,2,1,21,3.4977246139897034,3.5964062339626253,0.09868161997292191,6.488932091044262
32,2,1,22,3.5964062339626253,3.698556930059567,0.10215069609694183,6.488932091044262
32,2,1,23,3.698556930059567,3.7996653120499104,0.10110838199034333,6.488932091044262
32,2,1,24,3.7996653120499104,3.903933180961758,0.10426786891184747,6.488932091044262
32,2,1,25,3.903933180961758,4.006040094071068,0.10210691310930997,6.488932091044262
32,2,1,26,4.006040094071068,4.110389403998852,0.1043493099277839,6.488932091044262
32,2,1,27,4.110389403998852,4.213092282996513,0.10270287899766117,6.488932091044262
32,2,1,28,4.213092282996513,4.3166963630355895,0.10360408003907651,6.488932091044262
32,2,1,29,4.3166963630355895,4.417946150060743,0.10124978702515364,6.488932091044262
32,2,1,30,4.417946150060743,4.521463214070536,0.1035170640097931,6.488932091044262
32,2,1,31,4.521463214070536,4.621356970979832,0.09989375690929592,6.488932091044262
32,2,1,32,4.621356970979832,4.72448738804087,0.10313041706103832,6.488932091044262
32,2,1,33,4.72448738804087,4.826751952059567,0.10226456401869655,6.488932091044262
32,2,1,34,4.826751952059567,4.932686798973009,0.10593484691344202,6.488932091044262
32,2,1,35,4.932686798973009,5.034532358055003,0.101845559081994,6.488932091044262
32,2,1,36,5.034532358055003,5.141257688053884,0.10672532999888062,6.488932091044262
32,2,1,37,5.141257688053884,5.243411581963301,0.10215389390941709,6.488932091044262
32,2,1,38,5.243411581963301,5.348711827071384,0.10530024510808289,6.488932091044262
32,2,1,39,5.348711827071384,5.449988092062995,0.10127626499161124,6.488932091044262
32,2,1,40,5.449988092062995,5.556258369004354,0.10627027694135904,6.488932091044262
32,2,1,41,5.556258369004354,5.656847189064138,0.10058882005978376,6.488932091044262
32,2,1,42,5.656847189064138,5.766944244038314,0.11009705497417599,6.488932091044262
32,2,1,43,5.766944244038314,5.883559518959373,0.11661527492105961,6.488932091044262
32,2,1,44,5.883559518959373,6.006554521038197,0.12299500207882375,6.488932091044262
32,2,1,45,6.006554521038197,6.137138569960371,0.13058404892217368,6.488932091044262
32,2,1,46,6.137138569960371,6.271113881957717,0.13397531199734658,6.488932091044262
32,2,1,47,6.271113881957717,6.411923961015418,0.14081007905770093,6.488932091044262
32,2,1,48,6.411923961015418,6.49058458104264,0.07866062002722174,6.488932091044262
32,2,2,1,5.554913262021728,5.655549142044038,0.10063588002230972,6.488932091044262
32,2,2,2,5.655549142044038,5.765526921022683,0.1099777789786458,6.488932091044262
32,2,2,3,5.765526921022683,5.882200537016615,0.11667361599393189,6.488932091044262
32,2,2,4,5.882200537016615,6.005142500041984,0.12294196302536875,6.488932091044262
32,2,2,5,6.005142500041984,6.135788111016154,0.13064561097417027,6.488932091044262
32,2,2,6,6.135788111016154,6.269777651061304,0.13398954004514962,6.488932091044262
32,2,2,7,6.269777651061304,6.410579732968472,0.14080208190716803,6.488932091044262
32,2,2,8,6.410579732968472,6.489253929001279,0.07867419603280723,6.488932091044262
32,2,3,1,2.883827527053654,2.98580723896157,0.10197971190791577,6.488932091044262
32,2,3,2,2.98580723896157,3.0890591100323945,0.10325187107082456,6.488932091044262
32,2,3,3,3.0890591100323945,3.1913540409877896,0.1022949309553951,6.488932091044262
32,2,3,4,3.1913540409877896,3.2940204889746383,0.10266644798684865,6.488932091044262
32,2,3,5,3.2940204889746383,3.3955373810604215,0.10151689208578318,6.488932091044262
32,2,3,6,3.3955373810604215,3.4968331130221486,0.10129573196172714,6.488932091044262
32,2,3,7,3.4968331130221486,3.595560561050661,0.0987274480285123,6.488932091044262
32,2,3,8,3.595560561050661,3.6973416060209274,0.10178104497026652,6.488932091044262
32,2,3,9,3.6973416060209274,3.7987391570350155,0.1013975510140881,6.488932091044262
32,2,3,10,3.7987391570350155,3.902767722029239,0.10402856499422342,6.488932091044262
32,2,3,11,3.902767722029239,4.005069509963505,0.10230178793426603,6.488932091044262
32,2,3,12,4.005069509963505,4.10913632705342,0.10406681708991528,6.488932091044262
32,2,3,13,4.10913632705342,4.2121449609985575,0.10300863394513726,6.488932091044262
32,2,3,14,4.2121449609985575,4.3155412370106205,0.10339627601206303,6.488932091044262
32,2,3,15,4.3155412370106205,4.4170197390485555,0.10147850203793496,6.488932091044262
32,2,3,16,4.4170197390485555,4.520120071014389,0.1031003319658339,6.488932091044262
32,2,3,17,4.520120071014389,4.620188151020557,0.10006808000616729,6.488932091044262
32,2,3,18,4.620188151020557,4.723177919047885,0.10298976802732795,6.488932091044262
32,2,3,19,4.723177919047885,4.825594117050059,0.1024161980021745,6.488932091044262
32,2,3,20,4.825594117050059,4.931390253012069,0.10579613596200943,6.488932091044262
32,2,3,21,4.931390253012069,5.033401530003175,0.10201127699110657,6.488932091044262
32,2,3,22,5.033401530003175,5.1400649710558355,0.10666344105266035,6.488932091044262
32,2,3,23,5.1400649710558355,5.242254976998083,0.10219000594224781,6.488932091044262
32,2,3,24,5.242254976998083,5.347318602958694,0.10506362596061081,6.488932091044262
32,2,3,25,5.347318602958694,5.448809182038531,0.10149057907983661,6.488932091044262
32,2,3,26,5.448809182038531,5.555092434049584,0.10628325201105326,6.488932091044262
32,2,3,27,5.555092434049584,5.655703920056112,0.10061148600652814,6.488932091044262
32,2,3,28,5.655703920056112,5.765699645038694,0.10999572498258203,6.488932091044262
32,2,3,29,5.765699645038694,5.8823579989839345,0.11665835394524038,6.488932091044262
32,2,3,30,5.8823579989839345,6.005317780072801,0.1229597810888663,6.488932091044262
32,2,3,31,6.005317780072801,6.1359560310374945,0.13063825096469373,6.488932091044262
32,2,3,32,6.1359560310374945,6.269934433978051,0.1339784029405564,6.488932091044262
32,2,3,33,6.269934433978051,6.41074361698702,0.14080918300896883,6.488932091044262
32,2,3,34,6.41074361698702,6.489403167972341,0.0786595509853214,6.488932091044262
32,2,4,1,0.2960503699723631,0.39625930902548134,0.10020893905311823,6.488932091044262
32,2,4,2,0.39625930902548134,0.4930837759748101,0.09682446694932878,6.488932091044262
32,2,4,3,0.4930837759748101,0.5891852190252393,0.09610144305042922,6.488932091044262
32,2,4,4,0.5891852190252393,0.6835243849782273,0.09433916595298797,6.488932091044262
32,2,4,5,0.6835243849782273,0.7809826950542629,0.09745831007603556,6.488932091044262
32,2,4,6,0.7809826950542629,0.8813552400097251,0.10037254495546222,6.488932091044262
32,2,4,7,0.8813552400097251,0.9854147150181234,0.1040594750083983,6.488932091044262
32,2,4,8,0.9854147150181234,1.0858720439719036,0.10045732895378023,6.488932091044262
32,2,4,9,1.0858720439719036,1.18642062402796,0.10054858005605638,6.488932091044262
32,2,4,10,1.18642062402796,1.2840640969807282,0.0976434729527682,6.488932091044262
32,2,4,11,1.2840640969807282,1.3846653699874878,0.10060127300675958,6.488932091044262
32,2,4,12,1.3846653699874878,1.4808947270503268,0.09622935706283897,6.488932091044262
32,2,4,13,1.4808947270503268,1.5778716000495479,0.09697687299922109,6.488932091044262
32,2,4,14,1.5778716000495479,1.6752067849738523,0.09733518492430449,6.488932091044262
32,2,4,15,1.6752067849738523,1.7755837560398504,0.10037697106599808,6.488932091044262
32,2,4,16,1.7755837560398504,1.875892290030606,0.10030853399075568,6.488932091044262
32,2,4,17,1.875892290030606,1.979147462057881,0.10325517202727497,6.488932091044262
32,2,4,18,1.979147462057881,2.081234953016974,0.10208749095909297,6.488932091044262
32,2,4,19,2.081234953016974,2.182623974978924,0.10138902196194977,6.488932091044262
32,2,4,20,2.182623974978924,2.2831085730576888,0.10048459807876498,6.488932091044262
32,2,4,21,2.2831085730576888,2.384175691055134,0.10106711799744517,6.488932091044262
32,2,4,22,2.384175691055134,2.484224564046599,0.10004887299146503,6.488932091044262
32,2,4,23,2.484224564046599,2.5818456310080364,0.09762106696143746,6.488932091044262
32,2,4,24,2.5818456310080364,2.6796403139596805,0.09779468295164406,6.488932091044262
32,2,4,25,2.6796403139596805,2.7816756300162524,0.1020353160565719,6.488932091044262
32,2,4,26,2.7816756300162524,2.8843199890106916,0.10264435899443924,6.488932091044262
32,2,4,27,2.8843199890106916,2.986257951008156,0.1019379619974643,6.488932091044262
32,2,4,28,2.986257951008156,3.0894424479920417,0.10318449698388577,6.488932091044262
32,2,4,29,3.0894424479920417,3.191812474047765,0.10237002605572343,6.488932091044262
32,2,4,30,3.191812474047765,3.2944762089755386,0.10266373492777348,6.488932091044262
32,2,4,31,3.2944762089755386,3.395993434009142,0.10151722503360361,6.488932091044262
32,2,4,32,3.395993434009142,3.4973302410217,0.10133680701255798,6.488932091044262
32,2,4,33,3.4973302410217,3.5960311599774286,0.09870091895572841,6.488932091044262
32,2,4,34,3.5960311599774286,3.698156411992386,0.10212525201495737,6.488932091044262
32,2,4,35,3.698156411992386,3.7992886670399457,0.10113225504755974,6.488932091044262
32,2,4,36,3.7992886670399457,3.9032835050020367,0.10399483796209097,6.488932091044262
32,2,4,37,3.9032835050020367,4.005586398998275,0.10230289399623871,6.488932091044262
32,2,4,38,4.005586398998275,4.109972472069785,0.1043860730715096,6.488932091044262
32,2,4,39,4.109972472069785,4.212693238980137,0.10272076691035181,6.488932091044262
32,2,4,40,4.212693238980137,4.316224285052158,0.10353104607202113,6.488932091044262
32,2,4,41,4.316224285052158,4.417490139021538,0.10126585396938026,6.488932091044262
32,2,4,42,4.417490139021538,4.520646346965805,0.1031562079442665,6.488932091044262
32,2,4,43,4.520646346965805,4.620732092997059,0.10008574603125453,6.488932091044262
32,2,4,44,4.620732092997059,4.723948535975069,0.10321644297800958,6.488932091044262
32,2,4,45,4.723948535975069,4.8263190790312365,0.10237054305616766,6.488932091044262
32,2,4,46,4.8263190790312365,4.9318858459591866,0.10556676692795008,6.488932091044262
32,2,4,47,4.9318858459591866,5.034003718057647,0.1021178720984608,6.488932091044262
32,2,4,48,5.034003718057647,5.1406457379926,0.10664201993495226,6.488932091044262
32,2,4,49,5.1406457379926,5.242799466010183,0.10215372801758349,6.488932091044262
32,2,4,50,5.242799466010183,5.347835866035894,0.10503640002571046,6.488932091044262
32,2,4,51,5.347835866035894,5.449420304037631,0.101584438001737,6.488932091044262
32,2,4,52,5.449420304037631,5.555722626973875,0.10630232293624431,6.488932091044262
32,2,4,53,5.555722626973875,5.656226909020916,0.10050428204704076,6.488932091044262
32,2,4,54,5.656226909020916,5.76625529199373,0.11002838297281414,6.488932091044262
32,2,4,55,5.76625529199373,5.8829977919813246,0.11674249998759478,6.488932091044262
32,2,4,56,5.8829977919813246,6.006004926050082,0.1230071340687573,6.488932091044262
32,2,4,57,6.006004926050082,6.136497939005494,0.13049301295541227,6.488932091044262
32,2,4,58,6.136497939005494,6.270483941072598,0.13398600206710398,6.488932091044262
32,2,4,59,6.270483941072598,6.411394039052539,0.14091009797994047,6.488932091044262
32,2,4,60,6.411394039052539,6.489947790047154,0.07855375099461526,6.488932091044262
32,2,5,1,3.69809645798523,3.7992372759617865,0.10114081797655672,6.488932091044262
32,2,5,2,3.7992372759617865,3.903231429052539,0.10399415309075266,6.488932091044262
32,2,5,3,3.903231429052539,4.005536313052289,0.10230488399975002,6.488932091044262
32,2,5,4,4.005536313052289,4.109917950001545,0.10438163694925606,6.488932091044262
32,2,5,5,4.109917950001545,4.212645843042992,0.1027278930414468,6.488932091044262
32,2,5,6,4.212645843042992,4.316170203033835,0.10352435999084264,6.488932091044262
32,2,5,7,4.316170203033835,4.4174421089701355,0.10127190593630075,6.488932091044262
32,2,5,8,4.4174421089701355,4.520594091969542,0.10315198299940675,6.488932091044262
32,2,5,9,4.520594091969542,4.6206799619831145,0.10008587001357228,6.488932091044262
32,2,5,10,4.6206799619831145,4.723892173031345,0.10321221104823053,6.488932091044262
32,2,5,11,4.723892173031345,4.826273874961771,0.10238170193042606,6.488932091044262
32,2,5,12,4.826273874961771,4.931842184974812,0.1055683100130409,6.488932091044262
32,2,5,13,4.931842184974812,5.033867186983116,0.102025002008304,6.488932091044262
32,2,5,14,5.033867186983116,5.14056273503229,0.10669554804917425,6.488932091044262
32,2,5,15,5.14056273503229,5.242749874014407,0.10218713898211718,6.488932091044262
32,2,5,16,5.242749874014407,5.347791066975333,0.1050411929609254,6.488932091044262
32,2,5,17,5.347791066975333,5.4492806299822405,0.1014895630069077,6.488932091044262
32,2,5,18,5.4492806299822405,5.555677343043499,0.1063967130612582,6.488932091044262
32,2,5,19,5.555677343043499,5.656180863967165,0.10050352092366666,6.488932091044262
32,2,5,20,5.656180863967165,5.766208274988458,0.11002741102129221,6.488932091044262
32,2,5,21,5.766208274988458,5.882843613973819,0.11663533898536116,6.488932091044262
32,2,5,22,5.882843613973819,6.005955722997896,0.12311210902407765,6.488932091044262
32,2,5,23,6.005955722997896,6.136449318029918,0.1304935950320214,6.488932091044262
32,2,5,24,6.136449318029918,6.270436630002223,0.13398731197230518,6.488932091044262
32,2,5,25,6.270436630002223,6.411349202040583,0.14091257203835994,6.488932091044262
32,2,5,26,6.411349202040583,6.489888945012353,0.07853974297177047,6.488932091044262
32,2,6,1,2.0811328010167927,2.182527392054908,0.10139459103811532,6.488932091044262
32,2,6,2,2.182527392054908,2.283011518069543,0.10048412601463497,6.488932091044262
32,2,6,3,2.283011518069543,2.3840819330653176,0.10107041499577463,6.488932091044262
32,2,6,4,2.3840819330653176,2.484118515974842,0.10003658290952444,6.488932091044262
32,2,6,5,2.484118515974842,2.581753627047874,0.09763511107303202,6.488932091044262
32,2,6,6,2.581753627047874,2.679550205008127,0.09779657796025276,6.488932091044262
32,2,6,7,2.679550205008127,2.7815812920453027,0.1020310870371759,6.488932091044262
32,2,6,8,2.7815812920453027,2.8839553580619395,0.10237406601663679,6.488932091044262
32,2,6,9,2.8839553580619395,2.985912599018775,0.10195724095683545,6.488932091044262
32,2,6,10,2.985912599018775,3.0891623600618914,0.10324976104311645,6.488932091044262
32,2,6,11,3.0891623600618914,3.191458528046496,0.10229616798460484,6.488932091044262
32,2,6,12,3.191458528046496,3.294125000014901,0.10266647196840495,6.488932091044262
32,2,6,13,3.294125000014901,3.3956466040108353,0.10152160399593413,6.488932091044262
32,2,6,14,3.3956466040108353,3.4969507369678468,0.10130413295701146,6.488932091044262
32,2,6,15,3.4969507369678468,3.595664997003041,0.09871426003519446,6.488932091044262
32,2,6,16,3.595664997003041,3.6974532559979707,0.10178825899492949,6.488932091044262
32,2,6,17,3.6974532559979707,3.7988453489961103,0.10139209299813956,6.488932091044262
32,2,6,18,3.7988453489961103,3.902872971026227,0.10402762203011662,6.488932091044262
32,2,6,19,3.902872971026227,4.005174953024834,0.10230198199860752,6.488932091044262
32,2,6,20,4.005174953024834,4.109520395053551,0.1043454420287162,6.488932091044262
32,2,6,21,4.109520395053551,4.212313969968818,0.10279357491526753,6.488932091044262
32,2,6,22,4.212313969968818,4.315835495013744,0.10352152504492551,6.488932091044262
32,2,6,23,4.315835495013744,4.41716325096786,0.10132775595411658,6.488932091044262
32,2,6,24,4.41716325096786,4.520280814031139,0.1031175630632788,6.488932091044262
32,2,6,25,4.520280814031139,4.620356352068484,0.10007553803734481,6.488932091044262
32,2,6,26,4.620356352068484,4.723323054029606,0.10296670196112245,6.488932091044262
32,2,6,27,4.723323054029606,4.825761248008348,0.10243819397874177,6.488932091044262
32,2,6,28,4.825761248008348,4.931528873974457,0.10576762596610934,6.488932091044262
32,2,6,29,4.931528873974457,5.033538940013386,0.10201006603892893,6.488932091044262
32,2,6,30,5.033538940013386,5.1402187190251425,0.10667977901175618,6.488932091044262
32,2,6,31,5.1402187190251425,5.242405178025365,0.10218645900022238,6.488932091044262
32,2,6,32,5.242405178025365,5.347466008970514,0.10506083094514906,6.488932091044262
32,2,6,33,5.347466008970514,5.4489642140688375,0.10149820509832352,6.488932091044262
32,2,6,34,5.4489642140688375,5.5552365080220625,0.10627229395322502,6.488932091044262
32,2,6,35,5.5552365080220625,5.655847012996674,0.1006105049746111,6.488932091044262
32,2,6,36,5.655847012996674,5.765855594072491,0.11000858107581735,6.488932091044262
32,2,6,37,5.765855594072491,5.882506518973969,0.11665092490147799,6.488932091044262
32,2,6,38,5.882506518973969,6.005480188061483,0.12297366908751428,6.488932091044262
32,2,6,39,6.005480188061483,6.136107171070762,0.13062698300927877,6.488932091044262
32,2,6,40,6.136107171070762,6.270096329040825,0.1339891579700634,6.488932091044262
32,2,6,41,6.270096329040825,6.41088546498213,0.14078913594130427,6.488932091044262
32,2,6,42,6.41088546498213,6.489547415985726,0.07866195100359619,6.488932091044262
32,2,7,1,4.521151641965844,4.621040862984955,0.09988922101911157,6.488932091044262
32,2,7,2,4.621040862984955,4.724142321036197,0.10310145805124193,6.488932091044262
32,2,7,3,4.724142321036197,4.826495375018567,0.1023530539823696,6.488932091044262
32,2,7,4,4.826495375018567,4.932136261020787,0.10564088600222021,6.488932091044262
32,2,7,5,4.932136261020787,5.0341872370336205,0.10205097601283342,6.488932091044262
32,2,7,6,5.0341872370336205,5.140923634986393,0.10673639795277268,6.488932091044262
32,2,7,7,5.140923634986393,5.243081841967069,0.10215820698067546,6.488932091044262
32,2,7,8,5.243081841967069,5.348115251981653,0.10503341001458466,6.488932091044262
32,2,7,9,5.348115251981653,5.449599902960472,0.10148465097881854,6.488932091044262
32,2,7,10,5.449599902960472,5.5559016650076956,0.10630176204722375,6.488932091044262
32,2,7,11,5.5559016650076956,5.656490928959101,0.10058926395140588,6.488932091044262
32,2,7,12,5.656490928959101,5.766532961977646,0.11004203301854432,6.488932091044262
32,2,7,13,5.766532961977646,5.88318955397699,0.11665659199934453,6.488932091044262
32,2,7,14,5.88318955397699,6.006191459018737,0.1230019050417468,6.488932091044262
32,2,7,15,6.006191459018737,6.136690101004206,0.13049864198546857,6.488932091044262
32,2,7,16,6.136690101004206,6.270671249018051,0.13398114801384509,6.488932091044262
32,2,7,17,6.270671249018051,6.411571434000507,0.14090018498245627,6.488932091044262
32,2,7,18,6.411571434000507,6.490146266994998,0.07857483299449086,6.488932091044262
32,2,8,1,4.315473409020342,4.416967035969719,0.10149362694937736,6.488932091044262
32,2,8,2,4.416967035969719,4.520064939977601,0.10309790400788188,6.488932091044262
32,2,8,3,4.520064939977601,4.620131577015854,0.10006663703825325,6.488932091044262
32,2,8,4,4.620131577015854,4.723128022975288,0.10299644595943391,6.488932091044262
32,2,8,5,4.723128022975288,4.825537104974501,0.1024090819992125,6.488932091044262
32,2,8,6,4.825537104974501,4.931343797012232,0.10580669203773141,6.488932091044262
32,2,8,7,4.931343797012232,5.03335505106952,0.10201125405728817,6.488932091044262
32,2,8,8,5.03335505106952,5.140012216055766,0.10665716498624533,6.488932091044262
32,2,8,9,5.140012216055766,5.242203481029719,0.10219126497395337,6.488932091044262
32,2,8,10,5.242203481029719,5.347269739024341,0.10506625799462199,6.488932091044262
32,2,8,11,5.347269739024341,5.448758422979154,0.10148868395481259,6.488932091044262
32,2,8,12,5.448758422979154,5.555044909007847,0.10628648602869362,6.488932091044262
32,2,8,13,5.555044909007847,5.655656500020996,0.10061159101314843,6.488932091044262
32,2,8,14,5.655656500020996,5.765644710045308,0.10998821002431214,6.488932091044262
32,2,8,15,5.765644710045308,5.882308413041756,0.11666370299644768,6.488932091044262
32,2,8,16,5.882308413041756,6.005265414016321,0.12295700097456574,6.488932091044262
32,2,8,17,6.005265414016321,6.135898762033321,0.13063334801699966,6.488932091044262
32,2,8,18,6.135898762033321,6.2698849140433595,0.1339861520100385,6.488932091044262
32,2,8,19,6.2698849140433595,6.410696092061698,0.14081117801833898,6.488932091044262
32,2,8,20,6.410696092061698,6.489354716031812,0.0786586239701137,6.488932091044262
32,2,9,1,1.6755537850549445,1.7757533490657806,0.10019956401083618,6.488932091044262
32,2,9,2,1.7757533490657806,1.876041137962602,0.10028778889682144,6.488932091044262
32,2,9,3,1.876041137962602,1.9792913820128888,0.10325024405028671,6.488932091044262
32,2,9,4,1.9792913820128888,2.0813728590728715,0.10208147705998272,6.488932091044262
32,2,9,5,2.0813728590728715,2.1827612250344828,0.10138836596161127,6.488932091044262
32,2,9,6,2.1827612250344828,2.2832514049950987,0.10049017996061593,6.488932091044262
32,2,9,7,2.2832514049950987,2.3843150429893285,0.1010636379942298,6.488932091044262
32,2,9,8,2.3843150429893285,2.484374272986315,0.10005922999698669,6.488932091044262
32,2,9,9,2.484374272986315,2.5819869360420853,0.0976126630557701,6.488932091044262
32,2,9,10,2.5819869360420853,2.6797741550253704,0.09778721898328513,6.488932091044262
32,2,9,11,2.6797741550253704,2.781816350063309,0.10204219503793865,6.488932091044262
32,2,9,12,2.781816350063309,2.8843666290631518,0.1025502789998427,6.488932091044262
32,2,9,13,2.8843666290631518,2.9863060229690745,0.10193939390592277,6.488932091044262
32,2,9,14,2.9863060229690745,3.089530518045649,0.10322449507657439,6.488932091044262
32,2,9,15,3.089530518045649,3.191860686056316,0.10233016801066697,6.488932091044262
32,2,9,16,3.191860686056316,3.294524732977152,0.10266404692083597,6.488932091044262
32,2,9,17,3.294524732977152,3.396043607033789,0.10151887405663729,6.488932091044262
32,2,9,18,3.396043607033789,3.49738099204842,0.10133738501463085,6.488932091044262
32,2,9,19,3.49738099204842,3.596080793067813,0.09869980101939291,6.488932091044262
32,2,9,20,3.596080793067813,3.6982088580261916,0.10212806495837867,6.488932091044262
32,2,9,21,3.6982088580261916,3.7993365429574624,0.10112768493127078,6.488932091044262
32,2,9,22,3.7993365429574624,3.9033316429704428,0.1039951000129804,6.488932091044262
32,2,9,23,3.9033316429704428,4.005632565007545,0.10230092203710228,6.488932091044262
32,2,9,24,4.005632565007545,4.11001851700712,0.1043859519995749,6.488932091044262
32,2,9,25,4.11001851700712,4.212737290072255,0.10271877306513488,6.488932091044262
32,2,9,26,4.212737290072255,4.316278359037824,0.10354106896556914,6.488932091044262
32,2,9,27,4.316278359037824,4.417535537970252,0.10125717893242836,6.488932091044262
32,2,9,28,4.417535537970252,4.52069792302791,0.10316238505765796,6.488932091044262
32,2,9,29,4.52069792302791,4.620784914004616,0.10008699097670615,6.488932091044262
32,2,9,30,4.620784914004616,4.723997186985798,0.10321227298118174,6.488932091044262
32,2,9,31,4.723997186985798,4.82636360405013,0.10236641706433147,6.488932091044262
32,2,9,32,4.82636360405013,4.931929385056719,0.10556578100658953,6.488932091044262
32,2,9,33,4.931929385056719,5.034052609000355,0.10212322394363582,6.488932091044262
32,2,9,34,5.034052609000355,5.140693866997026,0.1066412579966709,6.488932091044262
32,2,9,35,5.140693866997026,5.242922986042686,0.1022291190456599,6.488932091044262
32,2,9,36,5.242922986042686,5.347975770011544,0.10505278396885842,6.488932091044262
32,2,9,37,5.347975770011544,5.4494687870610505,0.1014930170495063,6.488932091044262
32,2,9,38,5.4494687870610505,5.5557696300093085,0.10630084294825792,6.488932091044262
32,2,9,39,5.5557696300093085,5.656271926010959,0.10050229600165039,6.488932091044262
32,2,9,40,5.656271926010959,5.766301408060826,0.11002948204986751,6.488932091044262
32,2,9,41,5.766301408060826,5.883048680960201,0.11674727289937437,6.488932091044262
32,2,9,42,5.883048680960201,6.006053289980628,0.12300460902042687,6.488932091044262
32,2,9,43,6.006053289980628,6.136546461028047,0.1304931710474193,6.488932091044262
32,2,9,44,6.136546461028047,6.270530789974146,0.13398432894609869,6.488932091044262
32,2,9,45,6.270530789974146,6.411438776995055,0.1409079870209098,6.488932091044262
32,2,9,46,6.411438776995055,6.489997150958516,0.07855837396346033,6.488932091044262
32,2,10,5,-0.09821322304196656,0.011201892048120499,0.10941511509008706,6.488932091044262
32,2,10,6,0.011201892048120499,0.10751187999267131,0.09630998794455081,6.488932091044262
32,2,10,7,0.10751187999267131,0.2036363340448588,0.0961244540521875,6.488932091044262
32,2,10,8,0.2036363340448588,0.2957042200723663,0.09206788602750748,6.488932091044262
32,2,10,9,0.2957042200723663,0.396124855033122,0.1004206349607557,6.488932091044262
32,2,10,10,0.396124855033122,0.49297952302731574,0.09685466799419373,6.488932091044262
32,2,10,11,0.49297952302731574,0.5890827450202778,0.09610322199296206,6.488932091044262
32,2,10,12,0.5890827450202778,0.6834249499952421,0.09434220497496426,6.488932091044262
32,2,10,13,0.6834249499952421,0.7808581220451742,0.09743317204993218,6.488932091044262
32,2,10,14,0.7808581220451742,0.8812583680264652,0.10040024598129094,6.488932091044262
32,2,10,15,0.8812583680264652,0.9853095420403406,0.10405117401387542,6.488932091044262
32,2,10,16,0.9853095420403406,1.085766897071153,0.10045735503081232,6.488932091044262
32,2,10,17,1.085766897071153,1.1863240209640935,0.10055712389294058,6.488932091044262
32,2,10,18,1.1863240209640935,1.2839636290445924,0.09763960808049887,6.488932091044262
32,2,10,19,1.2839636290445924,1.3845101440092549,0.10054651496466249,6.488932091044262
32,2,10,20,1.3845101440092549,1.4807911809766665,0.09628103696741164,6.488932091044262
32,2,10,21,1.4807911809766665,1.5777693570125848,0.0969781760359183,6.488932091044262
32,2,10,22,1.5777693570125848,1.6750448750099167,0.09727551799733192,6.488932091044262
32,2,10,23,1.6750448750099167,1.7754800940165296,0.1004352190066129,6.488932091044262
32,2,10,24,1.7754800940165296,1.875799868023023,0.10031977400649339,6.488932091044262
32,2,10,25,1.875799868023023,1.9790488469880074,0.10324897896498442,6.488932091044262
32,2,10,26,1.9790488469880074,2.080863290000707,0.10181444301269948,6.488932091044262
32,2,10,27,2.080863290000707,2.182450297055766,0.10158700705505908,6.488932091044262
32,2,10,28,2.182450297055766,2.2829636280657724,0.10051333101000637,6.488932091044262
32,2,10,29,2.2829636280657724,2.3840325250057504,0.101068896939978,6.488932091044262
32,2,10,30,2.3840325250057504,2.4840655269799754,0.10003300197422504,6.488932091044262
32,2,10,31,2.4840655269799754,2.581707929028198,0.09764240204822272,6.488932091044262
32,2,10,32,2.581707929028198,2.67950494796969,0.09779701894149184,6.488932091044262
32,2,10,33,2.67950494796969,2.781534261070192,0.1020293131005019,6.488932091044262
32,2,10,34,2.781534261070192,2.884270626003854,0.10273636493366212,6.488932091044262
32,2,10,35,2.884270626003854,2.986208276008256,0.1019376500044018,6.488932091044262
32,2,10,36,2.986208276008256,3.08939704997465,0.10318877396639436,6.488932091044262
32,2,10,37,3.08939704997465,3.191759646986611,0.10236259701196104,6.488932091044262
32,2,10,38,3.191759646986611,3.2944254090543836,0.10266576206777245,6.488932091044262
32,2,10,39,3.2944254090543836,3.395887635066174,0.10146222601179034,6.488932091044262
32,2,10,40,3.395887635066174,3.49727899604477,0.10139136097859591,6.488932091044262
32,2,10,41,3.49727899604477,3.595981177059002,0.09870218101423234,6.488932091044262
32,2,10,42,3.595981177059002,3.6977921230718493,0.10181094601284713,6.488932091044262
32,2,10,43,3.6977921230718493,3.799159866059199,0.10136774298734963,6.488932091044262
32,2,10,44,3.799159866059199,3.9031140690203756,0.10395420296117663,6.488932091044262
32,2,10,45,3.9031140690203756,4.00548329600133,0.10236922698095441,6.488932091044262
32,2,10,46,4.00548329600133,4.109869258012623,0.10438596201129258,6.488932091044262
32,2,10,47,4.109869258012623,4.212544691050425,0.10267543303780258,6.488932091044262
32,2,10,48,4.212544691050425,4.316116706002504,0.10357201495207846,6.488932091044262
32,2,10,49,4.316116706002504,4.417395452968776,0.10127874696627259,6.488932091044262
32,2,10,50,4.417395452968776,4.5205409390619025,0.10314548609312624,6.488932091044262
32,2,10,51,4.5205409390619025,4.620626845979132,0.1000859069172293,6.488932091044262
32,2,10,52,4.620626845979132,4.723553581046872,0.10292673506774008,6.488932091044262
32,2,10,53,4.723553581046872,4.826148526975885,0.10259494592901319,6.488932091044262
32,2,10,54,4.826148526975885,4.931753006065264,0.10560447908937931,6.488932091044262
32,2,10,55,4.931753006065264,5.033773681963794,0.10202067589852959,6.488932091044262
32,2,10,56,5.033773681963794,5.140464594005607,0.10669091204181314,6.488932091044262
32,2,10,57,5.140464594005607,5.242651290958747,0.1021866969531402,6.488932091044262
32,2,10,58,5.242651290958747,5.347698607016355,0.10504731605760753,6.488932091044262
32,2,10,59,5.347698607016355,5.4491923049790785,0.10149369796272367,6.488932091044262
32,2,10,60,5.4491923049790785,5.555579764069989,0.10638745909091085,6.488932091044262
32,2,10,61,5.555579764069989,5.656087381998077,0.10050761792808771,6.488932091044262
32,2,10,62,5.656087381998077,5.766110179014504,0.11002279701642692,6.488932091044262
32,2,10,63,5.766110179014504,5.882746107061394,0.1166359280468896,6.488932091044262
32,2,10,64,5.882746107061394,6.005850546061993,0.12310443900059909,6.488932091044262
32,2,10,65,6.005850546061993,6.13635185896419,0.13050131290219724,6.488932091044262
32,2,10,66,6.13635185896419,6.270339542068541,0.13398768310435116,6.488932091044262
32,2,10,67,6.270339542068541,6.411258565960452,0.1409190238919109,6.488932091044262
32,2,10,68,6.411258565960452,6.489789398969151,0.07853083300869912,6.488932091044262
32,2,11,1,2.483882197062485,2.581502938992344,0.09762074192985892,6.488932091044262
32,2,11,2,2.581502938992344,2.6793003539787605,0.0977974149864167,6.488932091044262
32,2,11,3,2.6793003539787605,2.7813254090724513,0.10202505509369075,6.488932091044262
32,2,11,4,2.7813254090724513,2.884597224998288,0.10327181592583656,6.488932091044262
32,2,11,5,2.884597224998288,2.986533608054742,0.10193638305645436,6.488932091044262
32,2,11,6,2.986533608054742,3.090026238001883,0.10349262994714081,6.488932091044262
32,2,11,7,3.090026238001883,3.1921805230667815,0.10215428506489843,6.488932091044262
32,2,11,8,3.1921805230667815,3.294808331062086,0.10262780799530447,6.488932091044262
32,2,11,9,3.294808331062086,3.3963249949738383,0.1015166639117524,6.488932091044262
32,2,11,10,3.3963249949738383,3.497673425008543,0.1013484300347045,6.488932091044262
32,2,11,11,3.497673425008543,3.596359977964312,0.098686552955769,6.488932091044262
32,2,11,12,3.596359977964312,3.6985085390042514,0.10214856103993952,6.488932091044262
32,2,11,13,3.6985085390042514,3.7996196179883555,0.1011110789841041,6.488932091044262
32,2,11,14,3.7996196179883555,3.9038868630304933,0.1042672450421378,6.488932091044262
32,2,11,15,3.9038868630304933,4.0059921980137005,0.10210533498320729,6.488932091044262
32,2,11,16,4.0059921980137005,4.110342959989794,0.10435076197609305,6.488932091044262
32,2,11,17,4.110342959989794,4.213048901990987,0.10270594200119376,6.488932091044262
32,2,11,18,4.213048901990987,4.316643289057538,0.10359438706655055,6.488932091044262
32,2,11,19,4.316643289057538,4.417896816041321,0.10125352698378265,6.488932091044262
32,2,11,20,4.417896816041321,4.52141278795898,0.10351597191765904,6.488932091044262
32,2,11,21,4.52141278795898,4.621306458022445,0.09989367006346583,6.488932091044262
32,2,11,22,4.621306458022445,4.724440622958355,0.10313416493590921,6.488932091044262
32,2,11,23,4.724440622958355,4.826710527064279,0.10226990410592407,6.488932091044262
32,2,11,24,4.826710527064279,4.932642388972454,0.10593186190817505,6.488932091044262
32,2,11,25,4.932642388972454,5.034488172037527,0.10184578306507319,6.488932091044262
32,2,11,26,5.034488172037527,5.141211444046348,0.10672327200882137,6.488932091044262
32,2,11,27,5.141211444046348,5.243364045978524,0.10215260193217546,6.488932091044262
32,2,11,28,5.243364045978524,5.34866643906571,0.10530239308718592,6.488932091044262
32,2,11,29,5.34866643906571,5.449943026993424,0.10127658792771399,6.488932091044262
32,2,11,30,5.449943026993424,5.556214518030174,0.10627149103675038,6.488932091044262
32,2,11,31,5.556214518030174,5.65680064202752,0.10058612399734557,6.488932091044262
32,2,11,32,5.65680064202752,5.766889531048946,0.11008888902142644,6.488932091044262
32,2,11,33,5.766889531048946,5.88351442606654,0.1166248950175941,6.488932091044262
32,2,11,34,5.88351442606654,6.006509487982839,0.12299506191629916,6.488932091044262
32,2,11,35,6.006509487982839,6.1370916980085894,0.1305822100257501,6.488932091044262
32,2,11,36,6.1370916980085894,6.271063330001198,0.1339716319926083,6.488932091044262
32,2,11,37,6.271063330001198,6.411879835999571,0.14081650599837303,6.488932091044262
32,2,11,38,6.411879835999571,6.490534821059555,0.07865498505998403,6.488932091044262
32,2,12,1,0.8811274489853531,0.9852000440005213,0.10407259501516819,6.488932091044262
32,2,12,2,0.9852000440005213,1.0856289360672235,0.10042889206670225,6.488932091044262
32,2,12,3,1.0856289360672235,1.1862234430154786,0.100594506948255,6.488932091044262
32,2,12,4,1.1862234430154786,1.2838486799737439,0.0976252369582653,6.488932091044262
32,2,12,5,1.2838486799737439,1.3844082329887897,0.10055955301504582,6.488932091044262
32,2,12,6,1.3844082329887897,1.4806305919773877,0.09622235898859799,6.488932091044262
32,2,12,7,1.4806305919773877,1.5776131249731407,0.09698253299575299,6.488932091044262
32,2,12,8,1.5776131249731407,1.6749344170093536,0.09732129203621298,6.488932091044262
32,2,12,9,1.6749344170093536,1.7753089839825407,0.10037456697318703,6.488932091044262
32,2,12,10,1.7753089839825407,1.8757023389916867,0.10039335500914603,6.488932091044262
32,2,12,11,1.8757023389916867,1.9788770859595388,0.10317474696785212,6.488932091044262
32,2,12,12,1.9788770859595388,2.0807191180065274,0.1018420320469886,6.488932091044262
32,2,12,13,2.0807191180065274,2.1823511860566214,0.10163206805009395,6.488932091044262
32,2,12,14,2.1823511860566214,2.282795127015561,0.10044394095893949,6.488932091044262
32,2,12,15,2.282795127015561,2.3838582140160725,0.10106308700051159,6.488932091044262
32,2,12,16,2.3838582140160725,2.483955117990263,0.10009690397419035,6.488932091044262
32,2,12,17,2.483955117990263,2.581612281035632,0.09765716304536909,6.488932091044262
32,2,12,18,2.581612281035632,2.6794105289736763,0.09779824793804437,6.488932091044262
32,2,12,19,2.6794105289736763,2.781434123055078,0.10202359408140182,6.488932091044262
32,2,12,20,2.781434123055078,2.8835401970427483,0.10210607398767024,6.488932091044262
32,2,12,21,2.8835401970427483,2.985721862060018,0.10218166501726955,6.488932091044262
32,2,12,22,2.985721862060018,3.08899882202968,0.10327695996966213,6.488932091044262
32,2,12,23,3.08899882202968,3.191291955066845,0.10229313303716481,6.488932091044262
32,2,12,24,3.191291955066845,3.2939593240153044,0.10266736894845963,6.488932091044262
32,2,12,25,3.2939593240153044,3.3954156800173223,0.10145635600201786,6.488932091044262
32,2,12,26,3.3954156800173223,3.4967696700477973,0.10135399003047496,6.488932091044262
32,2,12,27,3.4967696700477973,3.5954998660599813,0.09873019601218402,6.488932091044262
32,2,12,28,3.5954998660599813,3.6972769759595394,0.10177710989955813,6.488932091044262
32,2,12,29,3.6972769759595394,3.7986783439991996,0.10140136803966016,6.488932091044262
32,2,12,30,3.7986783439991996,3.902705152053386,0.1040268080541864,6.488932091044262
32,2,12,31,3.902705152053386,4.005008060019463,0.10230290796607733,6.488932091044262
32,2,12,32,4.005008060019463,4.109077172004618,0.10406911198515445,6.488932091044262
32,2,12,33,4.109077172004618,4.21208733599633,0.10301016399171203,6.488932091044262
32,2,12,34,4.21208733599633,4.315154670039192,0.10306733404286206,6.488932091044262
32,2,12,35,4.315154670039192,4.416875096037984,0.10172042599879205,6.488932091044262
32,2,12,36,4.416875096037984,4.5200026870006695,0.10312759096268564,6.488932091044262
32,2,12,37,4.5200026870006695,4.620067319017835,0.10006463201716542,6.488932091044262
32,2,12,38,4.620067319017835,4.723073392058723,0.10300607304088771,6.488932091044262
32,2,12,39,4.723073392058723,4.825469388044439,0.10239599598571658,6.488932091044262
32,2,12,40,4.825469388044439,4.931289521977305,0.10582013393286616,6.488932091044262
32,2,12,41,4.931289521977305,5.033302868017927,0.1020133460406214,6.488932091044262
32,2,12,42,5.033302868017927,5.1399536890676245,0.1066508210496977,6.488932091044262
32,2,12,43,5.1399536890676245,5.2421460170298815,0.10219232796225697,6.488932091044262
32,2,12,44,5.2421460170298815,5.3472078470513225,0.10506183002144098,6.488932091044262
32,2,12,45,5.3472078470513225,5.448695807019249,0.10148795996792614,6.488932091044262
32,2,12,46,5.448695807019249,5.554993786034174,0.10629797901492566,6.488932091044262
32,2,12,47,5.554993786034174,5.655607045046054,0.10061325901187956,6.488932091044262
32,2,12,48,5.655607045046054,5.76558892801404,0.10998188296798617,6.488932091044262
32,2,12,49,5.76558892801404,5.882257468998432,0.11666854098439217,6.488932091044262
32,2,12,50,5.882257468998432,6.0052095130085945,0.12295204401016235,6.488932091044262
32,2,12,51,6.0052095130085945,6.135845888056792,0.1306363750481978,6.488932091044262
32,2,12,52,6.135845888056792,6.269834025064483,0.13398813700769097,6.488932091044262
32,2,12,53,6.269834025064483,6.410643186070956,0.140809161006473,6.488932091044262
32,2,12,54,6.410643186070956,6.489306307048537,0.07866312097758055,6.488932091044262
32,2,13,1,4.932506307959557,5.034353996976279,0.10184768901672214,6.488932091044262
32,2,13,2,5.034353996976279,5.141069481964223,0.10671548498794436,6.488932091044262
32,2,13,3,5.141069481964223,5.243223348981701,0.10215386701747775,6.488932091044262
32,2,13,4,5.243223348981701,5.348525834968314,0.10530248598661274,6.488932091044262
32,2,13,5,5.348525834968314,5.449806016986258,0.10128018201794475,6.488932091044262
32,2,13,6,5.449806016986258,5.556084832991473,0.10627881600521505,6.488932091044262
32,2,13,7,5.556084832991473,5.6566703809658065,0.10058554797433317,6.488932091044262
32,2,13,8,5.6566703809658065,5.766742608975619,0.11007222800981253,6.488932091044262
32,2,13,9,5.766742608975619,5.883376260055229,0.11663365107960999,6.488932091044262
32,2,13,10,5.883376260055229,6.006374694989063,0.12299843493383378,6.488932091044262
32,2,13,11,6.006374694989063,6.136946927988902,0.1305722329998389,6.488932091044262
32,2,13,12,6.136946927988902,6.27086157805752,0.13391465006861836,6.488932091044262
32,2,13,13,6.27086157805752,6.411748614977114,0.1408870369195938,6.488932091044262
32,2,13,14,6.411748614977114,6.490345448022708,0.0785968330455944,6.488932091044262
32,2,14,1,1.284399584052153,1.3847932340577245,0.10039365000557154,6.488932091044262
32,2,14,2,1.3847932340577245,1.481001932057552,0.09620869799982756,6.488932091044262
32,2,14,3,1.481001932057552,1.5779887180542573,0.0969867859967053,6.488932091044262
32,2,14,4,1.5779887180542573,1.675298971007578,0.09731025295332074,6.488932091044262
32,2,14,5,1.675298971007578,1.7756800460629165,0.10038107505533844,6.488932091044262
32,2,14,6,1.7756800460629165,1.875991047010757,0.10031100094784051,6.488932091044262
32,2,14,7,1.875991047010757,1.9792441159952432,0.10325306898448616,6.488932091044262
32,2,14,8,1.9792441159952432,2.0813284260220826,0.10208431002683938,6.488932091044262
32,2,14,9,2.0813284260220826,2.1827167440205812,0.10138831799849868,6.488932091044262
32,2,14,10,2.1827167440205812,2.2832045550458133,0.10048781102523208,6.488932091044262
32,2,14,11,2.2832045550458133,2.3842692150501534,0.10106466000434011,6.488932091044262
32,2,14,12,2.3842692150501534,2.4843247369863093,0.10005552193615586,6.488932091044262
32,2,14,13,2.4843247369863093,2.5819351950194687,0.09761045803315938,6.488932091044262
32,2,14,14,2.5819351950194687,2.679729780065827,0.0977945850463584,6.488932091044262
32,2,14,15,2.679729780065827,2.781769098015502,0.10203931794967502,6.488932091044262
32,2,14,16,2.781769098015502,2.8845518520101905,0.10278275399468839,6.488932091044262
32,2,14,17,2.8845518520101905,2.9864890209864825,0.10193716897629201,6.488932091044262
32,2,14,18,2.9864890209864825,3.0899794220458716,0.10349040105938911,6.488932091044262
32,2,14,19,3.0899794220458716,3.1921353740617633,0.10215595201589167,6.488932091044262
32,2,14,20,3.1921353740617633,3.2947611670242622,0.10262579296249896,6.488932091044262
32,2,14,21,3.2947611670242622,3.3962779690045863,0.10151680198032409,6.488932091044262
32,2,14,22,3.3962779690045863,3.497625741059892,0.10134777205530554,6.488932091044262
32,2,14,23,3.497625741059892,3.596314760041423,0.09868901898153126,6.488932091044262
32,2,14,24,3.596314760041423,3.6984597670380026,0.10214500699657947,6.488932091044262
32,2,14,25,3.6984597670380026,3.7995740410406142,0.10111427400261164,6.488932091044262
32,2,14,26,3.7995740410406142,3.9038403420709074,0.10426630103029311,6.488932091044262
32,2,14,27,3.9038403420709074,4.005945186014287,0.10210484394337982,6.488932091044262
32,2,14,28,4.005945186014287,4.110296842060052,0.10435165604576468,6.488932091044262
32,2,14,29,4.110296842060052,4.213005210040137,0.10270836798008531,6.488932091044262
32,2,14,30,4.213005210040137,4.316590809961781,0.10358559992164373,6.488932091044262
32,2,14,31,4.316590809961781,4.417853806051426,0.10126299608964473,6.488932091044262
32,2,14,32,4.417853806051426,4.521363286068663,0.10350948001723737,6.488932091044262
32,2,14,33,4.521363286068663,4.621256142971106,0.09989285690244287,6.488932091044262
32,2,14,34,4.621256142971106,4.724395142053254,0.10313899908214808,6.488932091044262
32,2,14,35,4.724395142053254,4.826668650028296,0.10227350797504187,6.488932091044262
32,2,14,36,4.826668650028296,4.932599493069574,0.10593084304127842,6.488932091044262
32,2,14,37,4.932599493069574,5.034444143995643,0.10184465092606843,6.488932091044262
32,2,14,38,5.034444143995643,5.14116515906062,0.10672101506497711,6.488932091044262
32,2,14,39,5.14116515906062,5.243317889980972,0.10215273092035204,6.488932091044262
32,2,14,40,5.243317889980972,5.348620756994933,0.10530286701396108,6.488932091044262
32,2,14,41,5.348620756994933,5.44989326200448,0.10127250500954688,6.488932091044262
32,2,14,42,5.44989326200448,5.556171230971813,0.10627796896733344,6.488932091044262
32,2,14,43,5.556171230971813,5.656756395008415,0.10058516403660178,6.488932091044262
32,2,14,44,5.656756395008415,5.766840765019879,0.11008437001146376,6.488932091044262
32,2,14,45,5.766840765019879,5.883469182066619,0.11662841704674065,6.488932091044262
32,2,14,46,5.883469182066619,6.006465206039138,0.12299602397251874,6.488932091044262
32,2,14,47,6.006465206039138,6.137045123963617,0.13057991792447865,6.488932091044262
32,2,14,48,6.137045123963617,6.270965275005437,0.13392015104182065,6.488932091044262
32,2,14,49,6.270965275005437,6.411836185026914,0.14087091002147645,6.488932091044262
32,2,14,50,6.411836185026914,6.490440353052691,0.07860416802577674,6.488932091044262
32,2,15,8,-0.09776775003410876,0.011363439029082656,0.10913118906319141,6.488932091044262
32,2,15,9,0.011363439029082656,0.1075623290380463,0.09619889000896364,6.488932091044262
32,2,15,10,0.1075623290380463,0.2036895629717037,0.09612723393365741,6.488932091044262
32,2,15,11,0.2036895629717037,0.2957565700635314,0.09206700709182769,6.488932091044262
32,2,15,12,0.2957565700635314,0.3961745280539617,0.1004179579904303,6.488932091044262
32,2,15,13,0.3961745280539617,0.4930328739574179,0.09685834590345621,6.488932091044262
32,2,15,14,0.4930328739574179,0.5891342730028555,0.09610139904543757,6.488932091044262
32,2,15,15,0.5891342730028555,0.6834757099859416,0.09434143698308617,6.488932091044262
32,2,15,16,0.6834757099859416,0.7809101269813254,0.0974344169953838,6.488932091044262
32,2,15,17,0.7809101269813254,0.881307187024504,0.1003970600431785,6.488932091044262
32,2,15,18,0.881307187024504,0.98536294803489,0.10405576101038605,6.488932091044262
32,2,15,19,0.98536294803489,1.0858213079627603,0.10045835992787033,6.488932091044262
32,2,15,20,1.0858213079627603,1.1863728170283139,0.10055150906555355,6.488932091044262
32,2,15,21,1.1863728170283139,1.2840142470085993,0.09764142998028547,6.488932091044262
32,2,15,22,1.2840142470085993,1.3846118630608544,0.10059761605225503,6.488932091044262
32,2,15,23,1.3846118630608544,1.480845186044462,0.09623332298360765,6.488932091044262
32,2,15,24,1.480845186044462,1.5778217479819432,0.09697656193748116,6.488932091044262
32,2,15,25,1.5778217479819432,1.6751561759738252,0.09733442799188197,6.488932091044262
32,2,15,26,1.6751561759738252,1.7755332679953426,0.10037709202151746,6.488932091044262
32,2,15,27,1.7755332679953426,1.8758471120381728,0.10031384404283017,6.488932091044262
32,2,15,28,1.8758471120381728,1.9790994620416313,0.10325235000345856,6.488932091044262
32,2,15,29,1.9790994620416313,2.081188342999667,0.10208888095803559,6.488932091044262
32,2,15,30,2.081188342999667,2.1825755700701848,0.10138722707051784,6.488932091044262
32,2,15,31,2.1825755700701848,2.283060005051084,0.1004844349808991,6.488932091044262
32,2,15,32,2.283060005051084,2.384128078003414,0.10106807295233011,6.488932091044262
32,2,15,33,2.384128078003414,2.4841722750570625,0.10004419705364853,6.488932091044262
32,2,15,34,2.4841722750570625,2.581800263025798,0.0976279879687354,6.488932091044262
32,2,15,35,2.581800263025798,2.679595504072495,0.0977952410466969,6.488932091044262
32,2,15,36,2.679595504072495,2.7816285910084844,0.10203308693598956,6.488932091044262
32,2,15,37,2.7816285910084844,2.8838901930721477,0.1022616020636633,6.488932091044262
32,2,15,38,2.8838901930721477,2.9858609180664644,0.1019707249943167,6.488932091044262
32,2,15,39,2.9858609180664644,3.0891110070515424,0.10325008898507804,6.488932091044262
32,2,15,40,3.0891110070515424,3.1914075170643628,0.10229651001282036,6.488932091044262
32,2,15,41,3.1914075170643628,3.2940738099860027,0.10266629292163998,6.488932091044262
32,2,15,42,3.2940738099860027,3.395594928995706,0.1015211190097034,6.488932091044262
32,2,15,43,3.395594928995706,3.4968883369583637,0.10129340796265751,6.488932091044262
32,2,15,44,3.4968883369583637,3.5956130160484463,0.09872467909008265,6.488932091044262
32,2,15,45,3.5956130160484463,3.6973991920240223,0.10178617597557604,6.488932091044262
32,2,15,46,3.6973991920240223,3.798792260000482,0.10139306797645986,6.488932091044262
32,2,15,47,3.798792260000482,3.9028201129985973,0.10402785299811512,6.488932091044262
32,2,15,48,3.9028201129985973,4.005121988011524,0.10230187501292676,6.488932091044262
32,2,15,49,4.005121988011524,4.109188938047737,0.1040669500362128,6.488932091044262
32,2,15,50,4.109188938047737,4.212192842038348,0.10300390399061143,6.488932091044262
32,2,15,51,4.212192842038348,4.315601516049355,0.10340867401100695,6.488932091044262
32,2,15,52,4.315601516049355,4.417068355018273,0.10146683896891773,6.488932091044262
32,2,15,53,4.417068355018273,4.520175548968837,0.10310719395056367,6.488932091044262
32,2,15,54,4.520175548968837,4.620246386039071,0.10007083707023412,6.488932091044262
32,2,15,55,4.620246386039071,4.723226562957279,0.1029801769182086,6.488932091044262
32,2,15,56,4.723226562957279,4.825651317019947,0.10242475406266749,6.488932091044262
32,2,15,57,4.825651317019947,4.93143780704122,0.1057864900212735,6.488932091044262
32,2,15,58,4.93143780704122,5.03344799100887,0.10201018396764994,6.488932091044262
32,2,15,59,5.03344799100887,5.140118045033887,0.10667005402501673,6.488932091044262
32,2,15,60,5.140118045033887,5.2423067160416394,0.10218867100775242,6.488932091044262
32,2,15,61,5.2423067160416394,5.347369714058004,0.10506299801636487,6.488932091044262
32,2,15,62,5.347369714058004,5.4488577300217,0.10148801596369594,6.488932091044262
32,2,15,63,5.4488577300217,5.5551407389575616,0.10628300893586129,6.488932091044262
32,2,15,64,5.5551407389575616,5.655752038001083,0.10061129904352129,6.488932091044262
32,2,15,65,5.655752038001083,5.765754378051497,0.1100023400504142,6.488932091044262
32,2,15,66,5.765754378051497,5.882408197037876,0.11665381898637861,6.488932091044262
32,2,15,67,5.882408197037876,6.005371815990657,0.12296361895278096,6.488932091044262
32,2,15,68,6.005371815990657,6.1360072089591995,0.13063539296854287,6.488932091044262
32,2,15,69,6.1360072089591995,6.269996628980152,0.13398942002095282,6.488932091044262
32,2,15,70,6.269996628980152,6.410792050068267,0.14079542108811438,6.488932091044262
32,2,15,71,6.410792050068267,6.489451935049146,0.07865988498087972,6.488932091044262
32,2,16,1,-0.09784679103177041,0.011307829059660435,0.10915462009143084,6.488932091044262
32,2,16,2,0.011307829059660435,0.10746132698841393,0.0961534979287535,6.488932091044262
32,2,16,3,0.10746132698841393,0.20358093199320138,0.09611960500478745,6.488932091044262
32,2,16,4,0.20358093199320138,0.2956497409613803,0.09206880896817893,6.488932091044262
32,2,16,5,0.2956497409613803,0.3960716020083055,0.10042186104692519,6.488932091044262
32,2,16,6,0.3960716020083055,0.49291677703149617,0.09684517502319068,6.488932091044262
32,2,16,7,0.49291677703149617,0.5890309970127419,0.0961142199812457,6.488932091044262
32,2,16,8,0.5890309970127419,0.683372879982926,0.09434188297018409,6.488932091044262
32,2,16,9,0.683372879982926,0.7808068570448086,0.09743397706188262,6.488932091044262
32,2,16,10,0.7808068570448086,0.8812052720459178,0.10039841500110924,6.488932091044262
32,2,16,11,0.8812052720459178,0.9852570559596643,0.10405178391374648,6.488932091044262
32,2,16,12,0.9852570559596643,1.0856859770137817,0.10042892105411738,6.488932091044262
32,2,16,13,1.0856859770137817,1.1862743640085682,0.10058838699478656,6.488932091044262
32,2,16,14,1.1862743640085682,1.2839007700094953,0.09762640600092709,6.488932091044262
32,2,16,15,1.2839007700094953,1.3844593210378662,0.10055855102837086,6.488932091044262
32,2,16,16,1.3844593210378662,1.4806809070287272,0.09622158599086106,6.488932091044262
32,2,16,17,1.4806809070287272,1.5776629620231688,0.09698205499444157,6.488932091044262
32,2,16,18,1.5776629620231688,1.6749941139714792,0.09733115194831043,6.488932091044262
32,2,16,19,1.6749941139714792,1.775359294959344,0.10036518098786473,6.488932091044262
32,2,16,20,1.775359294959344,1.8757537719793618,0.1003944770200178,6.488932091044262
32,2,16,21,1.8757537719793618,1.9789966150419787,0.10324284306261688,6.488932091044262
32,2,16,22,1.9789966150419787,2.0807655280223116,0.10176891298033297,6.488932091044262
32,2,16,23,2.0807655280223116,2.1824029210256413,0.10163739300332963,6.488932091044262
32,2,16,24,2.1824029210256413,2.2829014220042154,0.10049850097857416,6.488932091044262
32,2,16,25,2.2829014220042154,2.3839804680319503,0.10107904602773488,6.488932091044262
32,2,16,26,2.3839804680319503,2.4840109690558165,0.10003050102386624,6.488932091044262
32,2,16,27,2.4840109690558165,2.58166077604983,0.09764980699401349,6.488932091044262
32,2,16,28,2.58166077604983,2.6794589350465685,0.0977981589967385,6.488932091044262
32,2,16,29,2.6794589350465685,2.7814857750199735,0.102026839973405,6.488932091044262
32,2,16,30,2.7814857750199735,2.8844589709769934,0.10297319595701993,6.488932091044262
32,2,16,31,2.8844589709769934,2.986398337990977,0.10193936701398343,6.488932091044262
32,2,16,32,2.986398337990977,3.08988407603465,0.10348573804367334,6.488932091044262
32,2,16,33,3.08988407603465,3.192039203015156,0.10215512698050588,6.488932091044262
32,2,16,34,3.192039203015156,3.2946670659584925,0.10262786294333637,6.488932091044262
32,2,16,35,3.2946670659584925,3.3961859779665247,0.1015189120080322,6.488932091044262
32,2,16,36,3.3961859779665247,3.497528931009583,0.10134295304305851,6.488932091044262
32,2,16,37,3.497528931009583,3.5962221319787204,0.09869320096913725,6.488932091044262
32,2,16,38,3.5962221319787204,3.698362027062103,0.10213989508338273,6.488932091044262
32,2,16,39,3.698362027062103,3.799478532979265,0.1011165059171617,6.488932091044262
32,2,16,40,3.799478532979265,3.9037448109593242,0.10426627798005939,6.488932091044262
32,2,16,41,3.9037448109593242,4.005843881051987,0.10209907009266317,6.488932091044262
32,2,16,42,4.005843881051987,4.110204580007121,0.10436069895513356,6.488932091044262
32,2,16,43,4.110204580007121,4.21291204506997,0.10270746506284922,6.488932091044262
32,2,16,44,4.21291204506997,4.316486369003542,0.10357432393357158,6.488932091044262
32,2,16,45,4.316486369003542,4.41776762297377,0.10128125397022814,6.488932091044262
32,2,16,46,4.41776762297377,4.521263325004838,0.1034957020310685,6.488932091044262
32,2,16,47,4.521263325004838,4.621149766957387,0.09988644195254892,6.488932091044262
32,2,16,48,4.621149766957387,4.724301312002353,0.10315154504496604,6.488932091044262
32,2,16,49,4.724301312002353,4.826582174981013,0.10228086297865957,6.488932091044262
32,2,16,50,4.826582174981013,4.932225942029618,0.10564376704860479,6.488932091044262
32,2,16,51,4.932225942029618,5.034280247986317,0.10205430595669895,6.488932091044262
32,2,16,52,5.034280247986317,5.141023020027205,0.10674277204088867,6.488932091044262
32,2,16,53,5.141023020027205,5.243175124051049,0.102152104023844,6.488932091044262
32,2,16,54,5.243175124051049,5.348480753018521,0.10530562896747142,6.488932091044262
32,2,16,55,5.348480753018521,5.449761964962818,0.10128121194429696,6.488932091044262
32,2,16,56,5.449761964962818,5.556040255003609,0.10627829004079103,6.488932091044262
32,2,16,57,5.556040255003609,5.6566238349769264,0.10058357997331768,6.488932091044262
32,2,16,58,5.6566238349769264,5.766691341996193,0.11006750701926649,6.488932091044262
32,2,16,59,5.766691341996193,5.883329303003848,0.11663796100765467,6.488932091044262
32,2,16,60,5.883329303003848,6.0063283370109275,0.1229990340070799,6.488932091044262
32,2,16,61,6.0063283370109275,6.136832621996291,0.13050428498536348,6.488932091044262
32,2,16,62,6.136832621996291,6.270814305054955,0.1339816830586642,6.488932091044262
32,2,16,63,6.270814305054955,6.411703955964185,0.1408896509092301,6.488932091044262
32,2,16,64,6.411703955964185,6.4902972530107945,0.07859329704660922,6.488932091044262
32,2,17,1,0.10730062297079712,0.20340977399609983,0.09610915102530271,6.488932091044262
32,2,17,2,0.20340977399609983,0.2954685810254887,0.09205880702938884,6.488932091044262
32,2,17,3,0.2954685810254887,0.39587776898406446,0.10040918795857579,6.488932091044262
32,2,17,4,0.39587776898406446,0.49279851897154003,0.09692074998747557,6.488932091044262
32,2,17,5,0.49279851897154003,0.5889056620653719,0.09610714309383184,6.488932091044262
32,2,17,6,0.5889056620653719,0.6832597079919651,0.09435404592659324,6.488932091044262
32,2,17,7,0.6832597079919651,0.780690941028297,0.09743123303633183,6.488932091044262
32,2,17,8,0.780690941028297,0.8807929940521717,0.10010205302387476,6.488932091044262
32,2,17,9,0.8807929940521717,0.9850559560582042,0.10426296200603247,6.488932091044262
32,2,17,10,0.9850559560582042,1.0855060910107568,0.10045013495255262,6.488932091044262
32,2,17,11,1.0855060910107568,1.1861137460218742,0.10060765501111746,6.488932091044262
32,2,17,12,1.1861137460218742,1.2837303300620988,0.09761658404022455,6.488932091044262
32,2,17,13,1.2837303300620988,1.384293252020143,0.10056292195804417,6.488932091044262
32,2,17,14,1.384293252020143,1.4805156979709864,0.0962224459508434,6.488932091044262
32,2,17,15,1.4805156979709864,1.5775008499622345,0.09698515199124813,6.488932091044262
32,2,17,16,1.5775008499622345,1.674822877976112,0.09732202801387757,6.488932091044262
32,2,17,17,1.674822877976112,1.7751790080219507,0.10035613004583865,6.488932091044262
32,2,17,18,1.7751790080219507,1.8752514549996704,0.10007244697771966,6.488932091044262
32,2,17,19,1.8752514549996704,1.9786709540057927,0.10341949900612235,6.488932091044262
32,2,17,20,1.9786709540057927,2.0805554400430992,0.10188448603730649,6.488932091044262
32,2,17,21,2.0805554400430992,2.1821351039689034,0.1015796639258042,6.488932091044262
32,2,17,22,2.1821351039689034,2.28262763901148,0.10049253504257649,6.488932091044262
32,2,17,23,2.28262763901148,2.3836922330083326,0.10106459399685264,6.488932091044262
32,2,17,24,2.3836922330083326,2.4833891689777374,0.09969693596940488,6.488932091044262
32,2,17,25,2.4833891689777374,2.5813200919656083,0.09793092298787087,6.488932091044262
32,2,17,26,2.5813200919656083,2.6791424370603636,0.09782234509475529,6.488932091044262
32,2,17,27,2.6791424370603636,2.781160620972514,0.10201818391215056,6.488932091044262
32,2,17,28,2.781160620972514,2.8834049630677328,0.1022443420952186,6.488932091044262
32,2,17,29,2.8834049630677328,2.985581328975968,0.10217636590823531,6.488932091044262
32,2,17,30,2.985581328975968,3.0888314630137756,0.10325013403780758,6.488932091044262
32,2,17,31,3.0888314630137756,3.191140762064606,0.1023092990508303,6.488932091044262
32,2,17,32,3.191140762064606,3.2937910880427808,0.1026503259781748,6.488932091044262
32,2,17,33,3.2937910880427808,3.3953283759765327,0.10153728793375194,6.488932091044262
32,2,17,34,3.3953283759765327,3.4966168040409684,0.10128842806443572,6.488932091044262
32,2,17,35,3.4966168040409684,3.595352797070518,0.09873599302954972,6.488932091044262
32,2,17,36,3.595352797070518,3.6971161169931293,0.10176331992261112,6.488932091044262
32,2,17,37,3.6971161169931293,3.7985271479701623,0.10141103097703308,6.488932091044262
32,2,17,38,3.7985271479701623,3.902534722001292,0.10400757403112948,6.488932091044262
32,2,17,39,3.902534722001292,4.004848761018366,0.10231403901707381,6.488932091044262
32,2,17,40,4.004848761018366,4.108924819971435,0.10407605895306915,6.488932091044262
32,2,17,41,4.108924819971435,4.211912179016508,0.10298735904507339,6.488932091044262
32,2,17,42,4.211912179016508,4.314990587066859,0.10307840805035084,6.488932091044262
32,2,17,43,4.314990587066859,4.416790085961111,0.10179949889425188,6.488932091044262
32,2,17,44,4.416790085961111,4.51989835803397,0.10310827207285911,6.488932091044262
32,2,17,45,4.51989835803397,4.619966474012472,0.10006811597850174,6.488932091044262
32,2,17,46,4.619966474012472,4.722986488020979,0.10302001400850713,6.488932091044262
32,2,17,47,4.722986488020979,4.8252989850007,0.10231249697972089,6.488932091044262
32,2,17,48,4.8252989850007,4.931208426016383,0.10590944101568311,6.488932091044262
32,2,17,49,4.931208426016383,5.0332204550504684,0.10201202903408557,6.488932091044262
32,2,17,50,5.0332204550504684,5.139854665962048,0.10663421091157943,6.488932091044262
32,2,17,51,5.139854665962048,5.242056207964197,0.10220154200214893,6.488932091044262
32,2,17,52,5.242056207964197,5.347111109062098,0.10505490109790117,6.488932091044262
32,2,17,53,5.347111109062098,5.4486021370394155,0.10149102797731757,6.488932091044262
32,2,17,54,5.4486021370394155,5.554597284994088,0.10599514795467257,6.488932091044262
32,2,17,55,5.554597284994088,5.655436708009802,0.10083942301571369,6.488932091044262
32,2,17,56,5.655436708009802,5.765433895052411,0.10999718704260886,6.488932091044262
32,2,17,57,5.765433895052411,5.882111947052181,0.1166780519997701,6.488932091044262
32,2,17,58,5.882111947052181,6.004933646065183,0.12282169901300222,6.488932091044262
32,2,17,59,6.004933646065183,6.135699433973059,0.13076578790787607,6.488932091044262
32,2,17,60,6.135699433973059,6.269689796958119,0.13399036298505962,6.488932091044262
32,2,17,61,6.269689796958119,6.410402762005106,0.14071296504698694,6.488932091044262
32,2,17,62,6.410402762005106,6.489191488013603,0.07878872600849718,6.488932091044262
32,2,18,1,0.4926864040317014,0.5887955529615283,0.09610914892982692,6.488932091044262
32,2,18,2,0.5887955529615283,0.683158857980743,0.09436330501921475,6.488932091044262
32,2,18,3,0.683158857980743,0.7805743999779224,0.09741554199717939,6.488932091044262
32,2,18,4,0.7805743999779224,0.8806775739649311,0.10010317398700863,6.488932091044262
32,2,18,5,0.8806775739649311,0.9849468889879063,0.1042693150229752,6.488932091044262
32,2,18,6,0.9849468889879063,1.0853636129759252,0.10041672398801893,6.488932091044262
32,2,18,7,1.0853636129759252,1.1860226009739563,0.10065898799803108,6.488932091044262
32,2,18,8,1.1860226009739563,1.283636996988207,0.09761439601425081,6.488932091044262
32,2,18,9,1.283636996988207,1.3841659700265154,0.10052897303830832,6.488932091044262
32,2,18,10,1.3841659700265154,1.480396970990114,0.09623100096359849,6.488932091044262
32,2,18,11,1.480396970990114,1.5773854959988967,0.09698852500878274,6.488932091044262
32,2,18,12,1.5773854959988967,1.6747103560483083,0.09732486004941165,6.488932091044262
32,2,18,13,1.6747103560483083,1.7750510850455612,0.10034072899725288,6.488932091044262
32,2,18,14,1.7750510850455612,1.8751217980170622,0.10007071297150105,6.488932091044262
32,2,18,15,1.8751217980170622,1.97854769800324,0.10342589998617768,6.488932091044262
32,2,18,16,1.97854769800324,2.080388835980557,0.10184113797731698,6.488932091044262
32,2,18,17,2.080388835980557,2.181989985052496,0.10160114907193929,6.488932091044262
32,2,18,18,2.181989985052496,2.2824760780204087,0.10048609296791255,6.488932091044262
32,2,18,19,2.2824760780204087,2.383516299072653,0.1010402210522443,6.488932091044262
32,2,18,20,2.383516299072653,2.4832380620064214,0.09972176293376833,6.488932091044262
32,2,18,21,2.4832380620064214,2.5811740229837596,0.09793596097733825,6.488932091044262
32,2,18,22,2.5811740229837596,2.6789923639735207,0.09781834098976105,6.488932091044262
32,2,18,23,2.6789923639735207,2.7810012430418283,0.10200887906830758,6.488932091044262
32,2,18,24,2.7810012430418283,2.884127432014793,0.10312618897296488,6.488932091044262
32,2,18,25,2.884127432014793,2.9860137139912695,0.10188628197647631,6.488932091044262
32,2,18,26,2.9860137139912695,3.0892586950212717,0.10324498103000224,6.488932091044262
32,2,18,27,3.0892586950212717,3.1915554399602115,0.10229674493893981,6.488932091044262
32,2,18,28,3.1915554399602115,3.2942235469818115,0.10266810702160001,6.488932091044262
32,2,18,29,3.2942235469818115,3.3957442180253565,0.10152067104354501,6.488932091044262
32,2,18,30,3.3957442180253565,3.4970553669845685,0.101311148959212,6.488932091044262
32,2,18,31,3.4970553669845685,3.5957622099667788,0.09870684298221022,6.488932091044262
32,2,18,32,3.5957622099667788,3.69756048603449,0.10179827606771141,6.488932091044262
32,2,18,33,3.69756048603449,3.7989525130251423,0.10139202699065208,6.488932091044262
32,2,18,34,3.7989525130251423,3.902974992059171,0.10402247903402895,6.488932091044262
32,2,18,35,3.902974992059171,4.005273479036987,0.10229848697781563,6.488932091044262
32,2,18,36,4.005273479036987,4.109724301961251,0.10445082292426378,6.488932091044262
32,2,18,37,4.109724301961251,4.212408893974498,0.10268459201324731,6.488932091044262
32,2,18,38,4.212408893974498,4.315950679010712,0.1035417850362137,6.488932091044262
32,2,18,39,4.315950679010712,4.417254613013938,0.10130393400322646,6.488932091044262
32,2,18,40,4.417254613013938,4.520382681046613,0.10312806803267449,6.488932091044262
32,2,18,41,4.520382681046613,4.620466149994172,0.1000834689475596,6.488932091044262
32,2,18,42,4.620466149994172,4.7234149450669065,0.10294879507273436,6.488932091044262
32,2,18,43,4.7234149450669065,4.825998215004802,0.10258326993789524,6.488932091044262
32,2,18,44,4.825998215004802,4.931617574067786,0.10561935906298459,6.488932091044262
32,2,18,45,4.931617574067786,5.0336329019628465,0.10201532789506018,6.488932091044262
32,2,18,46,5.0336329019628465,5.140317382058129,0.1066844800952822,6.488932091044262
32,2,18,47,5.140317382058129,5.242504645022564,0.10218726296443492,6.488932091044262
32,2,18,48,5.242504645022564,5.347558886976913,0.10505424195434898,6.488932091044262
32,2,18,49,5.347558886976913,5.449057511053979,0.10149862407706678,6.488932091044262
32,2,18,50,5.449057511053979,5.555328121059574,0.10627061000559479,6.488932091044262
32,2,18,51,5.555328121059574,5.655950341024436,0.10062221996486187,6.488932091044262
32,2,18,52,5.655950341024436,5.765963737037964,0.11001339601352811,6.488932091044262
32,2,18,53,5.765963737037964,5.882602758007124,0.1166390209691599,6.488932091044262
32,2,18,54,5.882602758007124,6.005583715974353,0.12298095796722919,6.488932091044262
32,2,18,55,6.005583715974353,6.13620498299133,0.13062126701697707,6.488932091044262
32,2,18,56,6.13620498299133,6.270193089032546,0.13398810604121536,6.488932091044262
32,2,18,57,6.270193089032546,6.411114698043093,0.1409216090105474,6.488932091044262
32,2,18,58,6.411114698043093,6.489644117071293,0.07852941902820021,6.488932091044262
32,2,19,1,0.6837959240656346,0.7810621090466157,0.09726618498098105,6.488932091044262
32,2,19,2,0.7810621090466157,0.8814033650560305,0.10034125600941479,6.488932091044262
32,2,19,3,0.8814033650560305,0.9854645309969783,0.10406116594094783,6.488932091044262
32,2,19,4,0.9854645309969783,1.0862516569904983,0.10078712599352002,6.488932091044262
32,2,19,5,1.0862516569904983,1.1865495870588347,0.10029793006833643,6.488932091044262
32,2,19,6,1.1865495870588347,1.2844706129981205,0.09792102593928576,6.488932091044262
32,2,19,7,1.2844706129981205,1.3848436659900472,0.10037305299192667,6.488932091044262
32,2,19,8,1.3848436659900472,1.4810510800452903,0.09620741405524313,6.488932091044262
32,2,19,9,1.4810510800452903,1.57803854404483,0.09698746399953961,6.488932091044262
32,2,19,10,1.57803854404483,1.675606272998266,0.09756772895343602,6.488932091044262
32,2,19,11,1.675606272998266,1.7758029650431126,0.10019669204484671,6.488932091044262
32,2,19,12,1.7758029650431126,1.8760860579786822,0.10028309293556958,6.488932091044262
32,2,19,13,1.8760860579786822,1.9793385099619627,0.10325245198328048,6.488932091044262
32,2,19,14,1.9793385099619627,2.0814179920125753,0.10207948205061257,6.488932091044262
32,2,19,15,2.0814179920125753,2.182806264027022,0.10138827201444656,6.488932091044262
32,2,19,16,2.182806264027022,2.283296694047749,0.10049043002072722,6.488932091044262
32,2,19,17,2.283296694047749,2.3843622050480917,0.10106551100034267,6.488932091044262
32,2,19,18,2.3843622050480917,2.4844240930397063,0.10006188799161464,6.488932091044262
32,2,19,19,2.4844240930397063,2.5820305939996615,0.09760650095995516,6.488932091044262
32,2,19,20,2.5820305939996615,2.6801033230731264,0.09807272907346487,6.488932091044262
32,2,19,21,2.6801033230731264,2.781942052068189,0.10183872899506241,6.488932091044262
32,2,19,22,2.781942052068189,2.8840765240602195,0.10213447199203074,6.488932091044262
32,2,19,23,2.8840765240602195,2.9859669350553304,0.10189041099511087,6.488932091044262
32,2,19,24,2.9859669350553304,3.089210474048741,0.10324353899341077,6.488932091044262
32,2,19,25,3.089210474048741,3.19150825496763,0.10229778091888875,6.488932091044262
32,2,19,26,3.19150825496763,3.294174285023473,0.1026660300558433,6.488932091044262
32,2,19,27,3.294174285023473,3.395696394960396,0.10152210993692279,6.488932091044262
32,2,19,28,3.395696394960396,3.497003189055249,0.1013067940948531,6.488932091044262
32,2,19,29,3.497003189055249,3.5957138270605356,0.09871063800528646,6.488932091044262
32,2,19,30,3.5957138270605356,3.697506749071181,0.10179292201064527,6.488932091044262
32,2,19,31,3.697506749071181,3.7988953409949318,0.10138859192375094,6.488932091044262
32,2,19,32,3.7988953409949318,3.9029212810564786,0.10402594006154686,6.488932091044262
32,2,19,33,3.9029212810564786,4.00522491405718,0.10230363300070167,6.488932091044262
32,2,19,34,4.00522491405718,4.109671302023344,0.10444638796616346,6.488932091044262
32,2,19,35,4.109671302023344,4.212361968006007,0.10269066598266363,6.488932091044262
32,2,19,36,4.212361968006007,4.315890380996279,0.10352841299027205,6.488932091044262
32,2,19,37,4.315890380996279,4.417209767038003,0.10131938604172319,6.488932091044262
32,2,19,38,4.417209767038003,4.520332255051471,0.10312248801346868,6.488932091044262
32,2,19,39,4.520332255051471,4.620412101969123,0.1000798469176516,6.488932091044262
32,2,19,40,4.620412101969123,4.723370115971193,0.10295801400206983,6.488932091044262
32,2,19,41,4.723370115971193,4.825929963961244,0.10255984799005091,6.488932091044262
32,2,19,42,4.825929963961244,4.931573771056719,0.1056438070954755,6.488932091044262
32,2,19,43,4.931573771056719,5.033586565055884,0.1020127939991653,6.488932091044262
32,2,19,44,5.033586565055884,5.140268711023964,0.10668214596807957,6.488932091044262
32,2,19,45,5.140268711023964,5.242455041967332,0.10218633094336838,6.488932091044262
32,2,19,46,5.242455041967332,5.347513827960938,0.10505878599360585,6.488932091044262
32,2,19,47,5.347513827960938,5.449010784970596,0.10149695700965822,6.488932091044262
32,2,19,48,5.449010784970596,5.55528285598848,0.10627207101788372,6.488932091044262
32,2,19,49,5.55528285598848,5.655893704970367,0.1006108489818871,6.488932091044262
32,2,19,50,5.655893704970367,5.7659064050531015,0.11001270008273423,6.488932091044262
32,2,19,51,5.7659064050531015,5.882555454969406,0.11664904991630465,6.488932091044262
32,2,19,52,5.882555454969406,6.005533599993214,0.12297814502380788,6.488932091044262
32,2,19,53,6.005533599993214,6.136156663065776,0.13062306307256222,6.488932091044262
32,2,19,54,6.136156663065776,6.270144548034295,0.1339878849685192,6.488932091044262
32,2,19,55,6.270144548034295,6.410932149039581,0.14078760100528598,6.488932091044262
32,2,19,56,6.410932149039581,6.489596475032158,0.07866432599257678,6.488932091044262
32,2,20,3,-0.0977120449533686,0.011415607994422317,0.10912765294779092,6.488932091044262
32,2,20,4,0.011415607994422317,0.10740316601004452,0.0959875580156222,6.488932091044262
32,2,20,5,0.10740316601004452,0.20351861603558064,0.09611545002553612,6.488932091044262
32,2,20,6,0.20351861603558064,0.29558581695891917,0.09206720092333853,6.488932091044262
32,2,20,7,0.29558581695891917,0.3960042840335518,0.10041846707463264,6.488932091044262
32,2,20,8,0.3960042840335518,0.4928618740523234,0.09685759001877159,6.488932091044262
32,2,20,9,0.4928618740523234,0.5889756350079551,0.09611376095563173,6.488932091044262
32,2,20,10,0.5889756350079551,0.6833184550050646,0.09434281999710947,6.488932091044262
32,2,20,11,0.6833184550050646,0.7807519000489265,0.09743344504386187,6.488932091044262
32,2,20,12,0.7807519000489265,0.8808555400464684,0.1001036399975419,6.488932091044262
32,2,20,13,0.8808555400464684,0.9851174639770761,0.10426192393060774,6.488932091044262
32,2,20,14,0.9851174639770761,1.0855699869571254,0.10045252298004925,6.488932091044262
32,2,20,15,1.0855699869571254,1.1861708849901333,0.10060089803300798,6.488932091044262
32,2,20,16,1.1861708849901333,1.283794122049585,0.09762323705945164,6.488932091044262
32,2,20,17,1.283794122049585,1.3843543250113726,0.10056020296178758,6.488932091044262
32,2,20,18,1.3843543250113726,1.4805766539648175,0.09622232895344496,6.488932091044262
32,2,20,19,1.4805766539648175,1.5775615109596401,0.09698485699482262,6.488932091044262
32,2,20,20,1.5775615109596401,1.6748809290584177,0.09731941809877753,6.488932091044262
32,2,20,21,1.6748809290584177,1.7752455220324919,0.10036459297407418,6.488932091044262
32,2,20,22,1.7752455220324919,1.8753103710478172,0.10006484901532531,6.488932091044262
32,2,20,23,1.8753103710478172,1.978738431003876,0.10342805995605886,6.488932091044262
32,2,20,24,1.978738431003876,2.08061867300421,0.10188024200033396,6.488932091044262
32,2,20,25,2.08061867300421,2.1821970010641962,0.10157832805998623,6.488932091044262
32,2,20,26,2.1821970010641962,2.2826912930468097,0.1004942919826135,6.488932091044262
32,2,20,27,2.2826912930468097,2.3837574389763176,0.10106614592950791,6.488932091044262
32,2,20,28,2.3837574389763176,2.4834564600605518,0.09969902108423412,6.488932091044262
32,2,20,29,2.4834564600605518,2.5813793099951,0.09792284993454814,6.488932091044262
32,2,20,30,2.5813793099951,2.679202551022172,0.09782324102707207,6.488932091044262
32,2,20,31,2.679202551022172,2.781222727964632,0.10202017694246024,6.488932091044262
32,2,20,32,2.781222727964632,2.884176742983982,0.10295401501934975,6.488932091044262
32,2,20,33,2.884176742983982,2.9860626440495253,0.1018859010655433,6.488932091044262
32,2,20,34,2.9860626440495253,3.089307332993485,0.10324468894395977,6.488932091044262
32,2,20,35,3.089307332993485,3.191604402032681,0.10229706903919578,6.488932091044262
32,2,20,36,3.191604402032681,3.2942701700376347,0.10266576800495386,6.488932091044262
32,2,20,37,3.2942701700376347,3.3957922080298886,0.1015220379922539,6.488932091044262
32,2,20,38,3.3957922080298886,3.497107635019347,0.1013154269894585,6.488932091044262
32,2,20,39,3.497107635019347,3.595809877035208,0.09870224201586097,6.488932091044262
32,2,20,40,3.595809877035208,3.697613227996044,0.10180335096083581,6.488932091044262
32,2,20,41,3.697613227996044,3.7990010930225253,0.10138786502648145,6.488932091044262
32,2,20,42,3.7990010930225253,3.903022125014104,0.10402103199157864,6.488932091044262
32,2,20,43,3.903022125014104,4.00532206799835,0.10229994298424572,6.488932091044262
32,2,20,44,4.00532206799835,4.109774311073124,0.10445224307477474,6.488932091044262
32,2,20,45,4.109774311073124,4.2124541259836406,0.10267981491051614,6.488932091044262
32,2,20,46,4.2124541259836406,4.316007817978971,0.10355369199533015,6.488932091044262
32,2,20,47,4.316007817978971,4.417301191017032,0.10129337303806096,6.488932091044262
32,2,20,48,4.417301191017032,4.52043571905233,0.10313452803529799,6.488932091044262
32,2,20,49,4.52043571905233,4.620518894051202,0.10008317499887198,6.488932091044262
32,2,20,50,4.620518894051202,4.72346217406448,0.10294328001327813,6.488932091044262
32,2,20,51,4.72346217406448,4.826051729964092,0.1025895558996126,6.488932091044262
32,2,20,52,4.826051729964092,4.93166237603873,0.10561064607463777,6.488932091044262
32,2,20,53,4.93166237603873,5.033679809072055,0.10201743303332478,6.488932091044262
32,2,20,54,5.033679809072055,5.140366915962659,0.1066871068906039,6.488932091044262
32,2,20,55,5.140366915962659,5.242554818047211,0.10218790208455175,6.488932091044262
32,2,20,56,5.242554818047211,5.347605796996504,0.1050509789492935,6.488932091044262
32,2,20,57,5.347605796996504,5.449102562037297,0.10149676504079252,6.488932091044262
32,2,20,58,5.449102562037297,5.555373396025971,0.10627083398867399,6.488932091044262
32,2,20,59,5.555373396025971,5.6559963329928,0.100622936966829,6.488932091044262
32,2,20,60,5.6559963329928,5.766013127984479,0.11001679499167949,6.488932091044262
32,2,20,61,5.766013127984479,5.882649503997527,0.116636376013048,6.488932091044262
32,2,20,62,5.882649503997527,6.005634268978611,0.12298476498108357,6.488932091044262
32,2,20,63,6.005634268978611,6.136253093020059,0.13061882404144853,6.488932091044262
32,2,20,64,6.136253093020059,6.270240882062353,0.13398778904229403,6.488932091044262
32,2,20,65,6.270240882062353,6.4111643839860335,0.1409235019236803,6.488932091044262
32,2,20,66,6.4111643839860335,6.489692923962139,0.0785285399761051,6.488932091044262
32,2,21,1,3.089833043050021,3.191990504041314,0.10215746099129319,6.488932091044262
32,2,21,2,3.191990504041314,3.2946199100697413,0.10262940602842718,6.488932091044262
32,2,21,3,3.2946199100697413,3.39613794896286,0.1015180388931185,6.488932091044262
32,2,21,4,3.39613794896286,3.4974803449586034,0.10134239599574357,6.488932091044262
32,2,21,5,3.4974803449586034,3.596174060017802,0.09869371505919844,6.488932091044262
32,2,21,6,3.596174060017802,3.6983115980401635,0.1021375380223617,6.488932091044262
32,2,21,7,3.6983115980401635,3.7994310810463503,0.10111948300618678,6.488932091044262
32,2,21,8,3.7994310810463503,3.9034249130636454,0.10399383201729506,6.488932091044262
32,2,21,9,3.9034249130636454,4.005724471062422,0.10229955799877644,6.488932091044262
32,2,21,10,4.005724471062422,4.110111130983569,0.10438665992114693,6.488932091044262
32,2,21,11,4.110111130983569,4.212824849993922,0.10271371901035309,6.488932091044262
32,2,21,12,4.212824849993922,4.316382238990627,0.10355738899670541,6.488932091044262
32,2,21,13,4.316382238990627,4.417673791991547,0.10129155300091952,6.488932091044262
32,2,21,14,4.417673791991547,4.520858532981947,0.10318474099040031,6.488932091044262
32,2,21,15,4.520858532981947,4.620952110970393,0.10009357798844576,6.488932091044262
32,2,21,16,4.620952110970393,4.72409424604848,0.10314213507808745,6.488932091044262
32,2,21,17,4.72409424604848,4.826451860019006,0.10235761397052556,6.488932091044262
32,2,21,18,4.826451860019006,4.932024401030503,0.10557254101149738,6.488932091044262
32,2,21,19,4.932024401030503,5.034143437049352,0.10211903601884842,6.488932091044262
32,2,21,20,5.034143437049352,5.140875397017226,0.10673195996787399,6.488932091044262
32,2,21,21,5.140875397017226,5.243035229970701,0.10215983295347542,6.488932091044262
32,2,21,22,5.243035229970701,5.348070319974795,0.10503509000409395,6.488932091044262
32,2,21,23,5.348070319974795,5.4495558940107,0.1014855740359053,6.488932091044262
32,2,21,24,5.4495558940107,5.555857407045551,0.10630151303485036,6.488932091044262
32,2,21,25,5.555857407045551,5.656445921980776,0.10058851493522525,6.488932091044262
32,2,21,26,5.656445921980776,5.766395876999013,0.10994995501823723,6.488932091044262
32,2,21,27,5.766395876999013,5.883141844999045,0.11674596800003201,6.488932091044262
32,2,21,28,5.883141844999045,6.006145269027911,0.12300342402886599,6.488932091044262
32,2,21,29,6.006145269027911,6.1366431440692395,0.13049787504132837,6.488932091044262
32,2,21,30,6.1366431440692395,6.270624386961572,0.13398124289233238,6.488932091044262
32,2,21,31,6.270624386961572,6.411527171032503,0.14090278407093138,6.488932091044262
32,2,21,32,6.411527171032503,6.490096981055103,0.0785698100226,6.488932091044262
32,2,22,1,4.109462041058578,4.212266137008555,0.10280409594997764,6.488932091044262
32,2,22,2,4.212266137008555,4.315777053008787,0.1035109160002321,6.488932091044262
32,2,22,3,4.315777053008787,4.417117253062315,0.10134020005352795,6.488932091044262
32,2,22,4,4.417117253062315,4.520228912006132,0.10311165894381702,6.488932091044262
32,2,22,5,4.520228912006132,4.620302087045275,0.10007317503914237,6.488932091044262
32,2,22,6,4.620302087045275,4.723275828058831,0.10297374101355672,6.488932091044262
32,2,22,7,4.723275828058831,4.825707323034294,0.10243149497546256,6.488932091044262
32,2,22,8,4.825707323034294,4.9314845650224015,0.10577724198810756,6.488932091044262
32,2,22,9,4.9314845650224015,5.03349324001465,0.10200867499224842,6.488932091044262
32,2,22,10,5.03349324001465,5.140169108053669,0.1066758680390194,6.488932091044262
32,2,22,11,5.140169108053669,5.2423577919835225,0.10218868392985314,6.488932091044262
32,2,22,12,5.2423577919835225,5.347419262048788,0.1050614700652659,6.488932091044262
32,2,22,13,5.347419262048788,5.448906505014747,0.10148724296595901,6.488932091044262
32,2,22,14,5.448906505014747,5.555190009996295,0.1062835049815476,6.488932091044262
32,2,22,15,5.555190009996295,5.655800114036538,0.10061010404024273,6.488932091044262
32,2,22,16,5.655800114036538,5.765805755043402,0.11000564100686461,6.488932091044262
32,2,22,17,5.765805755043402,5.882458148989826,0.11665239394642413,6.488932091044262
32,2,22,18,5.882458148989826,6.0054282729979604,0.12297012400813401,6.488932091044262
32,2,22,19,6.0054282729979604,6.136057986994274,0.1306297139963135,6.488932091044262
32,2,22,20,6.136057986994274,6.270047517027706,0.13398953003343195,6.488932091044262
32,2,22,21,6.270047517027706,6.410839898977429,0.14079238194972277,6.488932091044262
32,2,22,22,6.410839898977429,6.48950110306032,0.07866120408289135,6.488932091044262
32,2,23,1,2.6800509670283645,2.7818877190584317,0.10183675203006715,6.488932091044262
32,2,23,2,2.7818877190584317,2.8845055339625105,0.10261781490407884,6.488932091044262
32,2,23,3,2.8845055339625105,2.986443161033094,0.1019376270705834,6.488932091044262
32,2,23,4,2.986443161033094,3.089930262998678,0.10348710196558386,6.488932091044262
32,2,23,5,3.089930262998678,3.192087440053001,0.10215717705432326,6.488932091044262
32,2,23,6,3.192087440053001,3.2947143400087953,0.10262689995579422,6.488932091044262
32,2,23,7,3.2947143400087953,3.3962325480533764,0.10151820804458112,6.488932091044262
32,2,23,8,3.3962325480533764,3.497577634989284,0.1013450869359076,6.488932091044262
32,2,23,9,3.497577634989284,3.5962689709849656,0.09869133599568158,6.488932091044262
32,2,23,10,3.5962689709849656,3.698411601013504,0.1021426300285384,6.488932091044262
32,2,23,11,3.698411601013504,3.7995280490722507,0.10111644805874676,6.488932091044262
32,2,23,12,3.7995280490722507,3.9037924520671368,0.10426440299488604,6.488932091044262
32,2,23,13,3.9037924520671368,4.00589101400692,0.1020985619397834,6.488932091044262
32,2,23,14,4.00589101400692,4.110250881058164,0.10435986705124378,6.488932091044262
32,2,23,15,4.110250881058164,4.212961929035373,0.10271104797720909,6.488932091044262
32,2,23,16,4.212961929035373,4.316538625978865,0.1035766969434917,6.488932091044262
32,2,23,17,4.316538625978865,4.417811337974854,0.10127271199598908,6.488932091044262
32,2,23,18,4.417811337974854,4.5213133950019255,0.10350205702707171,6.488932091044262
32,2,23,19,4.5213133950019255,4.6212044360581785,0.09989104105625302,6.488932091044262
32,2,23,20,4.6212044360581785,4.724348463001661,0.10314402694348246,6.488932091044262
32,2,23,21,4.724348463001661,4.8266261840472,0.10227772104553878,6.488932091044262
32,2,23,22,4.8266261840472,4.932555780047551,0.10592959600035101,6.488932091044262
32,2,23,23,4.932555780047551,5.034400269971229,0.10184448992367834,6.488932091044262
32,2,23,24,5.034400269971229,5.14111847197637,0.10671820200514048,6.488932091044262
32,2,23,25,5.14111847197637,5.243270750972442,0.10215227899607271,6.488932091044262
32,2,23,26,5.243270750972442,5.348572042072192,0.1053012910997495,6.488932091044262
32,2,23,27,5.348572042072192,5.449850535020232,0.10127849294804037,6.488932091044262
32,2,23,28,5.449850535020232,5.55612841504626,0.10627788002602756,6.488932091044262
32,2,23,29,5.55612841504626,5.6567142410203815,0.10058582597412169,6.488932091044262
32,2,23,30,5.6567142410203815,5.766792176058516,0.11007793503813446,6.488932091044262
32,2,23,31,5.766792176058516,5.883423676015809,0.11663149995729327,6.488932091044262
32,2,23,32,5.883423676015809,6.006419494980946,0.122995818965137,6.488932091044262
32,2,23,33,6.006419494980946,6.136999020003714,0.13057952502276748,6.488932091044262
32,2,23,34,6.136999020003714,6.2709099049679935,0.13391088496427983,6.488932091044262
32,2,23,35,6.2709099049679935,6.411792663042434,0.14088275807444006,6.488932091044262
32,2,23,36,6.411792663042434,6.490393926040269,0.07860126299783587,6.488932091044262
32,2,24,1,5.348383423988707,5.449671559035778,0.10128813504707068,6.488932091044262
32,2,24,2,5.449671559035778,5.5559516419889405,0.10628008295316249,6.488932091044262
32,2,24,3,5.5559516419889405,5.65653477597516,0.10058313398621976,6.488932091044262
32,2,24,4,5.65653477597516,5.766586971003562,0.11005219502840191,6.488932091044262
32,2,24,5,5.766586971003562,5.883235713001341,0.11664874199777842,6.488932091044262
32,2,24,6,5.883235713001341,6.006237069959752,0.12300135695841163,6.488932091044262
32,2,24,7,6.006237069959752,6.136736813001335,0.1304997430415824,6.488932091044262
32,2,24,8,6.136736813001335,6.270717554027215,0.13398074102587998,6.488932091044262
32,2,24,9,6.270717554027215,6.411615086020902,0.14089753199368715,6.488932091044262
32,2,24,10,6.411615086020902,6.4901951210340485,0.0785800350131467,6.488932091044262
32,2,25,1,5.141587460064329,5.243530548992567,0.10194308892823756,6.488932091044262
32,2,25,2,5.243530548992567,5.348799313069321,0.10526876407675445,6.488932091044262
32,2,25,3,5.348799313069321,5.450074755004607,0.10127544193528593,6.488932091044262
32,2,25,4,5.450074755004607,5.556344812037423,0.10627005703281611,6.488932091044262
32,2,25,5,5.556344812037423,5.65693504398223,0.10059023194480687,6.488932091044262
32,2,25,6,5.65693504398223,5.767044238047674,0.11010919406544417,6.488932091044262
32,2,25,7,5.767044238047674,5.883651240030304,0.1166070019826293,6.488932091044262
32,2,25,8,5.883651240030304,6.006645065033808,0.12299382500350475,6.488932091044262
32,2,25,9,6.006645065033808,6.137235459056683,0.13059039402287453,6.488932091044262
32,2,25,10,6.137235459056683,6.2712070209672675,0.13397156191058457,6.488932091044262
32,2,25,11,6.2712070209672675,6.41201800305862,0.14081098209135234,6.488932091044262
32,2,25,12,6.41201800305862,6.49067794601433,0.07865994295571,6.488932091044262
32,2,26,1,2.28363410604652,2.3844782380620018,0.10084413201548159,6.488932091044262
32,2,26,2,2.3844782380620018,2.4845234840177,0.10004524595569819,6.488932091044262
32,2,26,3,2.4845234840177,2.5821172290015966,0.09759374498389661,6.488932091044262
32,2,26,4,2.5821172290015966,2.6801947630010545,0.09807753399945796,6.488932091044262
32,2,26,5,2.6801947630010545,2.7820348870009184,0.10184012399986386,6.488932091044262
32,2,26,6,2.7820348870009184,2.884411960025318,0.10237707302439958,6.488932091044262
32,2,26,7,2.884411960025318,2.9863521000370383,0.10194014001172036,6.488932091044262
32,2,26,8,2.9863521000370383,3.089577742968686,0.1032256429316476,6.488932091044262
32,2,26,9,3.089577742968686,3.19190749397967,0.10232975101098418,6.488932091044262
32,2,26,10,3.19190749397967,3.2945715320529416,0.10266403807327151,6.488932091044262
32,2,26,11,3.2945715320529416,3.396091148024425,0.10151961597148329,6.488932091044262
32,2,26,12,3.396091148024425,3.497430811985396,0.10133966396097094,6.488932091044262
32,2,26,13,3.497430811985396,3.5961275149602443,0.09869670297484845,6.488932091044262
32,2,26,14,3.5961275149602443,3.6982604060322046,0.10213289107196033,6.488932091044262
32,2,26,15,3.6982604060322046,3.799384879064746,0.10112447303254157,6.488932091044262
32,2,26,16,3.799384879064746,3.9033792309928685,0.10399435192812234,6.488932091044262
32,2,26,17,3.9033792309928685,4.005677927983925,0.1022986969910562,6.488932091044262
32,2,26,18,4.005677927983925,4.110065891989507,0.10438796400558203,6.488932091044262
32,2,26,19,4.110065891989507,4.212781321024522,0.1027154290350154,6.488932091044262
32,2,26,20,4.212781321024522,4.316330663044937,0.10354934202041477,6.488932091044262
32,2,26,21,4.316330663044937,4.417581879999489,0.10125121695455164,6.488932091044262
32,2,26,22,4.417581879999489,4.520748676033691,0.10316679603420198,6.488932091044262
32,2,26,23,4.520748676033691,4.620836792048067,0.10008811601437628,6.488932091044262
32,2,26,24,4.620836792048067,4.724045632057823,0.10320884000975639,6.488932091044262
32,2,26,25,4.724045632057823,4.826407706015743,0.10236207395792007,6.488932091044262
32,2,26,26,4.826407706015743,4.93198224902153,0.10557454300578684,6.488932091044262
32,2,26,27,4.93198224902153,5.034098639036529,0.10211639001499861,6.488932091044262
32,2,26,28,5.034098639036529,5.140823735971935,0.10672509693540633,6.488932091044262
32,2,26,29,5.140823735971935,5.242985935998149,0.10216220002621412,6.488932091044262
32,2,26,30,5.242985935998149,5.3480249310377985,0.10503899503964931,6.488932091044262
32,2,26,31,5.3480249310377985,5.44951307203155,0.10148814099375159,6.488932091044262
32,2,26,32,5.44951307203155,5.555813702987507,0.10630063095595688,6.488932091044262
32,2,26,33,5.555813702987507,5.656398396007717,0.10058469302020967,6.488932091044262
32,2,26,34,5.656398396007717,5.7663482669740915,0.10994987096637487,6.488932091044262
32,2,26,35,5.7663482669740915,5.883095697965473,0.1167474309913814,6.488932091044262
32,2,26,36,5.883095697965473,6.006099832011387,0.12300413404591382,6.488932091044262
32,2,26,37,6.006099832011387,6.1365953830536455,0.13049555104225874,6.488932091044262
32,2,26,38,6.1365953830536455,6.270578401046805,0.1339830179931596,6.488932091044262
32,2,26,39,6.270578401046805,6.411482478026301,0.14090407697949558,6.488932091044262
32,2,26,40,6.411482478026301,6.490047106985003,0.07856462895870209,6.488932091044262
32,2,27,1,3.903691785992123,4.005795247037895,0.10210346104577184,6.488932091044262
32,2,27,2,4.005795247037895,4.110157822957262,0.10436257591936737,6.488932091044262
32,2,27,3,4.110157822957262,4.212868792004883,0.10271096904762089,6.488932091044262
32,2,27,4,4.212868792004883,4.316433514002711,0.10356472199782729,6.488932091044262
32,2,27,5,4.316433514002711,4.417722268030047,0.10128875402733684,6.488932091044262
32,2,27,6,4.417722268030047,4.521210254984908,0.10348798695486039,6.488932091044262
32,2,27,7,4.521210254984908,4.621095302049071,0.09988504706416279,6.488932091044262
32,2,27,8,4.621095302049071,4.724249852006324,0.10315454995725304,6.488932091044262
32,2,27,9,4.724249852006324,4.826539178960957,0.102289326954633,6.488932091044262
32,2,27,10,4.826539178960957,4.932182179996744,0.10564300103578717,6.488932091044262
32,2,27,11,4.932182179996744,5.034233700018376,0.10205152002163231,6.488932091044262
32,2,27,12,5.034233700018376,5.140975767048076,0.10674206702969968,6.488932091044262
32,2,27,13,5.140975767048076,5.243128707050346,0.10215294000227004,6.488932091044262
32,2,27,14,5.243128707050346,5.348434285959229,0.10530557890888304,6.488932091044262
32,2,27,15,5.348434285959229,5.449717145995237,0.10128286003600806,6.488932091044262
32,2,27,16,5.449717145995237,5.555996000999585,0.10627885500434786,6.488932091044262
32,2,27,17,5.555996000999585,5.656579507980496,0.1005835069809109,6.488932091044262
32,2,27,18,5.656579507980496,5.7666397580178455,0.11006025003734976,6.488932091044262
32,2,27,19,5.7666397580178455,5.88328273803927,0.11664298002142459,6.488932091044262
32,2,27,20,5.88328273803927,6.006282231071964,0.12299949303269386,6.488932091044262
32,2,27,21,6.006282231071964,6.136785738985054,0.1305035079130903,6.488932091044262
32,2,27,22,6.136785738985054,6.2707640620647,0.13397832307964563,6.488932091044262
32,2,27,23,6.2707640620647,6.411658867960796,0.14089480589609593,6.488932091044262
32,2,27,24,6.411658867960796,6.490244357963093,0.07858549000229686,6.488932091044262
32,2,28,1,1.0861883390462026,1.1864967449801043,0.10030840593390167,6.488932091044262
32,2,28,2,1.1864967449801043,1.2841122980462387,0.09761555306613445,6.488932091044262
32,2,28,3,1.2841122980462387,1.384714632993564,0.10060233494732529,6.488932091044262
32,2,28,4,1.384714632993564,1.4809512610081583,0.09623662801459432,6.488932091044262
32,2,28,5,1.4809512610081583,1.5779207240557298,0.09696946304757148,6.488932091044262
32,2,28,6,1.5779207240557298,1.675253967056051,0.09733324300032109,6.488932091044262
32,2,28,7,1.675253967056051,1.775631683995016,0.10037771693896502,6.488932091044262
32,2,28,8,1.775631683995016,1.8759472380625084,0.10031555406749249,6.488932091044262
32,2,28,9,1.8759472380625084,1.979196408065036,0.10324917000252753,6.488932091044262
32,2,28,10,1.979196408065036,2.0812834589742124,0.10208705090917647,6.488932091044262
32,2,28,11,2.0812834589742124,2.182669798959978,0.10138633998576552,6.488932091044262
32,2,28,12,2.182669798959978,2.283157377038151,0.1004875780781731,6.488932091044262
32,2,28,13,2.283157377038151,2.3842221830273047,0.10106480598915368,6.488932091044262
32,2,28,14,2.3842221830273047,2.484276043018326,0.10005385999102145,6.488932091044262
32,2,28,15,2.484276043018326,2.581890832982026,0.09761478996369988,6.488932091044262
32,2,28,16,2.581890832982026,2.6796857330482453,0.09779490006621927,6.488932091044262
32,2,28,17,2.6796857330482453,2.781722615007311,0.1020368819590658,6.488932091044262
32,2,28,18,2.781722615007311,2.884689238970168,0.10296662396285683,6.488932091044262
32,2,28,19,2.884689238970168,2.986623333999887,0.10193409502971917,6.488932091044262
32,2,28,20,2.986623333999887,3.0901179569773376,0.10349462297745049,6.488932091044262
32,2,28,21,3.0901179569773376,3.1922707660123706,0.10215280903503299,6.488932091044262
32,2,28,22,3.1922707660123706,3.295186119969003,0.10291535395663232,6.488932091044262
32,2,28,23,3.295186119969003,3.396489697974175,0.10130357800517231,6.488932091044262
32,2,28,24,3.396489697974175,3.4978260829811916,0.10133638500701636,6.488932091044262
32,2,28,25,3.4978260829811916,3.596497211023234,0.09867112804204226,6.488932091044262
32,2,28,26,3.596497211023234,3.6986553709721193,0.10215815994888544,6.488932091044262
32,2,28,27,3.6986553709721193,3.799755259999074,0.10109988902695477,6.488932091044262
32,2,28,28,3.799755259999074,3.904030945035629,0.10427568503655493,6.488932091044262
32,2,28,29,3.904030945035629,4.006131913047284,0.10210096801165491,6.488932091044262
32,2,28,30,4.006131913047284,4.110480981064029,0.10434906801674515,6.488932091044262
32,2,28,31,4.110480981064029,4.2131779990158975,0.10269701795186847,6.488932091044262
32,2,28,32,4.2131779990158975,4.316800085012801,0.10362208599690348,6.488932091044262
32,2,28,33,4.316800085012801,4.418032982968725,0.10123289795592427,6.488932091044262
32,2,28,34,4.418032982968725,4.521559096989222,0.1035261140204966,6.488932091044262
32,2,28,35,4.521559096989222,4.621461839065887,0.09990274207666516,6.488932091044262
32,2,28,36,4.621461839065887,4.72457582806237,0.10311398899648339,6.488932091044262
32,2,28,37,4.72457582806237,4.82683812500909,0.10226229694671929,6.488932091044262
32,2,28,38,4.82683812500909,4.932771846069954,0.10593372106086463,6.488932091044262
32,2,28,39,4.932771846069954,5.034620346967131,0.10184850089717656,6.488932091044262
32,2,28,40,5.034620346967131,5.141640770016238,0.1070204230491072,6.488932091044262
32,2,28,41,5.141640770016238,5.243578983005136,0.10193821298889816,6.488932091044262
32,2,28,42,5.243578983005136,5.348843771964312,0.10526478895917535,6.488932091044262
32,2,28,43,5.348843771964312,5.450118068023585,0.10127429605927318,6.488932091044262
32,2,28,44,5.450118068023585,5.556388351018541,0.10627028299495578,6.488932091044262
32,2,28,45,5.556388351018541,5.656984745990485,0.10059639497194439,6.488932091044262
32,2,28,46,5.656984745990485,5.767092221067287,0.11010747507680207,6.488932091044262
32,2,28,47,5.767092221067287,5.883696677046828,0.11660445597954094,6.488932091044262
32,2,28,48,5.883696677046828,6.006691863993183,0.1229951869463548,6.488932091044262
32,2,28,49,6.006691863993183,6.137281264993362,0.13058940100017935,6.488932091044262
32,2,28,50,6.137281264993362,6.2712549100397155,0.13397364504635334,6.488932091044262
32,2,28,51,6.2712549100397155,6.412061247043312,0.14080633700359613,6.488932091044262
32,2,28,52,6.412061247043312,6.490722306072712,0.07866105902940035,6.488932091044262
32,2,29,1,3.498118274961598,3.5965683410177007,0.09845006605610251,6.488932091044262
32,2,29,2,3.5965683410177007,3.698704759008251,0.1021364179905504,6.488932091044262
32,2,29,3,3.698704759008251,3.799801332061179,0.10109657305292785,6.488932091044262
32,2,29,4,3.799801332061179,3.9040780030190945,0.10427667095791548,6.488932091044262
32,2,29,5,3.9040780030190945,4.006176650058478,0.10209864703938365,6.488932091044262
32,2,29,6,4.006176650058478,4.110525813070126,0.10434916301164776,6.488932091044262
32,2,29,7,4.110525813070126,4.213223010068759,0.10269719699863344,6.488932091044262
32,2,29,8,4.213223010068759,4.31685290497262,0.10362989490386099,6.488932091044262
32,2,29,9,4.31685290497262,4.418077934999019,0.1012250300263986,6.488932091044262
32,2,29,10,4.418077934999019,4.521611273987219,0.10353333898819983,6.488932091044262
32,2,29,11,4.521611273987219,4.621514333062805,0.0999030590755865,6.488932091044262
32,2,29,12,4.621514333062805,4.724619352957234,0.10310501989442855,6.488932091044262
32,2,29,13,4.724619352957234,4.826882538036443,0.1022631850792095,6.488932091044262
32,2,29,14,4.826882538036443,4.932814492029138,0.10593195399269462,6.488932091044262
32,2,29,15,4.932814492029138,5.034666088060476,0.10185159603133798,6.488932091044262
32,2,29,16,5.034666088060476,5.14168854104355,0.10702245298307389,6.488932091044262
32,2,29,17,5.14168854104355,5.243625045986846,0.10193650494329631,6.488932091044262
32,2,29,18,5.243625045986846,5.348888179985806,0.10526313399896026,6.488932091044262
32,2,29,19,5.348888179985806,5.450162597000599,0.10127441701479256,6.488932091044262
32,2,29,20,5.450162597000599,5.5564319549594074,0.10626935795880854,6.488932091044262
32,2,29,21,5.5564319549594074,5.6570288160583,0.10059686109889299,6.488932091044262
32,2,29,22,5.6570288160583,5.767140962998383,0.11011214694008231,6.488932091044262
32,2,29,23,5.767140962998383,5.883743871003389,0.11660290800500661,6.488932091044262
32,2,29,24,5.883743871003389,6.006737416959368,0.12299354595597833,6.488932091044262
32,2,29,25,6.006737416959368,6.137327134958468,0.13058971799910069,6.488932091044262
32,2,29,26,6.137327134958468,6.271302102017216,0.133974967058748,6.488932091044262
32,2,29,27,6.271302102017216,6.412105340976268,0.14080323895905167,6.488932091044262
32,2,29,28,6.412105340976268,6.490769166033715,0.07866382505744696,6.488932091044262
32,2,30,1,3.295130937010981,3.396442875964567,0.10131193895358592,6.488932091044262
32,2,30,2,3.396442875964567,3.4977748970268294,0.10133202106226236,6.488932091044262
32,2,30,3,3.4977748970268294,3.596451962017454,0.09867706499062479,6.488932091044262
32,2,30,4,3.596451962017454,3.6986055839806795,0.1021536219632253,6.488932091044262
32,2,30,5,3.6986055839806795,3.7997097249608487,0.10110414098016918,6.488932091044262
32,2,30,6,3.7997097249608487,3.903984096017666,0.10427437105681747,6.488932091044262
32,2,30,7,3.903984096017666,4.006086768000387,0.1021026719827205,6.488932091044262
32,2,30,8,4.006086768000387,4.110434408066794,0.10434764006640762,6.488932091044262
32,2,30,9,4.110434408066794,4.21313414699398,0.10269973892718554,6.488932091044262
32,2,30,10,4.21313414699398,4.316748040029779,0.10361389303579926,6.488932091044262
32,2,30,11,4.316748040029779,4.417988955043256,0.1012409150134772,6.488932091044262
32,2,30,12,4.417988955043256,4.521510998019949,0.10352204297669232,6.488932091044262
32,2,30,13,4.521510998019949,4.621410252992064,0.09989925497211516,6.488932091044262
32,2,30,14,4.621410252992064,4.724532196065411,0.10312194307334721,6.488932091044262
32,2,30,15,4.724532196065411,4.8267941570375115,0.1022619609721005,6.488932091044262
32,2,30,16,4.8267941570375115,4.932729167980142,0.10593501094263047,6.488932091044262
32,2,30,17,4.932729167980142,5.034576833015308,0.10184766503516585,6.488932091044262
32,2,30,18,5.034576833015308,5.141303617972881,0.10672678495757282,6.488932091044262
32,2,30,19,5.141303617972881,5.243457796052098,0.10215417807921767,6.488932091044262
32,2,30,20,5.243457796052098,5.3487557279877365,0.10529793193563819,6.488932091044262
32,2,30,21,5.3487557279877365,5.450031404965557,0.1012756769778207,6.488932091044262
32,2,30,22,5.450031404965557,5.556301709963009,0.1062703049974516,6.488932091044262
32,2,30,23,5.556301709963009,5.656892079976387,0.10059037001337856,6.488932091044262
32,2,30,24,5.656892079976387,5.7669943229993805,0.11010224302299321,6.488932091044262
32,2,30,25,5.7669943229993805,5.883603965048678,0.11660964204929769,6.488932091044262
32,2,30,26,5.883603965048678,6.006599843036383,0.12299587798770517,6.488932091044262
32,2,30,27,6.006599843036383,6.137188083026558,0.13058823999017477,6.488932091044262
32,2,30,28,6.137188083026558,6.271160766016692,0.13397268299013376,6.488932091044262
32,2,30,29,6.271160766016692,6.411974258022383,0.14081349200569093,6.488932091044262
32,2,30,30,6.411974258022383,6.490631483029574,0.0786572250071913,6.488932091044262
32,2,31,1,4.723833175026812,4.826226260047406,0.1023930850205943,6.488932091044262
32,2,31,2,4.826226260047406,4.931797603960149,0.10557134391274303,6.488932091044262
32,2,31,3,4.931797603960149,5.033821596996859,0.10202399303670973,6.488932091044262
32,2,31,4,5.033821596996859,5.140514050028287,0.10669245303142816,6.488932091044262
32,2,31,5,5.140514050028287,5.242700378061272,0.10218632803298533,6.488932091044262
32,2,31,6,5.242700378061272,5.34774599398952,0.10504561592824757,6.488932091044262
32,2,31,7,5.34774599398952,5.449236551998183,0.10149055800866336,6.488932091044262
32,2,31,8,5.449236551998183,5.555630051065236,0.1063934990670532,6.488932091044262
32,2,31,9,5.555630051065236,5.656134914024733,0.10050486295949668,6.488932091044262
32,2,31,10,5.656134914024733,5.766160194994882,0.11002528097014874,6.488932091044262
32,2,31,11,5.766160194994882,5.882794779026881,0.11663458403199911,6.488932091044262
32,2,31,12,5.882794779026881,6.005901267053559,0.12310648802667856,6.488932091044262
32,2,31,13,6.005901267053559,6.136401314055547,0.1305000470019877,6.488932091044262
32,2,31,14,6.136401314055547,6.27038907201495,0.1339877579594031,6.488932091044262
32,2,31,15,6.27038907201495,6.411303602042608,0.14091453002765775,6.488932091044262
32,2,31,16,6.411303602042608,6.489838075009175,0.07853447296656668,6.488932091044262
32,3,0,8,-0.09510959999170154,0.014277562033385038,0.10938716202508658,6.46551009407267
32,3,0,9,0.014277562033385038,0.11006324808113277,0.09578568604774773,6.46551009407267
32,3,0,10,0.11006324808113277,0.20431933109648526,0.09425608301535249,6.46551009407267
32,3,0,11,0.20431933109648526,0.29773917503189296,0.0934198439354077,6.46551009407267
32,3,0,12,0.29773917503189296,0.3961896389955655,0.09845046396367252,6.46551009407267
32,3,0,13,0.3961896389955655,0.4914923619944602,0.09530272299889475,6.46551009407267
32,3,0,14,0.4914923619944602,0.588418020051904,0.0969256580574438,6.46551009407267
32,3,0,15,0.588418020051904,0.6838915219996125,0.09547350194770843,6.46551009407267
32,3,0,16,0.6838915219996125,0.781010058009997,0.09711853601038456,6.46551009407267
32,3,0,17,0.781010058009997,0.8831706510391086,0.10216059302911162,6.46551009407267
32,3,0,18,0.8831706510391086,0.987512055085972,0.10434140404686332,6.46551009407267
32,3,0,19,0.987512055085972,1.086429318995215,0.09891726390924305,6.46551009407267
32,3,0,20,1.086429318995215,1.185280219069682,0.09885090007446706,6.46551009407267
32,3,0,21,1.185280219069682,1.2829484640387818,0.09766824496909976,6.46551009407267
32,3,0,22,1.2829484640387818,1.3810102910501882,0.09806182701140642,6.46551009407267
32,3,0,23,1.3810102910501882,1.4773049760842696,0.09629468503408134,6.46551009407267
32,3,0,24,1.4773049760842696,1.5758361360058188,0.09853115992154926,6.46551009407267
32,3,0,25,1.5758361360058188,1.6724725040839985,0.09663636807817966,6.46551009407267
32,3,0,26,1.6724725040839985,1.7718859600136057,0.09941345592960715,6.46551009407267
32,3,0,27,1.7718859600136057,1.8740541260922328,0.10216816607862711,6.46551009407267
32,3,0,28,1.8740541260922328,1.9774664990836754,0.10341237299144268,6.46551009407267
32,3,0,29,1.9774664990836754,2.0789636430563405,0.10149714397266507,6.46551009407267
32,3,0,30,2.0789636430563405,2.1794164130697027,0.10045277001336217,6.46551009407267
32,3,0,31,2.1794164130697027,2.278356498107314,0.09894008503761142,6.46551009407267
32,3,0,32,2.278356498107314,2.377891847048886,0.09953534894157201,6.46551009407267
32,3,0,33,2.377891847048886,2.476311409031041,0.09841956198215485,6.46551009407267
32,3,0,34,2.476311409031041,2.5763336160453036,0.10002220701426268,6.46551009407267
32,3,0,35,2.5763336160453036,2.6754418950295076,0.09910827898420393,6.46551009407267
32,3,0,36,2.6754418950295076,2.7771825951058418,0.10174070007633418,6.46551009407267
32,3,0,37,2.7771825951058418,2.8793937490554526,0.10221115394961089,6.46551009407267
32,3,0,38,2.8793937490554526,2.9834882880095392,0.1040945389540866,6.46551009407267
32,3,0,39,2.9834882880095392,3.0849923850037158,0.10150409699417651,6.46551009407267
32,3,0,40,3.0849923850037158,3.185426967102103,0.10043458209838718,6.46551009407267
32,3,0,41,3.185426967102103,3.2855411450145766,0.10011417791247368,6.46551009407267
32,3,0,42,3.2855411450145766,3.3866127571091056,0.10107161209452897,6.46551009407267
32,3,0,43,3.3866127571091056,3.4871176100568846,0.100504852947779,6.46551009407267
32,3,0,44,3.4871176100568846,3.587423576042056,0.1003059659851715,6.46551009407267
32,3,0,45,3.587423576042056,3.687849085079506,0.10042550903744996,6.46551009407267
32,3,0,46,3.687849085079506,3.790118292090483,0.10226920701097697,6.46551009407267
32,3,0,47,3.790118292090483,3.896290114033036,0.10617182194255292,6.46551009407267
32,3,0,48,3.896290114033036,3.9973705320153385,0.1010804179823026,6.46551009407267
32,3,0,49,3.9973705320153385,4.100756295025349,0.10338576301001012,6.46551009407267
32,3,0,50,4.100756295025349,4.202504657092504,0.10174836206715554,6.46551009407267
32,3,0,51,4.202504657092504,4.305536550004035,0.10303189291153103,6.46551009407267
32,3,0,52,4.305536550004035,4.40508216409944,0.09954561409540474,6.46551009407267
32,3,0,53,4.40508216409944,4.507933239103295,0.10285107500385493,6.46551009407267
32,3,0,54,4.507933239103295,4.6077379391063005,0.09980470000300556,6.46551009407267
32,3,0,55,4.6077379391063005,4.710874409996904,0.10313647089060396,6.46551009407267
32,3,0,56,4.710874409996904,4.812238465063274,0.10136405506636947,6.46551009407267
32,3,0,57,4.812238465063274,4.918116084067151,0.10587761900387704,6.46551009407267
32,3,0,58,4.918116084067151,5.020351685001515,0.1022356009343639,6.46551009407267
32,3,0,59,5.020351685001515,5.125924796098843,0.10557311109732836,6.46551009407267
32,3,0,60,5.125924796098843,5.226452526054345,0.10052772995550185,6.46551009407267
32,3,0,61,5.226452526054345,5.331080834032036,0.10462830797769129,6.46551009407267
32,3,0,62,5.331080834032036,5.432570091099478,0.10148925706744194,6.46551009407267
32,3,0,63,5.432570091099478,5.5372342630289495,0.1046641719294712,6.46551009407267
32,3,0,64,5.5372342630289495,5.637909490033053,0.10067522700410336,6.46551009407267
32,3,0,65,5.637909490033053,5.7488776800455526,0.11096819001249969,6.46551009407267
32,3,0,66,5.7488776800455526,5.86510969302617,0.11623201298061758,6.46551009407267
32,3,0,67,5.86510969302617,5.9875238130334765,0.12241412000730634,6.46551009407267
32,3,0,68,5.9875238130334765,6.115995560074225,0.1284717470407486,6.46551009407267
32,3,0,69,6.115995560074225,6.248852451099083,0.13285689102485776,6.46551009407267
32,3,0,70,6.248852451099083,6.388948972104117,0.14009652100503445,6.46551009407267
32,3,0,71,6.388948972104117,6.466879333020188,0.07793036091607064,6.46551009407267
32,3,1,5,-0.09505461098160595,0.014338524080812931,0.10939313506241888,6.46551009407267
32,3,1,6,0.014338524080812931,0.10956181003712118,0.09522328595630825,6.46551009407267
32,3,1,7,0.10956181003712118,0.20403556304518133,0.09447375300806016,6.46551009407267
32,3,1,8,0.20403556304518133,0.29744345403742045,0.09340789099223912,6.46551009407267
32,3,1,9,0.29744345403742045,0.39589914702810347,0.09845569299068302,6.46551009407267
32,3,1,10,0.39589914702810347,0.490881837089546,0.09498269006144255,6.46551009407267
32,3,1,11,0.490881837089546,0.5880208690650761,0.09713903197553009,6.46551009407267
32,3,1,12,0.5880208690650761,0.6831939180847257,0.09517304901964962,6.46551009407267
32,3,1,13,0.6831939180847257,0.7805834250757471,0.09738950699102134,6.46551009407267
32,3,1,14,0.7805834250757471,0.8824872249970213,0.10190379992127419,6.46551009407267
32,3,1,15,0.8824872249970213,0.9870377799961716,0.10455055499915034,6.46551009407267
32,3,1,16,0.9870377799961716,1.0856815800070763,0.09864380001090467,6.46551009407267
32,3,1,17,1.0856815800070763,1.1847143491031602,0.09903276909608394,6.46551009407267
32,3,1,18,1.1847143491031602,1.2821212430717424,0.09740689396858215,6.46551009407267
32,3,1,19,1.2821212430717424,1.3803891401039436,0.09826789703220129,6.46551009407267
32,3,1,20,1.3803891401039436,1.4764447520719841,0.09605561196804047,6.46551009407267
32,3,1,21,1.4764447520719841,1.575243605999276,0.09879885392729193,6.46551009407267
32,3,1,22,1.575243605999276,1.671689523034729,0.09644591703545302,6.46551009407267
32,3,1,23,1.671689523034729,1.7711958250729367,0.09950630203820765,6.46551009407267
32,3,1,24,1.7711958250729367,1.873136840062216,0.10194101498927921,6.46551009407267
32,3,1,25,1.873136840062216,1.976678415085189,0.10354157502297312,6.46551009407267
32,3,1,26,1.976678415085189,2.078301091096364,0.10162267601117492,6.46551009407267
32,3,1,27,2.078301091096364,2.1788167700869963,0.1005156789906323,6.46551009407267
32,3,1,28,2.1788167700869963,2.2773933220887557,0.09857655200175941,6.46551009407267
32,3,1,29,2.2773933220887557,2.3771757420618087,0.09978241997305304,6.46551009407267
32,3,1,30,2.3771757420618087,2.4753671491052955,0.09819140704348683,6.46551009407267
32,3,1,31,2.4753671491052955,2.5755807120585814,0.10021356295328587,6.46551009407267
32,3,1,32,2.5755807120585814,2.674743165029213,0.09916245297063142,6.46551009407267
32,3,1,33,2.674743165029213,2.775326383067295,0.10058321803808212,6.46551009407267
32,3,1,34,2.775326383067295,2.8790839310968295,0.10375754802953452,6.46551009407267
32,3,1,35,2.8790839310968295,2.983192162006162,0.10410823090933263,6.46551009407267
32,3,1,36,2.983192162006162,3.0844062900869176,0.10121412808075547,6.46551009407267
32,3,1,37,3.0844062900869176,3.1850655390881,0.10065924900118262,6.46551009407267
32,3,1,38,3.1850655390881,3.2852024460444227,0.10013690695632249,6.46551009407267
32,3,1,39,3.2852024460444227,3.386275894008577,0.10107344796415418,6.46551009407267
32,3,1,40,3.386275894008577,3.4864304260117933,0.10015453200321645,6.46551009407267
32,3,1,41,3.4864304260117933,3.5870159190380946,0.10058549302630126,6.46551009407267
32,3,1,42,3.5870159190380946,3.687388065038249,0.10037214600015432,6.46551009407267
32,3,1,43,3.687388065038249,3.7896566510898992,0.10226858605165035,6.46551009407267
32,3,1,44,3.7896566510898992,3.895567714003846,0.10591106291394681,6.46551009407267
32,3,1,45,3.895567714003846,3.996841802028939,0.10127408802509308,6.46551009407267
32,3,1,46,3.996841802028939,4.099923269008286,0.10308146697934717,6.46551009407267
32,3,1,47,4.099923269008286,4.201893142075278,0.10196987306699157,6.46551009407267
32,3,1,48,4.201893142075278,4.304985674098134,0.10309253202285618,6.46551009407267
32,3,1,49,4.304985674098134,4.4045324980979785,0.09954682399984449,6.46551009407267
32,3,1,50,4.4045324980979785,4.507142696995288,0.1026101988973096,6.46551009407267
32,3,1,51,4.507142696995288,4.607123802998103,0.09998110600281507,6.46551009407267
32,3,1,52,4.607123802998103,4.7103404980152845,0.10321669501718134,6.46551009407267
32,3,1,53,4.7103404980152845,4.811693812021986,0.10135331400670111,6.46551009407267
32,3,1,54,4.811693812021986,4.9175650120014325,0.10587119997944683,6.46551009407267
32,3,1,55,4.9175650120014325,5.019836009014398,0.10227099701296538,6.46551009407267
32,3,1,56,5.019836009014398,5.125096339033917,0.10526033001951873,6.46551009407267
32,3,1,57,5.125096339033917,5.225862528081052,0.10076618904713541,6.46551009407267
32,3,1,58,5.225862528081052,5.330213562003337,0.10435103392228484,6.46551009407267
32,3,1,59,5.330213562003337,5.431924463016912,0.1017109010135755,6.46551009407267
32,3,1,60,5.431924463016912,5.536612565047108,0.1046881020301953,6.46551009407267
32,3,1,61,5.536612565047108,5.637297748005949,0.10068518295884132,6.46551009407267
32,3,1,62,5.637297748005949,5.748059266014025,0.11076151800807565,6.46551009407267
32,3,1,63,5.748059266014025,5.864391219103709,0.11633195308968425,6.46551009407267
32,3,1,64,5.864391219103709,5.986886795028113,0.12249557592440397,6.46551009407267
32,3,1,65,5.986886795028113,6.115246315021068,0.12835951999295503,6.46551009407267
32,3,1,66,6.115246315021068,6.248225652030669,0.1329793370096013,6.46551009407267
32,3,1,67,6.248225652030669,6.388287602108903,0.14006195007823408,6.46551009407267
32,3,1,68,6.388287602108903,6.466211386024952,0.0779237839160487,6.46551009407267
32,3,2,1,4.100697623100132,4.202451516059227,0.10175389295909554,6.46551009407267
32,3,2,2,4.202451516059227,4.305480706039816,0.10302918998058885,6.46551009407267
32,3,2,3,4.305480706039816,4.405035635107197,0.09955492906738073,6.46551009407267
32,3,2,4,4.405035635107197,4.507880534045398,0.10284489893820137,6.46551009407267
32,3,2,5,4.507880534045398,4.6076916890451685,0.09981115499977022,6.46551009407267
32,3,2,6,4.6076916890451685,4.710825376096182,0.10313368705101311,6.46551009407267
32,3,2,7,4.710825376096182,4.8121874870266765,0.10136211093049496,6.46551009407267
32,3,2,8,4.8121874870266765,4.918065357021987,0.1058778699953109,6.46551009407267
32,3,2,9,4.918065357021987,5.020304941106588,0.10223958408460021,6.46551009407267
32,3,2,10,5.020304941106588,5.1258758110925555,0.10557086998596787,6.46551009407267
32,3,2,11,5.1258758110925555,5.226405238034204,0.10052942694164813,6.46551009407267
32,3,2,12,5.226405238034204,5.331033650087193,0.104628412052989,6.46551009407267
32,3,2,13,5.331033650087193,5.432522412040271,0.10148876195307821,6.46551009407267
32,3,2,14,5.432522412040271,5.537187520065345,0.104665108025074,6.46551009407267
32,3,2,15,5.537187520065345,5.637863846030086,0.10067632596474141,6.46551009407267
32,3,2,16,5.637863846030086,5.748825465096161,0.11096161906607449,6.46551009407267
32,3,2,17,5.748825465096161,5.865064149023965,0.11623868392780423,6.46551009407267
32,3,2,18,5.865064149023965,5.987469298997894,0.12240514997392893,6.46551009407267
32,3,2,19,5.987469298997894,6.115947767044418,0.12847846804652363,6.46551009407267
32,3,2,20,6.115947767044418,6.248806243995205,0.132858476950787,6.46551009407267
32,3,2,21,6.248806243995205,6.388898370089009,0.14009212609380484,6.46551009407267
32,3,2,22,6.388898370089009,6.4668315530288965,0.07793318293988705,6.46551009407267
32,3,3,1,3.4870023070834577,3.587374762049876,0.10037245496641845,6.46551009407267
32,3,3,2,3.587374762049876,3.687801617081277,0.10042685503140092,6.46551009407267
32,3,3,3,3.687801617081277,3.7900709910318255,0.10226937395054847,6.46551009407267
32,3,3,4,3.7900709910318255,3.896235916065052,0.10616492503322661,6.46551009407267
32,3,3,5,3.896235916065052,3.9972580580506474,0.10102214198559523,6.46551009407267
32,3,3,6,3.9972580580506474,4.1004019940737635,0.10314393602311611,6.46551009407267
32,3,3,7,4.1004019940737635,4.202371875056997,0.10196988098323345,6.46551009407267
32,3,3,8,4.202371875056997,4.305372140021063,0.10300026496406645,6.46551009407267
32,3,3,9,4.305372140021063,4.40499065106269,0.09961851104162633,6.46551009407267
32,3,3,10,4.40499065106269,4.507829925045371,0.10283927398268133,6.46551009407267
32,3,3,11,4.507829925045371,4.607647855067626,0.09981793002225459,6.46551009407267
32,3,3,12,4.607647855067626,4.71077759610489,0.10312974103726447,6.46551009407267
32,3,3,13,4.71077759610489,4.812140132999048,0.10136253689415753,6.46551009407267
32,3,3,14,4.812140132999048,4.918015888077207,0.10587575507815927,6.46551009407267
32,3,3,15,4.918015888077207,5.020258115022443,0.10224222694523633,6.46551009407267
32,3,3,16,5.020258115022443,5.125827397103421,0.10556928208097816,6.46551009407267
32,3,3,17,5.125827397103421,5.226358132087626,0.10053073498420417,6.46551009407267
32,3,3,18,5.226358132087626,5.330988283036277,0.10463015094865113,6.46551009407267
32,3,3,19,5.330988283036277,5.432471418054774,0.1014831350184977,6.46551009407267
32,3,3,20,5.432471418054774,5.537142591085285,0.10467117303051054,6.46551009407267
32,3,3,21,5.537142591085285,5.63782013906166,0.10067754797637463,6.46551009407267
32,3,3,22,5.63782013906166,5.748773485072888,0.11095334601122886,6.46551009407267
32,3,3,23,5.748773485072888,5.865019973018207,0.11624648794531822,6.46551009407267
32,3,3,24,5.865019973018207,5.987422933103517,0.12240296008531004,6.46551009407267
32,3,3,25,5.987422933103517,6.115901700104587,0.12847876700107008,6.46551009407267
32,3,3,26,6.115901700104587,6.248760933056474,0.13285923295188695,6.46551009407267
32,3,3,27,6.248760933056474,6.388848358998075,0.1400874259416014,6.46551009407267
32,3,3,28,6.388848358998075,6.466787531040609,0.07793917204253376,6.46551009407267
32,3,4,1,1.4772463210392743,1.5757819880964234,0.09853566705714911,6.46551009407267
32,3,4,2,1.5757819880964234,1.6724254380678758,0.09664344997145236,6.46551009407267
32,3,4,3,1.6724254380678758,1.7718323870794848,0.09940694901160896,6.46551009407267
32,3,4,4,1.7718323870794848,1.8736910230945796,0.10185863601509482,6.46551009407267
32,3,4,5,1.8736910230945796,1.9773360930848867,0.10364506999030709,6.46551009407267
32,3,4,6,1.9773360930848867,2.07886980404146,0.10153371095657349,6.46551009407267
32,3,4,7,2.07886980404146,2.179320346098393,0.10045054205693305,6.46551009407267
32,3,4,8,2.179320346098393,2.278263039072044,0.09894269297365099,6.46551009407267
32,3,4,9,2.278263039072044,2.3777947920607403,0.0995317529886961,6.46551009407267
32,3,4,10,2.3777947920607403,2.4762166660511866,0.09842187399044633,6.46551009407267
32,3,4,11,2.4762166660511866,2.5762410030001774,0.10002433694899082,6.46551009407267
32,3,4,12,2.5762410030001774,2.6753401150926948,0.09909911209251732,6.46551009407267
32,3,4,13,2.6753401150926948,2.7769344510743394,0.10159433598164469,6.46551009407267
32,3,4,14,2.7769344510743394,2.879696700023487,0.10276224894914776,6.46551009407267
32,3,4,15,2.879696700023487,2.983733718050644,0.10403701802715659,6.46551009407267
32,3,4,16,2.983733718050644,3.085282916086726,0.10154919803608209,6.46551009407267
32,3,4,17,3.085282916086726,3.185670729028061,0.10038781294133514,6.46551009407267
32,3,4,18,3.185670729028061,3.2857790130656213,0.10010828403756022,6.46551009407267
32,3,4,19,3.2857790130656213,3.3868449560832232,0.10106594301760197,6.46551009407267
32,3,4,20,3.3868449560832232,3.487366615096107,0.1005216590128839,6.46551009407267
32,3,4,21,3.487366615096107,3.5876672220183536,0.10030060692224652,6.46551009407267
32,3,4,22,3.5876672220183536,3.6880828480934724,0.10041562607511878,6.46551009407267
32,3,4,23,3.6880828480934724,3.790348600014113,0.10226575192064047,6.46551009407267
32,3,4,24,3.790348600014113,3.8966193980304524,0.10627079801633954,6.46551009407267
32,3,4,25,3.8966193980304524,3.997621295042336,0.10100189701188356,6.46551009407267
32,3,4,26,3.997621295042336,4.101008349098265,0.10338705405592918,6.46551009407267
32,3,4,27,4.101008349098265,4.202765086083673,0.10175673698540777,6.46551009407267
32,3,4,28,4.202765086083673,4.305770402075723,0.10300531599204987,6.46551009407267
32,3,4,29,4.305770402075723,4.40531679301057,0.0995463909348473,6.46551009407267
32,3,4,30,4.40531679301057,4.508181383018382,0.10286459000781178,6.46551009407267
32,3,4,31,4.508181383018382,4.607960460009053,0.09977907699067146,6.46551009407267
32,3,4,32,4.607960460009053,4.711108788033016,0.10314832802396268,6.46551009407267
32,3,4,33,4.711108788033016,4.812484705005772,0.10137591697275639,6.46551009407267
32,3,4,34,4.812484705005772,4.918408290017396,0.1059235850116238,6.46551009407267
32,3,4,35,4.918408290017396,5.020596038084477,0.10218774806708097,6.46551009407267
32,3,4,36,5.020596038084477,5.126184182008728,0.1055881439242512,6.46551009407267
32,3,4,37,5.126184182008728,5.226692349999212,0.10050816799048334,6.46551009407267
32,3,4,38,5.226692349999212,5.331319703022018,0.10462735302280635,6.46551009407267
32,3,4,39,5.331319703022018,5.432805355056189,0.10148565203417093,6.46551009407267
32,3,4,40,5.432805355056189,5.537779043079354,0.10497368802316487,6.46551009407267
32,3,4,41,5.537779043079354,5.638204782037064,0.10042573895771056,6.46551009407267
32,3,4,42,5.638204782037064,5.749183359090239,0.11097857705317438,6.46551009407267
32,3,4,43,5.749183359090239,5.865382514079101,0.11619915498886257,6.46551009407267
32,3,4,44,5.865382514079101,5.9878055460285395,0.12242303194943815,6.46551009407267
32,3,4,45,5.9878055460285395,6.116329076001421,0.12852352997288108,6.46551009407267
32,3,4,46,6.116329076001421,6.2491293490165845,0.13280027301516384,6.46551009407267
32,3,4,47,6.2491293490165845,6.38924399507232,0.14011464605573565,6.46551009407267
32,3,4,48,6.38924399507232,6.467136520077474,0.07789252500515431,6.46551009407267
32,3,5,1,4.916903851088136,5.019221780006774,0.10231792891863734,6.46551009407267
32,3,5,2,5.019221780006774,5.124436718062498,0.1052149380557239,6.46551009407267
32,3,5,3,5.124436718062498,5.225239910068922,0.10080319200642407,6.46551009407267
32,3,5,4,5.225239910068922,5.3295994370710105,0.10435952700208873,6.46551009407267
32,3,5,5,5.3295994370710105,5.431287990999408,0.1016885539283976,6.46551009407267
32,3,5,6,5.431287990999408,5.5359502990031615,0.10466230800375342,6.46551009407267
32,3,5,7,5.5359502990031615,5.6366836610250175,0.10073336202185601,6.46551009407267
32,3,5,8,5.6366836610250175,5.747556529007852,0.11087286798283458,6.46551009407267
32,3,5,9,5.747556529007852,5.863945764023811,0.11638923501595855,6.46551009407267
32,3,5,10,5.863945764023811,5.986254329094663,0.12230856507085264,6.46551009407267
32,3,5,11,5.986254329094663,6.114777508075349,0.12852317898068577,6.46551009407267
32,3,5,12,6.114777508075349,6.247599930036813,0.132822421961464,6.46551009407267
32,3,5,13,6.247599930036813,6.387659341096878,0.14005941106006503,6.46551009407267
32,3,5,14,6.387659341096878,6.465787169057876,0.07812782796099782,6.46551009407267
32,3,6,1,5.330599545035511,5.432094312040135,0.10149476700462401,6.46551009407267
32,3,6,2,5.432094312040135,5.536764319054782,0.10467000701464713,6.46551009407267
32,3,6,3,5.536764319054782,5.637444237014279,0.10067991795949638,6.46551009407267
32,3,6,4,5.637444237014279,5.748223388101906,0.11077915108762681,6.46551009407267
32,3,6,5,5.748223388101906,5.864546020049602,0.11632263194769621,6.46551009407267
32,3,6,6,5.864546020049602,5.987035099999048,0.12248907994944602,6.46551009407267
32,3,6,7,5.987035099999048,6.115508606075309,0.1284735060762614,6.46551009407267
32,3,6,8,6.115508606075309,6.248371162102558,0.1328625560272485,6.46551009407267
32,3,6,9,6.248371162102558,6.388437387067825,0.14006622496526688,6.46551009407267
32,3,6,10,6.388437387067825,6.466351019102149,0.07791363203432411,6.46551009407267
32,3,7,3,-0.09521103394217789,0.014182494021952152,0.10939352796413004,6.46551009407267
32,3,7,4,0.014182494021952152,0.10967880603857338,0.09549631201662123,6.46551009407267
32,3,7,5,0.10967880603857338,0.20413721504155546,0.09445840900298208,6.46551009407267
32,3,7,6,0.20413721504155546,0.29756162606645375,0.09342441102489829,6.46551009407267
32,3,7,7,0.29756162606645375,0.3960197970736772,0.09845817100722343,6.46551009407267
32,3,7,8,0.3960197970736772,0.49099793506320566,0.09497813798952848,6.46551009407267
32,3,7,9,0.49099793506320566,0.5881448020227253,0.09714686695951968,6.46551009407267
32,3,7,10,0.5881448020227253,0.6833134370390326,0.09516863501630723,6.46551009407267
32,3,7,11,0.6833134370390326,0.7807038089958951,0.09739037195686251,6.46551009407267
32,3,7,12,0.7807038089958951,0.8825896960915998,0.10188588709570467,6.46551009407267
32,3,7,13,0.8825896960915998,0.9871520650340244,0.10456236894242465,6.46551009407267
32,3,7,14,0.9871520650340244,1.0857850949978456,0.09863302996382117,6.46551009407267
32,3,7,15,1.0857850949978456,1.1848289460176602,0.09904385101981461,6.46551009407267
32,3,7,16,1.1848289460176602,1.2822359279962257,0.09740698197856545,6.46551009407267
32,3,7,17,1.2822359279962257,1.3805043860338628,0.09826845803763717,6.46551009407267
32,3,7,18,1.3805043860338628,1.4765643210848793,0.09605993505101651,6.46551009407267
32,3,7,19,1.4765643210848793,1.5753325771074742,0.09876825602259487,6.46551009407267
32,3,7,20,1.5753325771074742,1.6720495460322127,0.09671696892473847,6.46551009407267
32,3,7,21,1.6720495460322127,1.7713880270021036,0.09933848096989095,6.46551009407267
32,3,7,22,1.7713880270021036,1.8732851900858805,0.10189716308377683,6.46551009407267
32,3,7,23,1.8732851900858805,1.9768842310877517,0.10359904100187123,6.46551009407267
32,3,7,24,1.9768842310877517,2.078472102060914,0.10158787097316235,6.46551009407267
32,3,7,25,2.078472102060914,2.1789305760757998,0.10045847401488572,6.46551009407267
32,3,7,26,2.1789305760757998,2.277874385006726,0.09894380893092602,6.46551009407267
32,3,7,27,2.277874385006726,2.377367116045207,0.099492731038481,6.46551009407267
32,3,7,28,2.377367116045207,2.4755360280396417,0.0981689119944349,6.46551009407267
32,3,7,29,2.4755360280396417,2.5757453880505636,0.10020936001092196,6.46551009407267
32,3,7,30,2.5757453880505636,2.6749040340073407,0.09915864595677704,6.46551009407267
32,3,7,31,2.6749040340073407,2.7757935350527987,0.10088950104545802,6.46551009407267
32,3,7,32,2.7757935350527987,2.8791380260372534,0.10334449098445475,6.46551009407267
32,3,7,33,2.8791380260372534,2.9832425490021706,0.10410452296491712,6.46551009407267
32,3,7,34,2.9832425490021706,3.0844572340138257,0.10121468501165509,6.46551009407267
32,3,7,35,3.0844572340138257,3.185116339009255,0.10065910499542952,6.46551009407267
32,3,7,36,3.185116339009255,3.28525277110748,0.10013643209822476,6.46551009407267
32,3,7,37,3.28525277110748,3.386324279010296,0.10107150790281594,6.46551009407267
32,3,7,38,3.386324279010296,3.486482295091264,0.10015801608096808,6.46551009407267
32,3,7,39,3.486482295091264,3.5870658340863883,0.1005835389951244,6.46551009407267
32,3,7,40,3.5870658340863883,3.687436457024887,0.10037062293849885,6.46551009407267
32,3,7,41,3.687436457024887,3.78978650609497,0.1023500490700826,6.46551009407267
32,3,7,42,3.78978650609497,3.8956217980012298,0.10583529190625995,6.46551009407267
32,3,7,43,3.8956217980012298,3.996892176102847,0.1012703781016171,6.46551009407267
32,3,7,44,3.996892176102847,4.099976769066416,0.10308459296356887,6.46551009407267
32,3,7,45,4.099976769066416,4.201946743996814,0.10196997493039817,6.46551009407267
32,3,7,46,4.201946743996814,4.305034989025444,0.1030882450286299,6.46551009407267
32,3,7,47,4.305034989025444,4.4045812480617315,0.09954625903628767,6.46551009407267
32,3,7,48,4.4045812480617315,4.50719651801046,0.10261526994872838,6.46551009407267
32,3,7,49,4.50719651801046,4.6072555360151455,0.10005901800468564,6.46551009407267
32,3,7,50,4.6072555360151455,4.7103933590697125,0.10313782305456698,6.46551009407267
32,3,7,51,4.7103933590697125,4.811745377024636,0.10135201795492321,6.46551009407267
32,3,7,52,4.811745377024636,4.9176159870112315,0.10587060998659581,6.46551009407267
32,3,7,53,4.9176159870112315,5.019885249086656,0.1022692620754242,6.46551009407267
32,3,7,54,5.019885249086656,5.125147504033521,0.10526225494686514,6.46551009407267
32,3,7,55,5.125147504033521,5.225910995039158,0.10076349100563675,6.46551009407267
32,3,7,56,5.225910995039158,5.33026359800715,0.10435260296799242,6.46551009407267
32,3,7,57,5.33026359800715,5.431973788072355,0.1017101900652051,6.46551009407267
32,3,7,58,5.431973788072355,5.536664391052909,0.1046906029805541,6.46551009407267
32,3,7,59,5.536664391052909,5.63734747399576,0.10068308294285089,6.46551009407267
32,3,7,60,5.63734747399576,5.748115384019911,0.1107679100241512,6.46551009407267
32,3,7,61,5.748115384019911,5.864439209108241,0.11632382508832961,6.46551009407267
32,3,7,62,5.864439209108241,5.986937893088907,0.1224986839806661,6.46551009407267
32,3,7,63,5.986937893088907,6.1154057930689305,0.1284678999800235,6.46551009407267
32,3,7,64,6.1154057930689305,6.2482755170203745,0.13286972395144403,6.46551009407267
32,3,7,65,6.2482755170203745,6.388337354059331,0.14006183703895658,6.46551009407267
32,3,7,66,6.388337354059331,6.466258820029907,0.07792146597057581,6.46551009407267
32,3,8,1,1.6719837940763682,1.7713208040222526,0.09933700994588435,6.46551009407267
32,3,8,2,1.7713208040222526,1.8732260630931705,0.10190525907091796,6.46551009407267
32,3,8,3,1.8732260630931705,1.9768215250223875,0.10359546192921698,6.46551009407267
32,3,8,4,1.9768215250223875,2.078364583081566,0.10154305805917829,6.46551009407267
32,3,8,5,2.078364583081566,2.178876946098171,0.10051236301660538,6.46551009407267
32,3,8,6,2.178876946098171,2.277818434056826,0.09894148795865476,6.46551009407267
32,3,8,7,2.277818434056826,2.377316572004929,0.09949813794810325,6.46551009407267
32,3,8,8,2.377316572004929,2.4754791100276634,0.09816253802273422,6.46551009407267
32,3,8,9,2.4754791100276634,2.5756976500852033,0.10021854005753994,6.46551009407267
32,3,8,10,2.5756976500852033,2.67485375108663,0.09915610100142658,6.46551009407267
32,3,8,11,2.67485375108663,2.7756762930657715,0.10082254197914153,6.46551009407267
32,3,8,12,2.7756762930657715,2.8795448150485754,0.10386852198280394,6.46551009407267
32,3,8,13,2.8795448150485754,2.983590495074168,0.10404568002559245,6.46551009407267
32,3,8,14,2.983590495074168,3.085138763068244,0.10154826799407601,6.46551009407267
32,3,8,15,3.085138763068244,3.185530453105457,0.10039169003721327,6.46551009407267
32,3,8,16,3.185530453105457,3.285637163091451,0.1001067099859938,6.46551009407267
32,3,8,17,3.285637163091451,3.386707254103385,0.10107009101193398,6.46551009407267
32,3,8,18,3.386707254103385,3.4872180740348995,0.10051081993151456,6.46551009407267
32,3,8,19,3.4872180740348995,3.5875260600587353,0.10030798602383584,6.46551009407267
32,3,8,20,3.5875260600587353,3.6879439291078597,0.10041786904912442,6.46551009407267
32,3,8,21,3.6879439291078597,3.7902127950219437,0.10226886591408402,6.46551009407267
32,3,8,22,3.7902127950219437,3.8964558340376243,0.10624303901568055,6.46551009407267
32,3,8,23,3.8964558340376243,3.9974724469939247,0.10101661295630038,6.46551009407267
32,3,8,24,3.9974724469939247,4.1008573460858315,0.10338489909190685,6.46551009407267
32,3,8,25,4.1008573460858315,4.202614153036848,0.10175680695101619,6.46551009407267
32,3,8,26,4.202614153036848,4.305633264011703,0.10301911097485572,6.46551009407267
32,3,8,27,4.305633264011703,4.405176767031662,0.09954350301995873,6.46551009407267
32,3,8,28,4.405176767031662,4.508034061058424,0.10285729402676225,6.46551009407267
32,3,8,29,4.508034061058424,4.607828302076086,0.09979424101766199,6.46551009407267
32,3,8,30,4.607828302076086,4.71096918405965,0.1031408819835633,6.46551009407267
32,3,8,31,4.71096918405965,4.812339049065486,0.10136986500583589,6.46551009407267
32,3,8,32,4.812339049065486,4.918217439088039,0.1058783900225535,6.46551009407267
32,3,8,33,4.918217439088039,5.020449209026992,0.10223176993895322,6.46551009407267
32,3,8,34,5.020449209026992,5.126022698008455,0.10557348898146302,6.46551009407267
32,3,8,35,5.126022698008455,5.226552905049175,0.10053020704071969,6.46551009407267
32,3,8,36,5.226552905049175,5.331176788080484,0.10462388303130865,6.46551009407267
32,3,8,37,5.331176788080484,5.432666149106808,0.10148936102632433,6.46551009407267
32,3,8,38,5.432666149106808,5.537328051053919,0.10466190194711089,6.46551009407267
32,3,8,39,5.537328051053919,5.638001564075239,0.1006735130213201,6.46551009407267
32,3,8,40,5.638001564075239,5.748979166033678,0.11097760195843875,6.46551009407267
32,3,8,41,5.748979166033678,5.865202953107655,0.11622378707397729,6.46551009407267
32,3,8,42,5.865202953107655,5.987621998996474,0.1224190458888188,6.46551009407267
32,3,8,43,5.987621998996474,6.11609131807927,0.12846931908279657,6.46551009407267
32,3,8,44,6.11609131807927,6.248947287094779,0.1328559690155089,6.46551009407267
32,3,8,45,6.248947287094779,6.389049347024411,0.14010205992963165,6.46551009407267
32,3,8,46,6.389049347024411,6.466965808067471,0.07791646104305983,6.46551009407267
32,3,9,1,3.8960185600444674,3.9970642800908536,0.10104572004638612,6.46551009407267
32,3,9,2,3.9970642800908536,4.100130227045156,0.10306594695430249,6.46551009407267
32,3,9,3,4.100130227045156,4.202098978101276,0.1019687510561198,6.46551009407267
32,3,9,4,4.202098978101276,4.305177468108013,0.10307849000673741,6.46551009407267
32,3,9,5,4.305177468108013,4.404800966032781,0.09962349792476743,6.46551009407267
32,3,9,6,4.404800966032781,4.5076332710450515,0.10283230501227081,6.46551009407267
32,3,9,7,4.5076332710450515,4.607466188026592,0.09983291698154062,6.46551009407267
32,3,9,8,4.607466188026592,4.710593176074326,0.1031269880477339,6.46551009407267
32,3,9,9,4.710593176074326,4.811946620000526,0.10135344392620027,6.46551009407267
32,3,9,10,4.811946620000526,4.917818991001695,0.10587237100116909,6.46551009407267
32,3,9,11,4.917818991001695,5.020073154009879,0.10225416300818324,6.46551009407267
32,3,9,12,5.020073154009879,5.12534166907426,0.10526851506438106,6.46551009407267
32,3,9,13,5.12534166907426,5.226100045023486,0.10075837594922632,6.46551009407267
32,3,9,14,5.226100045023486,5.330748876091093,0.1046488310676068,6.46551009407267
32,3,9,15,5.330748876091093,5.432237750035711,0.10148887394461781,6.46551009407267
32,3,9,16,5.432237750035711,5.5369083910482,0.1046706410124898,6.46551009407267
32,3,9,17,5.5369083910482,5.637588024022989,0.10067963297478855,6.46551009407267
32,3,9,18,5.637588024022989,5.748503084061667,0.11091506003867835,6.46551009407267
32,3,9,19,5.748503084061667,5.864789383020252,0.11628629895858467,6.46551009407267
32,3,9,20,5.864789383020252,5.987177463015541,0.12238807999528944,6.46551009407267
32,3,9,21,5.987177463015541,6.115660658106208,0.1284831950906664,6.46551009407267
32,3,9,22,6.115660658106208,6.248527307994664,0.13286664988845587,6.46551009407267
32,3,9,23,6.248527307994664,6.388596074073575,0.14006876607891172,6.46551009407267
32,3,9,24,6.388596074073575,6.466478554066271,0.07788247999269515,6.46551009407267
32,3,10,1,0.298016463057138,0.39627721009310335,0.09826074703596532,6.46551009407267
32,3,10,2,0.39627721009310335,0.4915552909951657,0.09527808090206236,6.46551009407267
32,3,10,3,0.4915552909951657,0.5884813989978284,0.09692610800266266,6.46551009407267
32,3,10,4,0.5884813989978284,0.6839450820116326,0.09546368301380426,6.46551009407267
32,3,10,5,0.6839450820116326,0.781060112058185,0.09711503004655242,6.46551009407267
32,3,10,6,0.781060112058185,0.8832182410405949,0.10215812898240983,6.46551009407267
32,3,10,7,0.8832182410405949,0.9875677500385791,0.10434950899798423,6.46551009407267
32,3,10,8,0.9875677500385791,1.0864784750156105,0.09891072497703135,6.46551009407267
32,3,10,9,1.0864784750156105,1.1853281400399283,0.0988496650243178,6.46551009407267
32,3,10,10,1.1853281400399283,1.2829967620782554,0.09766862203832716,6.46551009407267
32,3,10,11,1.2829967620782554,1.3810580431018025,0.09806128102354705,6.46551009407267
32,3,10,12,1.3810580431018025,1.4773541560862213,0.09629611298441887,6.46551009407267
32,3,10,13,1.4773541560862213,1.5758876170730218,0.09853346098680049,6.46551009407267
32,3,10,14,1.5758876170730218,1.6725264230044559,0.09663880593143404,6.46551009407267
32,3,10,15,1.6725264230044559,1.7719386380631477,0.0994122150586918,6.46551009407267
32,3,10,16,1.7719386380631477,1.8741056250873953,0.10216698702424765,6.46551009407267
32,3,10,17,1.8741056250873953,1.9775266670621932,0.10342104197479784,6.46551009407267
32,3,10,18,1.9775266670621932,2.0790134459966794,0.10148677893448621,6.46551009407267
32,3,10,19,2.0790134459966794,2.179464771063067,0.10045132506638765,6.46551009407267
32,3,10,20,2.179464771063067,2.278402629075572,0.09893785801250488,6.46551009407267
32,3,10,21,2.278402629075572,2.377939124009572,0.09953649493400007,6.46551009407267
32,3,10,22,2.377939124009572,2.476357278996147,0.09841815498657525,6.46551009407267
32,3,10,23,2.476357278996147,2.5763788950862363,0.10002161609008908,6.46551009407267
32,3,10,24,2.5763788950862363,2.675493459100835,0.09911456401459873,6.46551009407267
32,3,10,25,2.675493459100835,2.777316871099174,0.101823411998339,6.46551009407267
32,3,10,26,2.777316871099174,2.8792420480167493,0.1019251769175753,6.46551009407267
32,3,10,27,2.8792420480167493,2.9833397190086544,0.10409767099190503,6.46551009407267
32,3,10,28,2.9833397190086544,3.084848875994794,0.10150915698613971,6.46551009407267
32,3,10,29,3.084848875994794,3.185286502004601,0.10043762600980699,6.46551009407267
32,3,10,30,3.185286502004601,3.285396665101871,0.10011016309726983,6.46551009407267
32,3,10,31,3.285396665101871,3.3864635850768536,0.10106691997498274,6.46551009407267
32,3,10,32,3.3864635850768536,3.486637761001475,0.10017417592462152,6.46551009407267
32,3,10,33,3.486637761001475,3.58721004310064,0.10057228209916502,6.46551009407267
32,3,10,34,3.58721004310064,3.687660505063832,0.10045046196319163,6.46551009407267
32,3,10,35,3.687660505063832,3.7899334400426596,0.10227293497882783,6.46551009407267
32,3,10,36,3.7899334400426596,3.8960804810049012,0.10614704096224159,6.46551009407267
32,3,10,37,3.8960804810049012,3.9971148760523647,0.10103439504746348,6.46551009407267
32,3,10,38,3.9971148760523647,4.100181001005694,0.10306612495332956,6.46551009407267
32,3,10,39,4.100181001005694,4.202147888019681,0.1019668870139867,6.46551009407267
32,3,10,40,4.202147888019681,4.3052261139964685,0.10307822597678751,6.46551009407267
32,3,10,41,4.3052261139964685,4.4048474710434675,0.09962135704699904,6.46551009407267
32,3,10,42,4.4048474710434675,4.507681266055442,0.10283379501197487,6.46551009407267
32,3,10,43,4.507681266055442,4.607510375091806,0.09982910903636366,6.46551009407267
32,3,10,44,4.607510375091806,4.710638469085097,0.10312809399329126,6.46551009407267
32,3,10,45,4.710638469085097,4.8119958800962195,0.10135741101112217,6.46551009407267
32,3,10,46,4.8119958800962195,4.917866834090091,0.10587095399387181,6.46551009407267
32,3,10,47,4.917866834090091,5.0201202490134165,0.10225341492332518,6.46551009407267
32,3,10,48,5.0201202490134165,5.125389054068364,0.10526880505494773,6.46551009407267
32,3,10,49,5.125389054068364,5.226145637105219,0.10075658303685486,6.46551009407267
32,3,10,50,5.226145637105219,5.330798119073734,0.10465248196851462,6.46551009407267
32,3,10,51,5.330798119073734,5.432286477065645,0.10148835799191147,6.46551009407267
32,3,10,52,5.432286477065645,5.536954796058126,0.10466831899248064,6.46551009407267
32,3,10,53,5.536954796058126,5.637634227052331,0.10067943099420518,6.46551009407267
32,3,10,54,5.637634227052331,5.748561821063049,0.11092759401071817,6.46551009407267
32,3,10,55,5.748561821063049,5.864834736101329,0.11627291503828019,6.46551009407267
32,3,10,56,5.864834736101329,5.9872236110968515,0.1223888749955222,6.46551009407267
32,3,10,57,5.9872236110968515,6.115709134028293,0.12848552293144166,6.46551009407267
32,3,10,58,6.115709134028293,6.248575213016011,0.13286607898771763,6.46551009407267
32,3,10,59,6.248575213016011,6.388646574108861,0.14007136109285057,6.46551009407267
32,3,10,60,6.388646574108861,6.4665252870181575,0.07787871290929615,6.46551009407267
32,3,11,1,1.282577756093815,1.3806553001049906,0.09807754401117563,6.46551009407267
32,3,11,2,1.3806553001049906,1.4766726650996134,0.09601736499462277,6.46551009407267
32,3,11,3,1.4766726650996134,1.5754461680771783,0.09877350297756493,6.46551009407267
32,3,11,4,1.5754461680771783,1.6721505800960585,0.09670441201888025,6.46551009407267
32,3,11,5,1.6721505800960585,1.7715032070409507,0.09935262694489211,6.46551009407267
32,3,11,6,1.7715032070409507,1.8733904480468482,0.10188724100589752,6.46551009407267
32,3,11,7,1.8733904480468482,1.976993287098594,0.10360283905174583,6.46551009407267
32,3,11,8,1.976993287098594,2.0785834330599755,0.1015901459613815,6.46551009407267
32,3,11,9,2.0785834330599755,2.1790309050120413,0.10044747195206583,6.46551009407267
32,3,11,10,2.1790309050120413,2.2779757470125332,0.09894484200049192,6.46551009407267
32,3,11,11,2.2779757470125332,2.3774641760392115,0.0994884290266782,6.46551009407267
32,3,11,12,2.3774641760392115,2.4756312200333923,0.09816704399418086,6.46551009407267
32,3,11,13,2.4756312200333923,2.5758875540923327,0.10025633405894041,6.46551009407267
32,3,11,14,2.5758875540923327,2.675002438016236,0.09911488392390311,6.46551009407267
32,3,11,15,2.675002438016236,2.7760518190916628,0.10104938107542694,6.46551009407267
32,3,11,16,2.7760518190916628,2.8793428119970486,0.10329099290538579,6.46551009407267
32,3,11,17,2.8793428119970486,2.9834379150997847,0.10409510310273618,6.46551009407267
32,3,11,18,2.9834379150997847,3.084943402092904,0.10150548699311912,6.46551009407267
32,3,11,19,3.084943402092904,3.185379558010027,0.10043615591712296,6.46551009407267
32,3,11,20,3.185379558010027,3.2854887871071696,0.10010922909714282,6.46551009407267
32,3,11,21,3.2854887871071696,3.3865662700263783,0.1010774829192087,6.46551009407267
32,3,11,22,3.3865662700263783,3.4867328570690006,0.10016658704262227,6.46551009407267
32,3,11,23,3.4867328570690006,3.5873044640757143,0.10057160700671375,6.46551009407267
32,3,11,24,3.5873044640757143,3.6877542020520195,0.10044973797630519,6.46551009407267
32,3,11,25,3.6877542020520195,3.79002604004927,0.10227183799725026,6.46551009407267
32,3,11,26,3.79002604004927,3.896183799020946,0.10615775897167623,6.46551009407267
32,3,11,27,3.896183799020946,3.997209561057389,0.10102576203644276,6.46551009407267
32,3,11,28,3.997209561057389,4.100281368009746,0.10307180695235729,6.46551009407267
32,3,11,29,4.100281368009746,4.202316497103311,0.10203512909356505,6.46551009407267
32,3,11,30,4.202316497103311,4.305323103093542,0.10300660599023104,6.46551009407267
32,3,11,31,4.305323103093542,4.404942766064778,0.09961966297123581,6.46551009407267
32,3,11,32,4.404942766064778,4.507780977059156,0.10283821099437773,6.46551009407267
32,3,11,33,4.507780977059156,4.607602805015631,0.09982182795647532,6.46551009407267
32,3,11,34,4.607602805015631,4.710730274091475,0.10312746907584369,6.46551009407267
32,3,11,35,4.710730274091475,4.812091982108541,0.10136170801706612,6.46551009407267
32,3,11,36,4.812091982108541,4.917965166037902,0.1058731839293614,6.46551009407267
32,3,11,37,4.917965166037902,5.020211758092046,0.10224659205414355,6.46551009407267
32,3,11,38,5.020211758092046,5.125778100104071,0.10556634201202542,6.46551009407267
32,3,11,39,5.125778100104071,5.226312232087366,0.10053413198329508,6.46551009407267
32,3,11,40,5.226312232087366,5.330941820051521,0.10462958796415478,6.46551009407267
32,3,11,41,5.330941820051521,5.432426707004197,0.10148488695267588,6.46551009407267
32,3,11,42,5.432426707004197,5.537096751038916,0.10467004403471947,6.46551009407267
32,3,11,43,5.537096751038916,5.637776923016645,0.1006801719777286,6.46551009407267
32,3,11,44,5.637776923016645,5.748721093055792,0.11094417003914714,6.46551009407267
32,3,11,45,5.748721093055792,5.864973841002211,0.11625274794641882,6.46551009407267
32,3,11,46,5.864973841002211,5.987377812038176,0.12240397103596479,6.46551009407267
32,3,11,47,5.987377812038176,6.115854629082605,0.12847681704442948,6.46551009407267
32,3,11,48,6.115854629082605,6.248715515015647,0.13286088593304157,6.46551009407267
32,3,11,49,6.248715515015647,6.388799575041048,0.1400840600254014,6.46551009407267
32,3,11,50,6.388799575041048,6.46674119902309,0.07794162398204207,6.46551009407267
32,3,12,1,2.277691085007973,2.377262440044433,0.09957135503645986,6.46551009407267
32,3,12,2,2.377262440044433,2.475427223020233,0.09816478297580034,6.46551009407267
32,3,12,3,2.475427223020233,2.575644404045306,0.10021718102507293,6.46551009407267
32,3,12,4,2.575644404045306,2.6748025570996106,0.09915815305430442,6.46551009407267
32,3,12,5,2.6748025570996106,2.7754369180183858,0.1006343609187752,6.46551009407267
32,3,12,6,2.7754369180183858,2.879443431040272,0.10400651302188635,6.46551009407267
32,3,12,7,2.879443431040272,2.9835419420851395,0.10409851104486734,6.46551009407267
32,3,12,8,2.9835419420851395,3.0850399140035734,0.1014979719184339,6.46551009407267
32,3,12,9,3.0850399140035734,3.1854760450078174,0.10043613100424409,6.46551009407267
32,3,12,10,3.1854760450078174,3.2855899210553616,0.10011387604754418,6.46551009407267
32,3,12,11,3.2855899210553616,3.386660036048852,0.10107011499349028,6.46551009407267
32,3,12,12,3.386660036048852,3.487169729080051,0.10050969303119928,6.46551009407267
32,3,12,13,3.487169729080051,3.5874721080763265,0.10030237899627537,6.46551009407267
32,3,12,14,3.5874721080763265,3.6878962870687246,0.10042417899239808,6.46551009407267
32,3,12,15,3.6878962870687246,3.7901662120129913,0.10226992494426668,6.46551009407267
32,3,12,16,3.7901662120129913,3.8963440760271624,0.10617786401417106,6.46551009407267
32,3,12,17,3.8963440760271624,3.9974225600017235,0.1010784839745611,6.46551009407267
32,3,12,18,3.9974225600017235,4.100807028007694,0.10338446800597012,6.46551009407267
32,3,12,19,4.100807028007694,4.2025631500873715,0.10175612207967788,6.46551009407267
32,3,12,20,4.2025631500873715,4.305585679016076,0.10302252892870456,6.46551009407267
32,3,12,21,4.305585679016076,4.405129423015751,0.09954374399967492,6.46551009407267
32,3,12,22,4.405129423015751,4.507983889081515,0.10285446606576443,6.46551009407267
32,3,12,23,4.507983889081515,4.60778346308507,0.09979957400355488,6.46551009407267
32,3,12,24,4.60778346308507,4.71092198905535,0.10313852597028017,6.46551009407267
32,3,12,25,4.71092198905535,4.812289435067214,0.10136744601186365,6.46551009407267
32,3,12,26,4.812289435067214,4.918167686089873,0.10587825102265924,6.46551009407267
32,3,12,27,4.918167686089873,5.020400420064107,0.10223273397423327,6.46551009407267
32,3,12,28,5.020400420064107,5.125973125104792,0.10557270504068583,6.46551009407267
32,3,12,29,5.125973125104792,5.226498847012408,0.10052572190761566,6.46551009407267
32,3,12,30,5.226498847012408,5.331128866993822,0.10463001998141408,6.46551009407267
32,3,12,31,5.331128866993822,5.432618905091658,0.10149003809783608,6.46551009407267
32,3,12,32,5.432618905091658,5.537280767108314,0.1046618620166555,6.46551009407267
32,3,12,33,5.537280767108314,5.637956087011844,0.10067531990353018,6.46551009407267
32,3,12,34,5.637956087011844,5.748928679036908,0.11097259202506393,6.46551009407267
32,3,12,35,5.748928679036908,5.865156523999758,0.11622784496285021,6.46551009407267
32,3,12,36,5.865156523999758,5.987573088030331,0.12241656403057277,6.46551009407267
32,3,12,37,5.987573088030331,6.1160430340096354,0.1284699459793046,6.46551009407267
32,3,12,38,6.1160430340096354,6.248900028993376,0.13285699498374015,6.46551009407267
32,3,12,39,6.248900028993376,6.389000096009113,0.1401000670157373,6.46551009407267
32,3,12,40,6.389000096009113,6.4669234961038455,0.07792340009473264,6.46551009407267
32,3,13,1,5.5375991750042886,5.63806993002072,0.10047075501643121,6.46551009407267
32,3,13,2,5.63806993002072,5.749030176084489,0.11096024606376886,6.46551009407267
32,3,13,3,5.749030176084489,5.865248959045857,0.11621878296136856,6.46551009407267
32,3,13,4,5.865248959045857,5.987669355003163,0.12242039595730603,6.46551009407267
32,3,13,5,5.987669355003163,6.1161392440553755,0.12846988905221224,6.46551009407267
32,3,13,6,6.1161392440553755,6.248992779059336,0.13285353500396013,6.46551009407267
32,3,13,7,6.248992779059336,6.3890990590443835,0.14010627998504788,6.46551009407267
32,3,13,8,6.3890990590443835,6.467008754028939,0.07790969498455524,6.46551009407267
32,3,14,1,2.0781498440774158,2.178722403012216,0.10057255893480033,6.46551009407267
32,3,14,2,2.178722403012216,2.2772408140590414,0.09851841104682535,6.46551009407267
32,3,14,3,2.2772408140590414,2.3770852060988545,0.0998443920398131,6.46551009407267
32,3,14,4,2.3770852060988545,2.475281134014949,0.09819592791609466,6.46551009407267
32,3,14,5,2.475281134014949,2.5754014560952783,0.10012032208032906,6.46551009407267
32,3,14,6,2.5754014560952783,2.6742000970989466,0.09879864100366831,6.46551009407267
32,3,14,7,2.6742000970989466,2.774956423090771,0.10075632599182427,6.46551009407267
32,3,14,8,2.774956423090771,2.8789808760629967,0.10402445297222584,6.46551009407267
32,3,14,9,2.8789808760629967,2.983094713068567,0.10411383700557053,6.46551009407267
32,3,14,10,2.983094713068567,3.0843078290345147,0.10121311596594751,6.46551009407267
32,3,14,11,3.0843078290345147,3.1849676520796493,0.10065982304513454,6.46551009407267
32,3,14,12,3.1849676520796493,3.2851064380956814,0.1001387860160321,6.46551009407267
32,3,14,13,3.2851064380956814,3.3861699760891497,0.10106353799346834,6.46551009407267
32,3,14,14,3.3861699760891497,3.486332137021236,0.10016216093208641,6.46551009407267
32,3,14,15,3.486332137021236,3.5869198410073295,0.1005877039860934,6.46551009407267
32,3,14,16,3.5869198410073295,3.6872931390535086,0.10037329804617912,6.46551009407267
32,3,14,17,3.6872931390535086,3.7895587210077792,0.1022655819542706,6.46551009407267
32,3,14,18,3.7895587210077792,3.8954549360787496,0.10589621507097036,6.46551009407267
32,3,14,19,3.8954549360787496,3.9967443040804937,0.10128936800174415,6.46551009407267
32,3,14,20,3.9967443040804937,4.099823150085285,0.10307884600479156,6.46551009407267
32,3,14,21,4.099823150085285,4.201787013094872,0.10196386300958693,6.46551009407267
32,3,14,22,4.201787013094872,4.304886904079467,0.10309989098459482,6.46551009407267
32,3,14,23,4.304886904079467,4.404428131994791,0.09954122791532427,6.46551009407267
32,3,14,24,4.404428131994791,4.506934623001143,0.10250649100635201,6.46551009407267
32,3,14,25,4.506934623001143,4.6070335149997845,0.10009889199864119,6.46551009407267
32,3,14,26,4.6070335149997845,4.710246119997464,0.10321260499767959,6.46551009407267
32,3,14,27,4.710246119997464,4.811590714030899,0.10134459403343499,6.46551009407267
32,3,14,28,4.811590714030899,4.917458279058337,0.1058675650274381,6.46551009407267
32,3,14,29,4.917458279058337,5.019741102005355,0.10228282294701785,6.46551009407267
32,3,14,30,5.019741102005355,5.124996083090082,0.10525498108472675,6.46551009407267
32,3,14,31,5.124996083090082,5.225764164002612,0.10076808091253042,6.46551009407267
32,3,14,32,5.225764164002612,5.330116466036998,0.1043523020343855,6.46551009407267
32,3,14,33,5.330116466036998,5.4318285080371425,0.10171204200014472,6.46551009407267
32,3,14,34,5.4318285080371425,5.536500146030448,0.10467163799330592,6.46551009407267
32,3,14,35,5.536500146030448,5.637200511060655,0.10070036503020674,6.46551009407267
32,3,14,36,5.637200511060655,5.74795194005128,0.11075142899062485,6.46551009407267
32,3,14,37,5.74795194005128,5.864296933053993,0.11634499300271273,6.46551009407267
32,3,14,38,5.864296933053993,5.986790266004391,0.12249333295039833,6.46551009407267
32,3,14,39,5.986790266004391,6.115147795993835,0.12835752998944372,6.46551009407267
32,3,14,40,6.115147795993835,6.248130157007836,0.13298236101400107,6.46551009407267
32,3,14,41,6.248130157007836,6.388189603108913,0.1400594461010769,6.46551009407267
32,3,14,42,6.388189603108913,6.46611975308042,0.07793014997150749,6.46551009407267
32,3,15,1,0.4913089181063697,0.5882439890410751,0.09693507093470544,6.46551009407267
32,3,15,2,0.5882439890410751,0.6833792910911143,0.09513530205003917,6.46551009407267
32,3,15,3,0.6833792910911143,0.7807663830462843,0.09738709195517004,6.46551009407267
32,3,15,4,0.7807663830462843,0.8829666760284454,0.10220029298216105,6.46551009407267
32,3,15,5,0.8829666760284454,0.9872974311001599,0.10433075507171452,6.46551009407267
32,3,15,6,0.9872974311001599,1.0859205670421943,0.09862313594203442,6.46551009407267
32,3,15,7,1.0859205670421943,1.1849498600931838,0.09902929305098951,6.46551009407267
32,3,15,8,1.1849498600931838,1.2827009400352836,0.09775107994209975,6.46551009407267
32,3,15,9,1.2827009400352836,1.3807065041037276,0.09800556406844407,6.46551009407267
32,3,15,10,1.3807065041037276,1.4767216549953446,0.09601515089161694,6.46551009407267
32,3,15,11,1.4767216549953446,1.5754966440144926,0.09877498901914805,6.46551009407267
32,3,15,12,1.5754966440144926,1.672197901061736,0.09670125704724342,6.46551009407267
32,3,15,13,1.672197901061736,1.7715682970592752,0.09937039599753916,6.46551009407267
32,3,15,14,1.7715682970592752,1.8734418720705435,0.10187357501126826,6.46551009407267
32,3,15,15,1.8734418720705435,1.9770453131059185,0.103603441035375,6.46551009407267
32,3,15,16,1.9770453131059185,2.0786322220228612,0.10158690891694278,6.46551009407267
32,3,15,17,2.0786322220228612,2.179079541005194,0.10044731898233294,6.46551009407267
32,3,15,18,2.179079541005194,2.2780251090880483,0.09894556808285415,6.46551009407267
32,3,15,19,2.2780251090880483,2.3775131800211966,0.09948807093314826,6.46551009407267
32,3,15,20,2.3775131800211966,2.475678005022928,0.09816482500173151,6.46551009407267
32,3,15,21,2.475678005022928,2.575938369031064,0.1002603640081361,6.46551009407267
32,3,15,22,2.575938369031064,2.675051931058988,0.09911356202792376,6.46551009407267
32,3,15,23,2.675051931058988,2.7761621590470895,0.10111022798810154,6.46551009407267
32,3,15,24,2.7761621590470895,2.8783851880580187,0.10222302901092917,6.46551009407267
32,3,15,25,2.8783851880580187,2.9827571040950716,0.10437191603705287,6.46551009407267
32,3,15,26,2.9827571040950716,3.08398948807735,0.1012323839822784,6.46551009407267
32,3,15,27,3.08398948807735,3.184505656012334,0.10051616793498397,6.46551009407267
32,3,15,28,3.184505656012334,3.28464706602972,0.10014141001738608,6.46551009407267
32,3,15,29,3.28464706602972,3.385708576068282,0.10106151003856212,6.46551009407267
32,3,15,30,3.385708576068282,3.4860334231052548,0.10032484703697264,6.46551009407267
32,3,15,31,3.4860334231052548,3.5864451320376247,0.10041170893236995,6.46551009407267
32,3,15,32,3.5864451320376247,3.6869302610866725,0.10048512904904783,6.46551009407267
32,3,15,33,3.6869302610866725,3.789192770025693,0.10226250893902034,6.46551009407267
32,3,15,34,3.789192770025693,3.8951334001030773,0.10594063007738441,6.46551009407267
32,3,15,35,3.8951334001030773,3.9964319430291653,0.10129854292608798,6.46551009407267
32,3,15,36,3.9964319430291653,4.099502201075666,0.10307025804650038,6.46551009407267
32,3,15,37,4.099502201075666,4.201453740010038,0.10195153893437237,6.46551009407267
32,3,15,38,4.201453740010038,4.304288882063702,0.10283514205366373,6.46551009407267
32,3,15,39,4.304288882063702,4.403976310044527,0.0996874279808253,6.46551009407267
32,3,15,40,4.403976310044527,4.506490298081189,0.10251398803666234,6.46551009407267
32,3,15,41,4.506490298081189,4.606627664063126,0.10013736598193645,6.46551009407267
32,3,15,42,4.606627664063126,4.709794700029306,0.10316703596618026,6.46551009407267
32,3,15,43,4.709794700029306,4.811127777094953,0.10133307706564665,6.46551009407267
32,3,15,44,4.811127777094953,4.917138610035181,0.10601083294022828,6.46551009407267
32,3,15,45,4.917138610035181,5.019286544062197,0.10214793402701616,6.46551009407267
32,3,15,46,5.019286544062197,5.1245028300909325,0.10521628602873534,6.46551009407267
32,3,15,47,5.1245028300909325,5.22530498506967,0.10080215497873724,6.46551009407267
32,3,15,48,5.22530498506967,5.329665184020996,0.10436019895132631,6.46551009407267
32,3,15,49,5.329665184020996,5.431352778105065,0.10168759408406913,6.46551009407267
32,3,15,50,5.431352778105065,5.536019201041199,0.10466642293613404,6.46551009407267
32,3,15,51,5.536019201041199,5.63674800703302,0.10072880599182099,6.46551009407267
32,3,15,52,5.63674800703302,5.747620923095383,0.11087291606236249,6.46551009407267
32,3,15,53,5.747620923095383,5.864003831055015,0.11638290795963258,6.46551009407267
32,3,15,54,5.864003831055015,5.986318904091604,0.12231507303658873,6.46551009407267
32,3,15,55,5.986318904091604,6.114837376051582,0.12851847195997834,6.46551009407267
32,3,15,56,6.114837376051582,6.247664479073137,0.13282710302155465,6.46551009407267
32,3,15,57,6.247664479073137,6.38772634207271,0.14006186299957335,6.46551009407267
32,3,15,58,6.38772634207271,6.465837832074612,0.07811149000190198,6.46551009407267
32,3,16,1,3.688345040078275,3.7904184830840677,0.1020734430057928,6.46551009407267
32,3,16,2,3.7904184830840677,3.8966721150791273,0.10625363199505955,6.46551009407267
32,3,16,3,3.8966721150791273,3.997667459072545,0.10099534399341792,6.46551009407267
32,3,16,4,3.997667459072545,4.101056347019039,0.10338888794649392,6.46551009407267
32,3,16,5,4.101056347019039,4.20281412708573,0.10175778006669134,6.46551009407267
32,3,16,6,4.20281412708573,4.305815372033976,0.10300124494824558,6.46551009407267
32,3,16,7,4.305815372033976,4.405363145051524,0.09954777301754802,6.46551009407267
32,3,16,8,4.405363145051524,4.508229564060457,0.10286641900893301,6.46551009407267
32,3,16,9,4.508229564060457,4.60800333507359,0.09977377101313323,6.46551009407267
32,3,16,10,4.60800333507359,4.71115499001462,0.10315165494102985,6.46551009407267
32,3,16,11,4.71115499001462,4.812541178078391,0.10138618806377053,6.46551009407267
32,3,16,12,4.812541178078391,4.918457865016535,0.10591668693814427,6.46551009407267
32,3,16,13,4.918457865016535,5.0206427910597995,0.10218492604326457,6.46551009407267
32,3,16,14,5.0206427910597995,5.1262335469946265,0.10559075593482703,6.46551009407267
32,3,16,15,5.1262335469946265,5.226737794000655,0.10050424700602889,6.46551009407267
32,3,16,16,5.226737794000655,5.331366898026317,0.10462910402566195,6.46551009407267
32,3,16,17,5.331366898026317,5.432852241094224,0.1014853430679068,6.46551009407267
32,3,16,18,5.432852241094224,5.537827549036592,0.10497530794236809,6.46551009407267
32,3,16,19,5.537827549036592,5.638247058028355,0.100419508991763,6.46551009407267
32,3,16,20,5.638247058028355,5.749234724091366,0.11098766606301069,6.46551009407267
32,3,16,21,5.749234724091366,5.865426142001525,0.11619141791015863,6.46551009407267
32,3,16,22,5.865426142001525,5.987850924022496,0.12242478202097118,6.46551009407267
32,3,16,23,5.987850924022496,6.116375111043453,0.12852418702095747,6.46551009407267
32,3,16,24,6.116375111043453,6.249202066101134,0.1328269550576806,6.46551009407267
32,3,16,25,6.249202066101134,6.389291965053417,0.14008989895228297,6.46551009407267
32,3,16,26,6.389291965053417,6.4671781620709226,0.07788619701750576,6.46551009407267
32,3,17,1,2.878861945006065,2.9829917720053345,0.10412982699926943,6.46551009407267
32,3,17,2,2.9829917720053345,3.084195281029679,0.10120350902434438,6.46551009407267
32,3,17,3,3.084195281029679,3.1847526530036703,0.1005573719739914,6.46551009407267
32,3,17,4,3.1847526530036703,3.2848829140421003,0.10013026103843004,6.46551009407267
32,3,17,5,3.2848829140421003,3.385950633091852,0.10106771904975176,6.46551009407267
32,3,17,6,3.385950633091852,3.4862319390522316,0.10028130596037954,6.46551009407267
32,3,17,7,3.4862319390522316,3.5866892870981246,0.10045734804589301,6.46551009407267
32,3,17,8,3.5866892870981246,3.6871957670664415,0.10050647996831685,6.46551009407267
32,3,17,9,3.6871957670664415,3.7894400850636885,0.10224431799724698,6.46551009407267
32,3,17,10,3.7894400850636885,3.8953478280454874,0.10590774298179895,6.46551009407267
32,3,17,11,3.8953478280454874,3.9966448260238394,0.10129699797835201,6.46551009407267
32,3,17,12,3.9966448260238394,4.099713760078885,0.10306893405504525,6.46551009407267
32,3,17,13,4.099713760078885,4.201679426012561,0.10196566593367606,6.46551009407267
32,3,17,14,4.201679426012561,4.304787755012512,0.10310832899995148,6.46551009407267
32,3,17,15,4.304787755012512,4.404330812045373,0.09954305703286082,6.46551009407267
32,3,17,16,4.404330812045373,4.506833146093413,0.10250233404804021,6.46551009407267
32,3,17,17,4.506833146093413,4.606940346071497,0.10010719997808337,6.46551009407267
32,3,17,18,4.606940346071497,4.710148066049442,0.10320771997794509,6.46551009407267
32,3,17,19,4.710148066049442,4.811474754009396,0.10132668795995414,6.46551009407267
32,3,17,20,4.811474754009396,4.917357632075436,0.10588287806604058,6.46551009407267
32,3,17,21,4.917357632075436,5.0196426800685,0.10228504799306393,6.46551009407267
32,3,17,22,5.0196426800685,5.124895589076914,0.10525290900841355,6.46551009407267
32,3,17,23,5.124895589076914,5.225668838014826,0.10077324893791229,6.46551009407267
32,3,17,24,5.225668838014826,5.330016324995086,0.10434748698025942,6.46551009407267
32,3,17,25,5.330016324995086,5.431728168041445,0.10171184304635972,6.46551009407267
32,3,17,26,5.431728168041445,5.536398986005224,0.10467081796377897,6.46551009407267
32,3,17,27,5.536398986005224,5.637101648026146,0.10070266202092171,6.46551009407267
32,3,17,28,5.637101648026146,5.747845055069774,0.1107434070436284,6.46551009407267
32,3,17,29,5.747845055069774,5.864202536060475,0.11635748099070042,6.46551009407267
32,3,17,30,5.864202536060475,5.9866913630394265,0.12248882697895169,6.46551009407267
32,3,17,31,5.9866913630394265,6.115048262057826,0.12835689901839942,6.46551009407267
32,3,17,32,6.115048262057826,6.24803212005645,0.13298385799862444,6.46551009407267
32,3,17,33,6.24803212005645,6.388091918081045,0.14005979802459478,6.46551009407267
32,3,17,34,6.388091918081045,6.466029042028822,0.07793712394777685,6.46551009407267
32,3,18,1,4.304609971004538,4.404164895997383,0.09955492499284446,6.46551009407267
32,3,18,2,4.404164895997383,4.5066583540756255,0.10249345807824284,6.46551009407267
32,3,18,3,4.5066583540756255,4.606778745073825,0.10012039099819958,6.46551009407267
32,3,18,4,4.606778745073825,4.709860270028003,0.10308152495417744,6.46551009407267
32,3,18,5,4.709860270028003,4.811192530090921,0.10133226006291807,6.46551009407267
32,3,18,6,4.811192530090921,4.917201812029816,0.10600928193889558,6.46551009407267
32,3,18,7,4.917201812029816,5.019340024096891,0.10213821206707507,6.46551009407267
32,3,18,8,5.019340024096891,5.124567883089185,0.10522785899229348,6.46551009407267
32,3,18,9,5.124567883089185,5.225357235060073,0.10078935197088867,6.46551009407267
32,3,18,10,5.225357235060073,5.329718621098436,0.10436138603836298,6.46551009407267
32,3,18,11,5.329718621098436,5.431406870018691,0.10168824892025441,6.46551009407267
32,3,18,12,5.431406870018691,5.536077154101804,0.10467028408311307,6.46551009407267
32,3,18,13,5.536077154101804,5.636803559027612,0.10072640492580831,6.46551009407267
32,3,18,14,5.636803559027612,5.747680766042322,0.11087720701470971,6.46551009407267
32,3,18,15,5.747680766042322,5.864055967074819,0.11637520103249699,6.46551009407267
32,3,18,16,5.864055967074819,5.986371028004214,0.12231506092939526,6.46551009407267
32,3,18,17,5.986371028004214,6.114892681012861,0.12852165300864726,6.46551009407267
32,3,18,18,6.114892681012861,6.247718001017347,0.13282532000448555,6.46551009407267
32,3,18,19,6.247718001017347,6.387779246084392,0.1400612450670451,6.46551009407267
32,3,18,20,6.387779246084392,6.465887053054757,0.07810780697036535,6.46551009407267
32,3,19,1,0.8828939620871097,0.9872382869943976,0.10434432490728796,6.46551009407267
32,3,19,2,0.9872382869943976,1.0858576820464805,0.09861939505208284,6.46551009407267
32,3,19,3,1.0858576820464805,1.1848938190378249,0.09903613699134439,6.46551009407267
32,3,19,4,1.1848938190378249,1.2822967800311744,0.09740296099334955,6.46551009407267
32,3,19,5,1.2822967800311744,1.3805770830949768,0.09828030306380242,6.46551009407267
32,3,19,6,1.3805770830949768,1.4766226430656388,0.096045559970662,6.46551009407267
32,3,19,7,1.4766226430656388,1.5753914690576494,0.09876882599201053,6.46551009407267
32,3,19,8,1.5753914690576494,1.6721010101027787,0.0967095410451293,6.46551009407267
32,3,19,9,1.6721010101027787,1.7714467101031914,0.09934570000041276,6.46551009407267
32,3,19,10,1.7714467101031914,1.8733389060944319,0.10189219599124044,6.46551009407267
32,3,19,11,1.8733389060944319,1.9769405910046771,0.10360168491024524,6.46551009407267
32,3,19,12,1.9769405910046771,2.0785332820378244,0.10159269103314728,6.46551009407267
32,3,19,13,2.0785332820378244,2.1789814630756155,0.10044818103779107,6.46551009407267
32,3,19,14,2.1789814630756155,2.2779260500101373,0.0989445869345218,6.46551009407267
32,3,19,15,2.2779260500101373,2.377416081028059,0.09949003101792186,6.46551009407267
32,3,19,16,2.377416081028059,2.475584522006102,0.09816844097804278,6.46551009407267
32,3,19,17,2.475584522006102,2.575792736024596,0.10020821401849389,6.46551009407267
32,3,19,18,2.575792736024596,2.674952584085986,0.09915984806139022,6.46551009407267
32,3,19,19,2.674952584085986,2.7759350429987535,0.10098245891276747,6.46551009407267
32,3,19,20,2.7759350429987535,2.8792929149931297,0.10335787199437618,6.46551009407267
32,3,19,21,2.8792929149931297,2.983389322995208,0.10409640800207853,6.46551009407267
32,3,19,22,2.983389322995208,3.084896218031645,0.10150689503643662,6.46551009407267
32,3,19,23,3.084896218031645,3.185333767090924,0.10043754905927926,6.46551009407267
32,3,19,24,3.185333767090924,3.285443474072963,0.10010970698203892,6.46551009407267
32,3,19,25,3.285443474072963,3.3865096480585635,0.10106617398560047,6.46551009407267
32,3,19,26,3.3865096480585635,3.486685522017069,0.10017587395850569,6.46551009407267
32,3,19,27,3.486685522017069,3.5872566890902817,0.10057116707321256,6.46551009407267
32,3,19,28,3.5872566890902817,3.6877076900564134,0.10045100096613169,6.46551009407267
32,3,19,29,3.6877076900564134,3.789980778004974,0.10227308794856071,6.46551009407267
32,3,19,30,3.789980778004974,3.896132713998668,0.10615193599369377,6.46551009407267
32,3,19,31,3.896132713998668,3.9971622941084206,0.10102958010975271,6.46551009407267
32,3,19,32,3.9971622941084206,4.100230865064077,0.10306857095565647,6.46551009407267
32,3,19,33,4.100230865064077,4.202199598075822,0.10196873301174492,6.46551009407267
32,3,19,34,4.202199598075822,4.305275171995163,0.10307557391934097,6.46551009407267
32,3,19,35,4.305275171995163,4.404895565006882,0.09962039301171899,6.46551009407267
32,3,19,36,4.404895565006882,4.5077308940235525,0.10283532901667058,6.46551009407267
32,3,19,37,4.5077308940235525,4.607559274067171,0.09982838004361838,6.46551009407267
32,3,19,38,4.607559274067171,4.710683908080682,0.10312463401351124,6.46551009407267
32,3,19,39,4.710683908080682,4.812044016085565,0.10136010800488293,6.46551009407267
32,3,19,40,4.812044016085565,4.917915336089209,0.10587132000364363,6.46551009407267
32,3,19,41,4.917915336089209,5.020165408030152,0.1022500719409436,6.46551009407267
32,3,19,42,5.020165408030152,5.125726997037418,0.10556158900726587,6.46551009407267
32,3,19,43,5.125726997037418,5.226265820092522,0.10053882305510342,6.46551009407267
32,3,19,44,5.226265820092522,5.330895261024125,0.10462944093160331,6.46551009407267
32,3,19,45,5.330895261024125,5.432381879072636,0.10148661804851145,6.46551009407267
32,3,19,46,5.432381879072636,5.537051746039651,0.10466986696701497,6.46551009407267
32,3,19,47,5.537051746039651,5.637730938033201,0.10067919199354947,6.46551009407267
32,3,19,48,5.637730938033201,5.748669353080913,0.11093841504771262,6.46551009407267
32,3,19,49,5.748669353080913,5.864927522023208,0.11625816894229501,6.46551009407267
32,3,19,50,5.864927522023208,5.987328738090582,0.12240121606737375,6.46551009407267
32,3,19,51,5.987328738090582,6.115806456073187,0.1284777179826051,6.46551009407267
32,3,19,52,6.115806456073187,6.248669570079073,0.13286311400588602,6.46551009407267
32,3,19,53,6.248669570079073,6.388748312019743,0.14007874194066972,6.46551009407267
32,3,19,54,6.388748312019743,6.466695562005043,0.0779472499853,6.46551009407267
32,3,20,1,3.286043246043846,3.3869163730414584,0.10087312699761242,6.46551009407267
32,3,20,2,3.3869163730414584,3.487413797993213,0.10049742495175451,6.46551009407267
32,3,20,3,3.487413797993213,3.587714866036549,0.10030106804333627,6.46551009407267
32,3,20,4,3.587714866036549,3.6883976440876722,0.10068277805112302,6.46551009407267
32,3,20,5,3.6883976440876722,3.7904656720347703,0.10206802794709802,6.46551009407267
32,3,20,6,3.7904656720347703,3.8967220190679654,0.1062563470331952,6.46551009407267
32,3,20,7,3.8967220190679654,3.997712465003133,0.10099044593516737,6.46551009407267
32,3,20,8,3.997712465003133,4.101105745066889,0.10339328006375581,6.46551009407267
32,3,20,9,4.101105745066889,4.202865409082733,0.10175966401584446,6.46551009407267
32,3,20,10,4.202865409082733,4.305860468070023,0.10299505898728967,6.46551009407267
32,3,20,11,4.305860468070023,4.405408576014452,0.09954810794442892,6.46551009407267
32,3,20,12,4.405408576014452,4.508276839042082,0.10286826302763075,6.46551009407267
32,3,20,13,4.508276839042082,4.608046466019005,0.09976962697692215,6.46551009407267
32,3,20,14,4.608046466019005,4.711200511083007,0.10315404506400228,6.46551009407267
32,3,20,15,4.711200511083007,4.8125906880013645,0.10139017691835761,6.46551009407267
32,3,20,16,4.8125906880013645,4.918507051072083,0.10591636307071894,6.46551009407267
32,3,20,17,4.918507051072083,5.020688479067758,0.10218142799567431,6.46551009407267
32,3,20,18,5.020688479067758,5.126281146076508,0.10559266700875014,6.46551009407267
32,3,20,19,5.126281146076508,5.22678241005633,0.1005012639798224,6.46551009407267
32,3,20,20,5.22678241005633,5.331412421073765,0.1046300110174343,6.46551009407267
32,3,20,21,5.331412421073765,5.432897996040992,0.10148557496722788,6.46551009407267
32,3,20,22,5.432897996040992,5.537874408997595,0.10497641295660287,6.46551009407267
32,3,20,23,5.537874408997595,5.6382903340272605,0.10041592502966523,6.46551009407267
32,3,20,24,5.6382903340272605,5.749286883044988,0.11099654901772738,6.46551009407267
32,3,20,25,5.749286883044988,5.8654712670249864,0.11618438397999853,6.46551009407267
32,3,20,26,5.8654712670249864,5.987897006096318,0.12242573907133192,6.46551009407267
32,3,20,27,5.987897006096318,6.1164232060546055,0.12852619995828718,6.46551009407267
32,3,20,28,6.1164232060546055,6.24925193504896,0.1328287289943546,6.46551009407267
32,3,20,29,6.24925193504896,6.389341882080771,0.14008994703181088,6.46551009407267
32,3,20,30,6.389341882080771,6.467220208025537,0.0778783259447664,6.46551009407267
32,3,21,1,2.6745720480103046,2.775225647026673,0.10065359901636839,6.46551009407267
32,3,21,2,2.775225647026673,2.8790328620234504,0.10380721499677747,6.46551009407267
32,3,21,3,2.8790328620234504,2.9831438440596685,0.10411098203621805,6.46551009407267
32,3,21,4,2.9831438440596685,3.0843580750515684,0.10121423099189997,6.46551009407267
32,3,21,5,3.0843580750515684,3.1850165190408006,0.10065844398923218,6.46551009407267
32,3,21,6,3.1850165190408006,3.2851545920129865,0.10013807297218591,6.46551009407267
32,3,21,7,3.2851545920129865,3.386225908063352,0.10107131605036557,6.46551009407267
32,3,21,8,3.386225908063352,3.4863808570662513,0.10015494900289923,6.46551009407267
32,3,21,9,3.4863808570662513,3.586968037066981,0.10058718000072986,6.46551009407267
32,3,21,10,3.586968037066981,3.6873408760875463,0.10037283902056515,6.46551009407267
32,3,21,11,3.6873408760875463,3.789607422077097,0.10226654598955065,6.46551009407267
32,3,21,12,3.789607422077097,3.8955072910757735,0.10589986899867654,6.46551009407267
32,3,21,13,3.8955072910757735,3.9967925720848143,0.10128528100904077,6.46551009407267
32,3,21,14,3.9967925720848143,4.0998733300948516,0.10308075801003724,6.46551009407267
32,3,21,15,4.0998733300948516,4.201839741086587,0.10196641099173576,6.46551009407267
32,3,21,16,4.201839741086587,4.304937114007771,0.1030973729211837,6.46551009407267
32,3,21,17,4.304937114007771,4.4044758850941435,0.09953877108637244,6.46551009407267
32,3,21,18,4.4044758850941435,4.50698441802524,0.10250853293109685,6.46551009407267
32,3,21,19,4.50698441802524,4.607078909059055,0.10009449103381485,6.46551009407267
32,3,21,20,4.607078909059055,4.710292951087467,0.10321404202841222,6.46551009407267
32,3,21,21,4.710292951087467,4.811642460059375,0.1013495089719072,6.46551009407267
32,3,21,22,4.811642460059375,4.917508448008448,0.10586598794907331,6.46551009407267
32,3,21,23,4.917508448008448,5.019789097015746,0.10228064900729805,6.46551009407267
32,3,21,24,5.019789097015746,5.125045912107453,0.10525681509170681,6.46551009407267
32,3,21,25,5.125045912107453,5.22581405704841,0.10076814494095743,6.46551009407267
32,3,21,26,5.22581405704841,5.330164175014943,0.10435011796653271,6.46551009407267
32,3,21,27,5.330164175014943,5.431875316076912,0.1017111410619691,6.46551009407267
32,3,21,28,5.431875316076912,5.536559179075994,0.10468386299908161,6.46551009407267
32,3,21,29,5.536559179075994,5.63724801200442,0.10068883292842656,6.46551009407267
32,3,21,30,5.63724801200442,5.748006060020998,0.11075804801657796,6.46551009407267
32,3,21,31,5.748006060020998,5.8643434511031955,0.11633739108219743,6.46551009407267
32,3,21,32,5.8643434511031955,5.986838491051458,0.12249503994826227,6.46551009407267
32,3,21,33,5.986838491051458,6.115196928032674,0.12835843698121607,6.46551009407267
32,3,21,34,6.115196928032674,6.248177194036543,0.13298026600386947,6.46551009407267
32,3,21,35,6.248177194036543,6.388237777049653,0.14006058301310986,6.46551009407267
32,3,21,36,6.388237777049653,6.466165085090324,0.07792730804067105,6.46551009407267
32,3,22,1,2.4761240490479395,2.576192081090994,0.1000680320430547,6.46551009407267
32,3,22,2,2.576192081090994,2.6752910850336775,0.09909900394268334,6.46551009407267
32,3,22,3,2.6752910850336775,2.7767938220640644,0.10150273703038692,6.46551009407267
32,3,22,4,2.7767938220640644,2.879189521074295,0.1023956990102306,6.46551009407267
32,3,22,5,2.879189521074295,2.983290898031555,0.10410137695726007,6.46551009407267
32,3,22,6,2.983290898031555,3.0847996650263667,0.1015087669948116,6.46551009407267
32,3,22,7,3.0847996650263667,3.1852399091003463,0.10044024407397956,6.46551009407267
32,3,22,8,3.1852399091003463,3.285348058096133,0.1001081489957869,6.46551009407267
32,3,22,9,3.285348058096133,3.3864177929935977,0.10106973489746451,6.46551009407267
32,3,22,10,3.3864177929935977,3.4865874890238047,0.10016969603020698,6.46551009407267
32,3,22,11,3.4865874890238047,3.5871614700881764,0.10057398106437176,6.46551009407267
32,3,22,12,3.5871614700881764,3.6876095870975405,0.10044811700936407,6.46551009407267
32,3,22,13,3.6876095870975405,3.789885797072202,0.10227620997466147,6.46551009407267
32,3,22,14,3.789885797072202,3.8957277110312134,0.10584191395901144,6.46551009407267
32,3,22,15,3.8957277110312134,3.9969885570462793,0.10126084601506591,6.46551009407267
32,3,22,16,3.9969885570462793,4.1000798440072685,0.10309128696098924,6.46551009407267
32,3,22,17,4.1000798440072685,4.202047571074218,0.10196772706694901,6.46551009407267
32,3,22,18,4.202047571074218,4.305129432003014,0.10308186092879623,6.46551009407267
32,3,22,19,4.305129432003014,4.404753541108221,0.09962410910520703,6.46551009407267
32,3,22,20,4.404753541108221,4.507583333994262,0.1028297928860411,6.46551009407267
32,3,22,21,4.507583333994262,4.607420431100763,0.09983709710650146,6.46551009407267
32,3,22,22,4.607420431100763,4.710546382004395,0.10312595090363175,6.46551009407267
32,3,22,23,4.710546382004395,4.811896115075797,0.10134973307140172,6.46551009407267
32,3,22,24,4.811896115075797,4.917770180036314,0.10587406496051699,6.46551009407267
32,3,22,25,4.917770180036314,5.020026680082083,0.10225650004576892,6.46551009407267
32,3,22,26,5.020026680082083,5.125294001074508,0.10526732099242508,6.46551009407267
32,3,22,27,5.125294001074508,5.2260523160221055,0.10075831494759768,6.46551009407267
32,3,22,28,5.2260523160221055,5.330700397025794,0.10464808100368828,6.46551009407267
32,3,22,29,5.330700397025794,5.432190851075575,0.10149045404978096,6.46551009407267
32,3,22,30,5.432190851075575,5.536862093023956,0.10467124194838107,6.46551009407267
32,3,22,31,5.536862093023956,5.637543655000627,0.10068156197667122,6.46551009407267
32,3,22,32,5.637543655000627,5.74845069902949,0.11090704402886331,6.46551009407267
32,3,22,33,5.74845069902949,5.8647397690219805,0.11628906999249011,6.46551009407267
32,3,22,34,5.8647397690219805,5.987130111083388,0.12239034206140786,6.46551009407267
32,3,22,35,5.987130111083388,6.115613765083253,0.12848365399986506,6.46551009407267
32,3,22,36,6.115613765083253,6.248468236997724,0.1328544719144702,6.46551009407267
32,3,22,37,6.248468236997724,6.388545796042308,0.14007755904458463,6.46551009407267
32,3,22,38,6.388545796042308,6.46643703605514,0.07789124001283199,6.46551009407267
32,3,23,1,5.125672337017022,5.226216464070603,0.10054412705358118,6.46551009407267
32,3,23,2,5.226216464070603,5.330845864024013,0.10462939995341003,6.46551009407267
32,3,23,3,5.330845864024013,5.432333582080901,0.10148771805688739,6.46551009407267
32,3,23,4,5.432333582080901,5.537003452074714,0.10466986999381334,6.46551009407267
32,3,23,5,5.537003452074714,5.637681458028965,0.1006780059542507,6.46551009407267
32,3,23,6,5.637681458028965,5.748616608092561,0.11093515006359667,6.46551009407267
32,3,23,7,5.748616608092561,5.864880858105607,0.11626425001304597,6.46551009407267
32,3,23,8,5.864880858105607,5.987275346997194,0.12239448889158666,6.46551009407267
32,3,23,9,5.987275346997194,6.115757519030012,0.1284821720328182,6.46551009407267
32,3,23,10,6.115757519030012,6.248622055049054,0.13286453601904213,6.46551009407267
32,3,23,11,6.248622055049054,6.388696965994313,0.14007491094525903,6.46551009407267
32,3,23,12,6.388696965994313,6.466570574091747,0.07787360809743404,6.46551009407267
32,3,24,1,4.709619419067167,4.810954291024245,0.10133487195707858,6.46551009407267
32,3,24,2,4.810954291024245,4.916547670029104,0.10559337900485843,6.46551009407267
32,3,24,3,4.916547670029104,5.0190373280784115,0.10248965804930776,6.46551009407267
32,3,24,4,5.0190373280784115,5.124265143997036,0.1052278159186244,6.46551009407267
32,3,24,5,5.124265143997036,5.225080983014777,0.10081583901774138,6.46551009407267
32,3,24,6,5.225080983014777,5.32941984210629,0.10433885909151286,6.46551009407267
32,3,24,7,5.32941984210629,5.431123158079572,0.10170331597328186,6.46551009407267
32,3,24,8,5.431123158079572,5.535785005078651,0.10466184699907899,6.46551009407267
32,3,24,9,5.535785005078651,5.636508593102917,0.10072358802426606,6.46551009407267
32,3,24,10,5.636508593102917,5.747447072993964,0.11093847989104688,6.46551009407267
32,3,24,11,5.747447072993964,5.86385889002122,0.11641181702725589,6.46551009407267
32,3,24,12,5.86385889002122,5.986088102101348,0.12222921208012849,6.46551009407267
32,3,24,13,5.986088102101348,6.114689766080119,0.12860166397877038,6.46551009407267
32,3,24,14,6.114689766080119,6.247436179080978,0.13274641300085932,6.46551009407267
32,3,24,15,6.247436179080978,6.387459317105822,0.14002313802484423,6.46551009407267
32,3,24,16,6.387459317105822,6.465729011106305,0.07826969400048256,6.46551009407267
32,3,25,1,1.873963273013942,1.9774135980987921,0.10345032508485019,6.46551009407267
32,3,25,2,1.9774135980987921,2.078915676102042,0.10150207800325006,6.46551009407267
32,3,25,3,2.078915676102042,2.179367497097701,0.10045182099565864,6.46551009407267
32,3,25,4,2.179367497097701,2.278310100082308,0.09894260298460722,6.46551009407267
32,3,25,5,2.278310100082308,2.3778432280523703,0.0995331279700622,6.46551009407267
32,3,25,6,2.3778432280523703,2.4762652900535613,0.09842206200119108,6.46551009407267
32,3,25,7,2.4762652900535613,2.576287651085295,0.10002236103173345,6.46551009407267
32,3,25,8,2.576287651085295,2.6753905810182914,0.09910292993299663,6.46551009407267
32,3,25,9,2.6753905810182914,2.7770737340906635,0.10168315307237208,6.46551009407267
32,3,25,10,2.7770737340906635,2.8789284609956667,0.10185472690500319,6.46551009407267
32,3,25,11,2.8789284609956667,2.9830432781018317,0.10411481710616499,6.46551009407267
32,3,25,12,2.9830432781018317,3.084249717066996,0.10120643896516412,6.46551009407267
32,3,25,13,3.084249717066996,3.184912950033322,0.10066323296632618,6.46551009407267
32,3,25,14,3.184912950033322,3.285052339080721,0.10013938904739916,6.46551009407267
32,3,25,15,3.285052339080721,3.3860020820284262,0.10094974294770509,6.46551009407267
32,3,25,16,3.3860020820284262,3.4862837600521743,0.1002816780237481,6.46551009407267
32,3,25,17,3.4862837600521743,3.5868625279981643,0.10057876794598997,6.46551009407267
32,3,25,18,3.5868625279981643,3.6872453530086204,0.10038282501045614,6.46551009407267
32,3,25,19,3.6872453530086204,3.789488887996413,0.10224353498779237,6.46551009407267
32,3,25,20,3.789488887996413,3.895402283058502,0.10591339506208897,6.46551009407267
32,3,25,21,3.895402283058502,3.9966956400312483,0.10129335697274655,6.46551009407267
32,3,25,22,3.9966956400312483,4.09977211302612,0.10307647299487144,6.46551009407267
32,3,25,23,4.09977211302612,4.201734375092201,0.10196226206608117,6.46551009407267
32,3,25,24,4.201734375092201,4.304837805102579,0.10310343001037836,6.46551009407267
32,3,25,25,4.304837805102579,4.404379204032011,0.09954139892943203,6.46551009407267
32,3,25,26,4.404379204032011,4.506885074079037,0.10250587004702538,6.46551009407267
32,3,25,27,4.506885074079037,4.606988160056062,0.10010308597702533,6.46551009407267
32,3,25,28,4.606988160056062,4.710198648041114,0.10321048798505217,6.46551009407267
32,3,25,29,4.710198648041114,4.81153433106374,0.10133568302262574,6.46551009407267
32,3,25,30,4.81153433106374,4.917407403001562,0.1058730719378218,6.46551009407267
32,3,25,31,4.917407403001562,5.019692822010256,0.10228541900869459,6.46551009407267
32,3,25,32,5.019692822010256,5.124945495044813,0.10525267303455621,6.46551009407267
32,3,25,33,5.124945495044813,5.2257168859941885,0.10077139094937593,6.46551009407267
32,3,25,34,5.2257168859941885,5.330067018046975,0.10435013205278665,6.46551009407267
32,3,25,35,5.330067018046975,5.43177701102104,0.10170999297406524,6.46551009407267
32,3,25,36,5.43177701102104,5.53645002504345,0.10467301402240992,6.46551009407267
32,3,25,37,5.53645002504345,5.637151864008047,0.10070183896459639,6.46551009407267
32,3,25,38,5.637151864008047,5.747898170026019,0.11074630601797253,6.46551009407267
32,3,25,39,5.747898170026019,5.86424985609483,0.11635168606881052,6.46551009407267
32,3,25,40,5.86424985609483,5.98674107901752,0.12249122292269021,6.46551009407267
32,3,25,41,5.98674107901752,6.115097996080294,0.1283569170627743,6.46551009407267
32,3,25,42,6.115097996080294,6.248081460013054,0.13298346393276006,6.46551009407267
32,3,25,43,6.248081460013054,6.388141158036888,0.14005969802383333,6.46551009407267
32,3,25,44,6.388141158036888,6.466074138064869,0.0779329800279811,6.46551009407267
32,3,26,1,1.086363697075285,1.1852303200867027,0.09886662301141769,6.46551009407267
32,3,26,2,1.1852303200867027,1.2828998260665685,0.09766950597986579,6.46551009407267
32,3,26,3,1.2828998260665685,1.3809617860242724,0.09806195995770395,6.46551009407267
32,3,26,4,1.3809617860242724,1.4769766700919718,0.09601488406769931,6.46551009407267
32,3,26,5,1.4769766700919718,1.5757065700599924,0.09872989996802062,6.46551009407267
32,3,26,6,1.5757065700599924,1.6723801910411566,0.09667362098116428,6.46551009407267
32,3,26,7,1.6723801910411566,1.7717795780627057,0.09939938702154905,6.46551009407267
32,3,26,8,1.7717795780627057,1.8736435020109639,0.10186392394825816,6.46551009407267
32,3,26,9,1.8736435020109639,1.9772860660450533,0.10364256403408945,6.46551009407267
32,3,26,10,1.9772860660450533,2.0788234770298004,0.10153741098474711,6.46551009407267
32,3,26,11,2.0788234770298004,2.1792743040714413,0.10045082704164088,6.46551009407267
32,3,26,12,2.1792743040714413,2.2782155961031094,0.09894129203166813,6.46551009407267
32,3,26,13,2.2782155961031094,2.37771596503444,0.09950036893133074,6.46551009407267
32,3,26,14,2.37771596503444,2.475858953082934,0.09814298804849386,6.46551009407267
32,3,26,15,2.475858953082934,2.5761190820485353,0.10026012896560133,6.46551009407267
32,3,26,16,2.5761190820485353,2.675244237994775,0.09912515594623983,6.46551009407267
32,3,26,17,2.675244237994775,2.776640402036719,0.10139616404194385,6.46551009407267
32,3,26,18,2.776640402036719,2.8785521480022,0.1019117459654808,6.46551009407267
32,3,26,19,2.8785521480022,2.982908515026793,0.10435636702459306,6.46551009407267
32,3,26,20,2.982908515026793,3.0841416810872033,0.10123316606041044,6.46551009407267
32,3,26,21,3.0841416810872033,3.1846984220901504,0.10055674100294709,6.46551009407267
32,3,26,22,3.1846984220901504,3.284829589072615,0.10013116698246449,6.46551009407267
32,3,26,23,3.284829589072615,3.3858963700477034,0.10106678097508848,6.46551009407267
32,3,26,24,3.3858963700477034,3.4861794800963253,0.10028311004862189,6.46551009407267
32,3,26,25,3.4861794800963253,3.5866355940233916,0.10045611392706633,6.46551009407267
32,3,26,26,3.5866355940233916,3.6871441450202838,0.10050855099689215,6.46551009407267
32,3,26,27,3.6871441450202838,3.789388547069393,0.10224440204910934,6.46551009407267
32,3,26,28,3.789388547069393,3.8952909091021866,0.10590236203279346,6.46551009407267
32,3,26,29,3.8952909091021866,3.9965914090862498,0.10130049998406321,6.46551009407267
32,3,26,30,3.9965914090862498,4.099657456041314,0.10306604695506394,6.46551009407267
32,3,26,31,4.099657456041314,4.2016224541002885,0.10196499805897474,6.46551009407267
32,3,26,32,4.2016224541002885,4.304736528079957,0.10311407397966832,6.46551009407267
32,3,26,33,4.304736528079957,4.4042811000254005,0.09954457194544375,6.46551009407267
32,3,26,34,4.4042811000254005,4.5067776220384985,0.102496522013098,6.46551009407267
32,3,26,35,4.5067776220384985,4.606890837079845,0.10011321504134685,6.46551009407267
32,3,26,36,4.606890837079845,4.710094150039367,0.10320331295952201,6.46551009407267
32,3,26,37,4.710094150039367,4.811300165019929,0.10120601498056203,6.46551009407267
32,3,26,38,4.811300165019929,4.917306998046115,0.10600683302618563,6.46551009407267
32,3,26,39,4.917306998046115,5.0195894400822,0.10228244203608483,6.46551009407267
32,3,26,40,5.0195894400822,5.124839435098693,0.1052499950164929,6.46551009407267
32,3,26,41,5.124839435098693,5.225618158001453,0.10077872290275991,6.46551009407267
32,3,26,42,5.225618158001453,5.329962445073761,0.10434428707230836,6.46551009407267
32,3,26,43,5.329962445073761,5.431677396059968,0.10171495098620653,6.46551009407267
32,3,26,44,5.431677396059968,5.536346594104543,0.10466919804457575,6.46551009407267
32,3,26,45,5.536346594104543,5.637047383002937,0.10070078889839351,6.46551009407267
32,3,26,46,5.637047383002937,5.747790107037872,0.11074272403493524,6.46551009407267
32,3,26,47,5.747790107037872,5.864154902053997,0.11636479501612484,6.46551009407267
32,3,26,48,5.864154902053997,5.986636700108647,0.12248179805465043,6.46551009407267
32,3,26,49,5.986636700108647,6.114997574011795,0.12836087390314788,6.46551009407267
32,3,26,50,6.114997574011795,6.247981331078336,0.13298375706654042,6.46551009407267
32,3,26,51,6.247981331078336,6.388038978097029,0.1400576470186934,6.46551009407267
32,3,26,52,6.388038978097029,6.4659797080093995,0.07794072991237044,6.46551009407267
32,3,27,1,-0.09480917500331998,0.014422347070649266,0.10923152207396924,6.46551009407267
32,3,27,2,0.014422347070649266,0.10973849205765873,0.09531614498700947,6.46551009407267
32,3,27,3,0.10973849205765873,0.20419277308974415,0.09445428103208542,6.46551009407267
32,3,27,4,0.20419277308974415,0.2976301989983767,0.09343742590863258,6.46551009407267
32,3,27,5,0.2976301989983767,0.39608406100887805,0.09845386201050133,6.46551009407267
32,3,27,6,0.39608406100887805,0.49138335208408535,0.09529929107520729,6.46551009407267
32,3,27,7,0.49138335208408535,0.5883094840683043,0.09692613198421896,6.46551009407267
32,3,27,8,0.5883094840683043,0.6834397470811382,0.0951302630128339,6.46551009407267
32,3,27,9,0.6834397470811382,0.7808200781000778,0.09738033101893961,6.46551009407267
32,3,27,10,0.7808200781000778,0.8830189050640911,0.10219882696401328,6.46551009407267
32,3,27,11,0.8830189050640911,0.9873477080836892,0.10432880301959813,6.46551009407267
32,3,27,12,0.9873477080836892,1.0859761839965358,0.09862847591284662,6.46551009407267
32,3,27,13,1.0859761839965358,1.1850008410401642,0.0990246570436284,6.46551009407267
32,3,27,14,1.1850008410401642,1.282756134052761,0.09775529301259667,6.46551009407267
32,3,27,15,1.282756134052761,1.3808106190990657,0.09805448504630476,6.46551009407267
32,3,27,16,1.3808106190990657,1.4768281650030985,0.09601754590403289,6.46551009407267
32,3,27,17,1.4768281650030985,1.5755568670574576,0.09872870205435902,6.46551009407267
32,3,27,18,1.5755568670574576,1.6722447640495375,0.09668789699207991,6.46551009407267
32,3,27,19,1.6722447640495375,1.7716223860625178,0.09937762201298028,6.46551009407267
32,3,27,20,1.7716223860625178,1.8734904220327735,0.10186803597025573,6.46551009407267
32,3,27,21,1.8734904220327735,1.977097715018317,0.10360729298554361,6.46551009407267
32,3,27,22,1.977097715018317,2.078680269070901,0.10158255405258387,6.46551009407267
32,3,27,23,2.078680269070901,2.179129031021148,0.10044876195024699,6.46551009407267
32,3,27,24,2.179129031021148,2.278073813067749,0.09894478204660118,6.46551009407267
32,3,27,25,2.278073813067749,2.377575011109002,0.09950119804125279,6.46551009407267
32,3,27,26,2.377575011109002,2.4757240019971505,0.09814899088814855,6.46551009407267
32,3,27,27,2.4757240019971505,2.5759864300489426,0.10026242805179209,6.46551009407267
32,3,27,28,2.5759864300489426,2.6751017960486934,0.09911536599975079,6.46551009407267
32,3,27,29,2.6751017960486934,2.776268718065694,0.10116692201700062,6.46551009407267
32,3,27,30,2.776268718065694,2.879596768063493,0.1033280499977991,6.46551009407267
32,3,27,31,2.879596768063493,2.983639546087943,0.10404277802444994,6.46551009407267
32,3,27,32,2.983639546087943,3.085188552038744,0.10154900595080107,6.46551009407267
32,3,27,33,3.085188552038744,3.185577059048228,0.10038850700948387,6.46551009407267
32,3,27,34,3.185577059048228,3.2856844720663503,0.10010741301812232,6.46551009407267
32,3,27,35,3.2856844720663503,3.386753846076317,0.10106937400996685,6.46551009407267
32,3,27,36,3.386753846076317,3.4872678730171174,0.10051402694080025,6.46551009407267
32,3,27,37,3.4872678730171174,3.5875747840618715,0.10030691104475409,6.46551009407267
32,3,27,38,3.5875747840618715,3.6879908631090075,0.10041607904713601,6.46551009407267
32,3,27,39,3.6879908631090075,3.7902579260990024,0.10226706298999488,6.46551009407267
32,3,27,40,3.7902579260990024,3.896511197090149,0.10625327099114656,6.46551009407267
32,3,27,41,3.896511197090149,3.9975262080552056,0.10101501096505672,6.46551009407267
32,3,27,42,3.9975262080552056,4.100909279077314,0.1033830710221082,6.46551009407267
32,3,27,43,4.100909279077314,4.202665890101343,0.10175661102402955,6.46551009407267
32,3,27,44,4.202665890101343,4.3056805960368365,0.10301470593549311,6.46551009407267
32,3,27,45,4.3056805960368365,4.405224468093365,0.09954387205652893,6.46551009407267
32,3,27,46,4.405224468093365,4.508085077046417,0.10286060895305127,6.46551009407267
32,3,27,47,4.508085077046417,4.607873844099231,0.09978876705281436,6.46551009407267
32,3,27,48,4.607873844099231,4.71101783006452,0.10314398596528918,6.46551009407267
32,3,27,49,4.71101783006452,4.812387557001784,0.1013697269372642,6.46551009407267
32,3,27,50,4.812387557001784,4.918305989005603,0.10591843200381845,6.46551009407267
32,3,27,51,4.918305989005603,5.020495580043644,0.10218959103804082,6.46551009407267
32,3,27,52,5.020495580043644,5.126070790109225,0.1055752100655809,6.46551009407267
32,3,27,53,5.126070790109225,5.226600841036998,0.10053005092777312,6.46551009407267
32,3,27,54,5.226600841036998,5.331223874003626,0.10462303296662867,6.46551009407267
32,3,27,55,5.331223874003626,5.432712283101864,0.10148840909823775,6.46551009407267
32,3,27,56,5.432712283101864,5.537652129074559,0.10493984597269446,6.46551009407267
32,3,27,57,5.537652129074559,5.638114846078679,0.10046271700412035,6.46551009407267
32,3,27,58,5.638114846078679,5.7490821240935475,0.1109672780148685,6.46551009407267
32,3,27,59,5.7490821240935475,5.86529482610058,0.11621270200703293,6.46551009407267
32,3,27,60,5.86529482610058,5.987715423107147,0.12242059700656682,6.46551009407267
32,3,27,61,5.987715423107147,6.11623224709183,0.12851682398468256,6.46551009407267
32,3,27,62,6.11623224709183,6.249040067079477,0.13280781998764724,6.46551009407267
32,3,27,63,6.249040067079477,6.389148160000332,0.1401080929208547,6.46551009407267
32,3,27,64,6.389148160000332,6.467052076011896,0.07790391601156443,6.46551009407267
32,3,28,1,4.507526675006375,4.6073734550736845,0.09984678006730974,6.46551009407267
32,3,28,2,4.6073734550736845,4.710491027100943,0.10311757202725857,6.46551009407267
32,3,28,3,4.710491027100943,4.81184648105409,0.10135545395314693,6.46551009407267
32,3,28,4,4.81184648105409,4.917720063007437,0.10587358195334673,6.46551009407267
32,3,28,5,4.917720063007437,5.019979270058684,0.10225920705124736,6.46551009407267
32,3,28,6,5.019979270058684,5.125246852054261,0.10526758199557662,6.46551009407267
32,3,28,7,5.125246852054261,5.226005174103193,0.10075832204893231,6.46551009407267
32,3,28,8,5.226005174103193,5.330651877098717,0.10464670299552381,6.46551009407267
32,3,28,9,5.330651877098717,5.4321427380200475,0.10149086092133075,6.46551009407267
32,3,28,10,5.4321427380200475,5.536815233994275,0.10467249597422779,6.46551009407267
32,3,28,11,5.536815233994275,5.637491294997744,0.10067606100346893,6.46551009407267
32,3,28,12,5.637491294997744,5.7483942720573395,0.11090297705959529,6.46551009407267
32,3,28,13,5.7483942720573395,5.864591835066676,0.11619756300933659,6.46551009407267
32,3,28,14,5.864591835066676,5.98708290210925,0.12249106704257429,6.46551009407267
32,3,28,15,5.98708290210925,6.115564248058945,0.12848134594969451,6.46551009407267
32,3,28,16,6.115564248058945,6.24841981404461,0.13285556598566473,6.46551009407267
32,3,28,17,6.24841981404461,6.3884874359937385,0.1400676219491288,6.46551009407267
32,3,28,18,6.3884874359937385,6.466394249000587,0.0779068130068481,6.46551009407267
32,3,29,1,0.10999419307336211,0.20426771801430732,0.09427352494094521,6.46551009407267
32,3,29,2,0.20426771801430732,0.2976841439958662,0.09341642598155886,6.46551009407267
32,3,29,3,0.2976841439958662,0.396135710994713,0.09845156699884683,6.46551009407267
32,3,29,4,0.396135710994713,0.491438536089845,0.095302825095132,6.46551009407267
32,3,29,5,0.491438536089845,0.5883637650404125,0.09692522895056754,6.46551009407267
32,3,29,6,0.5883637650404125,0.6838362410198897,0.09547247597947717,6.46551009407267
32,3,29,7,0.6838362410198897,0.780947178020142,0.0971109370002523,6.46551009407267
32,3,29,8,0.780947178020142,0.8831203430891037,0.10217316506896168,6.46551009407267
32,3,29,9,0.8831203430891037,0.9874649230623618,0.10434457997325808,6.46551009407267
32,3,29,10,0.9874649230623618,1.086082979105413,0.09861805604305118,6.46551009407267
32,3,29,11,1.086082979105413,1.1851567360572517,0.09907375695183873,6.46551009407267
32,3,29,12,1.1851567360572517,1.2828543520299718,0.09769761597272009,6.46551009407267
32,3,29,13,1.2828543520299718,1.3809119320940226,0.09805758006405085,6.46551009407267
32,3,29,14,1.3809119320940226,1.4769297840539366,0.09601785195991397,6.46551009407267
32,3,29,15,1.4769297840539366,1.5756558130960912,0.09872602904215455,6.46551009407267
32,3,29,16,1.5756558130960912,1.6723357180599123,0.09667990496382117,6.46551009407267
32,3,29,17,1.6723357180599123,1.7717278450727463,0.09939212701283395,6.46551009407267
32,3,29,18,1.7717278450727463,1.8735959000186995,0.10186805494595319,6.46551009407267
32,3,29,19,1.8735959000186995,1.977233182056807,0.10363728203810751,6.46551009407267
32,3,29,20,1.977233182056807,2.078774381079711,0.10154119902290404,6.46551009407267
32,3,29,21,2.078774381079711,2.1792275920743123,0.10045321099460125,6.46551009407267
32,3,29,22,2.1792275920743123,2.2781677540624514,0.09894016198813915,6.46551009407267
32,3,29,23,2.2781677540624514,2.377668095054105,0.0995003409916535,6.46551009407267
32,3,29,24,2.377668095054105,2.4758130100090057,0.09814491495490074,6.46551009407267
32,3,29,25,2.4758130100090057,2.5760751900961623,0.1002621800871566,6.46551009407267
32,3,29,26,2.5760751900961623,2.6751973290229216,0.09912213892675936,6.46551009407267
32,3,29,27,2.6751973290229216,2.7765009970171377,0.10130366799421608,6.46551009407267
32,3,29,28,2.7765009970171377,2.8796474570408463,0.10314646002370864,6.46551009407267
32,3,29,29,2.8796474570408463,2.9836867740377784,0.10403931699693203,6.46551009407267
32,3,29,30,2.9836867740377784,3.0852354400558397,0.10154866601806134,6.46551009407267
32,3,29,31,3.0852354400558397,3.185624081059359,0.1003886410035193,6.46551009407267
32,3,29,32,3.185624081059359,3.2857306300429627,0.10010654898360372,6.46551009407267
32,3,29,33,3.2857306300429627,3.3867991970619187,0.10106856701895595,6.46551009407267
32,3,29,34,3.3867991970619187,3.487318461993709,0.10051926493179053,6.46551009407267
32,3,29,35,3.487318461993709,3.5876209060661495,0.10030244407244027,6.46551009407267
32,3,29,36,3.5876209060661495,3.6880366150289774,0.10041570896282792,6.46551009407267
32,3,29,37,3.6880366150289774,3.7903043139958754,0.10226769896689802,6.46551009407267
32,3,29,38,3.7903043139958754,3.8965685620205477,0.10626424802467227,6.46551009407267
32,3,29,39,3.8965685620205477,3.9975744400871918,0.10100587806664407,6.46551009407267
32,3,29,40,3.9975744400871918,4.100959060015157,0.1033846199279651,6.46551009407267
32,3,29,41,4.100959060015157,4.202715024002828,0.10175596398767084,6.46551009407267
32,3,29,42,4.202715024002828,4.305726130027324,0.10301110602449626,6.46551009407267
32,3,29,43,4.305726130027324,4.405270864022896,0.09954473399557173,6.46551009407267
32,3,29,44,4.405270864022896,4.508132882998325,0.10286201897542924,6.46551009407267
32,3,29,45,4.508132882998325,4.607916780048981,0.09978389705065638,6.46551009407267
32,3,29,46,4.607916780048981,4.711063705035485,0.10314692498650402,6.46551009407267
32,3,29,47,4.711063705035485,4.812436642008834,0.10137293697334826,6.46551009407267
32,3,29,48,4.812436642008834,4.918357065063901,0.10592042305506766,6.46551009407267
32,3,29,49,4.918357065063901,5.020549545995891,0.10219248093198985,6.46551009407267
32,3,29,50,5.020549545995891,5.12611909606494,0.105569550069049,6.46551009407267
32,3,29,51,5.12611909606494,5.226647470030002,0.1005283739650622,6.46551009407267
32,3,29,52,5.226647470030002,5.331270511029288,0.10462304099928588,6.46551009407267
32,3,29,53,5.331270511029288,5.432758969021961,0.10148845799267292,6.46551009407267
32,3,29,54,5.432758969021961,5.537700252025388,0.10494128300342709,6.46551009407267
32,3,29,55,5.537700252025388,5.638160190079361,0.10045993805397302,6.46551009407267
32,3,29,56,5.638160190079361,5.7491328900214285,0.11097269994206727,6.46551009407267
32,3,29,57,5.7491328900214285,5.86533883609809,0.11620594607666135,6.46551009407267
32,3,29,58,5.86533883609809,5.987760790041648,0.12242195394355804,6.46551009407267
32,3,29,59,5.987760790041648,6.116281824070029,0.1285210340283811,6.46551009407267
32,3,29,60,6.116281824070029,6.24908492306713,0.1328030989971012,6.46551009407267
32,3,29,61,6.24908492306713,6.389195813098922,0.14011089003179222,6.46551009407267
32,3,29,62,6.389195813098922,6.467094563064165,0.07789874996524304,6.46551009407267
32,3,30,1,3.0847436480689794,3.185190307092853,0.10044665902387351,6.46551009407267
32,3,30,2,3.185190307092853,3.2852998450398445,0.10010953794699162,6.46551009407267
32,3,30,3,3.2852998450398445,3.3863722380483523,0.10107239300850779,6.46551009407267
32,3,30,4,3.3863722380483523,3.4865384839940816,0.10016624594572932,6.46551009407267
32,3,30,5,3.4865384839940816,3.5871147350408137,0.10057625104673207,6.46551009407267
32,3,30,6,3.5871147350408137,3.6874824760016054,0.10036774096079171,6.46551009407267
32,3,30,7,3.6874824760016054,3.789837424061261,0.10235494805965573,6.46551009407267
32,3,30,8,3.789837424061261,3.8956743601011112,0.10583693603985012,6.46551009407267
32,3,30,9,3.8956743601011112,3.996940581011586,0.10126622091047466,6.46551009407267
32,3,30,10,3.996940581011586,4.100026878993958,0.10308629798237234,6.46551009407267
32,3,30,11,4.100026878993958,4.20199746300932,0.10197058401536196,6.46551009407267
32,3,30,12,4.20199746300932,4.305082574021071,0.103085111011751,6.46551009407267
32,3,30,13,4.305082574021071,4.40470345003996,0.09962087601888925,6.46551009407267
32,3,30,14,4.40470345003996,4.507246493012644,0.1025430429726839,6.46551009407267
32,3,30,15,4.507246493012644,4.607303598080762,0.10005710506811738,6.46551009407267
32,3,30,16,4.607303598080762,4.710443410091102,0.10313981201034039,6.46551009407267
32,3,30,17,4.710443410091102,4.811795539106242,0.10135212901514024,6.46551009407267
32,3,30,18,4.811795539106242,4.917670318041928,0.10587477893568575,6.46551009407267
32,3,30,19,4.917670318041928,5.019932764000259,0.10226244595833123,6.46551009407267
32,3,30,20,5.019932764000259,5.12519744806923,0.10526468406897038,6.46551009407267
32,3,30,21,5.12519744806923,5.2259577891090885,0.10076034103985876,6.46551009407267
32,3,30,22,5.2259577891090885,5.330311422003433,0.10435363289434463,6.46551009407267
32,3,30,23,5.330311422003433,5.432019138010219,0.10170771600678563,6.46551009407267
32,3,30,24,5.432019138010219,5.536714485031553,0.10469534702133387,6.46551009407267
32,3,30,25,5.536714485031553,5.63739637110848,0.10068188607692719,6.46551009407267
32,3,30,26,5.63739637110848,5.748169820057228,0.11077344894874841,6.46551009407267
32,3,30,27,5.748169820057228,5.864486986072734,0.11631716601550579,6.46551009407267
32,3,30,28,5.864486986072734,5.986986132105812,0.12249914603307843,6.46551009407267
32,3,30,29,5.986986132105812,6.11545937100891,0.1284732389030978,6.46551009407267
32,3,30,30,6.11545937100891,6.248322966042906,0.1328635950339958,6.46551009407267
32,3,30,31,6.248322966042906,6.388387798098847,0.14006483205594122,6.46551009407267
32,3,30,32,6.388387798098847,6.4663053849944845,0.07791758689563721,6.46551009407267
32,3,31,1,0.6837713191052899,0.7808965210570022,0.09712520195171237,6.46551009407267
32,3,31,2,0.7808965210570022,0.8830719600664452,0.10217543900944293,6.46551009407267
32,3,31,3,0.8830719600664452,0.9874150441028178,0.1043430840363726,6.46551009407267
32,3,31,4,0.9874150441028178,1.0860310920979828,0.09861604799516499,6.46551009407267
32,3,31,5,1.0860310920979828,1.1851046890951693,0.09907359699718654,6.46551009407267
32,3,31,6,1.1851046890951693,1.2828060920583084,0.09770140296313912,6.46551009407267
32,3,31,7,1.2828060920583084,1.380862878053449,0.09805678599514067,6.46551009407267
32,3,31,8,1.380862878053449,1.4768783410545439,0.09601546300109476,6.46551009407267
32,3,31,9,1.4768783410545439,1.5756075310055166,0.0987291899509728,6.46551009407267
32,3,31,10,1.5756075310055166,1.672291202004999,0.09668367099948227,6.46551009407267
32,3,31,11,1.672291202004999,1.7716758570168167,0.09938465501181781,6.46551009407267
32,3,31,12,1.7716758570168167,1.8735483440104872,0.10187248699367046,6.46551009407267
32,3,31,13,1.8735483440104872,1.9771491040010005,0.10360075999051332,6.46551009407267
32,3,31,14,1.9771491040010005,2.0787274000467733,0.10157829604577273,6.46551009407267
32,3,31,15,2.0787274000467733,2.1791782170766965,0.1004508170299232,6.46551009407267
32,3,31,16,2.1791782170766965,2.278122262097895,0.09894404502119869,6.46551009407267
32,3,31,17,2.278122262097895,2.377622079104185,0.09949981700628996,6.46551009407267
32,3,31,18,2.377622079104185,2.4757691679988056,0.09814708889462054,6.46551009407267
32,3,31,19,2.4757691679988056,2.5760316060623154,0.10026243806350976,6.46551009407267
32,3,31,20,2.5760316060623154,2.675149732036516,0.09911812597420067,6.46551009407267
32,3,31,21,2.675149732036516,2.776368646067567,0.1012189140310511,6.46551009407267
32,3,31,22,2.776368646067567,2.8784838020801544,0.10211515601258725,6.46551009407267
32,3,31,23,2.8784838020801544,2.9828494450775906,0.10436564299743623,6.46551009407267
32,3,31,24,2.9828494450775906,3.0840829900698736,0.10123354499228299,6.46551009407267
32,3,31,25,3.0840829900698736,3.184638031059876,0.10055504099000245,6.46551009407267
32,3,31,26,3.184638031059876,3.2847678340040147,0.10012980294413865,6.46551009407267
32,3,31,27,3.2847678340040147,3.3858350440859795,0.10106721008196473,6.46551009407267
32,3,31,28,3.3858350440859795,3.486121365102008,0.10028632101602852,6.46551009407267
32,3,31,29,3.486121365102008,3.5865761000895873,0.10045473498757929,6.46551009407267
32,3,31,30,3.5865761000895873,3.68708562804386,0.10050952795427293,6.46551009407267
32,3,31,31,3.68708562804386,3.7893302240408957,0.1022445959970355,6.46551009407267
32,3,31,32,3.7893302240408957,3.8952289540320635,0.10589872999116778,6.46551009407267
32,3,31,33,3.8952289540320635,3.9965318239992484,0.10130286996718496,6.46551009407267
32,3,31,34,3.9965318239992484,4.099599860026501,0.10306803602725267,6.46551009407267
32,3,31,35,4.099599860026501,4.201559112058021,0.10195925203152001,6.46551009407267
32,3,31,36,4.201559112058021,4.304682205081917,0.10312309302389622,6.46551009407267
32,3,31,37,4.304682205081917,4.404229648993351,0.09954744391143322,6.46551009407267
32,3,31,38,4.404229648993351,4.506722213001922,0.10249256400857121,6.46551009407267
32,3,31,39,4.506722213001922,4.606838804087602,0.10011659108567983,6.46551009407267
32,3,31,40,4.606838804087602,4.709915452054702,0.10307664796710014,6.46551009407267
32,3,31,41,4.709915452054702,4.811247947043739,0.10133249498903751,6.46551009407267
32,3,31,42,4.811247947043739,4.917255754000507,0.10600780695676804,6.46551009407267
32,3,31,43,4.917255754000507,5.019391081063077,0.10213532706256956,6.46551009407267
32,3,31,44,5.019391081063077,5.124781862017699,0.10539078095462173,6.46551009407267
32,3,31,45,5.124781862017699,5.225563457002863,0.1007815949851647,6.46551009407267
32,3,31,46,5.225563457002863,5.3297681210096925,0.10420466400682926,6.46551009407267
32,3,31,47,5.3297681210096925,5.4316221760818735,0.10185405507218093,6.46551009407267
32,3,31,48,5.4316221760818735,5.536288516013883,0.10466633993200958,6.46551009407267
32,3,31,49,5.536288516013883,5.6368552630301565,0.10056674701627344,6.46551009407267
32,3,31,50,5.6368552630301565,5.747735886019655,0.11088062298949808,6.46551009407267
32,3,31,51,5.747735886019655,5.864107004017569,0.11637111799791455,6.46551009407267
32,3,31,52,5.864107004017569,5.986422309069894,0.12231530505232513,6.46551009407267
32,3,31,53,5.986422309069894,6.11494607210625,0.12852376303635538,6.46551009407267
32,3,31,54,6.11494607210625,6.2479285600129515,0.13298248790670186,6.46551009407267
32,3,31,55,6.2479285600129515,6.3878311950247735,0.13990263501182199,6.46551009407267
32,3,31,56,6.3878311950247735,6.465934400097467,0.07810320507269353,6.46551009407267
32,4,0,1,1.0935222550760955,1.1933114110725,0.09978915599640459,6.474946238100529
32,4,0,2,1.1933114110725,1.29008748405613,0.09677607298363,6.474946238100529
32,4,0,3,1.29008748405613,1.3886786230141297,0.09859113895799965,6.474946238100529
32,4,0,4,1.3886786230141297,1.4862321950495243,0.09755357203539461,6.474946238100529
32,4,0,5,1.4862321950495243,1.5834026800002903,0.09717048495076597,6.474946238100529
32,4,0,6,1.5834026800002903,1.6792609060648829,0.0958582260645926,6.474946238100529
32,4,0,7,1.6792609060648829,1.779700679006055,0.10043977294117212,6.474946238100529
32,4,0,8,1.779700679006055,1.880750929005444,0.10105024999938905,6.474946238100529
32,4,0,9,1.880750929005444,1.9838886091019958,0.10313768009655178,6.474946238100529
32,4,0,10,1.9838886091019958,2.085772213060409,0.101883603958413,6.474946238100529
32,4,0,11,2.085772213060409,2.186552430037409,0.10078021697700024,6.474946238100529
32,4,0,12,2.186552430037409,2.2864311950979754,0.09987876506056637,6.474946238100529
32,4,0,13,2.2864311950979754,2.387397002079524,0.10096580698154867,6.474946238100529
32,4,0,14,2.387397002079524,2.4858065570006147,0.0984095549210906,6.474946238100529
32,4,0,15,2.4858065570006147,2.5843385700136423,0.09853201301302761,6.474946238100529
32,4,0,16,2.5843385700136423,2.682644771062769,0.09830620104912668,6.474946238100529
32,4,0,17,2.682644771062769,2.7835682090371847,0.10092343797441572,6.474946238100529
32,4,0,18,2.7835682090371847,2.88575821404811,0.10219000501092523,6.474946238100529
32,4,0,19,2.88575821404811,2.9897658120607957,0.10400759801268578,6.474946238100529
32,4,0,20,2.9897658120607957,3.0928300840314478,0.10306427197065204,6.474946238100529
32,4,0,21,3.0928300840314478,3.1930624489905313,0.1002323649590835,6.474946238100529
32,4,0,22,3.1930624489905313,3.2951723010046408,0.10210985201410949,6.474946238100529
32,4,0,23,3.2951723010046408,3.395955588086508,0.10078328708186746,6.474946238100529
32,4,0,24,3.395955588086508,3.495736751006916,0.09978116292040795,6.474946238100529
32,4,0,25,3.495736751006916,3.595968038076535,0.1002312870696187,6.474946238100529
32,4,0,26,3.595968038076535,3.6967283950652927,0.10076035698875785,6.474946238100529
32,4,0,27,3.6967283950652927,3.7977749520214275,0.10104655695613474,6.474946238100529
32,4,0,28,3.7977749520214275,3.9023884360212833,0.10461348399985582,6.474946238100529
32,4,0,29,3.9023884360212833,4.005952007020824,0.10356357099954039,6.474946238100529
32,4,0,30,4.005952007020824,4.108824153081514,0.10287214606069028,6.474946238100529
32,4,0,31,4.108824153081514,4.209649063996039,0.10082491091452539,6.474946238100529
32,4,0,32,4.209649063996039,4.312123046023771,0.10247398202773184,6.474946238100529
32,4,0,33,4.312123046023771,4.412836268078536,0.10071322205476463,6.474946238100529
32,4,0,34,4.412836268078536,4.515586705994792,0.10275043791625649,6.474946238100529
32,4,0,35,4.515586705994792,4.615492099081166,0.0999053930863738,6.474946238100529
32,4,0,36,4.615492099081166,4.717546827043407,0.10205472796224058,6.474946238100529
32,4,0,37,4.717546827043407,4.818977557006292,0.10143072996288538,6.474946238100529
32,4,0,38,4.818977557006292,4.925739409052767,0.10676185204647481,6.474946238100529
32,4,0,39,4.925739409052767,5.028581117046997,0.10284170799423009,6.474946238100529
32,4,0,40,5.028581117046997,5.133221280062571,0.10464016301557422,6.474946238100529
32,4,0,41,5.133221280062571,5.234026752994396,0.10080547293182462,6.474946238100529
32,4,0,42,5.234026752994396,5.338448951020837,0.10442219802644104,6.474946238100529
32,4,0,43,5.338448951020837,5.44008452410344,0.10163557308260351,6.474946238100529
32,4,0,44,5.44008452410344,5.545000885031186,0.1049163609277457,6.474946238100529
32,4,0,45,5.545000885031186,5.646199181093834,0.1011982960626483,6.474946238100529
32,4,0,46,5.646199181093834,5.755880040000193,0.10968085890635848,6.474946238100529
32,4,0,47,5.755880040000193,5.872164158034138,0.11628411803394556,6.474946238100529
32,4,0,48,5.872164158034138,5.995761713013053,0.12359755497891456,6.474946238100529
32,4,0,49,5.995761713013053,6.124218064011075,0.12845635099802166,6.474946238100529
32,4,0,50,6.124218064011075,6.257227094029076,0.1330090300180018,6.474946238100529
32,4,0,51,6.257227094029076,6.39645973208826,0.13923263805918396,6.474946238100529
32,4,0,52,6.39645973208826,6.475595021038316,0.07913528895005584,6.474946238100529
32,4,1,1,0.6897118930937722,0.7862245300784707,0.09651263698469847,6.474946238100529
32,4,1,2,0.7862245300784707,0.8867175930645317,0.10049306298606098,6.474946238100529
32,4,1,3,0.8867175930645317,0.9915965700056404,0.1048789769411087,6.474946238100529
32,4,1,4,0.9915965700056404,1.093087475048378,0.10149090504273772,6.474946238100529
32,4,1,5,1.093087475048378,1.1930564920185134,0.09996901697013527,6.474946238100529
32,4,1,6,1.1930564920185134,1.2898971900576726,0.09684069803915918,6.474946238100529
32,4,1,7,1.2898971900576726,1.3884941030992195,0.09859691304154694,6.474946238100529
32,4,1,8,1.3884941030992195,1.4857352490071207,0.09724114590790123,6.474946238100529
32,4,1,9,1.4857352490071207,1.5831204270944,0.0973851780872792,6.474946238100529
32,4,1,10,1.5831204270944,1.6786968730157241,0.0955764459213242,6.474946238100529
32,4,1,11,1.6786968730157241,1.7793513020733371,0.10065442905761302,6.474946238100529
32,4,1,12,1.7793513020733371,1.8801229790551588,0.10077167698182166,6.474946238100529
32,4,1,13,1.8801229790551588,1.9835137410555035,0.1033907620003447,6.474946238100529
32,4,1,14,1.9835137410555035,2.0850623660953715,0.10154862503986806,6.474946238100529
32,4,1,15,2.0850623660953715,2.1861138290259987,0.10105146293062717,6.474946238100529
32,4,1,16,2.1861138290259987,2.286036657053046,0.09992282802704722,6.474946238100529
32,4,1,17,2.286036657053046,2.38700528210029,0.10096862504724413,6.474946238100529
32,4,1,18,2.38700528210029,2.485408033011481,0.0984027509111911,6.474946238100529
32,4,1,19,2.485408033011481,2.583943836041726,0.098535803030245,6.474946238100529
32,4,1,20,2.583943836041726,2.6818704520119354,0.09792661597020924,6.474946238100529
32,4,1,21,2.6818704520119354,2.7830211240798235,0.10115067206788808,6.474946238100529
32,4,1,22,2.7830211240798235,2.886129354010336,0.10310822993051261,6.474946238100529
32,4,1,23,2.886129354010336,2.990082776057534,0.10395342204719782,6.474946238100529
32,4,1,24,2.990082776057534,3.0934871670324355,0.10340439097490162,6.474946238100529
32,4,1,25,3.0934871670324355,3.193455619039014,0.09996845200657845,6.474946238100529
32,4,1,26,3.193455619039014,3.295903068035841,0.102447448996827,6.474946238100529
32,4,1,27,3.295903068035841,3.3964807760203257,0.10057770798448473,6.474946238100529
32,4,1,28,3.3964807760203257,3.496208994067274,0.09972821804694831,6.474946238100529
32,4,1,29,3.496208994067274,3.5963676010724157,0.10015860700514168,6.474946238100529
32,4,1,30,3.5963676010724157,3.6971963020041585,0.10082870093174279,6.474946238100529
32,4,1,31,3.6971963020041585,3.798151552095078,0.10095525009091944,6.474946238100529
32,4,1,32,3.798151552095078,3.902815498993732,0.1046639468986541,6.474946238100529
32,4,1,33,3.902815498993732,4.0063358310144395,0.10352033202070743,6.474946238100529
32,4,1,34,4.0063358310144395,4.10923978802748,0.10290395701304078,6.474946238100529
32,4,1,35,4.10923978802748,4.210052717011422,0.10081292898394167,6.474946238100529
32,4,1,36,4.210052717011422,4.312932542990893,0.1028798259794712,6.474946238100529
32,4,1,37,4.312932542990893,4.413328894064762,0.10039635107386857,6.474946238100529
32,4,1,38,4.413328894064762,4.516046717064455,0.10271782299969345,6.474946238100529
32,4,1,39,4.516046717064455,4.615955573040992,0.09990885597653687,6.474946238100529
32,4,1,40,4.615955573040992,4.717989603057504,0.10203403001651168,6.474946238100529
32,4,1,41,4.717989603057504,4.819438205100596,0.10144860204309225,6.474946238100529
32,4,1,42,4.819438205100596,4.9266024640528485,0.10716425895225257,6.474946238100529
32,4,1,43,4.9266024640528485,5.02914286905434,0.10254040500149131,6.474946238100529
32,4,1,44,5.02914286905434,5.133808167069219,0.10466529801487923,6.474946238100529
32,4,1,45,5.133808167069219,5.234620624105446,0.10081245703622699,6.474946238100529
32,4,1,46,5.234620624105446,5.339340369100682,0.1047197449952364,6.474946238100529
32,4,1,47,5.339340369100682,5.440642964094877,0.1013025949941948,6.474946238100529
32,4,1,48,5.440642964094877,5.545658032991923,0.10501506889704615,6.474946238100529
32,4,1,49,5.545658032991923,5.646833950071596,0.10117591707967222,6.474946238100529
32,4,1,50,5.646833950071596,5.756407600012608,0.10957364994101226,6.474946238100529
32,4,1,51,5.756407600012608,5.872789070010185,0.11638146999757737,6.474946238100529
32,4,1,52,5.872789070010185,5.996280055027455,0.12349098501726985,6.474946238100529
32,4,1,53,5.996280055027455,6.12488850299269,0.12860844796523452,6.474946238100529
32,4,1,54,6.12488850299269,6.2579273680457845,0.13303886505309492,6.474946238100529
32,4,1,55,6.2579273680457845,6.397070766077377,0.13914339803159237,6.474946238100529
32,4,1,56,6.397070766077377,6.4761108020320535,0.07904003595467657,6.474946238100529
32,4,2,1,0.8864955240860581,0.9913492820924148,0.10485375800635666,6.474946238100529
32,4,2,2,0.9913492820924148,1.0928632500581443,0.10151396796572953,6.474946238100529
32,4,2,3,1.0928632500581443,1.1927880260627717,0.09992477600462735,6.474946238100529
32,4,2,4,1.1927880260627717,1.289413266000338,0.09662523993756622,6.474946238100529
32,4,2,5,1.289413266000338,1.3882145750103518,0.09880130901001394,6.474946238100529
32,4,2,6,1.3882145750103518,1.4854124690173194,0.09719789400696754,6.474946238100529
32,4,2,7,1.4854124690173194,1.5828618360683322,0.09744936705101281,6.474946238100529
32,4,2,8,1.5828618360683322,1.6783170140115544,0.09545517794322222,6.474946238100529
32,4,2,9,1.6783170140115544,1.7790779020870104,0.10076088807545602,6.474946238100529
32,4,2,10,1.7790779020870104,1.879867849056609,0.10078994696959853,6.474946238100529
32,4,2,11,1.879867849056609,1.983237979002297,0.10337012994568795,6.474946238100529
32,4,2,12,1.983237979002297,2.0847756360890344,0.10153765708673745,6.474946238100529
32,4,2,13,2.0847756360890344,2.185855577001348,0.10107994091231376,6.474946238100529
32,4,2,14,2.185855577001348,2.2857818390475586,0.09992626204621047,6.474946238100529
32,4,2,15,2.2857818390475586,2.386748114018701,0.10096627497114241,6.474946238100529
32,4,2,16,2.386748114018701,2.4851398650789633,0.09839175106026232,6.474946238100529
32,4,2,17,2.4851398650789633,2.5836857240647078,0.09854585898574442,6.474946238100529
32,4,2,18,2.5836857240647078,2.6816044270526618,0.09791870298795402,6.474946238100529
32,4,2,19,2.6816044270526618,2.7826797640882432,0.10107533703558147,6.474946238100529
32,4,2,20,2.7826797640882432,2.8858083330560476,0.10312856896780431,6.474946238100529
32,4,2,21,2.8858083330560476,2.9898216020083055,0.10401326895225793,6.474946238100529
32,4,2,22,2.9898216020083055,3.0928804230643436,0.10305882105603814,6.474946238100529
32,4,2,23,3.0928804230643436,3.193114413996227,0.10023399093188345,6.474946238100529
32,4,2,24,3.193114413996227,3.295222506043501,0.10210809204727411,6.474946238100529
32,4,2,25,3.295222506043501,3.3960887220455334,0.10086621600203216,6.474946238100529
32,4,2,26,3.3960887220455334,3.49578877503518,0.09970005298964679,6.474946238100529
32,4,2,27,3.49578877503518,3.5960190740879625,0.10023029905278236,6.474946238100529
32,4,2,28,3.5960190740879625,3.6967775200027972,0.10075844591483474,6.474946238100529
32,4,2,29,3.6967775200027972,3.7978229310829192,0.101045411080122,6.474946238100529
32,4,2,30,3.7978229310829192,3.9024494470795617,0.10462651599664241,6.474946238100529
32,4,2,31,3.9024494470795617,4.006002145004459,0.10355269792489707,6.474946238100529
32,4,2,32,4.006002145004459,4.108878263039514,0.1028761180350557,6.474946238100529
32,4,2,33,4.108878263039514,4.209704488050193,0.10082622501067817,6.474946238100529
32,4,2,34,4.209704488050193,4.312176939100027,0.10247245104983449,6.474946238100529
32,4,2,35,4.312176939100027,4.412890269071795,0.10071332997176796,6.474946238100529
32,4,2,36,4.412890269071795,4.515637421049178,0.1027471519773826,6.474946238100529
32,4,2,37,4.515637421049178,4.61554332007654,0.09990589902736247,6.474946238100529
32,4,2,38,4.61554332007654,4.717594222049229,0.10205090197268873,6.474946238100529
32,4,2,39,4.717594222049229,4.819028800004162,0.10143457795493305,6.474946238100529
32,4,2,40,4.819028800004162,4.9257912170141935,0.10676241701003164,6.474946238100529
32,4,2,41,4.9257912170141935,5.028633237001486,0.10284201998729259,6.474946238100529
32,4,2,42,5.028633237001486,5.133271447033621,0.10463821003213525,6.474946238100529
32,4,2,43,5.133271447033621,5.234075571061112,0.10080412402749062,6.474946238100529
32,4,2,44,5.234075571061112,5.338500192039646,0.10442462097853422,6.474946238100529
32,4,2,45,5.338500192039646,5.440133986994624,0.10163379495497793,6.474946238100529
32,4,2,46,5.440133986994624,5.545047091087326,0.10491310409270227,6.474946238100529
32,4,2,47,5.545047091087326,5.646245361072943,0.10119826998561621,6.474946238100529
32,4,2,48,5.646245361072943,5.755927563994192,0.10968220292124897,6.474946238100529
32,4,2,49,5.755927563994192,5.8722136040451005,0.11628604005090892,6.474946238100529
32,4,2,50,5.8722136040451005,5.9958066350081936,0.12359303096309304,6.474946238100529
32,4,2,51,5.9958066350081936,6.124268079991452,0.12846144498325884,6.474946238100529
32,4,2,52,6.124268079991452,6.2572774949949235,0.13300941500347108,6.474946238100529
32,4,2,53,6.2572774949949235,6.396505644079298,0.1392281490843743,6.474946238100529
32,4,2,54,6.396505644079298,6.475640880991705,0.07913523691240698,6.474946238100529
32,4,3,1,5.134177005034871,5.234793240088038,0.10061623505316675,6.474946238100529
32,4,3,2,5.234793240088038,5.339490861049853,0.10469762096181512,6.474946238100529
32,4,3,3,5.339490861049853,5.440782285062596,0.10129142401274294,6.474946238100529
32,4,3,4,5.440782285062596,5.545799705083482,0.10501742002088577,6.474946238100529
32,4,3,5,5.545799705083482,5.646976309013553,0.101176603930071,6.474946238100529
32,4,3,6,5.646976309013553,5.756554291001521,0.10957798198796809,6.474946238100529
32,4,3,7,5.756554291001521,5.872927349992096,0.11637305899057537,6.474946238100529
32,4,3,8,5.872927349992096,5.996423125034198,0.12349577504210174,6.474946238100529
32,4,3,9,5.996423125034198,6.1250416591065004,0.12861853407230228,6.474946238100529
32,4,3,10,6.1250416591065004,6.258069873088971,0.13302821398247033,6.474946238100529
32,4,3,11,6.258069873088971,6.397207173053175,0.13913729996420443,6.474946238100529
32,4,3,12,6.397207173053175,6.476253941073082,0.07904676801990718,6.474946238100529
32,4,4,1,4.7173240730771795,4.818768338067457,0.10144426499027759,6.474946238100529
32,4,4,2,4.818768338067457,4.925524270045571,0.10675593197811395,6.474946238100529
32,4,4,3,4.925524270045571,5.0282139860792086,0.10268971603363752,6.474946238100529
32,4,4,4,5.0282139860792086,5.1330170220462605,0.10480303596705198,6.474946238100529
32,4,4,5,5.1330170220462605,5.23382325808052,0.1008062360342592,6.474946238100529
32,4,4,6,5.23382325808052,5.338237003074028,0.10441374499350786,6.474946238100529
32,4,4,7,5.338237003074028,5.4397524340311065,0.10151543095707893,6.474946238100529
32,4,4,8,5.4397524340311065,5.544798921095207,0.1050464870641008,6.474946238100529
32,4,4,9,5.544798921095207,5.6460071470355615,0.10120822594035417,6.474946238100529
32,4,4,10,5.6460071470355615,5.755534986034036,0.10952783899847418,6.474946238100529
32,4,4,11,5.755534986034036,5.8719646950485185,0.1164297090144828,6.474946238100529
32,4,4,12,5.8719646950485185,5.995567867066711,0.12360317201819271,6.474946238100529
32,4,4,13,5.995567867066711,6.124023992102593,0.128456125035882,6.474946238100529
32,4,4,14,6.124023992102593,6.257023019017652,0.1329990269150585,6.474946238100529
32,4,4,15,6.257023019017652,6.396262227091938,0.13923920807428658,6.474946238100529
32,4,4,16,6.396262227091938,6.47540531703271,0.07914308994077146,6.474946238100529
32,4,5,1,-0.09875985200051218,0.015105944010429084,0.11386579601094127,6.474946238100529
32,4,5,2,0.015105944010429084,0.1141140420222655,0.09900809801183641,6.474946238100529
32,4,5,3,0.1141140420222655,0.21360758610535413,0.09949354408308864,6.474946238100529
32,4,5,4,0.21360758610535413,0.3078266381053254,0.09421905199997127,6.474946238100529
32,4,5,5,0.3078266381053254,0.40502083499450237,0.09719419688917696,6.474946238100529
32,4,5,6,0.40502083499450237,0.49786164006218314,0.09284080506768078,6.474946238100529
32,4,5,7,0.49786164006218314,0.5956002390012145,0.09773859893903136,6.474946238100529
32,4,5,8,0.5956002390012145,0.6898820950882509,0.09428185608703643,6.474946238100529
32,4,5,9,0.6898820950882509,0.7863882310921326,0.09650613600388169,6.474946238100529
32,4,5,10,0.7863882310921326,0.8868737010052428,0.10048546991311014,6.474946238100529
32,4,5,11,0.8868737010052428,0.9917479190044105,0.10487421799916774,6.474946238100529
32,4,5,12,0.9917479190044105,1.0932368570938706,0.10148893808946013,6.474946238100529
32,4,5,13,1.0932368570938706,1.1932309530675411,0.09999409597367048,6.474946238100529
32,4,5,14,1.1932309530675411,1.2900398370111361,0.09680888394359499,6.474946238100529
32,4,5,15,1.2900398370111361,1.3886320660822093,0.09859222907107323,6.474946238100529
32,4,5,16,1.3886320660822093,1.4859106130897999,0.09727854700759053,6.474946238100529
32,4,5,17,1.4859106130897999,1.5832691650139168,0.09735855192411691,6.474946238100529
32,4,5,18,1.5832691650139168,1.6791600150754675,0.09589085006155074,6.474946238100529
32,4,5,19,1.6791600150754675,1.7796016100328416,0.10044159495737404,6.474946238100529
32,4,5,20,1.7796016100328416,1.88061838503927,0.10101677500642836,6.474946238100529
32,4,5,21,1.88061838503927,1.9837923140730709,0.10317392903380096,6.474946238100529
32,4,5,22,1.9837923140730709,2.0853280710289255,0.1015357569558546,6.474946238100529
32,4,5,23,2.0853280710289255,2.1863648280268535,0.10103675699792802,6.474946238100529
32,4,5,24,2.1863648280268535,2.2862812490202487,0.09991642099339515,6.474946238100529
32,4,5,25,2.2862812490202487,2.387251330073923,0.10097008105367422,6.474946238100529
32,4,5,26,2.387251330073923,2.48566278105136,0.0984114509774372,6.474946238100529
32,4,5,27,2.48566278105136,2.5841944121057168,0.0985316310543567,6.474946238100529
32,4,5,28,2.5841944121057168,2.6824879240011796,0.09829351189546287,6.474946238100529
32,4,5,29,2.6824879240011796,2.7834295390639454,0.10094161506276578,6.474946238100529
32,4,5,30,2.7834295390639454,2.886647663079202,0.10321812401525676,6.474946238100529
32,4,5,31,2.886647663079202,2.990422566072084,0.10377490299288183,6.474946238100529
32,4,5,32,2.990422566072084,3.0937814560020342,0.10335888992995024,6.474946238100529
32,4,5,33,3.0937814560020342,3.1938113970682025,0.10002994106616825,6.474946238100529
32,4,5,34,3.1938113970682025,3.296192214009352,0.10238081694114953,6.474946238100529
32,4,5,35,3.296192214009352,3.396773590007797,0.10058137599844486,6.474946238100529
32,4,5,36,3.396773590007797,3.4965038100490347,0.09973022004123777,6.474946238100529
32,4,5,37,3.4965038100490347,3.5967082120478153,0.10020440199878067,6.474946238100529
32,4,5,38,3.5967082120478153,3.697488876990974,0.10078066494315863,6.474946238100529
32,4,5,39,3.697488876990974,3.798480774043128,0.10099189705215394,6.474946238100529
32,4,5,40,3.798480774043128,3.903114692075178,0.10463391803205013,6.474946238100529
32,4,5,41,3.903114692075178,4.0066212069941685,0.10350651491899043,6.474946238100529
32,4,5,42,4.0066212069941685,4.1098525820998475,0.10323137510567904,6.474946238100529
32,4,5,43,4.1098525820998475,4.210429722093977,0.10057713999412954,6.474946238100529
32,4,5,44,4.210429722093977,4.313290758058429,0.10286103596445173,6.474946238100529
32,4,5,45,4.313290758058429,4.413710516062565,0.10041975800413638,6.474946238100529
32,4,5,46,4.413710516062565,4.516689390060492,0.10297887399792671,6.474946238100529
32,4,5,47,4.516689390060492,4.616440804093145,0.09975141403265297,6.474946238100529
32,4,5,48,4.616440804093145,4.718452760018408,0.10201195592526346,6.474946238100529
32,4,5,49,4.718452760018408,4.819891421007924,0.10143866098951548,6.474946238100529
32,4,5,50,4.819891421007924,4.927011552033946,0.10712013102602214,6.474946238100529
32,4,5,51,4.927011552033946,5.029565497068688,0.10255394503474236,6.474946238100529
32,4,5,52,5.029565497068688,5.134473951999098,0.10490845493040979,6.474946238100529
32,4,5,53,5.134473951999098,5.2350789461052045,0.10060499410610646,6.474946238100529
32,4,5,54,5.2350789461052045,5.339775350061245,0.10469640395604074,6.474946238100529
32,4,5,55,5.339775350061245,5.441069113090634,0.10129376302938908,6.474946238100529
32,4,5,56,5.441069113090634,5.546079742023721,0.10501062893308699,6.474946238100529
32,4,5,57,5.546079742023721,5.647258274024352,0.1011785320006311,6.474946238100529
32,4,5,58,5.647258274024352,5.756830919068307,0.10957264504395425,6.474946238100529
32,4,5,59,5.756830919068307,5.873189213103615,0.11635829403530806,6.474946238100529
32,4,5,60,5.873189213103615,5.996726730023511,0.123537516919896,6.474946238100529
32,4,5,61,5.996726730023511,6.125334022101015,0.1286072920775041,6.474946238100529
32,4,5,62,6.125334022101015,6.258347706054337,0.13301368395332247,6.474946238100529
32,4,5,63,6.258347706054337,6.397496312041767,0.13914860598742962,6.474946238100529
32,4,5,64,6.397496312041767,6.4766068700701,0.07911055802833289,6.474946238100529
32,4,6,1,4.51643131300807,4.616138016106561,0.09970670309849083,6.474946238100529
32,4,6,2,4.616138016106561,4.718138413038105,0.10200039693154395,6.474946238100529
32,4,6,3,4.718138413038105,4.819582003052346,0.10144359001424164,6.474946238100529
32,4,6,4,4.819582003052346,4.926758651039563,0.10717664798721671,6.474946238100529
32,4,6,5,4.926758651039563,5.029301878996193,0.10254322795663029,6.474946238100529
32,4,6,6,5.029301878996193,5.134229706018232,0.1049278270220384,6.474946238100529
32,4,6,7,5.134229706018232,5.234842059086077,0.1006123530678451,6.474946238100529
32,4,6,8,5.234842059086077,5.3395384510513395,0.10469639196526259,6.474946238100529
32,4,6,9,5.3395384510513395,5.440829580067657,0.10129112901631743,6.474946238100529
32,4,6,10,5.440829580067657,5.545846866094507,0.10501728602685034,6.474946238100529
32,4,6,11,5.545846866094507,5.647022396093234,0.10117552999872714,6.474946238100529
32,4,6,12,5.647022396093234,5.756600524066016,0.10957812797278166,6.474946238100529
32,4,6,13,5.756600524066016,5.872970337048173,0.11636981298215687,6.474946238100529
32,4,6,14,5.872970337048173,5.996467791032046,0.12349745398387313,6.474946238100529
32,4,6,15,5.996467791032046,6.125093171023764,0.12862537999171764,6.474946238100529
32,4,6,16,6.125093171023764,6.258116902085021,0.13302373106125742,6.474946238100529
32,4,6,17,6.258116902085021,6.397251577000134,0.13913467491511256,6.474946238100529
32,4,6,18,6.397251577000134,6.4763044530991465,0.07905287609901279,6.474946238100529
32,4,7,3,-0.09868564491625875,0.01515594101510942,0.11384158593136817,6.474946238100529
32,4,7,4,0.01515594101510942,0.11416724906302989,0.09901130804792047,6.474946238100529
32,4,7,5,0.11416724906302989,0.21365983004216105,0.09949258097913116,6.474946238100529
32,4,7,6,0.21365983004216105,0.30815828300546855,0.0944984529633075,6.474946238100529
32,4,7,7,0.30815828300546855,0.40515681309625506,0.09699853009078652,6.474946238100529
32,4,7,8,0.40515681309625506,0.49795916909351945,0.09280235599726439,6.474946238100529
32,4,7,9,0.49795916909351945,0.5957071030279621,0.0977479339344427,6.474946238100529
32,4,7,10,0.5957071030279621,0.6899830990005285,0.0942759959725663,6.474946238100529
32,4,7,11,0.6899830990005285,0.7865037590963766,0.09652066009584814,6.474946238100529
32,4,7,12,0.7865037590963766,0.8869729440193623,0.10046918492298573,6.474946238100529
32,4,7,13,0.8869729440193623,0.9918455630540848,0.10487261903472245,6.474946238100529
32,4,7,14,0.9918455630540848,1.0936367060057819,0.10179114295169711,6.474946238100529
32,4,7,15,1.0936367060057819,1.193411841057241,0.09977513505145907,6.474946238100529
32,4,7,16,1.193411841057241,1.2901843510335311,0.09677250997629017,6.474946238100529
32,4,7,17,1.2901843510335311,1.388770854100585,0.09858650306705385,6.474946238100529
32,4,7,18,1.388770854100585,1.4863280960125849,0.09755724191199988,6.474946238100529
32,4,7,19,1.4863280960125849,1.5835101780248806,0.09718208201229572,6.474946238100529
32,4,7,20,1.5835101780248806,1.6793613689951599,0.09585119097027928,6.474946238100529
32,4,7,21,1.6793613689951599,1.7797973210690543,0.10043595207389444,6.474946238100529
32,4,7,22,1.7797973210690543,1.8808519170852378,0.1010545960161835,6.474946238100529
32,4,7,23,1.8808519170852378,1.983984015067108,0.10313209798187017,6.474946238100529
32,4,7,24,1.983984015067108,2.0858733520144597,0.1018893369473517,6.474946238100529
32,4,7,25,2.0858733520144597,2.186648776056245,0.1007754240417853,6.474946238100529
32,4,7,26,2.186648776056245,2.286837935098447,0.10018915904220194,6.474946238100529
32,4,7,27,2.286837935098447,2.3875817850930616,0.10074384999461472,6.474946238100529
32,4,7,28,2.3875817850930616,2.48623339808546,0.09865161299239844,6.474946238100529
32,4,7,29,2.48623339808546,2.584569620084949,0.09833622199948877,6.474946238100529
32,4,7,30,2.584569620084949,2.6828470110194758,0.09827739093452692,6.474946238100529
32,4,7,31,2.6828470110194758,2.783747779089026,0.1009007680695504,6.474946238100529
32,4,7,32,2.783747779089026,2.8860814080107957,0.10233362892176956,6.474946238100529
32,4,7,33,2.8860814080107957,2.9900320190936327,0.10395061108283699,6.474946238100529
32,4,7,34,2.9900320190936327,3.093435537070036,0.10340351797640324,6.474946238100529
32,4,7,35,3.093435537070036,3.1933968440862373,0.09996130701620132,6.474946238100529
32,4,7,36,3.1933968440862373,3.2958531189942732,0.102456274908036,6.474946238100529
32,4,7,37,3.2958531189942732,3.396430041990243,0.10057692299596965,6.474946238100529
32,4,7,38,3.396430041990243,3.496158495079726,0.09972845308948308,6.474946238100529
32,4,7,39,3.496158495079726,3.5963208409957588,0.10016234591603279,6.474946238100529
32,4,7,40,3.5963208409957588,3.697146353079006,0.1008255120832473,6.474946238100529
32,4,7,41,3.697146353079006,3.798105815076269,0.10095946199726313,6.474946238100529
32,4,7,42,3.798105815076269,3.9027647180482745,0.10465890297200531,6.474946238100529
32,4,7,43,3.9027647180482745,4.0062893610447645,0.10352464299649,6.474946238100529
32,4,7,44,4.0062893610447645,4.109189867042005,0.10290050599724054,6.474946238100529
32,4,7,45,4.109189867042005,4.2100045660045,0.10081469896249473,6.474946238100529
32,4,7,46,4.2100045660045,4.312881397083402,0.10287683107890189,6.474946238100529
32,4,7,47,4.312881397083402,4.41327885305509,0.10039745597168803,6.474946238100529
32,4,7,48,4.41327885305509,4.515995382098481,0.10271652904339135,6.474946238100529
32,4,7,49,4.515995382098481,4.615904591046274,0.09990920894779265,6.474946238100529
32,4,7,50,4.615904591046274,4.717940961010754,0.1020363699644804,6.474946238100529
32,4,7,51,4.717940961010754,4.819385037990287,0.10144407697953284,6.474946238100529
32,4,7,52,4.819385037990287,4.926160242059268,0.10677520406898111,6.474946238100529
32,4,7,53,4.926160242059268,5.0290072230855,0.10284698102623224,6.474946238100529
32,4,7,54,5.0290072230855,5.133627625997178,0.10462040291167796,6.474946238100529
32,4,7,55,5.133627625997178,5.2345229249913245,0.10089529899414629,6.474946238100529
32,4,7,56,5.2345229249913245,5.339242629008368,0.10471970401704311,6.474946238100529
32,4,7,57,5.339242629008368,5.440550656057894,0.10130802704952657,6.474946238100529
32,4,7,58,5.440550656057894,5.545562989078462,0.1050123330205679,6.474946238100529
32,4,7,59,5.545562989078462,5.646734208101407,0.10117121902294457,6.474946238100529
32,4,7,60,5.646734208101407,5.7563148610061035,0.10958065290469676,6.474946238100529
32,4,7,61,5.7563148610061035,5.872690643067472,0.11637578206136823,6.474946238100529
32,4,7,62,5.872690643067472,5.996186577016488,0.12349593394901603,6.474946238100529
32,4,7,63,5.996186577016488,6.124787581036799,0.12860100402031094,6.474946238100529
32,4,7,64,6.124787581036799,6.257831562077627,0.13304398104082793,6.474946238100529
32,4,7,65,6.257831562077627,6.396979659097269,0.1391480970196426,6.474946238100529
32,4,7,66,6.396979659097269,6.476018796092831,0.07903913699556142,6.474946238100529
32,4,8,1,3.295520043000579,3.396170908003114,0.10065086500253528,6.474946238100529
32,4,8,2,3.396170908003114,3.4958378050941974,0.09966689709108323,6.474946238100529
32,4,8,3,3.4958378050941974,3.5960673360386863,0.10022953094448894,6.474946238100529
32,4,8,4,3.5960673360386863,3.6968251951038837,0.10075785906519741,6.474946238100529
32,4,8,5,3.6968251951038837,3.7978694710182026,0.10104427591431886,6.474946238100529
32,4,8,6,3.7978694710182026,3.9025014030048624,0.10463193198665977,6.474946238100529
32,4,8,7,3.9025014030048624,4.006049799034372,0.1035483960295096,6.474946238100529
32,4,8,8,4.006049799034372,4.108930494054221,0.10288069501984864,6.474946238100529
32,4,8,9,4.108930494054221,4.209755027084611,0.10082453303039074,6.474946238100529
32,4,8,10,4.209755027084611,4.3122282900149,0.10247326293028891,6.474946238100529
32,4,8,11,4.3122282900149,4.412942085065879,0.10071379505097866,6.474946238100529
32,4,8,12,4.412942085065879,4.515688184066676,0.10274609900079668,6.474946238100529
32,4,8,13,4.515688184066676,4.6155946319922805,0.09990644792560488,6.474946238100529
32,4,8,14,4.6155946319922805,4.71764194208663,0.10204731009434909,6.474946238100529
32,4,8,15,4.71764194208663,4.819079711101949,0.10143776901531965,6.474946238100529
32,4,8,16,4.819079711101949,4.925844259094447,0.10676454799249768,6.474946238100529
32,4,8,17,4.925844259094447,5.028685447992757,0.10284118889831007,6.474946238100529
32,4,8,18,5.028685447992757,5.133320512017235,0.1046350640244782,6.474946238100529
32,4,8,19,5.133320512017235,5.234124217997305,0.10080370598006994,6.474946238100529
32,4,8,20,5.234124217997305,5.338549160049297,0.10442494205199182,6.474946238100529
32,4,8,21,5.338549160049297,5.440180878038518,0.10163171798922122,6.474946238100529
32,4,8,22,5.440180878038518,5.545093523105606,0.1049126450670883,6.474946238100529
32,4,8,23,5.545093523105606,5.646289688069373,0.10119616496376693,6.474946238100529
32,4,8,24,5.646289688069373,5.755975713022053,0.10968602495267987,6.474946238100529
32,4,8,25,5.755975713022053,5.87226356100291,0.1162878479808569,6.474946238100529
32,4,8,26,5.87226356100291,5.995854894048534,0.1235913330456242,6.474946238100529
32,4,8,27,5.995854894048534,6.1243167500942945,0.12846185604576021,6.474946238100529
32,4,8,28,6.1243167500942945,6.2574787409976125,0.13316199090331793,6.474946238100529
32,4,8,29,6.2574787409976125,6.396550019038841,0.13907127804122865,6.474946238100529
32,4,8,30,6.396550019038841,6.4756878700573,0.0791378510184586,6.474946238100529
32,4,9,1,3.903497951105237,4.006787482067011,0.10328953096177429,6.474946238100529
32,4,9,2,4.006787482067011,4.110001523047686,0.10321404098067433,6.474946238100529
32,4,9,3,4.110001523047686,4.210578364087269,0.10057684103958309,6.474946238100529
32,4,9,4,4.210578364087269,4.313446804066189,0.10286843997891992,6.474946238100529
32,4,9,5,4.313446804066189,4.413865396054462,0.10041859198827296,6.474946238100529
32,4,9,6,4.413865396054462,4.516837419010699,0.1029720229562372,6.474946238100529
32,4,9,7,4.516837419010699,4.616593684069812,0.0997562650591135,6.474946238100529
32,4,9,8,4.616593684069812,4.718594230012968,0.10200054594315588,6.474946238100529
32,4,9,9,4.718594230012968,4.8200297120492905,0.10143548203632236,6.474946238100529
32,4,9,10,4.8200297120492905,4.927161531057209,0.10713181900791824,6.474946238100529
32,4,9,11,4.927161531057209,5.0297201570356265,0.1025586259784177,6.474946238100529
32,4,9,12,5.0297201570356265,5.134613838046789,0.1048936810111627,6.474946238100529
32,4,9,13,5.134613838046789,5.235221315990202,0.10060747794341296,6.474946238100529
32,4,9,14,5.235221315990202,5.339917450095527,0.10469613410532475,6.474946238100529
32,4,9,15,5.339917450095527,5.441207780037075,0.10129032994154841,6.474946238100529
32,4,9,16,5.441207780037075,5.546217716997489,0.10500993696041405,6.474946238100529
32,4,9,17,5.546217716997489,5.647398984991014,0.10118126799352467,6.474946238100529
32,4,9,18,5.647398984991014,5.756968344096094,0.10956935910508037,6.474946238100529
32,4,9,19,5.756968344096094,5.873319584992714,0.11635124089661986,6.474946238100529
32,4,9,20,5.873319584992714,5.996860655024648,0.12354107003193349,6.474946238100529
32,4,9,21,5.996860655024648,6.1254787790821865,0.1286181240575388,6.474946238100529
32,4,9,22,6.1254787790821865,6.258494723006152,0.1330159439239651,6.474946238100529
32,4,9,23,6.258494723006152,6.397633535088971,0.13913881208281964,6.474946238100529
32,4,9,24,6.397633535088971,6.476745016057976,0.07911148096900433,6.474946238100529
32,4,10,1,3.093254493083805,3.193296176032163,0.10004168294835836,6.474946238100529
32,4,10,2,3.193296176032163,3.295684698037803,0.10238852200563997,6.474946238100529
32,4,10,3,3.295684698037803,3.396318034036085,0.10063333599828184,6.474946238100529
32,4,10,4,3.396318034036085,3.4959880830720067,0.09967004903592169,6.474946238100529
32,4,10,5,3.4959880830720067,3.596215932047926,0.10022784897591919,6.474946238100529
32,4,10,6,3.596215932047926,3.6969706900417805,0.10075475799385458,6.474946238100529
32,4,10,7,3.6969706900417805,3.7980087500764057,0.10103806003462523,6.474946238100529
32,4,10,8,3.7980087500764057,3.9026549010304734,0.10464615095406771,6.474946238100529
32,4,10,9,3.9026549010304734,4.0061950359959155,0.10354013496544212,6.474946238100529
32,4,10,10,4.0061950359959155,4.109086975106038,0.10289193911012262,6.474946238100529
32,4,10,11,4.109086975106038,4.209903448005207,0.10081647289916873,6.474946238100529
32,4,10,12,4.209903448005207,4.312689448008314,0.10278600000310689,6.474946238100529
32,4,10,13,4.312689448008314,4.413175380090252,0.10048593208193779,6.474946238100529
32,4,10,14,4.413175380090252,4.515893304022029,0.10271792393177748,6.474946238100529
32,4,10,15,4.515893304022029,4.615800925064832,0.09990762104280293,6.474946238100529
32,4,10,16,4.615800925064832,4.7178333210758865,0.10203239601105452,6.474946238100529
32,4,10,17,4.7178333210758865,4.819277497008443,0.10144417593255639,6.474946238100529
32,4,10,18,4.819277497008443,4.926051248097792,0.10677375108934939,6.474946238100529
32,4,10,19,4.926051248097792,5.028895537019707,0.102844288921915,6.474946238100529
32,4,10,20,5.028895537019707,5.133530045044608,0.10463450802490115,6.474946238100529
32,4,10,21,5.133530045044608,5.2343191670952365,0.10078912205062807,6.474946238100529
32,4,10,22,5.2343191670952365,5.339139473042451,0.10482030594721437,6.474946238100529
32,4,10,23,5.339139473042451,5.440456161042675,0.10131668800022453,6.474946238100529
32,4,10,24,5.440456161042675,5.545462609035894,0.1050064479932189,6.474946238100529
32,4,10,25,5.545462609035894,5.646534732077271,0.10107212304137647,6.474946238100529
32,4,10,26,5.646534732077271,5.756218951079063,0.10968421900179237,6.474946238100529
32,4,10,27,5.756218951079063,5.872513783047907,0.11629483196884394,6.474946238100529
32,4,10,28,5.872513783047907,5.996088088024408,0.12357430497650057,6.474946238100529
32,4,10,29,5.996088088024408,6.124571366002783,0.12848327797837555,6.474946238100529
32,4,10,30,6.124571366002783,6.2577271540649235,0.13315578806214035,6.474946238100529
32,4,10,31,6.2577271540649235,6.39677901705727,0.1390518629923463,6.474946238100529
32,4,10,32,6.39677901705727,6.475919718039222,0.07914070098195225,6.474946238100529
32,4,11,1,1.6789972300175577,1.779444455052726,0.10044722503516823,6.474946238100529
32,4,11,2,1.779444455052726,1.8801717170281336,0.1007272619754076,6.474946238100529
32,4,11,3,1.8801717170281336,1.9835635781055316,0.10339186107739806,6.474946238100529
32,4,11,4,1.9835635781055316,2.0851182230981067,0.10155464499257505,6.474946238100529
32,4,11,5,2.0851182230981067,2.18616431101691,0.1010460879188031,6.474946238100529
32,4,11,6,2.18616431101691,2.2860870620934293,0.09992275107651949,6.474946238100529
32,4,11,7,2.2860870620934293,2.3870544070377946,0.10096734494436532,6.474946238100529
32,4,11,8,2.3870544070377946,2.4854691680520773,0.0984147610142827,6.474946238100529
32,4,11,9,2.4854691680520773,2.583995062042959,0.09852589399088174,6.474946238100529
32,4,11,10,2.583995062042959,2.682216584100388,0.09822152205742896,6.474946238100529
32,4,11,11,2.682216584100388,2.7832279880531132,0.10101140395272523,6.474946238100529
32,4,11,12,2.7832279880531132,2.886177000007592,0.10294901195447892,6.474946238100529
32,4,11,13,2.886177000007592,2.9901325120590627,0.10395551205147058,6.474946238100529
32,4,11,14,2.9901325120590627,3.093537877080962,0.10340536502189934,6.474946238100529
32,4,11,15,3.093537877080962,3.1935047450242564,0.09996686794329435,6.474946238100529
32,4,11,16,3.1935047450242564,3.295952112064697,0.10244736704044044,6.474946238100529
32,4,11,17,3.295952112064697,3.396533036022447,0.1005809239577502,6.474946238100529
32,4,11,18,3.396533036022447,3.496257710037753,0.09972467401530594,6.474946238100529
32,4,11,19,3.496257710037753,3.596421741996892,0.10016403195913881,6.474946238100529
32,4,11,20,3.596421741996892,3.697244302020408,0.10082256002351642,6.474946238100529
32,4,11,21,3.697244302020408,3.79819744406268,0.10095314204227179,6.474946238100529
32,4,11,22,3.79819744406268,3.9028659880859777,0.10466854402329773,6.474946238100529
32,4,11,23,3.9028659880859777,4.006383913103491,0.10351792501751333,6.474946238100529
32,4,11,24,4.006383913103491,4.1092923959949985,0.10290848289150745,6.474946238100529
32,4,11,25,4.1092923959949985,4.210102336015552,0.10080994002055377,6.474946238100529
32,4,11,26,4.210102336015552,4.3129843410570174,0.10288200504146516,6.474946238100529
32,4,11,27,4.3129843410570174,4.413380708079785,0.10039636702276766,6.474946238100529
32,4,11,28,4.413380708079785,4.516096460050903,0.10271575197111815,6.474946238100529
32,4,11,29,4.516096460050903,4.616006480995566,0.09991002094466239,6.474946238100529
32,4,11,30,4.616006480995566,4.718040699022822,0.10203421802725643,6.474946238100529
32,4,11,31,4.718040699022822,4.819486381020397,0.10144568199757487,6.474946238100529
32,4,11,32,4.819486381020397,4.926654383074492,0.10716800205409527,6.474946238100529
32,4,11,33,4.926654383074492,5.029195581097156,0.1025411980226636,6.474946238100529
32,4,11,34,5.029195581097156,5.133860806003213,0.10466522490605712,6.474946238100529
32,4,11,35,5.133860806003213,5.234669836005196,0.10080903000198305,6.474946238100529
32,4,11,36,5.234669836005196,5.339389461092651,0.10471962508745492,6.474946238100529
32,4,11,37,5.339389461092651,5.440690483083017,0.10130102199036628,6.474946238100529
32,4,11,38,5.440690483083017,5.545706183067523,0.10501569998450577,6.474946238100529
32,4,11,39,5.545706183067523,5.6468816350679845,0.10117545200046152,6.474946238100529
32,4,11,40,5.6468816350679845,5.756461968994699,0.10958033392671496,6.474946238100529
32,4,11,41,5.756461968994699,5.872838426032104,0.11637645703740418,6.474946238100529
32,4,11,42,5.872838426032104,5.996325353044085,0.1234869270119816,6.474946238100529
32,4,11,43,5.996325353044085,6.124941134010442,0.1286157809663564,6.474946238100529
32,4,11,44,6.124941134010442,6.25797577900812,0.1330346449976787,6.474946238100529
32,4,11,45,6.25797577900812,6.397116795997135,0.13914101698901504,6.474946238100529
32,4,11,46,6.397116795997135,6.476157896104269,0.07904110010713339,6.474946238100529
32,4,12,1,0.11404437501914799,0.21354617306496948,0.09950179804582149,6.474946238100529
32,4,12,2,0.21354617306496948,0.30777348205447197,0.09422730898950249,6.474946238100529
32,4,12,3,0.30777348205447197,0.40496764006093144,0.09719415800645947,6.474946238100529
32,4,12,4,0.40496764006093144,0.49780832207761705,0.0928406820166856,6.474946238100529
32,4,12,5,0.49780832207761705,0.5955452740890905,0.09773695201147348,6.474946238100529
32,4,12,6,0.5955452740890905,0.6898308719974011,0.09428559790831059,6.474946238100529
32,4,12,7,0.6898308719974011,0.7863357460591942,0.09650487406179309,6.474946238100529
32,4,12,8,0.7863357460591942,0.8868218200514093,0.1004860739922151,6.474946238100529
32,4,12,9,0.8868218200514093,0.9916990040801466,0.10487718402873725,6.474946238100529
32,4,12,10,0.9916990040801466,1.0931888070190325,0.10148980293888599,6.474946238100529
32,4,12,11,1.0931888070190325,1.1931790889939293,0.09999028197489679,6.474946238100529
32,4,12,12,1.1931790889939293,1.289991440018639,0.09681235102470964,6.474946238100529
32,4,12,13,1.289991440018639,1.3885858210269362,0.0985943810082972,6.474946238100529
32,4,12,14,1.3885858210269362,1.485862354049459,0.09727653302252293,6.474946238100529
32,4,12,15,1.485862354049459,1.583219607011415,0.09735725296195596,6.474946238100529
32,4,12,16,1.583219607011415,1.6791080330731347,0.09588842606171966,6.474946238100529
32,4,12,17,1.6791080330731347,1.779552047024481,0.10044401395134628,6.474946238100529
32,4,12,18,1.779552047024481,1.8802704371046275,0.10071839008014649,6.474946238100529
32,4,12,19,1.8802704371046275,1.9836611930513754,0.10339075594674796,6.474946238100529
32,4,12,20,1.9836611930513754,2.085223806090653,0.1015626130392775,6.474946238100529
32,4,12,21,2.085223806090653,2.1862645871005952,0.1010407810099423,6.474946238100529
32,4,12,22,2.1862645871005952,2.2861862489953637,0.09992166189476848,6.474946238100529
32,4,12,23,2.2861862489953637,2.387153365998529,0.10096711700316519,6.474946238100529
32,4,12,24,2.387153365998529,2.485566321061924,0.0984129550633952,6.474946238100529
32,4,12,25,2.485566321061924,2.5840953961014748,0.09852907503955066,6.474946238100529
32,4,12,26,2.5840953961014748,2.6823219450889155,0.09822654898744076,6.474946238100529
32,4,12,27,2.6823219450889155,2.783328465069644,0.10100651998072863,6.474946238100529
32,4,12,28,2.783328465069644,2.886598858051002,0.10327039298135787,6.474946238100529
32,4,12,29,2.886598858051002,2.990367367048748,0.10376850899774581,6.474946238100529
32,4,12,30,2.990367367048748,3.093733099056408,0.10336573200765997,6.474946238100529
32,4,12,31,3.093733099056408,3.1937622940167785,0.10002919496037066,6.474946238100529
32,4,12,32,3.1937622940167785,3.2961454780306667,0.10238318401388824,6.474946238100529
32,4,12,33,3.2961454780306667,3.3967256740434095,0.10058019601274282,6.474946238100529
32,4,12,34,3.3967256740434095,3.496456545079127,0.09973087103571743,6.474946238100529
32,4,12,35,3.496456545079127,3.5966615290381014,0.10020498395897448,6.474946238100529
32,4,12,36,3.5966615290381014,3.6974427280947566,0.10078119905665517,6.474946238100529
32,4,12,37,3.6974427280947566,3.798435093020089,0.10099236492533237,6.474946238100529
32,4,12,38,3.798435093020089,3.9030650031054392,0.10462991008535028,6.474946238100529
32,4,12,39,3.9030650031054392,4.006573957041837,0.10350895393639803,6.474946238100529
32,4,12,40,4.006573957041837,4.1098002480575815,0.10322629101574421,6.474946238100529
32,4,12,41,4.1098002480575815,4.210375572089106,0.10057532403152436,6.474946238100529
32,4,12,42,4.210375572089106,4.313238785020076,0.1028632129309699,6.474946238100529
32,4,12,43,4.313238785020076,4.4136597430333495,0.10042095801327378,6.474946238100529
32,4,12,44,4.4136597430333495,4.516639506095089,0.1029797630617395,6.474946238100529
32,4,12,45,4.516639506095089,4.616343620000407,0.09970411390531808,6.474946238100529
32,4,12,46,4.616343620000407,4.718398772063665,0.10205515206325799,6.474946238100529
32,4,12,47,4.718398772063665,4.819845410063863,0.10144663800019771,6.474946238100529
32,4,12,48,4.819845410063863,4.926959561998956,0.1071141519350931,6.474946238100529
32,4,12,49,4.926959561998956,5.02951430703979,0.10255474504083395,6.474946238100529
32,4,12,50,5.02951430703979,5.134425699012354,0.10491139197256416,6.474946238100529
32,4,12,51,5.134425699012354,5.23503210907802,0.10060641006566584,6.474946238100529
32,4,12,52,5.23503210907802,5.3397284670500085,0.10469635797198862,6.474946238100529
32,4,12,53,5.3397284670500085,5.441020732047036,0.10129226499702781,6.474946238100529
32,4,12,54,5.441020732047036,5.546034322003834,0.10501358995679766,6.474946238100529
32,4,12,55,5.546034322003834,5.64721157902386,0.10117725702002645,6.474946238100529
32,4,12,56,5.64721157902386,5.75678441603668,0.10957283701281995,6.474946238100529
32,4,12,57,5.75678441603668,5.873145489022136,0.1163610729854554,6.474946238100529
32,4,12,58,5.873145489022136,5.996648530010134,0.12350304098799825,6.474946238100529
32,4,12,59,5.996648530010134,6.125286852009594,0.12863832199946046,6.474946238100529
32,4,12,60,6.125286852009594,6.258301887079142,0.1330150350695476,6.474946238100529
32,4,12,61,6.258301887079142,6.397449191077612,0.1391473039984703,6.474946238100529
32,4,12,62,6.397449191077612,6.476552338106558,0.07910314702894539,6.474946238100529
32,4,13,8,-0.09914141497574747,0.014956400031223893,0.11409781500697136,6.474946238100529
32,4,13,9,0.014956400031223893,0.11366446502506733,0.09870806499384344,6.474946238100529
32,4,13,10,0.11366446502506733,0.21334753604605794,0.09968307102099061,6.474946238100529
32,4,13,11,0.21334753604605794,0.3076090500690043,0.09426151402294636,6.474946238100529
32,4,13,12,0.3076090500690043,0.40480618202127516,0.09719713195227087,6.474946238100529
32,4,13,13,0.40480618202127516,0.4976789280772209,0.09287274605594575,6.474946238100529
32,4,13,14,0.4976789280772209,0.5954092190368101,0.09773029095958918,6.474946238100529
32,4,13,15,0.5954092190368101,0.6893957930151373,0.09398657397832721,6.474946238100529
32,4,13,16,0.6893957930151373,0.7861336250789464,0.09673783206380904,6.474946238100529
32,4,13,17,0.7861336250789464,0.8866642070934176,0.10053058201447129,6.474946238100529
32,4,13,18,0.8866642070934176,0.9915357480058447,0.10487154091242701,6.474946238100529
32,4,13,19,0.9915357480058447,1.0930306580848992,0.10149491007905453,6.474946238100529
32,4,13,20,1.0930306580848992,1.1930030609946698,0.09997240290977061,6.474946238100529
32,4,13,21,1.1930030609946698,1.2898473640671,0.0968443030724302,6.474946238100529
32,4,13,22,1.2898473640671,1.3884465310256928,0.09859916695859283,6.474946238100529
32,4,13,23,1.3884465310256928,1.4856850260403007,0.0972384950146079,6.474946238100529
32,4,13,24,1.4856850260403007,1.583067175000906,0.09738214896060526,6.474946238100529
32,4,13,25,1.583067175000906,1.6786049040965736,0.0955377290956676,6.474946238100529
32,4,13,26,1.6786049040965736,1.7792964950203896,0.10069159092381597,6.474946238100529
32,4,13,27,1.7792964950203896,1.8800705110188574,0.1007740159984678,6.474946238100529
32,4,13,28,1.8800705110188574,1.983460981049575,0.10339047003071755,6.474946238100529
32,4,13,29,1.983460981049575,2.0850035180337727,0.1015425369841978,6.474946238100529
32,4,13,30,2.0850035180337727,2.1860608900897205,0.10105737205594778,6.474946238100529
32,4,13,31,2.1860608900897205,2.285983720095828,0.09992283000610769,6.474946238100529
32,4,13,32,2.285983720095828,2.3869518931023777,0.10096817300654948,6.474946238100529
32,4,13,33,2.3869518931023777,2.4853538140887395,0.0984019209863618,6.474946238100529
32,4,13,34,2.4853538140887395,2.5838914790656418,0.0985376649769023,6.474946238100529
32,4,13,35,2.5838914790656418,2.681816744036041,0.09792526497039944,6.474946238100529
32,4,13,36,2.681816744036041,2.7829647751059383,0.10114803106989712,6.474946238100529
32,4,13,37,2.7829647751059383,2.8859811890870333,0.10301641398109496,6.474946238100529
32,4,13,38,2.8859811890870333,2.9899288290180266,0.10394763993099332,6.474946238100529
32,4,13,39,2.9899288290180266,3.092978231026791,0.10304940200876445,6.474946238100529
32,4,13,40,3.092978231026791,3.1932149661006406,0.10023673507384956,6.474946238100529
32,4,13,41,3.1932149661006406,3.295633122092113,0.1024181559914723,6.474946238100529
32,4,13,42,3.295633122092113,3.396269879071042,0.10063675697892904,6.474946238100529
32,4,13,43,3.396269879071042,3.4959384331014007,0.09966855403035879,6.474946238100529
32,4,13,44,3.4959384331014007,3.5961658681044355,0.10022743500303477,6.474946238100529
32,4,13,45,3.5961658681044355,3.6969232400879264,0.10075737198349088,6.474946238100529
32,4,13,46,3.6969232400879264,3.7979628080502152,0.10103956796228886,6.474946238100529
32,4,13,47,3.7979628080502152,3.902603908092715,0.1046411000424996,6.474946238100529
32,4,13,48,3.902603908092715,4.006146774045192,0.10354286595247686,6.474946238100529
32,4,13,49,4.006146774045192,4.109035385074094,0.10288861102890223,6.474946238100529
32,4,13,50,4.109035385074094,4.2098543690517545,0.10081898397766054,6.474946238100529
32,4,13,51,4.2098543690517545,4.3123315339908,0.1024771649390459,6.474946238100529
32,4,13,52,4.3123315339908,4.413046305067837,0.10071477107703686,6.474946238100529
32,4,13,53,4.413046305067837,4.515791175072081,0.10274487000424415,6.474946238100529
32,4,13,54,4.515791175072081,4.615697761066258,0.09990658599417657,6.474946238100529
32,4,13,55,4.615697761066258,4.71773708704859,0.10203932598233223,6.474946238100529
32,4,13,56,4.71773708704859,4.819180420017801,0.10144333296921104,6.474946238100529
32,4,13,57,4.819180420017801,4.925948577001691,0.10676815698388964,6.474946238100529
32,4,13,58,4.925948577001691,5.028790213051252,0.1028416360495612,6.474946238100529
32,4,13,59,5.028790213051252,5.1334323060000315,0.10464209294877946,6.474946238100529
32,4,13,60,5.1334323060000315,5.234221660066396,0.10078935406636447,6.474946238100529
32,4,13,61,5.234221660066396,5.338649912038818,0.104428251972422,6.474946238100529
32,4,13,62,5.338649912038818,5.440276860026643,0.10162694798782468,6.474946238100529
32,4,13,63,5.440276860026643,5.545186782022938,0.10490992199629545,6.474946238100529
32,4,13,64,5.545186782022938,5.646381205995567,0.10119442397262901,6.474946238100529
32,4,13,65,5.646381205995567,5.756074546021409,0.10969334002584219,6.474946238100529
32,4,13,66,5.756074546021409,5.872360490029678,0.11628594400826842,6.474946238100529
32,4,13,67,5.872360490029678,5.995948128052987,0.12358763802330941,6.474946238100529
32,4,13,68,5.995948128052987,6.1244226230774075,0.12847449502442032,6.474946238100529
32,4,13,69,6.1244226230774075,6.25757875200361,0.13315612892620265,6.474946238100529
32,4,13,70,6.25757875200361,6.396642459090799,0.13906370708718896,6.474946238100529
32,4,13,71,6.396642459090799,6.475780784036033,0.07913832494523376,6.474946238100529
32,4,14,1,5.33897510508541,5.440399804036133,0.10142469895072281,6.474946238100529
32,4,14,2,5.440399804036133,5.545282835024409,0.104883030988276,6.474946238100529
32,4,14,3,5.545282835024409,5.646486267098226,0.10120343207381666,6.474946238100529
32,4,14,4,5.646486267098226,5.756171256070957,0.10968498897273093,6.474946238100529
32,4,14,5,5.756171256070957,5.872465425054543,0.11629416898358613,6.474946238100529
32,4,14,6,5.872465425054543,5.996041884063743,0.12357645900920033,6.474946238100529
32,4,14,7,5.996041884063743,6.124521424993873,0.1284795409301296,6.474946238100529
32,4,14,8,6.124521424993873,6.257677938090637,0.13315651309676468,6.474946238100529
32,4,14,9,6.257677938090637,6.3967345440760255,0.13905660598538816,6.474946238100529
32,4,14,10,6.3967345440760255,6.475874107098207,0.07913956302218139,6.474946238100529
32,4,15,1,4.109590884996578,4.210178468027152,0.10058758303057402,6.474946238100529
32,4,15,2,4.210178468027152,4.313034537015483,0.10285606898833066,6.474946238100529
32,4,15,3,4.313034537015483,4.413439202005975,0.10040466499049217,6.474946238100529
32,4,15,4,4.413439202005975,4.5161482190014794,0.1027090169955045,6.474946238100529
32,4,15,5,4.5161482190014794,4.6160592280793935,0.09991100907791406,6.474946238100529
32,4,15,6,4.6160592280793935,4.718089681002311,0.1020304529229179,6.474946238100529
32,4,15,7,4.718089681002311,4.819534061010927,0.10144438000861555,6.474946238100529
32,4,15,8,4.819534061010927,4.926706777070649,0.107172716059722,6.474946238100529
32,4,15,9,4.926706777070649,5.029246711055748,0.1025399339850992,6.474946238100529
32,4,15,10,5.029246711055748,5.133910068077967,0.1046633570222184,6.474946238100529
32,4,15,11,5.133910068077967,5.234717174083926,0.10080710600595921,6.474946238100529
32,4,15,12,5.234717174083926,5.339442962082103,0.10472578799817711,6.474946238100529
32,4,15,13,5.339442962082103,5.440737009048462,0.10129404696635902,6.474946238100529
32,4,15,14,5.440737009048462,5.545753778074868,0.10501676902640611,6.474946238100529
32,4,15,15,5.545753778074868,5.646929249051027,0.10117547097615898,6.474946238100529
32,4,15,16,5.646929249051027,5.7565080870408565,0.10957883798982948,6.474946238100529
32,4,15,17,5.7565080870408565,5.872882415074855,0.11637432803399861,6.474946238100529
32,4,15,18,5.872882415074855,5.996370959095657,0.12348854402080178,6.474946238100529
32,4,15,19,5.996370959095657,6.124991432065144,0.1286204729694873,6.474946238100529
32,4,15,20,6.124991432065144,6.258023274014704,0.13303184194955975,6.474946238100529
32,4,15,21,6.258023274014704,6.397162477020174,0.13913920300547034,6.474946238100529
32,4,15,22,6.397162477020174,6.476203892030753,0.07904141501057893,6.474946238100529
32,4,16,1,2.486177242011763,2.5845194139983505,0.09834217198658735,6.474946238100529
32,4,16,2,2.5845194139983505,2.682796434033662,0.09827702003531158,6.474946238100529
32,4,16,3,2.682796434033662,2.783702804008499,0.10090636997483671,6.474946238100529
32,4,16,4,2.783702804008499,2.8860303279943764,0.10232752398587763,6.474946238100529
32,4,16,5,2.8860303279943764,2.989981739083305,0.10395141108892858,6.474946238100529
32,4,16,6,2.989981739083305,3.0933158210245892,0.10333408194128424,6.474946238100529
32,4,16,7,3.0933158210245892,3.19334717199672,0.1000313509721309,6.474946238100529
32,4,16,8,3.19334717199672,3.295801233034581,0.10245406103786081,6.474946238100529
32,4,16,9,3.295801233034581,3.3963734600692987,0.1005722270347178,6.474946238100529
32,4,16,10,3.3963734600692987,3.4960428590420634,0.09966939897276461,6.474946238100529
32,4,16,11,3.4960428590420634,3.596271612099372,0.1002287530573085,6.474946238100529
32,4,16,12,3.596271612099372,3.6970236049965024,0.10075199289713055,6.474946238100529
32,4,16,13,3.6970236049965024,3.7980597130954266,0.10103610809892416,6.474946238100529
32,4,16,14,3.7980597130954266,3.9027122580446303,0.10465254494920373,6.474946238100529
32,4,16,15,3.9027122580446303,4.006242355098948,0.1035300970543176,6.474946238100529
32,4,16,16,4.006242355098948,4.1091387930791825,0.10289643798023462,6.474946238100529
32,4,16,17,4.1091387930791825,4.209955953992903,0.10081716091372073,6.474946238100529
32,4,16,18,4.209955953992903,4.312826939043589,0.1028709850506857,6.474946238100529
32,4,16,19,4.312826939043589,4.413226862088777,0.10039992304518819,6.474946238100529
32,4,16,20,4.413226862088777,4.5159443750744686,0.10271751298569143,6.474946238100529
32,4,16,21,4.5159443750744686,4.615853553055786,0.09990917798131704,6.474946238100529
32,4,16,22,4.615853553055786,4.717891785083339,0.10203823202755302,6.474946238100529
32,4,16,23,4.717891785083339,4.819334656000137,0.10144287091679871,6.474946238100529
32,4,16,24,4.819334656000137,4.9261083049932495,0.10677364899311215,6.474946238100529
32,4,16,25,4.9261083049932495,5.028953155037016,0.1028448500437662,6.474946238100529
32,4,16,26,5.028953155037016,5.133578605018556,0.10462544998154044,6.474946238100529
32,4,16,27,5.133578605018556,5.234470536001027,0.10089193098247051,6.474946238100529
32,4,16,28,5.234470536001027,5.339192096027546,0.104721560026519,6.474946238100529
32,4,16,29,5.339192096027546,5.440503225079738,0.10131112905219197,6.474946238100529
32,4,16,30,5.440503225079738,5.545513679040596,0.10501045396085829,6.474946238100529
32,4,16,31,5.545513679040596,5.6465839790180326,0.10107029997743666,6.474946238100529
32,4,16,32,5.6465839790180326,5.756266492069699,0.10968251305166632,6.474946238100529
32,4,16,33,5.756266492069699,5.872561326017603,0.11629483394790441,6.474946238100529
32,4,16,34,5.872561326017603,5.996140160015784,0.12357883399818093,6.474946238100529
32,4,16,35,5.996140160015784,6.12473136105109,0.12859120103530586,6.474946238100529
32,4,16,36,6.12473136105109,6.257781765074469,0.1330504040233791,6.474946238100529
32,4,16,37,6.257781765074469,6.39692950504832,0.13914773997385055,6.474946238100529
32,4,16,38,6.39692950504832,6.47597119200509,0.07904168695677072,6.474946238100529
32,4,17,1,4.9265395030379295,5.029088564100675,0.10254906106274575,6.474946238100529
32,4,17,2,5.029088564100675,5.133675419026986,0.10458685492631048,6.474946238100529
32,4,17,3,5.133675419026986,5.234572108020075,0.1008966889930889,6.474946238100529
32,4,17,4,5.234572108020075,5.339292071992531,0.10471996397245675,6.474946238100529
32,4,17,5,5.339292071992531,5.440597127075307,0.10130505508277565,6.474946238100529
32,4,17,6,5.440597127075307,5.545611745095812,0.10501461802050471,6.474946238100529
32,4,17,7,5.545611745095812,5.6467857180396095,0.10117397294379771,6.474946238100529
32,4,17,8,5.6467857180396095,5.756361305015162,0.10957558697555214,6.474946238100529
32,4,17,9,5.756361305015162,5.872741105034947,0.11637980001978576,6.474946238100529
32,4,17,10,5.872741105034947,5.996233702055179,0.12349259702023119,6.474946238100529
32,4,17,11,5.996233702055179,6.124838568037376,0.12860486598219723,6.474946238100529
32,4,17,12,6.124838568037376,6.257878956035711,0.13304038799833506,6.474946238100529
32,4,17,13,6.257878956035711,6.397025942103937,0.1391469860682264,6.474946238100529
32,4,17,14,6.397025942103937,6.476064891088754,0.07903894898481667,6.474946238100529
32,4,18,1,5.544620066066273,5.645838842028752,0.10121877596247941,6.474946238100529
32,4,18,2,5.645838842028752,5.755356023088098,0.1095171810593456,6.474946238100529
32,4,18,3,5.755356023088098,5.871800443041138,0.11644441995304078,6.474946238100529
32,4,18,4,5.871800443041138,5.9953940740088,0.12359363096766174,6.474946238100529
32,4,18,5,5.9953940740088,6.12385858700145,0.12846451299265027,6.474946238100529
32,4,18,6,6.12385858700145,6.256766888080165,0.13290830107871443,6.474946238100529
32,4,18,7,6.256766888080165,6.39608691202011,0.1393200239399448,6.474946238100529
32,4,18,8,6.39608691202011,6.475260489038192,0.07917357701808214,6.474946238100529
32,4,19,5,-0.09903178794775158,0.01502207200974226,0.11405385995749384,6.474946238100529
32,4,19,6,0.01502207200974226,0.11376470699906349,0.09874263498932123,6.474946238100529
32,4,19,7,0.11376470699906349,0.21345748309977353,0.09969277610071003,6.474946238100529
32,4,19,8,0.21345748309977353,0.307714949012734,0.09425746591296047,6.474946238100529
32,4,19,9,0.307714949012734,0.40491011703852564,0.09719516802579165,6.474946238100529
32,4,19,10,0.40491011703852564,0.49773895810358226,0.09282884106505662,6.474946238100529
32,4,19,11,0.49773895810358226,0.5954883340746164,0.09774937597103417,6.474946238100529
32,4,19,12,0.5954883340746164,0.6897787830093876,0.09429044893477112,6.474946238100529
32,4,19,13,0.6897787830093876,0.7862833780236542,0.09650459501426667,6.474946238100529
32,4,19,14,0.7862833780236542,0.8867696190718561,0.10048624104820192,6.474946238100529
32,4,19,15,0.8867696190718561,0.9916483419947326,0.10487872292287648,6.474946238100529
32,4,19,16,0.9916483419947326,1.0931398899992928,0.10149154800456017,6.474946238100529
32,4,19,17,1.0931398899992928,1.193107345025055,0.09996745502576232,6.474946238100529
32,4,19,18,1.193107345025055,1.2899450330296531,0.09683768800459802,6.474946238100529
32,4,19,19,1.2899450330296531,1.3885403560707346,0.09859532304108143,6.474946238100529
32,4,19,20,1.3885403560707346,1.485812908038497,0.09727255196776241,6.474946238100529
32,4,19,21,1.485812908038497,1.5831705530872568,0.09735764504875988,6.474946238100529
32,4,19,22,1.5831705530872568,1.6790558090433478,0.09588525595609099,6.474946238100529
32,4,19,23,1.6790558090433478,1.7795010739937425,0.10044526495039463,6.474946238100529
32,4,19,24,1.7795010739937425,1.8802213340532035,0.100720260059461,6.474946238100529
32,4,19,25,1.8802213340532035,1.983612280106172,0.1033909460529685,6.474946238100529
32,4,19,26,1.983612280106172,2.0851721740327775,0.10155989392660558,6.474946238100529
32,4,19,27,2.0851721740327775,2.186214240035042,0.10104206600226462,6.474946238100529
32,4,19,28,2.186214240035042,2.286137735005468,0.09992349497042596,6.474946238100529
32,4,19,29,2.286137735005468,2.3871037900680676,0.10096605506259948,6.474946238100529
32,4,19,30,2.3871037900680676,2.4855187240755185,0.09841493400745094,6.474946238100529
32,4,19,31,2.4855187240755185,2.5840454160934314,0.09852669201791286,6.474946238100529
32,4,19,32,2.5840454160934314,2.6822703500511125,0.09822493395768106,6.474946238100529
32,4,19,33,2.6822703500511125,2.7832807149970904,0.10101036494597793,6.474946238100529
32,4,19,34,2.7832807149970904,2.885589707060717,0.10230899206362665,6.474946238100529
32,4,19,35,2.885589707060717,2.9895952549995854,0.1040055479388684,6.474946238100529
32,4,19,36,2.9895952549995854,3.092668638098985,0.10307338309939951,6.474946238100529
32,4,19,37,3.092668638098985,3.1928983660181984,0.10022972791921347,6.474946238100529
32,4,19,38,3.1928983660181984,3.2950113040860742,0.1021129380678758,6.474946238100529
32,4,19,39,3.2950113040860742,3.3957787840627134,0.10076747997663915,6.474946238100529
32,4,19,40,3.3957787840627134,3.495291981031187,0.0995131969684735,6.474946238100529
32,4,19,41,3.495291981031187,3.5957290050573647,0.10043702402617782,6.474946238100529
32,4,19,42,3.5957290050573647,3.696522430051118,0.10079342499375343,6.474946238100529
32,4,19,43,3.696522430051118,3.7975846180925146,0.10106218804139644,6.474946238100529
32,4,19,44,3.7975846180925146,3.9020721199922264,0.10448750189971179,6.474946238100529
32,4,19,45,3.9020721199922264,4.0056490420829505,0.10357692209072411,6.474946238100529
32,4,19,46,4.0056490420829505,4.108500560047105,0.10285151796415448,6.474946238100529
32,4,19,47,4.108500560047105,4.209327402990311,0.10082684294320643,6.474946238100529
32,4,19,48,4.209327402990311,4.311907011084259,0.10257960809394717,6.474946238100529
32,4,19,49,4.311907011084259,4.412509237998165,0.10060222691390663,6.474946238100529
32,4,19,50,4.412509237998165,4.515219224034809,0.10270998603664339,6.474946238100529
32,4,19,51,4.515219224034809,4.615261866012588,0.10004264197777957,6.474946238100529
32,4,19,52,4.615261866012588,4.717047740006819,0.10178587399423122,6.474946238100529
32,4,19,53,4.717047740006819,4.8186832329956815,0.1016354929888621,6.474946238100529
32,4,19,54,4.8186832329956815,4.925466764019802,0.10678353102412075,6.474946238100529
32,4,19,55,4.925466764019802,5.028154703089967,0.10268793907016516,6.474946238100529
32,4,19,56,5.028154703089967,5.132960667018779,0.10480596392881125,6.474946238100529
32,4,19,57,5.132960667018779,5.2337687270483,0.10080806002952158,6.474946238100529
32,4,19,58,5.2337687270483,5.3381817830959335,0.10441305604763329,6.474946238100529
32,4,19,59,5.3381817830959335,5.439698017085902,0.1015162339899689,6.474946238100529
32,4,19,60,5.439698017085902,5.544746119063348,0.10504810197744519,6.474946238100529
32,4,19,61,5.544746119063348,5.645954501000233,0.10120838193688542,6.474946238100529
32,4,19,62,5.645954501000233,5.755483538028784,0.1095290370285511,6.474946238100529
32,4,19,63,5.755483538028784,5.871912763104774,0.11642922507598996,6.474946238100529
32,4,19,64,5.871912763104774,5.995516226044856,0.12360346294008195,6.474946238100529
32,4,19,65,5.995516226044856,6.12397201708518,0.12845579104032367,6.474946238100529
32,4,19,66,6.12397201708518,6.256969381007366,0.1329973639221862,6.474946238100529
32,4,19,67,6.256969381007366,6.3962100320495665,0.13924065104220062,6.474946238100529
32,4,19,68,6.3962100320495665,6.475359437055886,0.07914940500631928,6.474946238100529
32,4,20,1,0.308099061017856,0.40509714710060507,0.09699808608274907,6.474946238100529
32,4,20,2,0.40509714710060507,0.4979105700040236,0.09281342290341854,6.474946238100529
32,4,20,3,0.4979105700040236,0.5956542700296268,0.09774370002560318,6.474946238100529
32,4,20,4,0.5956542700296268,0.6899321400560439,0.09427787002641708,6.474946238100529
32,4,20,5,0.6899321400560439,0.7864513790700585,0.0965192390140146,6.474946238100529
32,4,20,6,0.7864513790700585,0.8869232200086117,0.10047184093855321,6.474946238100529
32,4,20,7,0.8869232200086117,0.9917969750240445,0.10487375501543283,6.474946238100529
32,4,20,8,0.9917969750240445,1.0935866190120578,0.10178964398801327,6.474946238100529
32,4,20,9,1.0935866190120578,1.1933619350893423,0.09977531607728451,6.474946238100529
32,4,20,10,1.1933619350893423,1.290137083036825,0.09677514794748276,6.474946238100529
32,4,20,11,1.290137083036825,1.3887245450168848,0.09858746198005974,6.474946238100529
32,4,20,12,1.3887245450168848,1.4862804020522162,0.09755585703533143,6.474946238100529
32,4,20,13,1.4862804020522162,1.5834614740451798,0.09718107199296355,6.474946238100529
32,4,20,14,1.5834614740451798,1.679311647079885,0.09585017303470522,6.474946238100529
32,4,20,15,1.679311647079885,1.7797478770371526,0.10043622995726764,6.474946238100529
32,4,20,16,1.7797478770371526,1.8808033900568262,0.10105551301967353,6.474946238100529
32,4,20,17,1.8808033900568262,1.983935779077001,0.10313238902017474,6.474946238100529
32,4,20,18,1.983935779077001,2.085822826018557,0.10188704694155604,6.474946238100529
32,4,20,19,2.085822826018557,2.1865999860456213,0.10077716002706438,6.474946238100529
32,4,20,20,2.1865999860456213,2.2864789760205895,0.09987898997496814,6.474946238100529
32,4,20,21,2.2864789760205895,2.3874550540931523,0.10097607807256281,6.474946238100529
32,4,20,22,2.3874550540931523,2.4858550200005993,0.09839996590744704,6.474946238100529
32,4,20,23,2.4858550200005993,2.5843860619934276,0.09853104199282825,6.474946238100529
32,4,20,24,2.5843860619934276,2.6826953920535743,0.09830933006014675,6.474946238100529
32,4,20,25,2.6826953920535743,2.7836139420978725,0.10091855004429817,6.474946238100529
32,4,20,26,2.7836139420978725,2.8862236890709028,0.10260974697303027,6.474946238100529
32,4,20,27,2.8862236890709028,2.9901840290986,0.10396034002769738,6.474946238100529
32,4,20,28,2.9901840290986,3.0935868590604514,0.10340282996185124,6.474946238100529
32,4,20,29,3.0935868590604514,3.193610107060522,0.10002324800007045,6.474946238100529
32,4,20,30,3.193610107060522,3.2960003340849653,0.10239022702444345,6.474946238100529
32,4,20,31,3.2960003340849653,3.39658096304629,0.10058062896132469,6.474946238100529
32,4,20,32,3.39658096304629,3.4963055989937857,0.0997246359474957,6.474946238100529
32,4,20,33,3.4963055989937857,3.596469655050896,0.10016405605711043,6.474946238100529
32,4,20,34,3.596469655050896,3.697292583063245,0.10082292801234871,6.474946238100529
32,4,20,35,3.697292583063245,3.798291606013663,0.1009990229504183,6.474946238100529
32,4,20,36,3.798291606013663,3.9029153450392187,0.10462373902555555,6.474946238100529
32,4,20,37,3.9029153450392187,4.00643575610593,0.10352041106671095,6.474946238100529
32,4,20,38,4.00643575610593,4.1096479130210355,0.10321215691510588,6.474946238100529
32,4,20,39,4.1096479130210355,4.210228558047675,0.1005806450266391,6.474946238100529
32,4,20,40,4.210228558047675,4.313086100039072,0.10285754199139774,6.474946238100529
32,4,20,41,4.313086100039072,4.4135014560306445,0.10041535599157214,6.474946238100529
32,4,20,42,4.4135014560306445,4.516486879088916,0.10298542305827141,6.474946238100529
32,4,20,43,4.516486879088916,4.616189485997893,0.09970260690897703,6.474946238100529
32,4,20,44,4.616189485997893,4.718253473052755,0.10206398705486208,6.474946238100529
32,4,20,45,4.718253473052755,4.81969569704961,0.10144222399685532,6.474946238100529
32,4,20,46,4.81969569704961,4.926808858057484,0.10711316100787371,6.474946238100529
32,4,20,47,4.926808858057484,5.029353948077187,0.10254509001970291,6.474946238100529
32,4,20,48,5.029353948077187,5.1342781480634585,0.10492419998627156,6.474946238100529
32,4,20,49,5.1342781480634585,5.234889927087352,0.10061177902389318,6.474946238100529
32,4,20,50,5.234889927087352,5.339585965033621,0.10469603794626892,6.474946238100529
32,4,20,51,5.339585965033621,5.440881299087778,0.10129533405415714,6.474946238100529
32,4,20,52,5.440881299087778,5.545893870992586,0.10501257190480828,6.474946238100529
32,4,20,53,5.545893870992586,5.647068744059652,0.10117487306706607,6.474946238100529
32,4,20,54,5.647068744059652,5.756647162023,0.10957841796334833,6.474946238100529
32,4,20,55,5.756647162023,5.873014675104059,0.11636751308105886,6.474946238100529
32,4,20,56,5.873014675104059,5.996513567049988,0.12349889194592834,6.474946238100529
32,4,20,57,5.996513567049988,6.125141059048474,0.12862749199848622,6.474946238100529
32,4,20,58,6.125141059048474,6.258165117003955,0.1330240579554811,6.474946238100529
32,4,20,59,6.258165117003955,6.397302696015686,0.13913757901173085,6.474946238100529
32,4,20,60,6.397302696015686,6.476350194076076,0.07904749806039035,6.474946238100529
32,4,21,1,2.0856235490646213,2.186451661051251,0.10082811198662966,6.474946238100529
32,4,21,2,2.186451661051251,2.286329963011667,0.09987830196041614,6.474946238100529
32,4,21,3,2.286329963011667,2.387299833004363,0.10096986999269575,6.474946238100529
32,4,21,4,2.387299833004363,2.4857103830436245,0.09841055003926158,6.474946238100529
32,4,21,5,2.4857103830436245,2.584243181045167,0.09853279800154269,6.474946238100529
32,4,21,6,2.584243181045167,2.682543669012375,0.09830048796720803,6.474946238100529
32,4,21,7,2.682543669012375,2.7834758860990405,0.10093221708666533,6.474946238100529
32,4,21,8,2.7834758860990405,2.8857083480106667,0.10223246191162616,6.474946238100529
32,4,21,9,2.8857083480106667,2.9897108600707725,0.1040025120601058,6.474946238100529
32,4,21,10,2.9897108600707725,3.092780348029919,0.1030694879591465,6.474946238100529
32,4,21,11,3.092780348029919,3.1930106470827013,0.10023029905278236,6.474946238100529
32,4,21,12,3.1930106470827013,3.2951215060893446,0.1021108590066433,6.474946238100529
32,4,21,13,3.2951215060893446,3.3959036640590057,0.10078215796966106,6.474946238100529
32,4,21,14,3.3959036640590057,3.4953970030182973,0.09949333895929158,6.474946238100529
32,4,21,15,3.4953970030182973,3.5958389340667054,0.10044193104840815,6.474946238100529
32,4,21,16,3.5958389340667054,3.696625871001743,0.10078693693503737,6.474946238100529
32,4,21,17,3.696625871001743,3.79768147401046,0.1010556030087173,6.474946238100529
32,4,21,18,3.79768147401046,3.902181414072402,0.10449994006194174,6.474946238100529
32,4,21,19,3.902181414072402,4.005750708049163,0.1035692939767614,6.474946238100529
32,4,21,20,4.005750708049163,4.108612656011246,0.10286194796208292,6.474946238100529
32,4,21,21,4.108612656011246,4.209442162071355,0.10082950606010854,6.474946238100529
32,4,21,22,4.209442162071355,4.312017590040341,0.10257542796898633,6.474946238100529
32,4,21,23,4.312017590040341,4.412622414994985,0.10060482495464385,6.474946238100529
32,4,21,24,4.412622414994985,4.515332484035753,0.10271006904076785,6.474946238100529
32,4,21,25,4.515332484035753,4.615375132067129,0.1000426480313763,6.474946238100529
32,4,21,26,4.615375132067129,4.717447635019198,0.10207250295206904,6.474946238100529
32,4,21,27,4.717447635019198,4.81887465401087,0.1014270189916715,6.474946238100529
32,4,21,28,4.81887465401087,4.925635432009585,0.10676077799871564,6.474946238100529
32,4,21,29,4.925635432009585,5.028469855082221,0.10283442307263613,6.474946238100529
32,4,21,30,5.028469855082221,5.133121018996462,0.1046511639142409,6.474946238100529
32,4,21,31,5.133121018996462,5.23392408201471,0.10080306301824749,6.474946238100529
32,4,21,32,5.23392408201471,5.338338743080385,0.10441466106567532,6.474946238100529
32,4,21,33,5.338338743080385,5.439853091025725,0.10151434794533998,6.474946238100529
32,4,21,34,5.439853091025725,5.544900320004672,0.1050472289789468,6.474946238100529
32,4,21,35,5.544900320004672,5.646105439052917,0.10120511904824525,6.474946238100529
32,4,21,36,5.646105439052917,5.755777494050562,0.10967205499764532,6.474946238100529
32,4,21,37,5.755777494050562,5.872064816066995,0.11628732201643288,6.474946238100529
32,4,21,38,5.872064816066995,5.995666325092316,0.12360150902532041,6.474946238100529
32,4,21,39,5.995666325092316,6.124120920081623,0.12845459498930722,6.474946238100529
32,4,21,40,6.124120920081623,6.2571247960440814,0.13300387596245855,6.474946238100529
32,4,21,41,6.2571247960440814,6.396357307094149,0.13923251105006784,6.474946238100529
32,4,21,42,6.396357307094149,6.475504243047908,0.07914693595375866,6.474946238100529
32,4,22,1,0.4975714690517634,0.5952989620855078,0.0977274930337444,6.474946238100529
32,4,22,2,0.5952989620855078,0.6892891810275614,0.09399021894205362,6.474946238100529
32,4,22,3,0.6892891810275614,0.7860389300622046,0.09674974903464317,6.474946238100529
32,4,22,4,0.7860389300622046,0.886603367049247,0.10056443698704243,6.474946238100529
32,4,22,5,0.886603367049247,0.99146755610127,0.104864189052023,6.474946238100529
32,4,22,6,0.99146755610127,1.0929656140506268,0.10149805794935673,6.474946238100529
32,4,22,7,1.0929656140506268,1.1929400491062552,0.09997443505562842,6.474946238100529
32,4,22,8,1.1929400491062552,1.289508783025667,0.0965687339194119,6.474946238100529
32,4,22,9,1.289508783025667,1.3882987450342625,0.09878996200859547,6.474946238100529
32,4,22,10,1.3882987450342625,1.4855698141036555,0.09727106906939298,6.474946238100529
32,4,22,11,1.4855698141036555,1.5829529110342264,0.0973830969305709,6.474946238100529
32,4,22,12,1.5829529110342264,1.6784801000030711,0.09552718896884471,6.474946238100529
32,4,22,13,1.6784801000030711,1.7791768891038373,0.10069678910076618,6.474946238100529
32,4,22,14,1.7791768891038373,1.8799568980466574,0.10078000894282013,6.474946238100529
32,4,22,15,1.8799568980466574,1.983337649027817,0.10338075098115951,6.474946238100529
32,4,22,16,1.983337649027817,2.084878283087164,0.10154063405934721,6.474946238100529
32,4,22,17,2.084878283087164,2.1859466820023954,0.10106839891523123,6.474946238100529
32,4,22,18,2.1859466820023954,2.2858687760308385,0.0999220940284431,6.474946238100529
32,4,22,19,2.2858687760308385,2.3868384580127895,0.100969681981951,6.474946238100529
32,4,22,20,2.3868384580127895,2.4852338490309194,0.09839539101812989,6.474946238100529
32,4,22,21,2.4852338490309194,2.5837753009982407,0.09854145196732134,6.474946238100529
32,4,22,22,2.5837753009982407,2.6816959410207346,0.0979206400224939,6.474946238100529
32,4,22,23,2.6816959410207346,2.782841766020283,0.1011458249995485,6.474946238100529
32,4,22,24,2.782841766020283,2.88592812709976,0.10308636107947677,6.474946238100529
32,4,22,25,2.88592812709976,2.989874847000465,0.10394671990070492,6.474946238100529
32,4,22,26,2.989874847000465,3.092929285019636,0.10305443801917136,6.474946238100529
32,4,22,27,3.092929285019636,3.193164022057317,0.10023473703768104,6.474946238100529
32,4,22,28,3.193164022057317,3.295580456033349,0.10241643397603184,6.474946238100529
32,4,22,29,3.295580456033349,3.3962221640395,0.10064170800615102,6.474946238100529
32,4,22,30,3.3962221640395,3.495887961005792,0.09966579696629196,6.474946238100529
32,4,22,31,3.495887961005792,3.5961157890269533,0.10022782802116126,6.474946238100529
32,4,22,32,3.5961157890269533,3.6968744080513716,0.1007586190244183,6.474946238100529
32,4,22,33,3.6968744080513716,3.7979154570493847,0.10104104899801314,6.474946238100529
32,4,22,34,3.7979154570493847,3.9025533660314977,0.104637908982113,6.474946238100529
32,4,22,35,3.9025533660314977,4.0060976730892435,0.10354430705774575,6.474946238100529
32,4,22,36,4.0060976730892435,4.108982318080962,0.10288464499171823,6.474946238100529
32,4,22,37,4.108982318080962,4.209803531062789,0.10082121298182756,6.474946238100529
32,4,22,38,4.209803531062789,4.312280227080919,0.10247669601812959,6.474946238100529
32,4,22,39,4.312280227080919,4.412995195016265,0.10071496793534607,6.474946238100529
32,4,22,40,4.412995195016265,4.515740352100693,0.10274515708442777,6.474946238100529
32,4,22,41,4.515740352100693,4.615645842044614,0.09990548994392157,6.474946238100529
32,4,22,42,4.615645842044614,4.717689242097549,0.10204340005293489,6.474946238100529
32,4,22,43,4.717689242097549,4.819130749092437,0.10144150699488819,6.474946238100529
32,4,22,44,4.819130749092437,4.925897089065984,0.10676633997354656,6.474946238100529
32,4,22,45,4.925897089065984,5.028737753047608,0.10284066398162395,6.474946238100529
32,4,22,46,5.028737753047608,5.133370707044378,0.10463295399677008,6.474946238100529
32,4,22,47,5.133370707044378,5.234173189033754,0.10080248198937625,6.474946238100529
32,4,22,48,5.234173189033754,5.338598777074367,0.10442558804061264,6.474946238100529
32,4,22,49,5.338598777074367,5.44022861099802,0.10162983392365277,6.474946238100529
32,4,22,50,5.44022861099802,5.545140561996959,0.10491195099893957,6.474946238100529
32,4,22,51,5.545140561996959,5.646335507044569,0.10119494504760951,6.474946238100529
32,4,22,52,5.646335507044569,5.75602458009962,0.10968907305505127,6.474946238100529
32,4,22,53,5.75602458009962,5.872312216088176,0.11628763598855585,6.474946238100529
32,4,22,54,5.872312216088176,5.995901048998348,0.12358883291017264,6.474946238100529
32,4,22,55,5.995901048998348,6.124365288997069,0.1284642399987206,6.474946238100529
32,4,22,56,6.124365288997069,6.257530229049735,0.13316494005266577,6.474946238100529
32,4,22,57,6.257530229049735,6.396596428006887,0.13906619895715266,6.474946238100529
32,4,22,58,6.396596428006887,6.475733044091612,0.07913661608472466,6.474946238100529
32,4,23,1,2.286754372064024,2.387531317071989,0.10077694500796497,6.474946238100529
32,4,23,2,2.387531317071989,2.4859037530841306,0.0983724360121414,6.474946238100529
32,4,23,3,2.4859037530841306,2.5844447180861607,0.09854096500203013,6.474946238100529
32,4,23,4,2.5844447180861607,2.6827459241030738,0.09830120601691306,6.474946238100529
32,4,23,5,2.6827459241030738,2.7836572660598904,0.10091134195681661,6.474946238100529
32,4,23,6,2.7836572660598904,2.886743130045943,0.10308586398605257,6.474946238100529
32,4,23,7,2.886743130045943,2.990520945051685,0.10377781500574201,6.474946238100529
32,4,23,8,2.990520945051685,3.0938739090925083,0.10335296404082328,6.474946238100529
32,4,23,9,3.0938739090925083,3.1939092270331457,0.10003531794063747,6.474946238100529
32,4,23,10,3.1939092270331457,3.2962874920340255,0.10237826500087976,6.474946238100529
32,4,23,11,3.2962874920340255,3.396867095027119,0.10057960299309343,6.474946238100529
32,4,23,12,3.396867095027119,3.4965958240209147,0.09972872899379581,6.474946238100529
32,4,23,13,3.4965958240209147,3.59680277609732,0.10020695207640529,6.474946238100529
32,4,23,14,3.59680277609732,3.6975810680305585,0.1007782919332385,6.474946238100529
32,4,23,15,3.6975810680305585,3.798571808030829,0.10099074000027031,6.474946238100529
32,4,23,16,3.798571808030829,3.903212629025802,0.10464082099497318,6.474946238100529
32,4,23,17,3.903212629025802,4.006713228067383,0.10350059904158115,6.474946238100529
32,4,23,18,4.006713228067383,4.109951189020649,0.10323796095326543,6.474946238100529
32,4,23,19,4.109951189020649,4.210527149029076,0.1005759600084275,6.474946238100529
32,4,23,20,4.210527149029076,4.313391245086677,0.10286409605760127,6.474946238100529
32,4,23,21,4.313391245086677,4.413813830004074,0.10042258491739631,6.474946238100529
32,4,23,22,4.413813830004074,4.516788643086329,0.10297481308225542,6.474946238100529
32,4,23,23,4.516788643086329,4.616545392083935,0.09975674899760634,6.474946238100529
32,4,23,24,4.616545392083935,4.718546989024617,0.10200159694068134,6.474946238100529
32,4,23,25,4.718546989024617,4.819982605054975,0.10143561603035778,6.474946238100529
32,4,23,26,4.819982605054975,4.927112057106569,0.10712945205159485,6.474946238100529
32,4,23,27,4.927112057106569,5.0296705710934475,0.1025585139868781,6.474946238100529
32,4,23,28,5.0296705710934475,5.134567782049999,0.10489721095655113,6.474946238100529
32,4,23,29,5.134567782049999,5.235173701075837,0.10060591902583838,6.474946238100529
32,4,23,30,5.235173701075837,5.339870434021577,0.10469673294574022,6.474946238100529
32,4,23,31,5.339870434021577,5.4411617839941755,0.10129134997259825,6.474946238100529
32,4,23,32,5.4411617839941755,5.54617084201891,0.10500905802473426,6.474946238100529
32,4,23,33,5.54617084201891,5.647351977066137,0.10118113504722714,6.474946238100529
32,4,23,34,5.647351977066137,5.756923646084033,0.10957166901789606,6.474946238100529
32,4,23,35,5.756923646084033,5.8732774840900674,0.1163538380060345,6.474946238100529
32,4,23,36,5.8732774840900674,5.996817305102013,0.1235398210119456,6.474946238100529
32,4,23,37,5.996817305102013,6.125431769993156,0.12861446489114314,6.474946238100529
32,4,23,38,6.125431769993156,6.258447214029729,0.13301544403657317,6.474946238100529
32,4,23,39,6.258447214029729,6.397587453015149,0.13914023898541927,6.474946238100529
32,4,23,40,6.397587453015149,6.476699377060868,0.0791119240457192,6.474946238100529
32,4,24,1,1.2897870790911838,1.3883807940874249,0.09859371499624103,6.474946238100529
32,4,24,2,1.3883807940874249,1.485632547060959,0.09725175297353417,6.474946238100529
32,4,24,3,1.485632547060959,1.5830121150938794,0.09737956803292036,6.474946238100529
32,4,24,4,1.5830121150938794,1.6785472790943459,0.09553516400046647,6.474946238100529
32,4,24,5,1.6785472790943459,1.7792399490717798,0.10069266997743398,6.474946238100529
32,4,24,6,1.7792399490717798,1.880015984061174,0.10077603498939425,6.474946238100529
32,4,24,7,1.880015984061174,1.9833989300532266,0.10338294599205256,6.474946238100529
32,4,24,8,1.9833989300532266,2.08494462701492,0.10154569696169347,6.474946238100529
32,4,24,9,2.08494462701492,2.1860066070221364,0.10106198000721633,6.474946238100529
32,4,24,10,2.1860066070221364,2.2859281100099906,0.09992150298785418,6.474946238100529
32,4,24,11,2.2859281100099906,2.3868983740685508,0.10097026405856013,6.474946238100529
32,4,24,12,2.3868983740685508,2.4852959600975737,0.09839758602902293,6.474946238100529
32,4,24,13,2.4852959600975737,2.5838366850512102,0.09854072495363653,6.474946238100529
32,4,24,14,2.5838366850512102,2.681760050007142,0.0979233649559319,6.474946238100529
32,4,24,15,2.681760050007142,2.7829084440600127,0.10114839405287057,6.474946238100529
32,4,24,16,2.7829084440600127,2.8865513710770756,0.1036429270170629,6.474946238100529
32,4,24,17,2.8865513710770756,2.9903160920366645,0.10376472095958889,6.474946238100529
32,4,24,18,2.9903160920366645,3.093685850035399,0.10336975799873471,6.474946238100529
32,4,24,19,3.093685850035399,3.193712205043994,0.10002635500859469,6.474946238100529
32,4,24,20,3.193712205043994,3.2960987130645663,0.10238650802057236,6.474946238100529
32,4,24,21,3.2960987130645663,3.396677559008822,0.10057884594425559,6.474946238100529
32,4,24,22,3.396677559008822,3.496402407065034,0.09972484805621207,6.474946238100529
32,4,24,23,3.496402407065034,3.5966137970099226,0.10021138994488865,6.474946238100529
32,4,24,24,3.5966137970099226,3.6973877190612257,0.10077392205130309,6.474946238100529
32,4,24,25,3.6973877190612257,3.7983836180064827,0.10099589894525707,6.474946238100529
32,4,24,26,3.7983836180064827,3.903014390030876,0.10463077202439308,6.474946238100529
32,4,24,27,3.903014390030876,4.006527193007059,0.1035128029761836,6.474946238100529
32,4,24,28,4.006527193007059,4.109748810064048,0.10322161705698818,6.474946238100529
32,4,24,29,4.109748810064048,4.210326192085631,0.10057738202158362,6.474946238100529
32,4,24,30,4.210326192085631,4.313188069034368,0.10286187694873661,6.474946238100529
32,4,24,31,4.313188069034368,4.413610467105173,0.10042239807080477,6.474946238100529
32,4,24,32,4.413610467105173,4.51658854901325,0.102978081908077,6.474946238100529
32,4,24,33,4.51658854901325,4.61629322799854,0.09970467898529023,6.474946238100529
32,4,24,34,4.61629322799854,4.718352671014145,0.10205944301560521,6.474946238100529
32,4,24,35,4.718352671014145,4.8197969070170075,0.10144423600286245,6.474946238100529
32,4,24,36,4.8197969070170075,4.926908684079535,0.10711177706252784,6.474946238100529
32,4,24,37,4.926908684079535,5.029462657053955,0.1025539729744196,6.474946238100529
32,4,24,38,5.029462657053955,5.134373464039527,0.10491080698557198,6.474946238100529
32,4,24,39,5.134373464039527,5.234985453076661,0.10061198903713375,6.474946238100529
32,4,24,40,5.234985453076661,5.339681408018805,0.10469595494214445,6.474946238100529
32,4,24,41,5.339681408018805,5.440975066041574,0.1012936580227688,6.474946238100529
32,4,24,42,5.440975066041574,5.5459890140919015,0.1050139480503276,6.474946238100529
32,4,24,43,5.5459890140919015,5.647163684014231,0.10117466992232949,6.474946238100529
32,4,24,44,5.647163684014231,5.7567392700584605,0.10957558604422957,6.474946238100529
32,4,24,45,5.7567392700584605,5.873103010002524,0.11636373994406313,6.474946238100529
32,4,24,46,5.873103010002524,5.996602975996211,0.12349996599368751,6.474946238100529
32,4,24,47,5.996602975996211,6.125239300075918,0.12863632407970726,6.474946238100529
32,4,24,48,6.125239300075918,6.258257643086836,0.1330183430109173,6.474946238100529
32,4,24,49,6.258257643086836,6.397394582047127,0.13913693896029145,6.474946238100529
32,4,24,50,6.397394582047127,6.476453044102527,0.07905846205540001,6.474946238100529
32,4,25,1,4.3126247870968655,4.413124546059407,0.10049975896254182,6.474946238100529
32,4,25,2,4.413124546059407,4.515842060092837,0.10271751403342932,6.474946238100529
32,4,25,3,4.515842060092837,4.615749712102115,0.09990765200927854,6.474946238100529
32,4,25,4,4.615749712102115,4.717784786014818,0.1020350739127025,6.474946238100529
32,4,25,5,4.717784786014818,4.819229196058586,0.10144441004376858,6.474946238100529
32,4,25,6,4.819229196058586,4.926000926061533,0.10677173000294715,6.474946238100529
32,4,25,7,4.926000926061533,5.028842985047959,0.1028420589864254,6.474946238100529
32,4,25,8,5.028842985047959,5.133482353994623,0.10463936894666404,6.474946238100529
32,4,25,9,5.133482353994623,5.234270893037319,0.10078853904269636,6.474946238100529
32,4,25,10,5.234270893037319,5.338698773062788,0.10442788002546877,6.474946238100529
32,4,25,11,5.338698773062788,5.440325226052664,0.10162645298987627,6.474946238100529
32,4,25,12,5.440325226052664,5.545234471093863,0.10490924504119903,6.474946238100529
32,4,25,13,5.545234471093863,5.6464373000198975,0.10120282892603427,6.474946238100529
32,4,25,14,5.6464373000198975,5.756122888997197,0.10968558897729963,6.474946238100529
32,4,25,15,5.756122888997197,5.87240911507979,0.1162862260825932,6.474946238100529
32,4,25,16,5.87240911507979,5.995996356010437,0.12358724093064666,6.474946238100529
32,4,25,17,5.995996356010437,6.124472570023499,0.12847621401306242,6.474946238100529
32,4,25,18,6.124472570023499,6.257627880084328,0.13315531006082892,6.474946238100529
32,4,25,19,6.257627880084328,6.396688039065339,0.13906015898101032,6.474946238100529
32,4,25,20,6.396688039065339,6.475828297086991,0.0791402580216527,6.474946238100529
32,4,26,1,1.880555701092817,1.9837395240319893,0.10318382293917239,6.474946238100529
32,4,26,2,1.9837395240319893,2.08527556899935,0.1015360449673608,6.474946238100529
32,4,26,3,2.08527556899935,2.1863145020324737,0.10103893303312361,6.474946238100529
32,4,26,4,2.1863145020324737,2.286233118036762,0.0999186160042882,6.474946238100529
32,4,26,5,2.286233118036762,2.3872021191054955,0.10096900106873363,6.474946238100529
32,4,26,6,2.3872021191054955,2.4856139650801197,0.09841184597462416,6.474946238100529
32,4,26,7,2.4856139650801197,2.5841446520062163,0.09853068692609668,6.474946238100529
32,4,26,8,2.5841446520062163,2.682373283081688,0.09822863107547164,6.474946238100529
32,4,26,9,2.682373283081688,2.7833760459907353,0.1010027629090473,6.474946238100529
32,4,26,10,2.7833760459907353,2.8856558681000024,0.10227982210926712,6.474946238100529
32,4,26,11,2.8856558681000024,2.9896563490619883,0.10400048096198589,6.474946238100529
32,4,26,12,2.9896563490619883,3.0927285570651293,0.10307220800314099,6.474946238100529
32,4,26,13,3.0927285570651293,3.1929577300325036,0.10022917296737432,6.474946238100529
32,4,26,14,3.1929577300325036,3.2950701630907133,0.10211243305820972,6.474946238100529
32,4,26,15,3.2950701630907133,3.3958470170618966,0.1007768539711833,6.474946238100529
32,4,26,16,3.3958470170618966,3.4953482870478183,0.09950126998592168,6.474946238100529
32,4,26,17,3.4953482870478183,3.595787702011876,0.1004394149640575,6.474946238100529
32,4,26,18,3.595787702011876,3.696575934998691,0.10078823298681527,6.474946238100529
32,4,26,19,3.696575934998691,3.7976340650347993,0.1010581300361082,6.474946238100529
32,4,26,20,3.7976340650347993,3.9021278870059177,0.10449382197111845,6.474946238100529
32,4,26,21,3.9021278870059177,4.005701321060769,0.10357343405485153,6.474946238100529
32,4,26,22,4.005701321060769,4.108559824060649,0.10285850299987942,6.474946238100529
32,4,26,23,4.108559824060649,4.209382189088501,0.10082236502785236,6.474946238100529
32,4,26,24,4.209382189088501,4.311962507083081,0.10258031799457967,6.474946238100529
32,4,26,25,4.311962507083081,4.41256741003599,0.10060490295290947,6.474946238100529
32,4,26,26,4.41256741003599,4.515278086066246,0.10271067603025585,6.474946238100529
32,4,26,27,4.515278086066246,4.615320256096311,0.10004217003006488,6.474946238100529
32,4,26,28,4.615320256096311,4.717383971088566,0.10206371499225497,6.474946238100529
32,4,26,29,4.717383971088566,4.818823446054012,0.1014394749654457,6.474946238100529
32,4,26,30,4.818823446054012,4.925582119030878,0.10675867297686636,6.474946238100529
32,4,26,31,4.925582119030878,5.028270445996895,0.10268832696601748,6.474946238100529
32,4,26,32,5.028270445996895,5.133069331059232,0.10479888506233692,6.474946238100529
32,4,26,33,5.133069331059232,5.233874825993553,0.10080549493432045,6.474946238100529
32,4,26,34,5.233874825993553,5.338289173087105,0.10441434709355235,6.474946238100529
32,4,26,35,5.338289173087105,5.439805092057213,0.10151591897010803,6.474946238100529
32,4,26,36,5.439805092057213,5.54484957200475,0.10504447994753718,6.474946238100529
32,4,26,37,5.54484957200475,5.64605828106869,0.10120870906393975,6.474946238100529
32,4,26,38,5.64605828106869,5.755585145088844,0.10952686402015388,6.474946238100529
32,4,26,39,5.755585145088844,5.872015243046917,0.11643009795807302,6.474946238100529
32,4,26,40,5.872015243046917,5.995617624022998,0.1236023809760809,6.474946238100529
32,4,26,41,5.995617624022998,6.124072278034873,0.1284546540118754,6.474946238100529
32,4,26,42,6.124072278034873,6.257075067027472,0.13300278899259865,6.474946238100529
32,4,26,43,6.257075067027472,6.396311542019248,0.13923647499177605,6.474946238100529
32,4,26,44,6.396311542019248,6.4754591030068696,0.07914756098762155,6.474946238100529
32,4,27,1,1.4861771611031145,1.5833487840136513,0.09717162291053683,6.474946238100529
32,4,27,2,1.5833487840136513,1.6792094300035387,0.09586064598988742,6.474946238100529
32,4,27,3,1.6792094300035387,1.7796509329928085,0.10044150298926979,6.474946238100529
32,4,27,4,1.7796509329928085,1.8806667299941182,0.10101579700130969,6.474946238100529
32,4,27,5,1.8806667299941182,1.9838408750947565,0.10317414510063827,6.474946238100529
32,4,27,6,1.9838408750947565,2.0856856290483847,0.10184475395362824,6.474946238100529
32,4,27,7,2.0856856290483847,2.186504546087235,0.10081891703885049,6.474946238100529
32,4,27,8,2.186504546087235,2.2863771800184622,0.09987263393122703,6.474946238100529
32,4,27,9,2.2863771800184622,2.387348401010968,0.10097122099250555,6.474946238100529
32,4,27,10,2.387348401010968,2.4857577841030434,0.09840938309207559,6.474946238100529
32,4,27,11,2.4857577841030434,2.584290827042423,0.09853304293937981,6.474946238100529
32,4,27,12,2.584290827042423,2.6825941720744595,0.0983033450320363,6.474946238100529
32,4,27,13,2.6825941720744595,2.783521087025292,0.10092691495083272,6.474946238100529
32,4,27,14,2.783521087025292,2.886695336084813,0.10317424905952066,6.474946238100529
32,4,27,15,2.886695336084813,2.9904718570178375,0.10377652093302459,6.474946238100529
32,4,27,16,2.9904718570178375,3.0938274960499257,0.10335563903208822,6.474946238100529
32,4,27,17,3.0938274960499257,3.1938603370217606,0.10003284097183496,6.474946238100529
32,4,27,18,3.1938603370217606,3.2962396300863475,0.10237929306458682,6.474946238100529
32,4,27,19,3.2962396300863475,3.3968206270365044,0.10058099695015699,6.474946238100529
32,4,27,20,3.3968206270365044,3.4965496180811897,0.09972899104468524,6.474946238100529
32,4,27,21,3.4965496180811897,3.5967554230010137,0.100205804919824,6.474946238100529
32,4,27,22,3.5967554230010137,3.6975342810619622,0.10077885806094855,6.474946238100529
32,4,27,23,3.6975342810619622,3.798525720019825,0.10099143895786256,6.474946238100529
32,4,27,24,3.798525720019825,3.9031629890669137,0.10463726904708892,6.474946238100529
32,4,27,25,3.9031629890669137,4.006667784997262,0.10350479593034834,6.474946238100529
32,4,27,26,4.006667784997262,4.10990210599266,0.10323432099539787,6.474946238100529
32,4,27,27,4.10990210599266,4.210478857043199,0.10057675105053931,6.474946238100529
32,4,27,28,4.210478857043199,4.3133412291063,0.10286237206310034,6.474946238100529
32,4,27,29,4.3133412291063,4.4137623340357095,0.10042110492940992,6.474946238100529
32,4,27,30,4.4137623340357095,4.516738747013733,0.10297641297802329,6.474946238100529
32,4,27,31,4.516738747013733,4.616494919057004,0.09975617204327136,6.474946238100529
32,4,27,32,4.616494919057004,4.718499212991446,0.1020042939344421,6.474946238100529
32,4,27,33,4.718499212991446,4.819937151041813,0.10143793805036694,6.474946238100529
32,4,27,34,4.819937151041813,4.927062460104935,0.10712530906312168,6.474946238100529
32,4,27,35,4.927062460104935,5.029617511085235,0.10255505098029971,6.474946238100529
32,4,27,36,5.029617511085235,5.134520546067506,0.10490303498227149,6.474946238100529
32,4,27,37,5.134520546067506,5.235127066029236,0.10060651996172965,6.474946238100529
32,4,27,38,5.235127066029236,5.33982181805186,0.10469475202262402,6.474946238100529
32,4,27,39,5.33982181805186,5.441115602036007,0.10129378398414701,6.474946238100529
32,4,27,40,5.441115602036007,5.546123830019496,0.10500822798348963,6.474946238100529
32,4,27,41,5.546123830019496,5.647305138059892,0.10118130804039538,6.474946238100529
32,4,27,42,5.647305138059892,5.7568774910178035,0.10957235295791179,6.474946238100529
32,4,27,43,5.7568774910178035,5.873233262100257,0.11635577108245343,6.474946238100529
32,4,27,44,5.873233262100257,5.996772425016388,0.12353916291613132,6.474946238100529
32,4,27,45,5.996772425016388,6.125380562036298,0.12860813701990992,6.474946238100529
32,4,27,46,6.125380562036298,6.258393353084102,0.13301279104780406,6.474946238100529
32,4,27,47,6.258393353084102,6.397542278049514,0.13914892496541142,6.474946238100529
32,4,27,48,6.397542278049514,6.476652630022727,0.07911035197321326,6.474946238100529
32,4,28,1,2.886495372047648,2.9902621840592474,0.10376681201159954,6.474946238100529
32,4,28,2,2.9902621840592474,3.0936366310343146,0.10337444697506726,6.474946238100529
32,4,28,3,3.0936366310343146,3.1936619631014764,0.1000253320671618,6.474946238100529
32,4,28,4,3.1936619631014764,3.2960495800944045,0.10238761699292809,6.474946238100529
32,4,28,5,3.2960495800944045,3.3966288150986657,0.10057923500426114,6.474946238100529
32,4,28,6,3.3966288150986657,3.496353920083493,0.09972510498482734,6.474946238100529
32,4,28,7,3.496353920083493,3.5965623090742156,0.1002083889907226,6.474946238100529
32,4,28,8,3.5965623090742156,3.6973407770274207,0.10077846795320511,6.474946238100529
32,4,28,9,3.6973407770274207,3.798338227090426,0.10099745006300509,6.474946238100529
32,4,28,10,3.798338227090426,3.902966013061814,0.10462778597138822,6.474946238100529
32,4,28,11,3.902966013061814,4.006481780088507,0.10351576702669263,6.474946238100529
32,4,28,12,4.006481780088507,4.109698190004565,0.10321640991605818,6.474946238100529
32,4,28,13,4.109698190004565,4.2102777720429,0.1005795820383355,6.474946238100529
32,4,28,14,4.2102777720429,4.313136832090095,0.10285906004719436,6.474946238100529
32,4,28,15,4.313136832090095,4.413558458094485,0.10042162600439042,6.474946238100529
32,4,28,16,4.413558458094485,4.516538082039915,0.10297962394542992,6.474946238100529
32,4,28,17,4.516538082039915,4.616239952039905,0.09970186999998987,6.474946238100529
32,4,28,18,4.616239952039905,4.718304473091848,0.1020645210519433,6.474946238100529
32,4,28,19,4.718304473091848,4.819748619105667,0.10144414601381868,6.474946238100529
32,4,28,20,4.819748619105667,4.926858327002265,0.10710970789659768,6.474946238100529
32,4,28,21,4.926858327002265,5.0294056120328605,0.10254728503059596,6.474946238100529
32,4,28,22,5.0294056120328605,5.134325868100859,0.10492025606799871,6.474946238100529
32,4,28,23,5.134325868100859,5.23493799904827,0.10061213094741106,6.474946238100529
32,4,28,24,5.23493799904827,5.3396338620223105,0.10469586297404021,6.474946238100529
32,4,28,25,5.3396338620223105,5.440929577103816,0.10129571508150548,6.474946238100529
32,4,28,26,5.440929577103816,5.545942003023811,0.10501242591999471,6.474946238100529
32,4,28,27,5.545942003023811,5.647116909036413,0.10117490601260215,6.474946238100529
32,4,28,28,5.647116909036413,5.756693656090647,0.10957674705423415,6.474946238100529
32,4,28,29,5.756693656090647,5.873058510012925,0.11636485392227769,6.474946238100529
32,4,28,30,5.873058510012925,5.996558117098175,0.12349960708525032,6.474946238100529
32,4,28,31,5.996558117098175,6.125190777005628,0.12863265990745276,6.474946238100529
32,4,28,32,6.125190777005628,6.258210956002586,0.13302017899695784,6.474946238100529
32,4,28,33,6.258210956002586,6.397347669000737,0.13913671299815178,6.474946238100529
32,4,28,34,6.397347669000737,6.4763964840676636,0.07904881506692618,6.474946238100529
32,4,29,1,3.696350855054334,3.7974390940507874,0.10108823899645358,6.474946238100529
32,4,29,2,3.7974390940507874,3.9018421600339934,0.10440306598320603,6.474946238100529
32,4,29,3,3.9018421600339934,4.005425092997029,0.103582932963036,6.474946238100529
32,4,29,4,4.005425092997029,4.1082376160193235,0.10281252302229404,6.474946238100529
32,4,29,5,4.1082376160193235,4.209086989052594,0.10084937303327024,6.474946238100529
32,4,29,6,4.209086989052594,4.311750080087222,0.10266309103462845,6.474946238100529
32,4,29,7,4.311750080087222,4.4122618570690975,0.1005117769818753,6.474946238100529
32,4,29,8,4.4122618570690975,4.514976769103669,0.10271491203457117,6.474946238100529
32,4,29,9,4.514976769103669,4.615106136072427,0.1001293669687584,6.474946238100529
32,4,29,10,4.615106136072427,4.716898803017102,0.10179266694467515,6.474946238100529
32,4,29,11,4.716898803017102,4.818513559992425,0.10161475697532296,6.474946238100529
32,4,29,12,4.818513559992425,4.925299890106544,0.10678633011411875,6.474946238100529
32,4,29,13,4.925299890106544,5.027899948065169,0.10260005795862526,6.474946238100529
32,4,29,14,5.027899948065169,5.132809808012098,0.10490985994692892,6.474946238100529
32,4,29,15,5.132809808012098,5.233619039063342,0.10080923105124384,6.474946238100529
32,4,29,16,5.233619039063342,5.338034613057971,0.10441557399462909,6.474946238100529
32,4,29,17,5.338034613057971,5.439461753005162,0.10142713994719088,6.474946238100529
32,4,29,18,5.439461753005162,5.544300948036835,0.10483919503167272,6.474946238100529
32,4,29,19,5.544300948036835,5.645727207069285,0.10142625903245062,6.474946238100529
32,4,29,20,5.645727207069285,5.755187225993723,0.10946001892443746,6.474946238100529
32,4,29,21,5.755187225993723,5.8717076000757515,0.11652037408202887,6.474946238100529
32,4,29,22,5.8717076000757515,5.995305875083432,0.12359827500768006,6.474946238100529
32,4,29,23,5.995305875083432,6.123768032062799,0.12846215697936714,6.474946238100529
32,4,29,24,6.123768032062799,6.256670358008705,0.13290232594590634,6.474946238100529
32,4,29,25,6.256670358008705,6.395991106051952,0.13932074804324657,6.474946238100529
32,4,29,26,6.395991106051952,6.47519942605868,0.07920832000672817,6.474946238100529
32,4,30,1,2.6821544840931892,2.783102909103036,0.10094842500984669,6.474946238100529
32,4,30,2,2.783102909103036,2.8854279411025345,0.1023250319994986,6.474946238100529
32,4,30,3,2.8854279411025345,2.9895007649902254,0.1040728238876909,6.474946238100529
32,4,30,4,2.9895007649902254,3.092578075011261,0.10307731002103537,6.474946238100529
32,4,30,5,3.092578075011261,3.192803407087922,0.10022533207666129,6.474946238100529
32,4,30,6,3.192803407087922,3.2949192780070007,0.10211587091907859,6.474946238100529
32,4,30,7,3.2949192780070007,3.395620958064683,0.1007016800576821,6.474946238100529
32,4,30,8,3.395620958064683,3.495203572092578,0.09958261402789503,6.474946238100529
32,4,30,9,3.495203572092578,3.5956398770213127,0.1004363049287349,6.474946238100529
32,4,30,10,3.5956398770213127,3.696461944025941,0.10082206700462848,6.474946238100529
32,4,30,11,3.696461944025941,3.797528682043776,0.10106673801783472,6.474946238100529
32,4,30,12,3.797528682043776,3.902005721000023,0.10447703895624727,6.474946238100529
32,4,30,13,3.902005721000023,4.005585040082224,0.10357931908220053,6.474946238100529
32,4,30,14,4.005585040082224,4.108427757048048,0.10284271696582437,6.474946238100529
32,4,30,15,4.108427757048048,4.209260169998743,0.10083241295069456,6.474946238100529
32,4,30,16,4.209260169998743,4.311843928066082,0.10258375806733966,6.474946238100529
32,4,30,17,4.311843928066082,4.412441380089149,0.10059745202306658,6.474946238100529
32,4,30,18,4.412441380089149,4.515150465071201,0.10270908498205245,6.474946238100529
32,4,30,19,4.515150465071201,4.615198009065352,0.10004754399415106,6.474946238100529
32,4,30,20,4.615198009065352,4.716988090076484,0.1017900810111314,6.474946238100529
32,4,30,21,4.716988090076484,4.818615097086877,0.10162700701039284,6.474946238100529
32,4,30,22,4.818615097086877,4.925393101992086,0.10677800490520895,6.474946238100529
32,4,30,23,4.925393101992086,5.028082151082344,0.10268904909025878,6.474946238100529
32,4,30,24,5.028082151082344,5.132899941992946,0.10481779091060162,6.474946238100529
32,4,30,25,5.132899941992946,5.233708785031922,0.10080884303897619,6.474946238100529
32,4,30,26,5.233708785031922,5.338122621062212,0.10441383603028953,6.474946238100529
32,4,30,27,5.338122621062212,5.4396350720198825,0.10151245095767081,6.474946238100529
32,4,30,28,5.4396350720198825,5.544691465096548,0.1050563930766657,6.474946238100529
32,4,30,29,5.544691465096548,5.645900511066429,0.10120904596988112,6.474946238100529
32,4,30,30,5.645900511066429,5.755427783005871,0.10952727193944156,6.474946238100529
32,4,30,31,5.755427783005871,5.871858141035773,0.11643035802990198,6.474946238100529
32,4,30,32,5.871858141035773,5.995463622035459,0.12360548099968582,6.474946238100529
32,4,30,33,5.995463622035459,6.123918604105711,0.1284549820702523,6.474946238100529
32,4,30,34,6.123918604105711,6.256910081021488,0.13299147691577673,6.474946238100529
32,4,30,35,6.256910081021488,6.39614695601631,0.13923687499482185,6.474946238100529
32,4,30,36,6.39614695601631,6.475310879060999,0.079163923044689,6.474946238100529
32,4,31,1,3.4956767330877483,3.5959166100947186,0.10023987700697035,6.474946238100529
32,4,31,2,3.5959166100947186,3.6966766820987687,0.10076007200405002,6.474946238100529
32,4,31,3,3.6966766820987687,3.7977276620222256,0.10105097992345691,6.474946238100529
32,4,31,4,3.7977276620222256,3.9023302890127525,0.10460262699052691,6.474946238100529
32,4,31,5,3.9023302890127525,4.005897802999243,0.10356751398649067,6.474946238100529
32,4,31,6,4.005897802999243,4.108767284080386,0.10286948108114302,6.474946238100529
32,4,31,7,4.108767284080386,4.209494233014993,0.10072694893460721,6.474946238100529
32,4,31,8,4.209494233014993,4.312069135019556,0.10257490200456232,6.474946238100529
32,4,31,9,4.312069135019556,4.4127789420308545,0.10070980701129884,6.474946238100529
32,4,31,10,4.4127789420308545,4.515529788099229,0.10275084606837481,6.474946238100529
32,4,31,11,4.515529788099229,4.615437426022254,0.0999076379230246,6.474946238100529
32,4,31,12,4.615437426022254,4.717497705016285,0.10206027899403125,6.474946238100529
32,4,31,13,4.717497705016285,4.818925377097912,0.10142767208162695,6.474946238100529
32,4,31,14,4.818925377097912,4.925687603070401,0.10676222597248852,6.474946238100529
32,4,31,15,4.925687603070401,5.028527075075544,0.10283947200514376,6.474946238100529
32,4,31,16,5.028527075075544,5.133171680034138,0.10464460495859385,6.474946238100529
32,4,31,17,5.133171680034138,5.233973725000396,0.10080204496625811,6.474946238100529
32,4,31,18,5.233973725000396,5.3383880810579285,0.10441435605753213,6.474946238100529
32,4,31,19,5.3383880810579285,5.440032310085371,0.10164422902744263,6.474946238100529
32,4,31,20,5.440032310085371,5.544950640993193,0.10491833090782166,6.474946238100529
32,4,31,21,5.544950640993193,5.646153948036954,0.10120330704376101,6.474946238100529
32,4,31,22,5.646153948036954,5.75583047803957,0.10967653000261635,6.474946238100529
32,4,31,23,5.75583047803957,5.87211480201222,0.11628432397264987,6.474946238100529
32,4,31,24,5.87211480201222,5.995715163066052,0.12360036105383188,6.474946238100529
32,4,31,25,5.995715163066052,6.12416992103681,0.12845475797075778,6.474946238100529
32,4,31,26,6.12416992103681,6.257175774080679,0.13300585304386914,6.474946238100529
32,4,31,27,6.257175774080679,6.396404223050922,0.13922844897024333,6.474946238100529
32,4,31,28,6.396404223050922,6.475548615097068,0.0791443920461461,6.474946238100529
