B,n,k,t_iter
1,64,4,0.0162812068592757
1,64,5,0.015988090075552464
1,64,6,0.01558691100217402
1,64,7,0.015866192057728767
1,64,8,0.015741865849122405
1,64,9,0.01653914712369442
1,64,10,0.015202765818685293
1,64,11,0.016182254068553448
1,64,12,0.015984463971108198
1,64,13,0.015436602057889104
1,64,14,0.016033526975661516
1,64,15,0.01563384011387825
1,64,16,0.01626844797283411
1,64,17,0.015748404897749424
1,64,18,0.015615319134667516
1,64,19,0.015736497938632965
1,64,20,0.01579290209338069
1,64,21,0.01625276799313724
1,64,22,0.015435662819072604
1,64,23,0.015818400075659156
1,64,24,0.01594659104011953
1,64,25,0.0159988219384104
1,64,26,0.01560443197377026
1,64,27,0.015734954038634896
1,64,28,0.016145593021064997
1,64,29,0.015672809910029173
1,64,30,0.015723354183137417
1,64,31,0.016221872996538877
1,64,32,0.015476967906579375
1,64,33,0.01587773789651692
1,64,34,0.015768597135320306
1,64,35,0.01588735985569656
1,64,36,0.015539858024567366
1,64,37,0.01613437314517796
1,64,38,0.015374094946309924
1,64,39,0.016142298001796007
1,64,40,0.015839969040825963
1,64,41,0.015887442976236343
1,64,42,0.01547612389549613
1,64,43,0.015638404060155153
1,64,44,0.016473060939460993
1,64,45,0.015398885123431683
1,64,46,0.015707925893366337
1,64,47,0.0164006520062685
1,64,48,0.015070221154019237
1,64,49,0.015877485973760486
1,64,50,0.01567591796629131
1,64,51,0.016057997941970825
1,64,52,0.01594007108360529
1,64,53,0.015865387860685587
1,64,54,0.01599670317955315
1,64,55,0.015043838880956173
1,64,56,0.01676448411308229
1,64,57,0.015216839965432882
1,64,58,0.016227399930357933
1,64,59,0.015500185079872608
1,64,60,0.015490290010347962
1,64,61,0.0157379989977926
1,64,62,0.015804891008883715
1,64,63,0.016351801808923483
1,64,64,0.015265604015439749
1,64,65,0.016061085974797606
1,64,66,0.015719757182523608
1,64,67,0.016138612991198897
1,64,68,0.015698029892519116
1,64,69,0.015699129085987806
1,64,70,0.01595407002605498
1,64,71,0.01553873997181654
1,64,72,0.015819747000932693
1,64,73,0.016353970859199762
1,64,74,0.015614301199093461
1,64,75,0.016269929939880967
1,64,76,0.015483130933716893
1,64,77,0.016273478977382183
1,64,78,0.015817406121641397
1,64,79,0.015889441827312112
1,64,80,0.015883061103522778
1,64,81,0.015763632021844387
1,64,82,0.016025227028876543
1,64,83,0.016000002855435014
1,64,84,0.015739683993160725
1,64,85,0.015762455062940717
1,64,86,0.01607752707786858
1,64,87,0.01600334793329239
1,64,88,0.015511062927544117
1,64,89,0.016134208999574184
1,64,90,0.015952278161421418
1,64,91,0.015471035847440362
1,64,92,0.015980303985998034
1,64,93,0.015773171093314886
1,64,94,0.015739952912554145
1,64,95,0.01604031608439982
1,64,96,0.016099719097837806
1,64,97,0.015723043819889426
1,64,98,0.015639142133295536
1,64,99,0.01610218593850732
1,64,100,0.015734648099169135
1,64,101,0.015675813890993595
1,64,102,0.016025824937969446
1,64,103,0.01586623303592205
1,64,104,0.016151522984728217
1,64,105,0.01571848406456411
1,64,106,0.01588335307314992
1,64,107,0.01585398497991264
1,64,108,0.015867406968027353
1,64,109,0.01584619702771306
1,64,110,0.01577382883988321
1,64,111,0.016126215225085616
1,64,112,0.016355226980522275
1,64,113,0.015570312971249223
1,64,114,0.015760554000735283
1,64,115,0.016220735851675272
1,64,116,0.015844964189454913
1,64,117,0.015919324941933155
1,64,118,0.01601148396730423
1,64,119,0.015782355098053813
1,64,120,0.01577647984959185
1,64,121,0.01598715898580849
1,64,122,0.015765079064294696
1,64,123,0.0157514289021492
1,64,124,0.015793749131262302
1,64,125,0.016251781955361366
1,64,126,0.015553937060758471
1,64,127,0.015822021989151835
1,64,128,0.015843943925574422
1,64,129,0.015840810956433415
1,64,130,0.015937281074002385
1,64,131,0.015693638008087873
1,64,132,0.015916229924187064
1,64,133,0.015593698946759105
1,64,134,0.016122506000101566
1,64,135,0.015624695224687457
1,64,136,0.015954595990478992
1,64,137,0.01593421190045774
1,64,138,0.01587837701663375
1,64,139,0.015767137985676527
1,64,140,0.015895491000264883
1,64,141,0.015830100048333406
1,64,142,0.01568523095920682
1,64,143,0.01586724608205259
1,64,144,0.01578823896124959
1,64,145,0.01580247189849615
1,64,146,0.01610394101589918
1,64,147,0.01546920696273446
1,64,148,0.015827127965167165
1,64,149,0.016028584213927388
1,64,150,0.015797074884176254
1,64,151,0.015764964977279305
1,64,152,0.015990572050213814
1,64,153,0.01597807789221406
1,64,154,0.016024516196921468
1,64,155,0.015719489892944694
1,64,156,0.015708633000031114
1,64,157,0.01580688590183854
1,64,158,0.015959677984938025
1,64,159,0.016105485148727894
1,64,160,0.015838223043829203
1,64,161,0.015679349889978766
1,64,162,0.016013675136491656
1,64,163,0.01599574787542224
1,64,164,0.015608391026034951
1,64,165,0.016240072902292013
1,64,166,0.01570078614167869
1,64,167,0.01581149804405868
1,64,168,0.01590409898199141
1,64,169,0.01590513880364597
1,64,170,0.015839092200621963
1,64,171,0.01596721401438117
1,64,172,0.016015220899134874
1,64,173,0.015706273959949613
1,64,174,0.01596821704879403
1,64,175,0.015949778957292438
1,64,176,0.01612943597137928
1,64,177,0.015485662966966629
1,64,178,0.016111155040562153
1,64,179,0.01599901099689305
1,64,180,0.01571944705210626
1,64,181,0.01607088092714548
1,64,182,0.016022823052480817
1,64,183,0.015317901037633419
1,64,184,0.016250380082055926
1,64,185,0.015664435923099518
1,64,186,0.015920707024633884
1,64,187,0.015822479967027903
1,64,188,0.016035469016060233
1,64,189,0.01602616789750755
1,64,190,0.01563052204437554
1,64,191,0.0160504300147295
1,64,192,0.015508234966546297
1,64,193,0.016419237945228815
1,64,194,0.01577335107140243
1,64,195,0.015603245003148913
1,64,196,0.016095315106213093
1,64,197,0.015890520997345448
1,64,198,0.016011005034670234
1,64,199,0.01569955493323505
1,64,200,0.01558430795557797
1,64,201,0.016133799916133285
1,64,202,0.01562055409885943
1,64,203,0.016247526975348592
1,64,204,0.015649398090317845
1,64,205,0.015840917825698853
1,64,206,0.0159832660574466
1,64,207,0.015561575070023537
1,64,208,0.015687767881900072
1,64,209,0.016336389118805528
1,64,210,0.015806532930582762
1,64,211,0.015769555931910872
1,64,212,0.015911088092252612
1,64,213,0.0157913020811975
1,64,214,0.01595478691160679
1,64,215,0.01575353997759521
1,64,216,0.01599129312671721
1,64,217,0.016121978871524334
1,64,218,0.015849670162424445
1,64,219,0.01533471792936325
1,64,220,0.016223382903262973
1,64,221,0.01565742213279009
1,64,222,0.016120910877361894
1,64,223,0.015657105017453432
1,64,224,0.016140775987878442
1,64,225,0.015918900026008487
1,64,226,0.015997255919501185
1,64,227,0.015532863093540072
1,64,228,0.01597340009175241
1,64,229,0.01591556193307042
1,64,230,0.015886527951806784
1,64,231,0.015949156135320663
1,64,232,0.015900013968348503
1,64,233,0.015900500817224383
1,64,234,0.01593749108724296
1,64,235,0.015787762124091387
1,64,236,0.015758917899802327
1,64,237,0.015645340085029602
1,64,238,0.01647043484263122
1,64,239,0.015725602163001895
1,64,240,0.015585206914693117
1,64,241,0.01623213803395629
1,64,242,0.015790379839017987
1,64,243,0.01568036712706089
1,64,244,0.016024095006287098
1,64,245,0.015788824064657092
1,64,246,0.01591104082763195
1,64,247,0.015579513972625136
1,64,248,0.015967450104653835
1,64,249,0.015714986948296428
1,64,250,0.015859747072681785
1,64,251,0.015814259881153703
1,64,252,0.016107449075207114
1,64,253,0.015527812065556645
1,64,254,0.015965586062520742
1,64,255,0.016358166001737118
1,256,4,0.015841386979445815
1,256,5,0.016237948089838028
1,256,6,0.015788273885846138
1,256,7,0.015730337938293815
1,256,8,0.01580913714133203
1,256,9,0.01641677599400282
1,256,10,0.01552504301071167
1,256,11,0.016353521961718798
1,256,12,0.015522969886660576
1,256,13,0.016069806180894375
1,256,14,0.015804243972525
1,256,15,0.015771931037306786
1,256,16,0.016055092914029956
1,256,17,0.01585609302856028
1,256,18,0.01571104396134615
1,256,19,0.01629560603760183
1,256,20,0.015420734882354736
1,256,21,0.01572682918049395
1,256,22,0.015938087832182646
1,256,23,0.01600727206096053
1,256,24,0.015850947005674243
1,256,25,0.015770425088703632
1,256,26,0.015577761922031641
1,256,27,0.015961446100845933
1,256,28,0.01634850399568677
1,256,29,0.01565847685560584
1,256,30,0.01576508511789143
1,256,31,0.01593593484722078
1,256,32,0.01600900897756219
1,256,33,0.01526240911334753
1,256,34,0.01619678596034646
1,256,35,0.015699325129389763
1,256,36,0.015830082818865776
1,256,37,0.015888673020526767
1,256,38,0.01599070616066456
1,256,39,0.01575896586291492
1,256,40,0.015702500008046627
1,256,41,0.016091010998934507
1,256,42,0.015477214939892292
1,256,43,0.016204555053263903
1,256,44,0.015525632072240114
1,256,45,0.016641639871522784
1,256,46,0.015537125989794731
1,256,47,0.016259907046332955
1,256,48,0.015584539156407118
1,256,49,0.015870631905272603
1,256,50,0.015992193017154932
1,256,51,0.01581050199456513
1,256,52,0.015737517038360238
1,256,53,0.015588536858558655
1,256,54,0.015937683172523975
1,256,55,0.01594855193980038
1,256,56,0.01591091207228601
1,256,57,0.01617469685152173
1,256,58,0.01561381109058857
1,256,59,0.015953303081914783
1,256,60,0.015457028988748789
1,256,61,0.01625217800028622
1,256,62,0.015711084939539433
1,256,63,0.015594911994412541
1,256,64,0.016260300995782018
1,256,65,0.015706714941188693
1,256,66,0.015747945988550782
1,256,67,0.0159906221088022
1,256,68,0.01594627695158124
1,256,69,0.015745648881420493
1,256,70,0.0160205140709877
1,256,71,0.01564204809255898
1,256,72,0.015986281912773848
1,256,73,0.01573311910033226
1,256,74,0.016204797895625234
1,256,75,0.015631143003702164
1,256,76,0.015644022962078452
1,256,77,0.016175461001694202
1,256,78,0.015964511083438993
1,256,79,0.015671011991798878
1,256,80,0.016065241070464253
1,256,81,0.015585071872919798
1,256,82,0.01589473197236657
1,256,83,0.015731007093563676
1,256,84,0.0163331450894475
1,256,85,0.01560788694769144
1,256,86,0.015858030878007412
1,256,87,0.015945074148476124
1,256,88,0.015692619839683175
1,256,89,0.015686605125665665
1,256,90,0.01586551684886217
1,256,91,0.016114084981381893
1,256,92,0.015715050045400858
1,256,93,0.016113599063828588
1,256,94,0.015395897906273603
1,256,95,0.016093960031867027
1,256,96,0.015858507016673684
1,256,97,0.016171579947695136
1,256,98,0.015565383015200496
1,256,99,0.015994240064173937
1,256,100,0.015597626101225615
1,256,101,0.016054823994636536
1,256,102,0.01599388592876494
1,256,103,0.01569527410902083
1,256,104,0.015598558820784092
1,256,105,0.01610836200416088
1,256,106,0.015784230083227158
1,256,107,0.01568766194395721
1,256,108,0.015962995123118162
1,256,109,0.015654771821573377
1,256,110,0.016057386994361877
1,256,111,0.01589421508833766
1,256,112,0.016021612100303173
1,256,113,0.015634856885299087
1,256,114,0.015542248031124473
1,256,115,0.016114417929202318
1,256,116,0.015679212985560298
1,256,117,0.015865875175222754
1,256,118,0.016232474939897656
1,256,119,0.015458808979019523
1,256,120,0.015808268915861845
1,256,121,0.016466035973280668
1,256,122,0.015319463098421693
1,256,123,0.016077213920652866
1,256,124,0.016114940168336034
1,256,125,0.015751970931887627
1,256,126,0.015400447882711887
1,256,127,0.01639426010660827
1,256,128,0.015514353988692164
1,256,129,0.015924426028504968
1,256,130,0.01588088204152882
1,256,131,0.01562956697307527
1,256,132,0.016037640860304236
1,256,133,0.015919119119644165
1,256,134,0.0157009270042181
1,256,135,0.01592439995147288
1,256,136,0.01543189212679863
1,256,137,0.01612569484859705
1,256,138,0.0159754550550133
1,256,139,0.015775854932144284
1,256,140,0.0158303240314126
1,256,141,0.015831489115953445
1,256,142,0.015680380864068866
1,256,143,0.015821143984794617
1,256,144,0.015940502053126693
1,256,145,0.015468410914763808
1,256,146,0.016386557137593627
1,256,147,0.015467057004570961
1,256,148,0.01615184685215354
1,256,149,0.015804067021235824
1,256,150,0.015720546012744308
1,256,151,0.015723535092547536
1,256,152,0.015842766035348177
1,256,153,0.015998512972146273
1,256,154,0.015708854887634516
1,256,155,0.015824335161596537
1,256,156,0.01596997189335525
1,256,157,0.015878584003075957
1,256,158,0.015887885121628642
1,256,159,0.01574404281564057
1,256,160,0.016376193147152662
1,256,161,0.015993198845535517
1,256,162,0.015867172041907907
1,256,163,0.016098883002996445
1,256,164,0.01545468415133655
1,256,165,0.015893572941422462
1,256,166,0.016104402020573616
1,256,167,0.015620316844433546
1,256,168,0.015874418197199702
1,256,169,0.016090074786916375
1,256,170,0.015537864994257689
1,256,171,0.01583588821813464
1,256,172,0.016095937928184867
1,256,173,0.01587493298575282
1,256,174,0.015887401066720486
1,256,175,0.01554429391399026
1,256,176,0.01616579806432128
1,256,177,0.015447478974238038
1,256,178,0.01586608891375363
1,256,179,0.01627171295695007
1,256,180,0.018654579995200038
1,256,181,0.012790471082553267
1,256,182,0.016081067034974694
1,256,183,0.01536195888184011
1,256,184,0.01582186808809638
1,256,185,0.01618096395395696
1,256,186,0.01590657397173345
1,256,187,0.015567054972052574
1,256,188,0.01608297019265592
1,256,189,0.016071397811174393
1,256,190,0.015608088113367558
1,256,191,0.015804049093276262
1,256,192,0.016013395972549915
1,256,193,0.0157902748323977
1,256,194,0.015912102069705725
1,256,195,0.015861514024436474
1,256,196,0.015551628079265356
1,256,197,0.015827413881197572
1,256,198,0.016031963983550668
1,256,199,0.015804375987499952
1,256,200,0.0159008230548352
1,256,201,0.01569413091056049
1,256,202,0.015661315992474556
1,256,203,0.01624804805032909
1,256,204,0.015754753025248647
1,256,205,0.015815441962331533
1,256,206,0.015531022101640701
1,256,207,0.016177969984710217
1,256,208,0.015553656034171581
1,256,209,0.015921158948913217
1,256,210,0.015722787007689476
1,256,211,0.016248695086687803
1,256,212,0.015715211862698197
1,256,213,0.01574757997877896
1,256,214,0.01614804402925074
1,256,215,0.015661122975870967
1,256,216,0.015575732104480267
1,256,217,0.016155807999894023
1,256,218,0.016125310910865664
1,256,219,0.015809220960363746
1,256,220,0.015959233045578003
1,256,221,0.015668140025809407
1,256,222,0.015971675980836153
1,256,223,0.01578528410755098
1,256,224,0.016034294851124287
1,256,225,0.015763241099193692
1,256,226,0.016021986957639456
1,256,227,0.015887743094936013
1,256,228,0.015330153983086348
1,256,229,0.01583685097284615
1,256,230,0.016125269001349807
1,256,231,0.015950477914884686
1,256,232,0.015647487016394734
1,256,233,0.01624438795261085
1,256,234,0.015474283136427402
1,256,235,0.01590060000307858
1,256,236,0.01599367498420179
1,256,237,0.015990817919373512
1,256,238,0.01569288712926209
1,256,239,0.01607049093581736
1,256,240,0.01608490408398211
1,256,241,0.015490181976929307
1,256,242,0.01632027793675661
1,256,243,0.015959264943376184
1,256,244,0.015302239917218685
1,256,245,0.015837640035897493
1,256,246,0.01588889816775918
1,256,247,0.015503827948123217
1,256,248,0.015771467005833983
1,256,249,0.01635147095657885
1,256,250,0.015715115936473012
1,256,251,0.01580181298777461
1,256,252,0.016032724175602198
1,256,253,0.015716854948550463
1,256,254,0.01569651602767408
1,256,255,0.016616221982985735
1,1024,4,0.016353463055565953
1,1024,5,0.015870902920141816
1,1024,6,0.015880705090239644
1,1024,7,0.016431791009381413
1,1024,8,0.016082305926829576
1,1024,9,0.015736431116238236
1,1024,10,0.016277061076834798
1,1024,11,0.016026133904233575
1,1024,12,0.015328637091442943
1,1024,13,0.01658756984397769
1,1024,14,0.015812422148883343
1,1024,15,0.01568525191396475
1,1024,16,0.01608430501073599
1,1024,17,0.016052963910624385
1,1024,18,0.015499246073886752
1,1024,19,0.015688071958720684
1,1024,20,0.016314415959641337
1,1024,21,0.01610702695325017
1,1024,22,0.01555918320082128
1,1024,23,0.01603145501576364
1,1024,24,0.01569586992263794
1,1024,25,0.01957293087616563
1,1024,26,0.01741649000905454
1,1024,27,0.01598800509236753
1,1024,28,0.01581930206157267
1,1024,29,0.015965012833476067
1,1024,30,0.015549823176115751
1,1024,31,0.015898593002930284
1,1024,32,0.016336870845407248
1,1024,33,0.01585650909692049
1,1024,34,0.015874415868893266
1,1024,35,0.015878608217462897
1,1024,36,0.015803838847205043
1,1024,37,0.015867101028561592
1,1024,38,0.015803947113454342
1,1024,39,0.016026388853788376
1,1024,40,0.016076043946668506
1,1024,41,0.01579068717546761
1,1024,42,0.016040371963754296
1,1024,43,0.015722102019935846
1,1024,44,0.016008381033316255
1,1024,45,0.015980423893779516
1,1024,46,0.01592574897222221
1,1024,47,0.015450350008904934
1,1024,48,0.016176549019291997
1,1024,49,0.015682010911405087
1,1024,50,0.01610355405136943
1,1024,51,0.016155685065314174
1,1024,52,0.015768236014992
1,1024,53,0.015841098967939615
1,1024,54,0.015798419946804643
1,1024,55,0.01612969394773245
1,1024,56,0.015618264209479094
1,1024,57,0.016179608879610896
1,1024,58,0.015688277082517743
1,1024,59,0.016014888882637024
1,1024,60,0.0156378960236907
1,1024,61,0.016105248127132654
1,1024,62,0.015776220941916108
1,1024,63,0.016436954960227013
1,1024,64,0.015458493959158659
1,1024,65,0.01585829514078796
1,1024,66,0.015798522857949138
1,1024,67,0.016263535944744945
1,1024,68,0.015940674114972353
1,1024,69,0.01583766401745379
1,1024,70,0.01570297102443874
1,1024,71,0.015915138879790902
1,1024,72,0.015986109152436256
1,1024,73,0.01567003596574068
1,1024,74,0.016196538927033544
1,1024,75,0.015712043037638068
1,1024,76,0.016101073939353228
1,1024,77,0.015920025063678622
1,1024,78,0.01569684804417193
1,1024,79,0.015785724855959415
1,1024,80,0.01639473414979875
1,1024,81,0.015438403934240341
1,1024,82,0.016183936968445778
1,1024,83,0.015740782022476196
1,1024,84,0.015748640056699514
1,1024,85,0.015949395950883627
1,1024,86,0.01605458604171872
1,1024,87,0.016064130933955312
1,1024,88,0.01577756996266544
1,1024,89,0.01596369710750878
1,1024,90,0.015710572013631463
1,1024,91,0.01613286091014743
1,1024,92,0.015724743949249387
1,1024,93,0.015635865041986108
1,1024,94,0.01588888093829155
1,1024,95,0.016199519159272313
1,1024,96,0.015790101839229465
1,1024,97,0.015842967201024294
1,1024,98,0.015612292801961303
1,1024,99,0.01630473299883306
1,1024,100,0.015788579126819968
1,1024,101,0.01615549996495247
1,1024,102,0.015879825921729207
1,1024,103,0.015755571192130446
1,1024,104,0.01594543899409473
1,1024,105,0.016154228942468762
1,1024,106,0.01566872699186206
1,1024,107,0.01607042085379362
1,1024,108,0.016092200065031648
1,1024,109,0.015628403052687645
1,1024,110,0.01639075088314712
1,1024,111,0.015544613124802709
1,1024,112,0.015570081071928144
1,1024,113,0.016075394814834
1,1024,114,0.01609831815585494
1,1024,115,0.016068537021055818
1,1024,116,0.015635033836588264
1,1024,117,0.015981516102328897
1,1024,118,0.01585618988610804
1,1024,119,0.01573768421076238
1,1024,120,0.015990191837772727
1,1024,121,0.016044100048020482
1,1024,122,0.015660800971090794
1,1024,123,0.015901637030765414
1,1024,124,0.01603599707596004
1,1024,125,0.016095159808173776
1,1024,126,0.01588123315013945
1,1024,127,0.015930138994008303
1,1024,128,0.01557667599990964
1,1024,129,0.016328495927155018
1,1024,130,0.0162908430211246
1,1024,131,0.015635933028534055
1,1024,132,0.01578839006833732
1,1024,133,0.016109328949823976
1,1024,134,0.016015607863664627
1,1024,135,0.015904365107417107
1,1024,136,0.015660386066883802
1,1024,137,0.01595171494409442
1,1024,138,0.01563055790029466
1,1024,139,0.01627629715949297
1,1024,140,0.01603923086076975
1,1024,141,0.015813592122867703
1,1024,142,0.015809518983587623
1,1024,143,0.016030915081501007
1,1024,144,0.015925802988931537
1,1024,145,0.015548234805464745
1,1024,146,0.016345599200576544
1,1024,147,0.01552604278549552
1,1024,148,0.016365758143365383
1,1024,149,0.01601053006015718
1,1024,150,0.015740153845399618
1,1024,151,0.015653721056878567
1,1024,152,0.016083482885733247
1,1024,153,0.015967129031196237
1,1024,154,0.015816197032108903
1,1024,155,0.01570316101424396
1,1024,156,0.01598387397825718
1,1024,157,0.016191803151741624
1,1024,158,0.015409004874527454
1,1024,159,0.016251557040959597
1,1024,160,0.015865878900513053
1,1024,161,0.015998002141714096
1,1024,162,0.015896332915872335
1,1024,163,0.015693508088588715
1,1024,164,0.01587673998437822
1,1024,165,0.016246624989435077
1,1024,166,0.015790117904543877
1,1024,167,0.016132544027641416
1,1024,168,0.01584117510356009
1,1024,169,0.015989386942237616
1,1024,170,0.01598768192343414
1,1024,171,0.015740346163511276
1,1024,172,0.016264132922515273
1,1024,173,0.015795284882187843
1,1024,174,0.01578341913409531
1,1024,175,0.015767239965498447
1,1024,176,0.01660312805324793
1,1024,177,0.0158305699005723
1,1024,178,0.015873978147283196
1,1024,179,0.01619216683320701
1,1024,180,0.0157820510212332
1,1024,181,0.015769541962072253
1,1024,182,0.01591180101968348
1,1024,183,0.016055539017543197
1,1024,184,0.015975011978298426
1,1024,185,0.015625416999682784
1,1024,186,0.016154524171724916
1,1024,187,0.01580152683891356
1,1024,188,0.01597001194022596
1,1024,189,0.01589633501134813
1,1024,190,0.015898173209279776
1,1024,191,0.015901023987680674
1,1024,192,0.015877053840085864
1,1024,193,0.015960438176989555
1,1024,194,0.01598374778404832
1,1024,195,0.0163684762082994
1,1024,196,0.015529970871284604
1,1024,197,0.015904098050668836
1,1024,198,0.015925155952572823
1,1024,199,0.01615020795725286
1,1024,200,0.015897256089374423
1,1024,201,0.01574667589738965
1,1024,202,0.015669028041884303
1,1024,203,0.01607936294749379
1,1024,204,0.015909990994259715
1,1024,205,0.015939136035740376
1,1024,206,0.015766635071486235
1,1024,207,0.016292077023535967
1,1024,208,0.01584430900402367
1,1024,209,0.015949076041579247
1,1024,210,0.015689770923927426
1,1024,211,0.01620179391466081
1,1024,212,0.015606131171807647
1,1024,213,0.0159408338367939
1,1024,214,0.016571621177718043
1,1024,215,0.01586365094408393
1,1024,216,0.01587588991969824
1,1024,217,0.016011428087949753
1,1024,218,0.01574032101780176
1,1024,219,0.015982890967279673
1,1024,220,0.01598282903432846
1,1024,221,0.015687808860093355
1,1024,222,0.016151783987879753
1,1024,223,0.01584124006330967
1,1024,224,0.016017654910683632
1,1024,225,0.015784321120008826
1,1024,226,0.015791453886777163
1,1024,227,0.016294374130666256
1,1024,228,0.01589689590036869
1,1024,229,0.015927727101370692
1,1024,230,0.015967232873663306
1,1024,231,0.015680863056331873
1,1024,232,0.01605118694715202
1,1024,233,0.016067455988377333
1,1024,234,0.015570229152217507
1,1024,235,0.01606605388224125
1,1024,236,0.016024216078221798
1,1024,237,0.01576894987374544
1,1024,238,0.01568532409146428
1,1024,239,0.0164365959353745
1,1024,240,0.01589297316968441
1,1024,241,0.01568021299317479
1,1024,242,0.016038349829614162
1,1024,243,0.015936919022351503
1,1024,244,0.015783293172717094
1,1024,245,0.016252896981313825
1,1024,246,0.01568683492951095
1,1024,247,0.015670953085646033
1,1024,248,0.01624960289336741
1,1024,249,0.01613091304898262
1,1024,250,0.01570547092705965
1,1024,251,0.01582870609126985
1,1024,252,0.016180848935618997
1,1024,253,0.015731910010799766
1,1024,254,0.015854639932513237
1,1024,255,0.016673328122124076
1,4096,4,0.016803079983219504
1,4096,5,0.01594548998400569
1,4096,6,0.01609941991046071
1,4096,7,0.01663193292915821
1,4096,8,0.01597354211844504
1,4096,9,0.016141712898388505
1,4096,10,0.016426878981292248
1,4096,11,0.015946632018312812
1,4096,12,0.016099947039037943
1,4096,13,0.016652585938572884
1,4096,14,0.01567823300138116
1,4096,15,0.016185679007321596
1,4096,16,0.016164398984983563
1,4096,17,0.01621558121405542
1,4096,18,0.015863038832321763
1,4096,19,0.016305672004818916
1,4096,20,0.01594476099126041
1,4096,21,0.01616463507525623
1,4096,22,0.01629316108301282
1,4096,23,0.01582612283527851
1,4096,24,0.015854478115215898
1,4096,25,0.016450511990115047
1,4096,26,0.016157351899892092
1,4096,27,0.0156713780015707
1,4096,28,0.016013059066608548
1,4096,29,0.016532337060198188
1,4096,30,0.015728901838883758
1,4096,31,0.015880821039900184
1,4096,32,0.016158667160198092
1,4096,33,0.016116139013320208
1,4096,34,0.016306124860420823
1,4096,35,0.016078819055110216
1,4096,36,0.01620807289145887
1,4096,37,0.01568257319740951
1,4096,38,0.01631086296401918
1,4096,39,0.016031534876674414
1,4096,40,0.01591180800460279
1,4096,41,0.0161892119795084
1,4096,42,0.016145696165040135
1,4096,43,0.015639489982277155
1,4096,44,0.016388227930292487
1,4096,45,0.015881678089499474
1,4096,46,0.015988654922693968
1,4096,47,0.016073059989139438
1,4096,48,0.016440253937616944
1,4096,49,0.015609737951308489
1,4096,50,0.016365376068279147
1,4096,51,0.015940604032948613
1,4096,52,0.015967946033924818
1,4096,53,0.015956738032400608
1,4096,54,0.015967500861734152
1,4096,55,0.016159511171281338
1,4096,56,0.01633473578840494
1,4096,57,0.016630279133096337
1,4096,58,0.015508770942687988
1,4096,59,0.016636464977636933
1,4096,60,0.015786607982590795
1,4096,61,0.01598110911436379
1,4096,62,0.01579822087660432
1,4096,63,0.016435457160696387
1,4096,64,0.015816358849406242
1,4096,65,0.01624428411014378
1,4096,66,0.016234325943514705
1,4096,67,0.015973981004208326
1,4096,68,0.015848207054659724
1,4096,69,0.01636124891228974
1,4096,70,0.01582616614177823
1,4096,71,0.016157312784343958
1,4096,72,0.016068493016064167
1,4096,73,0.01602510898374021
1,4096,74,0.01591496216133237
1,4096,75,0.015937804942950606
1,4096,76,0.016155519988387823
1,4096,77,0.016235415125265718
1,4096,78,0.015878862934187055
1,4096,79,0.016418193001300097
1,4096,80,0.015966793056577444
1,4096,81,0.015817769803106785
1,4096,82,0.016469664173200727
1,4096,83,0.01574039296247065
1,4096,84,0.015953593887388706
1,4096,85,0.016414133133366704
1,4096,86,0.015856172889471054
1,4096,87,0.01608112407848239
1,4096,88,0.016176861943677068
1,4096,89,0.01613959507085383
1,4096,90,0.016287947073578835
1,4096,91,0.015989502891898155
1,4096,92,0.016235854011029005
1,4096,93,0.015513015910983086
1,4096,94,0.016518301097676158
1,4096,95,0.0158114698715508
1,4096,96,0.01623980700969696
1,4096,97,0.016057878034189343
1,4096,98,0.01606033812277019
1,4096,99,0.01604393497109413
1,4096,100,0.0156078499276191
1,4096,101,0.016473150113597512
1,4096,102,0.016184301814064384
1,4096,103,0.01588914403691888
1,4096,104,0.01650867098942399
1,4096,105,0.015604897169396281
1,4096,106,0.016072175931185484
1,4096,107,0.016370931873098016
1,4096,108,0.016025799093768
1,4096,109,0.015814106911420822
1,4096,110,0.016411755001172423
1,4096,111,0.015994717134162784
1,4096,112,0.01584547501988709
1,4096,113,0.016208159970119596
1,4096,114,0.016386748058721423
1,4096,115,0.01598604302853346
1,4096,116,0.01599319581873715
1,4096,117,0.016059562098234892
1,4096,118,0.015762480907142162
1,4096,119,0.01596935116685927
1,4096,120,0.016098905820399523
1,4096,121,0.01609637401998043
1,4096,122,0.01636118208989501
1,4096,123,0.0158904530107975
1,4096,124,0.01637226901948452
1,4096,125,0.015507849864661694
1,4096,126,0.016431936994194984
1,4096,127,0.016246879007667303
1,4096,128,0.015990767162293196
1,4096,129,0.01620327401906252
1,4096,130,0.016118556959554553
1,4096,131,0.01565741398371756
1,4096,132,0.016272105975076556
1,4096,133,0.01607227697968483
1,4096,134,0.016055718064308167
1,4096,135,0.015659492928534746
1,4096,136,0.016634464962407947
1,4096,137,0.015741921961307526
1,4096,138,0.016228166176006198
1,4096,139,0.016015446977689862
1,4096,140,0.015774091007187963
1,4096,141,0.016221564961597323
1,4096,142,0.015872162068262696
1,4096,143,0.015953924972563982
1,4096,144,0.016018113819882274
1,4096,145,0.016038923989981413
1,4096,146,0.01628575217910111
1,4096,147,0.01622188789770007
1,4096,148,0.01591614610515535
1,4096,149,0.016239832853898406
1,4096,150,0.01594018703326583
1,4096,151,0.01597321010194719
1,4096,152,0.016250369837507606
1,4096,153,0.015924145001918077
1,4096,154,0.016156342113390565
1,4096,155,0.01607014797627926
1,4096,156,0.01587688410654664
1,4096,157,0.016047348966822028
1,4096,158,0.016151418909430504
1,4096,159,0.016030895989388227
1,4096,160,0.015823153080418706
1,4096,161,0.016701431944966316
1,4096,162,0.015419787028804421
1,4096,163,0.015987788094207644
1,4096,164,0.016604279866442084
1,4096,165,0.015590737108141184
1,4096,166,0.016334656858816743
1,4096,167,0.016107144067063928
1,4096,168,0.015986188082024455
1,4096,169,0.01583624491468072
1,4096,170,0.015916513977572322
1,4096,171,0.016256128903478384
1,4096,172,0.01608357415534556
1,4096,173,0.016193171963095665
1,4096,174,0.01623596204444766
1,4096,175,0.01569734583608806
1,4096,176,0.01635556318797171
1,4096,177,0.015828292816877365
1,4096,178,0.016253907000645995
1,4096,179,0.01599418418481946
1,4096,180,0.016143369022756815
1,4096,181,0.015895600896328688
1,4096,182,0.01589814806357026
1,4096,183,0.01609497284516692
1,4096,184,0.016790502006188035
1,4096,185,0.01573684415780008
1,4096,186,0.016067676013335586
1,4096,187,0.015959312906488776
1,4096,188,0.015933915972709656
1,4096,189,0.01632331614382565
1,4096,190,0.015726361889392138
1,4096,191,0.016502521000802517
1,4096,192,0.01586835994385183
1,4096,193,0.0166057669557631
1,4096,194,0.015724634053185582
1,4096,195,0.016201534075662494
1,4096,196,0.01601624907925725
1,4096,197,0.015899255871772766
1,4096,198,0.016049460042268038
1,4096,199,0.016466913046315312
1,4096,200,0.01585532585158944
1,4096,201,0.015959884971380234
1,4096,202,0.016278525115922093
1,4096,203,0.016265968093648553
1,4096,204,0.015741809969767928
1,4096,205,0.016291992971673608
1,4096,206,0.015821808949112892
1,4096,207,0.015990440035238862
1,4096,208,0.016312466003000736
1,4096,209,0.016128991963341832
1,4096,210,0.015820624073967338
1,4096,211,0.016304095974192023
1,4096,212,0.0159550029784441
1,4096,213,0.015888052061200142
1,4096,214,0.016274319030344486
1,4096,215,0.01592671894468367
1,4096,216,0.01633533393032849
1,4096,217,0.01596401399001479
1,4096,218,0.015954192029312253
1,4096,219,0.015980994096025825
1,4096,220,0.016221293015405536
1,4096,221,0.015870697796344757
1,4096,222,0.016134082106873393
1,4096,223,0.016158239915966988
1,4096,224,0.01603280915878713
1,4096,225,0.016015789937227964
1,4096,226,0.01588187785819173
1,4096,227,0.016143450047820807
1,4096,228,0.016213499009609222
1,4096,229,0.01580703305080533
1,4096,230,0.016295586014166474
1,4096,231,0.016064096009358764
1,4096,232,0.016036167042329907
1,4096,233,0.016151370014995337
1,4096,234,0.016154101816937327
1,4096,235,0.015870237024500966
1,4096,236,0.016134274192154408
1,4096,237,0.016250002896413207
1,4096,238,0.015836589969694614
1,4096,239,0.016183366999030113
1,4096,240,0.015881832921877503
1,4096,241,0.01618631207384169
1,4096,242,0.016125015914440155
1,4096,243,0.016061324160546064
1,4096,244,0.016048274002969265
1,4096,245,0.016081260051578283
1,4096,246,0.016189880901947618
1,4096,247,0.016281822929158807
1,4096,248,0.01586516504175961
1,4096,249,0.01603919197805226
1,4096,250,0.016001606127247214
1,4096,251,0.015887474874034524
1,4096,252,0.016149199102073908
1,4096,253,0.01619907491840422
1,4096,254,0.015871091978624463
1,4096,255,0.01666370197199285
2,64,4,0.016097966581583023
2,64,5,0.015699918381869793
2,64,6,0.015859919600188732
2,64,7,0.016079705441370606
2,64,8,0.015879631508141756
2,64,9,0.01587529107928276
2,64,10,0.015900306054390967
2,64,11,0.01576980738900602
2,64,12,0.015812966506928205
2,64,13,0.015774376108311117
2,64,14,0.015969495987519622
2,64,15,0.0161319428589195
2,64,16,0.015714426524937153
2,64,17,0.015657196985557675
2,64,18,0.01572943653445691
2,64,19,0.015748776495456696
2,64,20,0.01591321302112192
2,64,21,0.015855418983846903
2,64,22,0.0157911324640736
2,64,23,0.016091257566586137
2,64,24,0.015908822999335825
2,64,25,0.015796299907378852
2,64,26,0.015915824100375175
2,64,27,0.01579352095723152
2,64,28,0.015784189570695162
2,64,29,0.01576572540216148
2,64,30,0.01577239902690053
2,64,31,0.01570719655137509
2,64,32,0.015731143415905535
2,64,33,0.015933039598166943
2,64,34,0.015812378958798945
2,64,35,0.015748252510093153
2,64,36,0.015916199539788067
2,64,37,0.015673603396862745
2,64,38,0.015723424614407122
2,64,39,0.015921203419566154
2,64,40,0.015872627613134682
2,64,41,0.015862718923017383
2,64,42,0.015907864551991224
2,64,43,0.015677934396080673
2,64,44,0.015742304967716336
2,64,45,0.015924333594739437
2,64,46,0.015854835975915194
2,64,47,0.01586226059589535
2,64,48,0.015879116370342672
2,64,49,0.015736858593299985
2,64,50,0.015677252900786698
2,64,51,0.015775855048559606
2,64,52,0.016007686965167522
2,64,53,0.015928320470266044
2,64,54,0.015794173581525683
2,64,55,0.015827061026357114
2,64,56,0.015657241456210613
2,64,57,0.01578715001232922
2,64,58,0.015916190459392965
2,64,59,0.015798848937265575
2,64,60,0.015811341581866145
2,64,61,0.01584137650206685
2,64,62,0.015704089077189565
2,64,63,0.015844662324525416
2,64,64,0.01600782899186015
2,64,65,0.016005592071451247
2,64,66,0.015874628559686244
2,64,67,0.015863818931393325
2,64,68,0.015994999557733536
2,64,69,0.015774919535033405
2,64,70,0.01581034390255809
2,64,71,0.015987198101356626
2,64,72,0.015824293019250035
2,64,73,0.01603138097561896
2,64,74,0.016060584923252463
2,64,75,0.015794164035469294
2,64,76,0.01578274555504322
2,64,77,0.015832375967875123
2,64,78,0.015915099414996803
2,64,79,0.01591274153906852
2,64,80,0.015857582562603056
2,64,81,0.01574540138244629
2,64,82,0.01577087410259992
2,64,83,0.016014828928746283
2,64,84,0.0160878614988178
2,64,85,0.01577932049985975
2,64,86,0.015831221477128565
2,64,87,0.016021305113099515
2,64,88,0.015755877480842173
2,64,89,0.015837929910048842
2,64,90,0.015989432111382484
2,64,91,0.015779029461555183
2,64,92,0.01588291092775762
2,64,93,0.01599194062873721
2,64,94,0.015815747901797295
2,64,95,0.01577615551650524
2,64,96,0.01593373902142048
2,64,97,0.015809747390449047
2,64,98,0.015917380573228
2,64,99,0.01595925760921091
2,64,100,0.015770955942571163
2,64,101,0.01581113738939166
2,64,102,0.01590594311710447
2,64,103,0.01601354847662151
2,64,104,0.015735866385512054
2,64,105,0.015760108595713973
2,64,106,0.015861492487601936
2,64,107,0.015875249984674156
2,64,108,0.015995575580745935
2,64,109,0.015912362025119364
2,64,110,0.015878126374445856
2,64,111,0.015870039584115148
2,64,112,0.01602792600169778
2,64,113,0.015998535440303385
2,64,114,0.015813243575394154
2,64,115,0.015975632471963763
2,64,116,0.016036336892284453
2,64,117,0.01603135303594172
2,64,118,0.01587528409436345
2,64,119,0.01568237692117691
2,64,120,0.0156918364809826
2,64,121,0.015915106050670147
2,64,122,0.01601061294786632
2,64,123,0.015773863531649113
2,64,124,0.015883114538155496
2,64,125,0.015923244529403746
2,64,126,0.01575779146514833
2,64,127,0.015911293448880315
2,64,128,0.015978219103999436
2,64,129,0.015845465939491987
2,64,130,0.015840664505958557
2,64,131,0.015897919540293515
2,64,132,0.01572682149708271
2,64,133,0.01573651097714901
2,64,134,0.01588812901172787
2,64,135,0.016007537487894297
2,64,136,0.015988521510735154
2,64,137,0.01580399798694998
2,64,138,0.015707434969954193
2,64,139,0.015739339985884726
2,64,140,0.0159966490464285
2,64,141,0.01605387544259429
2,64,142,0.015936851035803556
2,64,143,0.015869640978053212
2,64,144,0.015778332948684692
2,64,145,0.0158128245966509
2,64,146,0.01605388044845313
2,64,147,0.016013695974834263
2,64,148,0.01585100800730288
2,64,149,0.015871739480644464
2,64,150,0.01578487257938832
2,64,151,0.015715549932792783
2,64,152,0.015767604461871088
2,64,153,0.015966050093993545
2,64,154,0.01604106544982642
2,64,155,0.015797891071997583
2,64,156,0.015839674044400454
2,64,157,0.01595254335552454
2,64,158,0.01578614255413413
2,64,159,0.015939053962938488
2,64,160,0.015988196129910648
2,64,161,0.015818021376617253
2,64,162,0.015896319528110325
2,64,163,0.015897448058240116
2,64,164,0.015741778421215713
2,64,165,0.015901886043138802
2,64,166,0.01599945151247084
2,64,167,0.015885157976299524
2,64,168,0.015888645546510816
2,64,169,0.016035697422921658
2,64,170,0.016073985490947962
2,64,171,0.016415098565630615
2,64,172,0.016558864968828857
2,64,173,0.015967043465934694
2,64,174,0.01565077353734523
2,64,175,0.015906935557723045
2,64,176,0.01587876642588526
2,64,177,0.01563866902142763
2,64,178,0.015886739478446543
2,64,179,0.01605547044891864
2,64,180,0.015853536664508283
2,64,181,0.015846791910007596
2,64,182,0.015985289472155273
2,64,183,0.015720938448794186
2,64,184,0.015835166559554636
2,64,185,0.01603741804137826
2,64,186,0.015886502456851304
2,64,187,0.016114578931592405
2,64,188,0.015811344608664513
2,64,189,0.015514028957113624
2,64,190,0.01577069447375834
2,64,191,0.01615114009473473
2,64,192,0.01608195446897298
2,64,193,0.015693092020228505
2,64,194,0.01585538254585117
2,64,195,0.015934428432956338
2,64,196,0.015666244900785387
2,64,197,0.015786425094120204
2,64,198,0.01602640189230442
2,64,199,0.015827680588699877
2,64,200,0.01590746408328414
2,64,201,0.016103849397040904
2,64,202,0.015643686056137085
2,64,203,0.015655274968594313
2,64,204,0.015983661985956132
2,64,205,0.01588100497610867
2,64,206,0.015922347083687782
2,64,207,0.015896883909590542
2,64,208,0.015850215568207204
2,64,209,0.016090953489765525
2,64,210,0.015966453473083675
2,64,211,0.015809765085577965
2,64,212,0.01589342241641134
2,64,213,0.015869032009504735
2,64,214,0.015885223052464426
2,64,215,0.015704338438808918
2,64,216,0.015800356515683234
2,64,217,0.016111212433315814
2,64,218,0.015929165529087186
2,64,219,0.015822324086911976
2,64,220,0.015960123506374657
2,64,221,0.015732052037492394
2,64,222,0.015861417981795967
2,64,223,0.015960613964125514
2,64,224,0.015816227882169187
2,64,225,0.016050937003456056
2,64,226,0.01603115163743496
2,64,227,0.015762885916046798
2,64,228,0.015733899548649788
2,64,229,0.015990073909051716
2,64,230,0.01594539696816355
2,64,231,0.0158602106384933
2,64,232,0.015754768857732415
2,64,233,0.015880354098044336
2,64,234,0.01585422456264496
2,64,235,0.015811687451787293
2,64,236,0.015970384003594518
2,64,237,0.015865602414123714
2,64,238,0.015931142610497773
2,64,239,0.015903341001830995
2,64,240,0.015699632465839386
2,64,241,0.015963786048814654
2,64,242,0.01593209442216903
2,64,243,0.015839037019759417
2,64,244,0.01586585957556963
2,64,245,0.015850135940127075
2,64,246,0.016003803466446698
2,64,247,0.015807863557711244
2,64,248,0.015798144042491913
2,64,249,0.01607237185817212
2,64,250,0.015894359559752047
2,64,251,0.01564499654341489
2,64,252,0.01599555998109281
2,64,253,0.015879075042903423
2,64,254,0.015958700445480645
2,64,255,0.01605560991447419
2,256,4,0.01586002903059125
2,256,5,0.015960838529281318
2,256,6,0.01620472245849669
2,256,7,0.015669823973439634
2,256,8,0.01638760813511908
2,256,9,0.015569731942377985
2,256,10,0.01606746856123209
2,256,11,0.016007368452847004
2,256,12,0.016153019038029015
2,256,13,0.015703438548371196
2,256,14,0.01590317045338452
2,256,15,0.016066055977717042
2,256,16,0.015962374047376215
2,256,17,0.015761925955303013
2,256,18,0.016079047927632928
2,256,19,0.015926217078231275
2,256,20,0.01572938694152981
2,256,21,0.01595814258325845
2,256,22,0.01583914295770228
2,256,23,0.01588243106380105
2,256,24,0.015884925960563123
2,256,25,0.015969323460012674
2,256,26,0.015701384632848203
2,256,27,0.016171519877389073
2,256,28,0.015791655518114567
2,256,29,0.016011208994314075
2,256,30,0.015884247492067516
2,256,31,0.016262266552075744
2,256,32,0.015530734439380467
2,256,33,0.01606236002407968
2,256,34,0.015918781515210867
2,256,35,0.016019289381802082
2,256,36,0.015621537575498223
2,256,37,0.016014296445064247
2,256,38,0.015822623041458428
2,256,39,0.01569272857159376
2,256,40,0.016043501440435648
2,256,41,0.015896693104878068
2,256,42,0.015943222329951823
2,256,43,0.015792166581377387
2,256,44,0.01583812793251127
2,256,45,0.01580933656077832
2,256,46,0.01630671601742506
2,256,47,0.015968366526067257
2,256,48,0.015730918501503766
2,256,49,0.015770622878335416
2,256,50,0.015961115015670657
2,256,51,0.01598116010427475
2,256,52,0.0159336639335379
2,256,53,0.01595436199568212
2,256,54,0.015881582512520254
2,256,55,0.01587964198552072
2,256,56,0.015999441500753164
2,256,57,0.016002595075406134
2,256,58,0.015619028941728175
2,256,59,0.015893379575572908
2,256,60,0.015974824433214962
2,256,61,0.016012873966246843
2,256,62,0.01564332249108702
2,256,63,0.016318069538101554
2,256,64,0.015494902501814067
2,256,65,0.01599503494799137
2,256,66,0.01605439162813127
2,256,67,0.01567399245686829
2,256,68,0.01587437291163951
2,256,69,0.016204344108700752
2,256,70,0.01568286691326648
2,256,71,0.016003534547053277
2,256,72,0.01575572940055281
2,256,73,0.016030441620387137
2,256,74,0.015852433047257364
2,256,75,0.01631090440787375
2,256,76,0.015790862613357604
2,256,77,0.015723840915597975
2,256,78,0.015637774486094713
2,256,79,0.0161380129866302
2,256,80,0.0159138694871217
2,256,81,0.01608632958959788
2,256,82,0.015646931948140264
2,256,83,0.015475364518351853
2,256,84,0.01595646154601127
2,256,85,0.01610590098425746
2,256,86,0.015760248992592096
2,256,87,0.015942157479003072
2,256,88,0.015897308476269245
2,256,89,0.015779630979523063
2,256,90,0.015484607545658946
2,256,91,0.016233096015639603
2,256,92,0.016027889447286725
2,256,93,0.015786056057550013
2,256,94,0.016010443912819028
2,256,95,0.016065894975326955
2,256,96,0.015429099556058645
2,256,97,0.016008745995350182
2,256,98,0.01603220251854509
2,256,99,0.015988748404197395
2,256,100,0.016132635064423084
2,256,101,0.015555947553366423
2,256,102,0.015866718953475356
2,256,103,0.015750983031466603
2,256,104,0.01597311708610505
2,256,105,0.015791040379554033
2,256,106,0.016122257569804788
2,256,107,0.015582901891320944
2,256,108,0.016069986508227885
2,256,109,0.015921758022159338
2,256,110,0.01573998760432005
2,256,111,0.01599006389733404
2,256,112,0.01565550046507269
2,256,113,0.01615177548956126
2,256,114,0.01576351060066372
2,256,115,0.01581224100664258
2,256,116,0.0160693374928087
2,256,117,0.015812621917575598
2,256,118,0.016000115079805255
2,256,119,0.01624314149376005
2,256,120,0.015427026432007551
2,256,121,0.01616521703545004
2,256,122,0.015732332947663963
2,256,123,0.016179830534383655
2,256,124,0.015561101492494345
2,256,125,0.016074440558440983
2,256,126,0.016121788532473147
2,256,127,0.015738955000415444
2,256,128,0.015863338368944824
2,256,129,0.01585761155001819
2,256,130,0.015566372545436025
2,256,131,0.016163573949597776
2,256,132,0.016021410119719803
2,256,133,0.01551644888240844
2,256,134,0.015990479034371674
2,256,135,0.016371053527109325
2,256,136,0.015610119909979403
2,256,137,0.016243678517639637
2,256,138,0.01604312052950263
2,256,139,0.01574552897363901
2,256,140,0.016133962548337877
2,256,141,0.016089510987512767
2,256,142,0.01590820145793259
2,256,143,0.015972672612406313
2,256,144,0.016100213979370892
2,256,145,0.01572387246415019
2,256,146,0.01569476746954024
2,256,147,0.01591079798527062
2,256,148,0.015728694037534297
2,256,149,0.015733212931081653
2,256,150,0.016313084634020925
2,256,151,0.01576116494834423
2,256,152,0.016257504001259804
2,256,153,0.015261579887010157
2,256,154,0.016009660554118454
2,256,155,0.015850326512008905
2,256,156,0.01617028098553419
2,256,157,0.01603228913154453
2,256,158,0.015581346349790692
2,256,159,0.01608653855510056
2,256,160,0.015727443620562553
2,256,161,0.01571489789057523
2,256,162,0.016335090971551836
2,256,163,0.015625857980921865
2,256,164,0.016046850127168
2,256,165,0.01585379138123244
2,256,166,0.01568932505324483
2,256,167,0.0157714718952775
2,256,168,0.016154214623384178
2,256,169,0.016281645046547055
2,256,170,0.015379096963442862
2,256,171,0.016069478471763432
2,256,172,0.01575460797175765
2,256,173,0.016064176568761468
2,256,174,0.016035670414566994
2,256,175,0.015668724081479013
2,256,176,0.016198061523027718
2,256,177,0.015676282346248627
2,256,178,0.016044095624238253
2,256,179,0.015876810532063246
2,256,180,0.015711468528024852
2,256,181,0.016255965922027826
2,256,182,0.01581409794744104
2,256,183,0.01567761553451419
2,256,184,0.01593285659328103
2,256,185,0.015870320377871394
2,256,186,0.01588903903029859
2,256,187,0.016188647015951574
2,256,188,0.0157018305035308
2,256,189,0.016025732969865203
2,256,190,0.015992378001101315
2,256,191,0.015535329468548298
2,256,192,0.016108875977806747
2,256,193,0.016248414642177522
2,256,194,0.016033335938118398
2,256,195,0.01583833945915103
2,256,196,0.01544057042337954
2,256,197,0.01635734853334725
2,256,198,0.015607017558068037
2,256,199,0.01588117645587772
2,256,200,0.015885306522250175
2,256,201,0.015975201036781073
2,256,202,0.016305966419167817
2,256,203,0.015466537675820291
2,256,204,0.015702593373134732
2,256,205,0.016077280044555664
2,256,206,0.01592024601995945
2,256,207,0.01595307735260576
2,256,208,0.01610934908967465
2,256,209,0.015766516444273293
2,256,210,0.015876785037107766
2,256,211,0.01573365810327232
2,256,212,0.015810149954631925
2,256,213,0.01596167648676783
2,256,214,0.016000929987058043
2,256,215,0.015916715026833117
2,256,216,0.015959976939484477
2,256,217,0.015674659051001072
2,256,218,0.01620996545534581
2,256,219,0.015643242513760924
2,256,220,0.016173455049283803
2,256,221,0.01609632291365415
2,256,222,0.016041013062931597
2,256,223,0.0155197458807379
2,256,224,0.01601366652175784
2,256,225,0.015928519540466368
2,256,226,0.015969170606695116
2,256,227,0.015772740938700736
2,256,228,0.015758389956317842
2,256,229,0.016049199039116502
2,256,230,0.015785258496180177
2,256,231,0.01584195694886148
2,256,232,0.016114767524413764
2,256,233,0.015679452917538583
2,256,234,0.016280542127788067
2,256,235,0.015938846510834992
2,256,236,0.01567705743946135
2,256,237,0.015846033464185894
2,256,238,0.015992108616046607
2,256,239,0.016019524889998138
2,256,240,0.015999149531126022
2,256,241,0.015716460067778826
2,256,242,0.015632215421646833
2,256,243,0.01618728705216199
2,256,244,0.015830677933990955
2,256,245,0.016121811466291547
2,256,246,0.015708941034972668
2,256,247,0.01599287800490856
2,256,248,0.01558313297573477
2,256,249,0.015920213074423373
2,256,250,0.015944642014801502
2,256,251,0.016204411978833377
2,256,252,0.01610333996359259
2,256,253,0.01574527460616082
2,256,254,0.01607984595466405
2,256,255,0.0163845979841426
2,1024,4,0.016202084138058126
2,1024,5,0.01629774086177349
2,1024,6,0.016355452011339366
2,1024,7,0.01583312905859202
2,1024,8,0.01623184501659125
2,1024,9,0.015567855560220778
2,1024,10,0.016397989937104285
2,1024,11,0.015834196005016565
2,1024,12,0.016052662977017462
2,1024,13,0.016184046515263617
2,1024,14,0.016198136494494975
2,1024,15,0.01576220605056733
2,1024,16,0.015759644913487136
2,1024,17,0.016025032033212483
2,1024,18,0.016256214468739927
2,1024,19,0.015784850460477173
2,1024,20,0.01621424313634634
2,1024,21,0.01620553049724549
2,1024,22,0.015639919438399374
2,1024,23,0.016042829491198063
2,1024,24,0.01578406197950244
2,1024,25,0.016452952520921826
2,1024,26,0.0157827774528414
2,1024,27,0.016106257564388216
2,1024,28,0.015672230976633728
2,1024,29,0.016027205507270992
2,1024,30,0.01608525204937905
2,1024,31,0.015857442980632186
2,1024,32,0.016002569580450654
2,1024,33,0.016451751929707825
2,1024,34,0.01565317646600306
2,1024,35,0.015956527553498745
2,1024,36,0.0159432910149917
2,1024,37,0.016048633959144354
2,1024,38,0.0161424403777346
2,1024,39,0.01589522312860936
2,1024,40,0.01626873097848147
2,1024,41,0.015888117952272296
2,1024,42,0.016158287529833615
2,1024,43,0.015812542522326112
2,1024,44,0.016007837024517357
2,1024,45,0.016276754904538393
2,1024,46,0.0158228570362553
2,1024,47,0.016047517536208034
2,1024,48,0.016010479419492185
2,1024,49,0.015924970037303865
2,1024,50,0.01623399753589183
2,1024,51,0.01580126548651606
2,1024,52,0.015942924423143268
2,1024,53,0.01591435505542904
2,1024,54,0.015890795970335603
2,1024,55,0.016220181598328054
2,1024,56,0.015933198970742524
2,1024,57,0.016194708412513137
2,1024,58,0.015840723644942045
2,1024,59,0.01601433241739869
2,1024,60,0.015743650496006012
2,1024,61,0.015991889988072217
2,1024,62,0.015958620002493262
2,1024,63,0.01639594102744013
2,1024,64,0.016000087489373982
2,1024,65,0.016088035539723933
2,1024,66,0.0158969359472394
2,1024,67,0.01575917808804661
2,1024,68,0.016121845925226808
2,1024,69,0.015721965464763343
2,1024,70,0.016065812553279102
2,1024,71,0.016128496965393424
2,1024,72,0.015738360583782196
2,1024,73,0.015785174444317818
2,1024,74,0.016266103484667838
2,1024,75,0.01586188201326877
2,1024,76,0.015771589474752545
2,1024,77,0.016507481574080884
2,1024,78,0.015960411401465535
2,1024,79,0.015664202976040542
2,1024,80,0.016345148091204464
2,1024,81,0.015964874415658414
2,1024,82,0.01625442155636847
2,1024,83,0.015921166515909135
2,1024,84,0.01589062949642539
2,1024,85,0.015734208398498595
2,1024,86,0.01616870053112507
2,1024,87,0.01610247208736837
2,1024,88,0.01553938107099384
2,1024,89,0.016403170418925583
2,1024,90,0.016048823948949575
2,1024,91,0.0157549170544371
2,1024,92,0.01580550253856927
2,1024,93,0.016465887892991304
2,1024,94,0.01542024256195873
2,1024,95,0.016407814458943903
2,1024,96,0.01587187102995813
2,1024,97,0.016070471960119903
2,1024,98,0.01563217001967132
2,1024,99,0.016407080460339785
2,1024,100,0.015934281051158905
2,1024,101,0.015738615998998284
2,1024,102,0.01629731652792543
2,1024,103,0.0159544434864074
2,1024,104,0.01589349447749555
2,1024,105,0.016146228997968137
2,1024,106,0.01613638992421329
2,1024,107,0.015766401076689363
2,1024,108,0.01622067461721599
2,1024,109,0.01605309743899852
2,1024,110,0.015967271523550153
2,1024,111,0.015804163529537618
2,1024,112,0.016065005911514163
2,1024,113,0.016066870535723865
2,1024,114,0.016309294966049492
2,1024,115,0.015623894520103931
2,1024,116,0.016353141516447067
2,1024,117,0.015979116898961365
2,1024,118,0.01591056666802615
2,1024,119,0.015758330351673067
2,1024,120,0.016356233041733503
2,1024,121,0.01582276599947363
2,1024,122,0.016090758959762752
2,1024,123,0.016207763110287488
2,1024,124,0.01591915439348668
2,1024,125,0.016139875049702823
2,1024,126,0.016062648966908455
2,1024,127,0.016174172051250935
2,1024,128,0.01637192303314805
2,1024,129,0.015781292342580855
2,1024,130,0.01585033058654517
2,1024,131,0.015950123080983758
2,1024,132,0.015979312476702034
2,1024,133,0.016419207910075784
2,1024,134,0.0159327870933339
2,1024,135,0.015814918442629278
2,1024,136,0.01604747853707522
2,1024,137,0.015941461897455156
2,1024,138,0.015869648079387844
2,1024,139,0.016049773897975683
2,1024,140,0.016300882096402347
2,1024,141,0.016141269938088953
2,1024,142,0.01532660552766174
2,1024,143,0.016152251046150923
2,1024,144,0.016106124967336655
2,1024,145,0.015906776068732142
2,1024,146,0.01630679192021489
2,1024,147,0.01595913153141737
2,1024,148,0.015918036573566496
2,1024,149,0.01579572190530598
2,1024,150,0.016301124007441103
2,1024,151,0.01558057893998921
2,1024,152,0.01640106609556824
2,1024,153,0.015895258984528482
2,1024,154,0.015709581435658038
2,1024,155,0.015978230047039688
2,1024,156,0.015966857550665736
2,1024,157,0.016081855515949428
2,1024,158,0.016069158911705017
2,1024,159,0.015934395021758974
2,1024,160,0.016114296508021653
2,1024,161,0.015980712021701038
2,1024,162,0.015963570913299918
2,1024,163,0.016125101130455732
2,1024,164,0.015828668954782188
2,1024,165,0.016102654044516385
2,1024,166,0.01624967937823385
2,1024,167,0.01574123604223132
2,1024,168,0.01596612751018256
2,1024,169,0.01597727893386036
2,1024,170,0.0160776455886662
2,1024,171,0.01617574749980122
2,1024,172,0.016253567999228835
2,1024,173,0.015582158579491079
2,1024,174,0.01585674996022135
2,1024,175,0.016671919845975935
2,1024,176,0.015500309062190354
2,1024,177,0.01619230560027063
2,1024,178,0.01616708340588957
2,1024,179,0.016210684436373413
2,1024,180,0.01567140710540116
2,1024,181,0.01577895588707179
2,1024,182,0.016230246052145958
2,1024,183,0.015899891033768654
2,1024,184,0.016080938512459397
2,1024,185,0.01618564350064844
2,1024,186,0.015861915424466133
2,1024,187,0.015936749055981636
2,1024,188,0.01628172304481268
2,1024,189,0.01590058207511902
2,1024,190,0.01573872845619917
2,1024,191,0.016470120870508254
2,1024,192,0.015777644468471408
2,1024,193,0.015951482579112053
2,1024,194,0.016266905004158616
2,1024,195,0.016004396020434797
2,1024,196,0.01584711147006601
2,1024,197,0.015925175044685602
2,1024,198,0.015942208468914032
2,1024,199,0.0159054595278576
2,1024,200,0.01622281805612147
2,1024,201,0.015868354006670415
2,1024,202,0.016015711473301053
2,1024,203,0.016363567439839244
2,1024,204,0.01604210154619068
2,1024,205,0.01595770299900323
2,1024,206,0.015980351017788053
2,1024,207,0.016267157392576337
2,1024,208,0.015663731144741178
2,1024,209,0.016282276017591357
2,1024,210,0.015953199355863035
2,1024,211,0.015944504993967712
2,1024,212,0.015951588982716203
2,1024,213,0.016200523474253714
2,1024,214,0.015862454543821514
2,1024,215,0.016069793491624296
2,1024,216,0.016145137953571975
2,1024,217,0.015963323530741036
2,1024,218,0.015771028120070696
2,1024,219,0.015976317459717393
2,1024,220,0.016608160571195185
2,1024,221,0.015716868918389082
2,1024,222,0.016295597073622048
2,1024,223,0.015947610489092767
2,1024,224,0.016126138856634498
2,1024,225,0.01572220411617309
2,1024,226,0.01605102955363691
2,1024,227,0.01627312391065061
2,1024,228,0.015834427438676357
2,1024,229,0.016259886557236314
2,1024,230,0.01550343248527497
2,1024,231,0.015910919988527894
2,1024,232,0.016202048980630934
2,1024,233,0.01590548106469214
2,1024,234,0.01646020356565714
2,1024,235,0.01575861033052206
2,1024,236,0.015761839575134218
2,1024,237,0.01603132952004671
2,1024,238,0.016537868417799473
2,1024,239,0.015921805636025965
2,1024,240,0.015497031854465604
2,1024,241,0.016679491032846272
2,1024,242,0.01583563897293061
2,1024,243,0.01560118654742837
2,1024,244,0.016248825006186962
2,1024,245,0.01608344749547541
2,1024,246,0.01589453697670251
2,1024,247,0.016258269548416138
2,1024,248,0.015889848000369966
2,1024,249,0.016092782490886748
2,1024,250,0.0157508630072698
2,1024,251,0.01624467095825821
2,1024,252,0.015963670099154115
2,1024,253,0.01607751939445734
2,1024,254,0.016224976512603462
2,1024,255,0.016296786488965154
2,4096,4,0.016233162488788366
2,4096,5,0.016438912018202245
2,4096,6,0.01632056152448058
2,4096,7,0.016197400982491672
2,4096,8,0.01625424704980105
2,4096,9,0.01624649204313755
2,4096,10,0.016477261437103152
2,4096,11,0.01651372399646789
2,4096,12,0.01610575441736728
2,4096,13,0.01623566751368344
2,4096,14,0.016334268497303128
2,4096,15,0.016072443570010364
2,4096,16,0.016269335406832397
2,4096,17,0.016403282643295825
2,4096,18,0.01611615833826363
2,4096,19,0.016314335633069277
2,4096,20,0.016278962953947484
2,4096,21,0.015908619039691985
2,4096,22,0.016177196986973286
2,4096,23,0.01617492246441543
2,4096,24,0.01616818259935826
2,4096,25,0.016342751448974013
2,4096,26,0.016245262464508414
2,4096,27,0.016130816540680826
2,4096,28,0.016140186926349998
2,4096,29,0.0160805945051834
2,4096,30,0.01629815495107323
2,4096,31,0.01638513000216335
2,4096,32,0.016171839088201523
2,4096,33,0.016148589900694788
2,4096,34,0.015978149138391018
2,4096,35,0.016138547915033996
2,4096,36,0.01636020198930055
2,4096,37,0.016092543955892324
2,4096,38,0.016152588068507612
2,4096,39,0.01624126045498997
2,4096,40,0.016198498546145856
2,4096,41,0.016207029577344656
2,4096,42,0.016304922406561673
2,4096,43,0.01613933953922242
2,4096,44,0.016231774003244936
2,4096,45,0.01645251945592463
2,4096,46,0.016053631086833775
2,4096,47,0.016031046863645315
2,4096,48,0.016353168059140444
2,4096,49,0.016186531051062047
2,4096,50,0.016177271958440542
2,4096,51,0.01629732153378427
2,4096,52,0.016113141435198486
2,4096,53,0.01612029946409166
2,4096,54,0.016197149991057813
2,4096,55,0.016177868121303618
2,4096,56,0.016120103420689702
2,4096,57,0.01624656654894352
2,4096,58,0.01625018345657736
2,4096,59,0.016002594027668238
2,4096,60,0.016049874015152454
2,4096,61,0.01638153800740838
2,4096,62,0.01649886346422136
2,4096,63,0.016242506098933518
2,4096,64,0.01621828693896532
2,4096,65,0.016090085497125983
2,4096,66,0.016224107006564736
2,4096,67,0.016349990502931178
2,4096,68,0.016064268071204424
2,4096,69,0.01611576194409281
2,4096,70,0.01631578546948731
2,4096,71,0.01643852493725717
2,4096,72,0.01634588756132871
2,4096,73,0.016270543448626995
2,4096,74,0.01606374909169972
2,4096,75,0.01620639697648585
2,4096,76,0.016379145439714193
2,4096,77,0.016227408545091748
2,4096,78,0.016134087461978197
2,4096,79,0.016123792971484363
2,4096,80,0.01609905599616468
2,4096,81,0.01627794955857098
2,4096,82,0.016368230571970344
2,4096,83,0.01623201137408614
2,4096,84,0.0161495580105111
2,4096,85,0.01618070004042238
2,4096,86,0.016188414534553885
2,4096,87,0.016115667996928096
2,4096,88,0.016134777921251953
2,4096,89,0.016280802548862994
2,4096,90,0.016114072990603745
2,4096,91,0.01607047754805535
2,4096,92,0.01618963200598955
2,4096,93,0.016135171055793762
2,4096,94,0.016264931415207684
2,4096,95,0.01636411645449698
2,4096,96,0.01621027907822281
2,4096,97,0.016119311447255313
2,4096,98,0.016278423951007426
2,4096,99,0.016177939134649932
2,4096,100,0.016046151984483004
2,4096,101,0.01622717548161745
2,4096,102,0.016454098979011178
2,4096,103,0.016150476993061602
2,4096,104,0.01617338799405843
2,4096,105,0.016310486011207104
2,4096,106,0.016179436002857983
2,4096,107,0.016319318441674113
2,4096,108,0.016217689029872417
2,4096,109,0.015954370028339326
2,4096,110,0.016297325491905212
2,4096,111,0.016306850011460483
2,4096,112,0.015982981538400054
2,4096,113,0.016272224951535463
2,4096,114,0.016345858573913574
2,4096,115,0.016046861419454217
2,4096,116,0.016063636518083513
2,4096,117,0.016380172921344638
2,4096,118,0.016109211603179574
2,4096,119,0.015969669446349144
2,4096,120,0.016387406503781676
2,4096,121,0.016369507531635463
2,4096,122,0.01621408644132316
2,4096,123,0.016186440945602953
2,4096,124,0.01619618316181004
2,4096,125,0.01614615134894848
2,4096,126,0.016317637055180967
2,4096,127,0.01632255909498781
2,4096,128,0.015962201985530555
2,4096,129,0.016215811832807958
2,4096,130,0.01628962461836636
2,4096,131,0.016124243498779833
2,4096,132,0.016110444557853043
2,4096,133,0.016318507841788232
2,4096,134,0.016214811010286212
2,4096,135,0.016262109042145312
2,4096,136,0.016336507978849113
2,4096,137,0.016123497975058854
2,4096,138,0.016275773639790714
2,4096,139,0.016244600876234472
2,4096,140,0.015992796630598605
2,4096,141,0.01608158089220524
2,4096,142,0.016349707497283816
2,4096,143,0.016318090027198195
2,4096,144,0.01617057458497584
2,4096,145,0.01613722345791757
2,4096,146,0.016241505392827094
2,4096,147,0.016266341088339686
2,4096,148,0.016233601490966976
2,4096,149,0.016162007465027273
2,4096,150,0.016254349960945547
2,4096,151,0.016248360043391585
2,4096,152,0.01608860702253878
2,4096,153,0.016110679949633777
2,4096,154,0.016205401509068906
2,4096,155,0.01614851609338075
2,4096,156,0.016271227970719337
2,4096,157,0.016303798998706043
2,4096,158,0.016139853978529572
2,4096,159,0.015970684471540153
2,4096,160,0.016164397005923092
2,4096,161,0.016319761984050274
2,4096,162,0.01623638451565057
2,4096,163,0.01608916895929724
2,4096,164,0.016188075067475438
2,4096,165,0.016201868536882102
2,4096,166,0.016232262481935322
2,4096,167,0.01634588500019163
2,4096,168,0.01623772003222257
2,4096,169,0.01636570948176086
2,4096,170,0.016135885496623814
2,4096,171,0.015992619446478784
2,4096,172,0.016267014550976455
2,4096,173,0.01618894247803837
2,4096,174,0.016064822091721
2,4096,175,0.01640891144052148
2,4096,176,0.016287022968754172
2,4096,177,0.016200751066207886
2,4096,178,0.0163267474854365
2,4096,179,0.01608423248399049
2,4096,180,0.016031065955758095
2,4096,181,0.01633231993764639
2,4096,182,0.016349350102245808
2,4096,183,0.01612012041732669
2,4096,184,0.01613341795746237
2,4096,185,0.016299518523737788
2,4096,186,0.01633269211743027
2,4096,187,0.016205565887503326
2,4096,188,0.016096094041131437
2,4096,189,0.016091855941340327
2,4096,190,0.01613853918388486
2,4096,191,0.01636927737854421
2,4096,192,0.01654914708342403
2,4096,193,0.016138647450134158
2,4096,194,0.015877646976150572
2,4096,195,0.016259942553006113
2,4096,196,0.016213356517255306
2,4096,197,0.016204755404032767
2,4096,198,0.01633405953180045
2,4096,199,0.016066942480392754
2,4096,200,0.01627490797545761
2,4096,201,0.016376292100176215
2,4096,202,0.016121828462928534
2,4096,203,0.016217538504861295
2,4096,204,0.016226233914494514
2,4096,205,0.016126679023727775
2,4096,206,0.016366389929316938
2,4096,207,0.016216384596191347
2,4096,208,0.016147301415912807
2,4096,209,0.016322034527547657
2,4096,210,0.016228452092036605
2,4096,211,0.016238679876551032
2,4096,212,0.016145455068908632
2,4096,213,0.01622883602976799
2,4096,214,0.016293134540319443
2,4096,215,0.01606347248889506
2,4096,216,0.01616191293578595
2,4096,217,0.016378081520088017
2,4096,218,0.016240969067439437
2,4096,219,0.016089466982521117
2,4096,220,0.016239679884165525
2,4096,221,0.01607227756176144
2,4096,222,0.016188886016607285
2,4096,223,0.01629190449602902
2,4096,224,0.016064209979958832
2,4096,225,0.016158776124939322
2,4096,226,0.01644357293844223
2,4096,227,0.01625790144316852
2,4096,228,0.016114987549372017
2,4096,229,0.016186473076231778
2,4096,230,0.016084096976555884
2,4096,231,0.016305643948726356
2,4096,232,0.016382246394641697
2,4096,233,0.01608207810204476
2,4096,234,0.016126365982927382
2,4096,235,0.016147476970218122
2,4096,236,0.01612741861026734
2,4096,237,0.01622225495520979
2,4096,238,0.01622070837765932
2,4096,239,0.016297763562761247
2,4096,240,0.016321533010341227
2,4096,241,0.0163811850361526
2,4096,242,0.016229370958171785
2,4096,243,0.016157906968146563
2,4096,244,0.016138242557644844
2,4096,245,0.01603844843339175
2,4096,246,0.01604972209315747
2,4096,247,0.01630199095234275
2,4096,248,0.016221810597926378
2,4096,249,0.01610415894538164
2,4096,250,0.016207289416342974
2,4096,251,0.016311743995174766
2,4096,252,0.016179723548702896
2,4096,253,0.016094902530312538
2,4096,254,0.016394584556110203
2,4096,255,0.016466400353237987
4,64,4,0.01615516864694655
4,64,5,0.01613824034575373
4,64,6,0.01598527596797794
4,64,7,0.01616709236986935
4,64,8,0.016106123104691505
4,64,9,0.01603278797119856
4,64,10,0.01613347709644586
4,64,11,0.016190608614124358
4,64,12,0.01605620246846229
4,64,13,0.016089801560156047
4,64,14,0.016094368998892605
4,64,15,0.01608561002649367
4,64,16,0.01609898346941918
4,64,17,0.016103812959045172
4,64,18,0.01594869454856962
4,64,19,0.0158858165377751
4,64,20,0.016199046513065696
4,64,21,0.01624338759575039
4,64,22,0.015883528511039913
4,64,23,0.0158820174401626
4,64,24,0.01611276308540255
4,64,25,0.016135209472849965
4,64,26,0.016144174034707248
4,64,27,0.01604897843208164
4,64,28,0.01592052390333265
4,64,29,0.016081030946224928
4,64,30,0.01619315764401108
4,64,31,0.016127621405757964
4,64,32,0.015980068943463266
4,64,33,0.015910802059806883
4,64,34,0.01601647213101387
4,64,35,0.016103429486975074
4,64,36,0.016151798074133694
4,64,37,0.016053147963248193
4,64,38,0.01593113038688898
4,64,39,0.015990546089597046
4,64,40,0.01608453702647239
4,64,41,0.016014826949685812
4,64,42,0.015994604560546577
4,64,43,0.015997304464690387
4,64,44,0.01606922852806747
4,64,45,0.01609953702427447
4,64,46,0.016042614937759936
4,64,47,0.015979268588125706
4,64,48,0.016120180836878717
4,64,49,0.016046166536398232
4,64,50,0.015834165969863534
4,64,51,0.016114988597109914
4,64,52,0.01621605991385877
4,64,53,0.016042348579503596
4,64,54,0.015901698963716626
4,64,55,0.01630896399728954
4,64,56,0.016229440574534237
4,64,57,0.016042707371525466
4,64,58,0.016112299053929746
4,64,59,0.01598666957579553
4,64,60,0.015987677383236587
4,64,61,0.015981767559424043
4,64,62,0.016046060947701335
4,64,63,0.016078919521532953
4,64,64,0.016053017461672425
4,64,65,0.01621747890021652
4,64,66,0.01609455398283899
4,64,67,0.016285051475279033
4,64,68,0.016179226571694016
4,64,69,0.016001609503291547
4,64,70,0.016216172487474978
4,64,71,0.01612902490887791
4,64,72,0.01610563904978335
4,64,73,0.015993980458006263
4,64,74,0.016107826493680477
4,64,75,0.016320520546287298
4,64,76,0.016286562546156347
4,64,77,0.016042490489780903
4,64,78,0.016108674462884665
4,64,79,0.016078852582722902
4,64,80,0.01619964698329568
4,64,81,0.016210398986004293
4,64,82,0.01610273856204003
4,64,83,0.016225655912421644
4,64,84,0.016169688547961414
4,64,85,0.016036608489230275
4,64,86,0.016124001471325755
4,64,87,0.016063758870586753
4,64,88,0.016382578993216157
4,64,89,0.016417223494499922
4,64,90,0.016102969530038536
4,64,91,0.016163860564120114
4,64,92,0.016136493999511003
4,64,93,0.016098736552521586
4,64,94,0.01606696960516274
4,64,95,0.0160859115421772
4,64,96,0.016080018947832286
4,64,97,0.016112172976136208
4,64,98,0.01597542653325945
4,64,99,0.016014505992643535
4,64,100,0.016320186434313655
4,64,101,0.01626252243295312
4,64,102,0.016058120992965996
4,64,103,0.01618791907094419
4,64,104,0.01617296296171844
4,64,105,0.01616895606275648
4,64,106,0.016025235527195036
4,64,107,0.01609254302456975
4,64,108,0.016217921511270106
4,64,109,0.016113566933199763
4,64,110,0.015988314989954233
4,64,111,0.016089650569483638
4,64,112,0.01621115894522518
4,64,113,0.01613223203457892
4,64,114,0.016108036506921053
4,64,115,0.016167666879482567
4,64,116,0.01613484846893698
4,64,117,0.01618434744887054
4,64,118,0.01621934410650283
4,64,119,0.016042313538491726
4,64,120,0.016128821531310678
4,64,121,0.01614124805200845
4,64,122,0.016030999016948044
4,64,123,0.016137700993567705
4,64,124,0.01634251361247152
4,64,125,0.01618404604960233
4,64,126,0.01605208544060588
4,64,127,0.016142429900355637
4,64,128,0.01616615802049637
4,64,129,0.016045052441768348
4,64,130,0.01612595107872039
4,64,131,0.016046859440393746
4,64,132,0.016175815020687878
4,64,133,0.01635759009514004
4,64,134,0.01609432406257838
4,64,135,0.015955601003952324
4,64,136,0.016120690968818963
4,64,137,0.016160117462277412
4,64,138,0.01611673936713487
4,64,139,0.016171332099474967
4,64,140,0.01607988344039768
4,64,141,0.01608922751620412
4,64,142,0.016219423501752317
4,64,143,0.01611790945753455
4,64,144,0.016048342920839787
4,64,145,0.016130084521137178
4,64,146,0.01611521909944713
4,64,147,0.016105315531603992
4,64,148,0.01597337005659938
4,64,149,0.016136998892761767
4,64,150,0.016174189979210496
4,64,151,0.01610116905067116
4,64,152,0.01615501055493951
4,64,153,0.016111621516756713
4,64,154,0.01603204954881221
4,64,155,0.015997136128135026
4,64,156,0.016010387451387942
4,64,157,0.01629068108741194
4,64,158,0.016312273452058434
4,64,159,0.016117693041451275
4,64,160,0.016050120000727475
4,64,161,0.016001126496121287
4,64,162,0.016121278051286936
4,64,163,0.016207877546548843
4,64,164,0.016150774899870157
4,64,165,0.016078640357591212
4,64,166,0.01603980059735477
4,64,167,0.01604472193866968
4,64,168,0.01626364840194583
4,64,169,0.017538655549287796
4,64,170,0.016279537929221988
4,64,171,0.01490362302865833
4,64,172,0.01595077058300376
4,64,173,0.016055807354860008
4,64,174,0.016119025996886194
4,64,175,0.01605832704808563
4,64,176,0.016080002416856587
4,64,177,0.016342215472832322
4,64,178,0.016229063039645553
4,64,179,0.01603257143869996
4,64,180,0.01627302949782461
4,64,181,0.016177635407075286
4,64,182,0.015993702108971775
4,64,183,0.016071302467025816
4,64,184,0.016134130535647273
4,64,185,0.016117737046442926
4,64,186,0.016071519465185702
4,64,187,0.016159631544724107
4,64,188,0.016236181487329304
4,64,189,0.016108502517454326
4,64,190,0.01611113897524774
4,64,191,0.016044575022533536
4,64,192,0.016189093817956746
4,64,193,0.016477740602567792
4,64,194,0.016261529875919223
4,64,195,0.015916073927655816
4,64,196,0.016183603089302778
4,64,197,0.016293628956191242
4,64,198,0.016175953554920852
4,64,199,0.01622013549786061
4,64,200,0.016132750548422337
4,64,201,0.0160947700496763
4,64,202,0.016221102909184992
4,64,203,0.0161583439912647
4,64,204,0.01596735301427543
4,64,205,0.01631617802195251
4,64,206,0.01628752041142434
4,64,207,0.015995769994333386
4,64,208,0.01613203703891486
4,64,209,0.016135272453539073
4,64,210,0.016169476439245045
4,64,211,0.016354667604900897
4,64,212,0.01614154048729688
4,64,213,0.016052170074544847
4,64,214,0.016301768482662737
4,64,215,0.016072136582806706
4,64,216,0.01599755242932588
4,64,217,0.016229198430664837
4,64,218,0.016352537903003395
4,64,219,0.016297872527502477
4,64,220,0.016189410351216793
4,64,221,0.01601812813896686
4,64,222,0.01597823144402355
4,64,223,0.016229549888521433
4,64,224,0.01644773397129029
4,64,225,0.016278175986371934
4,64,226,0.01603834703564644
4,64,227,0.016170614981092513
4,64,228,0.01604077045340091
4,64,229,0.016149408533237875
4,64,230,0.016446109511889517
4,64,231,0.01621047151274979
4,64,232,0.016041944967582822
4,64,233,0.0161127345636487
4,64,234,0.01607630413491279
4,64,235,0.016164668486453593
4,64,236,0.016171359457075596
4,64,237,0.016207434120588005
4,64,238,0.016285767080262303
4,64,239,0.016274999012239277
4,64,240,0.01621686900034547
4,64,241,0.016171531984582543
4,64,242,0.016060680500231683
4,64,243,0.016393399913795292
4,64,244,0.016513553098775446
4,64,245,0.01596794242504984
4,64,246,0.015956356073729694
4,64,247,0.016137982485815883
4,64,248,0.016120920539833605
4,64,249,0.016334948944859207
4,64,250,0.016218721983022988
4,64,251,0.016052132472395897
4,64,252,0.016305100987665355
4,64,253,0.0161301865009591
4,64,254,0.016204170999117196
4,64,255,0.016332710394635797
4,256,4,0.016145163448527455
4,256,5,0.016299388953484595
4,256,6,0.016764039522968233
4,256,7,0.016095455503091216
4,256,8,0.01633480715099722
4,256,9,0.016016746987588704
4,256,10,0.016417040955275297
4,256,11,0.01615261344704777
4,256,12,0.016462419065646827
4,256,13,0.016053535975515842
4,256,14,0.0161961130797863
4,256,15,0.016245298320427537
4,256,16,0.016056164051406085
4,256,17,0.016163917374797165
4,256,18,0.016482442966662347
4,256,19,0.016088675474748015
4,256,20,0.01618610497098416
4,256,21,0.016057164524681866
4,256,22,0.01641445851419121
4,256,23,0.015858476981520653
4,256,24,0.0161822319496423
4,256,25,0.016457148594781756
4,256,26,0.0162180409533903
4,256,27,0.01583683956414461
4,256,28,0.016409399919211864
4,256,29,0.01643249939661473
4,256,30,0.0160519810160622
4,256,31,0.016408951953053474
4,256,32,0.016065965057350695
4,256,33,0.01622853148728609
4,256,34,0.01630565442610532
4,256,35,0.015724137076176703
4,256,36,0.01618958788458258
4,256,37,0.01660670794080943
4,256,38,0.01599113515112549
4,256,39,0.016221648082137108
4,256,40,0.01605343644041568
4,256,41,0.01609262905549258
4,256,42,0.016539497417397797
4,256,43,0.016128763556480408
4,256,44,0.01641762990038842
4,256,45,0.01609953714068979
4,256,46,0.01588853495195508
4,256,47,0.016213009948842227
4,256,48,0.01623714412562549
4,256,49,0.016099072410725057
4,256,50,0.016363202943466604
4,256,51,0.01614291954319924
4,256,52,0.01588883949443698
4,256,53,0.016507250489667058
4,256,54,0.016471788519993424
4,256,55,0.016011620522476733
4,256,56,0.016202965402044356
4,256,57,0.01625805103685707
4,256,58,0.01594002149067819
4,256,59,0.016174104996025562
4,256,60,0.016128284041769803
4,256,61,0.01612514245789498
4,256,62,0.01665613055229187
4,256,63,0.01593712402973324
4,256,64,0.01616080943495035
4,256,65,0.016286376514472067
4,256,66,0.015918472432531416
4,256,67,0.01642421749420464
4,256,68,0.016081503592431545
4,256,69,0.016134023549966514
4,256,70,0.016118169529363513
4,256,71,0.01606897299643606
4,256,72,0.016276914975605905
4,256,73,0.01628939260262996
4,256,74,0.01603162649553269
4,256,75,0.016741152969188988
4,256,76,0.015995242982171476
4,256,77,0.016165130073204637
4,256,78,0.01642333099152893
4,256,79,0.015799790620803833
4,256,80,0.016227153479121625
4,256,81,0.01634806953370571
4,256,82,0.016202905913814902
4,256,83,0.0161361355567351
4,256,84,0.016490080393850803
4,256,85,0.015809532604180276
4,256,86,0.016447158996015787
4,256,87,0.01600668451283127
4,256,88,0.016109938034787774
4,256,89,0.01632610394153744
4,256,90,0.015923815430141985
4,256,91,0.01612605096306652
4,256,92,0.016327415592968464
4,256,93,0.01621493452694267
4,256,94,0.01641123997978866
4,256,95,0.01634635403752327
4,256,96,0.015916381147690117
4,256,97,0.016136109363287687
4,256,98,0.01627377897966653
4,256,99,0.0160294349770993
4,256,100,0.01671644242014736
4,256,101,0.015920586534775794
4,256,102,0.01628327346406877
4,256,103,0.016035858541727066
4,256,104,0.01617837545927614
4,256,105,0.0161855339538306
4,256,106,0.016357625485397875
4,256,107,0.01644392847083509
4,256,108,0.016256559058092535
4,256,109,0.016299991868436337
4,256,110,0.01609555399045348
4,256,111,0.0161645490443334
4,256,112,0.01613739354070276
4,256,113,0.016232190537266433
4,256,114,0.016232030000537634
4,256,115,0.016131084063090384
4,256,116,0.016140380408614874
4,256,117,0.015860159415751696
4,256,118,0.01652546157129109
4,256,119,0.016320444527082145
4,256,120,0.01615337748080492
4,256,121,0.01608339650556445
4,256,122,0.016299461014568806
4,256,123,0.016456264536827803
4,256,124,0.015948186977766454
4,256,125,0.016354704974219203
4,256,126,0.01630373252555728
4,256,127,0.01613897446077317
4,256,128,0.016208167420700192
4,256,129,0.016188897076062858
4,256,130,0.016176475561223924
4,256,131,0.01624978648032993
4,256,132,0.01630927249789238
4,256,133,0.015926961437799037
4,256,134,0.01654041896108538
4,256,135,0.01590849703643471
4,256,136,0.016235612449236214
4,256,137,0.016504469560459256
4,256,138,0.01589896052610129
4,256,139,0.016199450008571148
4,256,140,0.016556178918108344
4,256,141,0.01581087161321193
4,256,142,0.016325636417604983
4,256,143,0.01609308854676783
4,256,144,0.016352169448509812
4,256,145,0.016239098040387034
4,256,146,0.016186387394554913
4,256,147,0.015956881106831133
4,256,148,0.016297642490826547
4,256,149,0.015993806649930775
4,256,150,0.01661984797101468
4,256,151,0.016261591343209147
4,256,152,0.015899549121968448
4,256,153,0.016380773507989943
4,256,154,0.016051443526521325
4,256,155,0.016320308903232217
4,256,156,0.01651398546528071
4,256,157,0.01602425251621753
4,256,158,0.016112803015857935
4,256,159,0.016204674378968775
4,256,160,0.01631520758382976
4,256,161,0.016281916527077556
4,256,162,0.016046176431700587
4,256,163,0.016326121985912323
4,256,164,0.01616040349472314
4,256,165,0.01634292840026319
4,256,166,0.01597785297781229
4,256,167,0.016469944617711008
4,256,168,0.016288065817207098
4,256,169,0.016174023505300283
4,256,170,0.016300345538184047
4,256,171,0.01606861047912389
4,256,172,0.016397585510276258
4,256,173,0.016004550037905574
4,256,174,0.016252282541245222
4,256,175,0.01636607199907303
4,256,176,0.016028727521188557
4,256,177,0.016412956407293677
4,256,178,0.015977155999280512
4,256,179,0.01649772794917226
4,256,180,0.016251321998424828
4,256,181,0.016407508053816855
4,256,182,0.016290558967739344
4,256,183,0.015923309023492038
4,256,184,0.01656900905072689
4,256,185,0.016318841953761876
4,256,186,0.016445323592051864
4,256,187,0.016286468948237598
4,256,188,0.016426895512267947
4,256,189,0.01598159794230014
4,256,190,0.0163858545711264
4,256,191,0.016384679940529168
4,256,192,0.015903998049907386
4,256,193,0.016293352004140615
4,256,194,0.015958501491695642
4,256,195,0.016411225078627467
4,256,196,0.01606788393110037
4,256,197,0.016105953487567604
4,256,198,0.016361015499569476
4,256,199,0.01629710546694696
4,256,200,0.016384419985115528
4,256,201,0.015982765587978065
4,256,202,0.016193522373214364
4,256,203,0.015958190546371043
4,256,204,0.01613324147183448
4,256,205,0.01634618453681469
4,256,206,0.016384154907427728
4,256,207,0.016211144044063985
4,256,208,0.015968963969498873
4,256,209,0.01629399403464049
4,256,210,0.016414159443229437
4,256,211,0.016211680485866964
4,256,212,0.01625123550184071
4,256,213,0.016035965993069112
4,256,214,0.01587214251048863
4,256,215,0.016774110961705446
4,256,216,0.01601667853537947
4,256,217,0.01625305158086121
4,256,218,0.01620718406047672
4,256,219,0.01640540291555226
4,256,220,0.016109642456285655
4,256,221,0.01635873899795115
4,256,222,0.01600701198913157
4,256,223,0.016244697500951588
4,256,224,0.016158233513124287
4,256,225,0.016259927884675562
4,256,226,0.016073314705863595
4,256,227,0.01675019587855786
4,256,228,0.015691610518842936
4,256,229,0.016345340525731444
4,256,230,0.016442776541225612
4,256,231,0.015881433035247028
4,256,232,0.01622312283143401
4,256,233,0.01647890219464898
4,256,234,0.01594010996632278
4,256,235,0.01646353688556701
4,256,236,0.016249482985585928
4,256,237,0.016278165974654257
4,256,238,0.016197946504689753
4,256,239,0.016015293076634407
4,256,240,0.016114824335090816
4,256,241,0.016488481545820832
4,256,242,0.01611331303138286
4,256,243,0.016254340996965766
4,256,244,0.016504548373632133
4,256,245,0.016226106439717114
4,256,246,0.01626683957874775
4,256,247,0.016061082831583917
4,256,248,0.01626941910944879
4,256,249,0.016105423914268613
4,256,250,0.01616622251458466
4,256,251,0.016299184993840754
4,256,252,0.01592978253029287
4,256,253,0.01611247891560197
4,256,254,0.016318330075591803
4,256,255,0.016707677976228297
4,1024,4,0.016548728570342064
4,1024,5,0.01639174693264067
4,1024,6,0.01641323498915881
4,1024,7,0.01645804604049772
4,1024,8,0.016256938921287656
4,1024,9,0.016284250537864864
4,1024,10,0.01628842914942652
4,1024,11,0.01633913442492485
4,1024,12,0.016335658496245742
4,1024,13,0.01633330842014402
4,1024,14,0.01647346990648657
4,1024,15,0.016534692025743425
4,1024,16,0.016324338037520647
4,1024,17,0.01639670692384243
4,1024,18,0.016415854450315237
4,1024,19,0.016146851470693946
4,1024,20,0.01638943247962743
4,1024,21,0.016303505981341004
4,1024,22,0.016176228527911007
4,1024,23,0.016491872956976295
4,1024,24,0.016422949032858014
4,1024,25,0.016446669003926218
4,1024,26,0.016481097554787993
4,1024,27,0.01639355148654431
4,1024,28,0.016399363987147808
4,1024,29,0.016306352452374995
4,1024,30,0.016234250972047448
4,1024,31,0.01642109511885792
4,1024,32,0.016454616910777986
4,1024,33,0.01617976394481957
4,1024,34,0.016236363095231354
4,1024,35,0.016402506036683917
4,1024,36,0.016256137052550912
4,1024,37,0.016317191417329013
4,1024,38,0.01636947609949857
4,1024,39,0.016350075020454824
4,1024,40,0.016307931975461543
4,1024,41,0.016368385520763695
4,1024,42,0.016552489600144327
4,1024,43,0.01623569941148162
4,1024,44,0.016204522107727826
4,1024,45,0.016354748862795532
4,1024,46,0.016160838888026774
4,1024,47,0.01646842109039426
4,1024,48,0.016453729942440987
4,1024,49,0.016166278976015747
4,1024,50,0.016342109418474138
4,1024,51,0.016272477922029793
4,1024,52,0.016185853630304337
4,1024,53,0.016347968485206366
4,1024,54,0.016379492939449847
4,1024,55,0.01618496247101575
4,1024,56,0.01632584596518427
4,1024,57,0.01633322157431394
4,1024,58,0.01624529203400016
4,1024,59,0.01633832952938974
4,1024,60,0.01636966096702963
4,1024,61,0.016252100002020597
4,1024,62,0.016325127566233277
4,1024,63,0.016311161452904344
4,1024,64,0.01617056259419769
4,1024,65,0.01614217844326049
4,1024,66,0.016283593489788473
4,1024,67,0.016521900543011725
4,1024,68,0.016359618515707552
4,1024,69,0.0161776274908334
4,1024,70,0.01632214547134936
4,1024,71,0.016243423451669514
4,1024,72,0.0162749660667032
4,1024,73,0.016356575535610318
4,1024,74,0.01619731995742768
4,1024,75,0.016331994556821883
4,1024,76,0.016377734951674938
4,1024,77,0.01632492453791201
4,1024,78,0.0163776344852522
4,1024,79,0.016274135094136
4,1024,80,0.016129212453961372
4,1024,81,0.01629669254180044
4,1024,82,0.016472646035254
4,1024,83,0.01618501404300332
4,1024,84,0.016262407996691763
4,1024,85,0.016438961029052734
4,1024,86,0.016377642983570695
4,1024,87,0.016342582879588008
4,1024,88,0.0162641805363819
4,1024,89,0.016234162962064147
4,1024,90,0.016142429085448384
4,1024,91,0.016302121453918517
4,1024,92,0.016482767998240888
4,1024,93,0.016351905069313943
4,1024,94,0.016114234924316406
4,1024,95,0.01623321499209851
4,1024,96,0.01647782453801483
4,1024,97,0.016313859494403005
4,1024,98,0.01620895543601364
4,1024,99,0.016294648055918515
4,1024,100,0.016242278972640634
4,1024,101,0.016151646967045963
4,1024,102,0.016219365992583334
4,1024,103,0.01652509847190231
4,1024,104,0.016498683486133814
4,1024,105,0.01597711001522839
4,1024,106,0.016162076382897794
4,1024,107,0.01636214042082429
4,1024,108,0.016102881520055234
4,1024,109,0.01641833852045238
4,1024,110,0.016387183452025056
4,1024,111,0.01619673310779035
4,1024,112,0.016384883085265756
4,1024,113,0.016226046485826373
4,1024,114,0.016165002482011914
4,1024,115,0.016377782565541565
4,1024,116,0.016451939940452576
4,1024,117,0.016125121619552374
4,1024,118,0.016107803909108043
4,1024,119,0.01630513253621757
4,1024,120,0.016247969586402178
4,1024,121,0.016400451422668993
4,1024,122,0.016427386086434126
4,1024,123,0.01636125601362437
4,1024,124,0.016330078477039933
4,1024,125,0.016054783947765827
4,1024,126,0.016133979544974864
4,1024,127,0.016395306563936174
4,1024,128,0.016418845509178936
4,1024,129,0.016183156054466963
4,1024,130,0.016210233443416655
4,1024,131,0.016500339028425515
4,1024,132,0.01639203284867108
4,1024,133,0.01646345353219658
4,1024,134,0.0164757784223184
4,1024,135,0.01616858399938792
4,1024,136,0.016066918382421136
4,1024,137,0.016267886967398226
4,1024,138,0.01652906008530408
4,1024,139,0.016429152921773493
4,1024,140,0.0164461110252887
4,1024,141,0.01629462104756385
4,1024,142,0.016065667034126818
4,1024,143,0.016296484507620335
4,1024,144,0.016420355066657066
4,1024,145,0.016114589874632657
4,1024,146,0.016346859047189355
4,1024,147,0.01658378355205059
4,1024,148,0.016135285492055118
4,1024,149,0.016193543444387615
4,1024,150,0.01641905086580664
4,1024,151,0.016214660950936377
4,1024,152,0.016328476136550307
4,1024,153,0.016359963570721447
4,1024,154,0.01625414250884205
4,1024,155,0.016381685505621135
4,1024,156,0.016139312065206468
4,1024,157,0.01614336541388184
4,1024,158,0.01646696252282709
4,1024,159,0.016342492890544236
4,1024,160,0.016100293956696987
4,1024,161,0.016230085981078446
4,1024,162,0.01632559101562947
4,1024,163,0.016354379011318088
4,1024,164,0.016401781933382154
4,1024,165,0.01628780853934586
4,1024,166,0.01633023109752685
4,1024,167,0.016273829503916204
4,1024,168,0.016216151416301727
4,1024,169,0.016268294537439942
4,1024,170,0.016334638465195894
4,1024,171,0.016324239084497094
4,1024,172,0.016246919403783977
4,1024,173,0.016222635516896844
4,1024,174,0.016425916459411383
4,1024,175,0.01651235797908157
4,1024,176,0.016240986995398998
4,1024,177,0.016377503518015146
4,1024,178,0.016310771112330258
4,1024,179,0.016066924901679158
4,1024,180,0.016277713584713638
4,1024,181,0.01638067653402686
4,1024,182,0.016355681931599975
4,1024,183,0.01627335452940315
4,1024,184,0.016238389420323074
4,1024,185,0.01631555357016623
4,1024,186,0.016261141980066895
4,1024,187,0.016362686059437692
4,1024,188,0.01623586448840797
4,1024,189,0.016179875005036592
4,1024,190,0.016489365487359464
4,1024,191,0.016223410493694246
4,1024,192,0.01615272043272853
4,1024,193,0.01651692937593907
4,1024,194,0.016364180017262697
4,1024,195,0.016303712036460638
4,1024,196,0.016341331647709012
4,1024,197,0.016087138559669256
4,1024,198,0.01618288760073483
4,1024,199,0.016387526877224445
4,1024,200,0.01632115663960576
4,1024,201,0.016315735410898924
4,1024,202,0.016513081500306726
4,1024,203,0.016334273852407932
4,1024,204,0.01617920701391995
4,1024,205,0.01648050849325955
4,1024,206,0.01630637201014906
4,1024,207,0.016157553996890783
4,1024,208,0.016461905441246927
4,1024,209,0.016365792020224035
4,1024,210,0.016201257472857833
4,1024,211,0.01628952892497182
4,1024,212,0.0162443311419338
4,1024,213,0.016312873922288418
4,1024,214,0.016391152050346136
4,1024,215,0.016290953033603728
4,1024,216,0.016526200459338725
4,1024,217,0.01633133238647133
4,1024,218,0.01634892704896629
4,1024,219,0.016444326960481703
4,1024,220,0.016269355081021786
4,1024,221,0.016356956446543336
4,1024,222,0.016327108489349484
4,1024,223,0.016239299438893795
4,1024,224,0.016262607532553375
4,1024,225,0.016332147060893476
4,1024,226,0.01625229651108384
4,1024,227,0.016261832555755973
4,1024,228,0.01620636705774814
4,1024,229,0.01624319434631616
4,1024,230,0.01638731558341533
4,1024,231,0.016390599426813424
4,1024,232,0.01642701553646475
4,1024,233,0.016441680025309324
4,1024,234,0.016333724022842944
4,1024,235,0.01626241602934897
4,1024,236,0.016219665529206395
4,1024,237,0.016155689023435116
4,1024,238,0.01638266397640109
4,1024,239,0.016564066987484694
4,1024,240,0.01634063757956028
4,1024,241,0.016331693390384316
4,1024,242,0.01635019842069596
4,1024,243,0.01623034104704857
4,1024,244,0.016393276513554156
4,1024,245,0.016494213021360338
4,1024,246,0.016363907139748335
4,1024,247,0.01626867044251412
4,1024,248,0.016315612941980362
4,1024,249,0.01614697847981006
4,1024,250,0.016166978515684605
4,1024,251,0.016403999994508922
4,1024,252,0.016396548482589424
4,1024,253,0.01619751355610788
4,1024,254,0.016668888507410884
4,1024,255,0.016325217438861728
4,4096,4,0.017120857490226626
4,4096,5,0.016580940573476255
4,4096,6,0.016983498819172382
4,4096,7,0.0166135064791888
4,4096,8,0.016963034053333104
4,4096,9,0.016578044975176454
4,4096,10,0.016935371095314622
4,4096,11,0.016447722096927464
4,4096,12,0.016779662342742085
4,4096,13,0.016632350627332926
4,4096,14,0.016665768576785922
4,4096,15,0.016612819978035986
4,4096,16,0.016642866539768875
4,4096,17,0.016713374061509967
4,4096,18,0.01670054846908897
4,4096,19,0.01658521150238812
4,4096,20,0.01670482405461371
4,4096,21,0.01661685248836875
4,4096,22,0.016710359952412546
4,4096,23,0.016602364601567388
4,4096,24,0.016596301458775997
4,4096,25,0.016651448560878634
4,4096,26,0.016543236444704235
4,4096,27,0.016776218079030514
4,4096,28,0.01665557047817856
4,4096,29,0.01667777239345014
4,4096,30,0.016623387462459505
4,4096,31,0.01664003450423479
4,4096,32,0.01665917399805039
4,4096,33,0.01667708402965218
4,4096,34,0.01672074059024453
4,4096,35,0.016505265957675874
4,4096,36,0.016491211485117674
4,4096,37,0.016580650466494262
4,4096,38,0.016750464565120637
4,4096,39,0.01662313798442483
4,4096,40,0.016629667952656746
4,4096,41,0.016695623518899083
4,4096,42,0.016560866497457027
4,4096,43,0.016665544011630118
4,4096,44,0.016633111867122352
4,4096,45,0.016631319071166217
4,4096,46,0.016495632124133408
4,4096,47,0.016785351443104446
4,4096,48,0.01662076753564179
4,4096,49,0.016723683569580317
4,4096,50,0.016689636395312846
4,4096,51,0.016669761622324586
4,4096,52,0.016517082345671952
4,4096,53,0.01687856949865818
4,4096,54,0.01652714004740119
4,4096,55,0.016766597516834736
4,4096,56,0.01653266150970012
4,4096,57,0.01675992540549487
4,4096,58,0.016562713077291846
4,4096,59,0.016759905964136124
4,4096,60,0.016636525513604283
4,4096,61,0.016775608528405428
4,4096,62,0.016364573617465794
4,4096,63,0.0169069345574826
4,4096,64,0.016585842007771134
4,4096,65,0.017610994982533157
4,4096,66,0.016763557447120547
4,4096,67,0.016826063045300543
4,4096,68,0.016396742430515587
4,4096,69,0.016715199453756213
4,4096,70,0.016451448434963822
4,4096,71,0.016590315965004265
4,4096,72,0.016807514941319823
4,4096,73,0.01668918097857386
4,4096,74,0.01646978105418384
4,4096,75,0.016749807517044246
4,4096,76,0.016524078091606498
4,4096,77,0.016660529072396457
4,4096,78,0.016821985132992268
4,4096,79,0.016711352509446442
4,4096,80,0.016400932101532817
4,4096,81,0.016737441066652536
4,4096,82,0.016505195409990847
4,4096,83,0.016699720406904817
4,4096,84,0.01688663603272289
4,4096,85,0.016783381928689778
4,4096,86,0.016474558971822262
4,4096,87,0.016673687961883843
4,4096,88,0.0165556154679507
4,4096,89,0.01656126754824072
4,4096,90,0.016800283454358578
4,4096,91,0.016669560922309756
4,4096,92,0.016568880528211594
4,4096,93,0.016750155482441187
4,4096,94,0.016671000514179468
4,4096,95,0.01659789984114468
4,4096,96,0.01670558366458863
4,4096,97,0.016569320927374065
4,4096,98,0.016680254018865526
4,4096,99,0.016724126995541155
4,4096,100,0.0167883689282462
4,4096,101,0.016458275029435754
4,4096,102,0.016922679031267762
4,4096,103,0.016518922988325357
4,4096,104,0.01686403900384903
4,4096,105,0.016832190100103617
4,4096,106,0.016454036463983357
4,4096,107,0.01672981702722609
4,4096,108,0.016849305015057325
4,4096,109,0.016541574033908546
4,4096,110,0.016634690342471004
4,4096,111,0.016755902441218495
4,4096,112,0.016440971521660686
4,4096,113,0.016466213623061776
4,4096,114,0.016904455609619617
4,4096,115,0.0165437440155074
4,4096,116,0.016771274036727846
4,4096,117,0.016769889509305358
4,4096,118,0.016910369973629713
4,4096,119,0.016365437884815037
4,4096,120,0.016658299486152828
4,4096,121,0.01638598705176264
4,4096,122,0.01648994244169444
4,4096,123,0.01683714147657156
4,4096,124,0.01656716293655336
4,4096,125,0.01668130897451192
4,4096,126,0.01677104295231402
4,4096,127,0.016489853500388563
4,4096,128,0.016630619415082037
4,4096,129,0.017032088013365865
4,4096,130,0.016389739466831088
4,4096,131,0.016942756017670035
4,4096,132,0.01655082090292126
4,4096,133,0.01672953402157873
4,4096,134,0.016733189462684095
4,4096,135,0.0169597304193303
4,4096,136,0.01653175358660519
4,4096,137,0.01683390699326992
4,4096,138,0.01668530551251024
4,4096,139,0.016468429123051465
4,4096,140,0.01658618147484958
4,4096,141,0.016963423578999937
4,4096,142,0.016481839935295284
4,4096,143,0.01692301209550351
4,4096,144,0.016739627462811768
4,4096,145,0.016464289044961333
4,4096,146,0.016647974378429353
4,4096,147,0.016764637548476458
4,4096,148,0.016581528005190194
4,4096,149,0.01648304203990847
4,4096,150,0.016972825047560036
4,4096,151,0.01661508297547698
4,4096,152,0.01682330307085067
4,4096,153,0.016631678445264697
4,4096,154,0.016372148063965142
4,4096,155,0.016746588866226375
4,4096,156,0.01705419656354934
4,4096,157,0.017094459501095116
4,4096,158,0.01692298101261258
4,4096,159,0.01665293052792549
4,4096,160,0.01652450836263597
4,4096,161,0.016540189972147346
4,4096,162,0.01678865449503064
4,4096,163,0.01662411540746689
4,4096,164,0.016676667029969394
4,4096,165,0.016625918564386666
4,4096,166,0.01649753947276622
4,4096,167,0.016617913148365915
4,4096,168,0.016889959922991693
4,4096,169,0.01672314351890236
4,4096,170,0.01680123060941696
4,4096,171,0.01668178860563785
4,4096,172,0.016418977989815176
4,4096,173,0.016588413040153682
4,4096,174,0.01702754746656865
4,4096,175,0.016463161911815405
4,4096,176,0.01693150110077113
4,4096,177,0.01651398849207908
4,4096,178,0.016853758017532527
4,4096,179,0.016605255426838994
4,4096,180,0.01675725041422993
4,4096,181,0.016617089975625277
4,4096,182,0.016511937486939132
4,4096,183,0.016616750974208117
4,4096,184,0.016890096943825483
4,4096,185,0.01670009596273303
4,4096,186,0.016720829415135086
4,4096,187,0.016623507486656308
4,4096,188,0.016489650472067297
4,4096,189,0.016486147069372237
4,4096,190,0.01663324353285134
4,4096,191,0.016895252978429198
4,4096,192,0.01664722489658743
4,4096,193,0.016766396583989263
4,4096,194,0.016605607932433486
4,4096,195,0.016893587540835142
4,4096,196,0.016769796493463218
4,4096,197,0.016879074042662978
4,4096,198,0.01655706251040101
4,4096,199,0.016908547491766512
4,4096,200,0.016318930545821786
4,4096,201,0.01676905492786318
4,4096,202,0.016653361963108182
4,4096,203,0.016748799476772547
4,4096,204,0.01687758951447904
4,4096,205,0.016838900046423078
4,4096,206,0.01643017993774265
4,4096,207,0.016801518970169127
4,4096,208,0.017047005938366055
4,4096,209,0.016482944134622812
4,4096,210,0.016862035496160388
4,4096,211,0.016625703894533217
4,4096,212,0.016494196141138673
4,4096,213,0.016523583442904055
4,4096,214,0.017145489109680057
4,4096,215,0.01631671003997326
4,4096,216,0.01686047250404954
4,4096,217,0.01662852196022868
4,4096,218,0.01652446703519672
4,4096,219,0.016795129515230656
4,4096,220,0.016772417002357543
4,4096,221,0.016647538635879755
4,4096,222,0.016676067491061985
4,4096,223,0.01676785247400403
4,4096,224,0.01642304298002273
4,4096,225,0.016744683613069355
4,4096,226,0.016745245433412492
4,4096,227,0.016768911387771368
4,4096,228,0.016749759088270366
4,4096,229,0.016667693969793618
4,4096,230,0.016470998991280794
4,4096,231,0.01660042500589043
4,4096,232,0.016703870031051338
4,4096,233,0.016862381948158145
4,4096,234,0.01669298834167421
4,4096,235,0.016578310052864254
4,4096,236,0.016557407099753618
4,4096,237,0.01685155206359923
4,4096,238,0.01674890285357833
4,4096,239,0.016650320612825453
4,4096,240,0.01664591149892658
4,4096,241,0.01690847787540406
4,4096,242,0.016444754670374095
4,4096,243,0.01686229486949742
4,4096,244,0.016510957502759993
4,4096,245,0.016759784542955458
4,4096,246,0.016610956052318215
4,4096,247,0.016665825387462974
4,4096,248,0.016654959530569613
4,4096,249,0.016621566959656775
4,4096,250,0.016836573602631688
4,4096,251,0.016812609392218292
4,4096,252,0.016344496048986912
4,4096,253,0.017149377497844398
4,4096,254,0.016626370488665998
4,4096,255,0.016792520531453192
8,64,4,0.01642824406735599
8,64,5,0.01628240291029215
8,64,6,0.01614993391558528
8,64,7,0.01652486191596836
8,64,8,0.016495984978973866
8,64,9,0.016127137001603842
8,64,10,0.016239913529716432
8,64,11,0.01624342950526625
8,64,12,0.01620751852169633
8,64,13,0.016453700023703277
8,64,14,0.016270057414658368
8,64,15,0.01640862412750721
8,64,16,0.016413873410783708
8,64,17,0.015980123891495168
8,64,18,0.016098588122986257
8,64,19,0.016168559435755014
8,64,20,0.016383906360715628
8,64,21,0.01614441559650004
8,64,22,0.01616721390746534
8,64,23,0.01644508959725499
8,64,24,0.01604804303497076
8,64,25,0.01609877438750118
8,64,26,0.016323323477990925
8,64,27,0.016331540537066758
8,64,28,0.016356400563381612
8,64,29,0.016383640933781862
8,64,30,0.01636986108496785
8,64,31,0.016120358486659825
8,64,32,0.016347175929695368
8,64,33,0.016277696006000042
8,64,34,0.016004506964236498
8,64,35,0.01633299351669848
8,64,36,0.016284030862152576
8,64,37,0.016255060560069978
8,64,38,0.01646879140753299
8,64,39,0.01614965102635324
8,64,40,0.015995979541912675
8,64,41,0.01652562350500375
8,64,42,0.016538201016373932
8,64,43,0.016117085120640695
8,64,44,0.016193669522181153
8,64,45,0.016270165564492345
8,64,46,0.01623255794402212
8,64,47,0.01630440098233521
8,64,48,0.016219515586271882
8,64,49,0.016063006012700498
8,64,50,0.016234382521361113
8,64,51,0.0165011613862589
8,64,52,0.016247494029812515
8,64,53,0.01621379889547825
8,64,54,0.016413393546827137
8,64,55,0.01620837557129562
8,64,56,0.016113859368488193
8,64,57,0.016391530050896108
8,64,58,0.01610209047794342
8,64,59,0.016054856590926647
8,64,60,0.01647203997708857
8,64,61,0.016289519960992038
8,64,62,0.015938326017931104
8,64,63,0.016320621012710035
8,64,64,0.016555138514377177
8,64,65,0.016328966477885842
8,64,66,0.016434208024293184
8,64,67,0.016321684466674924
8,64,68,0.01623666356317699
8,64,69,0.01652475248556584
8,64,70,0.01637945557013154
8,64,71,0.016287317499518394
8,64,72,0.016451255069114268
8,64,73,0.016326916054822505
8,64,74,0.016152095049619675
8,64,75,0.016288965940475464
8,64,76,0.016541792079806328
8,64,77,0.016210893401876092
8,64,78,0.01632252847775817
8,64,79,0.01652600453235209
8,64,80,0.01626924006268382
8,64,81,0.016329352627508342
8,64,82,0.01637285598553717
8,64,83,0.016375182545743883
8,64,84,0.016451530973426998
8,64,85,0.016431823489256203
8,64,86,0.01623356610070914
8,64,87,0.016353621962480247
8,64,88,0.016620215494185686
8,64,89,0.016269080573692918
8,64,90,0.016297942493110895
8,64,91,0.016553831985220313
8,64,92,0.01626299601048231
8,64,93,0.01617183699272573
8,64,94,0.016478798585012555
8,64,95,0.016320868395268917
8,64,96,0.016251748078502715
8,64,97,0.01645679143257439
8,64,98,0.016296478104777634
8,64,99,0.01634411048144102
8,64,100,0.016546480008400977
8,64,101,0.01617398951202631
8,64,102,0.01622944255359471
8,64,103,0.016572167980484664
8,64,104,0.016329641570337117
8,64,105,0.01614259392954409
8,64,106,0.016391122015193105
8,64,107,0.016405499540269375
8,64,108,0.01617060590069741
8,64,109,0.016525780083611608
8,64,110,0.016558972070924938
8,64,111,0.016142802429385483
8,64,112,0.016456621000543237
8,64,113,0.016581376432441175
8,64,114,0.016166007495485246
8,64,115,0.016989819472655654
8,64,116,0.016670144512318075
8,64,117,0.015682643046602607
8,64,118,0.016289663966745138
8,64,119,0.016482844133861363
8,64,120,0.016283351462334394
8,64,121,0.016372503014281392
8,64,122,0.01641332497820258
8,64,123,0.01630677154753357
8,64,124,0.016231547575443983
8,64,125,0.016254595131613314
8,64,126,0.016414024401456118
8,64,127,0.01637955743353814
8,64,128,0.016510835965164006
8,64,129,0.016677155042998493
8,64,130,0.016457885969430208
8,64,131,0.016413736040703952
8,64,132,0.016402929555624723
8,64,133,0.016185978427529335
8,64,134,0.01645123853813857
8,64,135,0.016513204434886575
8,64,136,0.01630275952629745
8,64,137,0.016567914048209786
8,64,138,0.01642281946260482
8,64,139,0.01619219803251326
8,64,140,0.01625760446768254
8,64,141,0.016357386950403452
8,64,142,0.01631004165392369
8,64,143,0.01649122836533934
8,64,144,0.01654722704552114
8,64,145,0.016193593968637288
8,64,146,0.01631472958251834
8,64,147,0.016580890980549157
8,64,148,0.016280274488963187
8,64,149,0.01630826306063682
8,64,150,0.01628963346593082
8,64,151,0.01622190757188946
8,64,152,0.016320983530022204
8,64,153,0.016566394013352692
8,64,154,0.016543911420740187
8,64,155,0.016264036064967513
8,64,156,0.01627538143657148
8,64,157,0.016322485054843128
8,64,158,0.016319894464686513
8,64,159,0.016529215965420008
8,64,160,0.01650042354594916
8,64,161,0.01693136105313897
8,64,162,0.016812497517094016
8,64,163,0.015692439512349665
8,64,164,0.016179690486751497
8,64,165,0.01665639749262482
8,64,166,0.016695030499249697
8,64,167,0.016440335544757545
8,64,168,0.016293004504404962
8,64,169,0.016332876402884722
8,64,170,0.016443088999949396
8,64,171,0.016606755438260734
8,64,172,0.01657110860105604
8,64,173,0.016389666008763015
8,64,174,0.01657311909366399
8,64,175,0.016415705322287977
8,64,176,0.01626057899557054
8,64,177,0.016331576043739915
8,64,178,0.016464708372950554
8,64,179,0.016506928601302207
8,64,180,0.016420869389548898
8,64,181,0.016473288065753877
8,64,182,0.01633915095590055
8,64,183,0.016281932941637933
8,64,184,0.016473063500598073
8,64,185,0.01637228496838361
8,64,186,0.01631515857297927
8,64,187,0.016337997978553176
8,64,188,0.016325763426721096
8,64,189,0.01628044410608709
8,64,190,0.016445337561890483
8,64,191,0.016511676949448884
8,64,192,0.016396989580243826
8,64,193,0.016410819604061544
8,64,194,0.016296373098157346
8,64,195,0.016177700366824865
8,64,196,0.016454747528769076
8,64,197,0.01649342302698642
8,64,198,0.016398317529819906
8,64,199,0.016365580959245563
8,64,200,0.016335413558408618
8,64,201,0.01636007195338607
8,64,202,0.016441182582639158
8,64,203,0.016349586541764438
8,64,204,0.016133709927089512
8,64,205,0.016451991978101432
8,64,206,0.016362058464437723
8,64,207,0.016400470514781773
8,64,208,0.016519929515197873
8,64,209,0.016412145574577153
8,64,210,0.016474724397994578
8,64,211,0.016356096952222288
8,64,212,0.01639227254781872
8,64,213,0.016370309982448816
8,64,214,0.01638754503801465
8,64,215,0.0165952080860734
8,64,216,0.016269762883894145
8,64,217,0.016325779957696795
8,64,218,0.016459527076222003
8,64,219,0.01642960263416171
8,64,220,0.016406285925768316
8,64,221,0.01632190600503236
8,64,222,0.016426024376414716
8,64,223,0.01627972535789013
8,64,224,0.016310696490108967
8,64,225,0.016455072909593582
8,64,226,0.01660758547950536
8,64,227,0.01650851801969111
8,64,228,0.01621292147319764
8,64,229,0.016435209079645574
8,64,230,0.016464211512356997
8,64,231,0.016262640012428164
8,64,232,0.016366655938327312
8,64,233,0.01643998548388481
8,64,234,0.016424319008365273
8,64,235,0.01641945238225162
8,64,236,0.016496145981363952
8,64,237,0.016440083971247077
8,64,238,0.016395916580222547
8,64,239,0.016300236922688782
8,64,240,0.016504118451848626
8,64,241,0.016502969549037516
8,64,242,0.016402831999585032
8,64,243,0.016345144482329488
8,64,244,0.016237679519690573
8,64,245,0.01640949596185237
8,64,246,0.016573053086176515
8,64,247,0.01641440310049802
8,64,248,0.016251447377726436
8,64,249,0.01630244543775916
8,64,250,0.016326717101037502
8,64,251,0.016537845600396395
8,64,252,0.016563729965128005
8,64,253,0.016168086673133075
8,64,254,0.016591170919127762
8,64,255,0.016855340567417443
8,256,4,0.016338095534592867
8,256,5,0.016582918004132807
8,256,6,0.016453879536129534
8,256,7,0.01659626653417945
8,256,8,0.01633653906174004
8,256,9,0.016252278466708958
8,256,10,0.01694010163191706
8,256,11,0.016155173419974744
8,256,12,0.016452293493784964
8,256,13,0.016554902540519834
8,256,14,0.016374011640436947
8,256,15,0.016289143357425928
8,256,16,0.01655034814029932
8,256,17,0.016738323378376663
8,256,18,0.016150795971043408
8,256,19,0.01638965855818242
8,256,20,0.016287592006847262
8,256,21,0.01653374603483826
8,256,22,0.01652415399439633
8,256,23,0.01641404104884714
8,256,24,0.01621882792096585
8,256,25,0.01650372054427862
8,256,26,0.016201269696466625
8,256,27,0.016613785410299897
8,256,28,0.016584854456596076
8,256,29,0.016657887026667595
8,256,30,0.016138955019414425
8,256,31,0.016636239481158555
8,256,32,0.01648611156269908
8,256,33,0.016343792318366468
8,256,34,0.016188867040909827
8,256,35,0.016746628447435796
8,256,36,0.016120514017529786
8,256,37,0.016710793017409742
8,256,38,0.01604364940430969
8,256,39,0.016404099063947797
8,256,40,0.016429066541604698
8,256,41,0.016459597973152995
8,256,42,0.01619867654517293
8,256,43,0.016427225433290005
8,256,44,0.016453381977044046
8,256,45,0.016467392561025918
8,256,46,0.01638126641046256
8,256,47,0.0166606439743191
8,256,48,0.016130147967487574
8,256,49,0.016598182497546077
8,256,50,0.016485631000250578
8,256,51,0.016497676959261298
8,256,52,0.016191791160963476
8,256,53,0.016632061917334795
8,256,54,0.016029475606046617
8,256,55,0.01635016838554293
8,256,56,0.01678774307947606
8,256,57,0.016108249546959996
8,256,58,0.016497337957844138
8,256,59,0.016522187972441316
8,256,60,0.016341395559720695
8,256,61,0.01620060356799513
8,256,62,0.016637508408166468
8,256,63,0.016146990470588207
8,256,64,0.0165024803718552
8,256,65,0.016280555515550077
8,256,66,0.016766637447290123
8,256,67,0.01600155106279999
8,256,68,0.016558679984882474
8,256,69,0.016193972900509834
8,256,70,0.016572253545746207
8,256,71,0.01649688940960914
8,256,72,0.01629077410325408
8,256,73,0.016127625945955515
8,256,74,0.016736828023567796
8,256,75,0.016349577461369336
8,256,76,0.016401281929574907
8,256,77,0.016394753009080887
8,256,78,0.016448894049972296
8,256,79,0.01623758242931217
8,256,80,0.016870133578777313
8,256,81,0.016109179123304784
8,256,82,0.016420547501184046
8,256,83,0.01643266750033945
8,256,84,0.016516336472705007
8,256,85,0.016195670003071427
8,256,86,0.016623683972284198
8,256,87,0.016218180069699883
8,256,88,0.01631705812178552
8,256,89,0.01644234999548644
8,256,90,0.016621468006633222
8,256,91,0.016219807555899024
8,256,92,0.016790987458080053
8,256,93,0.016095828032121062
8,256,94,0.016357072512619197
8,256,95,0.016421127482317388
8,256,96,0.016605304437689483
8,256,97,0.016504480969160795
8,256,98,0.01603115361649543
8,256,99,0.016843496006913483
8,256,100,0.016014052438549697
8,256,101,0.01630620239302516
8,256,102,0.01678293093573302
8,256,103,0.01604882103856653
8,256,104,0.01629680348560214
8,256,105,0.016708736424334347
8,256,106,0.01620480907149613
8,256,107,0.016479887068271637
8,256,108,0.01648008485790342
8,256,109,0.016699483967386186
8,256,110,0.015921804471872747
8,256,111,0.016627123579382896
8,256,112,0.01642838295083493
8,256,113,0.016703008906915784
8,256,114,0.016164647066034377
8,256,115,0.016782609513029456
8,256,116,0.015889771399088204
8,256,117,0.016782011021859944
8,256,118,0.016277170041576028
8,256,119,0.016448831534944475
8,256,120,0.016647315467707813
8,256,121,0.017075245385058224
8,256,122,0.015893448959104717
8,256,123,0.01653107302263379
8,256,124,0.016410710522904992
8,256,125,0.016437525046058
8,256,126,0.016116775921545923
8,256,127,0.016784833511337638
8,256,128,0.016257380018942058
8,256,129,0.01648392400238663
8,256,130,0.016366366995498538
8,256,131,0.016459701000712812
8,256,132,0.01635495899245143
8,256,133,0.01648944418411702
8,256,134,0.016278904979117215
8,256,135,0.01646018889732659
8,256,136,0.01648384495638311
8,256,137,0.01619508396834135
8,256,138,0.016236372524872422
8,256,139,0.01671201002318412
8,256,140,0.01641917193774134
8,256,141,0.016243871417827904
8,256,142,0.016340005095116794
8,256,143,0.0163247250020504
8,256,144,0.016403904533945024
8,256,145,0.016486356500536203
8,256,146,0.01638963248115033
8,256,147,0.01647605048492551
8,256,148,0.016369618475437164
8,256,149,0.016284294077195227
8,256,150,0.016721612541005015
8,256,151,0.016311440500430763
8,256,152,0.016399473533965647
8,256,153,0.016124607995152473
8,256,154,0.016551104024983943
8,256,155,0.016409100382588804
8,256,156,0.01651767047587782
8,256,157,0.016497083939611912
8,256,158,0.016339953057467937
8,256,159,0.01599186100065708
8,256,160,0.016785639920271933
8,256,161,0.01628733496181667
8,256,162,0.016478001489304006
8,256,163,0.016190849477425218
8,256,164,0.01628338184673339
8,256,165,0.016247973078861833
8,256,166,0.016436545527540147
8,256,167,0.01666362304240465
8,256,168,0.01651713903993368
8,256,169,0.016088122385554016
8,256,170,0.016661303932778537
8,256,171,0.01636057358700782
8,256,172,0.01638603105675429
8,256,173,0.016764675499871373
8,256,174,0.016217958531342447
8,256,175,0.01643404900096357
8,256,176,0.016281387419439852
8,256,177,0.016162347397767007
8,256,178,0.016537751420401037
8,256,179,0.016518756514415145
8,256,180,0.016446535009890795
8,256,181,0.016538021038286388
8,256,182,0.016279084142297506
8,256,183,0.016312675434164703
8,256,184,0.016482984530739486
8,256,185,0.016283210017718375
8,256,186,0.01663362153340131
8,256,187,0.016275740577839315
8,256,188,0.016615322907455266
8,256,189,0.016454691416583955
8,256,190,0.016305560944601893
8,256,191,0.01630091294646263
8,256,192,0.016300129937008023
8,256,193,0.01666376751381904
8,256,194,0.016417127451859415
8,256,195,0.016445201938040555
8,256,196,0.015876245452091098
8,256,197,0.016753272037021816
8,256,198,0.016343864030204713
8,256,199,0.0165747880237177
8,256,200,0.016185840941034257
8,256,201,0.01657566661015153
8,256,202,0.01596859155688435
8,256,203,0.016784810926765203
8,256,204,0.01632543688174337
8,256,205,0.016642609029076993
8,256,206,0.016376101528294384
8,256,207,0.016474065836519003
8,256,208,0.016082103131338954
8,256,209,0.01671987702138722
8,256,210,0.016450103488750756
8,256,211,0.016394459060393274
8,256,212,0.016353665967471898
8,256,213,0.01659339654725045
8,256,214,0.016136375023052096
8,256,215,0.016470793052576482
8,256,216,0.016413616482168436
8,256,217,0.01636547187808901
8,256,218,0.01636871008668095
8,256,219,0.016282976954244077
8,256,220,0.016401836648583412
8,256,221,0.01666799560189247
8,256,222,0.01640211744233966
8,256,223,0.016358715016394854
8,256,224,0.016502059530466795
8,256,225,0.016352161532267928
8,256,226,0.016524830600246787
8,256,227,0.016117285937070847
8,256,228,0.01661196257919073
8,256,229,0.01620975462719798
8,256,230,0.016764055355452
8,256,231,0.016571170068345964
8,256,232,0.01627047802321613
8,256,233,0.016047740587964654
8,256,234,0.01671398151665926
8,256,235,0.016139925457537174
8,256,236,0.01656579109840095
8,256,237,0.016348557430319488
8,256,238,0.01665286545176059
8,256,239,0.016174889518879354
8,256,240,0.016851944965310395
8,256,241,0.016093438491225243
8,256,242,0.016330111538991332
8,256,243,0.01645162794739008
8,256,244,0.016334137530066073
8,256,245,0.0165411134948954
8,256,246,0.016606030520051718
8,256,247,0.016254754969850183
8,256,248,0.016501075471751392
8,256,249,0.016514233546331525
8,256,250,0.01641631545498967
8,256,251,0.01656531507615
8,256,252,0.016547262435778975
8,256,253,0.016251545399427414
8,256,254,0.016617664485238492
8,256,255,0.016639073030091822
8,1024,4,0.016760042868554592
8,1024,5,0.017065593972802162
8,1024,6,0.016462672501802444
8,1024,7,0.016630041995085776
8,1024,8,0.01638675609137863
8,1024,9,0.016591394902206957
8,1024,10,0.016580247087404132
8,1024,11,0.016995582496747375
8,1024,12,0.01652179309166968
8,1024,13,0.016587823978625238
8,1024,14,0.016085018985904753
8,1024,15,0.016879054019227624
8,1024,16,0.016208554501645267
8,1024,17,0.01696915307547897
8,1024,18,0.0167358610779047
8,1024,19,0.016545971971936524
8,1024,20,0.016455528559163213
8,1024,21,0.016548959421925247
8,1024,22,0.01650547911413014
8,1024,23,0.01666184887290001
8,1024,24,0.016559846000745893
8,1024,25,0.01695651700720191
8,1024,26,0.015971680404618382
8,1024,27,0.016640797955915332
8,1024,28,0.01635254663415253
8,1024,29,0.01709049055352807
8,1024,30,0.01626436796505004
8,1024,31,0.016411557444371283
8,1024,32,0.016503693419508636
8,1024,33,0.016888568992726505
8,1024,34,0.016652132966555655
8,1024,35,0.01665946457069367
8,1024,36,0.016498935990966856
8,1024,37,0.01620747009292245
8,1024,38,0.016684253001585603
8,1024,39,0.016563751618377864
8,1024,40,0.016496981028467417
8,1024,41,0.016764978878200054
8,1024,42,0.016569208120927215
8,1024,43,0.016674865502864122
8,1024,44,0.01647500437684357
8,1024,45,0.016131012002006173
8,1024,46,0.016868009115569293
8,1024,47,0.016739295911975205
8,1024,48,0.01653765153605491
8,1024,49,0.016397236613556743
8,1024,50,0.016460793442092836
8,1024,51,0.016293382039293647
8,1024,52,0.01693995646201074
8,1024,53,0.016773126553744078
8,1024,54,0.016635429114103317
8,1024,55,0.01589271193370223
8,1024,56,0.016859394032508135
8,1024,57,0.016273134970106184
8,1024,58,0.01696971757337451
8,1024,59,0.01640816149301827
8,1024,60,0.016905484022572637
8,1024,61,0.016232473542913795
8,1024,62,0.016503560938872397
8,1024,63,0.016524526523426175
8,1024,64,0.016840204945765436
8,1024,65,0.016328610014170408
8,1024,66,0.016961222048848867
8,1024,67,0.01642799749970436
8,1024,68,0.016529220971278846
8,1024,69,0.01650485908612609
8,1024,70,0.01674630504567176
8,1024,71,0.01650274300482124
8,1024,72,0.016577912028878927
8,1024,73,0.01637116598431021
8,1024,74,0.016653310041874647
8,1024,75,0.01643931062426418
8,1024,76,0.016953512909822166
8,1024,77,0.016672185505740345
8,1024,78,0.016361080459319055
8,1024,79,0.016570794046856463
8,1024,80,0.01655182894319296
8,1024,81,0.01664860697928816
8,1024,82,0.01663605950307101
8,1024,83,0.01621707750018686
8,1024,84,0.01702797703910619
8,1024,85,0.016222905949689448
8,1024,86,0.017023273510858417
8,1024,87,0.016057932982221246
8,1024,88,0.016898889560252428
8,1024,89,0.0165211190469563
8,1024,90,0.016754273092374206
8,1024,91,0.017718250048346817
8,1024,92,0.015801271074451506
8,1024,93,0.016271732980385423
8,1024,94,0.016365458490327
8,1024,95,0.01650037558283657
8,1024,96,0.016886602039448917
8,1024,97,0.01680386601947248
8,1024,98,0.016692211502231658
8,1024,99,0.01633602404035628
8,1024,100,0.01622865942772478
8,1024,101,0.016700859530828893
8,1024,102,0.016758273937739432
8,1024,103,0.01646159461233765
8,1024,104,0.01681949500925839
8,1024,105,0.016408887575380504
8,1024,106,0.016549672931432724
8,1024,107,0.01679556700401008
8,1024,108,0.016717557096853852
8,1024,109,0.016437583486549556
8,1024,110,0.01660566544160247
8,1024,111,0.01639045448973775
8,1024,112,0.01665456756018102
8,1024,113,0.016570999869145453
8,1024,114,0.01685433613602072
8,1024,115,0.01624827506020665
8,1024,116,0.016713408986106515
8,1024,117,0.016582330456003547
8,1024,118,0.016472947550937533
8,1024,119,0.01664368959609419
8,1024,120,0.016753559466451406
8,1024,121,0.016440866980701685
8,1024,122,0.01644539914559573
8,1024,123,0.016798662138171494
8,1024,124,0.016508590430021286
8,1024,125,0.01640655449591577
8,1024,126,0.017240710905753076
8,1024,127,0.016297144000418484
8,1024,128,0.016478844569064677
8,1024,129,0.016886440571397543
8,1024,130,0.016456326004117727
8,1024,131,0.01641331915743649
8,1024,132,0.017011653049848974
8,1024,133,0.01648358046077192
8,1024,134,0.01686626800801605
8,1024,135,0.016171597875654697
8,1024,136,0.01644116605166346
8,1024,137,0.016436083940789104
8,1024,138,0.01701684098225087
8,1024,139,0.016488504013977945
8,1024,140,0.0166630104649812
8,1024,141,0.016463701496832073
8,1024,142,0.01658741116989404
8,1024,143,0.016433645505458117
8,1024,144,0.016848732018843293
8,1024,145,0.016458258032798767
8,1024,146,0.016340032452717423
8,1024,147,0.01724189950618893
8,1024,148,0.016192163573578
8,1024,149,0.01654208032414317
8,1024,150,0.016714574419893324
8,1024,151,0.016532627982087433
8,1024,152,0.016505351522937417
8,1024,153,0.01661494083236903
8,1024,154,0.016586244106292725
8,1024,155,0.016291293897666037
8,1024,156,0.016516500618308783
8,1024,157,0.01698048203252256
8,1024,158,0.016760099912062287
8,1024,159,0.016186907538212836
8,1024,160,0.01671713264659047
8,1024,161,0.016329417936503887
8,1024,162,0.01657286996487528
8,1024,163,0.01709854300133884
8,1024,164,0.01631520502269268
8,1024,165,0.01687780302017927
8,1024,166,0.016411941964179277
8,1024,167,0.01657748396974057
8,1024,168,0.016679659485816956
8,1024,169,0.016961366403847933
8,1024,170,0.016309806960634887
8,1024,171,0.016395002487115562
8,1024,172,0.016669983160682023
8,1024,173,0.016338836983777583
8,1024,174,0.016605911077931523
8,1024,175,0.016741944011300802
8,1024,176,0.0164277795702219
8,1024,177,0.016852899454534054
8,1024,178,0.01657950144726783
8,1024,179,0.016476982040330768
8,1024,180,0.016506104497238994
8,1024,181,0.01689587556757033
8,1024,182,0.01638071797788143
8,1024,183,0.016935619059950113
8,1024,184,0.016461538965813816
8,1024,185,0.01635598996654153
8,1024,186,0.016572820022702217
8,1024,187,0.01679170795250684
8,1024,188,0.01686792995315045
8,1024,189,0.016460934071801603
8,1024,190,0.016375489067286253
8,1024,191,0.01684297958854586
8,1024,192,0.016434093471616507
8,1024,193,0.016880778479389846
8,1024,194,0.016234957613050938
8,1024,195,0.01673764397855848
8,1024,196,0.016372139914892614
8,1024,197,0.016613249899819493
8,1024,198,0.016606035525910556
8,1024,199,0.01674838608596474
8,1024,200,0.016650318866595626
8,1024,201,0.0163578795036301
8,1024,202,0.016504692030139267
8,1024,203,0.016739876475185156
8,1024,204,0.016620762064121664
8,1024,205,0.01671008940320462
8,1024,206,0.016412443947046995
8,1024,207,0.01675892050843686
8,1024,208,0.016457190387882292
8,1024,209,0.01663782901596278
8,1024,210,0.01641446352005005
8,1024,211,0.016942435991950333
8,1024,212,0.01650061644613743
8,1024,213,0.016768655506893992
8,1024,214,0.01657412003260106
8,1024,215,0.016381064080633223
8,1024,216,0.016474258969537914
8,1024,217,0.01691314298659563
8,1024,218,0.016608119010925293
8,1024,219,0.016290187602862716
8,1024,220,0.01654914254322648
8,1024,221,0.016729763592593372
8,1024,222,0.016571587068028748
8,1024,223,0.016496186843141913
8,1024,224,0.016845565056428313
8,1024,225,0.016662484034895897
8,1024,226,0.016711525968275964
8,1024,227,0.01643948256969452
8,1024,228,0.01635876705404371
8,1024,229,0.016768728964962065
8,1024,230,0.016573903849348426
8,1024,231,0.016681328997947276
8,1024,232,0.016644021961838007
8,1024,233,0.01659940101671964
8,1024,234,0.016491527087055147
8,1024,235,0.016581945004872978
8,1024,236,0.01660279801581055
8,1024,237,0.01665807398967445
8,1024,238,0.016656073974445462
8,1024,239,0.016449355869553983
8,1024,240,0.016786187537945807
8,1024,241,0.016579675837419927
8,1024,242,0.01658290869090706
8,1024,243,0.016651509562507272
8,1024,244,0.01664918498136103
8,1024,245,0.016618179972283542
8,1024,246,0.01670653000473976
8,1024,247,0.01649382256437093
8,1024,248,0.016807848471216857
8,1024,249,0.016595471533946693
8,1024,250,0.016647588461637497
8,1024,251,0.016618237597867846
8,1024,252,0.016525264945812523
8,1024,253,0.016654624021612108
8,1024,254,0.01772666093893349
8,1024,255,0.016386587521992624
8,4096,4,0.017664513434283435
8,4096,5,0.017582013038918376
8,4096,6,0.017357918550260365
8,4096,7,0.01742999057751149
8,4096,8,0.017319820472039282
8,4096,9,0.01737880753353238
8,4096,10,0.01735856186132878
8,4096,11,0.017368708970025182
8,4096,12,0.017371331457979977
8,4096,13,0.017312512383796275
8,4096,14,0.0173869471764192
8,4096,15,0.017268922412768006
8,4096,16,0.017374068964272738
8,4096,17,0.01727050356566906
8,4096,18,0.017268805066123605
8,4096,19,0.017128675593994558
8,4096,20,0.017131204600445926
8,4096,21,0.01733654912095517
8,4096,22,0.017319381469860673
8,4096,23,0.017212490551173687
8,4096,24,0.017235378501936793
8,4096,25,0.017271865042857826
8,4096,26,0.017241090070456266
8,4096,27,0.017157681984826922
8,4096,28,0.017223450005985796
8,4096,29,0.017123488476499915
8,4096,30,0.017222973867319524
8,4096,31,0.017069919034838676
8,4096,32,0.017465317505411804
8,4096,33,0.017079733428545296
8,4096,34,0.01715817756485194
8,4096,35,0.017086962470784783
8,4096,36,0.017167637939564884
8,4096,37,0.017313102376647294
8,4096,38,0.01731165498495102
8,4096,39,0.017259208485484123
8,4096,40,0.017314379336312413
8,4096,41,0.017255999147892
8,4096,42,0.01721831492614001
8,4096,43,0.0172521339263767
8,4096,44,0.017218963475897908
8,4096,45,0.017106489511206746
8,4096,46,0.017170981969684362
8,4096,47,0.017089305096305907
8,4096,48,0.01715941389556974
8,4096,49,0.017243126407265663
8,4096,50,0.0173774310387671
8,4096,51,0.017307025496847928
8,4096,52,0.017381633049808443
8,4096,53,0.01724390999879688
8,4096,54,0.01709962892346084
8,4096,55,0.017101827543228865
8,4096,56,0.017182726063765585
8,4096,57,0.0172385050682351
8,4096,58,0.017194516956806183
8,4096,59,0.017195879016071558
8,4096,60,0.01719802408479154
8,4096,61,0.01726907293777913
8,4096,62,0.017296856036409736
8,4096,63,0.01726711553055793
8,4096,64,0.017265934497117996
8,4096,65,0.017269989475607872
8,4096,66,0.01714405103120953
8,4096,67,0.017398627009242773
8,4096,68,0.017310926457867026
8,4096,69,0.01734482159372419
8,4096,70,0.01729749154765159
8,4096,71,0.017345546511933208
8,4096,72,0.01734230644069612
8,4096,73,0.017351778456941247
8,4096,74,0.01719854644034058
8,4096,75,0.01714696839917451
8,4096,76,0.017107016989029944
8,4096,77,0.017124511068686843
8,4096,78,0.017129048006609082
8,4096,79,0.017310243914835155
8,4096,80,0.01722002844326198
8,4096,81,0.01743872498627752
8,4096,82,0.017247160081751645
8,4096,83,0.01734332658816129
8,4096,84,0.017338665551505983
8,4096,85,0.017334586940705776
8,4096,86,0.017263578018173575
8,4096,87,0.01720441412180662
8,4096,88,0.01715006702579558
8,4096,89,0.01714998681563884
8,4096,90,0.01733400742523372
8,4096,91,0.017284087603911757
8,4096,92,0.017396045615896583
8,4096,93,0.01731226348783821
8,4096,94,0.01740027917549014
8,4096,95,0.017400166019797325
8,4096,96,0.017402930068783462
8,4096,97,0.01724602549802512
8,4096,98,0.01730511395726353
8,4096,99,0.017241515568457544
8,4096,100,0.017299595871008933
8,4096,101,0.017342449049465358
8,4096,102,0.017364574945531785
8,4096,103,0.017363333026878536
8,4096,104,0.017313006450422108
8,4096,105,0.017211911035701632
8,4096,106,0.017217391869053245
8,4096,107,0.017241600900888443
8,4096,108,0.017332437448203564
8,4096,109,0.017299821483902633
8,4096,110,0.017240798100829124
8,4096,111,0.01723842287901789
8,4096,112,0.01723815011791885
8,4096,113,0.01730151893571019
8,4096,114,0.017303837463259697
8,4096,115,0.01738633099012077
8,4096,116,0.01729570666793734
8,4096,117,0.01729541749227792
8,4096,118,0.01728311146143824
8,4096,119,0.01734347955789417
8,4096,120,0.01733019156381488
8,4096,121,0.017313095508143306
8,4096,122,0.017268560477532446
8,4096,123,0.017283039982430637
8,4096,124,0.017245552386157215
8,4096,125,0.017322583124041557
8,4096,126,0.017232456943020225
8,4096,127,0.01723491749726236
8,4096,128,0.017232968471944332
8,4096,129,0.017302263528108597
8,4096,130,0.017274445621296763
8,4096,131,0.017324645537883043
8,4096,132,0.017233205609954894
8,4096,133,0.017157261492684484
8,4096,134,0.01715091150254011
8,4096,135,0.017117945477366447
8,4096,136,0.017160024028271437
8,4096,137,0.017178204958327115
8,4096,138,0.017314612050540745
8,4096,139,0.017211680416949093
8,4096,140,0.01730158890131861
8,4096,141,0.017181334435008466
8,4096,142,0.017356872442178428
8,4096,143,0.017371082678437233
8,4096,144,0.01736306748352945
8,4096,145,0.01736328552942723
8,4096,146,0.01724417193327099
8,4096,147,0.017243618960492313
8,4096,148,0.017239552922546864
8,4096,149,0.01723848143592477
8,4096,150,0.01728121645282954
8,4096,151,0.017189600970596075
8,4096,152,0.017223141971044242
8,4096,153,0.01722648157738149
8,4096,154,0.017304861452430487
8,4096,155,0.017309530987404287
8,4096,156,0.01726016600150615
8,4096,157,0.01724013895727694
8,4096,158,0.017235261970199645
8,4096,159,0.01720635953824967
8,4096,160,0.017296375008299947
8,4096,161,0.01716526399832219
8,4096,162,0.017383128171786666
8,4096,163,0.01712622493505478
8,4096,164,0.017131355009041727
8,4096,165,0.017130495980381966
8,4096,166,0.0173441314836964
8,4096,167,0.017236271989531815
8,4096,168,0.017387071973644197
8,4096,169,0.01740860810969025
8,4096,170,0.017412652960047126
8,4096,171,0.017254508566111326
8,4096,172,0.01733426342252642
8,4096,173,0.017420555464923382
8,4096,174,0.017340799095109105
8,4096,175,0.017311776522547007
8,4096,176,0.017248365562409163
8,4096,177,0.017310950555838645
8,4096,178,0.017177807982079685
8,4096,179,0.017392482492141426
8,4096,180,0.017105325940065086
8,4096,181,0.017456511966884136
8,4096,182,0.017400316544808447
8,4096,183,0.01741221745032817
8,4096,184,0.017396081006154418
8,4096,185,0.017314502969384193
8,4096,186,0.017255446058698
8,4096,187,0.017253348138183355
8,4096,188,0.017246332950890064
8,4096,189,0.017376071074977517
8,4096,190,0.017225266550667584
8,4096,191,0.01737366511952132
8,4096,192,0.01720714184921235
8,4096,193,0.01721830409951508
8,4096,194,0.01720702659804374
8,4096,195,0.01725432649254799
8,4096,196,0.01722763606812805
8,4096,197,0.017253365484066308
8,4096,198,0.017233706545084715
8,4096,199,0.017261005006730556
8,4096,200,0.017233489081263542
8,4096,201,0.017363808467052877
8,4096,202,0.01733098248951137
8,4096,203,0.017324393498711288
8,4096,204,0.017326797358691692
8,4096,205,0.017199975438416004
8,4096,206,0.017208571545779705
8,4096,207,0.017211487982422113
8,4096,208,0.017316720099188387
8,4096,209,0.017249246942810714
8,4096,210,0.017316964571364224
8,4096,211,0.0174116229172796
8,4096,212,0.017359526944346726
8,4096,213,0.017392103443853557
8,4096,214,0.01732467405963689
8,4096,215,0.0171550284139812
8,4096,216,0.01715507241897285
8,4096,217,0.01747429312672466
8,4096,218,0.01739411149173975
8,4096,219,0.01723680051509291
8,4096,220,0.017266349052079022
8,4096,221,0.01717624405864626
8,4096,222,0.017276403959840536
8,4096,223,0.017096426454372704
8,4096,224,0.017445603501982987
8,4096,225,0.017175353015773
8,4096,226,0.01737168151885271
8,4096,227,0.017168389982543886
8,4096,228,0.01737060199957341
8,4096,229,0.017425492056645453
8,4096,230,0.017419378971681
8,4096,231,0.01742444804403931
8,4096,232,0.01739591301884502
8,4096,233,0.017358573502860963
8,4096,234,0.017343975021503866
8,4096,235,0.017349245958030224
8,4096,236,0.017394441179931164
8,4096,237,0.017392704961821437
8,4096,238,0.017251865938305855
8,4096,239,0.017269739415496588
8,4096,240,0.017277071601711214
8,4096,241,0.01721721503417939
8,4096,242,0.017284146044403315
8,4096,243,0.017236690502613783
8,4096,244,0.017169505008496344
8,4096,245,0.017170019447803497
8,4096,246,0.01725855201948434
8,4096,247,0.017358886427246034
8,4096,248,0.017366066458635032
8,4096,249,0.017369133536703885
8,4096,250,0.017265404458157718
8,4096,251,0.017322273459285498
8,4096,252,0.017081152414903045
8,4096,253,0.017401608522050083
8,4096,254,0.016904048970900476
8,4096,255,0.017198754008859396
16,64,4,0.017499963520094752
16,64,5,0.016344338073395193
16,64,6,0.017083826940506697
16,64,7,0.018272963468916714
16,64,8,0.01559596392326057
16,64,9,0.01639756211079657
16,64,10,0.017251425539143384
16,64,11,0.016323480987921357
16,64,12,0.016933027538470924
16,64,13,0.01663053745869547
16,64,14,0.016900741960853338
16,64,15,0.016421582433395088
16,64,16,0.017127731582149863
16,64,17,0.016441674903035164
16,64,18,0.016777730081230402
16,64,19,0.016542973928153515
16,64,20,0.01696446689311415
16,64,21,0.0164363564690575
16,64,22,0.017062054364942014
16,64,23,0.01685199560597539
16,64,24,0.016679081949405372
16,64,25,0.01660210406407714
16,64,26,0.017154644592665136
16,64,27,0.01653531100600958
16,64,28,0.017177336500026286
16,64,29,0.016257644980214536
16,64,30,0.01665374101139605
16,64,31,0.016807873034849763
16,64,32,0.01659269444644451
16,64,33,0.01670417794957757
16,64,34,0.017113646492362022
16,64,35,0.016247149906121194
16,64,36,0.016796520445495844
16,64,37,0.016577455564402044
16,64,38,0.017147919512353837
16,64,39,0.01643988653086126
16,64,40,0.01718061708379537
16,64,41,0.01640900643542409
16,64,42,0.016586705925874412
16,64,43,0.016955503495410085
16,64,44,0.016969129675999284
16,64,45,0.0164300799369812
16,64,46,0.017184825497679412
16,64,47,0.016218998935073614
16,64,48,0.016872241511009634
16,64,49,0.016830874956212938
16,64,50,0.016896579531021416
16,64,51,0.016601581941358745
16,64,52,0.016751902061514556
16,64,53,0.016501497011631727
16,64,54,0.016767529537901282
16,64,55,0.01684655691497028
16,64,56,0.017005422385409474
16,64,57,0.01637285901233554
16,64,58,0.01680508954450488
16,64,59,0.01649913506116718
16,64,60,0.016718503437004983
16,64,61,0.017055963980965316
16,64,62,0.017107657506130636
16,64,63,0.01623059599660337
16,64,64,0.016803457401692867
16,64,65,0.016821462544612586
16,64,66,0.017017198028042912
16,64,67,0.01679162948857993
16,64,68,0.017194474930875003
16,64,69,0.016296927584335208
16,64,70,0.01660883438307792
16,64,71,0.016856656060554087
16,64,72,0.016861881013028324
16,64,73,0.016881195944733918
16,64,74,0.016894774045795202
16,64,75,0.01704497297760099
16,64,76,0.016326999990269542
16,64,77,0.016634544590488076
16,64,78,0.016978850588202477
16,64,79,0.01687898358795792
16,64,80,0.017167636891826987
16,64,81,0.016844748985022306
16,64,82,0.016465446446090937
16,64,83,0.017036188510246575
16,64,84,0.016893920488655567
16,64,85,0.01653137116227299
16,64,86,0.017061991849914193
16,64,87,0.016508382512256503
16,64,88,0.016567290062084794
16,64,89,0.017112247413024306
16,64,90,0.01693110098131001
16,64,91,0.016646609525196254
16,64,92,0.016942724585533142
16,64,93,0.016600003582425416
16,64,94,0.016600241069681942
16,64,95,0.01666959549766034
16,64,96,0.016903499490581453
16,64,97,0.01707363361492753
16,64,98,0.01706269651185721
16,64,99,0.016427529393695295
16,64,100,0.01676160003989935
16,64,101,0.01683813356794417
16,64,102,0.016887923469766974
16,64,103,0.017149150487966835
16,64,104,0.017043706960976124
16,64,105,0.01638859254308045
16,64,106,0.016725249006412923
16,64,107,0.01708889496512711
16,64,108,0.016767136519774795
16,64,109,0.016886982484720647
16,64,110,0.01715657312888652
16,64,111,0.016412812867201865
16,64,112,0.016998270992189646
16,64,113,0.016995761543512344
16,64,114,0.016769548528827727
16,64,115,0.016685772920027375
16,64,116,0.01718062860891223
16,64,117,0.016274465597234666
16,64,118,0.017250804929062724
16,64,119,0.01658771699294448
16,64,120,0.017070686910301447
16,64,121,0.016703531495295465
16,64,122,0.0169500894844532
16,64,123,0.016384207527153194
16,64,124,0.017027819994837046
16,64,125,0.016607763478532434
16,64,126,0.01716699404641986
16,64,127,0.01685000362340361
16,64,128,0.017157718655653298
16,64,129,0.016741058439947665
16,64,130,0.01666574808768928
16,64,131,0.016665749833919108
16,64,132,0.01714429911226034
16,64,133,0.016917774570174515
16,64,134,0.01687896647490561
16,64,135,0.01651437988039106
16,64,136,0.016893318039365113
16,64,137,0.0166396819986403
16,64,138,0.01700199255719781
16,64,139,0.017032972536981106
16,64,140,0.017214740975759923
16,64,141,0.016255818074569106
16,64,142,0.01698207587469369
16,64,143,0.016630297526717186
16,64,144,0.01730317808687687
16,64,145,0.01666750304866582
16,64,146,0.017277790000662208
16,64,147,0.016428852453827858
16,64,148,0.016969593474641442
16,64,149,0.016583209857344627
16,64,150,0.01726561749819666
16,64,151,0.019668568507768214
16,64,152,0.01708828646223992
16,64,153,0.01633461005985737
16,64,154,0.01693685760255903
16,64,155,0.016917294007726014
16,64,156,0.016834142967127264
16,64,157,0.016795675386674702
16,64,158,0.01687654503621161
16,64,159,0.016582112526521087
16,64,160,0.01721986848860979
16,64,161,0.01671700889710337
16,64,162,0.01692995661869645
16,64,163,0.01667631044983864
16,64,164,0.016849859501235187
16,64,165,0.016597934649325907
16,64,166,0.016899878974072635
16,64,167,0.017029685084708035
16,64,168,0.016768725938163698
16,64,169,0.016836037626489997
16,64,170,0.01693570415955037
16,64,171,0.01672344491817057
16,64,172,0.01674884499516338
16,64,173,0.016959614004008472
16,64,174,0.017008182010613382
16,64,175,0.016651896992698312
16,64,176,0.01686135004274547
16,64,177,0.016927417484112084
16,64,178,0.01655654702335596
16,64,179,0.01701940700877458
16,64,180,0.016811638488434255
16,64,181,0.016803818522021174
16,64,182,0.016810544999316335
16,64,183,0.01660575356800109
16,64,184,0.016927422606386244
16,64,185,0.01724801247473806
16,64,186,0.01658214465714991
16,64,187,0.01697030640207231
16,64,188,0.01681569602806121
16,64,189,0.01662789797410369
16,64,190,0.016845703939907253
16,64,191,0.017231244943104684
16,64,192,0.016937173437327147
16,64,193,0.016627622535452247
16,64,194,0.016845459584146738
16,64,195,0.016679861466400325
16,64,196,0.016914436011575162
16,64,197,0.017104672035202384
16,64,198,0.017215945990756154
16,64,199,0.016579168033786118
16,64,200,0.0172232334734872
16,64,201,0.01650109246838838
16,64,202,0.017112575471401215
16,64,203,0.017104858998209238
16,64,204,0.016454351018182933
16,64,205,0.01715777034405619
16,64,206,0.01685454905964434
16,64,207,0.01668101001996547
16,64,208,0.016939815948717296
16,64,209,0.017252082470804453
16,64,210,0.01698464748915285
16,64,211,0.01672373351175338
16,64,212,0.01690025406423956
16,64,213,0.016588937607593834
16,64,214,0.017231846461072564
16,64,215,0.01671840262133628
16,64,216,0.01692279358394444
16,64,217,0.016748805530369282
16,64,218,0.01691597606986761
16,64,219,0.016783776343800128
16,64,220,0.016887192032299936
16,64,221,0.017010552575811744
16,64,222,0.016987744602374732
16,64,223,0.01693823654204607
16,64,224,0.016787135507911444
16,64,225,0.0167277695145458
16,64,226,0.016933476901613176
16,64,227,0.016937994514591992
16,64,228,0.016846070415340364
16,64,229,0.01701135910116136
16,64,230,0.01677049696445465
16,64,231,0.016736710560508072
16,64,232,0.0170348915271461
16,64,233,0.016964844428002834
16,64,234,0.01684695144649595
16,64,235,0.016881642979569733
16,64,236,0.016867171972990036
16,64,237,0.01660419802647084
16,64,238,0.01716119796037674
16,64,239,0.016725123045034707
16,64,240,0.016853300505317748
16,64,241,0.017111871507950127
16,64,242,0.016843921970576048
16,64,243,0.016575939022004604
16,64,244,0.017083012498915195
16,64,245,0.016867538914084435
16,64,246,0.016807414940558374
16,64,247,0.01687301101628691
16,64,248,0.017289461917243898
16,64,249,0.01635480346158147
16,64,250,0.01709736103657633
16,64,251,0.016756831551901996
16,64,252,0.016908963560126722
16,64,253,0.01692420686595142
16,64,254,0.017614497104659677
16,64,255,0.01767379743978381
16,256,4,0.017273436998948455
16,256,5,0.016998738516122103
16,256,6,0.017080064048059285
16,256,7,0.016867106431163847
16,256,8,0.01704576553311199
16,256,9,0.017004410503432155
16,256,10,0.0166481239721179
16,256,11,0.01701005094218999
16,256,12,0.017287750029936433
16,256,13,0.016552384942770004
16,256,14,0.01723486348055303
16,256,15,0.016496208496391773
16,256,16,0.016979464562609792
16,256,17,0.016828587860800326
16,256,18,0.01721002405975014
16,256,19,0.016911832499317825
16,256,20,0.016868520062416792
16,256,21,0.01676931604743004
16,256,22,0.01712571911048144
16,256,23,0.016668095369823277
16,256,24,0.01698056107852608
16,256,25,0.016780394944362342
16,256,26,0.0170577559620142
16,256,27,0.01657257799524814
16,256,28,0.017240053042769432
16,256,29,0.01671491051092744
16,256,30,0.016713071963749826
16,256,31,0.017163567594252527
16,256,32,0.01675249100662768
16,256,33,0.016832593479193747
16,256,34,0.01686464948579669
16,256,35,0.01679848856292665
16,256,36,0.016799925011582673
16,256,37,0.017487068427726626
16,256,38,0.016647226992063224
16,256,39,0.016654634033329785
16,256,40,0.016933771432377398
16,256,41,0.016979958512820303
16,256,42,0.01689174200873822
16,256,43,0.01741597894579172
16,256,44,0.01644490158651024
16,256,45,0.016780173871666193
16,256,46,0.017112917499616742
16,256,47,0.016733946511521935
16,256,48,0.016691584489308298
16,256,49,0.01700235845055431
16,256,50,0.017169357975944877
16,256,51,0.016482295119203627
16,256,52,0.017239752924069762
16,256,53,0.016586158541031182
16,256,54,0.016773197567090392
16,256,55,0.017510183970443904
16,256,56,0.016271190950646996
16,256,57,0.017062272876501083
16,256,58,0.0170183900045231
16,256,59,0.01668882602825761
16,256,60,0.016749230911955237
16,256,61,0.017235186649486423
16,256,62,0.016573422006331384
16,256,63,0.016767357592470944
16,256,64,0.01699458493385464
16,256,65,0.016836004448123276
16,256,66,0.016966073075309396
16,256,67,0.017223051516339183
16,256,68,0.017272670986130834
16,256,69,0.016813050489872694
16,256,70,0.016964949085377157
16,256,71,0.01681370392907411
16,256,72,0.016791111906059086
16,256,73,0.01703413645736873
16,256,74,0.016674352111294866
16,256,75,0.016731727635487914
16,256,76,0.017217879998497665
16,256,77,0.016607544501312077
16,256,78,0.016872762353159487
16,256,79,0.017117174458689988
16,256,80,0.016906934906728566
16,256,81,0.016911955550312996
16,256,82,0.017133027082309127
16,256,83,0.016662943991832435
16,256,84,0.017137789051048458
16,256,85,0.01662494451738894
16,256,86,0.017039282945916057
16,256,87,0.016825549537315965
16,256,88,0.01683089346624911
16,256,89,0.01689770189113915
16,256,90,0.016807257547043264
16,256,91,0.016807639505714178
16,256,92,0.017098868964239955
16,256,93,0.016765912994742393
16,256,94,0.01680970552843064
16,256,95,0.01689420989714563
16,256,96,0.0171981044113636
16,256,97,0.01666992495302111
16,256,98,0.01701272453647107
16,256,99,0.01696114952210337
16,256,100,0.01691658003255725
16,256,101,0.017189140082336962
16,256,102,0.016933462116867304
16,256,103,0.016613152460195124
16,256,104,0.017075834912247956
16,256,105,0.016899481415748596
16,256,106,0.016795762348920107
16,256,107,0.016889911494217813
16,256,108,0.01699133892543614
16,256,109,0.017150049563497305
16,256,110,0.01656506594736129
16,256,111,0.016876088571734726
16,256,112,0.01691256242338568
16,256,113,0.01735050941351801
16,256,114,0.017064359039068222
16,256,115,0.016548113548196852
16,256,116,0.01688390295021236
16,256,117,0.016890664002858102
16,256,118,0.016867866623215377
16,256,119,0.01698847208172083
16,256,120,0.017390337539836764
16,256,121,0.016550458502024412
16,256,122,0.0168191350530833
16,256,123,0.01696927286684513
16,256,124,0.01685278711374849
16,256,125,0.01701867498923093
16,256,126,0.017348708934150636
16,256,127,0.016576322028413415
16,256,128,0.016961210872977972
16,256,129,0.0170327223604545
16,256,130,0.016976621467620134
16,256,131,0.016925567528232932
16,256,132,0.016751036513596773
16,256,133,0.01718721352517605
16,256,134,0.016705322079360485
16,256,135,0.01698433351702988
16,256,136,0.01681899989489466
16,256,137,0.017079489422030747
16,256,138,0.016911354148760438
16,256,139,0.017030712449923158
16,256,140,0.016758835525251925
16,256,141,0.016837598523125052
16,256,142,0.016962368856184185
16,256,143,0.01711451739538461
16,256,144,0.017066023545339704
16,256,145,0.016933563514612615
16,256,146,0.016902212519198656
16,256,147,0.016999782994389534
16,256,148,0.017176393535919487
16,256,149,0.016437345533631742
16,256,150,0.01697244751267135
16,256,151,0.016850650543347
16,256,152,0.016758493962697685
16,256,153,0.017150977975688875
16,256,154,0.01678995811380446
16,256,155,0.01693227607756853
16,256,156,0.017001261934638023
16,256,157,0.0166437819134444
16,256,158,0.017002402106299996
16,256,159,0.01719577901531011
16,256,160,0.01710650057066232
16,256,161,0.01652924297377467
16,256,162,0.017186290584504604
16,256,163,0.01691513357218355
16,256,164,0.016812995076179504
16,256,165,0.016974248574115336
16,256,166,0.01692090544383973
16,256,167,0.01721796952188015
16,256,168,0.017219542060047388
16,256,169,0.01692606450524181
16,256,170,0.016659949906170368
16,256,171,0.017272490076720715
16,256,172,0.01684121147263795
16,256,173,0.01694687141571194
16,256,174,0.01683443842921406
16,256,175,0.01716512395069003
16,256,176,0.016511068446561694
16,256,177,0.017213701037690043
16,256,178,0.016937237582169473
16,256,179,0.01667205593548715
16,256,180,0.01724762748926878
16,256,181,0.01691270701121539
16,256,182,0.016357047483325005
16,256,183,0.017270601936616004
16,256,184,0.01695716253016144
16,256,185,0.01700291456654668
16,256,186,0.01704290695488453
16,256,187,0.016985087539069355
16,256,188,0.01647942198906094
16,256,189,0.01728199457284063
16,256,190,0.016916150925680995
16,256,191,0.016688571427948773
16,256,192,0.01728475757408887
16,256,193,0.017128994455561042
16,256,194,0.016499824821949005
16,256,195,0.017103317542932928
16,256,196,0.016765697509981692
16,256,197,0.01702928845770657
16,256,198,0.017029621521942317
16,256,199,0.017104552476666868
16,256,200,0.016654689563438296
16,256,201,0.017262808978557587
16,256,202,0.016931893420405686
16,256,203,0.016913151484914124
16,256,204,0.016912139020860195
16,256,205,0.017237732536159456
16,256,206,0.016593246953561902
16,256,207,0.017032437957823277
16,256,208,0.017090438515879214
16,256,209,0.01717586105223745
16,256,210,0.016702169086784124
16,256,211,0.017111850436776876
16,256,212,0.016759645543061197
16,256,213,0.017108975909650326
16,256,214,0.016979668056592345
16,256,215,0.017067443463020027
16,256,216,0.01670807006303221
16,256,217,0.017190782469697297
16,256,218,0.016691081458702683
16,256,219,0.017163001582957804
16,256,220,0.017180669936351478
16,256,221,0.01701048098038882
16,256,222,0.019547898438759148
16,256,223,0.01979608158580959
16,256,224,0.014318260946311057
16,256,225,0.01691069290973246
16,256,226,0.017079260083846748
16,256,227,0.017032501404173672
16,256,228,0.01708824944216758
16,256,229,0.016751744435168803
16,256,230,0.017069239518605173
16,256,231,0.01697342237457633
16,256,232,0.01712337846402079
16,256,233,0.01694344903808087
16,256,234,0.01701666589360684
16,256,235,0.0169088615803048
16,256,236,0.016805055434815586
16,256,237,0.01721183944027871
16,256,238,0.017070499481633306
16,256,239,0.016762554529123008
16,256,240,0.01721974601969123
16,256,241,0.016762048471719027
16,256,242,0.017060004058293998
16,256,243,0.017271411488763988
16,256,244,0.016916451510041952
16,256,245,0.01668825640808791
16,256,246,0.017236671061255038
16,256,247,0.016653461614623666
16,256,248,0.017129453946836293
16,256,249,0.01719792908988893
16,256,250,0.016867680591531098
16,256,251,0.017011128598824143
16,256,252,0.016863755998201668
16,256,253,0.016709214076399803
16,256,254,0.017541919485665858
16,256,255,0.018423076951876283
16,1024,4,0.017284712987020612
16,1024,5,0.017413298483006656
16,1024,6,0.017552504083141685
16,1024,7,0.017461966606788337
16,1024,8,0.017320999992080033
16,1024,9,0.017090856563299894
16,1024,10,0.017292853444814682
16,1024,11,0.01738928956910968
16,1024,12,0.017211130587384105
16,1024,13,0.01744480850175023
16,1024,14,0.016988717019557953
16,1024,15,0.01723546104039997
16,1024,16,0.017231562524102628
16,1024,17,0.017331195529550314
16,1024,18,0.017308307928033173
16,1024,19,0.017236982472240925
16,1024,20,0.01709547103382647
16,1024,21,0.017061288584955037
16,1024,22,0.017153952969238162
16,1024,23,0.017291431548073888
16,1024,24,0.01720700867008418
16,1024,25,0.01744872855488211
16,1024,26,0.01700523996260017
16,1024,27,0.017371168942190707
16,1024,28,0.017478624475188553
16,1024,29,0.017160785500891507
16,1024,30,0.017237906926311553
16,1024,31,0.01721094350796193
16,1024,32,0.01715119439177215
16,1024,33,0.017126332852058113
16,1024,34,0.01729326497297734
16,1024,35,0.017069463501684368
16,1024,36,0.01697850099299103
16,1024,37,0.01739556808024645
16,1024,38,0.017162966076284647
16,1024,39,0.017155050416477025
16,1024,40,0.017299700528383255
16,1024,41,0.017389887012541294
16,1024,42,0.017270668409764767
16,1024,43,0.017044333973899484
16,1024,44,0.016970087541267276
16,1024,45,0.017113828449510038
16,1024,46,0.017353298608213663
16,1024,47,0.017147420439869165
16,1024,48,0.017255195998586714
16,1024,49,0.01726672798395157
16,1024,50,0.01709412003401667
16,1024,51,0.017382287536747754
16,1024,52,0.017153446446172893
16,1024,53,0.017225852934643626
16,1024,54,0.017301651532761753
16,1024,55,0.017325743101537228
16,1024,56,0.0173199555138126
16,1024,57,0.01717827352695167
16,1024,58,0.017373624490574002
16,1024,59,0.017139514442533255
16,1024,60,0.01706651644781232
16,1024,61,0.017253480502404273
16,1024,62,0.017452717060223222
16,1024,63,0.01735493598971516
16,1024,64,0.01717711752280593
16,1024,65,0.01705501100514084
16,1024,66,0.0172881685430184
16,1024,67,0.016974880010820925
16,1024,68,0.01718163292389363
16,1024,69,0.017117934534326196
16,1024,70,0.017353514907881618
16,1024,71,0.01754571998026222
16,1024,72,0.017202321556396782
16,1024,73,0.017025709501467645
16,1024,74,0.01708709553349763
16,1024,75,0.01715526240877807
16,1024,76,0.01707597798667848
16,1024,77,0.01701665949076414
16,1024,78,0.017422445002011955
16,1024,79,0.01695407193619758
16,1024,80,0.017340165097266436
16,1024,81,0.017110400483943522
16,1024,82,0.01716209447477013
16,1024,83,0.017245239461772144
16,1024,84,0.017495105043053627
16,1024,85,0.017099976539611816
16,1024,86,0.016888260026462376
16,1024,87,0.017114088987000287
16,1024,88,0.01712406345177442
16,1024,89,0.0174371664179489
16,1024,90,0.01746189151890576
16,1024,91,0.017192145460285246
16,1024,92,0.017000117455609143
16,1024,93,0.017363632912747562
16,1024,94,0.016939284978434443
16,1024,95,0.017455464461818337
16,1024,96,0.017314473050646484
16,1024,97,0.017122380901128054
16,1024,98,0.017311955569311976
16,1024,99,0.01721730106510222
16,1024,100,0.01712345238775015
16,1024,101,0.017295244033448398
16,1024,102,0.01729993848130107
16,1024,103,0.01707800489384681
16,1024,104,0.017435613088309765
16,1024,105,0.017024152562953532
16,1024,106,0.017158147878944874
16,1024,107,0.01733743364457041
16,1024,108,0.01736522209830582
16,1024,109,0.016990444040857255
16,1024,110,0.017356988042593002
16,1024,111,0.017058803467079997
16,1024,112,0.017365625477395952
16,1024,113,0.017268660478293896
16,1024,114,0.017210848978720605
16,1024,115,0.01723293901886791
16,1024,116,0.017181279603391886
16,1024,117,0.017315261997282505
16,1024,118,0.017103308578953147
16,1024,119,0.01751994399819523
16,1024,120,0.017126502003520727
16,1024,121,0.017001021071337163
16,1024,122,0.01726682495791465
16,1024,123,0.017232137033715844
16,1024,124,0.01701008598320186
16,1024,125,0.017497943597845733
16,1024,126,0.016913503874093294
16,1024,127,0.017213076585903764
16,1024,128,0.017334213480353355
16,1024,129,0.017146265017800033
16,1024,130,0.01734557654708624
16,1024,131,0.017368722474202514
16,1024,132,0.017273294972255826
16,1024,133,0.017076761461794376
16,1024,134,0.01724630908574909
16,1024,135,0.017270396929234266
16,1024,136,0.017179211019538343
16,1024,137,0.017487216042354703
16,1024,138,0.017036780947819352
16,1024,139,0.017100290046073496
16,1024,140,0.017385091516189277
16,1024,141,0.017427970422431827
16,1024,142,0.017536698025651276
16,1024,143,0.017003178014419973
16,1024,144,0.01742569950874895
16,1024,145,0.017060150508768857
16,1024,146,0.01757275906857103
16,1024,147,0.017310434486716986
16,1024,148,0.017443459946662188
16,1024,149,0.017084137885831296
16,1024,150,0.016903495998121798
16,1024,151,0.01701448147650808
16,1024,152,0.01744580257218331
16,1024,153,0.017056913464330137
16,1024,154,0.017621652921661735
16,1024,155,0.017047437489964068
16,1024,156,0.017080700607039034
16,1024,157,0.01700599491596222
16,1024,158,0.017219714354723692
16,1024,159,0.01701376447454095
16,1024,160,0.017698862473480403
16,1024,161,0.016989802941679955
16,1024,162,0.017258618492633104
16,1024,163,0.016950684366747737
16,1024,164,0.017280145548284054
16,1024,165,0.017063233070075512
16,1024,166,0.017484875046648085
16,1024,167,0.017137716407887638
16,1024,168,0.016990889445878565
16,1024,169,0.017253019846975803
16,1024,170,0.017289609531871974
16,1024,171,0.017361476668156683
16,1024,172,0.017394914990291
16,1024,173,0.017283931490965188
16,1024,174,0.017150555970147252
16,1024,175,0.01722314499784261
16,1024,176,0.01707063044887036
16,1024,177,0.017440511961467564
16,1024,178,0.01718331314623356
16,1024,179,0.017174372915178537
16,1024,180,0.0172319010598585
16,1024,181,0.017102461541071534
16,1024,182,0.017300190520472825
16,1024,183,0.017482933588325977
16,1024,184,0.017392501467838883
16,1024,185,0.017149178427644074
16,1024,186,0.017371265566907823
16,1024,187,0.017162314848974347
16,1024,188,0.017299226485192776
16,1024,189,0.017288945498876274
16,1024,190,0.01730432955082506
16,1024,191,0.0171707485569641
16,1024,192,0.017478370456956327
16,1024,193,0.017200282076373696
16,1024,194,0.017167203943245113
16,1024,195,0.017478396999649704
16,1024,196,0.017039179452694952
16,1024,197,0.017261043074540794
16,1024,198,0.017201256356202066
16,1024,199,0.01735417451709509
16,1024,200,0.017347758053801954
16,1024,201,0.017414582427591085
16,1024,202,0.017270359094254673
16,1024,203,0.017062568571418524
16,1024,204,0.01725344092119485
16,1024,205,0.01738096005283296
16,1024,206,0.01733470452018082
16,1024,207,0.017589336028322577
16,1024,208,0.01724608091171831
16,1024,209,0.017194334999658167
16,1024,210,0.01719715108629316
16,1024,211,0.017656248062849045
16,1024,212,0.017094686976633966
16,1024,213,0.017329034977592528
16,1024,214,0.01706286601256579
16,1024,215,0.017387023544870317
16,1024,216,0.017015481600537896
16,1024,217,0.01752969587687403
16,1024,218,0.01720723754260689
16,1024,219,0.017225754912942648
16,1024,220,0.01709803706035018
16,1024,221,0.01700836350210011
16,1024,222,0.01732779247686267
16,1024,223,0.017223576898686588
16,1024,224,0.017360817058943212
16,1024,225,0.01740512193646282
16,1024,226,0.01727496285457164
16,1024,227,0.01721575390547514
16,1024,228,0.017268050578422844
16,1024,229,0.01724761608056724
16,1024,230,0.017394453985616565
16,1024,231,0.017321318038739264
16,1024,232,0.01711789844557643
16,1024,233,0.017192234052345157
16,1024,234,0.017311235424131155
16,1024,235,0.017167370533570647
16,1024,236,0.017494257423095405
16,1024,237,0.017204707604832947
16,1024,238,0.01714770041871816
16,1024,239,0.01728739938698709
16,1024,240,0.017368897912092507
16,1024,241,0.01720141840633005
16,1024,242,0.017509316909126937
16,1024,243,0.017123204073868692
16,1024,244,0.01744916697498411
16,1024,245,0.017326586414128542
16,1024,246,0.017225066083483398
16,1024,247,0.01734165893867612
16,1024,248,0.017423390061594546
16,1024,249,0.017096555326133966
16,1024,250,0.0172600265359506
16,1024,251,0.017448192578740418
16,1024,252,0.01727040798868984
16,1024,253,0.017767710029147565
16,1024,254,0.01759053545538336
16,1024,255,0.017180651426315308
16,4096,4,0.1517598305363208
16,4096,5,0.018932170001789927
16,4096,6,0.018834256916306913
16,4096,7,0.01882595708593726
16,4096,8,0.018715267069637775
16,4096,9,0.01874406449496746
16,4096,10,0.018724975525401533
16,4096,11,0.01861003751400858
16,4096,12,0.018725808593444526
16,4096,13,0.018612061045132577
16,4096,14,0.01864102203398943
16,4096,15,0.018607930513098836
16,4096,16,0.01858510449528694
16,4096,17,0.018630004953593016
16,4096,18,0.018635129439644516
16,4096,19,0.018636386492289603
16,4096,20,0.01867522788234055
16,4096,21,0.018665269017219543
16,4096,22,0.018655995023436844
16,4096,23,0.018637400935404003
16,4096,24,0.018651395104825497
16,4096,25,0.018661268521100283
16,4096,26,0.01870588946621865
16,4096,27,0.018709023017436266
16,4096,28,0.018665977055206895
16,4096,29,0.018675885978154838
16,4096,30,0.018647004500962794
16,4096,31,0.01866045396309346
16,4096,32,0.018690338474698365
16,4096,33,0.0185784085188061
16,4096,34,0.01865874615032226
16,4096,35,0.018595304572954774
16,4096,36,0.018544316524639726
16,4096,37,0.018599738948978484
16,4096,38,0.01860721397679299
16,4096,39,0.018631885526701808
16,4096,40,0.018638907582499087
16,4096,41,0.01858235488180071
16,4096,42,0.018569296458736062
16,4096,43,0.01863436249550432
16,4096,44,0.018563408637419343
16,4096,45,0.01856157393194735
16,4096,46,0.018556287395767868
16,4096,47,0.018558142823167145
16,4096,48,0.0185722594615072
16,4096,49,0.01855766004882753
16,4096,50,0.018559379503130913
16,4096,51,0.01858416642062366
16,4096,52,0.018548875930719078
16,4096,53,0.01861800590995699
16,4096,54,0.018492551054805517
16,4096,55,0.018579563591629267
16,4096,56,0.01865573856048286
16,4096,57,0.018566588521935046
16,4096,58,0.018522112048231065
16,4096,59,0.018634124542586505
16,4096,60,0.01848592353053391
16,4096,61,0.018660350004211068
16,4096,62,0.01852592546492815
16,4096,63,0.018508545006625354
16,4096,64,0.018523971550166607
16,4096,65,0.018528108950704336
16,4096,66,0.018537638010457158
16,4096,67,0.01871028740424663
16,4096,68,0.01851501758210361
16,4096,69,0.018734001903794706
16,4096,70,0.01862541341688484
16,4096,71,0.018699206062592566
16,4096,72,0.018708528019487858
16,4096,73,0.018629076541401446
16,4096,74,0.018542389036156237
16,4096,75,0.01864166301675141
16,4096,76,0.01847808249294758
16,4096,77,0.018640464055351913
16,4096,78,0.01862232305575162
16,4096,79,0.018631466082297266
16,4096,80,0.018635565415024757
16,4096,81,0.018613642547279596
16,4096,82,0.018638569628819823
16,4096,83,0.018644145573489368
16,4096,84,0.0186403994448483
16,4096,85,0.01858603407163173
16,4096,86,0.018600758048705757
16,4096,87,0.01851937302853912
16,4096,88,0.018473836476914585
16,4096,89,0.018453723983839154
16,4096,90,0.018452679505571723
16,4096,91,0.018463846994563937
16,4096,92,0.018440770567394793
16,4096,93,0.018465241068042815
16,4096,94,0.01888224110007286
16,4096,95,0.018664717441424727
16,4096,96,0.018451243522576988
16,4096,97,0.018468389520421624
16,4096,98,0.018468310008756816
16,4096,99,0.0184650425799191
16,4096,100,0.01847638504114002
16,4096,101,0.018463642103597522
16,4096,102,0.018475146032869816
16,4096,103,0.01849410147406161
16,4096,104,0.018489012611098588
16,4096,105,0.018517510499805212
16,4096,106,0.018518263357691467
16,4096,107,0.018541501951403916
16,4096,108,0.018518529599532485
16,4096,109,0.018521085963584483
16,4096,110,0.01848985650576651
16,4096,111,0.018665969953872263
16,4096,112,0.018457332043908536
16,4096,113,0.01852531940676272
16,4096,114,0.018557453877292573
16,4096,115,0.01853812055196613
16,4096,116,0.018503071507439017
16,4096,117,0.018553332542069256
16,4096,118,0.018566000973805785
16,4096,119,0.01854045840445906
16,4096,120,0.01858207501936704
16,4096,121,0.018634470528922975
16,4096,122,0.01863256865181029
16,4096,123,0.01844007254112512
16,4096,124,0.01863372791558504
16,4096,125,0.018636613036505878
16,4096,126,0.018633970990777016
16,4096,127,0.018704675952903926
16,4096,128,0.01860047853551805
16,4096,129,0.01879152189940214
16,4096,130,0.01869223895482719
16,4096,131,0.018565775477327406
16,4096,132,0.018683776957914233
16,4096,133,0.018564125639386475
16,4096,134,0.0185440459754318
16,4096,135,0.018563829129561782
16,4096,136,0.018576882546767592
16,4096,137,0.018560493947006762
16,4096,138,0.018565229489468038
16,4096,139,0.018541071098297834
16,4096,140,0.01862555998377502
16,4096,141,0.018609564867801964
16,4096,142,0.01863129751291126
16,4096,143,0.01861751708202064
16,4096,144,0.018617295543663204
16,4096,145,0.01863586192484945
16,4096,146,0.01864453498274088
16,4096,147,0.01859100954607129
16,4096,148,0.018575565540231764
16,4096,149,0.018579468480311334
16,4096,150,0.01856273738667369
16,4096,151,0.018571040593087673
16,4096,152,0.018595632864162326
16,4096,153,0.018580468487925828
16,4096,154,0.01857950841076672
16,4096,155,0.01858873153105378
16,4096,156,0.018629024969413877
16,4096,157,0.018681807443499565
16,4096,158,0.01870224450249225
16,4096,159,0.018705800059251487
16,4096,160,0.018710149452090263
16,4096,161,0.018705399008467793
16,4096,162,0.01871108147315681
16,4096,163,0.01871516148094088
16,4096,164,0.01868164399638772
16,4096,165,0.018720138003118336
16,4096,166,0.01872078236192465
16,4096,167,0.018581425538286567
16,4096,168,0.01862652157433331
16,4096,169,0.01856955047696829
16,4096,170,0.018620843533426523
16,4096,171,0.018594950553961098
16,4096,172,0.018587829545140266
16,4096,173,0.01861085812561214
16,4096,174,0.018591973464936018
16,4096,175,0.018626166973263025
16,4096,176,0.018638373934663832
16,4096,177,0.018573159934021533
16,4096,178,0.018611184554174542
16,4096,179,0.018630899488925934
16,4096,180,0.0186253369320184
16,4096,181,0.018624256481416523
16,4096,182,0.018629851401783526
16,4096,183,0.018603369942866266
16,4096,184,0.018630992504768074
16,4096,185,0.018654470914043486
16,4096,186,0.01862517651170492
16,4096,187,0.01872453442774713
16,4096,188,0.018624427495524287
16,4096,189,0.01860068691894412
16,4096,190,0.018709309166297317
16,4096,191,0.01856106601189822
16,4096,192,0.018749421928077936
16,4096,193,0.018559836433269083
16,4096,194,0.018585619516670704
16,4096,195,0.01854496996384114
16,4096,196,0.018582621472887695
16,4096,197,0.018589947489090264
16,4096,198,0.018601308460347354
16,4096,199,0.018619225011207163
16,4096,200,0.01860648486763239
16,4096,201,0.018635596614331007
16,4096,202,0.01866414095275104
16,4096,203,0.01865738059859723
16,4096,204,0.01870535349007696
16,4096,205,0.018688295036554337
16,4096,206,0.018685098038986325
16,4096,207,0.01870563963893801
16,4096,208,0.018679202999919653
16,4096,209,0.018658757559023798
16,4096,210,0.01869063696358353
16,4096,211,0.018642129027284682
16,4096,212,0.018652785453014076
16,4096,213,0.018614538945257664
16,4096,214,0.018630125443451107
16,4096,215,0.018578528543002903
16,4096,216,0.018634237465448678
16,4096,217,0.01863243500702083
16,4096,218,0.01864193403162062
16,4096,219,0.018659236025996506
16,4096,220,0.018654207000508904
16,4096,221,0.018682938534766436
16,4096,222,0.018687895964831114
16,4096,223,0.018693845602683723
16,4096,224,0.018688713433220983
16,4096,225,0.01871177600696683
16,4096,226,0.018643671995960176
16,4096,227,0.01861339807510376
16,4096,228,0.018614274449646473
16,4096,229,0.018602448632009327
16,4096,230,0.01861467701382935
16,4096,231,0.018616020446643233
16,4096,232,0.01861405943054706
16,4096,233,0.018602897878736258
16,4096,234,0.018678558175452054
16,4096,235,0.018590871011838317
16,4096,236,0.01877598953433335
16,4096,237,0.018593058921396732
16,4096,238,0.018738380051217973
16,4096,239,0.018721278524026275
16,4096,240,0.018748983507975936
16,4096,241,0.018712049932219088
16,4096,242,0.018727870425209403
16,4096,243,0.01873580797109753
16,4096,244,0.01876604533754289
16,4096,245,0.01874693692661822
16,4096,246,0.018758415477350354
16,4096,247,0.018758461461402476
16,4096,248,0.018749451031908393
16,4096,249,0.018782912869937718
16,4096,250,0.018776307930238545
16,4096,251,0.018652057042345405
16,4096,252,0.018656108528375626
16,4096,253,0.01846170099452138
16,4096,254,0.018280867021530867
16,4096,255,0.018041419563814998
32,64,4,0.01785018458031118
32,64,5,0.017921545542776585
32,64,6,0.01759084698278457
32,64,7,0.018030506907962263
32,64,8,0.017927621956914663
32,64,9,0.017840456101112068
32,64,10,0.01752278138883412
32,64,11,0.017837296007201076
32,64,12,0.017986358026973903
32,64,13,0.01752685650717467
32,64,14,0.01827624987345189
32,64,15,0.018004729528911412
32,64,16,0.018022014410234988
32,64,17,0.0174219214823097
32,64,18,0.01808979152701795
32,64,19,0.01807663857471198
32,64,20,0.017874070443212986
32,64,21,0.01788662769831717
32,64,22,0.01790404145140201
32,64,23,0.017802341491915286
32,64,24,0.017799521912820637
32,64,25,0.018108002957887948
32,64,26,0.01760942896362394
32,64,27,0.017880982952192426
32,64,28,0.017707908991724253
32,64,29,0.018201334518380463
32,64,30,0.01728694303892553
32,64,31,0.018046695040538907
32,64,32,0.017953497474081814
32,64,33,0.01795326266437769
32,64,34,0.017617475474253297
32,64,35,0.01791034813504666
32,64,36,0.017864114022813737
32,64,37,0.017999491072259843
32,64,38,0.017497227992862463
32,64,39,0.01802138693165034
32,64,40,0.018139394582249224
32,64,41,0.017631298047490418
32,64,42,0.01779370114672929
32,64,43,0.017876821104437113
32,64,44,0.017972235335037112
32,64,45,0.01785200391896069
32,64,46,0.01804887456819415
32,64,47,0.017457659589126706
32,64,48,0.017814597114920616
32,64,49,0.018297323491424322
32,64,50,0.017523978953249753
32,64,51,0.01771810499485582
32,64,52,0.018058857531286776
32,64,53,0.018074133899062872
32,64,54,0.017752587562426925
32,64,55,0.017902939347550273
32,64,56,0.01810811005998403
32,64,57,0.01762119389604777
32,64,58,0.017654478433541954
32,64,59,0.017807426978833973
32,64,60,0.017984410165809095
32,64,61,0.017791217425838113
32,64,62,0.01779058447573334
32,64,63,0.01805913494899869
32,64,64,0.017778718029148877
32,64,65,0.018235830939374864
32,64,66,0.017864989466033876
32,64,67,0.017844016547314823
32,64,68,0.017386825056746602
32,64,69,0.018385646515525877
32,64,70,0.01761571504175663
32,64,71,0.01818219863343984
32,64,72,0.017677125986665487
32,64,73,0.018056806060485542
32,64,74,0.017881687497720122
32,64,75,0.0178978955373168
32,64,76,0.017979757976718247
32,64,77,0.01783117896411568
32,64,78,0.0176342090126127
32,64,79,0.01811769953928888
32,64,80,0.01800352963618934
32,64,81,0.01796698640100658
32,64,82,0.01804913906380534
32,64,83,0.017686046427115798
32,64,84,0.0182647310430184
32,64,85,0.0175402935128659
32,64,86,0.018063954543322325
32,64,87,0.017660493031144142
32,64,88,0.018289792933501303
32,64,89,0.017813870566897094
32,64,90,0.017802332993596792
32,64,91,0.018215234973467886
32,64,92,0.01795130199752748
32,64,93,0.017444185097701848
32,64,94,0.01829801534768194
32,64,95,0.017557136015966535
32,64,96,0.01838243193924427
32,64,97,0.018039799528196454
32,64,98,0.01747813052497804
32,64,99,0.01829031459055841
32,64,100,0.017896510078571737
32,64,101,0.018034865031950176
32,64,102,0.017743873526342213
32,64,103,0.018009889870882034
32,64,104,0.017593209515325725
32,64,105,0.018324770499020815
32,64,106,0.017593274940736592
32,64,107,0.01787188753951341
32,64,108,0.018186972476541996
32,64,109,0.017904862528666854
32,64,110,0.01779567706398666
32,64,111,0.01799265551380813
32,64,112,0.017740670358762145
32,64,113,0.01812273100949824
32,64,114,0.018075618892908096
32,64,115,0.017768412013538182
32,64,116,0.018227085005491972
32,64,117,0.018220577505417168
32,64,118,0.017653026501648128
32,64,119,0.017896493431180716
32,64,120,0.018439750536344945
32,64,121,0.017349323607049882
32,64,122,0.01830603601410985
32,64,123,0.017584929591976106
32,64,124,0.018153589102439582
32,64,125,0.0181048100348562
32,64,126,0.017847684561274946
32,64,127,0.018118978012353182
32,64,128,0.018072735983878374
32,64,129,0.018073662533424795
32,64,130,0.017971977591514587
32,64,131,0.01807219907641411
32,64,132,0.017798507935367525
32,64,133,0.01802672352641821
32,64,134,0.01788000308442861
32,64,135,0.01807870448101312
32,64,136,0.0180505879689008
32,64,137,0.01794582011643797
32,64,138,0.018018375034444034
32,64,139,0.017956116469576955
32,64,140,0.017502553993836045
32,64,141,0.018451492534950376
32,64,142,0.01793946500401944
32,64,143,0.01779404457192868
32,64,144,0.018043975462205708
32,64,145,0.018160982988774776
32,64,146,0.017940306453965604
32,64,147,0.017935422481969
32,64,148,0.01829235057812184
32,64,149,0.01745564746670425
32,64,150,0.01853432389907539
32,64,151,0.01742463104892522
32,64,152,0.01860972889699042
32,64,153,0.017734376597218215
32,64,154,0.017614018986932933
32,64,155,0.018112109624780715
32,64,156,0.018106185016222298
32,64,157,0.01790102443192154
32,64,158,0.017480899579823017
32,64,159,0.018381600501015782
32,64,160,0.01766244147438556
32,64,161,0.018169560004025698
32,64,162,0.018083263421431184
32,64,163,0.017817341024056077
32,64,164,0.01792813988868147
32,64,165,0.01806542358826846
32,64,166,0.017886396497488022
32,64,167,0.01789168152026832
32,64,168,0.01773555646650493
32,64,169,0.018088407581672072
32,64,170,0.01794863899704069
32,64,171,0.017776842461898923
32,64,172,0.018156001577153802
32,64,173,0.018064576433971524
32,64,174,0.01805057399906218
32,64,175,0.01791958452668041
32,64,176,0.018195757525973022
32,64,177,0.01768839289434254
32,64,178,0.01839088392443955
32,64,179,0.017698697512969375
32,64,180,0.01811108400579542
32,64,181,0.017861629370599985
32,64,182,0.018187931622378528
32,64,183,0.01791715936269611
32,64,184,0.0179879394127056
32,64,185,0.017452697968110442
32,64,186,0.018375183921307325
32,64,187,0.018381784087978303
32,64,188,0.017662715865299106
32,64,189,0.018139212974347174
32,64,190,0.01807041687425226
32,64,191,0.01800583302974701
32,64,192,0.018013996072113514
32,64,193,0.018496264587156475
32,64,194,0.017789990990422666
32,64,195,0.01806343800853938
32,64,196,0.017827349482104182
32,64,197,0.018337611574679613
32,64,198,0.018037061556242406
32,64,199,0.017944670980796218
32,64,200,0.018460060469806194
32,64,201,0.017943523940630257
32,64,202,0.01828601653687656
32,64,203,0.01792110758833587
32,64,204,0.018146315007470548
32,64,205,0.01790201594121754
32,64,206,0.018362255534157157
32,64,207,0.017930950969457626
32,64,208,0.018625828437507153
32,64,209,0.01814189797732979
32,64,210,0.01805237354710698
32,64,211,0.018194127012975514
32,64,212,0.01818274799734354
32,64,213,0.017527377465739846
32,64,214,0.018433907418511808
32,64,215,0.018209904548712075
32,64,216,0.017562225461006165
32,64,217,0.018348254030570388
32,64,218,0.018008721992373466
32,64,219,0.018449970986694098
32,64,220,0.01792559993918985
32,64,221,0.01818319852463901
32,64,222,0.018006412545219064
32,64,223,0.01778892707079649
32,64,224,0.017833920544944704
32,64,225,0.018510411959141493
32,64,226,0.018515856470912695
32,64,227,0.01764527743216604
32,64,228,0.018113006954081357
32,64,229,0.017981987446546555
32,64,230,0.018253199523314834
32,64,231,0.018162380438297987
32,64,232,0.018140234518796206
32,64,233,0.018132157973013818
32,64,234,0.01822566462215036
32,64,235,0.017843066016212106
32,64,236,0.018263659090735018
32,64,237,0.018128862138837576
32,64,238,0.0181141693610698
32,64,239,0.018034914508461952
32,64,240,0.018089136923663318
32,64,241,0.018533581402152777
32,64,242,0.01793413597624749
32,64,243,0.01822018704842776
32,64,244,0.018211920047178864
32,64,245,0.01811147853732109
32,64,246,0.018336300505325198
32,64,247,0.01809073192998767
32,64,248,0.018271298613399267
32,64,249,0.017885365523397923
32,64,250,0.018336896551772952
32,64,251,0.018088117009028792
32,64,252,0.018624509451910853
32,64,253,0.01805675949435681
32,64,254,0.018437609891407192
32,64,255,0.02113257849123329
32,256,4,0.01809152844361961
32,256,5,0.01821609155740589
32,256,6,0.018151606898754835
32,256,7,0.018153680488467216
32,256,8,0.01777412451338023
32,256,9,0.018139127525500953
32,256,10,0.018523117061704397
32,256,11,0.01811647810973227
32,256,12,0.017800559988245368
32,256,13,0.018234229530207813
32,256,14,0.01823990442790091
32,256,15,0.017749415477737784
32,256,16,0.018298881128430367
32,256,17,0.018171814968809485
32,256,18,0.018133883480913937
32,256,19,0.018116994993761182
32,256,20,0.018101986846886575
32,256,21,0.018385959905572236
32,256,22,0.018147754948586226
32,256,23,0.01789031154476106
32,256,24,0.01821337651927024
32,256,25,0.018609927035868168
32,256,26,0.017596555058844388
32,256,27,0.01845481712371111
32,256,28,0.017999453004449606
32,256,29,0.018093160004355013
32,256,30,0.01795461354777217
32,256,31,0.01826277852524072
32,256,32,0.018114134902134538
32,256,33,0.018143525579944253
32,256,34,0.01793399592861533
32,256,35,0.018315351102501154
32,256,36,0.018133929930627346
32,256,37,0.017715594614855945
32,256,38,0.018454117933288217
32,256,39,0.018051541061140597
32,256,40,0.017766703851521015
32,256,41,0.01832292159087956
32,256,42,0.018399656051769853
32,256,43,0.017775667016394436
32,256,44,0.018085733521729708
32,256,45,0.01831500290427357
32,256,46,0.017764419550076127
32,256,47,0.0184916730504483
32,256,48,0.017695677932351828
32,256,49,0.018438166589476168
32,256,50,0.017983415978960693
32,256,51,0.018172762007452548
32,256,52,0.018012089538387954
32,256,53,0.01836967607960105
32,256,54,0.017793615930713713
32,256,55,0.018418157007545233
32,256,56,0.03814498649444431
32,256,57,0.03537239495199174
32,256,58,0.010348953423090279
32,256,59,0.01813881448470056
32,256,60,0.017683395883068442
32,256,61,0.01778799807652831
32,256,62,0.01817186048720032
32,256,63,0.018255408038385212
32,256,64,0.018830188899300992
32,256,65,0.017999609117396176
32,256,66,0.017809997545555234
32,256,67,0.018064757459796965
32,256,68,0.01826878311112523
32,256,69,0.018444129498675466
32,256,70,0.01830397406592965
32,256,71,0.01778131746686995
32,256,72,0.018037479952909052
32,256,73,0.018800840596668422
32,256,74,0.017791596008464694
32,256,75,0.01837417751085013
32,256,76,0.018210606882348657
32,256,77,0.018145811511203647
32,256,78,0.018299011047929525
32,256,79,0.018165291054174304
32,256,80,0.017926739994436502
32,256,81,0.01854273083154112
32,256,82,0.017879988066852093
32,256,83,0.01821544545236975
32,256,84,0.018364723538979888
32,256,85,0.018005235004238784
32,256,86,0.018412305042147636
32,256,87,0.017779034445993602
32,256,88,0.01809139351826161
32,256,89,0.018303664517588913
32,256,90,0.01831871853210032
32,256,91,0.018053821520879865
32,256,92,0.018384275841526687
32,256,93,0.017966223531402647
32,256,94,0.018498671939596534
32,256,95,0.018407144933007658
32,256,96,0.017770966049283743
32,256,97,0.01824892801232636
32,256,98,0.018131833989173174
32,256,99,0.01789135648868978
32,256,100,0.018393536563962698
32,256,101,0.018274573027156293
32,256,102,0.018100351560860872
32,256,103,0.01833527151029557
32,256,104,0.017970310524106026
32,256,105,0.01951033913064748
32,256,106,0.017020932980813086
32,256,107,0.017950410023331642
32,256,108,0.018461363040842116
32,256,109,0.01815249351784587
32,256,110,0.017930682050064206
32,256,111,0.018324741977266967
32,256,112,0.018412068486213684
32,256,113,0.01785708242096007
32,256,114,0.018252184032462537
32,256,115,0.018153624492697418
32,256,116,0.01767760852817446
32,256,117,0.018550891079939902
32,256,118,0.018077760003507137
32,256,119,0.018454340053722262
32,256,120,0.0181038185255602
32,256,121,0.01799111592117697
32,256,122,0.018276230432093143
32,256,123,0.018398057902231812
32,256,124,0.018284090561792254
32,256,125,0.018175502074882388
32,256,126,0.018143411492928863
32,256,127,0.01775035262107849
32,256,128,0.018793400027789176
32,256,129,0.017977560055442154
32,256,130,0.018197857541963458
32,256,131,0.018260912504047155
32,256,132,0.01814015896525234
32,256,133,0.018216134514659643
32,256,134,0.018499079858884215
32,256,135,0.01772294193506241
32,256,136,0.01856047206092626
32,256,137,0.01803921756800264
32,256,138,0.017771034967154264
32,256,139,0.018388758413493633
32,256,140,0.018281214404851198
32,256,141,0.0180039705010131
32,256,142,0.018263079575262964
32,256,143,0.018083346891216934
32,256,144,0.01839927746914327
32,256,145,0.018501165555790067
32,256,146,0.017837472609244287
32,256,147,0.01831378892529756
32,256,148,0.01838578551542014
32,256,149,0.01776817603968084
32,256,150,0.01841999194584787
32,256,151,0.018123651039786637
32,256,152,0.01822235295549035
32,256,153,0.01816404948476702
32,256,154,0.01840683096088469
32,256,155,0.017962378449738026
32,256,156,0.018500227015465498
32,256,157,0.018074952997267246
32,256,158,0.018305635428987443
32,256,159,0.018134484067559242
32,256,160,0.017945058993063867
32,256,161,0.018444067565724254
32,256,162,0.018148893024772406
32,256,163,0.018189285998232663
32,256,164,0.01816378242801875
32,256,165,0.018387387157417834
32,256,166,0.017761335009709
32,256,167,0.01860029250383377
32,256,168,0.017952030524611473
32,256,169,0.018542664591223
32,256,170,0.017979767988435924
32,256,171,0.018052492989227176
32,256,172,0.018627715529873967
32,256,173,0.018065419048070908
32,256,174,0.01816741598304361
32,256,175,0.018095219507813454
32,256,176,0.018463286571204662
32,256,177,0.018059297581203282
32,256,178,0.018322038580663502
32,256,179,0.018295914982445538
32,256,180,0.018134266487322748
32,256,181,0.01798818854149431
32,256,182,0.018212735536508262
32,256,183,0.0183840204263106
32,256,184,0.018129458534531295
32,256,185,0.018095554900355637
32,256,186,0.018403580994345248
32,256,187,0.018130351440049708
32,256,188,0.018420710926875472
32,256,189,0.018102538539096713
32,256,190,0.018117767525836825
32,256,191,0.018377973465248942
32,256,192,0.018491900875233114
32,256,193,0.018246045103296638
32,256,194,0.018272361950948834
32,256,195,0.018229006440378726
32,256,196,0.01828760397620499
32,256,197,0.0180596224963665
32,256,198,0.018485245993360877
32,256,199,0.017762309056706727
32,256,200,0.01877216249704361
32,256,201,0.017873945995233953
32,256,202,0.018415847094729543
32,256,203,0.018348690471611917
32,256,204,0.018119042506441474
32,256,205,0.018214643467217684
32,256,206,0.01838032656814903
32,256,207,0.018123544054105878
32,256,208,0.018314147018827498
32,256,209,0.018109194468706846
32,256,210,0.01853282912634313
32,256,211,0.018194206408225
32,256,212,0.018265183898620307
32,256,213,0.018319889903068542
32,256,214,0.01841374346986413
32,256,215,0.01836729107890278
32,256,216,0.018077897490002215
32,256,217,0.018456086050719023
32,256,218,0.018216473632492125
32,256,219,0.01827033597510308
32,256,220,0.018260525655932724
32,256,221,0.018429180490784347
32,256,222,0.018194660544395447
32,256,223,0.01788959593977779
32,256,224,0.01853375614155084
32,256,225,0.018449855037033558
32,256,226,0.01832982909400016
32,256,227,0.018108361517079175
32,256,228,0.018528517452068627
32,256,229,0.017984964419156313
32,256,230,0.018391060992144048
32,256,231,0.018333012121729553
32,256,232,0.018334206426516175
32,256,233,0.01832672453019768
32,256,234,0.018300445983186364
32,256,235,0.018324984470382333
32,256,236,0.018324665492400527
32,256,237,0.018473196076229215
32,256,238,0.018057951470836997
32,256,239,0.01848076016176492
32,256,240,0.01810304296668619
32,256,241,0.01838846900500357
32,256,242,0.018110689474269748
32,256,243,0.018117630970664322
32,256,244,0.018494077608920634
32,256,245,0.01831756893079728
32,256,246,0.018135552993044257
32,256,247,0.018352667102590203
32,256,248,0.018568659434095025
32,256,249,0.01803467096760869
32,256,250,0.018322786083444953
32,256,251,0.018126066541299224
32,256,252,0.018304631928913295
32,256,253,0.018046580022200942
32,256,254,0.018657844979315996
32,256,255,0.021413985057733953
32,1024,4,0.01899122749455273
32,1024,5,0.018961736583150923
32,1024,6,0.018952142912894487
32,1024,7,0.018938813474960625
32,1024,8,0.018802372505888343
32,1024,9,0.01870110398158431
32,1024,10,0.018723963876254857
32,1024,11,0.018707238603383303
32,1024,12,0.018780354992486537
32,1024,13,0.01883276761509478
32,1024,14,0.018835328053683043
32,1024,15,0.018818052019923925
32,1024,16,0.01880484342109412
32,1024,17,0.018725313479080796
32,1024,18,0.018729257630184293
32,1024,19,0.018703925423324108
32,1024,20,0.018817783915437758
32,1024,21,0.018812289461493492
32,1024,22,0.0187260874081403
32,1024,23,0.018786640372127295
32,1024,24,0.01866677845828235
32,1024,25,0.01881098560988903
32,1024,26,0.01892096141818911
32,1024,27,0.018877646536566317
32,1024,28,0.018928885459899902
32,1024,29,0.018809794099070132
32,1024,30,0.018843040452338755
32,1024,31,0.018835211521945894
32,1024,32,0.018775024567730725
32,1024,33,0.018814709968864918
32,1024,34,0.0187665109988302
32,1024,35,0.018797722063027322
32,1024,36,0.018749030074104667
32,1024,37,0.01883467345032841
32,1024,38,0.018747373018413782
32,1024,39,0.018872461398132145
32,1024,40,0.018732359050773084
32,1024,41,0.018879415933042765
32,1024,42,0.018880779505707324
32,1024,43,0.018812339520081878
32,1024,44,0.01888072199653834
32,1024,45,0.018814135575667024
32,1024,46,0.01880949002224952
32,1024,47,0.0187493049306795
32,1024,48,0.018719587940722704
32,1024,49,0.0187247860012576
32,1024,50,0.018738990067504346
32,1024,51,0.01881082111503929
32,1024,52,0.018796126474626362
32,1024,53,0.018853414920158684
32,1024,54,0.018762569408863783
32,1024,55,0.018774942494928837
32,1024,56,0.01874492154456675
32,1024,57,0.01886393956374377
32,1024,58,0.018821971490979195
32,1024,59,0.018758914899080992
32,1024,60,0.018763354048132896
32,1024,61,0.01875830360222608
32,1024,62,0.018764153472147882
32,1024,63,0.01876382762566209
32,1024,64,0.018888070015236735
32,1024,65,0.018743772991001606
32,1024,66,0.01870756095740944
32,1024,67,0.018775635864585638
32,1024,68,0.018817614065483212
32,1024,69,0.018902222043834627
32,1024,70,0.018905198550783098
32,1024,71,0.018946458469145
32,1024,72,0.018736844998784363
32,1024,73,0.019070136942900717
32,1024,74,0.01861079002264887
32,1024,75,0.018592547508887947
32,1024,76,0.01866307994350791
32,1024,77,0.01884767005685717
32,1024,78,0.018915092456154525
32,1024,79,0.018905600998550653
32,1024,80,0.018895916524343193
32,1024,81,0.01879597653169185
32,1024,82,0.018840247532352805
32,1024,83,0.018816285533830523
32,1024,84,0.018807041575200856
32,1024,85,0.01884201494976878
32,1024,86,0.018731142510659993
32,1024,87,0.018796442076563835
32,1024,88,0.01887987193185836
32,1024,89,0.018926386954262853
32,1024,90,0.01892519905231893
32,1024,91,0.01891044294461608
32,1024,92,0.018846765509806573
32,1024,93,0.01883733901195228
32,1024,94,0.018889542552642524
32,1024,95,0.018876549089327455
32,1024,96,0.018908045021817088
32,1024,97,0.018811133108101785
32,1024,98,0.018806261476129293
32,1024,99,0.018918258952908218
32,1024,100,0.018937894026748836
32,1024,101,0.018948159529827535
32,1024,102,0.018808750552125275
32,1024,103,0.018749601440504193
32,1024,104,0.018739882041700184
32,1024,105,0.018785682506859303
32,1024,106,0.01889843202661723
32,1024,107,0.018935271073132753
32,1024,108,0.018894340959377587
32,1024,109,0.018896285095252097
32,1024,110,0.01888106542173773
32,1024,111,0.01887378399260342
32,1024,112,0.018920193542726338
32,1024,113,0.018997147446498275
32,1024,114,0.018962116446346045
32,1024,115,0.01890811650082469
32,1024,116,0.018879354000091553
32,1024,117,0.018854241003282368
32,1024,118,0.018797094118781388
32,1024,119,0.018819750985130668
32,1024,120,0.018708589486777782
32,1024,121,0.018874352565035224
32,1024,122,0.018957542022690177
32,1024,123,0.01894158753566444
32,1024,124,0.01895242149475962
32,1024,125,0.018998093553818762
32,1024,126,0.019071789574809372
32,1024,127,0.019045648514293134
32,1024,128,0.018991168471984565
32,1024,129,0.019025869551114738
32,1024,130,0.018935388536192477
32,1024,131,0.01891516847535968
32,1024,132,0.01897023804485798
32,1024,133,0.018888399587012827
32,1024,134,0.018801043974235654
32,1024,135,0.01882590795867145
32,1024,136,0.018751496681943536
32,1024,137,0.018673145910724998
32,1024,138,0.018730459036305547
32,1024,139,0.018748819129541516
32,1024,140,0.018924975651316345
32,1024,141,0.01882298942655325
32,1024,142,0.01888175355270505
32,1024,143,0.01894062536302954
32,1024,144,0.018870201078243554
32,1024,145,0.018943020957522094
32,1024,146,0.019006612477824092
32,1024,147,0.01897034898865968
32,1024,148,0.01888174656778574
32,1024,149,0.018788027577102184
32,1024,150,0.018766639987006783
32,1024,151,0.018791535054333508
32,1024,152,0.018758286372758448
32,1024,153,0.018918406451120973
32,1024,154,0.018768374458886683
32,1024,155,0.018695389037020504
32,1024,156,0.01872815692331642
32,1024,157,0.019009387586265802
32,1024,158,0.018856763490475714
32,1024,159,0.018751019495539367
32,1024,160,0.018880828516557813
32,1024,161,0.01871494750957936
32,1024,162,0.018876729067415
32,1024,163,0.018804992083460093
32,1024,164,0.01881241099908948
32,1024,165,0.018894045031629503
32,1024,166,0.018859425093978643
32,1024,167,0.018842907156795263
32,1024,168,0.018826010986231267
32,1024,169,0.018826730083674192
32,1024,170,0.018826719955541193
32,1024,171,0.018951904959976673
32,1024,172,0.01893969951197505
32,1024,173,0.018845905549824238
32,1024,174,0.018947958596982062
32,1024,175,0.018846382619813085
32,1024,176,0.018819268909282982
32,1024,177,0.018707932089455426
32,1024,178,0.01877316751051694
32,1024,179,0.018945366493426263
32,1024,180,0.018943387432955205
32,1024,181,0.01885148952715099
32,1024,182,0.018918378045782447
32,1024,183,0.018950149533338845
32,1024,184,0.018916193395853043
32,1024,185,0.019018624327145517
32,1024,186,0.019015378900803626
32,1024,187,0.018991461489349604
32,1024,188,0.01892570441123098
32,1024,189,0.018858803086914122
32,1024,190,0.018887819373048842
32,1024,191,0.018811427056789398
32,1024,192,0.018869771622121334
32,1024,193,0.018885131110437214
32,1024,194,0.01888190151657909
32,1024,195,0.018888217979110777
32,1024,196,0.018907032441347837
32,1024,197,0.018964171526022255
32,1024,198,0.018962113535963
32,1024,199,0.0189813474426046
32,1024,200,0.018939974950626493
32,1024,201,0.018977662082761526
32,1024,202,0.01896985445637256
32,1024,203,0.01884425664320588
32,1024,204,0.018842920544557273
32,1024,205,0.018821523990482092
32,1024,206,0.01883307087700814
32,1024,207,0.018838154966942966
32,1024,208,0.01882029906846583
32,1024,209,0.018861292162910104
32,1024,210,0.01894963497761637
32,1024,211,0.01891306194011122
32,1024,212,0.018879633047617972
32,1024,213,0.018874278524890542
32,1024,214,0.01887723442632705
32,1024,215,0.018832149100489914
32,1024,216,0.0189067650353536
32,1024,217,0.01899287209380418
32,1024,218,0.01894487056415528
32,1024,219,0.01902213308494538
32,1024,220,0.018815765506587923
32,1024,221,0.018917721463367343
32,1024,222,0.01893224846571684
32,1024,223,0.018884124467149377
32,1024,224,0.018868804443627596
32,1024,225,0.01887533557601273
32,1024,226,0.018855878966860473
32,1024,227,0.018907335470430553
32,1024,228,0.018990738433785737
32,1024,229,0.01890606456436217
32,1024,230,0.018965055467560887
32,1024,231,0.018839325406588614
32,1024,232,0.0190377194667235
32,1024,233,0.018911667400971055
32,1024,234,0.018765432410873473
32,1024,235,0.018931151484139264
32,1024,236,0.0187614030437544
32,1024,237,0.018875529058277607
32,1024,238,0.019022277439944446
32,1024,239,0.018923783907666802
32,1024,240,0.019133049063384533
32,1024,241,0.018917682580649853
32,1024,242,0.019177518552169204
32,1024,243,0.018932931940071285
32,1024,244,0.019108161563053727
32,1024,245,0.018917278037406504
32,1024,246,0.01899247895926237
32,1024,247,0.018796956981532276
32,1024,248,0.01911351946182549
32,1024,249,0.01910469587892294
32,1024,250,0.01901765854563564
32,1024,251,0.019104011938907206
32,1024,252,0.019137062481604517
32,1024,253,0.019348103902302682
32,1024,254,0.01950606203172356
32,1024,255,0.018398214015178382
32,4096,4,0.5582524089841172
32,4096,5,0.5576155190356076
32,4096,6,0.5574960799422115
32,4096,7,0.43217849044594914
32,4096,8,0.16455085715278983
32,4096,9,0.021831770427525043
32,4096,10,0.021695166477002203
32,4096,11,0.021650306996889412
32,4096,12,0.021619603969156742
32,4096,13,0.0215883165365085
32,4096,14,0.021589996526017785
32,4096,15,0.021584870060905814
32,4096,16,0.02159512392245233
32,4096,17,0.02154405100736767
32,4096,18,0.021567863645032048
32,4096,19,0.021527640987187624
32,4096,20,0.021544863120652735
32,4096,21,0.021550832549110055
32,4096,22,0.021534931496717036
32,4096,23,0.021536424523219466
32,4096,24,0.021544771967455745
32,4096,25,0.02154207439161837
32,4096,26,0.021503459429368377
32,4096,27,0.021494457963854074
32,4096,28,0.02149849641136825
32,4096,29,0.02149928594008088
32,4096,30,0.021502529503777623
32,4096,31,0.021478131995536387
32,4096,32,0.021493272972293198
32,4096,33,0.021498576505109668
32,4096,34,0.021499386988580227
32,4096,35,0.021504053031094372
32,4096,36,0.021489264094270766
32,4096,37,0.021471217507496476
32,4096,38,0.02149742399342358
32,4096,39,0.02149338589515537
32,4096,40,0.021473353495821357
32,4096,41,0.021435533417388797
32,4096,42,0.021415204624645412
32,4096,43,0.021446842583827674
32,4096,44,0.021375325974076986
32,4096,45,0.021416438627056777
32,4096,46,0.02134399104397744
32,4096,47,0.021327108494006097
32,4096,48,0.02140838443301618
32,4096,49,0.021333966520614922
32,4096,50,0.0213297390146181
32,4096,51,0.02138609194662422
32,4096,52,0.021390515961684287
32,4096,53,0.021405464969575405
32,4096,54,0.021418540040031075
32,4096,55,0.021384452586062253
32,4096,56,0.021386326989158988
32,4096,57,0.021408464992418885
32,4096,58,0.021391026210039854
32,4096,59,0.02141655411105603
32,4096,60,0.021398610435426235
32,4096,61,0.021413040929473937
32,4096,62,0.02141127991490066
32,4096,63,0.021398940472863615
32,4096,64,0.021391490008682013
32,4096,65,0.021384363528341055
32,4096,66,0.021322387037798762
32,4096,67,0.02140143548604101
32,4096,68,0.021361824474297464
32,4096,69,0.021388590103015304
32,4096,70,0.021406525978818536
32,4096,71,0.02139889053069055
32,4096,72,0.021379635902121663
32,4096,73,0.021425670012831688
32,4096,74,0.021409286884590983
32,4096,75,0.02144984749611467
32,4096,76,0.021435172064229846
32,4096,77,0.021388752502389252
32,4096,78,0.021476271096616983
32,4096,79,0.021473326021805406
32,4096,80,0.021438510506413877
32,4096,81,0.02147180202882737
32,4096,82,0.021458434057421982
32,4096,83,0.021461750497110188
32,4096,84,0.02147919638082385
32,4096,85,0.02145311958156526
32,4096,86,0.0214592891279608
32,4096,87,0.021488336380571127
32,4096,88,0.02145149395801127
32,4096,89,0.021417193464003503
32,4096,90,0.021426735445857048
32,4096,91,0.02145760611165315
32,4096,92,0.021465610596351326
32,4096,93,0.021455545909702778
32,4096,94,0.021461953525431454
32,4096,95,0.021411000518128276
32,4096,96,0.02146877348423004
32,4096,97,0.021459665847942233
32,4096,98,0.021494527463801205
32,4096,99,0.021466661361046135
32,4096,100,0.02148872392717749
32,4096,101,0.021465433994308114
32,4096,102,0.02144794655032456
32,4096,103,0.021492577041499317
32,4096,104,0.021414554910734296
32,4096,105,0.02145999250933528
32,4096,106,0.021510830032639205
32,4096,107,0.021525814081542194
32,4096,108,0.021485320990905166
32,4096,109,0.021501078503206372
32,4096,110,0.021527725039049983
32,4096,111,0.021505969925783575
32,4096,112,0.021533036488108337
32,4096,113,0.021482323529198766
32,4096,114,0.021487949532456696
32,4096,115,0.02149807254318148
32,4096,116,0.02153143601026386
32,4096,117,0.02151689596939832
32,4096,118,0.02147493651136756
32,4096,119,0.021524443058297038
32,4096,120,0.021512181498110294
32,4096,121,0.02147378004156053
32,4096,122,0.0214636514429003
32,4096,123,0.021424400969408453
32,4096,124,0.021480498951859772
32,4096,125,0.021497239940799773
32,4096,126,0.0214394690701738
32,4096,127,0.021387284039519727
32,4096,128,0.02143632061779499
32,4096,129,0.021360455895774066
32,4096,130,0.02140476310160011
32,4096,131,0.02142578747589141
32,4096,132,0.021420804085209966
32,4096,133,0.021484942990355194
32,4096,134,0.021421091514639556
32,4096,135,0.02136820845771581
32,4096,136,0.021387252025306225
32,4096,137,0.021419886965304613
32,4096,138,0.021457246504724026
32,4096,139,0.021434623515233397
32,4096,140,0.021420474047772586
32,4096,141,0.021396376891061664
32,4096,142,0.021404361468739808
32,4096,143,0.02142715803347528
32,4096,144,0.021443268982693553
32,4096,145,0.021421001409180462
32,4096,146,0.02140653203241527
32,4096,147,0.021439850330352783
32,4096,148,0.021429987042210996
32,4096,149,0.02138177107553929
32,4096,150,0.021392595022916794
32,4096,151,0.021381760598160326
32,4096,152,0.021429065498523414
32,4096,153,0.021405967534519732
32,4096,154,0.02141380705870688
32,4096,155,0.021395346033386886
32,4096,156,0.021405563107691705
32,4096,157,0.021403412916697562
32,4096,158,0.02144504606258124
32,4096,159,0.021390657522715628
32,4096,160,0.021396054537035525
32,4096,161,0.021487020538188517
32,4096,162,0.021520491573028266
32,4096,163,0.021523639443330467
32,4096,164,0.021465877420268953
32,4096,165,0.02149773796554655
32,4096,166,0.021501090959645808
32,4096,167,0.021503438940271735
32,4096,168,0.021501644980162382
32,4096,169,0.02150889008771628
32,4096,170,0.021518238470889628
32,4096,171,0.021515751024708152
32,4096,172,0.021514132502488792
32,4096,173,0.021502103889361024
32,4096,174,0.021496990928426385
32,4096,175,0.021503599011339247
32,4096,176,0.02151888597290963
32,4096,177,0.021500230999663472
32,4096,178,0.021500571514479816
32,4096,179,0.021501736482605338
32,4096,180,0.02151213341858238
32,4096,181,0.021537887048907578
32,4096,182,0.02153810893651098
32,4096,183,0.021477019414305687
32,4096,184,0.02155100996606052
32,4096,185,0.02153878950048238
32,4096,186,0.021524225478060544
32,4096,187,0.02150601556058973
32,4096,188,0.02151001908350736
32,4096,189,0.021495307912118733
32,4096,190,0.021505701006390154
32,4096,191,0.02152319101151079
32,4096,192,0.021484875003807247
32,4096,193,0.02151157706975937
32,4096,194,0.021519841509871185
32,4096,195,0.021500806557014585
32,4096,196,0.02149741561152041
32,4096,197,0.021505397045984864
32,4096,198,0.021504275617189705
32,4096,199,0.021510872524231672
32,4096,200,0.021502414369024336
32,4096,201,0.021510238526389003
32,4096,202,0.021522415918298066
32,4096,203,0.02150623849593103
32,4096,204,0.021511356928385794
32,4096,205,0.021531262900680304
32,4096,206,0.021509832004085183
32,4096,207,0.02154021547175944
32,4096,208,0.021511842496693134
32,4096,209,0.02152203000150621
32,4096,210,0.02152526134159416
32,4096,211,0.021520709968172014
32,4096,212,0.02152597054373473
32,4096,213,0.021605568472296
32,4096,214,0.02151361689902842
32,4096,215,0.021531736594624817
32,4096,216,0.021544776973314583
32,4096,217,0.021561652421951294
32,4096,218,0.021563098533079028
32,4096,219,0.02154430258087814
32,4096,220,0.021536797983571887
32,4096,221,0.021572391618974507
32,4096,222,0.021597903920337558
32,4096,223,0.02157583402004093
32,4096,224,0.021610432537272573
32,4096,225,0.021549901459366083
32,4096,226,0.021614001016132534
32,4096,227,0.021539218025282025
32,4096,228,0.02154209546279162
32,4096,229,0.021531410980969667
32,4096,230,0.021518965368159115
32,4096,231,0.021550634410232306
32,4096,232,0.021534219034947455
32,4096,233,0.021509850048460066
32,4096,234,0.02149813249707222
32,4096,235,0.02153104403987527
32,4096,236,0.021543854498304427
32,4096,237,0.021516013890504837
32,4096,238,0.02150180155877024
32,4096,239,0.021534897037781775
32,4096,240,0.0215401059249416
32,4096,241,0.0215485185617581
32,4096,242,0.02157067507505417
32,4096,243,0.021539349923841655
32,4096,244,0.021555649931542575
32,4096,245,0.021552508929744363
32,4096,246,0.02156281261704862
32,4096,247,0.021473473985679448
32,4096,248,0.02148572145961225
32,4096,249,0.021441266988404095
32,4096,250,0.021407981519587338
32,4096,251,0.021276777028106153
32,4096,252,0.02090736839454621
32,4096,253,0.02041288942564279
32,4096,254,0.020199134363792837
32,4096,255,0.019773996667936444
64,64,4,0.01871460711117834
64,64,5,0.018311246996745467
64,64,6,0.018836015951819718
64,64,7,0.018770323949865997
64,64,8,0.01922674907837063
64,64,9,0.01845718442928046
64,64,10,0.018679666449315846
64,64,11,0.01846149587072432
64,64,12,0.018787826062180102
64,64,13,0.019079181016422808
64,64,14,0.01860333455260843
64,64,15,0.01881083846092224
64,64,16,0.019200073555111885
64,64,17,0.018166191992349923
64,64,18,0.019144524121657014
64,64,19,0.018149734940379858
64,64,20,0.019069051486440003
64,64,21,0.018783848150633276
64,64,22,0.018672005622647703
64,64,23,0.01859467790927738
64,64,24,0.019147186423651874
64,64,25,0.018398622516542673
64,64,26,0.01876307651400566
64,64,27,0.018788891495205462
64,64,28,0.018349931575357914
64,64,29,0.018779761507175863
64,64,30,0.019101582467556
64,64,31,0.018998596468009055
64,64,32,0.018435638514347374
64,64,33,0.018817847478203475
64,64,34,0.01865294750314206
64,64,35,0.0190316200023517
64,64,36,0.018658101907931268
64,64,37,0.01911022700369358
64,64,38,0.01852192298974842
64,64,39,0.018597144866362214
64,64,40,0.019131998997181654
64,64,41,0.018662006012164056
64,64,42,0.018859085394069552
64,64,43,0.018785652006044984
64,64,44,0.018269610009156168
64,64,45,0.018909976934082806
64,64,46,0.018665530486032367
64,64,47,0.018983861431479454
64,64,48,0.01846637495327741
64,64,49,0.019685796927660704
64,64,50,0.018064753501676023
64,64,51,0.01883016899228096
64,64,52,0.019053539028391242
64,64,53,0.018730390584096313
64,64,54,0.01875402091536671
64,64,55,0.018798314966261387
64,64,56,0.018538080505095422
64,64,57,0.01912780257407576
64,64,58,0.018640948459506035
64,64,59,0.018583856872282922
64,64,60,0.018622786970809102
64,64,61,0.01923481549602002
64,64,62,0.018571543972939253
64,64,63,0.01867553254123777
64,64,64,0.019163151504471898
64,64,65,0.01875603897497058
64,64,66,0.018635996035300195
64,64,67,0.01895166654139757
64,64,68,0.019047249108552933
64,64,69,0.018891094019636512
64,64,70,0.018761180574074388
64,64,71,0.018480688449926674
64,64,72,0.018906761426478624
64,64,73,0.019126975443214178
64,64,74,0.019040882005356252
64,64,75,0.0182437103940174
64,64,76,0.019158547976985574
64,64,77,0.018611970474012196
64,64,78,0.01878098293673247
64,64,79,0.018940389505587518
64,64,80,0.01921128260437399
64,64,81,0.018521325546316803
64,64,82,0.01883399742655456
64,64,83,0.018733641016297042
64,64,84,0.019273212645202875
64,64,85,0.018855783506296575
64,64,86,0.018342879484407604
64,64,87,0.018605322460643947
64,64,88,0.019583432120271027
64,64,89,0.018485101405531168
64,64,90,0.019267885014414787
64,64,91,0.018560353433713317
64,64,92,0.01912516006268561
64,64,93,0.01842115679755807
64,64,94,0.0187231000745669
64,64,95,0.019066343433223665
64,64,96,0.018845462473109365
64,64,97,0.019024153472855687
64,64,98,0.01862159196753055
64,64,99,0.01881360204424709
64,64,100,0.019346302025951445
64,64,101,0.01888918608892709
64,64,102,0.018931189901195467
64,64,103,0.01841788797173649
64,64,104,0.018938786583021283
64,64,105,0.01923038496170193
64,64,106,0.0190737908706069
64,64,107,0.01893588760867715
64,64,108,0.01860254746861756
64,64,109,0.018820755532942712
64,64,110,0.018975279410369694
64,64,111,0.01937855896539986
64,64,112,0.018518901080824435
64,64,113,0.018968815566040576
64,64,114,0.019536988926120102
64,64,115,0.018723598448559642
64,64,116,0.018799397978000343
64,64,117,0.01895414653699845
64,64,118,0.018801099504344165
64,64,119,0.018715995480306447
64,64,120,0.018798573990352452
64,64,121,0.019168021506629884
64,64,122,0.018813151051290333
64,64,123,0.018864871002733707
64,64,124,0.018491405993700027
64,64,125,0.019331507035531104
64,64,126,0.018629810074344277
64,64,127,0.01878170797135681
64,64,128,0.019042651052586734
64,64,129,0.01865762798115611
64,64,130,0.01903536554891616
64,64,131,0.01907009643036872
64,64,132,0.018721027532592416
64,64,133,0.01903526613023132
64,64,134,0.018707462470047176
64,64,135,0.018769445945508778
64,64,136,0.019061479484662414
64,64,137,0.019409565487876534
64,64,138,0.018961181631311774
64,64,139,0.01857826765626669
64,64,140,0.019038142054341733
64,64,141,0.01918317808303982
64,64,142,0.018785340595059097
64,64,143,0.019631962524726987
64,64,144,0.0188228499609977
64,64,145,0.01856061746366322
64,64,146,0.018980987835675478
64,64,147,0.019246033509261906
64,64,148,0.019087673514150083
64,64,149,0.019355520489625633
64,64,150,0.018350597005337477
64,64,151,0.018766260123811662
64,64,152,0.019363674917258322
64,64,153,0.018918666057288647
64,64,154,0.019098239950835705
64,64,155,0.019129979540593922
64,64,156,0.01869599102064967
64,64,157,0.018986886949278414
64,64,158,0.018846634426154196
64,64,159,0.019183123600669205
64,64,160,0.01874437800142914
64,64,161,0.018795986426994205
64,64,162,0.01920307648833841
64,64,163,0.019310388481244445
64,64,164,0.018932202481664717
64,64,165,0.01889411429874599
64,64,166,0.01885067264083773
64,64,167,0.019278423977084458
64,64,168,0.019232172053307295
64,64,169,0.018608231912367046
64,64,170,0.018810436013154685
64,64,171,0.019182595424354076
64,64,172,0.01867249794304371
64,64,173,0.018901327857747674
64,64,174,0.018894720589742064
64,64,175,0.018854808993637562
64,64,176,0.018925165524706244
64,64,177,0.018709277035668492
64,64,178,0.01955497602466494
64,64,179,0.018910207087174058
64,64,180,0.018841822049580514
64,64,181,0.01902568992227316
64,64,182,0.019215192995034158
64,64,183,0.018404490896500647
64,64,184,0.01931662147399038
64,64,185,0.01877940644044429
64,64,186,0.019135616021230817
64,64,187,0.018934058025479317
64,64,188,0.018394831102341413
64,64,189,0.01920504297595471
64,64,190,0.019119389005936682
64,64,191,0.01905858947429806
64,64,192,0.01928968110587448
64,64,193,0.018849174492061138
64,64,194,0.01944018597714603
64,64,195,0.01861077349167317
64,64,196,0.019567337119951844
64,64,197,0.018735973397269845
64,64,198,0.019158062059432268
64,64,199,0.018539214972406626
64,64,200,0.01903494552243501
64,64,201,0.01926218008156866
64,64,202,0.018977898522280157
64,64,203,0.01898478949442506
64,64,204,0.018675877014175057
64,64,205,0.01897894695866853
64,64,206,0.01957479282282293
64,64,207,0.01926273142453283
64,64,208,0.018450658884830773
64,64,209,0.019402886042371392
64,64,210,0.01925244356971234
64,64,211,0.0192822105018422
64,64,212,0.01885196950752288
64,64,213,0.01975253748241812
64,64,214,0.018821389530785382
64,64,215,0.01907144649885595
64,64,216,0.018881390104070306
64,64,217,0.01939763850532472
64,64,218,0.019529377459548414
64,64,219,0.018733797478489578
64,64,220,0.019598663900978863
64,64,221,0.019239660003222525
64,64,222,0.018822081852704287
64,64,223,0.019538547028787434
64,64,224,0.018983034417033195
64,64,225,0.018959623062983155
64,64,226,0.019611887517385185
64,64,227,0.01889130601193756
64,64,228,0.01941210706718266
64,64,229,0.01896176452282816
64,64,230,0.018997329869307578
64,64,231,0.01931756443809718
64,64,232,0.019026824505999684
64,64,233,0.01894426392391324
64,64,234,0.0196553070563823
64,64,235,0.01878944644704461
64,64,236,0.018949488876387477
64,64,237,0.018933109939098358
64,64,238,0.019238175475038588
64,64,239,0.019510360434651375
64,64,240,0.019067056011408567
64,64,241,0.019160205963999033
64,64,242,0.019311663461849093
64,64,243,0.01905853906646371
64,64,244,0.019705264014191926
64,64,245,0.018842695513740182
64,64,246,0.019951344118453562
64,64,247,0.018624763935804367
64,64,248,0.018934371531940997
64,64,249,0.01909488206729293
64,64,250,0.020082621020264924
64,64,251,0.01842407649382949
64,64,252,0.019427998922765255
64,64,253,0.019385230960324407
64,64,254,0.02029964339453727
64,64,255,0.023447042563930154
64,256,4,0.019416805589571595
64,256,5,0.01923091255594045
64,256,6,0.019047218491323292
64,256,7,0.018964836024679244
64,256,8,0.01890683698002249
64,256,9,0.019050510483793914
64,256,10,0.019001431530341506
64,256,11,0.019188818405382335
64,256,12,0.01930747798178345
64,256,13,0.018927270430140197
64,256,14,0.01933977904263884
64,256,15,0.018847209867089987
64,256,16,0.019033158430829644
64,256,17,0.019286127062514424
64,256,18,0.019105401588603854
64,256,19,0.019318544422276318
64,256,20,0.01915622444357723
64,256,21,0.019135614042170346
64,256,22,0.019266225514002144
64,256,23,0.019069211441092193
64,256,24,0.019021882442757487
64,256,25,0.019178131478838623
64,256,26,0.019149004598148167
64,256,27,0.019097737153060734
64,256,28,0.019436447066254914
64,256,29,0.019331643008626997
64,256,30,0.019288425450213253
64,256,31,0.01893745909910649
64,256,32,0.019253579550422728
64,256,33,0.019301476422697306
64,256,34,0.0190708419540897
64,256,35,0.019277799408882856
64,256,36,0.018765583052299917
64,256,37,0.019242137554101646
64,256,38,0.019324199995025992
64,256,39,0.018770919064991176
64,256,40,0.019469280377961695
64,256,41,0.018887381069362164
64,256,42,0.019129654043354094
64,256,43,0.019278183579444885
64,256,44,0.019031487521715462
64,256,45,0.019212052458897233
64,256,46,0.019154762383550406
64,256,47,0.01952830096706748
64,256,48,0.019289734540507197
64,256,49,0.019392415997572243
64,256,50,0.018951844424009323
64,256,51,0.019335315562784672
64,256,52,0.01875902444589883
64,256,53,0.019197013112716377
64,256,54,0.019520979025401175
64,256,55,0.01934033550787717
64,256,56,0.01893180189654231
64,256,57,0.018885005032643676
64,256,58,0.018858466064557433
64,256,59,0.01930834841914475
64,256,60,0.01934106054250151
64,256,61,0.018976431456394494
64,256,62,0.01917976955883205
64,256,63,0.019544971059076488
64,256,64,0.019295709091238678
64,256,65,0.019077787990681827
64,256,66,0.019044531974941492
64,256,67,0.019129903404973447
64,256,68,0.018944940413348377
64,256,69,0.019126306986436248
64,256,70,0.019506749464198947
64,256,71,0.019125694991089404
64,256,72,0.019199635949917138
64,256,73,0.019396603456698358
64,256,74,0.019031384959816933
64,256,75,0.0194007670506835
64,256,76,0.0188598110107705
64,256,77,0.01941008004359901
64,256,78,0.0193162850337103
64,256,79,0.01928782952018082
64,256,80,0.019465512479655445
64,256,81,0.019411022076383233
64,256,82,0.01950119051616639
64,256,83,0.019248082884587348
64,256,84,0.01984534354414791
64,256,85,0.018990257987752557
64,256,86,0.0190624458482489
64,256,87,0.019166261074133217
64,256,88,0.019053791416808963
64,256,89,0.019047679961659014
64,256,90,0.01932578149717301
64,256,91,0.019476646441034973
64,256,92,0.019333454547449946
64,256,93,0.019262872519902885
64,256,94,0.019133833004161716
64,256,95,0.019026509136892855
64,256,96,0.019564723945222795
64,256,97,0.01928121759556234
64,256,98,0.01921441708691418
64,256,99,0.019058519508689642
64,256,100,0.019187247031368315
64,256,101,0.019574625068344176
64,256,102,0.018983003916218877
64,256,103,0.018914783955551684
64,256,104,0.019316983059979975
64,256,105,0.019380028476007283
64,256,106,0.019323598477058113
64,256,107,0.018991862889379263
64,256,108,0.01915613911114633
64,256,109,0.019002845510840416
64,256,110,0.018959962530061603
64,256,111,0.019310282077640295
64,256,112,0.019577095517888665
64,256,113,0.019234961364418268
64,256,114,0.01916783954948187
64,256,115,0.018872833461500704
64,256,116,0.01949117938056588
64,256,117,0.019514297018758953
64,256,118,0.018917495617643
64,256,119,0.019248793018050492
64,256,120,0.019445854471996427
64,256,121,0.019329328439198434
64,256,122,0.019265780108980834
64,256,123,0.019158071954734623
64,256,124,0.019109142944216728
64,256,125,0.01914752193260938
64,256,126,0.019338944577611983
64,256,127,0.019323153421282768
64,256,128,0.01940568198915571
64,256,129,0.01925932092126459
64,256,130,0.019530459539964795
64,256,131,0.01903783460147679
64,256,132,0.019362279097549617
64,256,133,0.019484623917378485
64,256,134,0.019257558975368738
64,256,135,0.019180704606696963
64,256,136,0.01939544756896794
64,256,137,0.01956596306990832
64,256,138,0.01957615348510444
64,256,139,0.019210200058296323
64,256,140,0.019129506079480052
64,256,141,0.019443960045464337
64,256,142,0.01902465452440083
64,256,143,0.019601338426582515
64,256,144,0.019120844430290163
64,256,145,0.01939072646200657
64,256,146,0.0196421614382416
64,256,147,0.01934901438653469
64,256,148,0.019451941014267504
64,256,149,0.019406622974202037
64,256,150,0.019186171586625278
64,256,151,0.01960802311077714
64,256,152,0.01920770201832056
64,256,153,0.019798344583250582
64,256,154,0.018975274520926178
64,256,155,0.0196454735705629
64,256,156,0.019641567952930927
64,256,157,0.019217400113120675
64,256,158,0.019405052065849304
64,256,159,0.019518235931172967
64,256,160,0.01971084892284125
64,256,161,0.019784479402005672
64,256,162,0.019356134464032948
64,256,163,0.018736774916760623
64,256,164,0.019402997568249702
64,256,165,0.019312696414999664
64,256,166,0.019322772976011038
64,256,167,0.019464778946712613
64,256,168,0.01923695346340537
64,256,169,0.019574186531826854
64,256,170,0.01958725694566965
64,256,171,0.01924928091466427
64,256,172,0.01942619658075273
64,256,173,0.019092496600933373
64,256,174,0.01977825746871531
64,256,175,0.019397172494791448
64,256,176,0.01979442802257836
64,256,177,0.019755612476728857
64,256,178,0.019289039890281856
64,256,179,0.01944302802439779
64,256,180,0.01947971456684172
64,256,181,0.01942764944396913
64,256,182,0.019466779427602887
64,256,183,0.019057561527006328
64,256,184,0.019616317003965378
64,256,185,0.019175236928276718
64,256,186,0.01934047555550933
64,256,187,0.019674211624078453
64,256,188,0.01932098250836134
64,256,189,0.019299560924991965
64,256,190,0.019417049479670823
64,256,191,0.019226739066652954
64,256,192,0.019536294508725405
64,256,193,0.01965076255146414
64,256,194,0.019292927579954267
64,256,195,0.019225669442676008
64,256,196,0.01955687301233411
64,256,197,0.0193542109336704
64,256,198,0.01944333396386355
64,256,199,0.019536717562004924
64,256,200,0.019600558560341597
64,256,201,0.019264451460912824
64,256,202,0.01953776751179248
64,256,203,0.019628362031653523
64,256,204,0.019245659466832876
64,256,205,0.01948053401429206
64,256,206,0.01968192250933498
64,256,207,0.01931168558076024
64,256,208,0.01966854149941355
64,256,209,0.01937741308938712
64,256,210,0.01934170792810619
64,256,211,0.019603666150942445
64,256,212,0.019324743887409568
64,256,213,0.019188986043445766
64,256,214,0.019507316988892853
64,256,215,0.019166482030414045
64,256,216,0.01964846206828952
64,256,217,0.019155178568325937
64,256,218,0.019606975023634732
64,256,219,0.01943980948999524
64,256,220,0.019282379071228206
64,256,221,0.019602716551162302
64,256,222,0.019468818558380008
64,256,223,0.01937799307052046
64,256,224,0.019449963583610952
64,256,225,0.01941716647706926
64,256,226,0.01958412548992783
64,256,227,0.019291010103188455
64,256,228,0.019631336093880236
64,256,229,0.019528643460944295
64,256,230,0.019338979036547244
64,256,231,0.019506970653310418
64,256,232,0.019628756563179195
64,256,233,0.019270121469162405
64,256,234,0.019479598035104573
64,256,235,0.019538306980393827
64,256,236,0.01934397907461971
64,256,237,0.01970676495693624
64,256,238,0.019266544841229916
64,256,239,0.01934342156164348
64,256,240,0.019655936979688704
64,256,241,0.01945107104256749
64,256,242,0.019449940999038517
64,256,243,0.019086836487986147
64,256,244,0.019812315003946424
64,256,245,0.019776411005295813
64,256,246,0.019305426976643503
64,256,247,0.019559573498554528
64,256,248,0.019604006432928145
64,256,249,0.019508974510245025
64,256,250,0.019441547919996083
64,256,251,0.019302883534692228
64,256,252,0.01973990711849183
64,256,253,0.01997342298272997
64,256,254,0.020904486533254385
64,256,255,0.020610545412637293
64,1024,4,0.25926603050902486
64,1024,5,0.02071829792112112
64,1024,6,0.02054174488876015
64,1024,7,0.020496113342233002
64,1024,8,0.02043672848958522
64,1024,9,0.020456441096030176
64,1024,10,0.020499011618085206
64,1024,11,0.02047766442410648
64,1024,12,0.02051769243553281
64,1024,13,0.02033599594142288
64,1024,14,0.02047919691540301
64,1024,15,0.020507017499767244
64,1024,16,0.020439771004021168
64,1024,17,0.020524148014374077
64,1024,18,0.020485250046476722
64,1024,19,0.020529609988443553
64,1024,20,0.02052143996115774
64,1024,21,0.020472799078561366
64,1024,22,0.020512594026513398
64,1024,23,0.020462180022150278
64,1024,24,0.020617211353965104
64,1024,25,0.020463687484152615
64,1024,26,0.02060962643008679
64,1024,27,0.020476068020798266
64,1024,28,0.020311612519435585
64,1024,29,0.020537301432341337
64,1024,30,0.0202410239726305
64,1024,31,0.020462995395064354
64,1024,32,0.020495887845754623
64,1024,33,0.020349416066892445
64,1024,34,0.0204004249535501
64,1024,35,0.020378696033731103
64,1024,36,0.020397701067849994
64,1024,37,0.020350024453364313
64,1024,38,0.020402968977577984
64,1024,39,0.020418251398950815
64,1024,40,0.020425382419489324
64,1024,41,0.02045588451437652
64,1024,42,0.0204362734220922
64,1024,43,0.020451455493457615
64,1024,44,0.020459787570871413
64,1024,45,0.020506058470346034
64,1024,46,0.020527216140180826
64,1024,47,0.020511619513854384
64,1024,48,0.020484389504417777
64,1024,49,0.020501044928096235
64,1024,50,0.020510532427579165
64,1024,51,0.02055172249674797
64,1024,52,0.0204872889444232
64,1024,53,0.0204155205283314
64,1024,54,0.020491777453571558
64,1024,55,0.020456832367926836
64,1024,56,0.020487418514676392
64,1024,57,0.02046535152476281
64,1024,58,0.020493174088187516
64,1024,59,0.020465843845158815
64,1024,60,0.020480166422203183
64,1024,61,0.020624706987291574
64,1024,62,0.020470390911214054
64,1024,63,0.020596765563823283
64,1024,64,0.020635648164898157
64,1024,65,0.020591331645846367
64,1024,66,0.02053460746537894
64,1024,67,0.02050452900584787
64,1024,68,0.020449971896596253
64,1024,69,0.020452549448236823
64,1024,70,0.020460409577935934
64,1024,71,0.0204978350084275
64,1024,72,0.020419344073161483
64,1024,73,0.020429081516340375
64,1024,74,0.020534393028356135
64,1024,75,0.02056373853702098
64,1024,76,0.020564846927300096
64,1024,77,0.020567204453982413
64,1024,78,0.020568268024362624
64,1024,79,0.020517703029327095
64,1024,80,0.02056535764131695
64,1024,81,0.02052744652610272
64,1024,82,0.02046054450329393
64,1024,83,0.020524139399640262
64,1024,84,0.020492101437412202
64,1024,85,0.020482157007791102
64,1024,86,0.020470465649850667
64,1024,87,0.02044358162675053
64,1024,88,0.02045497391372919
64,1024,89,0.020422901026904583
64,1024,90,0.020492273499257863
64,1024,91,0.020538144512102008
64,1024,92,0.020527443033643067
64,1024,93,0.020700230379588902
64,1024,94,0.0205484579782933
64,1024,95,0.02047911542467773
64,1024,96,0.020527971908450127
64,1024,97,0.02050870005041361
64,1024,98,0.020519395475275815
64,1024,99,0.020649966434575617
64,1024,100,0.02053373004309833
64,1024,101,0.020541236037388444
64,1024,102,0.0205444231396541
64,1024,103,0.020549451117403805
64,1024,104,0.020633941516280174
64,1024,105,0.020605817553587258
64,1024,106,0.020528146531432867
64,1024,107,0.020495941629633307
64,1024,108,0.020510819042101502
64,1024,109,0.020550832035951316
64,1024,110,0.020603246637620032
64,1024,111,0.020517492084763944
64,1024,112,0.020554249407723546
64,1024,113,0.020654203020967543
64,1024,114,0.020636283908970654
64,1024,115,0.020777479046955705
64,1024,116,0.02077047701459378
64,1024,117,0.02065397589467466
64,1024,118,0.02064416604116559
64,1024,119,0.020606165984645486
64,1024,120,0.02060627390164882
64,1024,121,0.02059404249303043
64,1024,122,0.020616446970961988
64,1024,123,0.020622113021090627
64,1024,124,0.020611100480891764
64,1024,125,0.020604773424565792
64,1024,126,0.020575662958435714
64,1024,127,0.02061207953374833
64,1024,128,0.020619531045667827
64,1024,129,0.02065461245365441
64,1024,130,0.020673098042607307
64,1024,131,0.02071968757081777
64,1024,132,0.02075556747149676
64,1024,133,0.02072185557335615
64,1024,134,0.020747648435644805
64,1024,135,0.020643017953261733
64,1024,136,0.020658063469454646
64,1024,137,0.020556726958602667
64,1024,138,0.020557370968163013
64,1024,139,0.020472919452004135
64,1024,140,0.020546561456285417
64,1024,141,0.02056236402131617
64,1024,142,0.020599982468411326
64,1024,143,0.020715777995064855
64,1024,144,0.020697796950116754
64,1024,145,0.0206760325236246
64,1024,146,0.020780814113095403
64,1024,147,0.02079584391321987
64,1024,148,0.020730870543047786
64,1024,149,0.020759433042258024
64,1024,150,0.020761769963428378
64,1024,151,0.020747737609781325
64,1024,152,0.020701778470538557
64,1024,153,0.020745371468365192
64,1024,154,0.020688323420472443
64,1024,155,0.020656078588217497
64,1024,156,0.020615893066860735
64,1024,157,0.020719177438877523
64,1024,158,0.020652532926760614
64,1024,159,0.020794547512196004
64,1024,160,0.020615780958905816
64,1024,161,0.02069074905011803
64,1024,162,0.02084592659957707
64,1024,163,0.020826095365919173
64,1024,164,0.02085104992147535
64,1024,165,0.020728599512949586
64,1024,166,0.02085236308630556
64,1024,167,0.02087067544925958
64,1024,168,0.020865937578491867
64,1024,169,0.020904192933812737
64,1024,170,0.020893484936095774
64,1024,171,0.02099331992212683
64,1024,172,0.02083093044348061
64,1024,173,0.0208751818863675
64,1024,174,0.02088484901469201
64,1024,175,0.020642641931772232
64,1024,176,0.020565300597809255
64,1024,177,0.020642400020733476
64,1024,178,0.020644798991270363
64,1024,179,0.020668466575443745
64,1024,180,0.020630245911888778
64,1024,181,0.02068483957555145
64,1024,182,0.02059903193730861
64,1024,183,0.02071488497313112
64,1024,184,0.020716423634439707
64,1024,185,0.020745626068674028
64,1024,186,0.020816276432015002
64,1024,187,0.020713580423034728
64,1024,188,0.020733996061608195
64,1024,189,0.020739481900818646
64,1024,190,0.02084130048751831
64,1024,191,0.020850167027674615
64,1024,192,0.020807186025194824
64,1024,193,0.020832160487771034
64,1024,194,0.02070798142813146
64,1024,195,0.020791279850527644
64,1024,196,0.020798807381652296
64,1024,197,0.020796295953914523
64,1024,198,0.02077521663159132
64,1024,199,0.02064297755714506
64,1024,200,0.020632396452128887
64,1024,201,0.020730436430312693
64,1024,202,0.02077644260134548
64,1024,203,0.020639882539398968
64,1024,204,0.02060351800173521
64,1024,205,0.020678492495790124
64,1024,206,0.020677519496530294
64,1024,207,0.020708475611172616
64,1024,208,0.020731613971292973
64,1024,209,0.020735295373015106
64,1024,210,0.020663565024733543
64,1024,211,0.020787861081771553
64,1024,212,0.02073128055781126
64,1024,213,0.020786232431419194
64,1024,214,0.02073001640383154
64,1024,215,0.020817406941205263
64,1024,216,0.020773204509168863
64,1024,217,0.020713964011520147
64,1024,218,0.02079855650663376
64,1024,219,0.020797695498913527
64,1024,220,0.020813285489566624
64,1024,221,0.02085636754054576
64,1024,222,0.020852840039879084
64,1024,223,0.02084702893625945
64,1024,224,0.020936776068992913
64,1024,225,0.020943713490851223
64,1024,226,0.021060012513771653
64,1024,227,0.020984373055398464
64,1024,228,0.02094542549457401
64,1024,229,0.02093841601163149
64,1024,230,0.020933526568114758
64,1024,231,0.02098261215724051
64,1024,232,0.020943457493558526
64,1024,233,0.020890029380097985
64,1024,234,0.020763706997968256
64,1024,235,0.020905793644487858
64,1024,236,0.020772851537913084
64,1024,237,0.020881175878457725
64,1024,238,0.02091319509781897
64,1024,239,0.020775096490979195
64,1024,240,0.020771839073859155
64,1024,241,0.020802236977033317
64,1024,242,0.02095469506457448
64,1024,243,0.020820908015593886
64,1024,244,0.020757095888257027
64,1024,245,0.020820397534407675
64,1024,246,0.02061712194699794
64,1024,247,0.02072573418263346
64,1024,248,0.02083890011999756
64,1024,249,0.021144335041753948
64,1024,250,0.02114493411500007
64,1024,251,0.021462799981236458
64,1024,252,0.021459293086081743
64,1024,253,0.02124058606568724
64,1024,254,0.021314469049684703
64,1024,255,0.020072350976988673
64,4096,4,0.5643059085123241
64,4096,5,0.5639854425098747
64,4096,6,0.5639576109824702
64,4096,7,0.5640904144383967
64,4096,8,0.5637418150436133
64,4096,9,0.5636993029620498
64,4096,10,0.5635518250055611
64,4096,11,0.563488328945823
64,4096,12,0.5635358889121562
64,4096,13,0.5627225080970675
64,4096,14,0.5628275806084275
64,4096,15,0.459915557410568
64,4096,16,0.19168211962096393
64,4096,17,0.026095889508724213
64,4096,18,0.026076121488586068
64,4096,19,0.026110347011126578
64,4096,20,0.025969045120291412
64,4096,21,0.025910010444931686
64,4096,22,0.02591003815177828
64,4096,23,0.025883838068693876
64,4096,24,0.025862248963676393
64,4096,25,0.025876351981423795
64,4096,26,0.025861672475002706
64,4096,27,0.025828888406977057
64,4096,28,0.025778802926652133
64,4096,29,0.025758305098861456
64,4096,30,0.02575859345961362
64,4096,31,0.025747373583726585
64,4096,32,0.02575572591740638
64,4096,33,0.025701371487230062
64,4096,34,0.025754244532436132
64,4096,35,0.02573864348232746
64,4096,36,0.025720163946971297
64,4096,37,0.025747400941327214
64,4096,38,0.02573186543304473
64,4096,39,0.025729377986863256
64,4096,40,0.02575167699251324
64,4096,41,0.025751369073987007
64,4096,42,0.025751083972863853
64,4096,43,0.025763642275705934
64,4096,44,0.025750189437530935
64,4096,45,0.025751303997822106
64,4096,46,0.025737182120792568
64,4096,47,0.02573976304847747
64,4096,48,0.025732551468536258
64,4096,49,0.02574668894521892
64,4096,50,0.025707119959406555
64,4096,51,0.025752539513632655
64,4096,52,0.025741656543686986
64,4096,53,0.025748879997991025
64,4096,54,0.025734890019521117
64,4096,55,0.025737473042681813
64,4096,56,0.025692282477393746
64,4096,57,0.02574052254203707
64,4096,58,0.025718484073877335
64,4096,59,0.02569935203064233
64,4096,60,0.025721256039105356
64,4096,61,0.025730508845299482
64,4096,62,0.025754634058102965
64,4096,63,0.025711156544275582
64,4096,64,0.025754990987479687
64,4096,65,0.02575388248078525
64,4096,66,0.0257608899846673
64,4096,67,0.025731445522978902
64,4096,68,0.02578565536532551
64,4096,69,0.025759811978787184
64,4096,70,0.02577985147945583
64,4096,71,0.02582018997054547
64,4096,72,0.025782095501199365
64,4096,73,0.025811169994994998
64,4096,74,0.025805133511312306
64,4096,75,0.025777803035452962
64,4096,76,0.025785504025407135
64,4096,77,0.0258174060145393
64,4096,78,0.02582698198966682
64,4096,79,0.025779842864722013
64,4096,80,0.025821711402386427
64,4096,81,0.02580323105212301
64,4096,82,0.02578924549743533
64,4096,83,0.02580946614034474
64,4096,84,0.02571205352433026
64,4096,85,0.02575839648488909
64,4096,86,0.025792938889935613
64,4096,87,0.025726150488480926
64,4096,88,0.025754120433703065
64,4096,89,0.025774653535336256
64,4096,90,0.02574141346849501
64,4096,91,0.025745282997377217
64,4096,92,0.025776638998650014
64,4096,93,0.02575672056991607
64,4096,94,0.02575179166160524
64,4096,95,0.025731531903147697
64,4096,96,0.02575850300490856
64,4096,97,0.025702519109472632
64,4096,98,0.02574484795331955
64,4096,99,0.02576187497470528
64,4096,100,0.02576101408340037
64,4096,101,0.025744784506969154
64,4096,102,0.025741323013789952
64,4096,103,0.02572973247151822
64,4096,104,0.02574246539734304
64,4096,105,0.025749141117557883
64,4096,106,0.02575430041179061
64,4096,107,0.025752192945219576
64,4096,108,0.025780345546081662
64,4096,109,0.02575997111853212
64,4096,110,0.025771574000827968
64,4096,111,0.025786844547837973
64,4096,112,0.025771769578568637
64,4096,113,0.02578091959003359
64,4096,114,0.025760104996152222
64,4096,115,0.02576829050667584
64,4096,116,0.02578803850337863
64,4096,117,0.025824328535236418
64,4096,118,0.025770474108867347
64,4096,119,0.025874278391711414
64,4096,120,0.025819563656114042
64,4096,121,0.025891017518006265
64,4096,122,0.025901796645484865
64,4096,123,0.025871879537589848
64,4096,124,0.025869026547297835
64,4096,125,0.025891248136758804
64,4096,126,0.02588465448934585
64,4096,127,0.025859383516944945
64,4096,128,0.02591083396691829
64,4096,129,0.025863074464723468
64,4096,130,0.02590744791086763
64,4096,131,0.025912727578543127
64,4096,132,0.025841566501185298
64,4096,133,0.025883899070322514
64,4096,134,0.025885749491862953
64,4096,135,0.025872999103739858
64,4096,136,0.025845607975497842
64,4096,137,0.025892574922181666
64,4096,138,0.025891419500112534
64,4096,139,0.025883043417707086
64,4096,140,0.02589391905348748
64,4096,141,0.0258665110450238
64,4096,142,0.02590010140556842
64,4096,143,0.025907193077728152
64,4096,144,0.025908759445883334
64,4096,145,0.025901993387378752
64,4096,146,0.025917471502907574
64,4096,147,0.02588988351635635
64,4096,148,0.02592483360785991
64,4096,149,0.025937482132576406
64,4096,150,0.02589251345489174
64,4096,151,0.025929779978469014
64,4096,152,0.02592948207166046
64,4096,153,0.025896160514093935
64,4096,154,0.025931097101420164
64,4096,155,0.025924159097485244
64,4096,156,0.025893078418448567
64,4096,157,0.025928959483280778
64,4096,158,0.02593012258876115
64,4096,159,0.025922838016413152
64,4096,160,0.025936065008863807
64,4096,161,0.02594182500615716
64,4096,162,0.025952242431230843
64,4096,163,0.02598115405999124
64,4096,164,0.02594455098733306
64,4096,165,0.02597511454951018
64,4096,166,0.0259651190135628
64,4096,167,0.025961786974221468
64,4096,168,0.025941912550479174
64,4096,169,0.025945112574845552
64,4096,170,0.025927015929482877
64,4096,171,0.025897521059960127
64,4096,172,0.02595600939821452
64,4096,173,0.025899445987306535
64,4096,174,0.02593102934770286
64,4096,175,0.02595699648372829
64,4096,176,0.025934447534382343
64,4096,177,0.025928754010237753
64,4096,178,0.02591373003087938
64,4096,179,0.025958636542782187
64,4096,180,0.02586118259932846
64,4096,181,0.025881977519020438
64,4096,182,0.025896827573888004
64,4096,183,0.02589889953378588
64,4096,184,0.025911357603035867
64,4096,185,0.025977610610425472
64,4096,186,0.025875815423205495
64,4096,187,0.02591655042488128
64,4096,188,0.02589711605105549
64,4096,189,0.025898559484630823
64,4096,190,0.02597035258077085
64,4096,191,0.026029070606455207
64,4096,192,0.026048798346892
64,4096,193,0.02604570600669831
64,4096,194,0.0260412065545097
64,4096,195,0.026093119638971984
64,4096,196,0.026055691996589303
64,4096,197,0.025926282512955368
64,4096,198,0.026103848940692842
64,4096,199,0.025995457894168794
64,4096,200,0.026072424021549523
64,4096,201,0.02604679693467915
64,4096,202,0.0260914359241724
64,4096,203,0.026102151488885283
64,4096,204,0.026112429099157453
64,4096,205,0.026064461446367204
64,4096,206,0.026104739983566105
64,4096,207,0.026093849446624517
64,4096,208,0.026108966092579067
64,4096,209,0.026098019443452358
64,4096,210,0.026096564950421453
64,4096,211,0.026089892955496907
64,4096,212,0.02608686697203666
64,4096,213,0.026066018966957927
64,4096,214,0.02605381654575467
64,4096,215,0.026043438469059765
64,4096,216,0.026068321079947054
64,4096,217,0.02607174450531602
64,4096,218,0.026052214088849723
64,4096,219,0.026009225170128047
64,4096,220,0.02602921042125672
64,4096,221,0.026051797554828227
64,4096,222,0.026028254884295166
64,4096,223,0.026013450464233756
64,4096,224,0.026041061035357416
64,4096,225,0.02603858953807503
64,4096,226,0.026081938529387116
64,4096,227,0.026038734475150704
64,4096,228,0.02601832349319011
64,4096,229,0.026047375984489918
64,4096,230,0.026030851528048515
64,4096,231,0.025974143529310822
64,4096,232,0.02603212499525398
64,4096,233,0.026026804465800524
64,4096,234,0.025971398572437465
64,4096,235,0.025977917946875095
64,4096,236,0.025920759071595967
64,4096,237,0.025909390999004245
64,4096,238,0.025837484863586724
64,4096,239,0.025828978046774864
64,4096,240,0.025763790006749332
64,4096,241,0.02571345109026879
64,4096,242,0.025700514088384807
64,4096,243,0.02565554005559534
64,4096,244,0.025526096927933395
64,4096,245,0.025317083462141454
64,4096,246,0.0248482224997133
64,4096,247,0.024800527491606772
64,4096,248,0.02464384597260505
64,4096,249,0.024225202156230807
64,4096,250,0.02406716742552817
64,4096,251,0.023945393040776253
64,4096,252,0.023841780610382557
64,4096,253,0.023668021894991398
64,4096,254,0.023600617540068924
64,4096,255,0.0227405889891088
