B,n,k,t_iter
1,64,4.0,0.014753386029042304
1,64,5.0,0.014129030983895063
1,64,6.0,0.014661566936410964
1,64,7.0,0.014410451054573059
1,64,8.0,0.015232022968120873
1,64,9.0,0.014159478945657611
1,64,10.0,0.01420981204137206
1,64,11.0,0.014334289007820189
1,64,12.0,0.014538226998411119
1,64,13.0,0.014365385053679347
1,64,14.0,0.01458803890272975
1,64,15.0,0.014641692047007382
1,64,16.0,0.014550397056154907
1,64,17.0,0.014176452998071909
1,64,18.0,0.01450674596708268
1,64,19.0,0.014125727000646293
1,64,20.0,0.014670650009065866
1,64,21.0,0.014342681970447302
1,64,22.0,0.014806229970417917
1,64,23.0,0.014223242993466556
1,64,24.0,0.014368594042025506
1,64,25.0,0.014554315945133567
1,64,26.0,0.014284648001194
1,64,27.0,0.01428939204197377
1,64,28.0,0.014558339025825262
1,64,29.0,0.014340032008476555
1,64,30.0,0.014416235033422709
1,64,31.0,0.0146966289030388
1,64,32.0,0.014406286994926631
1,64,33.0,0.014443738036789
1,64,34.0,0.014280127012170851
1,64,35.0,0.014575751964002848
1,64,36.0,0.014468466048128903
1,64,37.0,0.014510203967802227
1,64,38.0,0.014630860066972673
1,64,39.0,0.015325500979088247
1,64,40.0,0.013696952955797315
1,64,41.0,0.014292489038780332
1,64,42.0,0.014537667972035706
1,64,43.0,0.014670519041828811
1,64,44.0,0.013960279989987612
1,64,45.0,0.014572712942026556
1,64,46.0,0.014367773081175983
1,64,47.0,0.014670884003862739
1,64,48.0,0.014289346989244223
1,64,49.0,0.014659548993222415
1,64,50.0,0.014341876958496869
1,64,51.0,0.014443170977756381
1,64,52.0,0.014356123050674796
1,64,53.0,0.01447136397473514
1,64,54.0,0.014444403001107275
1,64,55.0,0.014387859031558037
1,64,56.0,0.01442143996246159
1,64,57.0,0.014659633976407349
1,64,58.0,0.014227436971850693
1,64,59.0,0.014794159098528326
1,64,60.0,0.014476960990577936
1,64,61.0,0.014183246996253729
1,64,62.0,0.014696034952066839
1,64,63.0,0.014283062075264752
1,64,64.0,0.014185105916112661
1,64,65.0,0.015204902971163392
1,64,66.0,0.014461269020102918
1,64,67.0,0.014151741983368993
1,64,68.0,0.014459656085819006
1,64,69.0,0.014332389924675226
1,64,70.0,0.01457842905074358
1,64,71.0,0.01469296496361494
1,64,72.0,0.014590578037314117
1,64,73.0,0.014027997967787087
1,64,74.0,0.014840102987363935
1,64,75.0,0.01428031304385513
1,64,76.0,0.014566043042577803
1,64,77.0,0.014437268953770399
1,64,78.0,0.014707262977026403
1,64,79.0,0.01444618497043848
1,64,80.0,0.01438749406952411
1,64,81.0,0.014538644929416478
1,64,82.0,0.014528083032928407
1,64,83.0,0.014582872041501105
1,64,84.0,0.014610829995945096
1,64,85.0,0.014331973972730339
1,64,86.0,0.014414652017876506
1,64,87.0,0.014411906944587827
1,64,88.0,0.014757741009816527
1,64,89.0,0.014168502064421773
1,64,90.0,0.014393956982530653
1,64,91.0,0.01457035297062248
1,64,92.0,0.014559391071088612
1,64,93.0,0.014496683957986534
1,64,94.0,0.014320965041406453
1,64,95.0,0.014736081939190626
1,64,96.0,0.014518197043798864
1,64,97.0,0.014354374958202243
1,64,98.0,0.014421980013139546
1,64,99.0,0.014376795967109501
1,64,100.0,0.014772115973755717
1,64,101.0,0.014396790997125208
1,64,102.0,0.014835740090347826
1,64,103.0,0.014507155981846154
1,64,104.0,0.014244780992157757
1,64,105.0,0.014441699953749776
1,64,106.0,0.014752294053323567
1,64,107.0,0.01452267193235457
1,64,108.0,0.014246670063585043
1,64,109.0,0.014471814967691898
1,64,110.0,0.014625387033447623
1,64,111.0,0.014380526961758733
1,64,112.0,0.014533492038026452
1,64,113.0,0.014360949979163706
1,64,114.0,0.014688791008666158
1,64,115.0,0.01437756500672549
1,64,116.0,0.014693381963297725
1,64,117.0,0.014629025012254715
1,64,118.0,0.014259933028370142
1,64,119.0,0.01445164903998375
1,64,120.0,0.014455052907578647
1,64,121.0,0.014615808031521738
1,64,122.0,0.014439149992540479
1,64,123.0,0.014790004002861679
1,64,124.0,0.014305480988696218
1,64,125.0,0.014380343025550246
1,64,126.0,0.014423290966078639
1,64,127.0,0.014469010988250375
1,64,128.0,0.014552374021150172
1,64,129.0,0.014390384079888463
1,64,130.0,0.01456761290319264
1,64,131.0,0.014457204029895365
1,64,132.0,0.014349790988489985
1,64,133.0,0.014581753057427704
1,64,134.0,0.014552662963978946
1,64,135.0,0.014732192968949676
1,64,136.0,0.01431922405026853
1,64,137.0,0.014561549993231893
1,64,138.0,0.014690145035274327
1,64,139.0,0.01426515297498554
1,64,140.0,0.01423983194399625
1,64,141.0,0.014831494074314833
1,64,142.0,0.014243814977817237
1,64,143.0,0.014599759015254676
1,64,144.0,0.014507877989672124
1,64,145.0,0.014515651972033083
1,64,146.0,0.014266939018853009
1,64,147.0,0.014612262952141464
1,64,148.0,0.014555410016328096
1,64,149.0,0.01425314205698669
1,64,150.0,0.015031518996693194
1,64,151.0,0.014138644910417497
1,64,152.0,0.014718268997967243
1,64,153.0,0.01415957510471344
1,64,154.0,0.014956818893551826
1,64,155.0,0.014028971083462238
1,64,156.0,0.015005185967311263
1,64,157.0,0.014224421000108123
1,64,158.0,0.014295932021923363
1,64,159.0,0.015193519997410476
1,64,160.0,0.013752980041317642
1,64,161.0,0.014637883985415101
1,64,162.0,0.014364456990733743
1,64,163.0,0.014829911990091205
1,64,164.0,0.014550463994964957
1,64,165.0,0.014274134999141097
1,64,166.0,0.014257763978093863
1,64,167.0,0.014577785041183233
1,64,168.0,0.014394936966709793
1,64,169.0,0.01471160096116364
1,64,170.0,0.01431418803986162
1,64,171.0,0.014897204004228115
1,64,172.0,0.014554891968145967
1,64,173.0,0.01422162598464638
1,64,174.0,0.014514935086481273
1,64,175.0,0.014288634993135929
1,64,176.0,0.014650305965915322
1,64,177.0,0.0146775379544124
1,64,178.0,0.01461792306508869
1,64,179.0,0.01422501401975751
1,64,180.0,0.01504481490701437
1,64,181.0,0.014234757050871849
1,64,182.0,0.014307406963780522
1,64,183.0,0.01444814505521208
1,64,184.0,0.014547051978297532
1,64,185.0,0.014660913031548262
1,64,186.0,0.014626845018938184
1,64,187.0,0.01415124291088432
1,64,188.0,0.014430990093387663
1,64,189.0,0.014385431888513267
1,64,190.0,0.014400695101357996
1,64,191.0,0.014632759965024889
1,64,192.0,0.014609480043873191
1,64,193.0,0.014641110901720822
1,64,194.0,0.01427255303133279
1,64,195.0,0.014603483956307173
1,64,196.0,0.014413466094993055
1,64,197.0,0.014454143005423248
1,64,198.0,0.014551930944435298
1,64,199.0,0.014570181956514716
1,64,200.0,0.014480567071586847
1,64,201.0,0.014309330028481781
1,64,202.0,0.014743489911779761
1,64,203.0,0.014433897100389004
1,64,204.0,0.014382381923496723
1,64,205.0,0.014423078973777592
1,64,206.0,0.01491409505251795
1,64,207.0,0.014070310047827661
1,64,208.0,0.014552285894751549
1,64,209.0,0.014501307043246925
1,64,210.0,0.014400293002836406
1,64,211.0,0.01441685704048723
1,64,212.0,0.014577363966964185
1,64,213.0,0.014448518981225789
1,64,214.0,0.01448135799728334
1,64,215.0,0.014349845005199313
1,64,216.0,0.014767513959668577
1,64,217.0,0.014434400014579296
1,64,218.0,0.01426776498556137
1,64,219.0,0.01457176310941577
1,64,220.0,0.014713906915858388
1,64,221.0,0.014323843060992658
1,64,222.0,0.014603039948269725
1,64,223.0,0.014329791069030762
1,64,224.0,0.014541992917656898
1,64,225.0,0.014350428013131022
1,64,226.0,0.014473902992904186
1,64,227.0,0.014536168077029288
1,64,228.0,0.014447139925323427
1,64,229.0,0.014475636999122798
1,64,230.0,0.014506960986182094
1,64,231.0,0.014531513093970716
1,64,232.0,0.01463665789924562
1,64,233.0,0.014342921087518334
1,64,234.0,0.014429615926928818
1,64,235.0,0.014713442069478333
1,64,236.0,0.014322528964839876
1,64,237.0,0.014515990973450243
1,64,238.0,0.014489180059172213
1,64,239.0,0.014803521917201579
1,64,240.0,0.014426287030801177
1,64,241.0,0.014279715018346906
1,64,242.0,0.014657418942078948
1,64,243.0,0.014444635016843677
1,64,244.0,0.014360347064211965
1,64,245.0,0.014492959016934037
1,64,246.0,0.01461800595279783
1,64,247.0,0.014455226948484778
1,64,248.0,0.014454852091148496
1,64,249.0,0.014554578927345574
1,64,250.0,0.014407665003091097
1,64,251.0,0.014674985082820058
1,64,252.0,0.015048228902742267
1,64,253.0,0.014139456092379987
1,64,254.0,0.01457166497129947
1,64,255.0,0.014350263983942568
1,256,4.0,0.014418720034882426
1,256,5.0,0.014559826930053532
1,256,6.0,0.014630803023464978
1,256,7.0,0.014593716012313962
1,256,8.0,0.014506455976516008
1,256,9.0,0.014582333038561046
1,256,10.0,0.014704211964271963
1,256,11.0,0.014397662016563118
1,256,12.0,0.014538118964992464
1,256,13.0,0.014710169984027743
1,256,14.0,0.014349549077451229
1,256,15.0,0.014530232991091907
1,256,16.0,0.014440782950259745
1,256,17.0,0.014677235041745007
1,256,18.0,0.014345434959977865
1,256,19.0,0.014442629995755851
1,256,20.0,0.014500273042358458
1,256,21.0,0.014678752981126308
1,256,22.0,0.014553245040588081
1,256,23.0,0.014293903950601816
1,256,24.0,0.014453239971771836
1,256,25.0,0.01443336100783199
1,256,26.0,0.01444684702437371
1,256,27.0,0.01461656205356121
1,256,28.0,0.014750831993296742
1,256,29.0,0.014267175924032927
1,256,30.0,0.014509194064885378
1,256,31.0,0.0148526820121333
1,256,32.0,0.014253485016524792
1,256,33.0,0.014393675955943763
1,256,34.0,0.01447666296735406
1,256,35.0,0.015036454075016081
1,256,36.0,0.01399551599752158
1,256,37.0,0.01442769798450172
1,256,38.0,0.014967644005082548
1,256,39.0,0.014358685933984816
1,256,40.0,0.014191615977324545
1,256,41.0,0.014754855073988438
1,256,42.0,0.014255236950702965
1,256,43.0,0.014699760009534657
1,256,44.0,0.014374025049619377
1,256,45.0,0.014660782995633781
1,256,46.0,0.014476764015853405
1,256,47.0,0.01421509892679751
1,256,48.0,0.014392312034033239
1,256,49.0,0.014410365954972804
1,256,50.0,0.014478159020654857
1,256,51.0,0.014683282002806664
1,256,52.0,0.014361036010086536
1,256,53.0,0.014599533984437585
1,256,54.0,0.01455537904985249
1,256,55.0,0.014453061972744763
1,256,56.0,0.01494647900108248
1,256,57.0,0.013967246050015092
1,256,58.0,0.01454356696922332
1,256,59.0,0.01437626697588712
1,256,60.0,0.014538059011101723
1,256,61.0,0.014572015963494778
1,256,62.0,0.014780913013964891
1,256,63.0,0.014451437979005277
1,256,64.0,0.014445392065681517
1,256,65.0,0.014400711981579661
1,256,66.0,0.014505901955999434
1,256,67.0,0.015096619026735425
1,256,68.0,0.013987979968078434
1,256,69.0,0.014656498096883297
1,256,70.0,0.014638261985965073
1,256,71.0,0.014170054928399622
1,256,72.0,0.014619607012718916
1,256,73.0,0.014323113020509481
1,256,74.0,0.015257369028404355
1,256,75.0,0.013773350976407528
1,256,76.0,0.015025662025436759
1,256,77.0,0.014185727923177183
1,256,78.0,0.014302869094535708
1,256,79.0,0.01480536290910095
1,256,80.0,0.01440848398488015
1,256,81.0,0.014919861103408039
1,256,82.0,0.013674900983460248
1,256,83.0,0.014864990953356028
1,256,84.0,0.014374093036167324
1,256,85.0,0.01416109292767942
1,256,86.0,0.014499919023364782
1,256,87.0,0.014563611010089517
1,256,88.0,0.01456631999462843
1,256,89.0,0.014473175979219377
1,256,90.0,0.014574711094610393
1,256,91.0,0.01442815293557942
1,256,92.0,0.014555274043232203
1,256,93.0,0.014360548928380013
1,256,94.0,0.01493107108399272
1,256,95.0,0.014139532926492393
1,256,96.0,0.014411017997190356
1,256,97.0,0.0149857570650056
1,256,98.0,0.013987461919896305
1,256,99.0,0.014460524078458548
1,256,100.0,0.01443173096049577
1,256,101.0,0.014680522959679365
1,256,102.0,0.0143728400580585
1,256,103.0,0.014619713998399675
1,256,104.0,0.014638348016887903
1,256,105.0,0.014504616963677108
1,256,106.0,0.014649169985204935
1,256,107.0,0.014133477001450956
1,256,108.0,0.01449249207507819
1,256,109.0,0.014333816012367606
1,256,110.0,0.014747707988135517
1,256,111.0,0.0142987190047279
1,256,112.0,0.01479486795142293
1,256,113.0,0.014365987037308514
1,256,114.0,0.01435012393631041
1,256,115.0,0.015038297045975924
1,256,116.0,0.014189778943546116
1,256,117.0,0.014371431083418429
1,256,118.0,0.014705613953992724
1,256,119.0,0.014736698940396309
1,256,120.0,0.013929254026152194
1,256,121.0,0.014549526036716998
1,256,122.0,0.014536055969074368
1,256,123.0,0.014413355034776032
1,256,124.0,0.01471198396757245
1,256,125.0,0.01457221107557416
1,256,126.0,0.01468205195851624
1,256,127.0,0.014303450006991625
1,256,128.0,0.014189334935508668
1,256,129.0,0.01469082199037075
1,256,130.0,0.01451785210520029
1,256,131.0,0.014284292934462428
1,256,132.0,0.014567587990313768
1,256,133.0,0.014811311033554375
1,256,134.0,0.014241134049370885
1,256,135.0,0.014711685944348574
1,256,136.0,0.014400462037883699
1,256,137.0,0.014357248903252184
1,256,138.0,0.014676172053441405
1,256,139.0,0.01434907503426075
1,256,140.0,0.014469485962763429
1,256,141.0,0.014466083026491106
1,256,142.0,0.014734718017280102
1,256,143.0,0.014267629943788052
1,256,144.0,0.01450726599432528
1,256,145.0,0.014788457076065242
1,256,146.0,0.01408698596060276
1,256,147.0,0.014907449018210173
1,256,148.0,0.014166641980409622
1,256,149.0,0.014790510991588235
1,256,150.0,0.014203420956619084
1,256,151.0,0.014675949001684785
1,256,152.0,0.014465982094407082
1,256,153.0,0.014424151973798871
1,256,154.0,0.014718146994709969
1,256,155.0,0.015078251017257571
1,256,156.0,0.014060059911571443
1,256,157.0,0.014164640102535486
1,256,158.0,0.01479727600235492
1,256,159.0,0.014467849978245795
1,256,160.0,0.014175122021697462
1,256,161.0,0.014479328994639218
1,256,162.0,0.01435925590340048
1,256,163.0,0.01481421000789851
1,256,164.0,0.014157252036966383
1,256,165.0,0.015003878972493112
1,256,166.0,0.014355459017679095
1,256,167.0,0.014327817014418542
1,256,168.0,0.014392419019713998
1,256,169.0,0.015192445018328726
1,256,170.0,0.014478172990493476
1,256,171.0,0.01400577591266483
1,256,172.0,0.014679297106340528
1,256,173.0,0.01447526691481471
1,256,174.0,0.014397373073734343
1,256,175.0,0.014602891984395683
1,256,176.0,0.014338162960484624
1,256,177.0,0.014403693960048258
1,256,178.0,0.014756591059267521
1,256,179.0,0.01455621502827853
1,256,180.0,0.014425935922190547
1,256,181.0,0.014152494026347995
1,256,182.0,0.014598455978557467
1,256,183.0,0.014702120097354054
1,256,184.0,0.014351650956086814
1,256,185.0,0.014723772997967899
1,256,186.0,0.01438789302483201
1,256,187.0,0.014464457985013723
1,256,188.0,0.014594504958949983
1,256,189.0,0.014347029034979641
1,256,190.0,0.014127873932011425
1,256,191.0,0.014523689053021371
1,256,192.0,0.01463453599717468
1,256,193.0,0.01438723795581609
1,256,194.0,0.014805107028223574
1,256,195.0,0.014420624007470906
1,256,196.0,0.014489514054730535
1,256,197.0,0.014817051938734949
1,256,198.0,0.014301741030067205
1,256,199.0,0.014468522975221276
1,256,200.0,0.014325891970656812
1,256,201.0,0.01440987002570182
1,256,202.0,0.014627721975557506
1,256,203.0,0.01459366106428206
1,256,204.0,0.014392975950613618
1,256,205.0,0.014523299061693251
1,256,206.0,0.014768142020329833
1,256,207.0,0.014594970969483256
1,256,208.0,0.014196612988598645
1,256,209.0,0.0145745649933815
1,256,210.0,0.014737208955921233
1,256,211.0,0.014345256029628217
1,256,212.0,0.014647808973677456
1,256,213.0,0.013958384981378913
1,256,214.0,0.014900985057465732
1,256,215.0,0.014325884985737503
1,256,216.0,0.014563448028638959
1,256,217.0,0.015089701977558434
1,256,218.0,0.013887571054510772
1,256,219.0,0.01439223496709019
1,256,220.0,0.014458184014074504
1,256,221.0,0.014350189943797886
1,256,222.0,0.014606192009523511
1,256,223.0,0.01482237596064806
1,256,224.0,0.014103171997703612
1,256,225.0,0.014371880097314715
1,256,226.0,0.014869594015181065
1,256,227.0,0.014560792944394052
1,256,228.0,0.01427422498818487
1,256,229.0,0.014362241956405342
1,256,230.0,0.014419746003113687
1,256,231.0,0.01503745699301362
1,256,232.0,0.014380526030436158
1,256,233.0,0.014592327061109245
1,256,234.0,0.014077771920710802
1,256,235.0,0.014738725032657385
1,256,236.0,0.013919292017817497
1,256,237.0,0.014725315966643393
1,256,238.0,0.01467052602674812
1,256,239.0,0.014337375992909074
1,256,240.0,0.014395341975614429
1,256,241.0,0.014530812040902674
1,256,242.0,0.014824718004092574
1,256,243.0,0.014286100980825722
1,256,244.0,0.014117222977802157
1,256,245.0,0.014871653052978218
1,256,246.0,0.014096798957325518
1,256,247.0,0.01473428204189986
1,256,248.0,0.014414043980650604
1,256,249.0,0.014759351033717394
1,256,250.0,0.014097505016252398
1,256,251.0,0.01482781395316124
1,256,252.0,0.014758590958081186
1,256,253.0,0.014380575041286647
1,256,254.0,0.014261564938351512
1,256,255.0,0.014545993064530194
1,1024,4.0,0.014481378020718694
1,1024,5.0,0.014930348028428853
1,1024,6.0,0.014754986972548068
1,1024,7.0,0.014476032927632332
1,1024,8.0,0.01484151603654027
1,1024,9.0,0.0146662030601874
1,1024,10.0,0.014502334990538657
1,1024,11.0,0.014699618914164603
1,1024,12.0,0.014559925999492407
1,1024,13.0,0.014636420062743127
1,1024,14.0,0.014571966021321714
1,1024,15.0,0.01450075302273035
1,1024,16.0,0.014585346914827824
1,1024,17.0,0.014758447068743408
1,1024,18.0,0.014615747961215675
1,1024,19.0,0.0143132449593395
1,1024,20.0,0.014746364089660347
1,1024,21.0,0.014514172915369272
1,1024,22.0,0.014663105015642941
1,1024,23.0,0.014346668031066656
1,1024,24.0,0.014977082028053701
1,1024,25.0,0.01439416198991239
1,1024,26.0,0.014354832004755735
1,1024,27.0,0.014866802957840264
1,1024,28.0,0.014723123051226139
1,1024,29.0,0.01399726897943765
1,1024,30.0,0.014686426031403244
1,1024,31.0,0.014656893908977509
1,1024,32.0,0.014781333040446043
1,1024,33.0,0.014200491015799344
1,1024,34.0,0.014384659007191658
1,1024,35.0,0.014974470948800445
1,1024,36.0,0.014457509038038552
1,1024,37.0,0.014528883039020002
1,1024,38.0,0.01446492993272841
1,1024,39.0,0.014665373018942773
1,1024,40.0,0.014393005054444075
1,1024,41.0,0.014324077987112105
1,1024,42.0,0.014763128012418747
1,1024,43.0,0.01462362299207598
1,1024,44.0,0.014190817950293422
1,1024,45.0,0.014894576044753194
1,1024,46.0,0.014643442933447659
1,1024,47.0,0.014411444077268243
1,1024,48.0,0.014281592913903296
1,1024,49.0,0.014770520036108792
1,1024,50.0,0.014609546051360667
1,1024,51.0,0.014338078908622265
1,1024,52.0,0.014728703070431948
1,1024,53.0,0.014465898973867297
1,1024,54.0,0.014564397046342492
1,1024,55.0,0.014697604929096997
1,1024,56.0,0.014393571065738797
1,1024,57.0,0.01466603996232152
1,1024,58.0,0.014440214959904552
1,1024,59.0,0.014676401973702013
1,1024,60.0,0.014305792050436139
1,1024,61.0,0.014624470029957592
1,1024,62.0,0.01456210296601057
1,1024,63.0,0.014677786966785789
1,1024,64.0,0.01467514201067388
1,1024,65.0,0.01434823707677424
1,1024,66.0,0.014704786008223891
1,1024,67.0,0.014352811966091394
1,1024,68.0,0.014678788953460753
1,1024,69.0,0.014850731007754803
1,1024,70.0,0.014374719001352787
1,1024,71.0,0.014556659967638552
1,1024,72.0,0.014467290020547807
1,1024,73.0,0.014961902983486652
1,1024,74.0,0.014117956045083702
1,1024,75.0,0.014615852967835963
1,1024,76.0,0.014514488051645458
1,1024,77.0,0.014463757979683578
1,1024,78.0,0.01475128997117281
1,1024,79.0,0.014328350080177188
1,1024,80.0,0.015250618918798864
1,1024,81.0,0.013867425033822656
1,1024,82.0,0.01453115395270288
1,1024,83.0,0.014839054085314274
1,1024,84.0,0.014522421988658607
1,1024,85.0,0.014396825921721756
1,1024,86.0,0.014720316044986248
1,1024,87.0,0.014787435997277498
1,1024,88.0,0.014321485999971628
1,1024,89.0,0.014526786049827933
1,1024,90.0,0.014347655000165105
1,1024,91.0,0.014753797906450927
1,1024,92.0,0.014465052052401006
1,1024,93.0,0.014743970008566976
1,1024,94.0,0.014196224976330996
1,1024,95.0,0.014883012976497412
1,1024,96.0,0.01430898206308484
1,1024,97.0,0.014831144013442099
1,1024,98.0,0.014364873990416527
1,1024,99.0,0.014771147980354726
1,1024,100.0,0.014664691989310086
1,1024,101.0,0.014245433965697885
1,1024,102.0,0.014464513049460948
1,1024,103.0,0.014757624012418091
1,1024,104.0,0.014819144969806075
1,1024,105.0,0.014243558049201965
1,1024,106.0,0.014442653977312148
1,1024,107.0,0.014633259968832135
1,1024,108.0,0.014419820043258369
1,1024,109.0,0.014713882002979517
1,1024,110.0,0.014416732941754162
1,1024,111.0,0.014745916007086635
1,1024,112.0,0.014583943062461913
1,1024,113.0,0.014510175911709666
1,1024,114.0,0.014341692090965807
1,1024,115.0,0.01481812889687717
1,1024,116.0,0.014566676109097898
1,1024,117.0,0.014326801989227533
1,1024,118.0,0.014826556900516152
1,1024,119.0,0.014441188075579703
1,1024,120.0,0.014530319953337312
1,1024,121.0,0.01454322098288685
1,1024,122.0,0.014462177990935743
1,1024,123.0,0.01466560608241707
1,1024,124.0,0.014504694961942732
1,1024,125.0,0.014656809973530471
1,1024,126.0,0.014862628071568906
1,1024,127.0,0.014305955963209271
1,1024,128.0,0.014339421992190182
1,1024,129.0,0.014316804008558393
1,1024,130.0,0.015051543014124036
1,1024,131.0,0.014397085993550718
1,1024,132.0,0.014818663941696286
1,1024,133.0,0.014308002078905702
1,1024,134.0,0.014620021916925907
1,1024,135.0,0.014525323058478534
1,1024,136.0,0.014533963985741138
1,1024,137.0,0.014902658993378282
1,1024,138.0,0.01452145806979388
1,1024,139.0,0.014629188925027847
1,1024,140.0,0.014416001038625836
1,1024,141.0,0.014453977928496897
1,1024,142.0,0.014517951058223844
1,1024,143.0,0.014427545946091413
1,1024,144.0,0.014927151030860841
1,1024,145.0,0.014542188961058855
1,1024,146.0,0.014393342076800764
1,1024,147.0,0.014751581940799952
1,1024,148.0,0.014260824071243405
1,1024,149.0,0.01507128297816962
1,1024,150.0,0.014488728949800134
1,1024,151.0,0.014460523030720651
1,1024,152.0,0.014940147055312991
1,1024,153.0,0.014588427962735295
1,1024,154.0,0.014090926968492568
1,1024,155.0,0.014880897011607885
1,1024,156.0,0.01454189803916961
1,1024,157.0,0.014461898012086749
1,1024,158.0,0.014832507004030049
1,1024,159.0,0.014248424908146262
1,1024,160.0,0.014499774086289108
1,1024,161.0,0.014718562015332282
1,1024,162.0,0.014262418961152434
1,1024,163.0,0.014888567035086453
1,1024,164.0,0.014553741901181638
1,1024,165.0,0.014318589004687965
1,1024,166.0,0.014686461072415113
1,1024,167.0,0.01485364802647382
1,1024,168.0,0.014491725945845246
1,1024,169.0,0.01457567501347512
1,1024,170.0,0.014402879984118044
1,1024,171.0,0.014776880969293416
1,1024,172.0,0.014603762072511017
1,1024,173.0,0.014568949001841247
1,1024,174.0,0.014581199968233705
1,1024,175.0,0.014547197031788528
1,1024,176.0,0.01447563897818327
1,1024,177.0,0.01471430400852114
1,1024,178.0,0.01443007797934115
1,1024,179.0,0.014771517016924918
1,1024,180.0,0.014432481955736876
1,1024,181.0,0.014800716075114906
1,1024,182.0,0.014617237960919738
1,1024,183.0,0.014197223004885018
1,1024,184.0,0.014882956980727613
1,1024,185.0,0.014237788040190935
1,1024,186.0,0.014894850901328027
1,1024,187.0,0.0143995420075953
1,1024,188.0,0.01470826705917716
1,1024,189.0,0.014637910993769765
1,1024,190.0,0.014556340989656746
1,1024,191.0,0.014715650002472103
1,1024,192.0,0.01390336500480771
1,1024,193.0,0.015074201975949109
1,1024,194.0,0.014655329054221511
1,1024,195.0,0.014456774923019111
1,1024,196.0,0.01449444203171879
1,1024,197.0,0.014396467013284564
1,1024,198.0,0.01468629203736782
1,1024,199.0,0.014243297977373004
1,1024,200.0,0.014973595971241593
1,1024,201.0,0.014258446986787021
1,1024,202.0,0.014680269989185035
1,1024,203.0,0.014613819075748324
1,1024,204.0,0.014297203975729644
1,1024,205.0,0.015006682951934636
1,1024,206.0,0.014208675012923777
1,1024,207.0,0.014696169062517583
1,1024,208.0,0.014720810926519334
1,1024,209.0,0.014835292007774115
1,1024,210.0,0.014264604076743126
1,1024,211.0,0.014619992929510772
1,1024,212.0,0.014394629979506135
1,1024,213.0,0.014239848009310663
1,1024,214.0,0.015027431072667241
1,1024,215.0,0.014581508934497833
1,1024,216.0,0.01462346303742379
1,1024,217.0,0.014576354995369911
1,1024,218.0,0.014812740962952375
1,1024,219.0,0.014268525061197579
1,1024,220.0,0.014276710920967162
1,1024,221.0,0.014880932052619755
1,1024,222.0,0.014763484010472894
1,1024,223.0,0.01457308093085885
1,1024,224.0,0.014480066020041704
1,1024,225.0,0.014516307972371578
1,1024,226.0,0.014593736035749316
1,1024,227.0,0.014688148046843708
1,1024,228.0,0.014656455023214221
1,1024,229.0,0.014872628962621093
1,1024,230.0,0.014273875043727458
1,1024,231.0,0.014426294947043061
1,1024,232.0,0.015001515042968094
1,1024,233.0,0.014218362979590893
1,1024,234.0,0.014627047930844128
1,1024,235.0,0.014735716045834124
1,1024,236.0,0.014431193005293608
1,1024,237.0,0.014349965029396117
1,1024,238.0,0.01472973800264299
1,1024,239.0,0.01419310993514955
1,1024,240.0,0.014955430058762431
1,1024,241.0,0.014194765943102539
1,1024,242.0,0.014842947013676167
1,1024,243.0,0.014470090973190963
1,1024,244.0,0.014364334987476468
1,1024,245.0,0.014722629101015627
1,1024,246.0,0.014467755914665759
1,1024,247.0,0.014685186091810465
1,1024,248.0,0.014487512991763651
1,1024,249.0,0.014508486958220601
1,1024,250.0,0.01481718197464943
1,1024,251.0,0.014654958969913423
1,1024,252.0,0.014426087029278278
1,1024,253.0,0.014895363012328744
1,1024,254.0,0.014394572004675865
1,1024,255.0,0.014841311029158533
1,4096,4.0,0.014917189022526145
1,4096,5.0,0.014606972923502326
1,4096,6.0,0.014747973065823317
1,4096,7.0,0.01467190496623516
1,4096,8.0,0.015280124032869935
1,4096,9.0,0.014786349958740175
1,4096,10.0,0.014472836977802217
1,4096,11.0,0.01478304504416883
1,4096,12.0,0.01505201798863709
1,4096,13.0,0.014392346027307212
1,4096,14.0,0.014983654022216797
1,4096,15.0,0.014602290000766516
1,4096,16.0,0.019836988998577
1,4096,17.0,0.009846269967965782
1,4096,18.0,0.014783786027692258
1,4096,19.0,0.014336471911519766
1,4096,20.0,0.014652643003500998
1,4096,21.0,0.014751456095837057
1,4096,22.0,0.0151589639717713
1,4096,23.0,0.014255877933464944
1,4096,24.0,0.014872631058096886
1,4096,25.0,0.014561851974576712
1,4096,26.0,0.014966757968068123
1,4096,27.0,0.014510218985378742
1,4096,28.0,0.014649426098912954
1,4096,29.0,0.01500549796037376
1,4096,30.0,0.014555574976839125
1,4096,31.0,0.015093710971996188
1,4096,32.0,0.014534685062244534
1,4096,33.0,0.014642362017184496
1,4096,34.0,0.01444939395878464
1,4096,35.0,0.015030893962830305
1,4096,36.0,0.014600926078855991
1,4096,37.0,0.014886674005538225
1,4096,38.0,0.01448212401010096
1,4096,39.0,0.014859759947285056
1,4096,40.0,0.01461779500823468
1,4096,41.0,0.01476399798411876
1,4096,42.0,0.01504464796744287
1,4096,43.0,0.014210503082722425
1,4096,44.0,0.014848260907456279
1,4096,45.0,0.014597293105907738
1,4096,46.0,0.014650655910372734
1,4096,47.0,0.014825018006376922
1,4096,48.0,0.014657952007837594
1,4096,49.0,0.015020234044641256
1,4096,50.0,0.014851071988232434
1,4096,51.0,0.01476147398352623
1,4096,52.0,0.014663778012618423
1,4096,53.0,0.014266496989876032
1,4096,54.0,0.014642148977145553
1,4096,55.0,0.01498543401248753
1,4096,56.0,0.014625885989516973
1,4096,57.0,0.015170249971561134
1,4096,58.0,0.01434391806833446
1,4096,59.0,0.014876105939038098
1,4096,60.0,0.014244587044231594
1,4096,61.0,0.014683444052934647
1,4096,62.0,0.015247978968545794
1,4096,63.0,0.014297778951004148
1,4096,64.0,0.014644850045442581
1,4096,65.0,0.014979357947595417
1,4096,66.0,0.01465707109309733
1,4096,67.0,0.014434025972150266
1,4096,68.0,0.0148184800054878
1,4096,69.0,0.014825623016804457
1,4096,70.0,0.014363171998411417
1,4096,71.0,0.015101218945346773
1,4096,72.0,0.014361110050231218
1,4096,73.0,0.014721946907229722
1,4096,74.0,0.01503977202810347
1,4096,75.0,0.014289841055870056
1,4096,76.0,0.014859784976579249
1,4096,77.0,0.014496495015919209
1,4096,78.0,0.014830968924798071
1,4096,79.0,0.014943129033781588
1,4096,80.0,0.014510181033983827
1,4096,81.0,0.01485332497395575
1,4096,82.0,0.014783945051021874
1,4096,83.0,0.01448960998095572
1,4096,84.0,0.014770930982194841
1,4096,85.0,0.014732767944224179
1,4096,86.0,0.014536336995661259
1,4096,87.0,0.015053115086629987
1,4096,88.0,0.014648539014160633
1,4096,89.0,0.014775648945942521
1,4096,90.0,0.01474646502174437
1,4096,91.0,0.014422726933844388
1,4096,92.0,0.014840902062132955
1,4096,93.0,0.014593202038668096
1,4096,94.0,0.014762363978661597
1,4096,95.0,0.01455818791873753
1,4096,96.0,0.014991824049502611
1,4096,97.0,0.014554693014360964
1,4096,98.0,0.014629232930019498
1,4096,99.0,0.01488062203861773
1,4096,100.0,0.014591612969525158
1,4096,101.0,0.014776531024836004
1,4096,102.0,0.014798844000324607
1,4096,103.0,0.014549845014698803
1,4096,104.0,0.014946870040148497
1,4096,105.0,0.014526871964335442
1,4096,106.0,0.015010403003543615
1,4096,107.0,0.01449925301130861
1,4096,108.0,0.014770830981433392
1,4096,109.0,0.014622400980442762
1,4096,110.0,0.015104106976650655
1,4096,111.0,0.014915441046468914
1,4096,112.0,0.014625804033130407
1,4096,113.0,0.014376578968949616
1,4096,114.0,0.014518326963298023
1,4096,115.0,0.014648750075139105
1,4096,116.0,0.014757444965653121
1,4096,117.0,0.014864588039927185
1,4096,118.0,0.014731194009073079
1,4096,119.0,0.0145540899829939
1,4096,120.0,0.014698997023515403
1,4096,121.0,0.014560569892637432
1,4096,122.0,0.014792690053582191
1,4096,123.0,0.014712968957610428
1,4096,124.0,0.014825730002485216
1,4096,125.0,0.014564717072062194
1,4096,126.0,0.015042003942653537
1,4096,127.0,0.014633176964707673
1,4096,128.0,0.01420238905120641
1,4096,129.0,0.01520572800654918
1,4096,130.0,0.014715297962538898
1,4096,131.0,0.014591127051971853
1,4096,132.0,0.014491906040348113
1,4096,133.0,0.014687620918266475
1,4096,134.0,0.01484316901769489
1,4096,135.0,0.014504341990686953
1,4096,136.0,0.015065522049553692
1,4096,137.0,0.014682697947137058
1,4096,138.0,0.014513066969811916
1,4096,139.0,0.01472176203969866
1,4096,140.0,0.014996113022789359
1,4096,141.0,0.014546619961038232
1,4096,142.0,0.014621869078837335
1,4096,143.0,0.014723269967362285
1,4096,144.0,0.014961757929995656
1,4096,145.0,0.014650605036877096
1,4096,146.0,0.014626789023168385
1,4096,147.0,0.014797945972532034
1,4096,148.0,0.01471711101476103
1,4096,149.0,0.014495249022729695
1,4096,150.0,0.014780928031541407
1,4096,151.0,0.014793730922974646
1,4096,152.0,0.014323630020953715
1,4096,153.0,0.015106798964552581
1,4096,154.0,0.014765380998142064
1,4096,155.0,0.014273664099164307
1,4096,156.0,0.014728806912899017
1,4096,157.0,0.014907372067682445
1,4096,158.0,0.014710524003021419
1,4096,159.0,0.014512444962747395
1,4096,160.0,0.014809540007263422
1,4096,161.0,0.014794597984291613
1,4096,162.0,0.014577870955690742
1,4096,163.0,0.014926647068932652
1,4096,164.0,0.014695729943923652
1,4096,165.0,0.01452579302713275
1,4096,166.0,0.014974544988945127
1,4096,167.0,0.01459406001958996
1,4096,168.0,0.014830111991614103
1,4096,169.0,0.014532836037687957
1,4096,170.0,0.014616133994422853
1,4096,171.0,0.014869170030578971
1,4096,172.0,0.014525705948472023
1,4096,173.0,0.014888414996676147
1,4096,174.0,0.014943205052986741
1,4096,175.0,0.014806018909439445
1,4096,176.0,0.014390371041372418
1,4096,177.0,0.014651176054030657
1,4096,178.0,0.015094521921128035
1,4096,179.0,0.014646123978309333
1,4096,180.0,0.014482562080956995
1,4096,181.0,0.014731646981090307
1,4096,182.0,0.014744680025614798
1,4096,183.0,0.014598053996451199
1,4096,184.0,0.014983727945946157
1,4096,185.0,0.014535904978401959
1,4096,186.0,0.014734506024979055
1,4096,187.0,0.014447757974267006
1,4096,188.0,0.015299255028367043
1,4096,189.0,0.014720909995958209
1,4096,190.0,0.014406473026610911
1,4096,191.0,0.01520043599884957
1,4096,192.0,0.014273387030698359
1,4096,193.0,0.014668638934381306
1,4096,194.0,0.01487110904417932
1,4096,195.0,0.014444903936237097
1,4096,196.0,0.014881510054692626
1,4096,197.0,0.014692627941258252
1,4096,198.0,0.014733320102095604
1,4096,199.0,0.014811177970841527
1,4096,200.0,0.014456467935815454
1,4096,201.0,0.014899875037372112
1,4096,202.0,0.014640936045907438
1,4096,203.0,0.014753557974472642
1,4096,204.0,0.014546648017130792
1,4096,205.0,0.01493697497062385
1,4096,206.0,0.014714387943968177
1,4096,207.0,0.014716565026901662
1,4096,208.0,0.014424788067117333
1,4096,209.0,0.014981572981923819
1,4096,210.0,0.014574519940651953
1,4096,211.0,0.014515812043100595
1,4096,212.0,0.014831351931206882
1,4096,213.0,0.014735514065250754
1,4096,214.0,0.014655760955065489
1,4096,215.0,0.015058472054079175
1,4096,216.0,0.01459615700878203
1,4096,217.0,0.014712300966493785
1,4096,218.0,0.01483544404618442
1,4096,219.0,0.014730504946783185
1,4096,220.0,0.014628940960392356
1,4096,221.0,0.014760963036678731
1,4096,222.0,0.01474247605074197
1,4096,223.0,0.014640072011388838
1,4096,224.0,0.014540014904923737
1,4096,225.0,0.014697415055707097
1,4096,226.0,0.014793433016166091
1,4096,227.0,0.01477083598729223
1,4096,228.0,0.01447367004584521
1,4096,229.0,0.01495095994323492
1,4096,230.0,0.014551936998032033
1,4096,231.0,0.014853451983071864
1,4096,232.0,0.014575270004570484
1,4096,233.0,0.014681752072647214
1,4096,234.0,0.014816451934166253
1,4096,235.0,0.014865049975924194
1,4096,236.0,0.014775449060834944
1,4096,237.0,0.014587154961191118
1,4096,238.0,0.01474934199359268
1,4096,239.0,0.014843932003714144
1,4096,240.0,0.014524147030897439
1,4096,241.0,0.014673097990453243
1,4096,242.0,0.014810043037869036
1,4096,243.0,0.014776740921661258
1,4096,244.0,0.01485554501414299
1,4096,245.0,0.014290919061750174
1,4096,246.0,0.015012111980468035
1,4096,247.0,0.014447715017013252
1,4096,248.0,0.014894466963596642
1,4096,249.0,0.014791036024689674
1,4096,250.0,0.014835455920547247
1,4096,251.0,0.014486034051515162
1,4096,252.0,0.01439988100901246
1,4096,253.0,0.014819512027315795
1,4096,254.0,0.014704981935210526
1,4096,255.0,0.014876906992867589
1,6144,4.0,0.015073422924615443
1,6144,5.0,0.014957141014747322
1,6144,6.0,0.015299601014703512
1,6144,7.0,0.014604062074795365
1,6144,8.0,0.014723966945894063
1,6144,9.0,0.015127216000109911
1,6144,10.0,0.01467834401410073
1,6144,11.0,0.014740391983650625
1,6144,12.0,0.015124086989089847
1,6144,13.0,0.014706635032780468
1,6144,14.0,0.015010253991931677
1,6144,15.0,0.014840750023722649
1,6144,16.0,0.014865372912026942
1,6144,17.0,0.014662387082353234
1,6144,18.0,0.014903491945005953
1,6144,19.0,0.014932628022506833
1,6144,20.0,0.014811279019340873
1,6144,21.0,0.014825880993157625
1,6144,22.0,0.014530200976878405
1,6144,23.0,0.015173621010035276
1,6144,24.0,0.014518628944642842
1,6144,25.0,0.015100976102985442
1,6144,26.0,0.014814312919043005
1,6144,27.0,0.014810361084528267
1,6144,28.0,0.014535616966895759
1,6144,29.0,0.014783913036808372
1,6144,30.0,0.01516410696785897
1,6144,31.0,0.014528390020132065
1,6144,32.0,0.015380454016849399
1,6144,33.0,0.01456867391243577
1,6144,34.0,0.01495756406802684
1,6144,35.0,0.014610295998863876
1,6144,36.0,0.01492661191150546
1,6144,37.0,0.014869004022330046
1,6144,38.0,0.014789473032578826
1,6144,39.0,0.014811998000368476
1,6144,40.0,0.014943953021429479
1,6144,41.0,0.014711407013237476
1,6144,42.0,0.01459728297777474
1,6144,43.0,0.015057001961395144
1,6144,44.0,0.014946302049793303
1,6144,45.0,0.014769820030778646
1,6144,46.0,0.014767694985494018
1,6144,47.0,0.014562942902557552
1,6144,48.0,0.01483971904963255
1,6144,49.0,0.014886482036672533
1,6144,50.0,0.014808756997808814
1,6144,51.0,0.014850097009912133
1,6144,52.0,0.014841648982837796
1,6144,53.0,0.014914126018993556
1,6144,54.0,0.01473440695554018
1,6144,55.0,0.014840012998320162
1,6144,56.0,0.014927115989848971
1,6144,57.0,0.014745509019121528
1,6144,58.0,0.014819185947999358
1,6144,59.0,0.014866142999380827
1,6144,60.0,0.0147980049951002
1,6144,61.0,0.014840381103567779
1,6144,62.0,0.01500759890768677
1,6144,63.0,0.0148091180017218
1,6144,64.0,0.014807122061029077
1,6144,65.0,0.014748616958968341
1,6144,66.0,0.014815737027674913
1,6144,67.0,0.014790543005801737
1,6144,68.0,0.014868470025248826
1,6144,69.0,0.014812308945693076
1,6144,70.0,0.014818318071775138
1,6144,71.0,0.014793240930885077
1,6144,72.0,0.014873752021230757
1,6144,73.0,0.014801588957197964
1,6144,74.0,0.014858504990115762
1,6144,75.0,0.014811197994276881
1,6144,76.0,0.014848216087557375
1,6144,77.0,0.014791070949286222
1,6144,78.0,0.015080151963047683
1,6144,79.0,0.014959002030082047
1,6144,80.0,0.014784186030738056
1,6144,81.0,0.014835570938885212
1,6144,82.0,0.014611835009418428
1,6144,83.0,0.014759888057596982
1,6144,84.0,0.015115484944544733
1,6144,85.0,0.014669946045614779
1,6144,86.0,0.014836893999017775
1,6144,87.0,0.01481823599897325
1,6144,88.0,0.014763770042918622
1,6144,89.0,0.01486387092154473
1,6144,90.0,0.014782775077037513
1,6144,91.0,0.014682885957881808
1,6144,92.0,0.015114938956685364
1,6144,93.0,0.014694982091896236
1,6144,94.0,0.01501613191794604
1,6144,95.0,0.014755734009668231
1,6144,96.0,0.014731382019817829
1,6144,97.0,0.014874515007250011
1,6144,98.0,0.014816942973993719
1,6144,99.0,0.014785328065045178
1,6144,100.0,0.014974482008256018
1,6144,101.0,0.014826981932856143
1,6144,102.0,0.014877367066219449
1,6144,103.0,0.014823659905232489
1,6144,104.0,0.014835587004199624
1,6144,105.0,0.014752136077731848
1,6144,106.0,0.014743022969923913
1,6144,107.0,0.014665049035102129
1,6144,108.0,0.015129342908039689
1,6144,109.0,0.014644059003330767
1,6144,110.0,0.015335955074988306
1,6144,111.0,0.014671592973172665
1,6144,112.0,0.014386793947778642
1,6144,113.0,0.014942834037356079
1,6144,114.0,0.014960678992792964
1,6144,115.0,0.014962438959628344
1,6144,116.0,0.014766358071938157
1,6144,117.0,0.01462880801409483
1,6144,118.0,0.015022386913187802
1,6144,119.0,0.01469576102681458
1,6144,120.0,0.014825187041424215
1,6144,121.0,0.015111860004253685
1,6144,122.0,0.014537364011630416
1,6144,123.0,0.014996344922110438
1,6144,124.0,0.014681750093586743
1,6144,125.0,0.014840140007436275
1,6144,126.0,0.014648170908913016
1,6144,127.0,0.015284322085790336
1,6144,128.0,0.014583802898414433
1,6144,129.0,0.01484319509472698
1,6144,130.0,0.014818146009929478
1,6144,131.0,0.01477149990387261
1,6144,132.0,0.014809278072789311
1,6144,133.0,0.015259473933838308
1,6144,134.0,0.014594553038477898
1,6144,135.0,0.01458624901715666
1,6144,136.0,0.014923176961019635
1,6144,137.0,0.015306667075492442
1,6144,138.0,0.014325897907838225
1,6144,139.0,0.01478479104116559
1,6144,140.0,0.014879176043905318
1,6144,141.0,0.014910670928657055
1,6144,142.0,0.014806336024776101
1,6144,143.0,0.014755361946299672
1,6144,144.0,0.01492934301495552
1,6144,145.0,0.015042165061458945
1,6144,146.0,0.01469240093138069
1,6144,147.0,0.014728186069987714
1,6144,148.0,0.014907256932929158
1,6144,149.0,0.01471694908104837
1,6144,150.0,0.014743150910362601
1,6144,151.0,0.014893542043864727
1,6144,152.0,0.014819214004091918
1,6144,153.0,0.014863647986203432
1,6144,154.0,0.014981636079028249
1,6144,155.0,0.01459452894050628
1,6144,156.0,0.014911873964592814
1,6144,157.0,0.014719942002557218
1,6144,158.0,0.015742848976515234
1,6144,159.0,0.013777287094853818
1,6144,160.0,0.015239340020343661
1,6144,161.0,0.014552874956279993
1,6144,162.0,0.015116270980797708
1,6144,163.0,0.014729095972143114
1,6144,164.0,0.01483468001242727
1,6144,165.0,0.014804096077568829
1,6144,166.0,0.014628139906562865
1,6144,167.0,0.015252341981977224
1,6144,168.0,0.014404542045667768
1,6144,169.0,0.014885677956044674
1,6144,170.0,0.014738537021912634
1,6144,171.0,0.0147245810367167
1,6144,172.0,0.015313636977225542
1,6144,173.0,0.014585979050025344
1,6144,174.0,0.014833044959232211
1,6144,175.0,0.015108876978047192
1,6144,176.0,0.014569972991012037
1,6144,177.0,0.014762082020752132
1,6144,178.0,0.014966445975005627
1,6144,179.0,0.014591454062610865
1,6144,180.0,0.014709095936268568
1,6144,181.0,0.015334557043388486
1,6144,182.0,0.014490089961327612
1,6144,183.0,0.01515273901168257
1,6144,184.0,0.01437687803991139
1,6144,185.0,0.015220273984596133
1,6144,186.0,0.014478003024123609
1,6144,187.0,0.015333201037719846
1,6144,188.0,0.014583961921744049
1,6144,189.0,0.014624946983531117
1,6144,190.0,0.014849374070763588
1,6144,191.0,0.014634368009865284
1,6144,192.0,0.01524491491727531
1,6144,193.0,0.014576354064047337
1,6144,194.0,0.015002790954895318
1,6144,195.0,0.01459522603545338
1,6144,196.0,0.014897095039486885
1,6144,197.0,0.014732741983607411
1,6144,198.0,0.0148792959516868
1,6144,199.0,0.014804242993704975
1,6144,200.0,0.015024745021946728
1,6144,201.0,0.014748011948540807
1,6144,202.0,0.01492078008595854
1,6144,203.0,0.01555426197592169
1,6144,204.0,0.014183043967932463
1,6144,205.0,0.014483661972917616
1,6144,206.0,0.015070802066475153
1,6144,207.0,0.014563813921995461
1,6144,208.0,0.015144692035391927
1,6144,209.0,0.014701780048198998
1,6144,210.0,0.01466670201625675
1,6144,211.0,0.014864089898765087
1,6144,212.0,0.014973432058468461
1,6144,213.0,0.014657984022051096
1,6144,214.0,0.014967790921218693
1,6144,215.0,0.01525868708267808
1,6144,216.0,0.014367270981892943
1,6144,217.0,0.015029208036139607
1,6144,218.0,0.014647297910414636
1,6144,219.0,0.0148166409926489
1,6144,220.0,0.014723024098202586
1,6144,221.0,0.015013958909548819
1,6144,222.0,0.014717178069986403
1,6144,223.0,0.014905716991052032
1,6144,224.0,0.014976796926930547
1,6144,225.0,0.014602571027353406
1,6144,226.0,0.014805081067606807
1,6144,227.0,0.014825416961684823
1,6144,228.0,0.014850500971078873
1,6144,229.0,0.014841858996078372
1,6144,230.0,0.015066134044900537
1,6144,231.0,0.014526556013152003
1,6144,232.0,0.014709671959280968
1,6144,233.0,0.014980499050579965
1,6144,234.0,0.014833146007731557
1,6144,235.0,0.01492645195685327
1,6144,236.0,0.014573183958418667
1,6144,237.0,0.014965453068725765
1,6144,238.0,0.01467338902875781
1,6144,239.0,0.014898471999913454
1,6144,240.0,0.014910044963471591
1,6144,241.0,0.01481834496371448
1,6144,242.0,0.014821758028119802
1,6144,243.0,0.01490378996822983
1,6144,244.0,0.014671146986074746
1,6144,245.0,0.014912564074620605
1,6144,246.0,0.016320186899974942
1,6144,247.0,0.013678345014341176
1,6144,248.0,0.014524980098940432
1,6144,249.0,0.014874276937916875
1,6144,250.0,0.015037329052574933
1,6144,251.0,0.014740230981260538
1,6144,252.0,0.01464850502088666
1,6144,253.0,0.015146604971960187
1,6144,254.0,0.014473848976194859
1,6144,255.0,0.015390774002298713
2,64,4.5,0.01433298597112298
2,64,5.5,0.014501989004202187
2,64,6.5,0.014644704468082637
2,64,7.5,0.01445691951084882
2,64,8.5,0.01443276897771284
2,64,9.5,0.014482854050584137
2,64,10.5,0.01449578144820407
2,64,11.5,0.01461186254164204
2,64,12.5,0.014435414981562644
2,64,13.5,0.014513248985167593
2,64,14.5,0.014412121032364666
2,64,15.5,0.014294791035354137
2,64,16.5,0.01455970446113497
2,64,17.5,0.01444396551232785
2,64,18.5,0.01437870494555682
2,64,19.5,0.014391108066774905
2,64,20.5,0.014514727983623743
2,64,21.5,0.014573975990060717
2,64,22.5,0.014514202484861016
2,64,23.5,0.014399163017515093
2,64,24.5,0.014384659531060606
2,64,25.5,0.014455891971010715
2,64,26.5,0.014279253489803523
2,64,27.5,0.014426167996134609
2,64,28.5,0.014519055548589677
2,64,29.5,0.014678606006782502
2,64,30.5,0.014379041967913508
2,64,31.5,0.014211124507710338
2,64,32.5,0.01446266396669671
2,64,33.5,0.014489265042357147
2,64,34.5,0.014430735493078828
2,64,35.5,0.014405863475985825
2,64,36.5,0.014498676522634923
2,64,37.5,0.014522575016599149
2,64,38.5,0.014431468967813998
2,64,39.5,0.01436041051056236
2,64,40.5,0.01433499896666035
2,64,41.5,0.014413658529520035
2,64,42.5,0.014579607464838773
2,64,43.5,0.014483484032098204
2,64,44.5,0.01440326648298651
2,64,45.5,0.014418830047361553
2,64,46.5,0.014515235961880535
2,64,47.5,0.014473364979494363
2,64,48.5,0.014321354567073286
2,64,49.5,0.01442831294843927
2,64,50.5,0.014481156482361257
2,64,51.5,0.014449704496655613
2,64,52.5,0.01443493302213028
2,64,53.5,0.014446200046222657
2,64,54.5,0.014446211920585483
2,64,55.5,0.01435278553981334
2,64,56.5,0.014449425507336855
2,64,57.5,0.014494515489786863
2,64,58.5,0.014423741027712822
2,64,59.5,0.014503687445539981
2,64,60.5,0.014443379011936486
2,64,61.5,0.014451462484430522
2,64,62.5,0.014343177026603371
2,64,63.5,0.014437841484323144
2,64,64.5,0.01446993654826656
2,64,65.5,0.014422288455534726
2,64,66.5,0.014805365062784404
2,64,67.5,0.014659910462796688
2,64,68.5,0.014483073027804494
2,64,69.5,0.0144761124975048
2,64,70.5,0.014480052515864372
2,64,71.5,0.014446500455960631
2,64,72.5,0.014522878511343151
2,64,73.5,0.014576065936125815
2,64,74.5,0.014492063084617257
2,64,75.5,0.014396479004062712
2,64,76.5,0.014407724956981838
2,64,77.5,0.014515949005726725
2,64,78.5,0.01438271498773247
2,64,79.5,0.014590800041332841
2,64,80.5,0.014758344914298505
2,64,81.5,0.014391359058208764
2,64,82.5,0.014309528516605496
2,64,83.5,0.014468667504843324
2,64,84.5,0.014645434508565813
2,64,85.5,0.014413129480089992
2,64,86.5,0.014408074493985623
2,64,87.5,0.014683423039969057
2,64,88.5,0.014424360473640263
2,64,89.5,0.01426417997572571
2,64,90.5,0.014623339986428618
2,64,91.5,0.01456928497646004
2,64,92.5,0.014267235004808754
2,64,93.5,0.014494000060949475
2,64,94.5,0.014672963472548872
2,64,95.5,0.014502234989777207
2,64,96.5,0.014309347490780056
2,64,97.5,0.01440143451327458
2,64,98.5,0.014688179013319314
2,64,99.5,0.014504373481031507
2,64,100.5,0.014460342528764158
2,64,101.5,0.01456635701470077
2,64,102.5,0.014458689955063164
2,64,103.5,0.014401429507415742
2,64,104.5,0.014355527993757278
2,64,105.5,0.01450075750472024
2,64,106.5,0.014518095995299518
2,64,107.5,0.01463027048157528
2,64,108.5,0.014508833060972393
2,64,109.5,0.014374797989148647
2,64,110.5,0.014568405982572585
2,64,111.5,0.01449725852580741
2,64,112.5,0.014448978006839752
2,64,113.5,0.014491749927401543
2,64,114.5,0.014661483000963926
2,64,115.5,0.01450821157777682
2,64,116.5,0.01421515946276486
2,64,117.5,0.014564123994205147
2,64,118.5,0.01456437649903819
2,64,119.5,0.014421658997889608
2,64,120.5,0.014433264499530196
2,64,121.5,0.014497423020657152
2,64,122.5,0.014558798458892852
2,64,123.5,0.014436975528951734
2,64,124.5,0.014521104982122779
2,64,125.5,0.014608858560677618
2,64,126.5,0.014507913962006569
2,64,127.5,0.014419337501749396
2,64,128.5,0.014587462996132672
2,64,129.5,0.014414887002203614
2,64,130.5,0.01454044197453186
2,64,131.5,0.014496406074613333
2,64,132.5,0.014614942949265242
2,64,133.5,0.014529318024870008
2,64,134.5,0.014260947005823255
2,64,135.5,0.014430295501369983
2,64,136.5,0.014491940499283373
2,64,137.5,0.014600428461562842
2,64,138.5,0.014719059516210109
2,64,139.5,0.014285511511843652
2,64,140.5,0.014137163467239588
2,64,141.5,0.014545640500728041
2,64,142.5,0.014783680031541735
2,64,143.5,0.014577060472220182
2,64,144.5,0.014428461028728634
2,64,145.5,0.014472084469161928
2,64,146.5,0.01447381847538054
2,64,147.5,0.014504012011457235
2,64,148.5,0.014506732055451721
2,64,149.5,0.01463447994319722
2,64,150.5,0.014349389530252665
2,64,151.5,0.014508591033518314
2,64,152.5,0.01450381992617622
2,64,153.5,0.014342628011945635
2,64,154.5,0.014429671980906278
2,64,155.5,0.014499056502245367
2,64,156.5,0.014868367521557957
2,64,157.5,0.014369076990988106
2,64,158.5,0.014303674572147429
2,64,159.5,0.0145662339637056
2,64,160.5,0.014483538514468819
2,64,161.5,0.01449902995955199
2,64,162.5,0.014404142973944545
2,64,163.5,0.014472426497377455
2,64,164.5,0.014450498041696846
2,64,165.5,0.014742964995093644
2,64,166.5,0.01454496948281303
2,64,167.5,0.014477105520199984
2,64,168.5,0.014468184497673064
2,64,169.5,0.014368100499268621
2,64,170.5,0.014671328535769135
2,64,171.5,0.01456013898132369
2,64,172.5,0.014531903492752463
2,64,173.5,0.01439506548922509
2,64,174.5,0.014310361526440829
2,64,175.5,0.014587067009415478
2,64,176.5,0.014722583000548184
2,64,177.5,0.014376920415088534
2,64,178.5,0.014483908074907959
2,64,179.5,0.014718453458044678
2,64,180.5,0.014337146014440805
2,64,181.5,0.014464684471022338
2,64,182.5,0.014439021062571555
2,64,183.5,0.014482733968179673
2,64,184.5,0.01450359245063737
2,64,185.5,0.014330218080431223
2,64,186.5,0.014680912951007485
2,64,187.5,0.01445091050118208
2,64,188.5,0.014371589524671435
2,64,189.5,0.014411700540222228
2,64,190.5,0.014492703950963914
2,64,191.5,0.014577742549590766
2,64,192.5,0.014556661946699023
2,64,193.5,0.014414930483326316
2,64,194.5,0.014400479500181973
2,64,195.5,0.014524846512358636
2,64,196.5,0.014367471972946078
2,64,197.5,0.014518665033392608
2,64,198.5,0.014370091957971454
2,64,199.5,0.014607789518777281
2,64,200.5,0.014779344026464969
2,64,201.5,0.014370806980878115
2,64,202.5,0.014286153018474579
2,64,203.5,0.014340914553031325
2,64,204.5,0.014431451447308064
2,64,205.5,0.014447654481045902
2,64,206.5,0.014606407494284213
2,64,207.5,0.014582107542082667
2,64,208.5,0.014298744034022093
2,64,209.5,0.01442443096311763
2,64,210.5,0.014826707483734936
2,64,211.5,0.014668560994323343
2,64,212.5,0.01410091551952064
2,64,213.5,0.014259464980568737
2,64,214.5,0.014687306538689882
2,64,215.5,0.014579305017832667
2,64,216.5,0.014430424431338906
2,64,217.5,0.014416727994102985
2,64,218.5,0.014422142528928816
2,64,219.5,0.014328176039271057
2,64,220.5,0.014356145926285535
2,64,221.5,0.014509946573525667
2,64,222.5,0.014600902970414609
2,64,223.5,0.01464267895789817
2,64,224.5,0.014501891506370157
2,64,225.5,0.01447482651565224
2,64,226.5,0.014559267030563205
2,64,227.5,0.014247312967199832
2,64,228.5,0.01444852101849392
2,64,229.5,0.014655243488959968
2,64,230.5,0.014406293514184654
2,64,231.5,0.014495331444777548
2,64,232.5,0.014479350997135043
2,64,233.5,0.014276682049967349
2,64,234.5,0.014278909948188812
2,64,235.5,0.014502419566269964
2,64,236.5,0.014519339019898325
2,64,237.5,0.014472241513431072
2,64,238.5,0.014686157985124737
2,64,239.5,0.014473693503532559
2,64,240.5,0.014207801956217736
2,64,241.5,0.014537954004481435
2,64,242.5,0.014606568031013012
2,64,243.5,0.014660456974525005
2,64,244.5,0.014553602028172463
2,64,245.5,0.01446158898761496
2,64,246.5,0.014290142455138266
2,64,247.5,0.014358801068738103
2,64,248.5,0.014715509954839945
2,64,249.5,0.014362371526658535
2,64,250.5,0.014586565434001386
2,64,251.5,0.01442620757734403
2,64,252.5,0.014276155969128013
2,64,253.5,0.014499125478323549
2,64,254.5,0.014587660960387439
2,256,4.5,0.014592574501875788
2,256,5.5,0.014666811504866928
2,256,6.5,0.014566800964530557
2,256,7.5,0.014540362462867051
2,256,8.5,0.01451397902565077
2,256,9.5,0.014646327530499548
2,256,10.5,0.014489613007754087
2,256,11.5,0.014466467953752726
2,256,12.5,0.014584472519345582
2,256,13.5,0.014498327043838799
2,256,14.5,0.014575090433936566
2,256,15.5,0.014529801032040268
2,256,16.5,0.01437177398474887
2,256,17.5,0.014402221539057791
2,256,18.5,0.014556164969690144
2,256,19.5,0.014599747024476528
2,256,20.5,0.014556083537172526
2,256,21.5,0.014581616967916489
2,256,22.5,0.01438033947488293
2,256,23.5,0.01430010749027133
2,256,24.5,0.014371172059327364
2,256,25.5,0.014611150952987373
2,256,26.5,0.01454276399454102
2,256,27.5,0.014319370500743389
2,256,28.5,0.01449457200942561
2,256,29.5,0.014422412030398846
2,256,30.5,0.014468844456132501
2,256,31.5,0.014508136548101902
2,256,32.5,0.014403618988581002
2,256,33.5,0.014520753466058522
2,256,34.5,0.01454968098551035
2,256,35.5,0.01458699704380706
2,256,36.5,0.014598754933103919
2,256,37.5,0.014374548045452684
2,256,38.5,0.014580342976842076
2,256,39.5,0.014551825006492436
2,256,40.5,0.014190200017765164
2,256,41.5,0.014426829002331942
2,256,42.5,0.014504232502076775
2,256,43.5,0.01431415748083964
2,256,44.5,0.014437809004448354
2,256,45.5,0.01453084999229759
2,256,46.5,0.014887087512761354
2,256,47.5,0.014671691984403878
2,256,48.5,0.014057210006285459
2,256,49.5,0.014270669023972005
2,256,50.5,0.014469403482507914
2,256,51.5,0.014450118062086403
2,256,52.5,0.01446470245718956
2,256,53.5,0.014431722520384938
2,256,54.5,0.014389992924407125
2,256,55.5,0.014573974069207907
2,256,56.5,0.014591697487048805
2,256,57.5,0.014414354518521577
2,256,58.5,0.014329534489661455
2,256,59.5,0.014473372488282621
2,256,60.5,0.014517029514536262
2,256,61.5,0.014399798528756946
2,256,62.5,0.014615731954108924
2,256,63.5,0.014615670952480286
2,256,64.5,0.014337747008539736
2,256,65.5,0.014522529032547027
2,256,66.5,0.014566064986865968
2,256,67.5,0.014498165517579764
2,256,68.5,0.014378798485267907
2,256,69.5,0.01445473002968356
2,256,70.5,0.014545746496878564
2,256,71.5,0.01436447148444131
2,256,72.5,0.01439513301011175
2,256,73.5,0.014533164037857205
2,256,74.5,0.014552268956322223
2,256,75.5,0.014411000011023134
2,256,76.5,0.0144479219452478
2,256,77.5,0.014480151527095586
2,256,78.5,0.014515092014335096
2,256,79.5,0.014572228479664773
2,256,80.5,0.01447404851205647
2,256,81.5,0.014427879534196109
2,256,82.5,0.014422414940781891
2,256,83.5,0.014408042072318494
2,256,84.5,0.014445481938309968
2,256,85.5,0.014316405518911779
2,256,86.5,0.014525243546813726
2,256,87.5,0.014484036946669221
2,256,88.5,0.014358967542648315
2,256,89.5,0.014537276467308402
2,256,90.5,0.014555781031958759
2,256,91.5,0.014441838953644037
2,256,92.5,0.01441844750661403
2,256,93.5,0.014503498037811369
2,256,94.5,0.014479172008577734
2,256,95.5,0.014595228480175138
2,256,96.5,0.01458402001298964
2,256,97.5,0.014460876933299005
2,256,98.5,0.014473418530542403
2,256,99.5,0.0144352464703843
2,256,100.5,0.014558157534338534
2,256,101.5,0.014383459987584502
2,256,102.5,0.014572521031368524
2,256,103.5,0.014531788940075785
2,256,104.5,0.014349063509143889
2,256,105.5,0.014460155041888356
2,256,106.5,0.014490024535916746
2,256,107.5,0.014429342467337847
2,256,108.5,0.014535535010509193
2,256,109.5,0.014619683497585356
2,256,110.5,0.014505161962006241
2,256,111.5,0.014522886485792696
2,256,112.5,0.01440122356871143
2,256,113.5,0.014420298452023417
2,256,114.5,0.014501789002679288
2,256,115.5,0.014518203504849225
2,256,116.5,0.014527349034324288
2,256,117.5,0.014315525011625141
2,256,118.5,0.014226122933905572
2,256,119.5,0.014433820033445954
2,256,120.5,0.014438453479669988
2,256,121.5,0.014600713504478335
2,256,122.5,0.014633981045335531
2,256,123.5,0.014462880440987647
2,256,124.5,0.014344735478516668
2,256,125.5,0.014443529536947608
2,256,126.5,0.014556106470990926
2,256,127.5,0.01443424355238676
2,256,128.5,0.014754278468899429
2,256,129.5,0.01456127199344337
2,256,130.5,0.014195766532793641
2,256,131.5,0.014506159990560263
2,256,132.5,0.01468183402903378
2,256,133.5,0.014249734464101493
2,256,134.5,0.014153719472233206
2,256,135.5,0.014650922559667379
2,256,136.5,0.014708585455082357
2,256,137.5,0.01433925749734044
2,256,138.5,0.014334483013954014
2,256,139.5,0.014485460531432182
2,256,140.5,0.014455121476203203
2,256,141.5,0.014496265503112227
2,256,142.5,0.014696691941935569
2,256,143.5,0.014587525511160493
2,256,144.5,0.01442047453019768
2,256,145.5,0.014427683490794152
2,256,146.5,0.014455041964538395
2,256,147.5,0.014547621016390622
2,256,148.5,0.014338423556182534
2,256,149.5,0.0142858064500615
2,256,150.5,0.014597825531382114
2,256,151.5,0.014640141511335969
2,256,152.5,0.014423377462662756
2,256,153.5,0.014517326548229903
2,256,154.5,0.014557165966834873
2,256,155.5,0.014459871978033334
2,256,156.5,0.014296885987278074
2,256,157.5,0.014470608031842858
2,256,158.5,0.014477811055257916
2,256,159.5,0.014484609477221966
2,256,160.5,0.014543674944434315
2,256,161.5,0.014368080534040928
2,256,162.5,0.0144258450018242
2,256,163.5,0.014490633038803935
2,256,164.5,0.014491613488644361
2,256,165.5,0.014455639466177672
2,256,166.5,0.014466449501924217
2,256,167.5,0.014551303465850651
2,256,168.5,0.014417862053960562
2,256,169.5,0.014515346963889897
2,256,170.5,0.014501799538265914
2,256,171.5,0.014367769472301006
2,256,172.5,0.01460470596794039
2,256,173.5,0.01446163805667311
2,256,174.5,0.014409728988539428
2,256,175.5,0.014457053504884243
2,256,176.5,0.014490805508103222
2,256,177.5,0.01456684700679034
2,256,178.5,0.014409421477466822
2,256,179.5,0.014495679002720863
2,256,180.5,0.014555063447915018
2,256,181.5,0.014474540541414171
2,256,182.5,0.014503052982036024
2,256,183.5,0.01452025753678754
2,256,184.5,0.014310217520687729
2,256,185.5,0.014451157941948622
2,256,186.5,0.014438878046348691
2,256,187.5,0.01443909847876057
2,256,188.5,0.014517916482873261
2,256,189.5,0.014639675559010357
2,256,190.5,0.01447112945606932
2,256,191.5,0.014428061491344124
2,256,192.5,0.014482128957752138
2,256,193.5,0.014324320596642792
2,256,194.5,0.01460016192868352
2,256,195.5,0.014498961565550417
2,256,196.5,0.014485734922345728
2,256,197.5,0.014469879504758865
2,256,198.5,0.014340058551169932
2,256,199.5,0.014583372976630926
2,256,200.5,0.01457396853948012
2,256,201.5,0.01434402697486803
2,256,202.5,0.014434227952733636
2,256,203.5,0.014584141550585628
2,256,204.5,0.014581565978005528
2,256,205.5,0.014441142498981208
2,256,206.5,0.01445421000244096
2,256,207.5,0.014543395023792982
2,256,208.5,0.014552468957845122
2,256,209.5,0.014372677018400282
2,256,210.5,0.014492681017145514
2,256,211.5,0.014504158985801041
2,256,212.5,0.014477161515969783
2,256,213.5,0.014542386459652334
2,256,214.5,0.014530587533954531
2,256,215.5,0.014470325026195496
2,256,216.5,0.014310364960692823
2,256,217.5,0.01443537202430889
2,256,218.5,0.014605442993342876
2,256,219.5,0.014513325004372746
2,256,220.5,0.014414944511372596
2,256,221.5,0.01444263500161469
2,256,222.5,0.0143847955041565
2,256,223.5,0.01439150096848607
2,256,224.5,0.014547245984431356
2,256,225.5,0.014545412035658956
2,256,226.5,0.014479803037829697
2,256,227.5,0.01451569696655497
2,256,228.5,0.014536843518726528
2,256,229.5,0.014454658492468297
2,256,230.5,0.014374603983014822
2,256,231.5,0.014506284438539296
2,256,232.5,0.01447877351893112
2,256,233.5,0.014391608536243439
2,256,234.5,0.014397031511180103
2,256,235.5,0.014433528471272439
2,256,236.5,0.014548153500072658
2,256,237.5,0.014436283556278795
2,256,238.5,0.014550489431712776
2,256,239.5,0.014613277511671185
2,256,240.5,0.01453435147413984
2,256,241.5,0.01444090052973479
2,256,242.5,0.014397634950000793
2,256,243.5,0.014508873573504388
2,256,244.5,0.014519282965920866
2,256,245.5,0.014358769520185888
2,256,246.5,0.01445158594287932
2,256,247.5,0.01451915904181078
2,256,248.5,0.014445840497501194
2,256,249.5,0.014465229527559131
2,256,250.5,0.014618383487686515
2,256,251.5,0.01449702400714159
2,256,252.5,0.014350840996485204
2,256,253.5,0.014572337502613664
2,256,254.5,0.014640357461757958
2,1024,4.5,0.014555311005096883
2,1024,5.5,0.014635434956289828
2,1024,6.5,0.014678449020721018
2,1024,7.5,0.014712031523231417
2,1024,8.5,0.014611365448217839
2,1024,9.5,0.014686078007798642
2,1024,10.5,0.014811682049185038
2,1024,11.5,0.014616684929933399
2,1024,12.5,0.0145468320697546
2,1024,13.5,0.014550139021594077
2,1024,14.5,0.014596690947655588
2,1024,15.5,0.014583534502889961
2,1024,16.5,0.014603107993025333
2,1024,17.5,0.014585526019800454
2,1024,18.5,0.01456246548332274
2,1024,19.5,0.014608215016778558
2,1024,20.5,0.014535847003571689
2,1024,21.5,0.014547196973580867
2,1024,22.5,0.01448721851920709
2,1024,23.5,0.014792778471019119
2,1024,24.5,0.014755507989320904
2,1024,25.5,0.014486451051197946
2,1024,26.5,0.014594283478800207
2,1024,27.5,0.014701935462653637
2,1024,28.5,0.014593261061236262
2,1024,29.5,0.014367312483955175
2,1024,30.5,0.014629086013883352
2,1024,31.5,0.014751609007362276
2,1024,32.5,0.01455267600249499
2,1024,33.5,0.014543206023517996
2,1024,34.5,0.01474994997261092
2,1024,35.5,0.014628629956860095
2,1024,36.5,0.014332819497212768
2,1024,37.5,0.014675508020445704
2,1024,38.5,0.014669551514089108
2,1024,39.5,0.014389735995791852
2,1024,40.5,0.014575043984223157
2,1024,41.5,0.01459077699109912
2,1024,42.5,0.014527259045280516
2,1024,43.5,0.01446523901540786
2,1024,44.5,0.01460899191442877
2,1024,45.5,0.014772586524486542
2,1024,46.5,0.014688461495097727
2,1024,47.5,0.014722183987032622
2,1024,48.5,0.014526140061207116
2,1024,49.5,0.014323083974886686
2,1024,50.5,0.014489898516330868
2,1024,51.5,0.014673758996650577
2,1024,52.5,0.014644746494013816
2,1024,53.5,0.014548415958415717
2,1024,54.5,0.014561022049747407
2,1024,55.5,0.014473981980700046
2,1024,56.5,0.014608006516937166
2,1024,57.5,0.014627692988142371
2,1024,58.5,0.014505515457130969
2,1024,59.5,0.014536712027620524
2,1024,60.5,0.014438618556596339
2,1024,61.5,0.014700094470754266
2,1024,62.5,0.014737815479747951
2,1024,63.5,0.014409137016627938
2,1024,64.5,0.01447921950602904
2,1024,65.5,0.014686111477203667
2,1024,66.5,0.014736440032720566
2,1024,67.5,0.014573543448932469
2,1024,68.5,0.01450535305775702
2,1024,69.5,0.01454526447923854
2,1024,70.5,0.014449910493567586
2,1024,71.5,0.014514992944896221
2,1024,72.5,0.014657045539934188
2,1024,73.5,0.014641135465353727
2,1024,74.5,0.014451482042204589
2,1024,75.5,0.014497060503344983
2,1024,76.5,0.014608308032620698
2,1024,77.5,0.014497033494990319
2,1024,78.5,0.014479280449450016
2,1024,79.5,0.01462932350113988
2,1024,80.5,0.014659119478892535
2,1024,81.5,0.014622868038713932
2,1024,82.5,0.014644018025137484
2,1024,83.5,0.014628502482082695
2,1024,84.5,0.014428381517063826
2,1024,85.5,0.014457014971412718
2,1024,86.5,0.01473061100114137
2,1024,87.5,0.014734808006323874
2,1024,88.5,0.014531563501805067
2,1024,89.5,0.014535388967487961
2,1024,90.5,0.014661386550869793
2,1024,91.5,0.01457245647907257
2,1024,92.5,0.014541240001562983
2,1024,93.5,0.014666136004962027
2,1024,94.5,0.014585755474399775
2,1024,95.5,0.014501797035336494
2,1024,96.5,0.01452909444924444
2,1024,97.5,0.014686479524243623
2,1024,98.5,0.014640634006354958
2,1024,99.5,0.014658235013484955
2,1024,100.5,0.014499509474262595
2,1024,101.5,0.014437381993047893
2,1024,102.5,0.014668427524156868
2,1024,103.5,0.01461739354999736
2,1024,104.5,0.01454779546475038
2,1024,105.5,0.014471790986135602
2,1024,106.5,0.014738042023964226
2,1024,107.5,0.0146397509961389
2,1024,108.5,0.014407198468688875
2,1024,109.5,0.01450177951483056
2,1024,110.5,0.014614178508054465
2,1024,111.5,0.014675994985736907
2,1024,112.5,0.014466150023508817
2,1024,113.5,0.014489818480797112
2,1024,114.5,0.014556990470737219
2,1024,115.5,0.0148934994940646
2,1024,116.5,0.014587976038455963
2,1024,117.5,0.014220942510291934
2,1024,118.5,0.014725352521054447
2,1024,119.5,0.014733863004948944
2,1024,120.5,0.014597750443499535
2,1024,121.5,0.014463243016507477
2,1024,122.5,0.014486300002317876
2,1024,123.5,0.014600970491301268
2,1024,124.5,0.014496612013317645
2,1024,125.5,0.014579653507098556
2,1024,126.5,0.014515496033709496
2,1024,127.5,0.014786194486077875
2,1024,128.5,0.014654636441264302
2,1024,129.5,0.014394537545740604
2,1024,130.5,0.014468451030552387
2,1024,131.5,0.014582026924472302
2,1024,132.5,0.014584550051949918
2,1024,133.5,0.014740559447091073
2,1024,134.5,0.01484460401115939
2,1024,135.5,0.01445821498055011
2,1024,136.5,0.014663429057691246
2,1024,137.5,0.014628221513703465
2,1024,138.5,0.014260834490414709
2,1024,139.5,0.014439287944696844
2,1024,140.5,0.014735167031176388
2,1024,141.5,0.014879855036269873
2,1024,142.5,0.014520568423904479
2,1024,143.5,0.014448013040237129
2,1024,144.5,0.014711392519529909
2,1024,145.5,0.014413560973480344
2,1024,146.5,0.014545207028277218
2,1024,147.5,0.01476813096087426
2,1024,148.5,0.01485612551914528
2,1024,149.5,0.01439652597764507
2,1024,150.5,0.014434433018323034
2,1024,151.5,0.01472715800628066
2,1024,152.5,0.014417675498407334
2,1024,153.5,0.014414187462534755
2,1024,154.5,0.014585722528863698
2,1024,155.5,0.01465313951484859
2,1024,156.5,0.014617972017731518
2,1024,157.5,0.014687811490148306
2,1024,158.5,0.01466295396676287
2,1024,159.5,0.014541988493874669
2,1024,160.5,0.014622110000345856
2,1024,161.5,0.014560424024239182
2,1024,162.5,0.014407295966520905
2,1024,163.5,0.01452592300483957
2,1024,164.5,0.014671630517113954
2,1024,165.5,0.014907706470694393
2,1024,166.5,0.014472961076535285
2,1024,167.5,0.014374626451171935
2,1024,168.5,0.014662939473055303
2,1024,169.5,0.014646072522737086
2,1024,170.5,0.014845660014543682
2,1024,171.5,0.01439622399630025
2,1024,172.5,0.014249932544771582
2,1024,173.5,0.014519974938593805
2,1024,174.5,0.014671964047010988
2,1024,175.5,0.014678333012852818
2,1024,176.5,0.01472253748215735
2,1024,177.5,0.014753158437088132
2,1024,178.5,0.014489117544144392
2,1024,179.5,0.014614070998504758
2,1024,180.5,0.014422079955693334
2,1024,181.5,0.01455248158890754
2,1024,182.5,0.014596866443753242
2,1024,183.5,0.014420844963751733
2,1024,184.5,0.0144980275654234
2,1024,185.5,0.01487634947989136
2,1024,186.5,0.014646478986833245
2,1024,187.5,0.014375964063219726
2,1024,188.5,0.014755213458556682
2,1024,189.5,0.014635737519711256
2,1024,190.5,0.014546388469170779
2,1024,191.5,0.014590404985938221
2,1024,192.5,0.014815567468758672
2,1024,193.5,0.014634881576057523
2,1024,194.5,0.014219106989912689
2,1024,195.5,0.014479406992904842
2,1024,196.5,0.01462328847264871
2,1024,197.5,0.014574880537111312
2,1024,198.5,0.014506812440231442
2,1024,199.5,0.014639647037256509
2,1024,200.5,0.014742491010110825
2,1024,201.5,0.014571596460882574
2,1024,202.5,0.014594172069337219
2,1024,203.5,0.014685356989502907
2,1024,204.5,0.01449861447326839
2,1024,205.5,0.014476543525233865
2,1024,206.5,0.014548977953381836
2,1024,207.5,0.014640927489381284
2,1024,208.5,0.014704531524330378
2,1024,209.5,0.014476776530500501
2,1024,210.5,0.014427485992200673
2,1024,211.5,0.014723087486345321
2,1024,212.5,0.01482232945272699
2,1024,213.5,0.014765009575057775
2,1024,214.5,0.014393278455827385
2,1024,215.5,0.0143833770416677
2,1024,216.5,0.014783314021769911
2,1024,217.5,0.014660691900644451
2,1024,218.5,0.014628907549194992
2,1024,219.5,0.014666846487671137
2,1024,220.5,0.014517299016006291
2,1024,221.5,0.01437066396465525
2,1024,222.5,0.014576657500583678
2,1024,223.5,0.014860453025903553
2,1024,224.5,0.014504256483633071
2,1024,225.5,0.014339748537167907
2,1024,226.5,0.014650786470156163
2,1024,227.5,0.014580910501535982
2,1024,228.5,0.01458196749445051
2,1024,229.5,0.01462365553015843
2,1024,230.5,0.014549339946825057
2,1024,231.5,0.014669391559436917
2,1024,232.5,0.014461919956374913
2,1024,233.5,0.014979604980908334
2,1024,234.5,0.014750741072930396
2,1024,235.5,0.014128847979009151
2,1024,236.5,0.014629728975705802
2,1024,237.5,0.014624483010265976
2,1024,238.5,0.01445576548576355
2,1024,239.5,0.014318155008368194
2,1024,240.5,0.01475554401986301
2,1024,241.5,0.01469454198377207
2,1024,242.5,0.01438448450062424
2,1024,243.5,0.014650004042778164
2,1024,244.5,0.014741470979060978
2,1024,245.5,0.014504474529530853
2,1024,246.5,0.01458958542207256
2,1024,247.5,0.01471484953071922
2,1024,248.5,0.0145447165123187
2,1024,249.5,0.014406185015104711
2,1024,250.5,0.014637227461207658
2,1024,251.5,0.014700171537697315
2,1024,252.5,0.014501966012176126
2,1024,253.5,0.014557522954419255
2,1024,254.5,0.014848221966531128
2,4096,4.5,0.01489561004564166
2,4096,5.5,0.014815154485404491
2,4096,6.5,0.014961066946852952
2,4096,7.5,0.014897129556629807
2,4096,8.5,0.014830990985501558
2,4096,9.5,0.014760873513296247
2,4096,10.5,0.014632594480644912
2,4096,11.5,0.014755306008737534
2,4096,12.5,0.014759745972696692
2,4096,13.5,0.014769102563150227
2,4096,14.5,0.01487383694620803
2,4096,15.5,0.014924613991752267
2,4096,16.5,0.014853112515993416
2,4096,17.5,0.014808496518526226
2,4096,18.5,0.014605025004129857
2,4096,19.5,0.014639341505244374
2,4096,20.5,0.015029819449409842
2,4096,21.5,0.014949962554965168
2,4096,22.5,0.014550793508533388
2,4096,23.5,0.014647978474386036
2,4096,24.5,0.01476571400417015
2,4096,25.5,0.014596888970118016
2,4096,26.5,0.014705870067700744
2,4096,27.5,0.014968745992518961
2,4096,28.5,0.014761010475922376
2,4096,29.5,0.014723192492965609
2,4096,30.5,0.014688034483697265
2,4096,31.5,0.014845238532871008
2,4096,32.5,0.014764645951800048
2,4096,33.5,0.014660068554803729
2,4096,34.5,0.014832035987637937
2,4096,35.5,0.014780750498175621
2,4096,36.5,0.014740858983714134
2,4096,37.5,0.014607427001465112
2,4096,38.5,0.014850224019028246
2,4096,39.5,0.014748997986316681
2,4096,40.5,0.014676950464490801
2,4096,41.5,0.0147934730630368
2,4096,42.5,0.014749397931154817
2,4096,43.5,0.014716175035573542
2,4096,44.5,0.014622751041315496
2,4096,45.5,0.014820790966041386
2,4096,46.5,0.014804347010795027
2,4096,47.5,0.014723647444043308
2,4096,48.5,0.014914592553395778
2,4096,49.5,0.014759325480554253
2,4096,50.5,0.014848438033368438
2,4096,51.5,0.014722867461387068
2,4096,52.5,0.014465409505646676
2,4096,53.5,0.014725451008416712
2,4096,54.5,0.014779062999878079
2,4096,55.5,0.014839347975794226
2,4096,56.5,0.01494076504604891
2,4096,57.5,0.014806723513174802
2,4096,58.5,0.014595492975786328
2,4096,59.5,0.014767204003874213
2,4096,60.5,0.014784334984142333
2,4096,61.5,0.01455544651253149
2,4096,62.5,0.01484844199148938
2,4096,63.5,0.0149142459849827
2,4096,64.5,0.01468167849816382
2,4096,65.5,0.014647235977463424
2,4096,66.5,0.014706629561260343
2,4096,67.5,0.014826596423517913
2,4096,68.5,0.014756851538550109
2,4096,69.5,0.014729846036061645
2,4096,70.5,0.014733107469510287
2,4096,71.5,0.01473692199215293
2,4096,72.5,0.014802043559029698
2,4096,73.5,0.014830006461124867
2,4096,74.5,0.014739849953912199
2,4096,75.5,0.01488385401898995
2,4096,76.5,0.014845154073555022
2,4096,77.5,0.014645858493167907
2,4096,78.5,0.014668213960248977
2,4096,79.5,0.014760909019969404
2,4096,80.5,0.014895878965035081
2,4096,81.5,0.014828595973085612
2,4096,82.5,0.014819125062786043
2,4096,83.5,0.014746254484634846
2,4096,84.5,0.014657570980489254
2,4096,85.5,0.014770156994927675
2,4096,86.5,0.014745239517651498
2,4096,87.5,0.014652453479357064
2,4096,88.5,0.014648781041614711
2,4096,89.5,0.014769768982660025
2,4096,90.5,0.014718673483002931
2,4096,91.5,0.014694446057546884
2,4096,92.5,0.014936067454982549
2,4096,93.5,0.014711581461597234
2,4096,94.5,0.014667277573607862
2,4096,95.5,0.014814295980613679
2,4096,96.5,0.01483779598493129
2,4096,97.5,0.014737963967490941
2,4096,98.5,0.014675322570838034
2,4096,99.5,0.01483403448946774
2,4096,100.5,0.014721305982675403
2,4096,101.5,0.014762877486646175
2,4096,102.5,0.014843786950223148
2,4096,103.5,0.0146509965416044
2,4096,104.5,0.01465071301208809
2,4096,105.5,0.014801239012740552
2,4096,106.5,0.014815688482485712
2,4096,107.5,0.014796129544265568
2,4096,108.5,0.014871339430101216
2,4096,109.5,0.014855653047561646
2,4096,110.5,0.014655126491561532
2,4096,111.5,0.01457869098521769
2,4096,112.5,0.0149006835417822
2,4096,113.5,0.01491242746124044
2,4096,114.5,0.014575648470781744
2,4096,115.5,0.01474052353296429
2,4096,116.5,0.014715314959175885
2,4096,117.5,0.014765364001505077
2,4096,118.5,0.014886656543239951
2,4096,119.5,0.014899781963322312
2,4096,120.5,0.014792254543863237
2,4096,121.5,0.014591668441426009
2,4096,122.5,0.014578567061107606
2,4096,123.5,0.014886474993545562
2,4096,124.5,0.014856260502710938
2,4096,125.5,0.014548205479513854
2,4096,126.5,0.014711961499415338
2,4096,127.5,0.014626271033193916
2,4096,128.5,0.01489933644188568
2,4096,129.5,0.014946117531508207
2,4096,130.5,0.014718484017066658
2,4096,131.5,0.014582297997549176
2,4096,132.5,0.014656841987743974
2,4096,133.5,0.014855086046736687
2,4096,134.5,0.01468918047612533
2,4096,135.5,0.014936876017600298
2,4096,136.5,0.01489896496059373
2,4096,137.5,0.014770031499210745
2,4096,138.5,0.014741202001459897
2,4096,139.5,0.014650394965428859
2,4096,140.5,0.01462235301733017
2,4096,141.5,0.014857534493785352
2,4096,142.5,0.014970575517509133
2,4096,143.5,0.014763251529075205
2,4096,144.5,0.014855740999337286
2,4096,145.5,0.014667041948996484
2,4096,146.5,0.014864608005154878
2,4096,147.5,0.015019588521681726
2,4096,148.5,0.014759018027689308
2,4096,149.5,0.014591036480851471
2,4096,150.5,0.014661672932561487
2,4096,151.5,0.014875272521749139
2,4096,152.5,0.014797258540056646
2,4096,153.5,0.014616122003644705
2,4096,154.5,0.014713148993905634
2,4096,155.5,0.01480992347933352
2,4096,156.5,0.014620389032643288
2,4096,157.5,0.015000476501882076
2,4096,158.5,0.01504113047849387
2,4096,159.5,0.014566004509106278
2,4096,160.5,0.014756442978978157
2,4096,161.5,0.014862178009934723
2,4096,162.5,0.01480890903621912
2,4096,163.5,0.014545129961334169
2,4096,164.5,0.01472431852016598
2,4096,165.5,0.014942434965632856
2,4096,166.5,0.014759663492441177
2,4096,167.5,0.014619078021496534
2,4096,168.5,0.014709722017869353
2,4096,169.5,0.014902971452102065
2,4096,170.5,0.014694819052238017
2,4096,171.5,0.01490658096736297
2,4096,172.5,0.014721436484251171
2,4096,173.5,0.014740425569470972
2,4096,174.5,0.014773889444768429
2,4096,175.5,0.01473258901387453
2,4096,176.5,0.014593638014048338
2,4096,177.5,0.014985417481511831
2,4096,178.5,0.01491972105577588
2,4096,179.5,0.014406385482288897
2,4096,180.5,0.014825153979472816
2,4096,181.5,0.014773094968404621
2,4096,182.5,0.014751615992281586
2,4096,183.5,0.014562211523298174
2,4096,184.5,0.014867799531202763
2,4096,185.5,0.014984396460931748
2,4096,186.5,0.014687878487166017
2,4096,187.5,0.014627390075474977
2,4096,188.5,0.014611424005124718
2,4096,189.5,0.014801999961491674
2,4096,190.5,0.014706627989653498
2,4096,191.5,0.014758742996491492
2,4096,192.5,0.0148765750345774
2,4096,193.5,0.014813857444096357
2,4096,194.5,0.014788867498282343
2,4096,195.5,0.014898785972036421
2,4096,196.5,0.01469880755757913
2,4096,197.5,0.014507244515698403
2,4096,198.5,0.014777055475860834
2,4096,199.5,0.014911158476024866
2,4096,200.5,0.014754011062905192
2,4096,201.5,0.014889306970871985
2,4096,202.5,0.01473421644186601
2,4096,203.5,0.014681265049148351
2,4096,204.5,0.014799896976910532
2,4096,205.5,0.014895640022587031
2,4096,206.5,0.014938080974388868
2,4096,207.5,0.014608435041736811
2,4096,208.5,0.01450066699180752
2,4096,209.5,0.014659518492408097
2,4096,210.5,0.014865915523841977
2,4096,211.5,0.014861544943414629
2,4096,212.5,0.01469783904030919
2,4096,213.5,0.014829459483735263
2,4096,214.5,0.014961489534471184
2,4096,215.5,0.014609623001888394
2,4096,216.5,0.014740155485924333
2,4096,217.5,0.014833180990535766
2,4096,218.5,0.014895747473929077
2,4096,219.5,0.014795663999393582
2,4096,220.5,0.014669983007479459
2,4096,221.5,0.014921459485776722
2,4096,222.5,0.014814232068601996
2,4096,223.5,0.014568192418664694
2,4096,224.5,0.014646832016296685
2,4096,225.5,0.014932949561625719
2,4096,226.5,0.014816818991675973
2,4096,227.5,0.01475418044719845
2,4096,228.5,0.014695637510158122
2,4096,229.5,0.01480572548462078
2,4096,230.5,0.014758564007934183
2,4096,231.5,0.014652082521934062
2,4096,232.5,0.014875193475745618
2,4096,233.5,0.014776019495911896
2,4096,234.5,0.014826424070633948
2,4096,235.5,0.014851871936116368
2,4096,236.5,0.014727069530636072
2,4096,237.5,0.014733397983945906
2,4096,238.5,0.014612143044359982
2,4096,239.5,0.014905121410265565
2,4096,240.5,0.014905227057170123
2,4096,241.5,0.014546122518368065
2,4096,242.5,0.01472897146595642
2,4096,243.5,0.014644470007624477
2,4096,244.5,0.014814459951594472
2,4096,245.5,0.014989775081630796
2,4096,246.5,0.014749020512681454
2,4096,247.5,0.014660403947345912
2,4096,248.5,0.014756957010831684
2,4096,249.5,0.015116923488676548
2,4096,250.5,0.014775334508158267
2,4096,251.5,0.014447517518419772
2,4096,252.5,0.014843509532511234
2,4096,253.5,0.014733711956068873
2,4096,254.5,0.014833007007837296
2,6144,4.5,0.015276662539690733
2,6144,5.5,0.015115115500520915
2,6144,6.5,0.014904677984304726
2,6144,7.5,0.014970377029385418
2,6144,8.5,0.015218137472402304
2,6144,9.5,0.015019747545011342
2,6144,10.5,0.014913552964571863
2,6144,11.5,0.014756515040062368
2,6144,12.5,0.015015844430308789
2,6144,13.5,0.014893810031935573
2,6144,14.5,0.01479060749989003
2,6144,15.5,0.015059146971907467
2,6144,16.5,0.01497876801295206
2,6144,17.5,0.014922321017365903
2,6144,18.5,0.01500362396473065
2,6144,19.5,0.015124290541280061
2,6144,20.5,0.0144729059538804
2,6144,21.5,0.014920337009243667
2,6144,22.5,0.014897148474119604
2,6144,23.5,0.015161656017880887
2,6144,24.5,0.01504362904233858
2,6144,25.5,0.014886366960126907
2,6144,26.5,0.014875656052026898
2,6144,27.5,0.015059193479828537
2,6144,28.5,0.014620532980188727
2,6144,29.5,0.015243544476106763
2,6144,30.5,0.01499888050602749
2,6144,31.5,0.014603657531552017
2,6144,32.5,0.015074229973834008
2,6144,33.5,0.014907550532370806
2,6144,34.5,0.014839129464235157
2,6144,35.5,0.015050853020511568
2,6144,36.5,0.014327750483062118
2,6144,37.5,0.015233318961691111
2,6144,38.5,0.014914674044121057
2,6144,39.5,0.015138025511987507
2,6144,40.5,0.0146095544914715
2,6144,41.5,0.014911986014340073
2,6144,42.5,0.014671748504042625
2,6144,43.5,0.014891436498146504
2,6144,44.5,0.015169919992331415
2,6144,45.5,0.014614537998568267
2,6144,46.5,0.014921750000212342
2,6144,47.5,0.014966668502893299
2,6144,48.5,0.015126893005799502
2,6144,49.5,0.0148333425167948
2,6144,50.5,0.014959551976062357
2,6144,51.5,0.014530180487781763
2,6144,52.5,0.01514844101620838
2,6144,53.5,0.015204767987597734
2,6144,54.5,0.0148829345125705
2,6144,55.5,0.014441129518672824
2,6144,56.5,0.01484276249539107
2,6144,57.5,0.015034520474728197
2,6144,58.5,0.015206769050564617
2,6144,59.5,0.01474597497144714
2,6144,60.5,0.015212917525786906
2,6144,61.5,0.017257688974495977
2,6144,62.5,0.012373911973554641
2,6144,63.5,0.014752850460354239
2,6144,64.5,0.0148589420132339
2,6144,65.5,0.014963439025450498
2,6144,66.5,0.015013480500783771
2,6144,67.5,0.014750461501535028
2,6144,68.5,0.014972931996453553
2,6144,69.5,0.01484844199148938
2,6144,70.5,0.014856532507110387
2,6144,71.5,0.015088028507307172
2,6144,72.5,0.014980560052208602
2,6144,73.5,0.014538103947415948
2,6144,74.5,0.015478999994229525
2,6144,75.5,0.014682827983051538
2,6144,76.5,0.014763721032068133
2,6144,77.5,0.015113607980310917
2,6144,78.5,0.014832673536147922
2,6144,79.5,0.014865200966596603
2,6144,80.5,0.014667780487798154
2,6144,81.5,0.015105279046110809
2,6144,82.5,0.01491884101415053
2,6144,83.5,0.014858774957247078
2,6144,84.5,0.014950976008549333
2,6144,85.5,0.01502837601583451
2,6144,86.5,0.014803954982198775
2,6144,87.5,0.014971185999456793
2,6144,88.5,0.014845233992673457
2,6144,89.5,0.015001284482423216
2,6144,90.5,0.014870457525830716
2,6144,91.5,0.014723491971381009
2,6144,92.5,0.014924130053259432
2,6144,93.5,0.01513907196931541
2,6144,94.5,0.014704560511745512
2,6144,95.5,0.015095118491444737
2,6144,96.5,0.014789736538659781
2,6144,97.5,0.015024888445623219
2,6144,98.5,0.014852038526441902
2,6144,99.5,0.015004823508206755
2,6144,100.5,0.014785661012865603
2,6144,101.5,0.014989461982622743
2,6144,102.5,0.014968912524636835
2,6144,103.5,0.014817821444012225
2,6144,104.5,0.014855202520266175
2,6144,105.5,0.015184908988885581
2,6144,106.5,0.014760501973796636
2,6144,107.5,0.014738647558260709
2,6144,108.5,0.014834286994300783
2,6144,109.5,0.015250838012434542
2,6144,110.5,0.014462049934081733
2,6144,111.5,0.015180364076513797
2,6144,112.5,0.015062836464494467
2,6144,113.5,0.014720433508045971
2,6144,114.5,0.014827920007519424
2,6144,115.5,0.015116844966541976
2,6144,116.5,0.014537474024109542
2,6144,117.5,0.014898298482876271
2,6144,118.5,0.015124714467674494
2,6144,119.5,0.01487603154964745
2,6144,120.5,0.014881909010000527
2,6144,121.5,0.015342208498623222
2,6144,122.5,0.01449871645309031
2,6144,123.5,0.01483243505936116
2,6144,124.5,0.014912426471710205
2,6144,125.5,0.014877998502925038
2,6144,126.5,0.015169931983109564
2,6144,127.5,0.014728302019648254
2,6144,128.5,0.014888669014908373
2,6144,129.5,0.015297208505216986
2,6144,130.5,0.014603189483750612
2,6144,131.5,0.01493170449975878
2,6144,132.5,0.014829882013145834
2,6144,133.5,0.014922495000064373
2,6144,134.5,0.014950399461667985
2,6144,135.5,0.015312828996684402
2,6144,136.5,0.0145472704898566
2,6144,137.5,0.014895736530888826
2,6144,138.5,0.014910250494722277
2,6144,139.5,0.015082127996720374
2,6144,140.5,0.014756346470676363
2,6144,141.5,0.015114537556655705
2,6144,142.5,0.01476722548250109
2,6144,143.5,0.015076049487106502
2,6144,144.5,0.014901279006153345
2,6144,145.5,0.014979521976783872
2,6144,146.5,0.01496772503014654
2,6144,147.5,0.015019940969068557
2,6144,148.5,0.014694156008772552
2,6144,149.5,0.014799378986936063
2,6144,150.5,0.015127122052945197
2,6144,151.5,0.014777438482269645
2,6144,152.5,0.01533765101339668
2,6144,153.5,0.014511155488435179
2,6144,154.5,0.01509840996004641
2,6144,155.5,0.014711031515616924
2,6144,156.5,0.015322712541092187
2,6144,157.5,0.014583017502445728
2,6144,158.5,0.01534254796570167
2,6144,159.5,0.014482239028438926
2,6144,160.5,0.014887407014612108
2,6144,161.5,0.014931383426301181
2,6144,162.5,0.014894101535901427
2,6144,163.5,0.015062025981023908
2,6144,164.5,0.014857301022857428
2,6144,165.5,0.014955842052586377
2,6144,166.5,0.015072047419380397
2,6144,167.5,0.014917221560608596
2,6144,168.5,0.014974299469031394
2,6144,169.5,0.014698315528221428
2,6144,170.5,0.014819179486948997
2,6144,171.5,0.014987056492827833
2,6144,172.5,0.014927219017408788
2,6144,173.5,0.015019792423117906
2,6144,174.5,0.014983284578192979
2,6144,175.5,0.014982607506681234
2,6144,176.5,0.014857651432976127
2,6144,177.5,0.014798903546761721
2,6144,178.5,0.014923796989023685
2,6144,179.5,0.015263442997820675
2,6144,180.5,0.01461373153142631
2,6144,181.5,0.014927832002285868
2,6144,182.5,0.014963881461881101
2,6144,183.5,0.014856858470011503
2,6144,184.5,0.014971534023061395
2,6144,185.5,0.015190056525170803
2,6144,186.5,0.014785724983084947
2,6144,187.5,0.01522550848312676
2,6144,188.5,0.014922204543836415
2,6144,189.5,0.01458086195634678
2,6144,190.5,0.014963565510697663
2,6144,191.5,0.01507174753351137
2,6144,192.5,0.01495281292591244
2,6144,193.5,0.014929355587810278
2,6144,194.5,0.014835960464552045
2,6144,195.5,0.014997785503510386
2,6144,196.5,0.014930523990187794
2,6144,197.5,0.01474518550094217
2,6144,198.5,0.014911245496477932
2,6144,199.5,0.01520420954329893
2,6144,200.5,0.014764174935407937
2,6144,201.5,0.014902043039910495
2,6144,202.5,0.0148079824866727
2,6144,203.5,0.015084605489391834
2,6144,204.5,0.014847139012999833
2,6144,205.5,0.014915439998731017
2,6144,206.5,0.015008699498139322
2,6144,207.5,0.014967069029808044
2,6144,208.5,0.014794007467571646
2,6144,209.5,0.014949951961170882
2,6144,210.5,0.014871349034365267
2,6144,211.5,0.014957687992136925
2,6144,212.5,0.014857130008749664
2,6144,213.5,0.014933034544810653
2,6144,214.5,0.014933595433831215
2,6144,215.5,0.01516263047233224
2,6144,216.5,0.01489308656891808
2,6144,217.5,0.014865037985146046
2,6144,218.5,0.015009120514150709
2,6144,219.5,0.015169377496931702
2,6144,220.5,0.01479708799161017
2,6144,221.5,0.014984352455940098
2,6144,222.5,0.014834145025815815
2,6144,223.5,0.014923602517228574
2,6144,224.5,0.014909810503013432
2,6144,225.5,0.014904316456522793
2,6144,226.5,0.014959498541429639
2,6144,227.5,0.014904765470419079
2,6144,228.5,0.014842975477222353
2,6144,229.5,0.015228911535814404
2,6144,230.5,0.014823458972387016
2,6144,231.5,0.014916994550731033
2,6144,232.5,0.014888471516314894
2,6144,233.5,0.015206049429252744
2,6144,234.5,0.014706884510815144
2,6144,235.5,0.014871812018100172
2,6144,236.5,0.014936591498553753
2,6144,237.5,0.01496312947710976
2,6144,238.5,0.014787306019570678
2,6144,239.5,0.014937209547497332
2,6144,240.5,0.015269858995452523
2,6144,241.5,0.014768714958336204
2,6144,242.5,0.014832535525783896
2,6144,243.5,0.014855871035251766
2,6144,244.5,0.015065360465086997
2,6144,245.5,0.014800348493736237
2,6144,246.5,0.015279477986041456
2,6144,247.5,0.01456433953717351
2,6144,248.5,0.015222494432237
2,6144,249.5,0.015034686075523496
2,6144,250.5,0.014395927486475557
2,6144,251.5,0.015144906472414732
2,6144,252.5,0.014946112991310656
2,6144,253.5,0.0151932985172607
2,6144,254.5,0.015384903002995998
4,64,5.25,0.014523427002131939
4,64,6.25,0.014964392001274973
4,64,7.25,0.014904700452461839
4,64,8.25,0.014691561053041369
4,64,9.25,0.014589674945455045
4,64,10.25,0.014716852514538914
4,64,11.25,0.01494545949390158
4,64,12.25,0.014669988537207246
4,64,13.25,0.014733875985257328
4,64,14.25,0.01489462546305731
4,64,15.25,0.01475557847879827
4,64,16.25,0.01445007452275604
4,64,17.25,0.015020435501355678
4,64,18.25,0.014550843043252826
4,64,19.25,0.014623127470258623
4,64,20.25,0.015101997007150203
4,64,21.25,0.014399793988559395
4,64,22.25,0.01444783346960321
4,64,23.25,0.015345555497333407
4,64,24.25,0.014412655495107174
4,64,25.25,0.01488172949757427
4,64,26.25,0.014575028500985354
4,64,27.25,0.014771539019420743
4,64,28.25,0.014630349993240088
4,64,29.25,0.014550851949024945
4,64,30.25,0.014796380011830479
4,64,31.25,0.014674834033939987
4,64,32.25,0.014792074973229319
4,64,33.25,0.014557529531884938
4,64,34.25,0.014903677045367658
4,64,35.25,0.014724345062859356
4,64,36.25,0.014815589471254498
4,64,37.25,0.014979862957261503
4,64,38.25,0.014292533975094557
4,64,39.25,0.014768853492569178
4,64,40.25,0.014536307484377176
4,64,41.25,0.014761035505216569
4,64,42.25,0.015223300026264042
4,64,43.25,0.01410134049365297
4,64,44.25,0.014820408541709185
4,64,45.25,0.01458409201586619
4,64,46.25,0.014821270480751991
4,64,47.25,0.014754413976334035
4,64,48.25,0.01498901448212564
4,64,49.25,0.014484178507700562
4,64,50.25,0.014883592491969466
4,64,51.25,0.014528456493280828
4,64,52.25,0.014814228925388306
4,64,53.25,0.014390204043593258
4,64,54.25,0.01505526399705559
4,64,55.25,0.014284275472164154
4,64,56.25,0.014699888532049954
4,64,57.25,0.014847088954411447
4,64,58.25,0.014568280021194369
4,64,59.25,0.014786975050810724
4,64,60.25,0.014893179468344897
4,64,61.25,0.014725091983564198
4,64,62.25,0.014598850044421852
4,64,63.25,0.01511751499492675
4,64,64.25,0.014552947075571865
4,64,65.25,0.015043649997096509
4,64,66.25,0.01499377895379439
4,64,67.25,0.014365122013259679
4,64,68.25,0.015127575432416052
4,64,69.25,0.014966581016778946
4,64,70.25,0.014739066478796303
4,64,71.25,0.014920095971319824
4,64,72.25,0.014749188558198512
4,64,73.25,0.014646131487097591
4,64,74.25,0.014946751936804503
4,64,75.25,0.014888575591612607
4,64,76.25,0.01503915642388165
4,64,77.25,0.01445428654551506
4,64,78.25,0.015408792009111494
4,64,79.25,0.014350274519529194
4,64,80.25,0.015019621991086751
4,64,81.25,0.014806444523856044
4,64,82.25,0.015059960016515106
4,64,83.25,0.014854083012323827
4,64,84.25,0.014690104930195957
4,64,85.25,0.015125691017601639
4,64,86.25,0.014653954014647752
4,64,87.25,0.014811408007517457
4,64,88.25,0.015307959460187703
4,64,89.25,0.01479063049191609
4,64,90.25,0.014547116996254772
4,64,91.25,0.015085402526892722
4,64,92.25,0.014756662480067462
4,64,93.25,0.014814628986641765
4,64,94.25,0.01498428703052923
4,64,95.25,0.014660995511803776
4,64,96.25,0.014957292471081018
4,64,97.25,0.014864456024952233
4,64,98.25,0.015160248498432338
4,64,99.25,0.014576414483599365
4,64,100.25,0.014636812498793006
4,64,101.25,0.015244684007484466
4,64,102.25,0.014605933974962682
4,64,103.25,0.015078726573847234
4,64,104.25,0.014699200983159244
4,64,105.25,0.01497748401015997
4,64,106.25,0.014876337023451924
4,64,107.25,0.015176784014329314
4,64,108.25,0.014467775938101113
4,64,109.25,0.014914710074663162
4,64,110.25,0.01490486494731158
4,64,111.25,0.014896418550051749
4,64,112.25,0.014667879964690655
4,64,113.25,0.014857251022476703
4,64,114.25,0.015006118454039097
4,64,115.25,0.014906566007994115
4,64,116.25,0.014656335057225078
4,64,117.25,0.015028072986751795
4,64,118.25,0.015053673065267503
4,64,119.25,0.01468018040759489
4,64,120.25,0.014778326556552202
4,64,121.25,0.014972170523833483
4,64,122.25,0.014978519990108907
4,64,123.25,0.014553464483469725
4,64,124.25,0.015327303495723754
4,64,125.25,0.01463702047476545
4,64,126.25,0.014704422559589148
4,64,127.25,0.01507421548012644
4,64,128.25,0.014664332033134997
4,64,129.25,0.015368055028375238
4,64,130.25,0.022250173962675035
4,64,131.25,0.007353425491601229
4,64,132.25,0.014662806002888829
4,64,133.25,0.014943465474061668
4,64,134.25,0.014649540942627937
4,64,135.25,0.014875017979647964
4,64,136.25,0.014813245041295886
4,64,137.25,0.015047981461975724
4,64,138.25,0.014854651526547968
4,64,139.25,0.01502867101226002
4,64,140.25,0.014653620484750718
4,64,141.25,0.014633925980888307
4,64,142.25,0.015031182032544166
4,64,143.25,0.014930795528925955
4,64,144.25,0.01482977595878765
4,64,145.25,0.01475797506282106
4,64,146.25,0.015006966481450945
4,64,147.25,0.014792856003623456
4,64,148.25,0.014903635485097766
4,64,149.25,0.014798672520555556
4,64,150.25,0.014890331018250436
4,64,151.25,0.014855620975140482
4,64,152.25,0.014951356512028724
4,64,153.25,0.014921989059075713
4,64,154.25,0.014742528495844454
4,64,155.25,0.014923271490260959
4,64,156.25,0.015162287978455424
4,64,157.25,0.01451408350840211
4,64,158.25,0.015139593451749533
4,64,159.25,0.014743728970643133
4,64,160.25,0.01470464450540021
4,64,161.25,0.014861195522826165
4,64,162.25,0.014880249975249171
4,64,163.25,0.014896787994075567
4,64,164.25,0.015035131538752466
4,64,165.25,0.014684266468975693
4,64,166.25,0.014812353474553674
4,64,167.25,0.015238655498251319
4,64,168.25,0.01465634594205767
4,64,169.25,0.015009311493486166
4,64,170.25,0.014587263518478721
4,64,171.25,0.015224844042677432
4,64,172.25,0.014617012930102646
4,64,173.25,0.014964683970902115
4,64,174.25,0.014710787043441087
4,64,175.25,0.01501488097710535
4,64,176.25,0.014918839035090059
4,64,177.25,0.014817988499999046
4,64,178.25,0.014790247951168567
4,64,179.25,0.015312378527596593
4,64,180.25,0.014363833528477699
4,64,181.25,0.014921860012691468
4,64,182.25,0.014791612979024649
4,64,183.25,0.01528277900069952
4,64,184.25,0.014646013034507632
4,64,185.25,0.014672788034658879
4,64,186.25,0.015039457008242607
4,64,187.25,0.014922824513632804
4,64,188.25,0.014882406045217067
4,64,189.25,0.01507928897626698
4,64,190.25,0.014971133030485362
4,64,191.25,0.014463091443758458
4,64,192.25,0.015114170033484697
4,64,193.25,0.015079036471433938
4,64,194.25,0.01460300845792517
4,64,195.25,0.015099455020390451
4,64,196.25,0.015085225983057171
4,64,197.25,0.014915388019289821
4,64,198.25,0.014816638547927141
4,64,199.25,0.014934822043869644
4,64,200.25,0.0154138965299353
4,64,201.25,0.014588822436053306
4,64,202.25,0.014927643002010882
4,64,203.25,0.014684886031318456
4,64,204.25,0.015050681540742517
4,64,205.25,0.01498546201037243
4,64,206.25,0.015066332998685539
4,64,207.25,0.01488525397144258
4,64,208.25,0.014711143041495234
4,64,209.25,0.01487271802034229
4,64,210.25,0.015045921492855996
4,64,211.25,0.015050210990011692
4,64,212.25,0.014904342999216169
4,64,213.25,0.014966774499043822
4,64,214.25,0.014788563537877053
4,64,215.25,0.015056625474244356
4,64,216.25,0.014750106493011117
4,64,217.25,0.015031909511890262
4,64,218.25,0.014947714051231742
4,64,219.25,0.014717165497131646
4,64,220.25,0.01501955249113962
4,64,221.25,0.014979386469349265
4,64,222.25,0.01478111551841721
4,64,223.25,0.014606024022214115
4,64,224.25,0.015427481499500573
4,64,225.25,0.014918113476596773
4,64,226.25,0.014401888533029705
4,64,227.25,0.01533695193938911
4,64,228.25,0.014794173010159284
4,64,229.25,0.014958972984459251
4,64,230.25,0.01514531800057739
4,64,231.25,0.014910887985024601
4,64,232.25,0.014619238500017673
4,64,233.25,0.01498529250966385
4,64,234.25,0.015007869515102357
4,64,235.25,0.01515348651446402
4,64,236.25,0.014767221466172487
4,64,237.25,0.015081178513355553
4,64,238.25,0.01495842105941847
4,64,239.25,0.014678755425848067
4,64,240.25,0.014955443039070815
4,64,241.25,0.015130021027289331
4,64,242.25,0.014641649497207254
4,64,243.25,0.014757162018213421
4,64,244.25,0.015118465933483094
4,64,245.25,0.015059654484502971
4,64,246.25,0.014836660528089851
4,64,247.25,0.014921960479114205
4,64,248.25,0.015006567467935383
4,64,249.25,0.014713543525431305
4,64,250.25,0.014904053008649498
4,64,251.25,0.015312349947635084
4,64,252.25,0.014641151006799191
4,64,253.25,0.014919287525117397
4,64,254.25,0.015282061998732388
4,256,5.25,0.014983495988417417
4,256,6.25,0.015164719021413475
4,256,7.25,0.014709615497849882
4,256,8.25,0.015301838458981365
4,256,9.25,0.014868282014504075
4,256,10.25,0.015077886986546218
4,256,11.25,0.01469056197674945
4,256,12.25,0.015390848508104682
4,256,13.25,0.014414667501114309
4,256,14.25,0.015135387948248535
4,256,15.25,0.015223810041788965
4,256,16.25,0.014943830959964544
4,256,17.25,0.014668707503005862
4,256,18.25,0.01540886505972594
4,256,19.25,0.014760216465219855
4,256,20.25,0.015315909520722926
4,256,21.25,0.014217762975022197
4,256,22.25,0.015401058073621243
4,256,23.25,0.014690304466057569
4,256,24.25,0.01533597451634705
4,256,25.25,0.01458895904943347
4,256,26.25,0.01502155652269721
4,256,27.25,0.014554321474861354
4,256,28.25,0.015129040984902531
4,256,29.25,0.014661016990430653
4,256,30.25,0.014872319472488016
4,256,31.25,0.014981453481595963
4,256,32.25,0.014835463545750827
4,256,33.25,0.014907186035998166
4,256,34.25,0.01500191050581634
4,256,35.25,0.015320370497647673
4,256,36.25,0.014560053532477468
4,256,37.25,0.01511069352272898
4,256,38.25,0.014990167052019387
4,256,39.25,0.014733418996911496
4,256,40.25,0.014826259517576545
4,256,41.25,0.014984094479586929
4,256,42.25,0.0148028300027363
4,256,43.25,0.015264539048075676
4,256,44.25,0.014639608445577323
4,256,45.25,0.015197402040939778
4,256,46.25,0.01476438349345699
4,256,47.25,0.014935765007976443
4,256,48.25,0.015100768010597676
4,256,49.25,0.014735367498360574
4,256,50.25,0.015181017515715212
4,256,51.25,0.014787472959142178
4,256,52.25,0.014964318019337952
4,256,53.25,0.014918509463313967
4,256,54.25,0.01458584051579237
4,256,55.25,0.01520836295094341
4,256,56.25,0.01455105555942282
4,256,57.25,0.015218436950817704
4,256,58.25,0.01499284349847585
4,256,59.25,0.014905755466315895
4,256,60.25,0.014988139504566789
4,256,61.25,0.015362602018285543
4,256,62.25,0.01443530252436176
4,256,63.25,0.014905483985785395
4,256,64.25,0.015073962567839772
4,256,65.25,0.01484625443117693
4,256,66.25,0.014686916547361761
4,256,67.25,0.015082919970154762
4,256,68.25,0.01489700103411451
4,256,69.25,0.014848445483949035
4,256,70.25,0.015140533971134573
4,256,71.25,0.014508473977912217
4,256,72.25,0.01566796301631257
4,256,73.25,0.014357084524817765
4,256,74.25,0.014955378428567201
4,256,75.25,0.014575048990081996
4,256,76.25,0.015444294025655836
4,256,77.25,0.014492253540083766
4,256,78.25,0.014875736960675567
4,256,79.25,0.01495181949576363
4,256,80.25,0.015085307066328824
4,256,81.25,0.01483631000155583
4,256,82.25,0.015006825502496213
4,256,83.25,0.014665075985249132
4,256,84.25,0.015055130061227828
4,256,85.25,0.015002693457063287
4,256,86.25,0.014930124511010945
4,256,87.25,0.014802919002249837
4,256,88.25,0.01511453150305897
4,256,89.25,0.01502581243403256
4,256,90.25,0.014575656095985323
4,256,91.25,0.015086439030710608
4,256,92.25,0.014961196458898485
4,256,93.25,0.014823680510744452
4,256,94.25,0.015146956022363156
4,256,95.25,0.014743858482688665
4,256,96.25,0.014860335504636168
4,256,97.25,0.01512815454043448
4,256,98.25,0.014829478925094008
4,256,99.25,0.014942348003387451
4,256,100.25,0.014960869972128421
4,256,101.25,0.014960673463065177
4,256,102.25,0.014649243967141956
4,256,103.25,0.014936577528715134
4,256,104.25,0.014884545060340315
4,256,105.25,0.015132623491808772
4,256,106.25,0.014774805982597172
4,256,107.25,0.015236667997669429
4,256,108.25,0.014877129520755261
4,256,109.25,0.014576016983482987
4,256,110.25,0.015149290033150464
4,256,111.25,0.014929607510566711
4,256,112.25,0.014907098026014864
4,256,113.25,0.015050173504278064
4,256,114.25,0.014737137942574918
4,256,115.25,0.015048443514388055
4,256,116.25,0.014703428430948406
4,256,117.25,0.015189365483820438
4,256,118.25,0.014528308529406786
4,256,119.25,0.01492224249523133
4,256,120.25,0.014945704024285078
4,256,121.25,0.015238684485666454
4,256,122.25,0.014559025992639363
4,256,123.25,0.01529622048838064
4,256,124.25,0.014568663493264467
4,256,125.25,0.015075342496857047
4,256,126.25,0.014739523525349796
4,256,127.25,0.015024321037344635
4,256,128.25,0.015210571989882737
4,256,129.25,0.014731743547599763
4,256,130.25,0.014855239540338516
4,256,131.25,0.014763639948796481
4,256,132.25,0.014936016988940537
4,256,133.25,0.015048801084049046
4,256,134.25,0.014937917527277023
4,256,135.25,0.014814350986853242
4,256,136.25,0.01506522751878947
4,256,137.25,0.014856672496534884
4,256,138.25,0.01508281147107482
4,256,139.25,0.01488429500022903
4,256,140.25,0.014875018561724573
4,256,141.25,0.014815519447438419
4,256,142.25,0.015312248026020825
4,256,143.25,0.014406810514628887
4,256,144.25,0.015104492951650172
4,256,145.25,0.014779235527385026
4,256,146.25,0.014863435993902385
4,256,147.25,0.015478964487556368
4,256,148.25,0.014373964513652027
4,256,149.25,0.01509691501269117
4,256,150.25,0.015272319025825709
4,256,151.25,0.014521265984512866
4,256,152.25,0.015290964976884425
4,256,153.25,0.014672175981104374
4,256,154.25,0.014953903504647315
4,256,155.25,0.01450372749241069
4,256,156.25,0.01518181199207902
4,256,157.25,0.01522826700238511
4,256,158.25,0.014648167008999735
4,256,159.25,0.01516112353419885
4,256,160.25,0.014566235477104783
4,256,161.25,0.01474500953918323
4,256,162.25,0.014929356460925192
4,256,163.25,0.014848891529254615
4,256,164.25,0.01499299902934581
4,256,165.25,0.015066494990605861
4,256,166.25,0.014689347997773439
4,256,167.25,0.014895674481522292
4,256,168.25,0.014892557519488037
4,256,169.25,0.014990098017733544
4,256,170.25,0.01482054399093613
4,256,171.25,0.014878503046929836
4,256,172.25,0.015172679966781288
4,256,173.25,0.014935066981706768
4,256,174.25,0.014998148020822555
4,256,175.25,0.014623663446400315
4,256,176.25,0.0148982799728401
4,256,177.25,0.014934648526832461
4,256,178.25,0.015241426008287817
4,256,179.25,0.014763445011340082
4,256,180.25,0.014807034516707063
4,256,181.25,0.014989558490924537
4,256,182.25,0.014867719961330295
4,256,183.25,0.015134945511817932
4,256,184.25,0.01598889200249687
4,256,185.25,0.01369435852393508
4,256,186.25,0.014852250460535288
4,256,187.25,0.015044312458485365
4,256,188.25,0.014848956023342907
4,256,189.25,0.01487474498571828
4,256,190.25,0.014908139477483928
4,256,191.25,0.015096919029019773
4,256,192.25,0.014979906962253153
4,256,193.25,0.014768276480026543
4,256,194.25,0.014883349474985152
4,256,195.25,0.014848017017357051
4,256,196.25,0.014787585532758385
4,256,197.25,0.015041004458907992
4,256,198.25,0.01497257297160104
4,256,199.25,0.014879943046253175
4,256,200.25,0.014808112988248467
4,256,201.25,0.014943191490601748
4,256,202.25,0.0148653409560211
4,256,203.25,0.014905744523275644
4,256,204.25,0.015067013504449278
4,256,205.25,0.014770451991353184
4,256,206.25,0.015270490490365773
4,256,207.25,0.014912059006746858
4,256,208.25,0.014881131995934993
4,256,209.25,0.01491938898107037
4,256,210.25,0.014883266936521977
4,256,211.25,0.014641394547652453
4,256,212.25,0.015145896933972836
4,256,213.25,0.01499460352351889
4,256,214.25,0.014860750525258482
4,256,215.25,0.014735061035025865
4,256,216.25,0.01524975395295769
4,256,217.25,0.014830345578957349
4,256,218.25,0.014896963024511933
4,256,219.25,0.014923438953701407
4,256,220.25,0.014780841011088341
4,256,221.25,0.01491666049696505
4,256,222.25,0.014763019979000092
4,256,223.25,0.015055646013934165
4,256,224.25,0.015050331479869783
4,256,225.25,0.014479812001809478
4,256,226.25,0.015390145068522543
4,256,227.25,0.014726325054652989
4,256,228.25,0.015126675949431956
4,256,229.25,0.0146525475429371
4,256,230.25,0.01510326546849683
4,256,231.25,0.015036572993267328
4,256,232.25,0.014722819963935763
4,256,233.25,0.014959540509153157
4,256,234.25,0.014938801003154367
4,256,235.25,0.014790587476454675
4,256,236.25,0.014930015953723341
4,256,237.25,0.014785950013902038
4,256,238.25,0.014882821007631719
4,256,239.25,0.01489443046739325
4,256,240.25,0.015007836511358619
4,256,241.25,0.014877389068715274
4,256,242.25,0.015028622525278479
4,256,243.25,0.014876030501909554
4,256,244.25,0.01480823999736458
4,256,245.25,0.014887620985973626
4,256,246.25,0.015251770499162376
4,256,247.25,0.014892406528815627
4,256,248.25,0.01474899152526632
4,256,249.25,0.014917881519068033
4,256,250.25,0.014829754480160773
4,256,251.25,0.015262567496392876
4,256,252.25,0.01468485698569566
4,256,253.25,0.014781534497160465
4,256,254.25,0.015955583017785102
4,1024,5.25,0.015059092023875564
4,1024,6.25,0.01520111202262342
4,1024,7.25,0.015008471498731524
4,1024,8.25,0.014934565988369286
4,1024,9.25,0.015097449475433677
4,1024,10.25,0.015243059489876032
4,1024,11.25,0.0149243765627034
4,1024,12.25,0.014735417964402586
4,1024,13.25,0.015254097001161426
4,1024,14.25,0.015158799476921558
4,1024,15.25,0.014760578458663076
4,1024,16.25,0.014788981061428785
4,1024,17.25,0.01548651495249942
4,1024,18.25,0.014564507524482906
4,1024,19.25,0.015247793984599411
4,1024,20.25,0.015072466514538974
4,1024,21.25,0.014629961980972439
4,1024,22.25,0.015135672525502741
4,1024,23.25,0.01481452101143077
4,1024,24.25,0.015036665950901806
4,1024,25.25,0.015070137043949217
4,1024,26.25,0.015005248948000371
4,1024,27.25,0.014981509477365762
4,1024,28.25,0.015081744000781327
4,1024,29.25,0.014894719526637346
4,1024,30.25,0.015287977526895702
4,1024,31.25,0.014725918474141508
4,1024,32.25,0.014993324992246926
4,1024,33.25,0.015014787553809583
4,1024,34.25,0.01492029894143343
4,1024,35.25,0.015128918981645256
4,1024,36.25,0.014954833488445729
4,1024,37.25,0.014992245007306337
4,1024,38.25,0.015087916515767574
4,1024,39.25,0.015005327004473656
4,1024,40.25,0.014821789460256696
4,1024,41.25,0.015233630023431033
4,1024,42.25,0.014716398029122502
4,1024,43.25,0.014963300491217524
4,1024,44.25,0.015009286988060921
4,1024,45.25,0.014968351053539664
4,1024,46.25,0.015027675486635417
4,1024,47.25,0.015046218468341976
4,1024,48.25,0.015031010960228741
4,1024,49.25,0.014901571033988148
4,1024,50.25,0.014874529966618866
4,1024,51.25,0.014999812992755324
4,1024,52.25,0.015069006069097668
4,1024,53.25,0.015048156958073378
4,1024,54.25,0.014769210014492273
4,1024,55.25,0.015068712527863681
4,1024,56.25,0.014820430485997349
4,1024,57.25,0.015148395963478833
4,1024,58.25,0.0147857895353809
4,1024,59.25,0.01513585145585239
4,1024,60.25,0.014977274986449629
4,1024,61.25,0.014993746066465974
4,1024,62.25,0.014973596960771829
4,1024,63.25,0.015021262981463224
4,1024,64.25,0.014789665001444519
4,1024,65.25,0.01492211950244382
4,1024,66.25,0.015114281501155347
4,1024,67.25,0.014992238429840654
4,1024,68.25,0.015023334533907473
4,1024,69.25,0.014870247978251427
4,1024,70.25,0.015087712497916073
4,1024,71.25,0.01491047948366031
4,1024,72.25,0.014981028041802347
4,1024,73.25,0.014923589944373816
4,1024,74.25,0.014997815480455756
4,1024,75.25,0.015003378968685865
4,1024,76.25,0.014886803983245045
4,1024,77.25,0.015037632023449987
4,1024,78.25,0.014954950485844165
4,1024,79.25,0.015053757524583489
4,1024,80.25,0.014763611950911582
4,1024,81.25,0.015128987957723439
4,1024,82.25,0.014869749487843364
4,1024,83.25,0.015077941992785782
4,1024,84.25,0.014964421978220344
4,1024,85.25,0.014890827529598027
4,1024,86.25,0.014959856518544257
4,1024,87.25,0.014962445478886366
4,1024,88.25,0.015271896496415138
4,1024,89.25,0.01469936699140817
4,1024,90.25,0.01532559294719249
4,1024,91.25,0.014663427020423114
4,1024,92.25,0.015200773486867547
4,1024,93.25,0.014892645529471338
4,1024,94.25,0.015037901524920017
4,1024,95.25,0.014937911008019
4,1024,96.25,0.014753989467862993
4,1024,97.25,0.015288751979824156
4,1024,98.25,0.014736637065652758
4,1024,99.25,0.015326041029766202
4,1024,100.25,0.014665310038253665
4,1024,101.25,0.01528404897544533
4,1024,102.25,0.01476221502525732
4,1024,103.25,0.015036697033792734
4,1024,104.25,0.015114593494217843
4,1024,105.25,0.014685659029055387
4,1024,106.25,0.014947454037610441
4,1024,107.25,0.015007896057795733
4,1024,108.25,0.015056516975164413
4,1024,109.25,0.015294663025997579
4,1024,110.25,0.014604858995880932
4,1024,111.25,0.015513563004788011
4,1024,112.25,0.014504677965305746
4,1024,113.25,0.015246223076246679
4,1024,114.25,0.014695938967633992
4,1024,115.25,0.015061728016007692
4,1024,116.25,0.014831306994892657
4,1024,117.25,0.015448826947249472
4,1024,118.25,0.014792579517234117
4,1024,119.25,0.014772695489227772
4,1024,120.25,0.015104682475794107
4,1024,121.25,0.014835050038527697
4,1024,122.25,0.015174139989539981
4,1024,123.25,0.014867249468807131
4,1024,124.25,0.015010172501206398
4,1024,125.25,0.014956589497160167
4,1024,126.25,0.014817115501500666
4,1024,127.25,0.015143771015573293
4,1024,128.25,0.014972039498388767
4,1024,129.25,0.015222326037473977
4,1024,130.25,0.014890997437760234
4,1024,131.25,0.01531042851274833
4,1024,132.25,0.01467552047688514
4,1024,133.25,0.015210710524115711
4,1024,134.25,0.014683603483717889
4,1024,135.25,0.015272196498699486
4,1024,136.25,0.014843605982605368
4,1024,137.25,0.01503108348697424
4,1024,138.25,0.015016738441772759
4,1024,139.25,0.014874836488161236
4,1024,140.25,0.015179153066128492
4,1024,141.25,0.014834235014859587
4,1024,142.25,0.015031119459308684
4,1024,143.25,0.014799694530665874
4,1024,144.25,0.01528426754521206
4,1024,145.25,0.014773438451811671
4,1024,146.25,0.015011306502856314
4,1024,147.25,0.015130354964639992
4,1024,148.25,0.014847811544314027
4,1024,149.25,0.01546409196453169
4,1024,150.25,0.014666708535514772
4,1024,151.25,0.01516449946211651
4,1024,152.25,0.014865497476421297
4,1024,153.25,0.015201611502561718
4,1024,154.25,0.014562172000296414
4,1024,155.25,0.01552104897564277
4,1024,156.25,0.014607254532165825
4,1024,157.25,0.015071573026943952
4,1024,158.25,0.014754022471606731
4,1024,159.25,0.015390423010103405
4,1024,160.25,0.014621260517742485
4,1024,161.25,0.015398055489640683
4,1024,162.25,0.014606142009142786
4,1024,163.25,0.015209481993224472
4,1024,164.25,0.01501997752347961
4,1024,165.25,0.014847357990220189
4,1024,166.25,0.01494694099528715
4,1024,167.25,0.014906852040439844
4,1024,168.25,0.015012108022347093
4,1024,169.25,0.015091529523488134
4,1024,170.25,0.015135800989810377
4,1024,171.25,0.014931745477952063
4,1024,172.25,0.014730662514921278
4,1024,173.25,0.014936084975488484
4,1024,174.25,0.01517750503262505
4,1024,175.25,0.015077047515660524
4,1024,176.25,0.015033225005026907
4,1024,177.25,0.015025355038233101
4,1024,178.25,0.014831894019152969
4,1024,179.25,0.01496739248977974
4,1024,180.25,0.014955373539123684
4,1024,181.25,0.014835052017588168
4,1024,182.25,0.014991957985330373
4,1024,183.25,0.014999774983152747
4,1024,184.25,0.01498311897739768
4,1024,185.25,0.015189662983175367
4,1024,186.25,0.014801733021158725
4,1024,187.25,0.015074233000632375
4,1024,188.25,0.015039373014587909
4,1024,189.25,0.014849377446807921
4,1024,190.25,0.015239278494846076
4,1024,191.25,0.014927796961273998
4,1024,192.25,0.01478211599169299
4,1024,193.25,0.015076009440235794
4,1024,194.25,0.015118173032533377
4,1024,195.25,0.014977991988416761
4,1024,196.25,0.014717354963067919
4,1024,197.25,0.015334081486798823
4,1024,198.25,0.014842825068626553
4,1024,199.25,0.01504679350182414
4,1024,200.25,0.018274987523909658
4,1024,201.25,0.011891062022186816
4,1024,202.25,0.014917315449565649
4,1024,203.25,0.015065454528667033
4,1024,204.25,0.014736119483131915
4,1024,205.25,0.015300108003430068
4,1024,206.25,0.015000115963630378
4,1024,207.25,0.01478924899129197
4,1024,208.25,0.015178574074525386
4,1024,209.25,0.015185815514996648
4,1024,210.25,0.014755975978914648
4,1024,211.25,0.01451869698939845
4,1024,212.25,0.015461212024092674
4,1024,213.25,0.014969065494369715
4,1024,214.25,0.014805016980972141
4,1024,215.25,0.014903976465575397
4,1024,216.25,0.015087742998730391
4,1024,217.25,0.014946396579034626
4,1024,218.25,0.015089707972947508
4,1024,219.25,0.015097172581590712
4,1024,220.25,0.015232760983053595
4,1024,221.25,0.014282343443483114
4,1024,222.25,0.015300161496270448
4,1024,223.25,0.015197847038507462
4,1024,224.25,0.014941791945602745
4,1024,225.25,0.014954690937884152
4,1024,226.25,0.015028940048068762
4,1024,227.25,0.014912482991348952
4,1024,228.25,0.014989436487667263
4,1024,229.25,0.014937144005671144
4,1024,230.25,0.015189212979748845
4,1024,231.25,0.014713038981426507
4,1024,232.25,0.015069312008563429
4,1024,233.25,0.01511843252228573
4,1024,234.25,0.014777167001739144
4,1024,235.25,0.015262805973179638
4,1024,236.25,0.014921744004823267
4,1024,237.25,0.014826329483184963
4,1024,238.25,0.015497158048674464
4,1024,239.25,0.01509721647016704
4,1024,240.25,0.014581873954739422
4,1024,241.25,0.0147812245413661
4,1024,242.25,0.015443444950506091
4,1024,243.25,0.014979644503910094
4,1024,244.25,0.014609719044528902
4,1024,245.25,0.015156749519519508
4,1024,246.25,0.015439985494595021
4,1024,247.25,0.014538749994244426
4,1024,248.25,0.01497428398579359
4,1024,249.25,0.01506973203504458
4,1024,250.25,0.015185360447503626
4,1024,251.25,0.014583201555069536
4,1024,252.25,0.015603659499902278
4,1024,253.25,0.014496385992970318
4,1024,254.25,0.01530289399670437
4,4096,6.25,0.015341694990638644
4,4096,7.25,0.015533324447460473
4,4096,8.25,0.015315481054130942
4,4096,9.25,0.015441377006936818
4,4096,10.25,0.015608510468155146
4,4096,11.25,0.015274951991159469
4,4096,12.25,0.015297618985641748
4,4096,13.25,0.015578448539599776
4,4096,14.25,0.015283923014067113
4,4096,15.25,0.015267029055394232
4,4096,16.25,0.015399011957924813
4,4096,17.25,0.015374145528767258
4,4096,18.25,0.015434424974955618
4,4096,19.25,0.015383006480988115
4,4096,20.25,0.015387913561426103
4,4096,21.25,0.015347318956628442
4,4096,22.25,0.015421645541209728
4,4096,23.25,0.015354780480265617
4,4096,24.25,0.015405730518978089
4,4096,25.25,0.01556138350861147
4,4096,26.25,0.015242367458995432
4,4096,27.25,0.01559154101414606
4,4096,28.25,0.015257846447639167
4,4096,29.25,0.015469635545741767
4,4096,30.25,0.01535366044845432
4,4096,31.25,0.015514137514401227
4,4096,32.25,0.015244010486640036
4,4096,33.25,0.015398301533423364
4,4096,34.25,0.015209567500278354
4,4096,35.25,0.015529847471043468
4,4096,36.25,0.015378761978354305
4,4096,37.25,0.015754237479995936
4,4096,38.25,0.01504308555740863
4,4096,39.25,0.015464081487152725
4,4096,40.25,0.015486123040318489
4,4096,41.25,0.015176880464423448
4,4096,42.25,0.01557941100327298
4,4096,43.25,0.015208731987513602
4,4096,44.25,0.015605550492182374
4,4096,45.25,0.015251835458911955
4,4096,46.25,0.015546337992418557
4,4096,47.25,0.015061735990457237
4,4096,48.25,0.015495075494982302
4,4096,49.25,0.015566642046906054
4,4096,50.25,0.01531003846321255
4,4096,51.25,0.015397497511003166
4,4096,52.25,0.015341079561039805
4,4096,53.25,0.015596651006489992
4,4096,54.25,0.015235088008921593
4,4096,55.25,0.015342701983172446
4,4096,56.25,0.015384695550892502
4,4096,57.25,0.015317245502956212
4,4096,58.25,0.015394694928545505
4,4096,59.25,0.015509210526943207
4,4096,60.25,0.01511171751189977
4,4096,61.25,0.0156845974852331
4,4096,62.25,0.015236336505040526
4,4096,63.25,0.015370431530755013
4,4096,64.25,0.015385884966235608
4,4096,65.25,0.015400350501295179
4,4096,66.25,0.015373324567917734
4,4096,67.25,0.015090454020537436
4,4096,68.25,0.015525766008067876
4,4096,69.25,0.015538148931227624
4,4096,70.25,0.015385133039671928
4,4096,71.25,0.01538394542876631
4,4096,72.25,0.015125269535928965
4,4096,73.25,0.015474756946787238
4,4096,74.25,0.015585927001666278
4,4096,75.25,0.015435840527061373
4,4096,76.25,0.015329468005802482
4,4096,77.25,0.015330618945881724
4,4096,78.25,0.015469249512534589
4,4096,79.25,0.015279823972377926
4,4096,80.25,0.015153500018641353
4,4096,81.25,0.01576064998516813
4,4096,82.25,0.015425879450049251
4,4096,83.25,0.015293628035578877
4,4096,84.25,0.0154073994490318
4,4096,85.25,0.0152741625206545
4,4096,86.25,0.01541331596672535
4,4096,87.25,0.015547764487564564
4,4096,88.25,0.015498176973778754
4,4096,89.25,0.015409309009555727
4,4096,90.25,0.015474758518394083
4,4096,91.25,0.015086762025021017
4,4096,92.25,0.015548066003248096
4,4096,93.25,0.01528926903847605
4,4096,94.25,0.015359397977590561
4,4096,95.25,0.015410384512506425
4,4096,96.25,0.01529908349039033
4,4096,97.25,0.01563628198346123
4,4096,98.25,0.015402466524392366
4,4096,99.25,0.015000740997493267
4,4096,100.25,0.01538415445247665
4,4096,101.25,0.015767658536788076
4,4096,102.25,0.015394364483654499
4,4096,103.25,0.015360552992206067
4,4096,104.25,0.015231931989546865
4,4096,105.25,0.01574473100481555
4,4096,106.25,0.014967338531278074
4,4096,107.25,0.01569648302393034
4,4096,108.25,0.01538879843428731
4,4096,109.25,0.015149877523072064
4,4096,110.25,0.015769492951221764
4,4096,111.25,0.014905465533956885
4,4096,112.25,0.015684758545830846
4,4096,113.25,0.015371513029094785
4,4096,114.25,0.015392603992950171
4,4096,115.25,0.015346854459494352
4,4096,116.25,0.01510894054081291
4,4096,117.25,0.015528018469922245
4,4096,118.25,0.015445580997038633
4,4096,119.25,0.015154303517192602
4,4096,120.25,0.015506959054619074
4,4096,121.25,0.015512089477851987
4,4096,122.25,0.015308332978747785
4,4096,123.25,0.015492823033127934
4,4096,124.25,0.015385382517706603
4,4096,125.25,0.015365472994744778
4,4096,126.25,0.015405814512632787
4,4096,127.25,0.015681228484027088
4,4096,128.25,0.0151072780136019
4,4096,129.25,0.01572808501077816
4,4096,130.25,0.015165259479545057
4,4096,131.25,0.015283718472346663
4,4096,132.25,0.01525257749017328
4,4096,133.25,0.015662059013266116
4,4096,134.25,0.01534672052366659
4,4096,135.25,0.015673417947255075
4,4096,136.25,0.01531291555147618
4,4096,137.25,0.015146269463002682
4,4096,138.25,0.015314076968934387
4,4096,139.25,0.015887952991761267
4,4096,140.25,0.015289337548892945
4,4096,141.25,0.015234127989970148
4,4096,142.25,0.015349513501860201
4,4096,143.25,0.015532476478256285
4,4096,144.25,0.015420202515088022
4,4096,145.25,0.015135873516555876
4,4096,146.25,0.01570968743180856
4,4096,147.25,0.015465389005839825
4,4096,148.25,0.015337427030317485
4,4096,149.25,0.01537801546510309
4,4096,150.25,0.015325914544519037
4,4096,151.25,0.015524281945545226
4,4096,152.25,0.015385170525405556
4,4096,153.25,0.015328828012570739
4,4096,154.25,0.015346169995609671
4,4096,155.25,0.015422428492456675
4,4096,156.25,0.015614792937412858
4,4096,157.25,0.01519844657741487
4,4096,158.25,0.015392393979709595
4,4096,159.25,0.015454147011041641
4,4096,160.25,0.015708792489022017
4,4096,161.25,0.015060101519338787
4,4096,162.25,0.01580180349992588
4,4096,163.25,0.015266095520928502
4,4096,164.25,0.015412831504363567
4,4096,165.25,0.015530159987974912
4,4096,166.25,0.015270024538040161
4,4096,167.25,0.015463047486264259
4,4096,168.25,0.015188588527962565
4,4096,169.25,0.015487207449041307
4,4096,170.25,0.015669095504563302
4,4096,171.25,0.014775311457924545
4,4096,172.25,0.01566658850060776
4,4096,173.25,0.015466376033145934
4,4096,174.25,0.015378948010038584
4,4096,175.25,0.015712354448623955
4,4096,176.25,0.015385958016850054
4,4096,177.25,0.015041942009702325
4,4096,178.25,0.015734959510155022
4,4096,179.25,0.015376436524093151
4,4096,180.25,0.015257721010129899
4,4096,181.25,0.015627589484211057
4,4096,182.25,0.015159257513005286
4,4096,183.25,0.015552655037026852
4,4096,184.25,0.015299182967282832
4,4096,185.25,0.015218460001051426
4,4096,186.25,0.01551486348034814
4,4096,187.25,0.0152170590008609
4,4096,188.25,0.015544874942861497
4,4096,189.25,0.015459106478374451
4,4096,190.25,0.01540350605500862
4,4096,191.25,0.01540219847811386
4,4096,192.25,0.015248042007442564
4,4096,193.25,0.015468753466848284
4,4096,194.25,0.015697439026553184
4,4096,195.25,0.015423427452333272
4,4096,196.25,0.015413173474371433
4,4096,197.25,0.015213593025691807
4,4096,198.25,0.01538664399413392
4,4096,199.25,0.015549556934274733
4,4096,200.25,0.015407948521897197
4,4096,201.25,0.015362589445430785
4,4096,202.25,0.015261194494087249
4,4096,203.25,0.01550945354392752
4,4096,204.25,0.015364275022875518
4,4096,205.25,0.01548937353072688
4,4096,206.25,0.015275801008101553
4,4096,207.25,0.015276511432603002
4,4096,208.25,0.015692009474150836
4,4096,209.25,0.015561272040940821
4,4096,210.25,0.015185452939476818
4,4096,211.25,0.015497318003326654
4,4096,212.25,0.015454968030098826
4,4096,213.25,0.015281479980330914
4,4096,214.25,0.015396295057144016
4,4096,215.25,0.015418497961945832
4,4096,216.25,0.015348584041930735
4,4096,217.25,0.015331502014305443
4,4096,218.25,0.015554839454125613
4,4096,219.25,0.015413585992064327
4,4096,220.25,0.015622255043126643
4,4096,221.25,0.015263030480127782
4,4096,222.25,0.015601593011524528
4,4096,223.25,0.015266459493432194
4,4096,224.25,0.015333869494497776
4,4096,225.25,0.015414641471579671
4,4096,226.25,0.015426253550685942
4,4096,227.25,0.015512409503571689
4,4096,228.25,0.015347769483923912
4,4096,229.25,0.015201130998320878
4,4096,230.25,0.015563112043309957
4,4096,231.25,0.015398165967781097
4,4096,232.25,0.01536388456588611
4,4096,233.25,0.015348731016274542
4,4096,234.25,0.015563572000246495
4,4096,235.25,0.015450412989594042
4,4096,236.25,0.01571327750571072
4,4096,237.25,0.015214399027172476
4,4096,238.25,0.015256258950103074
4,4096,239.25,0.01540148095227778
4,4096,240.25,0.015574807999655604
4,4096,241.25,0.015280371473636478
4,4096,242.25,0.015336993499659002
4,4096,243.25,0.015588625974487513
4,4096,244.25,0.015273574506863952
4,4096,245.25,0.015494363440666348
4,4096,246.25,0.015273070021066815
4,4096,247.25,0.015432005980983377
4,4096,248.25,0.015625084459315985
4,4096,249.25,0.015216547064483166
4,4096,250.25,0.015715367975644767
4,4096,251.25,0.015306060027796775
4,4096,252.25,0.015421119518578053
4,4096,253.25,0.015713315457105637
4,6144,5.75,0.015566066489554942
4,6144,6.75,0.015417855465784669
4,6144,7.75,0.01610544353025034
4,6144,8.75,0.015441704483237118
4,6144,9.75,0.015705430007074028
4,6144,10.75,0.015673012007027864
4,6144,11.75,0.015775701962411404
4,6144,12.75,0.015617143479175866
4,6144,13.75,0.01626852451590821
4,6144,14.75,0.015135131543502212
4,6144,15.75,0.015915556461550295
4,6144,16.75,0.015560725471004844
4,6144,17.75,0.015949347522109747
4,6144,18.75,0.015160456474404782
4,6144,19.75,0.015926888037938625
4,6144,20.75,0.015731382998637855
4,6144,21.75,0.015317342476919293
4,6144,22.75,0.015807997027877718
4,6144,23.75,0.01562505797483027
4,6144,24.75,0.01541385950986296
4,6144,25.75,0.01599599653854966
4,6144,26.75,0.015582730527967215
4,6144,27.75,0.01542876847088337
4,6144,28.75,0.015725717006716877
4,6144,29.75,0.015692514542024583
4,6144,30.75,0.015895757009275258
4,6144,31.75,0.015263903012964875
4,6144,32.75,0.015600185957737267
4,6144,33.75,0.01610213750973344
4,6144,34.75,0.015376758528873324
4,6144,35.75,0.015391320455819368
4,6144,36.75,0.015687805542256683
4,6144,37.75,0.015720910974778235
4,6144,38.75,0.015493799524847418
4,6144,39.75,0.01583954197121784
4,6144,40.75,0.01549948047613725
4,6144,41.75,0.015497211017645895
4,6144,42.75,0.01564490096643567
4,6144,43.75,0.015710343956016004
4,6144,44.75,0.01567211205838248
4,6144,45.75,0.015389830979984254
4,6144,46.75,0.015925191983114928
4,6144,47.75,0.015508024487644434
4,6144,48.75,0.015772287966683507
4,6144,49.75,0.01576185756130144
4,6144,50.75,0.01574940950376913
4,6144,51.75,0.015660303470212966
4,6144,52.75,0.015823094930965453
4,6144,53.75,0.015279854007530957
4,6144,54.75,0.015686976490542293
4,6144,55.75,0.015557581034954637
4,6144,56.75,0.01570499048102647
4,6144,57.75,0.015500213019549847
4,6144,58.75,0.01570299343438819
4,6144,59.75,0.015888026566244662
4,6144,60.75,0.015717660542577505
4,6144,61.75,0.015503112983424217
4,6144,62.75,0.01539595948997885
4,6144,63.75,0.016085384064354002
4,6144,64.75,0.015620942926034331
4,6144,65.75,0.015398076560813934
4,6144,66.75,0.015410672989673913
4,6144,67.75,0.015772895014379174
4,6144,68.75,0.015877327998168766
4,6144,69.75,0.015697593975346535
4,6144,70.75,0.01507366105215624
4,6144,71.75,0.01594926498364657
4,6144,72.75,0.015699703013524413
4,6144,73.75,0.015788706426974386
4,6144,74.75,0.015435714041814208
4,6144,75.75,0.015551316959317774
4,6144,76.75,0.01546624256297946
4,6144,77.75,0.01575020595919341
4,6144,78.75,0.01601973857032135
4,6144,79.75,0.015213800012134016
4,6144,80.75,0.015750123478937894
4,6144,81.75,0.018850071530323476
4,6144,82.75,0.013225534523371607
4,6144,83.75,0.015616981429047883
4,6144,84.75,0.01565139356534928
4,6144,85.75,0.015236380975693464
4,6144,86.75,0.0157959460048005
4,6144,87.75,0.015952877525705844
4,6144,88.75,0.014883917989209294
4,6144,89.75,0.015481766546145082
4,6144,90.75,0.01636842096922919
4,6144,91.75,0.01552130951313302
4,6144,92.75,0.015471761056687683
4,6144,93.75,0.015704174002166837
4,6144,94.75,0.015600865939632058
4,6144,95.75,0.015590594499371946
4,6144,96.75,0.015697059454396367
4,6144,97.75,0.01575288054300472
4,6144,98.75,0.015379703545477241
4,6144,99.75,0.015539765532594174
4,6144,100.75,0.015396108967252076
4,6144,101.75,0.015958110045176
4,6144,102.75,0.015603744541294873
4,6144,103.75,0.01566215296043083
4,6144,104.75,0.01575436256825924
4,6144,105.75,0.015785165945999324
4,6144,106.75,0.015313724579755217
4,6144,107.75,0.01571852946653962
4,6144,108.75,0.015466813987586647
4,6144,109.75,0.015945186489261687
4,6144,110.75,0.015796244028024375
4,6144,111.75,0.015461367496754974
4,6144,112.75,0.015507134492509067
4,6144,113.75,0.015759010042529553
4,6144,114.75,0.015627650485839695
4,6144,115.75,0.015888878027908504
4,6144,116.75,0.015496973996050656
4,6144,117.75,0.015596554556395859
4,6144,118.75,0.015763785922899842
4,6144,119.75,0.015317348530516028
4,6144,120.75,0.015733423468191177
4,6144,121.75,0.015470945974811912
4,6144,122.75,0.01601363648660481
4,6144,123.75,0.015505619521718472
4,6144,124.75,0.01574014243669808
4,6144,125.75,0.015330203576013446
4,6144,126.75,0.01588513347087428
4,6144,127.75,0.01546430797316134
4,6144,128.75,0.015886007982771844
4,6144,129.75,0.015705712547060102
4,6144,130.75,0.015448700520209968
4,6144,131.75,0.015635767951607704
4,6144,132.75,0.01538289844756946
4,6144,133.75,0.01599405356682837
4,6144,134.75,0.015362563484814018
4,6144,135.75,0.015768455574288964
4,6144,136.75,0.015872649964876473
4,6144,137.75,0.015390978020150214
4,6144,138.75,0.015723671473097056
4,6144,139.75,0.016024750482756644
4,6144,140.75,0.015317077515646815
4,6144,141.75,0.01586198399309069
4,6144,142.75,0.015476911561563611
4,6144,143.75,0.015522322442848235
4,6144,144.75,0.015819977037608624
4,6144,145.75,0.015634469978976995
4,6144,146.75,0.015641302918083966
4,6144,147.75,0.015628358989488333
4,6144,148.75,0.01570464053656906
4,6144,149.75,0.015565106470603496
4,6144,150.75,0.015572099946439266
4,6144,151.75,0.015635006013326347
4,6144,152.75,0.015480063506402075
4,6144,153.75,0.015786212985403836
4,6144,154.75,0.016049664467573166
4,6144,155.75,0.015386359533295035
4,6144,156.75,0.015677349525503814
4,6144,157.75,0.015808631433174014
4,6144,158.75,0.015522610512562096
4,6144,159.75,0.015622624545358121
4,6144,160.75,0.015691012958995998
4,6144,161.75,0.015518831030931324
4,6144,162.75,0.015751894970890135
4,6144,163.75,0.015355296491179615
4,6144,164.75,0.015788813470862806
4,6144,165.75,0.015837639977689832
4,6144,166.75,0.015306455024983734
4,6144,167.75,0.015601153019815683
4,6144,168.75,0.016108521085698158
4,6144,169.75,0.015246064984239638
4,6144,170.75,0.01588337356224656
4,6144,171.75,0.015747953963000327
4,6144,172.75,0.015451859449967742
4,6144,173.75,0.015740963048301637
4,6144,174.75,0.01563576702028513
4,6144,175.75,0.015719703456852585
4,6144,176.75,0.0153188620461151
4,6144,177.75,0.015952874964568764
4,6144,178.75,0.01577396848006174
4,6144,179.75,0.015654923510737717
4,6144,180.75,0.01568959600990638
4,6144,181.75,0.01562237844336778
4,6144,182.75,0.0151951375300996
4,6144,183.75,0.016109138960018754
4,6144,184.75,0.015224068483803421
4,6144,185.75,0.015764711482916027
4,6144,186.75,0.015789910044986755
4,6144,187.75,0.015375346934888512
4,6144,188.75,0.015958877513185143
4,6144,189.75,0.015705895493738353
4,6144,190.75,0.015554447018075734
4,6144,191.75,0.015816897561307997
4,6144,192.75,0.015518298489041626
4,6144,193.75,0.01580408151494339
4,6144,194.75,0.015602173982188106
4,6144,195.75,0.015221925510559231
4,6144,196.75,0.01553454645909369
4,6144,197.75,0.015691669541411102
4,6144,198.75,0.01565557753201574
4,6144,199.75,0.015810265496838838
4,6144,200.75,0.015822414483409375
4,6144,201.75,0.015553010511212051
4,6144,202.75,0.015483875467907637
4,6144,203.75,0.015756581036839634
4,6144,204.75,0.015504318987950683
4,6144,205.75,0.01565509900683537
4,6144,206.75,0.015679935459047556
4,6144,207.75,0.015673645539209247
4,6144,208.75,0.01568762748502195
4,6144,209.75,0.01566923299105838
4,6144,210.75,0.015660074481274933
4,6144,211.75,0.01559734798502177
4,6144,212.75,0.015603854495566338
4,6144,213.75,0.01566020055906847
4,6144,214.75,0.015619391982909292
4,6144,215.75,0.015883331012446433
4,6144,216.75,0.015460246009752154
4,6144,217.75,0.015862905012909323
4,6144,218.75,0.015555874037090689
4,6144,219.75,0.015624722989741713
4,6144,220.75,0.015763275558128953
4,6144,221.75,0.018031110521405935
4,6144,222.75,0.013501071487553418
4,6144,223.75,0.015256451966706663
4,6144,224.75,0.015790383447892964
4,6144,225.75,0.015640445984899998
4,6144,226.75,0.015558313578367233
4,6144,227.75,0.01581375498790294
4,6144,228.75,0.015475416497793049
4,6144,229.75,0.015723287069704384
4,6144,230.75,0.01582840399350971
4,6144,231.75,0.015638960525393486
4,6144,232.75,0.015597985999193043
4,6144,233.75,0.015601691033225507
4,6144,234.75,0.015677664487157017
4,6144,235.75,0.015505364979617298
4,6144,236.75,0.015621929022017866
4,6144,237.75,0.01589836395578459
4,6144,238.75,0.015664171485695988
4,6144,239.75,0.015594500000588596
4,6144,240.75,0.015529103053268045
4,6144,241.75,0.015803471964318305
4,6144,242.75,0.015638699987903237
4,6144,243.75,0.015615896496456116
4,6144,244.75,0.015478457498829812
4,6144,245.75,0.015760922513436526
4,6144,246.75,0.01592582749435678
4,6144,247.75,0.015958605508785695
4,6144,248.75,0.015056660515256226
4,6144,249.75,0.015709768515080214
4,6144,250.75,0.015863544947933406
4,6144,251.75,0.015437445545103401
4,6144,252.75,0.015732061001472175
4,6144,253.75,0.016291541454847902
8,64,5.25,0.014902530470862985
8,64,6.25,0.014996320533100516
8,64,7.25,0.015255802078172565
8,64,8.25,0.015035245451144874
8,64,9.25,0.014949573553167284
8,64,10.25,0.0149967604666017
8,64,11.25,0.015374633541796356
8,64,12.25,0.014786697982344776
8,64,13.25,0.014983249478973448
8,64,14.25,0.014954646991100162
8,64,15.25,0.0150193345034495
8,64,16.25,0.01504052703967318
8,64,17.25,0.014958239044062793
8,64,18.25,0.015084029000718147
8,64,19.25,0.014994328026659787
8,64,20.25,0.015029931964818388
8,64,21.25,0.014977418002672493
8,64,22.25,0.015084451995790005
8,64,23.25,0.014920602028723806
8,64,24.25,0.014920191490091383
8,64,25.25,0.01497544499579817
8,64,26.25,0.015233559533953667
8,64,27.25,0.014944225957151502
8,64,28.25,0.015255768434144557
8,64,29.25,0.014649979013483971
8,64,30.25,0.015135994995944202
8,64,31.25,0.01489527797093615
8,64,32.25,0.015090724045876414
8,64,33.25,0.015184585063252598
8,64,34.25,0.014966676011681557
8,64,35.25,0.014862872019875795
8,64,36.25,0.015282482549082488
8,64,37.25,0.014776586962398142
8,64,38.25,0.01477691053878516
8,64,39.25,0.015197587956208736
8,64,40.25,0.014939103974029422
8,64,41.25,0.014982638007495552
8,64,42.25,0.015107350947801024
8,64,43.25,0.014831670909188688
8,64,44.25,0.015024787513539195
8,64,45.25,0.014851806976366788
8,64,46.25,0.015153290529269725
8,64,47.25,0.015073725488036871
8,64,48.25,0.015206791984383017
8,64,49.25,0.014829427062068135
8,64,50.25,0.014997941092588007
8,64,51.25,0.014952247438486665
8,64,52.25,0.014957559993490577
8,64,53.25,0.015155417553614825
8,64,54.25,0.014708384464029223
8,64,55.25,0.014990460011176765
8,64,56.25,0.015020768973045051
8,64,57.25,0.01510413596406579
8,64,58.25,0.015041684964671731
8,64,59.25,0.015055366035085171
8,64,60.25,0.014946317009162158
8,64,61.25,0.014850350504275411
8,64,62.25,0.015054205025080591
8,64,63.25,0.015066551510244608
8,64,64.25,0.015019024489447474
8,64,65.25,0.01487453148001805
8,64,66.25,0.014919852488674223
8,64,67.25,0.014900645008310676
8,64,68.25,0.014825196994934231
8,64,69.25,0.014980085543356836
8,64,70.25,0.01477014203555882
8,64,71.25,0.014916790009010583
8,64,72.25,0.0146195754641667
8,64,73.25,0.01517412206158042
8,64,74.25,0.014856103982310742
8,64,75.25,0.015233490034006536
8,64,76.25,0.014697914535645396
8,64,77.25,0.014672850025817752
8,64,78.25,0.015005248948000371
8,64,79.25,0.014590051025152206
8,64,80.25,0.01511771755758673
8,64,81.25,0.014903701434377581
8,64,82.25,0.014808636507950723
8,64,83.25,0.014862499490845948
8,64,84.25,0.014954189478885382
8,64,85.25,0.015023464045953006
8,64,86.25,0.014689738512970507
8,64,87.25,0.014743382052984089
8,64,88.25,0.015005250461399555
8,64,89.25,0.015533685043919832
8,64,90.25,0.014327071025036275
8,64,91.25,0.014452492527198046
8,64,92.25,0.014929072465747595
8,64,93.25,0.014825304504483938
8,64,94.25,0.014893127954564989
8,64,95.25,0.015054885006975383
8,64,96.25,0.014681407541502267
8,64,97.25,0.014836409944109619
8,64,98.25,0.014958869491238147
8,64,99.25,0.01482084346935153
8,64,100.25,0.015049782465212047
8,64,101.25,0.014704998466186225
8,64,102.25,0.014911834558006376
8,64,103.25,0.015115041984245181
8,64,104.25,0.01490849902620539
8,64,105.25,0.014574814995285124
8,64,106.25,0.014883607451338321
8,64,107.25,0.014900795475114137
8,64,108.25,0.014836665999609977
8,64,109.25,0.015014002448879182
8,64,110.25,0.014857373025733978
8,64,111.25,0.01536766899516806
8,64,112.25,0.014645140036009252
8,64,113.25,0.01464450400089845
8,64,114.25,0.014825237507466227
8,64,115.25,0.014837470487691462
8,64,116.25,0.015366798033937812
8,64,117.25,0.01480583951342851
8,64,118.25,0.014719673548825085
8,64,119.25,0.01486949744867161
8,64,120.25,0.015072720998432487
8,64,121.25,0.014565582037903368
8,64,122.25,0.015159931499511003
8,64,123.25,0.014667242008727044
8,64,124.25,0.015014302509371191
8,64,125.25,0.014674486534204334
8,64,126.25,0.015143239463213831
8,64,127.25,0.014699191495310515
8,64,128.25,0.014696616039145738
8,64,129.25,0.015385291946586221
8,64,130.25,0.014772148511838168
8,64,131.25,0.014810246007982641
8,64,132.25,0.014616135973483324
8,64,133.25,0.014924660499673337
8,64,134.25,0.015081587946042418
8,64,135.25,0.014620388974435627
8,64,136.25,0.015412867534905672
8,64,137.25,0.014920919551514089
8,64,138.25,0.014472089533228427
8,64,139.25,0.01492871600203216
8,64,140.25,0.014739254023879766
8,64,141.25,0.0147752970806323
8,64,142.25,0.014902365976013243
8,64,143.25,0.014855766436085105
8,64,144.25,0.014986233494710177
8,64,145.25,0.014979110506828874
8,64,146.25,0.014737888530362397
8,64,147.25,0.014870969986077398
8,64,148.25,0.014951592951547354
8,64,149.25,0.014958950458094478
8,64,150.25,0.014891599479597062
8,64,151.25,0.015090049535501748
8,64,152.25,0.014550978550687432
8,64,153.25,0.015403010474983603
8,64,154.25,0.014491827052552253
8,64,155.25,0.015042904939036816
8,64,156.25,0.014801187498960644
8,64,157.25,0.015058908436913043
8,64,158.25,0.014726731518749148
8,64,159.25,0.014703266497235745
8,64,160.25,0.015137599490117282
8,64,161.25,0.014649509510491043
8,64,162.25,0.015037678007502109
8,64,163.25,0.014799345459323376
8,64,164.25,0.015195341024082154
8,64,165.25,0.0144846435287036
8,64,166.25,0.015074367984198034
8,64,167.25,0.014617145003285259
8,64,168.25,0.015294438460841775
8,64,169.25,0.014956844970583916
8,64,170.25,0.014848423015791923
8,64,171.25,0.01451321697095409
8,64,172.25,0.01535689999582246
8,64,173.25,0.014757144032046199
8,64,174.25,0.014912643993739039
8,64,175.25,0.014740835002157837
8,64,176.25,0.015443697979208082
8,64,177.25,0.014615113555919379
8,64,178.25,0.01481547998264432
8,64,179.25,0.014863031974527985
8,64,180.25,0.015023985062725842
8,64,181.25,0.014987887465395033
8,64,182.25,0.014337102009449154
8,64,183.25,0.015225355979055166
8,64,184.25,0.015095209004357457
8,64,185.25,0.014619886060245335
8,64,186.25,0.014835168025456369
8,64,187.25,0.014643919479567558
8,64,188.25,0.014794605493079871
8,64,189.25,0.014928821998182684
8,64,190.25,0.014995839504990727
8,64,191.25,0.015346997475717217
8,64,192.25,0.014319398032967001
8,64,193.25,0.015069245477207005
8,64,194.25,0.014748451008927077
8,64,195.25,0.015352624526713043
8,64,196.25,0.014620242989622056
8,64,197.25,0.014851844985969365
8,64,198.25,0.01503519801190123
8,64,199.25,0.014929122058674693
8,64,200.25,0.014838087547104806
8,64,201.25,0.014823247503954917
8,64,202.25,0.015018922043964267
8,64,203.25,0.01488440396497026
8,64,204.25,0.01485812448663637
8,64,205.25,0.015023097046650946
8,64,206.25,0.014828407496679574
8,64,207.25,0.014862186973914504
8,64,208.25,0.014935819548554718
8,64,209.25,0.014992653974331915
8,64,210.25,0.014784475031774491
8,64,211.25,0.014982304535806179
8,64,212.25,0.014915643958374858
8,64,213.25,0.014849425526335835
8,64,214.25,0.01490963000105694
8,64,215.25,0.014779931050725281
8,64,216.25,0.014984175970312208
8,64,217.25,0.01491802599048242
8,64,218.25,0.015061841520946473
8,64,219.25,0.014843195443972945
8,64,220.25,0.014900335518177599
8,64,221.25,0.014740723476279527
8,64,222.25,0.014942973502911627
8,64,223.25,0.014959466527216136
8,64,224.25,0.014791775436606258
8,64,225.25,0.01497500151162967
8,64,226.25,0.015009104507043958
8,64,227.25,0.014785802515689284
8,64,228.25,0.015379335032775998
8,64,229.25,0.014478070486802608
8,64,230.25,0.015060456527862698
8,64,231.25,0.014619196532294154
8,64,232.25,0.015127785969525576
8,64,233.25,0.014965709066018462
8,64,234.25,0.01485163945471868
8,64,235.25,0.014796262024901807
8,64,236.25,0.014882047951687127
8,64,237.25,0.014882364019285887
8,64,238.25,0.01501697045750916
8,64,239.25,0.014900077017955482
8,64,240.25,0.015108581981621683
8,64,241.25,0.014554067980498075
8,64,242.25,0.014893712534103543
8,64,243.25,0.015169526974204928
8,64,244.25,0.014732560550328344
8,64,245.25,0.01516188948880881
8,64,246.25,0.014857623493298888
8,64,247.25,0.014760710939299315
8,64,248.25,0.015049359470140189
8,64,249.25,0.014564075507223606
8,64,250.25,0.0148191669723019
8,64,251.25,0.014995269011706114
8,64,252.25,0.015237649029586464
8,64,253.25,0.014846468984615058
8,256,5.375,0.015221089532133192
8,256,6.375,0.014792313450016081
8,256,7.375,0.015097377996426076
8,256,8.375,0.014933082507923245
8,256,9.375,0.014876704546622932
8,256,10.375,0.015152295003645122
8,256,11.375,0.014905062562320381
8,256,12.375,0.014787454041652381
8,256,13.375,0.015196446503978223
8,256,14.375,0.015148010978009552
8,256,15.375,0.01478703907923773
8,256,16.375,0.014776249008718878
8,256,17.375,0.01497618854045868
8,256,18.375,0.015189801983069628
8,256,19.375,0.0148323510074988
8,256,20.375,0.01462292647920549
8,256,21.375,0.014943663962185383
8,256,22.375,0.015159197500906885
8,256,23.375,0.014445742010138929
8,256,24.375,0.015129497041925788
8,256,25.375,0.015159795992076397
8,256,26.375,0.01468692597700283
8,256,27.375,0.014670080505311489
8,256,28.375,0.014811125001870096
8,256,29.375,0.01528926205355674
8,256,30.375,0.014567721518687904
8,256,31.375,0.0148287009797059
8,256,32.375,0.015016263991128653
8,256,33.375,0.01493797154398635
8,256,34.375,0.014982016466092318
8,256,35.375,0.01493062701774761
8,256,36.375,0.01509387296391651
8,256,37.375,0.01486022601602599
8,256,38.375,0.014960606524255127
8,256,39.375,0.015224063477944583
8,256,40.375,0.014749301015399396
8,256,41.375,0.014526715967804193
8,256,42.375,0.014910982514265925
8,256,43.375,0.0147736199432984
8,256,44.375,0.015530657023191452
8,256,45.375,0.01491572248050943
8,256,46.375,0.014872429077513516
8,256,47.375,0.01452156453160569
8,256,48.375,0.014879582449793816
8,256,49.375,0.01474243844859302
8,256,50.375,0.015384418424218893
8,256,51.375,0.014648600539658219
8,256,52.375,0.015036831435281783
8,256,53.375,0.01476369402371347
8,256,54.375,0.014488399028778076
8,256,55.375,0.01527332846308127
8,256,56.375,0.014970010961405933
8,256,57.375,0.015084345010109246
8,256,58.375,0.014683997491374612
8,256,59.375,0.01522425701841712
8,256,60.375,0.01433693547733128
8,256,61.375,0.01535890850936994
8,256,62.375,0.014837335445918143
8,256,63.375,0.01462088554399088
8,256,64.375,0.014982653025072068
8,256,65.375,0.014899045519996434
8,256,66.375,0.014907153497915715
8,256,67.375,0.014969424926675856
8,256,68.375,0.014925647468771785
8,256,69.375,0.01495318894740194
8,256,70.375,0.014832251996267587
8,256,71.375,0.01528725796379149
8,256,72.375,0.014375118014868349
8,256,73.375,0.01495064701884985
8,256,74.375,0.01485370600130409
8,256,75.375,0.015416873502545059
8,256,76.375,0.014936196501366794
8,256,77.375,0.014942201029043645
8,256,78.375,0.014421244501136243
8,256,79.375,0.014952409022953361
8,256,80.375,0.015327577537391335
8,256,81.375,0.01459848799277097
8,256,82.375,0.01546736346790567
8,256,83.375,0.014491534500848502
8,256,84.375,0.01460873248288408
8,256,85.375,0.014964860980398953
8,256,86.375,0.014815995004028082
8,256,87.375,0.014762710488867015
8,256,88.375,0.0149710385594517
8,256,89.375,0.015165416931267828
8,256,90.375,0.01465145853580907
8,256,91.375,0.01506737299496308
8,256,92.375,0.014874060521833599
8,256,93.375,0.0148119370569475
8,256,94.375,0.014866930490825325
8,256,95.375,0.014817758987192065
8,256,96.375,0.015040318539831787
8,256,97.375,0.014724854961968958
8,256,98.375,0.015367223473731428
8,256,99.375,0.01453249342739582
8,256,100.375,0.01539781701285392
8,256,101.375,0.014808476436883211
8,256,102.375,0.014593951520510018
8,256,103.375,0.014921355003025383
8,256,104.375,0.01482400600798428
8,256,105.375,0.015225176466628909
8,256,106.375,0.015084590530022979
8,256,107.375,0.014641142974141985
8,256,108.375,0.014784740458708256
8,256,109.375,0.015001268533524126
8,256,110.375,0.01505643647396937
8,256,111.375,0.014969750482123345
8,256,112.375,0.0148393425042741
8,256,113.375,0.015046964457724243
8,256,114.375,0.01493387355003506
8,256,115.375,0.01470075297402218
8,256,116.375,0.014976266014855355
8,256,117.375,0.01492835400858894
8,256,118.375,0.015103351033758372
8,256,119.375,0.014810546999797225
8,256,120.375,0.015041942533571273
8,256,121.375,0.014731541043147445
8,256,122.375,0.014726710505783558
8,256,123.375,0.014990238996688277
8,256,124.375,0.014989360002800822
8,256,125.375,0.014845048484858125
8,256,126.375,0.014895953994709998
8,256,127.375,0.015128638013266027
8,256,128.375,0.014667287527117878
8,256,129.375,0.015066122927237302
8,256,130.375,0.015173303545452654
8,256,131.375,0.014817309973295778
8,256,132.375,0.014797215000726283
8,256,133.375,0.014977882034145296
8,256,134.375,0.015075120027177036
8,256,135.375,0.01477431645616889
8,256,136.375,0.014824098441749811
8,256,137.375,0.015006785513833165
8,256,138.375,0.015201447473373264
8,256,139.375,0.01505500596249476
8,256,140.375,0.014732605020981282
8,256,141.375,0.014797422452829778
8,256,142.375,0.014804077509324998
8,256,143.375,0.01511013851268217
8,256,144.375,0.015035368502140045
8,256,145.375,0.015034594514872879
8,256,146.375,0.01450633502099663
8,256,147.375,0.014889666461385787
8,256,148.375,0.014714628050569445
8,256,149.375,0.015066166990436614
8,256,150.375,0.014838306000456214
8,256,151.375,0.015178833971731365
8,256,152.375,0.014865014993119985
8,256,153.375,0.014879543043207377
8,256,154.375,0.014727118017617613
8,256,155.375,0.01486502995248884
8,256,156.375,0.01504916959675029
8,256,157.375,0.014935258484911174
8,256,158.375,0.01504781050607562
8,256,159.375,0.015121031028684229
8,256,160.375,0.014527891471516341
8,256,161.375,0.01527069351868704
8,256,162.375,0.014551009458955377
8,256,163.375,0.01488361501833424
8,256,164.375,0.014938260486815125
8,256,165.375,0.015267561073414981
8,256,166.375,0.014922044472768903
8,256,167.375,0.015002333500888199
8,256,168.375,0.0147008600179106
8,256,169.375,0.014957897481508553
8,256,170.375,0.014566836995072663
8,256,171.375,0.014881886541843414
8,256,172.375,0.015381745470222086
8,256,173.375,0.015006280038505793
8,256,174.375,0.014875566528644413
8,256,175.375,0.015175766486208886
8,256,176.375,0.014394470024853945
8,256,177.375,0.014965120528358966
8,256,178.375,0.014788622967898846
8,256,179.375,0.015120745985768735
8,256,180.375,0.014995228499174118
8,256,181.375,0.014766259002499282
8,256,182.375,0.014850303006824106
8,256,183.375,0.014990440977271646
8,256,184.375,0.014918047992978245
8,256,185.375,0.015192171500530094
8,256,186.375,0.014707796042785048
8,256,187.375,0.015089293534401804
8,256,188.375,0.014625573006924242
8,256,189.375,0.014985335990786552
8,256,190.375,0.014940398454200476
8,256,191.375,0.015002290951088071
8,256,192.375,0.015088622516486794
8,256,193.375,0.014797847019508481
8,256,194.375,0.015208788507152349
8,256,195.375,0.014519718999508768
8,256,196.375,0.014959722000639886
8,256,197.375,0.014871969993691891
8,256,198.375,0.014992981916293502
8,256,199.375,0.014979855506680906
8,256,200.375,0.015055070456583053
8,256,201.375,0.014856411493383348
8,256,202.375,0.0146918740356341
8,256,203.375,0.01497167005436495
8,256,204.375,0.015017586527392268
8,256,205.375,0.01523659803206101
8,256,206.375,0.01501985004870221
8,256,207.375,0.014800215023569763
8,256,208.375,0.01462688751053065
8,256,209.375,0.0151826964574866
8,256,210.375,0.014581054972950369
8,256,211.375,0.015279403422027826
8,256,212.375,0.015017170051578432
8,256,213.375,0.014815878530498594
8,256,214.375,0.014922380563803017
8,256,215.375,0.015022628474980593
8,256,216.375,0.014732140465639532
8,256,217.375,0.0146416065399535
8,256,218.375,0.015321710030548275
8,256,219.375,0.015480763046070933
8,256,220.375,0.014397224527783692
8,256,221.375,0.014994831522926688
8,256,222.375,0.014401802560314536
8,256,223.375,0.015332037466578186
8,256,224.375,0.014627482974901795
8,256,225.375,0.015268276503775269
8,256,226.375,0.014951158489566296
8,256,227.375,0.014854942506644875
8,256,228.375,0.015103353536687791
8,256,229.375,0.014789794513490051
8,256,230.375,0.014812649984378368
8,256,231.375,0.014813846442848444
8,256,232.375,0.01542839698959142
8,256,233.375,0.014552280481439084
8,256,234.375,0.015097875497303903
8,256,235.375,0.014653022517450154
8,256,236.375,0.015033083502203226
8,256,237.375,0.015009137976448983
8,256,238.375,0.014638102031312883
8,256,239.375,0.015182586445007473
8,256,240.375,0.015195341489743441
8,256,241.375,0.01474461006000638
8,256,242.375,0.014941308530978858
8,256,243.375,0.015181745984591544
8,256,244.375,0.014469464484136552
8,256,245.375,0.015239769534673542
8,256,246.375,0.015016102988738567
8,256,247.375,0.014682937995530665
8,256,248.375,0.015116071503143758
8,256,249.375,0.014758830016944557
8,256,250.375,0.01487484248355031
8,256,251.375,0.014999484526924789
8,256,252.375,0.015241798013448715
8,256,253.375,0.015154611959587783
8,1024,5.5,0.01527377450838685
8,1024,6.5,0.015302356507163495
8,1024,7.5,0.015021619037725031
8,1024,8.5,0.015671998960897326
8,1024,9.5,0.014552321517840028
8,1024,10.5,0.015642005018889904
8,1024,11.5,0.014512830995954573
8,1024,12.5,0.015587471483740956
8,1024,13.5,0.0146691839909181
8,1024,14.5,0.015289662056602538
8,1024,15.5,0.015004430548287928
8,1024,16.5,0.015359833487309515
8,1024,17.5,0.015014586446341127
8,1024,18.5,0.01482760300859809
8,1024,19.5,0.015374482492916286
8,1024,20.5,0.015001342981122434
8,1024,21.5,0.014746198954526335
8,1024,22.5,0.015055027499329299
8,1024,23.5,0.01506288954988122
8,1024,24.5,0.014946727955248207
8,1024,25.5,0.01524835848249495
8,1024,26.5,0.015232707490213215
8,1024,27.5,0.015367066545877606
8,1024,28.5,0.014888081001117826
8,1024,29.5,0.01478990848409012
8,1024,30.5,0.015230717021040618
8,1024,31.5,0.01509595604147762
8,1024,32.5,0.01512973546050489
8,1024,33.5,0.015047166030853987
8,1024,34.5,0.015053267998155206
8,1024,35.5,0.015208310971502215
8,1024,36.5,0.015141527517698705
8,1024,37.5,0.015177352470345795
8,1024,38.5,0.014874453016091138
8,1024,39.5,0.015358144009951502
8,1024,40.5,0.01505411701509729
8,1024,41.5,0.014751667506061494
8,1024,42.5,0.015523876005318016
8,1024,43.5,0.015178889036178589
8,1024,44.5,0.015021010069176555
8,1024,45.5,0.01510325854178518
8,1024,46.5,0.014780065976083279
8,1024,47.5,0.015244572481606156
8,1024,48.5,0.015322007006034255
8,1024,49.5,0.01448740652995184
8,1024,50.5,0.01567594998050481
8,1024,51.5,0.015117579547222704
8,1024,52.5,0.014802662015426904
8,1024,53.5,0.015122260549105704
8,1024,54.5,0.014838977949693799
8,1024,55.5,0.015237958519719541
8,1024,56.5,0.015491680998820812
8,1024,57.5,0.014996768499258906
8,1024,58.5,0.014809549495112151
8,1024,59.5,0.015173156978562474
8,1024,60.5,0.0151742355665192
8,1024,61.5,0.014832849497906864
8,1024,62.5,0.01543046097503975
8,1024,63.5,0.015240878972690552
8,1024,64.5,0.014668237010482699
8,1024,65.5,0.015446569537743926
8,1024,66.5,0.014849870465695858
8,1024,67.5,0.015167395526077598
8,1024,68.5,0.01529886748176068
8,1024,69.5,0.01512778055621311
8,1024,70.5,0.015125061036087573
8,1024,71.5,0.014928310527466238
8,1024,72.5,0.015447794401552528
8,1024,73.5,0.014634402003139257
8,1024,74.5,0.0148790079401806
8,1024,75.5,0.01496783149195835
8,1024,76.5,0.015387957566417754
8,1024,77.5,0.015282257460057735
8,1024,78.5,0.015054705494549125
8,1024,79.5,0.01483399944845587
8,1024,80.5,0.015257215010933578
8,1024,81.5,0.014928781485650688
8,1024,82.5,0.015421006071846932
8,1024,83.5,0.015019327984191477
8,1024,84.5,0.015164132986683398
8,1024,85.5,0.014957181992940605
8,1024,86.5,0.014961173990741372
8,1024,87.5,0.014913617982529104
8,1024,88.5,0.01567133446224034
8,1024,89.5,0.014797629555687308
8,1024,90.5,0.015029124449938536
8,1024,91.5,0.014921005524229258
8,1024,92.5,0.01536716753616929
8,1024,93.5,0.01498221349902451
8,1024,94.5,0.015306532441172749
8,1024,95.5,0.01527333352714777
8,1024,96.5,0.01503163151210174
8,1024,97.5,0.015382114972453564
8,1024,98.5,0.014941106957849115
8,1024,99.5,0.014727110508829355
8,1024,100.5,0.015330053982324898
8,1024,101.5,0.014959057443775237
8,1024,102.5,0.015244600013829768
8,1024,103.5,0.01515952602494508
8,1024,104.5,0.015149028971791267
8,1024,105.5,0.015101776458323002
8,1024,106.5,0.014961973472964019
8,1024,107.5,0.015171426523011178
8,1024,108.5,0.014876745466608554
8,1024,109.5,0.015476726519409567
8,1024,110.5,0.014733159041497856
8,1024,111.5,0.014964449510443956
8,1024,112.5,0.01577218499733135
8,1024,113.5,0.014823799428995699
8,1024,114.5,0.015000642568338662
8,1024,115.5,0.014796128496527672
8,1024,116.5,0.015560904459562153
8,1024,117.5,0.015112905006390065
8,1024,118.5,0.014952994999475777
8,1024,119.5,0.015145335462875664
8,1024,120.5,0.01484820555197075
8,1024,121.5,0.015192719001788646
8,1024,122.5,0.015184640535153449
8,1024,123.5,0.01478805352235213
8,1024,124.5,0.015048680477775633
8,1024,125.5,0.015140637522563338
8,1024,126.5,0.015436548041179776
8,1024,127.5,0.014948986005038023
8,1024,128.5,0.014634540013503283
8,1024,129.5,0.015552421507891268
8,1024,130.5,0.015050319489091635
8,1024,131.5,0.014829718973487616
8,1024,132.5,0.0153816444799304
8,1024,133.5,0.015513112535700202
8,1024,134.5,0.01439208653755486
8,1024,135.5,0.01517863554181531
8,1024,136.5,0.015237423533108085
8,1024,137.5,0.015253089542966336
8,1024,138.5,0.015439169015735388
8,1024,139.5,0.014795801427680999
8,1024,140.5,0.015011971001513302
8,1024,141.5,0.015129025501664728
8,1024,142.5,0.015290414972696453
8,1024,143.5,0.014985822548624128
8,1024,144.5,0.014846836973447353
8,1024,145.5,0.015553660050500184
8,1024,146.5,0.015058736433275044
8,1024,147.5,0.014998021477367729
8,1024,148.5,0.014996221580076963
8,1024,149.5,0.015241818968206644
8,1024,150.5,0.015048736066091806
8,1024,151.5,0.014952402445487678
8,1024,152.5,0.015447962505277246
8,1024,153.5,0.015166184981353581
8,1024,154.5,0.01471502095228061
8,1024,155.5,0.015125984442420304
8,1024,156.5,0.01544523099437356
8,1024,157.5,0.015278987935744226
8,1024,158.5,0.014949910051655024
8,1024,159.5,0.015169419988524169
8,1024,160.5,0.014986827503889799
8,1024,161.5,0.015279785497114062
8,1024,162.5,0.014803028956521302
8,1024,163.5,0.015315089432988316
8,1024,164.5,0.015302382002118975
8,1024,165.5,0.015137443959247321
8,1024,166.5,0.014976047037634999
8,1024,167.5,0.014882555406074971
8,1024,168.5,0.015283105487469584
8,1024,169.5,0.015204551513306797
8,1024,170.5,0.015076437557581812
8,1024,171.5,0.015117307018954307
8,1024,172.5,0.015346136467996985
8,1024,173.5,0.014881376991979778
8,1024,174.5,0.01521967799635604
8,1024,175.5,0.015132513479329646
8,1024,176.5,0.015055336989462376
8,1024,177.5,0.015358181553892791
8,1024,178.5,0.015072217036504298
8,1024,179.5,0.015273589524440467
8,1024,180.5,0.014735660457517952
8,1024,181.5,0.015408494975417852
8,1024,182.5,0.015226188523229212
8,1024,183.5,0.015216406434774399
8,1024,184.5,0.015043339051771909
8,1024,185.5,0.014904503943398595
8,1024,186.5,0.015203731483779848
8,1024,187.5,0.014935009996406734
8,1024,188.5,0.015040491533000022
8,1024,189.5,0.015383902005851269
8,1024,190.5,0.015006574976723641
8,1024,191.5,0.01541661296505481
8,1024,192.5,0.014890453487168998
8,1024,193.5,0.015367916028480977
8,1024,194.5,0.0149315515300259
8,1024,195.5,0.014616232016123831
8,1024,196.5,0.015226549468934536
8,1024,197.5,0.01541080151218921
8,1024,198.5,0.015082454483490437
8,1024,199.5,0.015078187978360802
8,1024,200.5,0.015112094522919506
8,1024,201.5,0.01504407700849697
8,1024,202.5,0.014992527023423463
8,1024,203.5,0.015563209017273039
8,1024,204.5,0.015221093955915421
8,1024,205.5,0.014924128539860249
8,1024,206.5,0.015235155064146966
8,1024,207.5,0.01468361500883475
8,1024,208.5,0.015572638949379325
8,1024,209.5,0.015054117073304951
8,1024,210.5,0.014943473448511213
8,1024,211.5,0.014956220460589975
8,1024,212.5,0.015544913010671735
8,1024,213.5,0.014990877476520836
8,1024,214.5,0.015130679530557245
8,1024,215.5,0.01504447840852663
8,1024,216.5,0.015197519503999501
8,1024,217.5,0.014970016025472432
8,1024,218.5,0.015387677471153438
8,1024,219.5,0.015278334030881524
8,1024,220.5,0.01460583898006007
8,1024,221.5,0.015316281002014875
8,1024,222.5,0.01494434749474749
8,1024,223.5,0.015287068032193929
8,1024,224.5,0.01514003798365593
8,1024,225.5,0.015447882004082203
8,1024,226.5,0.015158228517975658
8,1024,227.5,0.015079375938512385
8,1024,228.5,0.014556699024979025
8,1024,229.5,0.015850593976210803
8,1024,230.5,0.014794470451306552
8,1024,231.5,0.01527157094096765
8,1024,232.5,0.014910487516317517
8,1024,233.5,0.015079193573910743
8,1024,234.5,0.015199971909169108
8,1024,235.5,0.015066282532643527
8,1024,236.5,0.014882625953759998
8,1024,237.5,0.015260738553479314
8,1024,238.5,0.015608129964675754
8,1024,239.5,0.014864649041555822
8,1024,240.5,0.015054707997478545
8,1024,241.5,0.015510535973589867
8,1024,242.5,0.014609992504119873
8,1024,243.5,0.01523684646235779
8,1024,244.5,0.015700425021350384
8,1024,245.5,0.015012028452474624
8,1024,246.5,0.015236391045618802
8,1024,247.5,0.014706049987580627
8,1024,248.5,0.015320658509153873
8,1024,249.5,0.015173183986917138
8,1024,250.5,0.014878454036079347
8,1024,251.5,0.015414847468491644
8,1024,252.5,0.014723757980391383
8,1024,253.5,0.01569573051529005
8,4096,6.875,0.015889203001279384
8,4096,7.875,0.01598556147655472
8,4096,8.875,0.015960662509314716
8,4096,9.875,0.015905598003882915
8,4096,10.875,0.016168015485163778
8,4096,11.875,0.01547905697952956
8,4096,12.875,0.01605672901496291
8,4096,13.875,0.015658461023122072
8,4096,14.875,0.015740618982817978
8,4096,15.875,0.015815917518921196
8,4096,16.875,0.016043355513829738
8,4096,17.875,0.015563816006761044
8,4096,18.875,0.01647724100621417
8,4096,19.875,0.015550880460068583
8,4096,20.875,0.015581858053337783
8,4096,21.875,0.01544270949671045
8,4096,22.875,0.016445495013613254
8,4096,23.875,0.015424647484906018
8,4096,24.875,0.01618476997828111
8,4096,25.875,0.015596433018799871
8,4096,26.875,0.015778417990077287
8,4096,27.875,0.01577371550956741
8,4096,28.875,0.016130765492562205
8,4096,29.875,0.015613612544257194
8,4096,30.875,0.015962267003487796
8,4096,31.875,0.015868739516008645
8,4096,32.875,0.0157772820093669
8,4096,33.875,0.015878247504588217
8,4096,34.875,0.015990638465154916
8,4096,35.875,0.01586854999186471
8,4096,36.875,0.015843367495108396
8,4096,37.875,0.015728788974229246
8,4096,38.875,0.01593443244928494
8,4096,39.875,0.01562828803434968
8,4096,40.875,0.01589255395811051
8,4096,41.875,0.01573560357792303
8,4096,42.875,0.015800416527781636
8,4096,43.875,0.015830862976145
8,4096,44.875,0.015650733024813235
8,4096,45.875,0.01601219445001334
8,4096,46.875,0.015676592011004686
8,4096,47.875,0.015958036994561553
8,4096,48.875,0.01591299002757296
8,4096,49.875,0.01589958101976663
8,4096,50.875,0.015719670976977795
8,4096,51.875,0.01599091599928215
8,4096,52.875,0.015666905441321433
8,4096,53.875,0.01612960553029552
8,4096,54.875,0.015680337965022773
8,4096,55.875,0.01578727300511673
8,4096,56.875,0.015628782974090427
8,4096,57.875,0.01608523342292756
8,4096,58.875,0.015874653996434063
8,4096,59.875,0.016186319466214627
8,4096,60.875,0.01565364853013307
8,4096,61.875,0.015574798046145588
8,4096,62.875,0.015984970435965806
8,4096,63.875,0.015530086529906839
8,4096,64.875,0.016081462032161653
8,4096,65.875,0.015801174973603338
8,4096,66.875,0.015942486992571503
8,4096,67.875,0.01567589450860396
8,4096,68.875,0.015919236931949854
8,4096,69.875,0.01570430299034342
8,4096,70.875,0.016041007998865098
8,4096,71.875,0.015786774514708668
8,4096,72.875,0.016089746437501162
8,4096,73.875,0.015506502473726869
8,4096,74.875,0.015984202560503036
8,4096,75.875,0.015927038970403373
8,4096,76.875,0.015631147543899715
8,4096,77.875,0.01578976452583447
8,4096,78.875,0.015835193917155266
8,4096,79.875,0.01588685403112322
8,4096,80.875,0.015754857973661274
8,4096,81.875,0.01614274556050077
8,4096,82.875,0.015549433475825936
8,4096,83.875,0.01591219601687044
8,4096,84.875,0.01589158648857847
8,4096,85.875,0.016141715459525585
8,4096,86.875,0.015451531508006155
8,4096,87.875,0.015852199983783066
8,4096,88.875,0.015548689058050513
8,4096,89.875,0.016043536947108805
8,4096,90.875,0.01592798955971375
8,4096,91.875,0.015982658485881984
8,4096,92.875,0.015818094951100647
8,4096,93.875,0.01576728856889531
8,4096,94.875,0.015848686452955008
8,4096,95.875,0.015877661004196852
8,4096,96.875,0.015647491498384625
8,4096,97.875,0.015927249973174185
8,4096,98.875,0.016147082031238824
8,4096,99.875,0.015484326460864395
8,4096,100.875,0.01582719455473125
8,4096,101.875,0.01572013896657154
8,4096,102.875,0.016070559970103204
8,4096,103.875,0.01573839399497956
8,4096,104.875,0.015918888559099287
8,4096,105.875,0.01581909798551351
8,4096,106.875,0.015889875532593578
8,4096,107.875,0.01586573844542727
8,4096,108.875,0.015875536017119884
8,4096,109.875,0.01599706750130281
8,4096,110.875,0.015699066512752324
8,4096,111.875,0.01593706547282636
8,4096,112.875,0.015557535050902516
8,4096,113.875,0.015787991520483047
8,4096,114.875,0.015837147540878505
8,4096,115.875,0.01612042001215741
8,4096,116.875,0.015776209475006908
8,4096,117.875,0.015868105983827263
8,4096,118.875,0.015826250019017607
8,4096,119.875,0.015705479017924517
8,4096,120.875,0.01611927745398134
8,4096,121.875,0.015701386495493352
8,4096,122.875,0.016039121022913605
8,4096,123.875,0.015560436469968408
8,4096,124.875,0.015849225514102727
8,4096,125.875,0.016259117983281612
8,4096,126.875,0.015427871025167406
8,4096,127.875,0.015839794534258544
8,4096,128.875,0.016054260020609945
8,4096,129.875,0.016086012998130172
8,4096,130.875,0.01562321645906195
8,4096,131.875,0.015681984485127032
8,4096,132.875,0.015982897486537695
8,4096,133.875,0.01582224346930161
8,4096,134.875,0.016042812494561076
8,4096,135.875,0.01598316349554807
8,4096,136.875,0.015895802527666092
8,4096,137.875,0.0162259244825691
8,4096,138.875,0.015497642976697534
8,4096,139.875,0.016145219502504915
8,4096,140.875,0.015431662963237613
8,4096,141.875,0.016090408025775105
8,4096,142.875,0.015536741469986737
8,4096,143.875,0.015888653986621648
8,4096,144.875,0.01634956750785932
8,4096,145.875,0.01570511853788048
8,4096,146.875,0.015582625987008214
8,4096,147.875,0.016063574992585927
8,4096,148.875,0.016083374444860965
8,4096,149.875,0.01574501348659396
8,4096,150.875,0.01572586694965139
8,4096,151.875,0.01575349154882133
8,4096,152.875,0.015680590993724763
8,4096,153.875,0.0161034285556525
8,4096,154.875,0.015679210948292166
8,4096,155.875,0.01625406095990911
8,4096,156.875,0.015885133005212992
8,4096,157.875,0.015890583978034556
8,4096,158.875,0.015539897489361465
8,4096,159.875,0.0155723060015589
8,4096,160.875,0.016217389493249357
8,4096,161.875,0.01599214249290526
8,4096,162.875,0.01585740497102961
8,4096,163.875,0.015548463503364474
8,4096,164.875,0.01577167201321572
8,4096,165.875,0.015823182999156415
8,4096,166.875,0.01592286501545459
8,4096,167.875,0.01633791148196906
8,4096,168.875,0.016025952994823456
8,4096,169.875,0.015665252518374473
8,4096,170.875,0.015866275527514517
8,4096,171.875,0.015537002997007221
8,4096,172.875,0.01621168153360486
8,4096,173.875,0.015647303487639874
8,4096,174.875,0.015912108530756086
8,4096,175.875,0.01610472850734368
8,4096,176.875,0.01544867194024846
8,4096,177.875,0.01625064352992922
8,4096,178.875,0.015692137531004846
8,4096,179.875,0.016066886484622955
8,4096,180.875,0.015456321008969098
8,4096,181.875,0.016060991561971605
8,4096,182.875,0.0156550919637084
8,4096,183.875,0.016383726499043405
8,4096,184.875,0.015801331552211195
8,4096,185.875,0.015665638959035277
8,4096,186.875,0.015849771967623383
8,4096,187.875,0.015981404052581638
8,4096,188.875,0.015568129951134324
8,4096,189.875,0.016156918019987643
8,4096,190.875,0.015711761952843517
8,4096,191.875,0.016047017474193126
8,4096,192.875,0.015840548963751644
8,4096,193.875,0.015922169957775623
8,4096,194.875,0.015966247476171702
8,4096,195.875,0.01553754898486659
8,4096,196.875,0.016160283528734
8,4096,197.875,0.015441198949702084
8,4096,198.875,0.01621645997511223
8,4096,199.875,0.016104769078083336
8,4096,200.875,0.015485489973798394
8,4096,201.875,0.015880198974628
8,4096,202.875,0.01635712996358052
8,4096,203.875,0.015463976538740098
8,4096,204.875,0.015961439930833876
8,4096,205.875,0.015661851037293673
8,4096,206.875,0.01618982304353267
8,4096,207.875,0.01565852202475071
8,4096,208.875,0.015834256017114967
8,4096,209.875,0.015972488501574844
8,4096,210.875,0.01583259750623256
8,4096,211.875,0.01584538700990379
8,4096,212.875,0.01612958195619285
8,4096,213.875,0.01574989897198975
8,4096,214.875,0.015779928013216704
8,4096,215.875,0.01594027248211205
8,4096,216.875,0.015988925064448267
8,4096,217.875,0.01566354150418192
8,4096,218.875,0.01608710055006668
8,4096,219.875,0.015815534512512386
8,4096,220.875,0.015816263505257666
8,4096,221.875,0.016229645465500653
8,4096,222.875,0.015567494963761419
8,4096,223.875,0.015969365485943854
8,4096,224.875,0.01551096048206091
8,4096,225.875,0.01626128755742684
8,4096,226.875,0.01628390501718968
8,4096,227.875,0.015567936061415821
8,4096,228.875,0.015729455975815654
8,4096,229.875,0.015800694935023785
8,4096,230.875,0.015453474479727447
8,4096,231.875,0.016113685502205044
8,4096,232.875,0.01604901097016409
8,4096,233.875,0.015889864007476717
8,4096,234.875,0.015891838527750224
8,4096,235.875,0.01576388446846977
8,4096,236.875,0.016020668495912105
8,4096,237.875,0.015866419998928905
8,4096,238.875,0.015988746483344585
8,4096,239.875,0.015527353447396308
8,4096,240.875,0.016228068969212472
8,4096,241.875,0.0158219444565475
8,4096,242.875,0.01573551300680265
8,4096,243.875,0.01582561357645318
8,4096,244.875,0.016006994002964348
8,4096,245.875,0.015666679479181767
8,4096,246.875,0.01623614499112591
8,4096,247.875,0.01599005499156192
8,4096,248.875,0.015298427490051836
8,4096,249.875,0.01619351195404306
8,4096,250.875,0.016262774530332536
8,4096,251.875,0.015851191012188792
8,4096,252.875,0.016126270522363484
8,6144,7.0,0.01680110697634518
8,6144,8.0,0.01618995948228985
8,6144,9.0,0.016199586971197277
8,6144,10.0,0.016308683494571596
8,6144,11.0,0.016658269974868745
8,6144,12.0,0.01587590394774452
8,6144,13.0,0.016606714518275112
8,6144,14.0,0.016204829036723822
8,6144,15.0,0.016211998998187482
8,6144,16.0,0.01630356244277209
8,6144,17.0,0.01627025002380833
8,6144,18.0,0.016396276943851262
8,6144,19.0,0.01632605999475345
8,6144,20.0,0.016740132530685514
8,6144,21.0,0.015763873991090804
8,6144,22.0,0.016290890518575907
8,6144,23.0,0.016560990537982434
8,6144,24.0,0.01622112898621708
8,6144,25.0,0.016120715532451868
8,6144,26.0,0.01658473053248599
8,6144,27.0,0.016360369510948658
8,6144,28.0,0.015998131944797933
8,6144,29.0,0.016531069471966475
8,6144,30.0,0.016288869956042618
8,6144,31.0,0.016045367461629212
8,6144,32.0,0.016500710509717464
8,6144,33.0,0.016132107004523277
8,6144,34.0,0.016419720952399075
8,6144,35.0,0.01623987505445257
8,6144,36.0,0.016440773964859545
8,6144,37.0,0.01604827051050961
8,6144,38.0,0.016289033461362123
8,6144,39.0,0.016380162560380995
8,6144,40.0,0.016135471989400685
8,6144,41.0,0.01621001650346443
8,6144,42.0,0.016472770483233035
8,6144,43.0,0.016130760486703366
8,6144,44.0,0.016320058493874967
8,6144,45.0,0.01649937854381278
8,6144,46.0,0.016185676970053464
8,6144,47.0,0.016466436441987753
8,6144,48.0,0.01595150347566232
8,6144,49.0,0.01660273247398436
8,6144,50.0,0.016214064497034997
8,6144,51.0,0.016149216564372182
8,6144,52.0,0.016314084990881383
8,6144,53.0,0.0164364610100165
8,6144,54.0,0.016030921484343708
8,6144,55.0,0.016113933932501823
8,6144,56.0,0.01662688795477152
8,6144,57.0,0.01619896903866902
8,6144,58.0,0.016263744968455285
8,6144,59.0,0.01639285549754277
8,6144,60.0,0.016043649520725012
8,6144,61.0,0.01645924197509885
8,6144,62.0,0.01632487849565223
8,6144,63.0,0.016088937991298735
8,6144,64.0,0.016396645980421454
8,6144,65.0,0.01678278500912711
8,6144,66.0,0.01615514903096482
8,6144,67.0,0.016282039985526353
8,6144,68.0,0.016068397439084947
8,6144,69.0,0.01660235895542428
8,6144,70.0,0.015960709017235786
8,6144,71.0,0.01614489743951708
8,6144,72.0,0.01699250692036003
8,6144,73.0,0.016033613064792007
8,6144,74.0,0.016160307044629008
8,6144,75.0,0.01647113950457424
8,6144,76.0,0.016037068504374474
8,6144,77.0,0.01640856999438256
8,6144,78.0,0.016335218446329236
8,6144,79.0,0.01639940298628062
8,6144,80.0,0.016276258043944836
8,6144,81.0,0.016095006023533642
8,6144,82.0,0.016143152490258217
8,6144,83.0,0.01656400499632582
8,6144,84.0,0.01604423753451556
8,6144,85.0,0.016387353476602584
8,6144,86.0,0.016151911520864815
8,6144,87.0,0.016554397996515036
8,6144,88.0,0.01601549453334883
8,6144,89.0,0.01657468400662765
8,6144,90.0,0.016275048488751054
8,6144,91.0,0.01667913346318528
8,6144,92.0,0.01590875955298543
8,6144,93.0,0.016334125015418977
8,6144,94.0,0.016581436444539577
8,6144,95.0,0.01606501650530845
8,6144,96.0,0.016424777451902628
8,6144,97.0,0.01623138750437647
8,6144,98.0,0.016156961966771632
8,6144,99.0,0.016349586541764438
8,6144,100.0,0.01600962004158646
8,6144,101.0,0.016609943995717913
8,6144,102.0,0.01629452547058463
8,6144,103.0,0.01663688599364832
8,6144,104.0,0.016134717036038637
8,6144,105.0,0.016028422978706658
8,6144,106.0,0.016331561491824687
8,6144,107.0,0.01619415997993201
8,6144,108.0,0.016588336555287242
8,6144,109.0,0.016370040480978787
8,6144,110.0,0.01619319204473868
8,6144,111.0,0.016371152945794165
8,6144,112.0,0.016162790008820593
8,6144,113.0,0.01643832796253264
8,6144,114.0,0.016261650540400296
8,6144,115.0,0.016549767984542996
8,6144,116.0,0.01624050101963803
8,6144,117.0,0.01601121900603175
8,6144,118.0,0.016506506013683975
8,6144,119.0,0.016444039531052113
8,6144,120.0,0.01620124647160992
8,6144,121.0,0.016119385487399995
8,6144,122.0,0.016931107500568032
8,6144,123.0,0.015854643541388214
8,6144,124.0,0.01623084954917431
8,6144,125.0,0.01655191497411579
8,6144,126.0,0.01619032002054155
8,6144,127.0,0.0162432569777593
8,6144,128.0,0.01663455000380054
8,6144,129.0,0.016162226034794003
8,6144,130.0,0.01627044298220426
8,6144,131.0,0.016177775512915105
8,6144,132.0,0.016652205493301153
8,6144,133.0,0.01585941546363756
8,6144,134.0,0.01673047646181658
8,6144,135.0,0.01646866649389267
8,6144,136.0,0.01595525402808562
8,6144,137.0,0.016403082525357604
8,6144,138.0,0.016423939494416118
8,6144,139.0,0.01599266496486962
8,6144,140.0,0.01676698203664273
8,6144,141.0,0.016023233474697918
8,6144,142.0,0.016502120008226484
8,6144,143.0,0.016337627021130174
8,6144,144.0,0.016016399022191763
8,6144,145.0,0.016320235969033092
8,6144,146.0,0.016660632973071188
8,6144,147.0,0.016151240561157465
8,6144,148.0,0.016464478452689946
8,6144,149.0,0.016244034573901445
8,6144,150.0,0.016335662454366684
8,6144,151.0,0.016260011470876634
8,6144,152.0,0.016416668018791825
8,6144,153.0,0.016559896001126617
8,6144,154.0,0.016347880999092013
8,6144,155.0,0.01612938498146832
8,6144,156.0,0.016349691490177065
8,6144,157.0,0.016180031932890415
8,6144,158.0,0.016245687031187117
8,6144,159.0,0.016813198977615684
8,6144,160.0,0.015961582539603114
8,6144,161.0,0.016175649012438953
8,6144,162.0,0.016504164435900748
8,6144,163.0,0.01624094700673595
8,6144,164.0,0.01608615997247398
8,6144,165.0,0.01641805947292596
8,6144,166.0,0.01643979747314006
8,6144,167.0,0.016427521011792123
8,6144,168.0,0.016086214454844594
8,6144,169.0,0.016180234553758055
8,6144,170.0,0.01683822850463912
8,6144,171.0,0.016252890054602176
8,6144,172.0,0.01629907649476081
8,6144,173.0,0.016192946990486234
8,6144,174.0,0.016073906037490815
8,6144,175.0,0.016544857004191726
8,6144,176.0,0.016349522455129772
8,6144,177.0,0.01651309197768569
8,6144,178.0,0.016290458501316607
8,6144,179.0,0.016064757539425045
8,6144,180.0,0.016410404990892857
8,6144,181.0,0.016495204996317625
8,6144,182.0,0.016186388966161758
8,6144,183.0,0.016717121528927237
8,6144,184.0,0.015628577501047403
8,6144,185.0,0.01653095451183617
8,6144,186.0,0.016120526008307934
8,6144,187.0,0.016993812518194318
8,6144,188.0,0.01613075303612277
8,6144,189.0,0.0163013365236111
8,6144,190.0,0.016460998449474573
8,6144,191.0,0.016196719545405358
8,6144,192.0,0.01603651646291837
8,6144,193.0,0.016706160502508283
8,6144,194.0,0.01586238102754578
8,6144,195.0,0.016396045975852758
8,6144,196.0,0.0162903509917669
8,6144,197.0,0.01648177352035418
8,6144,198.0,0.01619054254842922
8,6144,199.0,0.016550451051443815
8,6144,200.0,0.016312605002894998
8,6144,201.0,0.016331578430254012
8,6144,202.0,0.01640352699905634
8,6144,203.0,0.016001453041099012
8,6144,204.0,0.01654347701696679
8,6144,205.0,0.01626799500081688
8,6144,206.0,0.016278073540888727
8,6144,207.0,0.016396943479776382
8,6144,208.0,0.016332152008544654
8,6144,209.0,0.01624393305974081
8,6144,210.0,0.016318299458362162
8,6144,211.0,0.016170898568816483
8,6144,212.0,0.01653291651746258
8,6144,213.0,0.016244012978859246
8,6144,214.0,0.016377025516703725
8,6144,215.0,0.016289236955344677
8,6144,216.0,0.016275998030323535
8,6144,217.0,0.01638232753612101
8,6144,218.0,0.016347678552847356
8,6144,219.0,0.016314256994519383
8,6144,220.0,0.01630333357024938
8,6144,221.0,0.016169506532605737
8,6144,222.0,0.016653413011226803
8,6144,223.0,0.016138544015120715
8,6144,224.0,0.01639879000140354
8,6144,225.0,0.016353727027308196
8,6144,226.0,0.01617578906007111
8,6144,227.0,0.016166895511560142
8,6144,228.0,0.01638617046410218
8,6144,229.0,0.01640729053178802
8,6144,230.0,0.016387225477956235
8,6144,231.0,0.016169602517038584
8,6144,232.0,0.016481956001371145
8,6144,233.0,0.016168389469385147
8,6144,234.0,0.01639193150913343
8,6144,235.0,0.016656361985951662
8,6144,236.0,0.015944295446388423
8,6144,237.0,0.016644760558847338
8,6144,238.0,0.016016600537113845
8,6144,239.0,0.01662867155391723
8,6144,240.0,0.01634498604107648
8,6144,241.0,0.015974263020325452
8,6144,242.0,0.016389536031056195
8,6144,243.0,0.016455118951853365
8,6144,244.0,0.016298702510539442
8,6144,245.0,0.016631080012302846
8,6144,246.0,0.01595970004564151
8,6144,247.0,0.016440662497188896
8,6144,248.0,0.01618017302826047
8,6144,249.0,0.016408696945291013
8,6144,250.0,0.01737400103593245
8,6144,251.0,0.016341499518603086
16,64,5.3125,0.015789359516929835
16,64,6.3125,0.01537452801130712
16,64,7.3125,0.015335095464251935
16,64,8.3125,0.015421993972267956
16,64,9.3125,0.015474537562113255
16,64,10.3125,0.015476210974156857
16,64,11.3125,0.015366854553576559
16,64,12.3125,0.015495544008444995
16,64,13.3125,0.015947016014251858
16,64,14.3125,0.01506094291107729
16,64,15.3125,0.015567165974061936
16,64,16.3125,0.015369400032795966
16,64,17.3125,0.015549619449302554
16,64,18.3125,0.015179932001046836
16,64,19.3125,0.015567080990877002
16,64,20.3125,0.015390018001198769
16,64,21.3125,0.01504400692647323
16,64,22.3125,0.01577111444203183
16,64,23.3125,0.015010053990408778
16,64,24.3125,0.015486902033444494
16,64,25.3125,0.015697947470471263
16,64,26.3125,0.015139430528506637
16,64,27.3125,0.01527541596442461
16,64,28.3125,0.015617627475876361
16,64,29.3125,0.015228985983412713
16,64,30.3125,0.01585668750340119
16,64,31.3125,0.015485307027120143
16,64,32.3125,0.015321835002396256
16,64,33.3125,0.015238763531669974
16,64,34.3125,0.01507849048357457
16,64,35.3125,0.015410534047987312
16,64,36.3125,0.01560924097429961
16,64,37.3125,0.01555014553014189
16,64,38.3125,0.01530478143831715
16,64,39.3125,0.015186038974206895
16,64,40.3125,0.015371210523881018
16,64,41.3125,0.015532013028860092
16,64,42.3125,0.015530248987488449
16,64,43.3125,0.015110608481336385
16,64,44.3125,0.015413921035360545
16,64,45.3125,0.015545763017144054
16,64,46.3125,0.015282173524610698
16,64,47.3125,0.015445729484781623
16,64,48.3125,0.015374378475826234
16,64,49.3125,0.015401102020405233
16,64,50.3125,0.015449361992068589
16,64,51.3125,0.015512668003793806
16,64,52.3125,0.015460995025932789
16,64,53.3125,0.015128945524338633
16,64,54.3125,0.015518282423727214
16,64,55.3125,0.015255255973897874
16,64,56.3125,0.015466900484170765
16,64,57.3125,0.015319902449846268
16,64,58.3125,0.015615506505127996
16,64,59.3125,0.01543164299800992
16,64,60.3125,0.01519473345251754
16,64,61.3125,0.01563896652078256
16,64,62.3125,0.015271654527168721
16,64,63.3125,0.015786425967235118
16,64,64.3125,0.0152589954668656
16,64,65.3125,0.015416721988003701
16,64,66.3125,0.015453567961230874
16,64,67.3125,0.015438722970429808
16,64,68.3125,0.015415522444527596
16,64,69.3125,0.015511784993577749
16,64,70.3125,0.015321105951443315
16,64,71.3125,0.015612467948812991
16,64,72.3125,0.015459570975508541
16,64,73.3125,0.015288370021153241
16,64,74.3125,0.01562634645961225
16,64,75.3125,0.015245001472067088
16,64,76.3125,0.015517367981374264
16,64,77.3125,0.015876861987635493
16,64,78.3125,0.015275692974682897
16,64,79.3125,0.015456785971764475
16,64,80.3125,0.015327281493227929
16,64,81.3125,0.015543268469627947
16,64,82.3125,0.015463774441741407
16,64,83.3125,0.015595986507833004
16,64,84.3125,0.015328538487665355
16,64,85.3125,0.015393425477668643
16,64,86.3125,0.015389298554509878
16,64,87.3125,0.015582921507302672
16,64,88.3125,0.0156153665157035
16,64,89.3125,0.015408989507704973
16,64,90.3125,0.015455513552296907
16,64,91.3125,0.015313417941797525
16,64,92.3125,0.015458525507710874
16,64,93.3125,0.015437067486345768
16,64,94.3125,0.015601669030729681
16,64,95.3125,0.015372441965155303
16,64,96.3125,0.015358684526290745
16,64,97.3125,0.015717655478511006
16,64,98.3125,0.015524987480603158
16,64,99.3125,0.015336073527578264
16,64,100.3125,0.01564236852573231
16,64,101.3125,0.015481184993404895
16,64,102.3125,0.015122677490580827
16,64,103.3125,0.016265964484773576
16,64,104.3125,0.015047957480419427
16,64,105.3125,0.015605623950250447
16,64,106.3125,0.014864778495393693
16,64,107.3125,0.01579651446081698
16,64,108.3125,0.015261155960615724
16,64,109.3125,0.01567795453593135
16,64,110.3125,0.015440241491887718
16,64,111.3125,0.01541246654232964
16,64,112.3125,0.015439553477335721
16,64,113.3125,0.01541361294221133
16,64,114.3125,0.015782442991621792
16,64,115.3125,0.015152441512327641
16,64,116.3125,0.015365489467512816
16,64,117.3125,0.01575530000263825
16,64,118.3125,0.015422236523590982
16,64,119.3125,0.015365105995442718
16,64,120.3125,0.015555577527265996
16,64,121.3125,0.015526100469287485
16,64,122.3125,0.015104892489034683
16,64,123.3125,0.015824625559616834
16,64,124.3125,0.015296660538297147
16,64,125.3125,0.015502020483836532
16,64,126.3125,0.01595198648283258
16,64,127.3125,0.015126951562706381
16,64,128.3125,0.015350111993029714
16,64,129.3125,0.015479738998692483
16,64,130.3125,0.015417703951243311
16,64,131.3125,0.015398118470329791
16,64,132.3125,0.015506180061493069
16,64,133.3125,0.015577294514514506
16,64,134.3125,0.015522070520091802
16,64,135.3125,0.015223438444081694
16,64,136.3125,0.01583368197316304
16,64,137.3125,0.015392423490993679
16,64,138.3125,0.01527353550773114
16,64,139.3125,0.015609709487762302
16,64,140.3125,0.0154162414255552
16,64,141.3125,0.01565930648939684
16,64,142.3125,0.015066318039316684
16,64,143.3125,0.015469981473870575
16,64,144.3125,0.015521245019044727
16,64,145.3125,0.015387317980639637
16,64,146.3125,0.015865404508076608
16,64,147.3125,0.015336045005824417
16,64,148.3125,0.015309898008126765
16,64,149.3125,0.015809922537300736
16,64,150.3125,0.015593772986903787
16,64,151.3125,0.015204851457383484
16,64,152.3125,0.015656853443942964
16,64,153.3125,0.01509953202912584
16,64,154.3125,0.01554949046112597
16,64,155.3125,0.01551583647960797
16,64,156.3125,0.015163849981036037
16,64,157.3125,0.01571482152212411
16,64,158.3125,0.015416965470649302
16,64,159.3125,0.01590086898067966
16,64,160.3125,0.014871921972371638
16,64,161.3125,0.015623685496393591
16,64,162.3125,0.015395559545140713
16,64,163.3125,0.015560673433355987
16,64,164.3125,0.015245942515321076
16,64,165.3125,0.015487545053474605
16,64,166.3125,0.015266862465068698
16,64,167.3125,0.015635047515388578
16,64,168.3125,0.015045525040477514
16,64,169.3125,0.015910314512439072
16,64,170.3125,0.015465791570022702
16,64,171.3125,0.01532136247260496
16,64,172.3125,0.015831329976208508
16,64,173.3125,0.015474373067263514
16,64,174.3125,0.015366102510597557
16,64,175.3125,0.015577547485008836
16,64,176.3125,0.01532627345295623
16,64,177.3125,0.015577730489894748
16,64,178.3125,0.015272810531314462
16,64,179.3125,0.015444715972989798
16,64,180.3125,0.01572406745981425
16,64,181.3125,0.014828991494141519
16,64,182.3125,0.015843723027501255
16,64,183.3125,0.015499557950533926
16,64,184.3125,0.015442773466929793
16,64,185.3125,0.015592210460454226
16,64,186.3125,0.015528796007856727
16,64,187.3125,0.015338904457166791
16,64,188.3125,0.016107873059809208
16,64,189.3125,0.015154358407016844
16,64,190.3125,0.015181348542682827
16,64,191.3125,0.015481389476917684
16,64,192.3125,0.01546868693549186
16,64,193.3125,0.015512336976826191
16,64,194.3125,0.015101631986908615
16,64,195.3125,0.015425481018610299
16,64,196.3125,0.01584826997714117
16,64,197.3125,0.015504046517889947
16,64,198.3125,0.015497097047045827
16,64,199.3125,0.0155257165315561
16,64,200.3125,0.015102781006135046
16,64,201.3125,0.01543594099348411
16,64,202.3125,0.01563171501038596
16,64,203.3125,0.015462079551070929
16,64,204.3125,0.015232790494337678
16,64,205.3125,0.015650078479666263
16,64,206.3125,0.01573469495633617
16,64,207.3125,0.01538946945220232
16,64,208.3125,0.01532986550591886
16,64,209.3125,0.015506076510064304
16,64,210.3125,0.015296265541110188
16,64,211.3125,0.015474017476662993
16,64,212.3125,0.015643496939446777
16,64,213.3125,0.015410854015499353
16,64,214.3125,0.015553088509477675
16,64,215.3125,0.01550067646894604
16,64,216.3125,0.01521923003019765
16,64,217.3125,0.015539773448836058
16,64,218.3125,0.01543537201359868
16,64,219.3125,0.015585568035021424
16,64,220.3125,0.015612498973496258
16,64,221.3125,0.015251137025188655
16,64,222.3125,0.015629721980076283
16,64,223.3125,0.01551942847436294
16,64,224.3125,0.015368786989711225
16,64,225.3125,0.0156929514487274
16,64,226.3125,0.01563990249997005
16,64,227.3125,0.015382710553240031
16,64,228.3125,0.015523826004937291
16,64,229.3125,0.015262214525137097
16,64,230.3125,0.01564250752562657
16,64,231.3125,0.015814361511729658
16,64,232.3125,0.015332057024352252
16,64,233.3125,0.015347803535405546
16,64,234.3125,0.015471657505258918
16,64,235.3125,0.015836788981687278
16,64,236.3125,0.014955391525290906
16,64,237.3125,0.015409337996970862
16,64,238.3125,0.015533651981968433
16,64,239.3125,0.015774489962495863
16,64,240.3125,0.015186655044090003
16,64,241.3125,0.015525557450018823
16,64,242.3125,0.015719659975729883
16,64,243.3125,0.01575143204536289
16,64,244.3125,0.015246222028508782
16,64,245.3125,0.015406050544697791
16,64,246.3125,0.015438554983120412
16,64,247.3125,0.015592767449561507
16,64,248.3125,0.015301452483981848
16,64,249.3125,0.015391979017294943
16,64,250.3125,0.01556622504722327
16,64,251.3125,0.01549989846535027
16,64,252.3125,0.015360043558757752
16,64,253.3125,0.016407085058744997
16,256,5.3125,0.015770467463880777
16,256,6.3125,0.0154377895523794
16,256,7.3125,0.01555189851205796
16,256,8.3125,0.015636944503057748
16,256,9.3125,0.015718342969194055
16,256,10.3125,0.0153740220121108
16,256,11.3125,0.015608156041707844
16,256,12.3125,0.015532635967247188
16,256,13.3125,0.015505899034906179
16,256,14.3125,0.015582128951791674
16,256,15.3125,0.015926311432849616
16,256,16.3125,0.015163322037551552
16,256,17.3125,0.015511237550526857
16,256,18.3125,0.015327549015637487
16,256,19.3125,0.015506316965911537
16,256,20.3125,0.015351212467066944
16,256,21.3125,0.01564485247945413
16,256,22.3125,0.01572919054888189
16,256,23.3125,0.015421609568875283
16,256,24.3125,0.01580051548080519
16,256,25.3125,0.014991800009738654
16,256,26.3125,0.01530852448195219
16,256,27.3125,0.016038015950471163
16,256,28.3125,0.015204785042442381
16,256,29.3125,0.015792832477018237
16,256,30.3125,0.015219631954096258
16,256,31.3125,0.015391223947517574
16,256,32.3125,0.01598633243702352
16,256,33.3125,0.015224823437165469
16,256,34.3125,0.015717109432443976
16,256,35.3125,0.015164308017119765
16,256,36.3125,0.015578952967189252
16,256,37.3125,0.015480099013075233
16,256,38.3125,0.015240008942782879
16,256,39.3125,0.015964135993272066
16,256,40.3125,0.015089202031958848
16,256,41.3125,0.015925148967653513
16,256,42.3125,0.015479251509532332
16,256,43.3125,0.01506999199045822
16,256,44.3125,0.015712517488282174
16,256,45.3125,0.01520540047204122
16,256,46.3125,0.015636991534847766
16,256,47.3125,0.015790146950166672
16,256,48.3125,0.015336028998717666
16,256,49.3125,0.015249141491949558
16,256,50.3125,0.015440563962329179
16,256,51.3125,0.015424583049025387
16,256,52.3125,0.015643000544514507
16,256,53.3125,0.015585594461299479
16,256,54.3125,0.015504832961596549
16,256,55.3125,0.015421069983858615
16,256,56.3125,0.015308278030715883
16,256,57.3125,0.015581836516503245
16,256,58.3125,0.015530020464211702
16,256,59.3125,0.015402266464661807
16,256,60.3125,0.015425375022459775
16,256,61.3125,0.015616082004271448
16,256,62.3125,0.015490487043280154
16,256,63.3125,0.015504177485127002
16,256,64.3125,0.015524525020737201
16,256,65.3125,0.015264177462086082
16,256,66.3125,0.015939833014272153
16,256,67.3125,0.015059607976581901
16,256,68.3125,0.015422582975588739
16,256,69.3125,0.015732246974948794
16,256,70.3125,0.015213969978503883
16,256,71.3125,0.01584245398407802
16,256,72.3125,0.015463984513189644
16,256,73.3125,0.015691130014602095
16,256,74.3125,0.015390357526484877
16,256,75.3125,0.015619122015777975
16,256,76.3125,0.01538673194590956
16,256,77.3125,0.015661132463719696
16,256,78.3125,0.015426989062689245
16,256,79.3125,0.015560870000626892
16,256,80.3125,0.015212501981295645
16,256,81.3125,0.015589567483402789
16,256,82.3125,0.015583466971293092
16,256,83.3125,0.01531039399560541
16,256,84.3125,0.015463421470485628
16,256,85.3125,0.015520369517616928
16,256,86.3125,0.0157942995429039
16,256,87.3125,0.015341849997639656
16,256,88.3125,0.015421248448546976
16,256,89.3125,0.015686892496887594
16,256,90.3125,0.015323309984523803
16,256,91.3125,0.015429566497914493
16,256,92.3125,0.015640835044905543
16,256,93.3125,0.01537312101572752
16,256,94.3125,0.015586400520987809
16,256,95.3125,0.01554304052842781
16,256,96.3125,0.01559496548725292
16,256,97.3125,0.015348822460509837
16,256,98.3125,0.015616986551322043
16,256,99.3125,0.015263126522768289
16,256,100.3125,0.016049555444624275
16,256,101.3125,0.015336507989559323
16,256,102.3125,0.015234574442729354
16,256,103.3125,0.015426913450937718
16,256,104.3125,0.015472465544007719
16,256,105.3125,0.015613249503076077
16,256,106.3125,0.015560055966489017
16,256,107.3125,0.01535949349636212
16,256,108.3125,0.015840734995435923
16,256,109.3125,0.015577118494547904
16,256,110.3125,0.015432938002049923
16,256,111.3125,0.015572973992675543
16,256,112.3125,0.015437590016517788
16,256,113.3125,0.01565373153425753
16,256,114.3125,0.015402469551190734
16,256,115.3125,0.015191576501820236
16,256,116.3125,0.015566543501336128
16,256,117.3125,0.015718222479335964
16,256,118.3125,0.01514844101620838
16,256,119.3125,0.01603867905214429
16,256,120.3125,0.014877191511914134
16,256,121.3125,0.015912736009340733
16,256,122.3125,0.015431623498443514
16,256,123.3125,0.01584861654555425
16,256,124.3125,0.015270267031155527
16,256,125.3125,0.01528494048397988
16,256,126.3125,0.015556041966192424
16,256,127.3125,0.015487169963307679
16,256,128.3125,0.015708260994870216
16,256,129.3125,0.015075382019858807
16,256,130.3125,0.015865173016209155
16,256,131.3125,0.01586847595172003
16,256,132.3125,0.015307760972063988
16,256,133.3125,0.01536726247286424
16,256,134.3125,0.01542432454880327
16,256,135.3125,0.015864794491790235
16,256,136.3125,0.015595806471537799
16,256,137.3125,0.015568988514132798
16,256,138.3125,0.01574580802116543
16,256,139.3125,0.015270870935637504
16,256,140.3125,0.01551424851641059
16,256,141.3125,0.015809511998668313
16,256,142.3125,0.015654639049898833
16,256,143.3125,0.015547967981547117
16,256,144.3125,0.015329656947869807
16,256,145.3125,0.01571932400111109
16,256,146.3125,0.015424909011926502
16,256,147.3125,0.015567666967399418
16,256,148.3125,0.015728546539321542
16,256,149.3125,0.015500666457228363
16,256,150.3125,0.015559925988782197
16,256,151.3125,0.015846475958824158
16,256,152.3125,0.015294081007596105
16,256,153.3125,0.015404540521558374
16,256,154.3125,0.016033348452765495
16,256,155.3125,0.015595392556861043
16,256,156.3125,0.015248435491230339
16,256,157.3125,0.015613856550771743
16,256,158.3125,0.015537835482973605
16,256,159.3125,0.015960219490807503
16,256,160.3125,0.015641577483620495
16,256,161.3125,0.015428892453201115
16,256,162.3125,0.015516982937697321
16,256,163.3125,0.015464390511624515
16,256,164.3125,0.015367071551736444
16,256,165.3125,0.015890788985416293
16,256,166.3125,0.015615172975230962
16,256,167.3125,0.015738223562948406
16,256,168.3125,0.01548897143220529
16,256,169.3125,0.015462978975847363
16,256,170.3125,0.015606904053129256
16,256,171.3125,0.015546606504358351
16,256,172.3125,0.01564197347033769
16,256,173.3125,0.015578736492898315
16,256,174.3125,0.015441882016602904
16,256,175.3125,0.015784488001372665
16,256,176.3125,0.015498184016905725
16,256,177.3125,0.015381945529952645
16,256,178.3125,0.015554049983620644
16,256,179.3125,0.015877898025792092
16,256,180.3125,0.015622261562384665
16,256,181.3125,0.01522071851650253
16,256,182.3125,0.01599406253080815
16,256,183.3125,0.015243009489495307
16,256,184.3125,0.015490972495172173
16,256,185.3125,0.016137956525199115
16,256,186.3125,0.015392325003631413
16,256,187.3125,0.015868015529122204
16,256,188.3125,0.0156011515064165
16,256,189.3125,0.01512354047736153
16,256,190.3125,0.015228642034344375
16,256,191.3125,0.015880322025623173
16,256,192.3125,0.015450797975063324
16,256,193.3125,0.01572711643530056
16,256,194.3125,0.016032957937568426
16,256,195.3125,0.015238098567351699
16,256,196.3125,0.01535817253170535
16,256,197.3125,0.01582404552027583
16,256,198.3125,0.01566839759470895
16,256,199.3125,0.01526448002550751
16,256,200.3125,0.015643312479369342
16,256,201.3125,0.015600641490891576
16,256,202.3125,0.01588912698207423
16,256,203.3125,0.015106321079656482
16,256,204.3125,0.015653442009352148
16,256,205.3125,0.01617167703807354
16,256,206.3125,0.015479875961318612
16,256,207.3125,0.015558305545710027
16,256,208.3125,0.015719801012892276
16,256,209.3125,0.015561553940642625
16,256,210.3125,0.015334116527810693
16,256,211.3125,0.016024225973524153
16,256,212.3125,0.01479914749506861
16,256,213.3125,0.01586818852229044
16,256,214.3125,0.015679400006774813
16,256,215.3125,0.015507729956880212
16,256,216.3125,0.015513879479840398
16,256,217.3125,0.01582484447862953
16,256,218.3125,0.015503912465646863
16,256,219.3125,0.01551106502301991
16,256,220.3125,0.01564680354204029
16,256,221.3125,0.015571904485113919
16,256,222.3125,0.015573149430565536
16,256,223.3125,0.015450141043402255
16,256,224.3125,0.01584377948893234
16,256,225.3125,0.015279960469342768
16,256,226.3125,0.015737481997348368
16,256,227.3125,0.015466547047253698
16,256,228.3125,0.015823981491848826
16,256,229.3125,0.015406362072099
16,256,230.3125,0.015426278987433761
16,256,231.3125,0.01585540041560307
16,256,232.3125,0.015829201554879546
16,256,233.3125,0.015532667515799403
16,256,234.3125,0.015239963540807366
16,256,235.3125,0.015786425559781492
16,256,236.3125,0.015888967493083328
16,256,237.3125,0.01560313900699839
16,256,238.3125,0.015045655542053282
16,256,239.3125,0.01603676052764058
16,256,240.3125,0.01530194201041013
16,256,241.3125,0.015853470482397825
16,256,242.3125,0.01533993351040408
16,256,243.3125,0.015425506513565779
16,256,244.3125,0.01611898245755583
16,256,245.3125,0.015384266967885196
16,256,246.3125,0.016060013498645276
16,256,247.3125,0.015439913957379758
16,256,248.3125,0.014983394998125732
16,256,249.3125,0.015549506526440382
16,256,250.3125,0.016195054980926216
16,256,251.3125,0.015282386564649642
16,256,252.3125,0.015385813952889293
16,256,253.3125,0.01606552448356524
16,1024,6.125,0.01614583149785176
16,1024,7.125,0.016120248939841986
16,1024,8.125,0.01587207493139431
16,1024,9.125,0.015679954492952675
16,1024,10.125,0.01591462700162083
16,1024,11.125,0.01570597552927211
16,1024,12.125,0.01618258800590411
16,1024,13.125,0.015901688020676374
16,1024,14.125,0.015880082442890853
16,1024,15.125,0.015917692449875176
16,1024,16.125,0.016069269040599465
16,1024,17.125,0.015455994580406696
16,1024,18.125,0.01618065597722307
16,1024,19.125,0.015714296547230333
16,1024,20.125,0.015675663482397795
16,1024,21.125,0.01636301656253636
16,1024,22.125,0.01593338546808809
16,1024,23.125,0.015577627927996218
16,1024,24.125,0.016135574027430266
16,1024,25.125,0.015729718026705086
16,1024,26.125,0.015644820989109576
16,1024,27.125,0.016288432467263192
16,1024,28.125,0.015629082510713488
16,1024,29.125,0.01601106848102063
16,1024,30.125,0.015482048969715834
16,1024,31.125,0.01630033552646637
16,1024,32.125,0.01593616552418098
16,1024,33.125,0.015787435520906
16,1024,34.125,0.01597717503318563
16,1024,35.125,0.015821192937437445
16,1024,36.125,0.015501967980526388
16,1024,37.125,0.016150292474776506
16,1024,38.125,0.016042263014242053
16,1024,39.125,0.015795558516401798
16,1024,40.125,0.015537749452050775
16,1024,41.125,0.016143967513926327
16,1024,42.125,0.015675874950829893
16,1024,43.125,0.016118472500238568
16,1024,44.125,0.015783993992954493
16,1024,45.125,0.015881715982686728
16,1024,46.125,0.0159494910039939
16,1024,47.125,0.01581591193098575
16,1024,48.125,0.015903565974440426
16,1024,49.125,0.01593752152984962
16,1024,50.125,0.01564119552494958
16,1024,51.125,0.01594839250901714
16,1024,52.125,0.015787717537023127
16,1024,53.125,0.016096370993182063
16,1024,54.125,0.015741996525321156
16,1024,55.125,0.01595923549029976
16,1024,56.125,0.015801338478922844
16,1024,57.125,0.016019175993278623
16,1024,58.125,0.01568852848140523
16,1024,59.125,0.01591210952028632
16,1024,60.125,0.015902201470453292
16,1024,61.125,0.016101576969958842
16,1024,62.125,0.015897984558250755
16,1024,63.125,0.015892601513769478
16,1024,64.125,0.01600865594809875
16,1024,65.125,0.015906136017292738
16,1024,66.125,0.015539343527052552
16,1024,67.125,0.016318692010827363
16,1024,68.125,0.015786419506184757
16,1024,69.125,0.015988098457455635
16,1024,70.125,0.015434274973813444
16,1024,71.125,0.01603025646181777
16,1024,72.125,0.01594241999555379
16,1024,73.125,0.015562470012810081
16,1024,74.125,0.01604802202200517
16,1024,75.125,0.015961561526637524
16,1024,76.125,0.01587219152133912
16,1024,77.125,0.015695337497163564
16,1024,78.125,0.01600543351378292
16,1024,79.125,0.016137997969053686
16,1024,80.125,0.015857357531785965
16,1024,81.125,0.015664060949347913
16,1024,82.125,0.0158686155336909
16,1024,83.125,0.01580851199105382
16,1024,84.125,0.016340652015060186
16,1024,85.125,0.015689152001868933
16,1024,86.125,0.015797304513398558
16,1024,87.125,0.01616321346955374
16,1024,88.125,0.016032520041335374
16,1024,89.125,0.015539322514086962
16,1024,90.125,0.01593819644767791
16,1024,91.125,0.01575764053268358
16,1024,92.125,0.015812243975233287
16,1024,93.125,0.01602551352698356
16,1024,94.125,0.01574922347208485
16,1024,95.125,0.01631059346254915
16,1024,96.125,0.016020738461520523
16,1024,97.125,0.015633901464752853
16,1024,98.125,0.015694201982114464
16,1024,99.125,0.016069609497208148
16,1024,100.125,0.015927625529002398
16,1024,101.125,0.01621316745877266
16,1024,102.125,0.01553380856057629
16,1024,103.125,0.016493323957547545
16,1024,104.125,0.015285798523109406
16,1024,105.125,0.016159366932697594
16,1024,106.125,0.015878567937761545
16,1024,107.125,0.015658446005545557
16,1024,108.125,0.016136399994138628
16,1024,109.125,0.015789308468811214
16,1024,110.125,0.01592157402774319
16,1024,111.125,0.01608851650962606
16,1024,112.125,0.015682472963817418
16,1024,113.125,0.015904881991446018
16,1024,114.125,0.016101720510050654
16,1024,115.125,0.015843959990888834
16,1024,116.125,0.015894039999693632
16,1024,117.125,0.015908177010715008
16,1024,118.125,0.015907185967080295
16,1024,119.125,0.015992141561582685
16,1024,120.125,0.01573592098429799
16,1024,121.125,0.015817030507605523
16,1024,122.125,0.01599779148818925
16,1024,123.125,0.015680484473705292
16,1024,124.125,0.015935199451632798
16,1024,125.125,0.016094402002636343
16,1024,126.125,0.015773962484672666
16,1024,127.125,0.016264212550595403
16,1024,128.125,0.015683627454563975
16,1024,129.125,0.015925016545224935
16,1024,130.125,0.01588348246878013
16,1024,131.125,0.01613658748101443
16,1024,132.125,0.016096200444735587
16,1024,133.125,0.015524715010542423
16,1024,134.125,0.015889199974481016
16,1024,135.125,0.01594688545446843
16,1024,136.125,0.016059718502219766
16,1024,137.125,0.016079462016932666
16,1024,138.125,0.015883662505075336
16,1024,139.125,0.0158727039815858
16,1024,140.125,0.01579230697825551
16,1024,141.125,0.0160815694835037
16,1024,142.125,0.015643582970369607
16,1024,143.125,0.016139430517796427
16,1024,144.125,0.01595203101169318
16,1024,145.125,0.016172023490071297
16,1024,146.125,0.016029964957851917
16,1024,147.125,0.015778999018948525
16,1024,148.125,0.015814219950698316
16,1024,149.125,0.016052924504037946
16,1024,150.125,0.01576556492364034
16,1024,151.125,0.01598163554444909
16,1024,152.125,0.015828681003767997
16,1024,153.125,0.01619405997917056
16,1024,154.125,0.01586085750022903
16,1024,155.125,0.015910692047327757
16,1024,156.125,0.016205928521230817
16,1024,157.125,0.015753514075186104
16,1024,158.125,0.0159749950398691
16,1024,159.125,0.01568215648876503
16,1024,160.125,0.01623123249737546
16,1024,161.125,0.015648606524337083
16,1024,162.125,0.016383002512156963
16,1024,163.125,0.015832432953175157
16,1024,164.125,0.01589321903884411
16,1024,165.125,0.015860067447647452
16,1024,166.125,0.015770507568959147
16,1024,167.125,0.016005255456548184
16,1024,168.125,0.01612430950626731
16,1024,169.125,0.01583401655079797
16,1024,170.125,0.01589925546431914
16,1024,171.125,0.01604193146340549
16,1024,172.125,0.015936866984702647
16,1024,173.125,0.01609777001431212
16,1024,174.125,0.015894158510491252
16,1024,175.125,0.0160224485443905
16,1024,176.125,0.015847566013690084
16,1024,177.125,0.015983223041985184
16,1024,178.125,0.016004844976123422
16,1024,179.125,0.01588925946271047
16,1024,180.125,0.015863860957324505
16,1024,181.125,0.016006704478058964
16,1024,182.125,0.01604575349483639
16,1024,183.125,0.016068745986558497
16,1024,184.125,0.0159322340041399
16,1024,185.125,0.016228131542447954
16,1024,186.125,0.015505566028878093
16,1024,187.125,0.01603111397707835
16,1024,188.125,0.01614676642930135
16,1024,189.125,0.01585246151080355
16,1024,190.125,0.016342962509952486
16,1024,191.125,0.015376835479401052
16,1024,192.125,0.01638992945663631
16,1024,193.125,0.015791367506608367
16,1024,194.125,0.015888395020738244
16,1024,195.125,0.015912417497020215
16,1024,196.125,0.015984766010660678
16,1024,197.125,0.01598694850690663
16,1024,198.125,0.016165481531061232
16,1024,199.125,0.01566451950930059
16,1024,200.125,0.015992324042599648
16,1024,201.125,0.015822216984815896
16,1024,202.125,0.016108233074191958
16,1024,203.125,0.015942860452923924
16,1024,204.125,0.01615529047558084
16,1024,205.125,0.015650778484996408
16,1024,206.125,0.01602936501149088
16,1024,207.125,0.01619735104031861
16,1024,208.125,0.01574465201701969
16,1024,209.125,0.016055559972301126
16,1024,210.125,0.016081693000160158
16,1024,211.125,0.016213004535529763
16,1024,212.125,0.015439276525285095
16,1024,213.125,0.01596126356162131
16,1024,214.125,0.01673496246803552
16,1024,215.125,0.015574957535136491
16,1024,216.125,0.016114919038955122
16,1024,217.125,0.015852134965825826
16,1024,218.125,0.015491552476305515
16,1024,219.125,0.016268117993604392
16,1024,220.125,0.015908111992757767
16,1024,221.125,0.016051887068897486
16,1024,222.125,0.016009165439754725
16,1024,223.125,0.016158655984327197
16,1024,224.125,0.015616071526892483
16,1024,225.125,0.01631540898233652
16,1024,226.125,0.015922991500701755
16,1024,227.125,0.015726265497505665
16,1024,228.125,0.016128274495713413
16,1024,229.125,0.01592203602194786
16,1024,230.125,0.01596617797622457
16,1024,231.125,0.015944588463753462
16,1024,232.125,0.015965360566042364
16,1024,233.125,0.015773834951687604
16,1024,234.125,0.016258261050097644
16,1024,235.125,0.01599751302273944
16,1024,236.125,0.015599763952195644
16,1024,237.125,0.01626216055592522
16,1024,238.125,0.01590145454974845
16,1024,239.125,0.016058395500294864
16,1024,240.125,0.016202049038838595
16,1024,241.125,0.015826930466573685
16,1024,242.125,0.015971905493643135
16,1024,243.125,0.016039862006437033
16,1024,244.125,0.01592748798429966
16,1024,245.125,0.015992298489436507
16,1024,246.125,0.016209759458433837
16,1024,247.125,0.015919021563604474
16,1024,248.125,0.015767706965561956
16,1024,249.125,0.01600916951429099
16,1024,250.125,0.015976478054653853
16,1024,251.125,0.015788382035680115
16,1024,252.125,0.01601622806629166
16,1024,253.125,0.017327570996712893
16,4096,8.3125,0.016702309483662248
16,4096,9.3125,0.017413246969226748
16,4096,10.3125,0.017099721590057015
16,4096,11.3125,0.017391752975527197
16,4096,12.3125,0.017302783555351198
16,4096,13.3125,0.0170352915301919
16,4096,14.3125,0.017363720980938524
16,4096,15.3125,0.017525522969663143
16,4096,16.3125,0.016883453470654786
16,4096,17.3125,0.0172863855259493
16,4096,18.3125,0.017313647957053035
16,4096,19.3125,0.017297148471698165
16,4096,20.3125,0.017081548983696848
16,4096,21.3125,0.017396732000634074
16,4096,22.3125,0.017263635993003845
16,4096,23.3125,0.017118104558903724
16,4096,24.3125,0.017333176045212895
16,4096,25.3125,0.01734760799445212
16,4096,26.3125,0.016981654451228678
16,4096,27.3125,0.01724190794629976
16,4096,28.3125,0.017297227052040398
16,4096,29.3125,0.017300944949965924
16,4096,30.3125,0.017265042522922158
16,4096,31.3125,0.017369010485708714
16,4096,32.3125,0.017135525529738516
16,4096,33.3125,0.017275830963626504
16,4096,34.3125,0.017255348968319595
16,4096,35.3125,0.017305893008597195
16,4096,36.3125,0.017194479994941503
16,4096,37.3125,0.01717657095286995
16,4096,38.3125,0.0172001090249978
16,4096,39.3125,0.017349251022096723
16,4096,40.3125,0.017456703062634915
16,4096,41.3125,0.017269784933887422
16,4096,42.3125,0.016929239965975285
16,4096,43.3125,0.017546596995089203
16,4096,44.3125,0.017526096024084836
16,4096,45.3125,0.016608780017122626
16,4096,46.3125,0.01753873802954331
16,4096,47.3125,0.017033240001183003
16,4096,48.3125,0.017399542033672333
16,4096,49.3125,0.01740557892480865
16,4096,50.3125,0.017362241924274713
16,4096,51.3125,0.01680651499191299
16,4096,52.3125,0.01785681350156665
16,4096,53.3125,0.01660951250232756
16,4096,54.3125,0.017493001476395875
16,4096,55.3125,0.017271286458708346
16,4096,56.3125,0.017140447511337698
16,4096,57.3125,0.0173590065096505
16,4096,58.3125,0.017319076985586435
16,4096,59.3125,0.016860376461409032
16,4096,60.3125,0.017439689487218857
16,4096,61.3125,0.01731407956685871
16,4096,62.3125,0.01752056396799162
16,4096,63.3125,0.016809227061457932
16,4096,64.3125,0.017463243508245796
16,4096,65.3125,0.017075588984880596
16,4096,66.3125,0.017775960033759475
16,4096,67.3125,0.01704905350925401
16,4096,68.3125,0.01701813144609332
16,4096,69.3125,0.017175591958221048
16,4096,70.3125,0.01712765800766647
16,4096,71.3125,0.017339221492875367
16,4096,72.3125,0.017415528011042625
16,4096,73.3125,0.017220112029463053
16,4096,74.3125,0.016976967512164265
16,4096,75.3125,0.017686335486359894
16,4096,76.3125,0.017142741999123245
16,4096,77.3125,0.01714991801418364
16,4096,78.3125,0.0172759045381099
16,4096,79.3125,0.0174002229468897
16,4096,80.3125,0.016940919973421842
16,4096,81.3125,0.01733223901828751
16,4096,82.3125,0.01756947551621124
16,4096,83.3125,0.016928461438510567
16,4096,84.3125,0.01737697154749185
16,4096,85.3125,0.01728553097927943
16,4096,86.3125,0.017217211017850786
16,4096,87.3125,0.01745090144686401
16,4096,88.3125,0.016811847046483308
16,4096,89.3125,0.017432577558793128
16,4096,90.3125,0.017200217000208795
16,4096,91.3125,0.017467737547121942
16,4096,92.3125,0.017210550024174154
16,4096,93.3125,0.017310573486611247
16,4096,94.3125,0.01711535849608481
16,4096,95.3125,0.01762649102602154
16,4096,96.3125,0.01706754753831774
16,4096,97.3125,0.017282969958614558
16,4096,98.3125,0.017288972972892225
16,4096,99.3125,0.017340084013994783
16,4096,100.3125,0.017108489468228072
16,4096,101.3125,0.017386872495990247
16,4096,102.3125,0.017062395985703915
16,4096,103.3125,0.01748352503636852
16,4096,104.3125,0.017266153474338353
16,4096,105.3125,0.017321794002782553
16,4096,106.3125,0.017000932013615966
16,4096,107.3125,0.0175193544710055
16,4096,108.3125,0.01727654749993235
16,4096,109.3125,0.01722659746883437
16,4096,110.3125,0.017404367972631007
16,4096,111.3125,0.017177951987832785
16,4096,112.3125,0.017324157000984997
16,4096,113.3125,0.017119379015639424
16,4096,114.3125,0.01720154844224453
16,4096,115.3125,0.01724588096840307
16,4096,116.3125,0.017302237974945456
16,4096,117.3125,0.017316054552793503
16,4096,118.3125,0.017122321005444974
16,4096,119.3125,0.017550368036609143
16,4096,120.3125,0.01715850253822282
16,4096,121.3125,0.016987293551210314
16,4096,122.3125,0.017541745502967387
16,4096,123.3125,0.0174199269968085
16,4096,124.3125,0.017077419557608664
16,4096,125.3125,0.01711791893467307
16,4096,126.3125,0.01755607151426375
16,4096,127.3125,0.017151136009488255
16,4096,128.3125,0.017489028512500226
16,4096,129.3125,0.01727050548652187
16,4096,130.3125,0.017000631021801382
16,4096,131.3125,0.017243370006326586
16,4096,132.3125,0.017209907993674278
16,4096,133.3125,0.017594256962183863
16,4096,134.3125,0.01717821549391374
16,4096,135.3125,0.017326704517472535
16,4096,136.3125,0.017251280543860048
16,4096,137.3125,0.017571726522874087
16,4096,138.3125,0.017473705462180078
16,4096,139.3125,0.01715761556988582
16,4096,140.3125,0.017363569466397166
16,4096,141.3125,0.017057567019946873
16,4096,142.3125,0.017047902510967106
16,4096,143.3125,0.017604801047127694
16,4096,144.3125,0.017281838518101722
16,4096,145.3125,0.017615861492231488
16,4096,146.3125,0.017067509528715163
16,4096,147.3125,0.016952640959061682
16,4096,148.3125,0.017127957951743156
16,4096,149.3125,0.017619238002225757
16,4096,150.3125,0.017352539056446403
16,4096,151.3125,0.01750032202107832
16,4096,152.3125,0.017220905516296625
16,4096,153.3125,0.01722349552437663
16,4096,154.3125,0.017611355404369533
16,4096,155.3125,0.017381900572218
16,4096,156.3125,0.01703700894722715
16,4096,157.3125,0.01745129603659734
16,4096,158.3125,0.017044032516423613
16,4096,159.3125,0.01748454599874094
16,4096,160.3125,0.017096471565309912
16,4096,161.3125,0.017666254483629018
16,4096,162.3125,0.017191142484080046
16,4096,163.3125,0.01751946401782334
16,4096,164.3125,0.01722875499399379
16,4096,165.3125,0.016985834517981857
16,4096,166.3125,0.01752161153126508
16,4096,167.3125,0.017340514983516186
16,4096,168.3125,0.017253886035177857
16,4096,169.3125,0.01728363346774131
16,4096,170.3125,0.017240323999430984
16,4096,171.3125,0.0175839249859564
16,4096,172.3125,0.01695271098287776
16,4096,173.3125,0.017257801489904523
16,4096,174.3125,0.017249883501790464
16,4096,175.3125,0.017421154479961842
16,4096,176.3125,0.017367956053931266
16,4096,177.3125,0.017122593009844422
16,4096,178.3125,0.01741122646490112
16,4096,179.3125,0.017370916495565325
16,4096,180.3125,0.017045197950210422
16,4096,181.3125,0.01762371795484796
16,4096,182.3125,0.017294267017859966
16,4096,183.3125,0.017041399492882192
16,4096,184.3125,0.017342362029012293
16,4096,185.3125,0.017302535998169333
16,4096,186.3125,0.01736134896054864
16,4096,187.3125,0.01741492049768567
16,4096,188.3125,0.01744371495442465
16,4096,189.3125,0.017135679547209293
16,4096,190.3125,0.017068851040676236
16,4096,191.3125,0.017649135959800333
16,4096,192.3125,0.017174395499750972
16,4096,193.3125,0.017359611054416746
16,4096,194.3125,0.01733184140175581
16,4096,195.3125,0.01736289804102853
16,4096,196.3125,0.016992582008242607
16,4096,197.3125,0.017806892981752753
16,4096,198.3125,0.016617537999991328
16,4096,199.3125,0.017390226013958454
16,4096,200.3125,0.01776631554821506
16,4096,201.3125,0.017166425997857004
16,4096,202.3125,0.017371958470903337
16,4096,203.3125,0.016863995988387614
16,4096,204.3125,0.017255101003684103
16,4096,205.3125,0.017828345531597733
16,4096,206.3125,0.017490782542154193
16,4096,207.3125,0.016803132952190936
16,4096,208.3125,0.017751946521457285
16,4096,209.3125,0.017052779032383114
16,4096,210.3125,0.017387199972290546
16,4096,211.3125,0.01775183848803863
16,4096,212.3125,0.016972495417576283
16,4096,213.3125,0.01713819953147322
16,4096,214.3125,0.017007029440719634
16,4096,215.3125,0.017467539524659514
16,4096,216.3125,0.017430759442504495
16,4096,217.3125,0.01699817948974669
16,4096,218.3125,0.017476647451985627
16,4096,219.3125,0.01766554149799049
16,4096,220.3125,0.017164022487122566
16,4096,221.3125,0.017200007976498455
16,4096,222.3125,0.01750619348604232
16,4096,223.3125,0.017408800486009568
16,4096,224.3125,0.017278034414630383
16,4096,225.3125,0.01724875846412033
16,4096,226.3125,0.01744254503864795
16,4096,227.3125,0.017057893506716937
16,4096,228.3125,0.01730367698473856
16,4096,229.3125,0.017327704990748316
16,4096,230.3125,0.017623090068809688
16,4096,231.3125,0.017368895991239697
16,4096,232.3125,0.017171440995298326
16,4096,233.3125,0.017061755526810884
16,4096,234.3125,0.01735585299320519
16,4096,235.3125,0.017330719507299364
16,4096,236.3125,0.017436151509173214
16,4096,237.3125,0.017439971503335983
16,4096,238.3125,0.017488815006799996
16,4096,239.3125,0.016935743566136807
16,4096,240.3125,0.017571439500898123
16,4096,241.3125,0.0174842260312289
16,4096,242.3125,0.017208273988217115
16,4096,243.3125,0.017355493502691388
16,4096,244.3125,0.01750057190656662
16,4096,245.3125,0.017265439499169588
16,4096,246.3125,0.016950630524661392
16,4096,247.3125,0.017473200045060366
16,4096,248.3125,0.0175642705289647
16,4096,249.3125,0.01840881200041622
16,6144,10.4375,0.018199805985204875
16,6144,11.4375,0.018201719503849745
16,6144,12.4375,0.0183575899573043
16,6144,13.4375,0.01813816901994869
16,6144,14.4375,0.01817686395952478
16,6144,15.4375,0.017927064443938434
16,6144,16.4375,0.01823481998872012
16,6144,17.4375,0.018070486490614712
16,6144,18.4375,0.01790065801469609
16,6144,19.4375,0.018277941446285695
16,6144,20.4375,0.018304442521184683
16,6144,21.4375,0.018222171464003623
16,6144,22.4375,0.018033529515378177
16,6144,23.4375,0.018023730954155326
16,6144,24.4375,0.017785064002964646
16,6144,25.4375,0.018157403508666903
16,6144,26.4375,0.018246496038045734
16,6144,27.4375,0.01800925546558574
16,6144,28.4375,0.01800228701904416
16,6144,29.4375,0.018120178021490574
16,6144,30.4375,0.01825958356494084
16,6144,31.4375,0.018253149464726448
16,6144,32.4375,0.017778014473151416
16,6144,33.4375,0.018315923516638577
16,6144,34.4375,0.01811639399966225
16,6144,35.4375,0.018006466038059443
16,6144,36.4375,0.018496897479053587
16,6144,37.4375,0.017732984968461096
16,6144,38.4375,0.018010332016274333
16,6144,39.4375,0.018163989472668618
16,6144,40.4375,0.017910868569742888
16,6144,41.4375,0.018566901970189065
16,6144,42.4375,0.01786040549632162
16,6144,43.4375,0.0181675810017623
16,6144,44.4375,0.017989127547480166
16,6144,45.4375,0.0180913265212439
16,6144,46.4375,0.018104529997799546
16,6144,47.4375,0.018217311007902026
16,6144,48.4375,0.017987661994993687
16,6144,49.4375,0.017928632034454495
16,6144,50.4375,0.01811978651676327
16,6144,51.4375,0.018419996020384133
16,6144,52.4375,0.018266690021846443
16,6144,53.4375,0.01784633845090866
16,6144,54.4375,0.0184664725093171
16,6144,55.4375,0.017891323543153703
16,6144,56.4375,0.0179326519719325
16,6144,57.4375,0.01795807050075382
16,6144,58.4375,0.018301270029041916
16,6144,59.4375,0.018154312449041754
16,6144,60.4375,0.018315108492970467
16,6144,61.4375,0.01768652902683243
16,6144,62.4375,0.01836758147692308
16,6144,63.4375,0.01793511997675523
16,6144,64.4375,0.018282854463905096
16,6144,65.4375,0.01786734798224643
16,6144,66.4375,0.01782431302126497
16,6144,67.4375,0.018542776990216225
16,6144,68.4375,0.01792543346527964
16,6144,69.4375,0.017972266010474414
16,6144,70.4375,0.018436854530591518
16,6144,71.4375,0.018072271486744285
16,6144,72.4375,0.017823882517404854
16,6144,73.4375,0.018350463011302054
16,6144,74.4375,0.017841905006207526
16,6144,75.4375,0.018353177525568753
16,6144,76.4375,0.01811237499350682
16,6144,77.4375,0.01826604752568528
16,6144,78.4375,0.018184970482252538
16,6144,79.4375,0.018142851011361927
16,6144,80.4375,0.01805734244408086
16,6144,81.4375,0.01822352403542027
16,6144,82.4375,0.01810000103432685
16,6144,83.4375,0.018169826013036072
16,6144,84.4375,0.018146055459510535
16,6144,85.4375,0.017622194020077586
16,6144,86.4375,0.018737348436843604
16,6144,87.4375,0.017596987483557314
16,6144,88.4375,0.018182153580710292
16,6144,89.4375,0.018358286004513502
16,6144,90.4375,0.018025414494331926
16,6144,91.4375,0.01816215948201716
16,6144,92.4375,0.017918280034791678
16,6144,93.4375,0.01839305303292349
16,6144,94.4375,0.01802183495601639
16,6144,95.4375,0.018074654042720795
16,6144,96.4375,0.017915976932272315
16,6144,97.4375,0.018121867498848587
16,6144,98.4375,0.018143586057703942
16,6144,99.4375,0.018108461052179337
16,6144,100.4375,0.018207595450803638
16,6144,101.4375,0.018216904543805867
16,6144,102.4375,0.017848832008894533
16,6144,103.4375,0.018459085084032267
16,6144,104.4375,0.01796614151680842
16,6144,105.4375,0.018431057513225824
16,6144,106.4375,0.018202588486019522
16,6144,107.4375,0.017791031976230443
16,6144,108.4375,0.018360188463702798
16,6144,109.4375,0.017933036957401782
16,6144,110.4375,0.01833559200167656
16,6144,111.4375,0.01815108850132674
16,6144,112.4375,0.018145435489714146
16,6144,113.4375,0.01773100800346583
16,6144,114.4375,0.01844293752219528
16,6144,115.4375,0.018217211531009525
16,6144,116.4375,0.017909006564877927
16,6144,117.4375,0.01855051750317216
16,6144,118.4375,0.01809334848076105
16,6144,119.4375,0.017829656484536827
16,6144,120.4375,0.018252344976644963
16,6144,121.4375,0.018084534560330212
16,6144,122.4375,0.01819661899935454
16,6144,123.4375,0.018069141486193985
16,6144,124.4375,0.017913494957610965
16,6144,125.4375,0.018391798017546535
16,6144,126.4375,0.0182476089685224
16,6144,127.4375,0.017926291504409164
16,6144,128.4375,0.01830886397510767
16,6144,129.4375,0.018143801484256983
16,6144,130.4375,0.018007220467552543
16,6144,131.4375,0.018494680523872375
16,6144,132.4375,0.018075653992127627
16,6144,133.4375,0.01800814049784094
16,6144,134.4375,0.01812074799090624
16,6144,135.4375,0.01792891201330349
16,6144,136.4375,0.01801173953572288
16,6144,137.4375,0.018413731013424695
16,6144,138.4375,0.018351034494116902
16,6144,139.4375,0.018103524518664926
16,6144,140.4375,0.017943837505299598
16,6144,141.4375,0.01840805500978604
16,6144,142.4375,0.018070469493977726
16,6144,143.4375,0.018043457996100187
16,6144,144.4375,0.01844871003413573
16,6144,145.4375,0.01780542399501428
16,6144,146.4375,0.018149770505260676
16,6144,147.4375,0.018204992986284196
16,6144,148.4375,0.018256206531077623
16,6144,149.4375,0.01816439046524465
16,6144,150.4375,0.017973749432712793
16,6144,151.4375,0.018442266969941556
16,6144,152.4375,0.018015192996244878
16,6144,153.4375,0.018334709980990738
16,6144,154.4375,0.01792819204274565
16,6144,155.4375,0.018459326471202075
16,6144,156.4375,0.01796117500634864
16,6144,157.4375,0.017842308501712978
16,6144,158.4375,0.018193446449004114
16,6144,159.4375,0.018242418998852372
16,6144,160.4375,0.018499424040783197
16,6144,161.4375,0.018025835044682026
16,6144,162.4375,0.01824670296628028
16,6144,163.4375,0.018163771484978497
16,6144,164.4375,0.01802985102403909
16,6144,165.4375,0.018304744502529502
16,6144,166.4375,0.01796197600197047
16,6144,167.4375,0.01839897845638916
16,6144,168.4375,0.01802024251082912
16,6144,169.4375,0.01791277847951278
16,6144,170.4375,0.018659905064851046
16,6144,171.4375,0.017705258971545845
16,6144,172.4375,0.01862926100147888
16,6144,173.4375,0.017760084941983223
16,6144,174.4375,0.01835326402215287
16,6144,175.4375,0.01791993749793619
16,6144,176.4375,0.018481079023331404
16,6144,177.4375,0.017960680939722806
16,6144,178.4375,0.020917324523907155
16,6144,179.4375,0.015246007475070655
16,6144,180.4375,0.018079980043694377
16,6144,181.4375,0.01858828350668773
16,6144,182.4375,0.01809757051523775
16,6144,183.4375,0.018374854931607842
16,6144,184.4375,0.01794122450519353
16,6144,185.4375,0.018015304522123188
16,6144,186.4375,0.018178906524553895
16,6144,187.4375,0.018202580511569977
16,6144,188.4375,0.018271036446094513
16,6144,189.4375,0.018087306001689285
16,6144,190.4375,0.018197710975073278
16,6144,191.4375,0.017886700516100973
16,6144,192.4375,0.01865794649347663
16,6144,193.4375,0.01795094955014065
16,6144,194.4375,0.018027290992904454
16,6144,195.4375,0.01820052048424259
16,6144,196.4375,0.018206925480626523
16,6144,197.4375,0.018199392943643034
16,6144,198.4375,0.01806784450309351
16,6144,199.4375,0.018267840496264398
16,6144,200.4375,0.018610146536957473
16,6144,201.4375,0.017456154455430806
16,6144,202.4375,0.01822748000267893
16,6144,203.4375,0.01846775703597814
16,6144,204.4375,0.01816306245746091
16,6144,205.4375,0.01815068395808339
16,6144,206.4375,0.01799987896811217
16,6144,207.4375,0.018128441995941103
16,6144,208.4375,0.018383177986834198
16,6144,209.4375,0.018056064553093165
16,6144,210.4375,0.018604587472509593
16,6144,211.4375,0.01787633349886164
16,6144,212.4375,0.017919321020599455
16,6144,213.4375,0.018084040959365666
16,6144,214.4375,0.01850262307561934
16,6144,215.4375,0.018027327489107847
16,6144,216.4375,0.018184850981924683
16,6144,217.4375,0.018315357971005142
16,6144,218.4375,0.01800641603767872
16,6144,219.4375,0.018145280540920794
16,6144,220.4375,0.018201842962298542
16,6144,221.4375,0.018220467027276754
16,6144,222.4375,0.018126641458366066
16,6144,223.4375,0.018084532057400793
16,6144,224.4375,0.018299388990271837
16,6144,225.4375,0.018228475004434586
16,6144,226.4375,0.01802415552083403
16,6144,227.4375,0.018223306979052722
16,6144,228.4375,0.0182402019854635
16,6144,229.4375,0.018104112008586526
16,6144,230.4375,0.018267870938871056
16,6144,231.4375,0.018144455505535007
16,6144,232.4375,0.018070627003908157
16,6144,233.4375,0.018618404516018927
16,6144,234.4375,0.017718777467962354
16,6144,235.4375,0.01833137549692765
16,6144,236.4375,0.018387518532108516
16,6144,237.4375,0.018059972499031574
16,6144,238.4375,0.018235127965454012
16,6144,239.4375,0.018056115484796464
16,6144,240.4375,0.018093281018082052
16,6144,241.4375,0.01787964696995914
16,6144,242.4375,0.018491186492610723
16,6144,243.4375,0.01808762300061062
16,6144,244.4375,0.01839770143851638
16,6144,245.4375,0.01825370651204139
16,6144,246.4375,0.018170168506912887
16,6144,247.4375,0.018177956517320126
16,6144,248.4375,0.018589779501780868
32,64,5.03125,0.015689253457821906
32,64,6.03125,0.015729554987046868
32,64,7.03125,0.015385435544885695
32,64,8.03125,0.015479094523470849
32,64,9.03125,0.015809634467586875
32,64,10.03125,0.015402821416500956
32,64,11.03125,0.016022976022213697
32,64,12.03125,0.015292224008589983
32,64,13.03125,0.01576217799447477
32,64,14.03125,0.01550080900778994
32,64,15.03125,0.015924820501822978
32,64,16.03125,0.015007692505605519
32,64,17.03125,0.015706921461969614
32,64,18.03125,0.015470325015485287
32,64,19.03125,0.015587106463499367
32,64,20.03125,0.01539511198643595
32,64,21.03125,0.015631159476470202
32,64,22.03125,0.015311714436393231
32,64,23.03125,0.015786700532771647
32,64,24.03125,0.015518745523877442
32,64,25.03125,0.015365548024419695
32,64,26.03125,0.015568856499157846
32,64,27.03125,0.015312069561332464
32,64,28.03125,0.015576312493067235
32,64,29.03125,0.015545350033789873
32,64,30.03125,0.01555191952502355
32,64,31.03125,0.01569256343645975
32,64,32.03125,0.015183915558736771
32,64,33.03125,0.01571910153143108
32,64,34.03125,0.015825003967620432
32,64,35.03125,0.015059036493767053
32,64,36.03125,0.015456072054803371
32,64,37.03125,0.01580435101641342
32,64,38.03125,0.015128679980989546
32,64,39.03125,0.015620908001437783
32,64,40.03125,0.015457039000466466
32,64,41.03125,0.015611175505910069
32,64,42.03125,0.015492877515498549
32,64,43.03125,0.01549349696142599
32,64,44.03125,0.015474204497877508
32,64,45.03125,0.015518909494858235
32,64,46.03125,0.015517192950937897
32,64,47.03125,0.015554644982330501
32,64,48.03125,0.015453402535058558
32,64,49.03125,0.015506265976000577
32,64,50.03125,0.015683462552260607
32,64,51.03125,0.015388996456749737
32,64,52.03125,0.015605209453497082
32,64,53.03125,0.015446049976162612
32,64,54.03125,0.015679734526202083
32,64,55.03125,0.015334244002588093
32,64,56.03125,0.015785609488375485
32,64,57.03125,0.015323109983000904
32,64,58.03125,0.015513965452555567
32,64,59.03125,0.015355279028881341
32,64,60.03125,0.016080545959994197
32,64,61.03125,0.015105859958566725
32,64,62.03125,0.015721776988357306
32,64,63.03125,0.015778409491758794
32,64,64.03125,0.015209965466056019
32,64,65.03125,0.015917217533569783
32,64,66.03125,0.015253849036525935
32,64,67.03125,0.015779946523252875
32,64,68.03125,0.015414735942613333
32,64,69.03125,0.015581605490297079
32,64,70.03125,0.015482588962186128
32,64,71.03125,0.015778054483234882
32,64,72.03125,0.015714746492449194
32,64,73.03125,0.015586330962833017
32,64,74.03125,0.015615204523783177
32,64,75.03125,0.015500226523727179
32,64,76.03125,0.015714669483713806
32,64,77.03125,0.015502888069022447
32,64,78.03125,0.015618269506376237
32,64,79.03125,0.015839287545531988
32,64,80.03125,0.015484080999158323
32,64,81.03125,0.015574275981634855
32,64,82.03125,0.01560426049400121
32,64,83.03125,0.015448845457285643
32,64,84.03125,0.015717987960670143
32,64,85.03125,0.015702886041253805
32,64,86.03125,0.01582744508050382
32,64,87.03125,0.015461153001524508
32,64,88.03125,0.015439214010257274
32,64,89.03125,0.016090544988401234
32,64,90.03125,0.015428338490892202
32,64,91.03125,0.015615589509252459
32,64,92.03125,0.01576599502004683
32,64,93.03125,0.015483668947126716
32,64,94.03125,0.015334832016378641
32,64,95.03125,0.01579358207527548
32,64,96.03125,0.015412436972837895
32,64,97.03125,0.015645796025637537
32,64,98.03125,0.01580854394705966
32,64,99.03125,0.015680553449783474
32,64,100.03125,0.01560637797228992
32,64,101.03125,0.015325847081840038
32,64,102.03125,0.015883397485595196
32,64,103.03125,0.015485895972233266
32,64,104.03125,0.015885882021393627
32,64,105.03125,0.015575968020129949
32,64,106.03125,0.015624579507857561
32,64,107.03125,0.015398844552692026
32,64,108.03125,0.01588036201428622
32,64,109.03125,0.015619605430401862
32,64,110.03125,0.01564794051228091
32,64,111.03125,0.015736285015009344
32,64,112.03125,0.015453510568477213
32,64,113.03125,0.01565999904414639
32,64,114.03125,0.015241016983054578
32,64,115.03125,0.016028813493903726
32,64,116.03125,0.015546661452390254
32,64,117.03125,0.015555743011645973
32,64,118.03125,0.01584498444572091
32,64,119.03125,0.015705036465078592
32,64,120.03125,0.015391563531011343
32,64,121.03125,0.015772644546814263
32,64,122.03125,0.015555092541035265
32,64,123.03125,0.01569874247070402
32,64,124.03125,0.015648303960915655
32,64,125.03125,0.015799258486367762
32,64,126.03125,0.015532181481830776
32,64,127.03125,0.015545181988272816
32,64,128.03125,0.01572481746552512
32,64,129.03125,0.015746930963359773
32,64,130.03125,0.015340804995503277
32,64,131.03125,0.015617803030181676
32,64,132.03125,0.015586818510200828
32,64,133.03125,0.015508009470067918
32,64,134.03125,0.015901012462563813
32,64,135.03125,0.015516083978582174
32,64,136.03125,0.015582384483423084
32,64,137.03125,0.015778160537593067
32,64,138.03125,0.015492238977458328
32,64,139.03125,0.015690677508246154
32,64,140.03125,0.015603312000166625
32,64,141.03125,0.015655697498004884
32,64,142.03125,0.015841354499571025
32,64,143.03125,0.015449980041012168
32,64,144.03125,0.015578181017190218
32,64,145.03125,0.01580896700033918
32,64,146.03125,0.015502281486988068
32,64,147.03125,0.01564142800634727
32,64,148.03125,0.01583355205366388
32,64,149.03125,0.015575500030536205
32,64,150.03125,0.015583694912493229
32,64,151.03125,0.015567151480354369
32,64,152.03125,0.01563637249637395
32,64,153.03125,0.0157902174978517
32,64,154.03125,0.015587023517582566
32,64,155.03125,0.015206436044536531
32,64,156.03125,0.016154454497154802
32,64,157.03125,0.015611833019647747
32,64,158.03125,0.015298420039471239
32,64,159.03125,0.01583157101413235
32,64,160.03125,0.01622808095999062
32,64,161.03125,0.015181826543994248
32,64,162.03125,0.015531884972006083
32,64,163.03125,0.015757632965687662
32,64,164.03125,0.015468479017727077
32,64,165.03125,0.015567487454973161
32,64,166.03125,0.015603776497300714
32,64,167.03125,0.015917168522719294
32,64,168.03125,0.015362977515906096
32,64,169.03125,0.015942348982207477
32,64,170.03125,0.015548433002550155
32,64,171.03125,0.01607842551311478
32,64,172.03125,0.015149967512115836
32,64,173.03125,0.01600726047763601
32,64,174.03125,0.015210808021947742
32,64,175.03125,0.015949068998452276
32,64,176.03125,0.01574166800128296
32,64,177.03125,0.015562139044050127
32,64,178.03125,0.015397386043332517
32,64,179.03125,0.015951306966599077
32,64,180.03125,0.01555836055194959
32,64,181.03125,0.015360083489213139
32,64,182.03125,0.015879896061960608
32,64,183.03125,0.015787054551765323
32,64,184.03125,0.015617354423739016
32,64,185.03125,0.015447436482645571
32,64,186.03125,0.016477729950565845
32,64,187.03125,0.015034425014164299
32,64,188.03125,0.015617603959981352
32,64,189.03125,0.01575528795365244
32,64,190.03125,0.015028490975964814
32,64,191.03125,0.01586986699840054
32,64,192.03125,0.016042219940572977
32,64,193.03125,0.015599223552271724
32,64,194.03125,0.015766641474328935
32,64,195.03125,0.0158485674764961
32,64,196.03125,0.015560861502308398
32,64,197.03125,0.015836244507227093
32,64,198.03125,0.015855413977988064
32,64,199.03125,0.015902215032838285
32,64,200.03125,0.015254970989190042
32,64,201.03125,0.01659327099332586
32,64,202.03125,0.01539751497330144
32,64,203.03125,0.015795085462741554
32,64,204.03125,0.0153515805141069
32,64,205.03125,0.016021968564018607
32,64,206.03125,0.01569237298099324
32,64,207.03125,0.01597836654400453
32,64,208.03125,0.015616535034496337
32,64,209.03125,0.01548120251391083
32,64,210.03125,0.016025929537136108
32,64,211.03125,0.01562254357850179
32,64,212.03125,0.016040181973949075
32,64,213.03125,0.01534042606363073
32,64,214.03125,0.01611290650907904
32,64,215.03125,0.015478484448976815
32,64,216.03125,0.015930928522720933
32,64,217.03125,0.015645773499272764
32,64,218.03125,0.015786731557454914
32,64,219.03125,0.01581117050955072
32,64,220.03125,0.016256868024356663
32,64,221.03125,0.015232193982228637
32,64,222.03125,0.015855874051339924
32,64,223.03125,0.015829885960556567
32,64,224.03125,0.015683581004850566
32,64,225.03125,0.015669689571950585
32,64,226.03125,0.01567103451816365
32,64,227.03125,0.015973434026818722
32,64,228.03125,0.016275767527986318
32,64,229.03125,0.015278324543032795
32,64,230.03125,0.015894810494501144
32,64,231.03125,0.01586794201284647
32,64,232.03125,0.015578912978526205
32,64,233.03125,0.01645749749150127
32,64,234.03125,0.01505615294445306
32,64,235.03125,0.016575690999161452
32,64,236.03125,0.01504424650920555
32,64,237.03125,0.015860276471357793
32,64,238.03125,0.015922696446068585
32,64,239.03125,0.0158847204875201
32,64,240.03125,0.015644952014554292
32,64,241.03125,0.015659153985325247
32,64,242.03125,0.01612797350389883
32,64,243.03125,0.01539460546337068
32,64,244.03125,0.015852562501095235
32,64,245.03125,0.01542764250189066
32,64,246.03125,0.01646908198017627
32,64,247.03125,0.015530661563389003
32,64,248.03125,0.016277308925054967
32,64,249.03125,0.015313551062718034
32,64,250.03125,0.01576154795475304
32,64,251.03125,0.015658274525776505
32,64,252.03125,0.016096500970888883
32,64,253.03125,0.016097880550660193
32,256,5.03125,0.016105943475849926
32,256,6.03125,0.015663392434362322
32,256,7.03125,0.015675603004638106
32,256,8.03125,0.01635709498077631
32,256,9.03125,0.01584436948178336
32,256,10.03125,0.015728362486697733
32,256,11.03125,0.015964182501193136
32,256,12.03125,0.01590060198213905
32,256,13.03125,0.015707979502622038
32,256,14.03125,0.01627015898702666
32,256,15.03125,0.015348254528362304
32,256,16.03125,0.015868275018874556
32,256,17.03125,0.015748556004837155
32,256,18.03125,0.01585078501375392
32,256,19.03125,0.01563716697273776
32,256,20.03125,0.016067438991740346
32,256,21.03125,0.01569948100950569
32,256,22.03125,0.016061722475569695
32,256,23.03125,0.015423042001202703
32,256,24.03125,0.01606251351768151
32,256,25.03125,0.01589583099121228
32,256,26.03125,0.01574788603466004
32,256,27.03125,0.015573340002447367
32,256,28.03125,0.015802592504769564
32,256,29.03125,0.015859888051636517
32,256,30.03125,0.015805527451448143
32,256,31.03125,0.015883884974755347
32,256,32.03125,0.015495104424189776
32,256,33.03125,0.015713378437794745
32,256,34.03125,0.015867529960814863
32,256,35.03125,0.015892850060481578
32,256,36.03125,0.016022794996388257
32,256,37.03125,0.015392509987577796
32,256,38.03125,0.015839067520573735
32,256,39.03125,0.015668634499888867
32,256,40.03125,0.016075715539045632
32,256,41.03125,0.015457431494724005
32,256,42.03125,0.01591957500204444
32,256,43.03125,0.015931327478028834
32,256,44.03125,0.01553302601678297
32,256,45.03125,0.015770512458402663
32,256,46.03125,0.01596266048727557
32,256,47.03125,0.015562494518235326
32,256,48.03125,0.015837718034163117
32,256,49.03125,0.015733238542452455
32,256,50.03125,0.01594866899540648
32,256,51.03125,0.01583181053865701
32,256,52.03125,0.01587368652690202
32,256,53.03125,0.015638549986761063
32,256,54.03125,0.01578426093328744
32,256,55.03125,0.015784733521286398
32,256,56.03125,0.016054431966040283
32,256,57.03125,0.01575357950059697
32,256,58.03125,0.015655518509447575
32,256,59.03125,0.015851837524678558
32,256,60.03125,0.015793494996614754
32,256,61.03125,0.01563627552241087
32,256,62.03125,0.016118454455863684
32,256,63.03125,0.015658940479625016
32,256,64.03125,0.01578697597142309
32,256,65.03125,0.015767458535265177
32,256,66.03125,0.015828873496502638
32,256,67.03125,0.015846388007048517
32,256,68.03125,0.015784504532348365
32,256,69.03125,0.015989020001143217
32,256,70.03125,0.015603269974235445
32,256,71.03125,0.015732476953417063
32,256,72.03125,0.01611431298078969
32,256,73.03125,0.015635174000635743
32,256,74.03125,0.015759490546770394
32,256,75.03125,0.015984506462700665
32,256,76.03125,0.015788159507792443
32,256,77.03125,0.015719172020908445
32,256,78.03125,0.015523181529715657
32,256,79.03125,0.015983528923243284
32,256,80.03125,0.01573767000809312
32,256,81.03125,0.016020526469219476
32,256,82.03125,0.01587097253650427
32,256,83.03125,0.015800980967469513
32,256,84.03125,0.015268095536157489
32,256,85.03125,0.016245373990386724
32,256,86.03125,0.015701376483775675
32,256,87.03125,0.016248831467237324
32,256,88.03125,0.01522614195710048
32,256,89.03125,0.015711316489614546
32,256,90.03125,0.015733577543869615
32,256,91.03125,0.016472675546538085
32,256,92.03125,0.015823226480279118
32,256,93.03125,0.015621611033566296
32,256,94.03125,0.016283852921333164
32,256,95.03125,0.015344904502853751
32,256,96.03125,0.016189671528991312
32,256,97.03125,0.015580313513055444
32,256,98.03125,0.015590938448440284
32,256,99.03125,0.01575755199883133
32,256,100.03125,0.016262110962998122
32,256,101.03125,0.01542397600132972
32,256,102.03125,0.015898612968157977
32,256,103.03125,0.016175792436115444
32,256,104.03125,0.015661087993066758
32,256,105.03125,0.016059958492405713
32,256,106.03125,0.015828465519007295
32,256,107.03125,0.01551471051061526
32,256,108.03125,0.01588095148326829
32,256,109.03125,0.016159839986357838
32,256,110.03125,0.015503227012231946
32,256,111.03125,0.01605649956036359
32,256,112.03125,0.01572260953253135
32,256,113.03125,0.015756477077957243
32,256,114.03125,0.01586494653020054
32,256,115.03125,0.01548396295402199
32,256,116.03125,0.015990660525858402
32,256,117.03125,0.016025608987547457
32,256,118.03125,0.015418744063936174
32,256,119.03125,0.015708307502791286
32,256,120.03125,0.01627288304734975
32,256,121.03125,0.015653150447178632
32,256,122.03125,0.01580642902990803
32,256,123.03125,0.015987543505616486
32,256,124.03125,0.015582948923110962
32,256,125.03125,0.01610407547559589
32,256,126.03125,0.016038160014431924
32,256,127.03125,0.015825384005438536
32,256,128.03125,0.015803625516127795
32,256,129.03125,0.01599020604044199
32,256,130.03125,0.01601409848080948
32,256,131.03125,0.015635404037311673
32,256,132.03125,0.0160130534786731
32,256,133.03125,0.015648544009309262
32,256,134.03125,0.015603738487698138
32,256,135.03125,0.016298311937134713
32,256,136.03125,0.01564153900835663
32,256,137.03125,0.015600548009388149
32,256,138.03125,0.015902980987448245
32,256,139.03125,0.016139967541676015
32,256,140.03125,0.015425801568198949
32,256,141.03125,0.01612276752712205
32,256,142.03125,0.016174538992345333
32,256,143.03125,0.01580275344895199
32,256,144.03125,0.015915823983959854
32,256,145.03125,0.015647830441594124
32,256,146.03125,0.01587195141473785
32,256,147.03125,0.01570795598672703
32,256,148.03125,0.015904378495179117
32,256,149.03125,0.01588095654733479
32,256,150.03125,0.015939502511173487
32,256,151.03125,0.015781464986503124
32,256,152.03125,0.015771533944644034
32,256,153.03125,0.015631664486136287
32,256,154.03125,0.016164540487807244
32,256,155.03125,0.01591985148843378
32,256,156.03125,0.01581101497868076
32,256,157.03125,0.015913670998997986
32,256,158.03125,0.016103331465274096
32,256,159.03125,0.01530448452103883
32,256,160.03125,0.01625353452982381
32,256,161.03125,0.015873004973400384
32,256,162.03125,0.016160059487447143
32,256,163.03125,0.015374138543847948
32,256,164.03125,0.016191638947930187
32,256,165.03125,0.01562842703424394
32,256,166.03125,0.015936988522298634
32,256,167.03125,0.01569098449544981
32,256,168.03125,0.01596331049222499
32,256,169.03125,0.0159831564524211
32,256,170.03125,0.016101991990581155
32,256,171.03125,0.01579931698506698
32,256,172.03125,0.015433838998433203
32,256,173.03125,0.016231022018473595
32,256,174.03125,0.01569413993274793
32,256,175.03125,0.016136251448187977
32,256,176.03125,0.016024394484702498
32,256,177.03125,0.015801080968230963
32,256,178.03125,0.015729023434687406
32,256,179.03125,0.015709201572462916
32,256,180.03125,0.015997434500604868
32,256,181.03125,0.016177702986169606
32,256,182.03125,0.015166668978054076
32,256,183.03125,0.01628958503715694
32,256,184.03125,0.01618298643734306
32,256,185.03125,0.015787450480274856
32,256,186.03125,0.01600401400355622
32,256,187.03125,0.01544240047223866
32,256,188.03125,0.016330728481989354
32,256,189.03125,0.01590626552933827
32,256,190.03125,0.01590534404385835
32,256,191.03125,0.015539492014795542
32,256,192.03125,0.016341823036782444
32,256,193.03125,0.016006444464437664
32,256,194.03125,0.015554783982224762
32,256,195.03125,0.015848836512304842
32,256,196.03125,0.01604214549297467
32,256,197.03125,0.015725974459201097
32,256,198.03125,0.016276378999464214
32,256,199.03125,0.015300114930141717
32,256,200.03125,0.016521965502761304
32,256,201.03125,0.015647116000764072
32,256,202.03125,0.015589783957693726
32,256,203.03125,0.016259249998256564
32,256,204.03125,0.015493825543671846
32,256,205.03125,0.01611061702715233
32,256,206.03125,0.015844072971958667
32,256,207.03125,0.015955286973621696
32,256,208.03125,0.016127601033076644
32,256,209.03125,0.015903306019026786
32,256,210.03125,0.015839011466596276
32,256,211.03125,0.01571976696141064
32,256,212.03125,0.016145953501109034
32,256,213.03125,0.015958562027662992
32,256,214.03125,0.015976869501173496
32,256,215.03125,0.015613426978234202
32,256,216.03125,0.015863774460740387
32,256,217.03125,0.016153373522683978
32,256,218.03125,0.015929393528494984
32,256,219.03125,0.015586574503686279
32,256,220.03125,0.016157228499650955
32,256,221.03125,0.016152327531017363
32,256,222.03125,0.01557955302996561
32,256,223.03125,0.015866128960624337
32,256,224.03125,0.015688294486608356
32,256,225.03125,0.01619213941739872
32,256,226.03125,0.015945065999403596
32,256,227.03125,0.015805334027390927
32,256,228.03125,0.015821973036509007
32,256,229.03125,0.01571534702088684
32,256,230.03125,0.016411325486842543
32,256,231.03125,0.015662628517020494
32,256,232.03125,0.015930207446217537
32,256,233.03125,0.01595099945552647
32,256,234.03125,0.01564699597656727
32,256,235.03125,0.016280549520161003
32,256,236.03125,0.01578161946963519
32,256,237.03125,0.01579534396296367
32,256,238.03125,0.015893250529188663
32,256,239.03125,0.01584118150640279
32,256,240.03125,0.01629531051730737
32,256,241.03125,0.015551815449725837
32,256,242.03125,0.015754581487271935
32,256,243.03125,0.016073821985628456
32,256,244.03125,0.01618940249318257
32,256,245.03125,0.015800314489752054
32,256,246.03125,0.015962128527462482
32,256,247.03125,0.01594925095560029
32,256,248.03125,0.01588567200815305
32,256,249.03125,0.015504059963859618
32,256,250.03125,0.016400393971707672
32,256,251.03125,0.016100198030471802
32,256,252.03125,0.015923163504339755
32,256,253.03125,0.01591277349507436
32,1024,6.84375,0.01670411048689857
32,1024,7.84375,0.016703879984561354
32,1024,8.84375,0.016492746537551284
32,1024,9.84375,0.016364210459869355
32,1024,10.84375,0.016722327505704015
32,1024,11.84375,0.0167192499502562
32,1024,12.84375,0.016491156944539398
32,1024,13.84375,0.01649383653420955
32,1024,14.84375,0.016660062014125288
32,1024,15.84375,0.016073940962087363
32,1024,16.84375,0.01686214143410325
32,1024,17.84375,0.01654343504924327
32,1024,18.84375,0.016459890583064407
32,1024,19.84375,0.01652602100512013
32,1024,20.84375,0.01656000647926703
32,1024,21.84375,0.016431992466095835
32,1024,22.84375,0.016521232028026134
32,1024,23.84375,0.01645579800242558
32,1024,24.84375,0.01641646196367219
32,1024,25.84375,0.016730542003642768
32,1024,26.84375,0.016666402982082218
32,1024,27.84375,0.016450288065243512
32,1024,28.84375,0.016719893435947597
32,1024,29.84375,0.016336778993718326
32,1024,30.84375,0.01663058897247538
32,1024,31.84375,0.016296975954901427
32,1024,32.84375,0.016828196006827056
32,1024,33.84375,0.016544037440326065
32,1024,34.84375,0.016363412491045892
32,1024,35.84375,0.016575166024267673
32,1024,36.84375,0.01659105299040675
32,1024,37.84375,0.016558844014070928
32,1024,38.84375,0.016106851457152516
32,1024,39.84375,0.016677540028467774
32,1024,40.84375,0.01673209702130407
32,1024,41.84375,0.016554578964132816
32,1024,42.84375,0.01670289848698303
32,1024,43.84375,0.01639619196066633
32,1024,44.84375,0.01651115802815184
32,1024,45.84375,0.016823865531478077
32,1024,46.84375,0.016476209042593837
32,1024,47.84375,0.016369864984881133
32,1024,48.84375,0.016478126519359648
32,1024,49.84375,0.016384700953494757
32,1024,50.84375,0.0167408975539729
32,1024,51.84375,0.016591987514402717
32,1024,52.84375,0.01650706445798278
32,1024,53.84375,0.01651849551126361
32,1024,54.84375,0.01644678902812302
32,1024,55.84375,0.016886171011719853
32,1024,56.84375,0.01641518354881555
32,1024,57.84375,0.016560496937017888
32,1024,58.84375,0.016487328975927085
32,1024,59.84375,0.01664717454696074
32,1024,60.84375,0.016359535977244377
32,1024,61.84375,0.01637834555003792
32,1024,62.84375,0.016732903954107314
32,1024,63.84375,0.016445555025711656
32,1024,64.84375,0.016667478543240577
32,1024,65.84375,0.01630198152270168
32,1024,66.84375,0.016510380490217358
32,1024,67.84375,0.016624509531538934
32,1024,68.84375,0.01675797806819901
32,1024,69.84375,0.016492151480633765
32,1024,70.84375,0.01637848949758336
32,1024,71.84375,0.016731213487219065
32,1024,72.84375,0.016283593489788473
32,1024,73.84375,0.016887614503502846
32,1024,74.84375,0.016553895024117082
32,1024,75.84375,0.016552417480852455
32,1024,76.84375,0.016633390507195145
32,1024,77.84375,0.016599564987700433
32,1024,78.84375,0.01677093148464337
32,1024,79.84375,0.01635231450200081
32,1024,80.84375,0.01646896847523749
32,1024,81.84375,0.016359418048523366
32,1024,82.84375,0.01663997897412628
32,1024,83.84375,0.01666166103677824
32,1024,84.84375,0.01653721451293677
32,1024,85.84375,0.0163386354688555
32,1024,86.84375,0.016723296488635242
32,1024,87.84375,0.016690915974322706
32,1024,88.84375,0.016439412022009492
32,1024,89.84375,0.016675172955729067
32,1024,90.84375,0.01665034150937572
32,1024,91.84375,0.016540482523851097
32,1024,92.84375,0.016559629526454955
32,1024,93.84375,0.01658386003691703
32,1024,94.84375,0.016585100966040045
32,1024,95.84375,0.016578693059273064
32,1024,96.84375,0.01660146046197042
32,1024,97.84375,0.016611804021522403
32,1024,98.84375,0.01663249800913036
32,1024,99.84375,0.01640125847188756
32,1024,100.84375,0.016618028457742184
32,1024,101.84375,0.016728071961551905
32,1024,102.84375,0.016688951989635825
32,1024,103.84375,0.016519933473318815
32,1024,104.84375,0.016611807455774397
32,1024,105.84375,0.016618365538306534
32,1024,106.84375,0.016758122015744448
32,1024,107.84375,0.0165934074902907
32,1024,108.84375,0.01621401496231556
32,1024,109.84375,0.016943285474553704
32,1024,110.84375,0.016276860958896577
32,1024,111.84375,0.01687237952137366
32,1024,112.84375,0.016560121497604996
32,1024,113.84375,0.01650445646373555
32,1024,114.84375,0.01648709102300927
32,1024,115.84375,0.016623358009383082
32,1024,116.84375,0.016405686445068568
32,1024,117.84375,0.0168081620358862
32,1024,118.84375,0.016584382916335016
32,1024,119.84375,0.016597524983808398
32,1024,120.84375,0.01681016501970589
32,1024,121.84375,0.0166562560480088
32,1024,122.84375,0.016250705521088094
32,1024,123.84375,0.016820821503642946
32,1024,124.84375,0.01661358354613185
32,1024,125.84375,0.01649780455045402
32,1024,126.84375,0.016204396029934287
32,1024,127.84375,0.016834479989483953
32,1024,128.84375,0.016874286986421794
32,1024,129.84375,0.01617000246187672
32,1024,130.84375,0.01690692501142621
32,1024,131.84375,0.016565859492402524
32,1024,132.84375,0.016458861529827118
32,1024,133.84375,0.016629997990094125
32,1024,134.84375,0.016632151033263654
32,1024,135.84375,0.01677639246918261
32,1024,136.84375,0.016664905473589897
32,1024,137.84375,0.01641202048631385
32,1024,138.84375,0.016705081972759217
32,1024,139.84375,0.0166814515250735
32,1024,140.84375,0.016675704973749816
32,1024,141.84375,0.016701760527212173
32,1024,142.84375,0.016266203543636948
32,1024,143.84375,0.016680098487995565
32,1024,144.84375,0.016842221491970122
32,1024,145.84375,0.01645421696593985
32,1024,146.84375,0.016514750488568097
32,1024,147.84375,0.01681171846576035
32,1024,148.84375,0.016548326530028135
32,1024,149.84375,0.016489921021275222
32,1024,150.84375,0.01679297850932926
32,1024,151.84375,0.01672189898090437
32,1024,152.84375,0.01683912647422403
32,1024,153.84375,0.01627418998396024
32,1024,154.84375,0.01654102245811373
32,1024,155.84375,0.016449826071038842
32,1024,156.84375,0.01679137849714607
32,1024,157.84375,0.01679646148113534
32,1024,158.84375,0.01670813706004992
32,1024,159.84375,0.016544100537430495
32,1024,160.84375,0.0168010545312427
32,1024,161.84375,0.016387459996622056
32,1024,162.84375,0.016625862510409206
32,1024,163.84375,0.016858235059771687
32,1024,164.84375,0.01674662547884509
32,1024,165.84375,0.016544192971196026
32,1024,166.84375,0.01641604251926765
32,1024,167.84375,0.01667785196332261
32,1024,168.84375,0.016832053544931114
32,1024,169.84375,0.016626108961645514
32,1024,170.84375,0.016572676016949117
32,1024,171.84375,0.016577076457906514
32,1024,172.84375,0.01673383347224444
32,1024,173.84375,0.016775129013694823
32,1024,174.84375,0.016447436530143023
32,1024,175.84375,0.017021226522047073
32,1024,176.84375,0.01635192648973316
32,1024,177.84375,0.016590105486102402
32,1024,178.84375,0.016699214465916157
32,1024,179.84375,0.016753049509134144
32,1024,180.84375,0.016589092498179525
32,1024,181.84375,0.016222773992922157
32,1024,182.84375,0.017122901044785976
32,1024,183.84375,0.01635583955794573
32,1024,184.84375,0.01686637446982786
32,1024,185.84375,0.01688423252198845
32,1024,186.84375,0.01632610650267452
32,1024,187.84375,0.016583219985477626
32,1024,188.84375,0.016649657511152327
32,1024,189.84375,0.01657718903152272
32,1024,190.84375,0.017030529968906194
32,1024,191.84375,0.016278797993436456
32,1024,192.84375,0.016866560035850853
32,1024,193.84375,0.016381678462494165
32,1024,194.84375,0.016648448596242815
32,1024,195.84375,0.016966807539574802
32,1024,196.84375,0.016702328983228654
32,1024,197.84375,0.01657341152895242
32,1024,198.84375,0.016712725977413356
32,1024,199.84375,0.016507471504155546
32,1024,200.84375,0.01667508448008448
32,1024,201.84375,0.017051085946150124
32,1024,202.84375,0.016658548556733876
32,1024,203.84375,0.016287231061141938
32,1024,204.84375,0.016578821931034327
32,1024,205.84375,0.016847775492351502
32,1024,206.84375,0.016618271940387785
32,1024,207.84375,0.016753524483647197
32,1024,208.84375,0.016506502986885607
32,1024,209.84375,0.016679622000083327
32,1024,210.84375,0.016504587430972606
32,1024,211.84375,0.01681474200449884
32,1024,212.84375,0.016349466051906347
32,1024,213.84375,0.016863288008607924
32,1024,214.84375,0.016438299498986453
32,1024,215.84375,0.017028450034558773
32,1024,216.84375,0.01650235301349312
32,1024,217.84375,0.016788252454716712
32,1024,218.84375,0.016690267017111182
32,1024,219.84375,0.01643819350283593
32,1024,220.84375,0.01673614449100569
32,1024,221.84375,0.016978290514089167
32,1024,222.84375,0.01631711603840813
32,1024,223.84375,0.016747403016779572
32,1024,224.84375,0.016586478042881936
32,1024,225.84375,0.016732478979974985
32,1024,226.84375,0.01683197246165946
32,1024,227.84375,0.016544774523936212
32,1024,228.84375,0.01645492058014497
32,1024,229.84375,0.01677466498222202
32,1024,230.84375,0.016816184506751597
32,1024,231.84375,0.01684764545643702
32,1024,232.84375,0.01644996303366497
32,1024,233.84375,0.016877839516382664
32,1024,234.84375,0.016414650017395616
32,1024,235.84375,0.018189490016084164
32,1024,236.84375,0.015395750582683831
32,1024,237.84375,0.016547715466003865
32,1024,238.84375,0.016516039497219026
32,1024,239.84375,0.016910736041609198
32,1024,240.84375,0.016237358970101923
32,1024,241.84375,0.016855383466463536
32,1024,242.84375,0.016683481982909143
32,1024,243.84375,0.016806949046440423
32,1024,244.84375,0.01701986201805994
32,1024,245.84375,0.016548995568882674
32,1024,246.84375,0.01664973155129701
32,1024,247.84375,0.016762529499828815
32,1024,248.84375,0.01660981500754133
32,1024,249.84375,0.017095053975936025
32,1024,250.84375,0.016232006484642625
32,1024,251.84375,0.01733603305183351
32,4096,11.96875,0.01920762355439365
32,4096,12.96875,0.019251813064329326
32,4096,13.96875,0.01926003396511078
32,4096,14.96875,0.018909081467427313
32,4096,15.96875,0.019437018549069762
32,4096,16.96875,0.019178661983460188
32,4096,17.96875,0.019425054488237947
32,4096,18.96875,0.019155566464178264
32,4096,19.96875,0.01887034048559144
32,4096,20.96875,0.019119891512673348
32,4096,21.96875,0.019636423443444073
32,4096,22.96875,0.018756091012619436
32,4096,23.96875,0.01941808551782742
32,4096,24.96875,0.019288783078081906
32,4096,25.96875,0.019372312468476593
32,4096,26.96875,0.019109045912045985
32,4096,27.96875,0.019165167934261262
32,4096,28.96875,0.019367745437193662
32,4096,29.96875,0.019284670997876674
32,4096,30.96875,0.018892160966061056
32,4096,31.96875,0.01941963395802304
32,4096,32.96875,0.019241614441853017
32,4096,33.96875,0.01932476949878037
32,4096,34.96875,0.018977036990690976
32,4096,35.96875,0.01904480648227036
32,4096,36.96875,0.019500745984259993
32,4096,37.96875,0.021442274504806846
32,4096,38.96875,0.01705792249413207
32,4096,39.96875,0.019119811011478305
32,4096,40.96875,0.01916574902134016
32,4096,41.96875,0.019354241550900042
32,4096,42.96875,0.019189789483789355
32,4096,43.96875,0.019026011985260993
32,4096,44.96875,0.01962102245306596
32,4096,45.96875,0.018734100507572293
32,4096,46.96875,0.019462874974124134
32,4096,47.96875,0.018934849998913705
32,4096,48.96875,0.019036771962419152
32,4096,49.96875,0.01942133449483663
32,4096,50.96875,0.01947944244602695
32,4096,51.96875,0.01870888948906213
32,4096,52.96875,0.019878529477864504
32,4096,53.96875,0.018798980046994984
32,4096,54.96875,0.019074401003308594
32,4096,55.96875,0.01894804451148957
32,4096,56.96875,0.01926156401168555
32,4096,57.96875,0.019583343528211117
32,4096,58.96875,0.019083372550085187
32,4096,59.96875,0.01924213202437386
32,4096,60.96875,0.019084178959019482
32,4096,61.96875,0.019737462454941124
32,4096,62.96875,0.018826132989488542
32,4096,63.96875,0.019215064006857574
32,4096,64.96875,0.019195438537281007
32,4096,65.96875,0.01918273651972413
32,4096,66.96875,0.01927899749716744
32,4096,67.96875,0.01936058944556862
32,4096,68.96875,0.019042177591472864
32,4096,69.96875,0.0193307880545035
32,4096,70.96875,0.01926740596536547
32,4096,71.96875,0.019250936980824918
32,4096,72.96875,0.018986104463692755
32,4096,73.96875,0.019268739561084658
32,4096,74.96875,0.019408388005103916
32,4096,75.96875,0.01915400248253718
32,4096,76.96875,0.019315830490086228
32,4096,77.96875,0.0191314360126853
32,4096,78.96875,0.01916104555130005
32,4096,79.96875,0.01928082446102053
32,4096,80.96875,0.01935488946037367
32,4096,81.96875,0.01884763053385541
32,4096,82.96875,0.019421316974330693
32,4096,83.96875,0.019369267509318888
32,4096,84.96875,0.019368216511793435
32,4096,85.96875,0.01892159745329991
32,4096,86.96875,0.019465515040792525
32,4096,87.96875,0.019143424520734698
32,4096,88.96875,0.019528887467458844
32,4096,89.96875,0.019233888015151024
32,4096,90.96875,0.01886025397107005
32,4096,91.96875,0.019250705023296177
32,4096,92.96875,0.019146555510815233
32,4096,93.96875,0.019082798971794546
32,4096,94.96875,0.01961825496982783
32,4096,95.96875,0.019315737998113036
32,4096,96.96875,0.019021082494873554
32,4096,97.96875,0.018965504481457174
32,4096,98.96875,0.019596060505136847
32,4096,99.96875,0.018881858966778964
32,4096,100.96875,0.019558303523808718
32,4096,101.96875,0.019153552944771945
32,4096,102.96875,0.019539109547622502
32,4096,103.96875,0.019146251026540995
32,4096,104.96875,0.019259431515820324
32,4096,105.96875,0.019691055524162948
32,4096,106.96875,0.019134247035253793
32,4096,107.96875,0.019309819501359016
32,4096,108.96875,0.019023913017008454
32,4096,109.96875,0.019062732462771237
32,4096,110.96875,0.019387665495742112
32,4096,111.96875,0.019313072552904487
32,4096,112.96875,0.019540394481737167
32,4096,113.96875,0.018957374966703355
32,4096,114.96875,0.019110809545964003
32,4096,115.96875,0.019476511981338263
32,4096,116.96875,0.019049183989409357
32,4096,117.96875,0.019375662493985146
32,4096,118.96875,0.01931257703108713
32,4096,119.96875,0.019263952504843473
32,4096,120.96875,0.01942308951402083
32,4096,121.96875,0.019146321981679648
32,4096,122.96875,0.019117245508823544
32,4096,123.96875,0.01886378653580323
32,4096,124.96875,0.01961114094592631
32,4096,125.96875,0.01949370204238221
32,4096,126.96875,0.019145285012200475
32,4096,127.96875,0.01913061150116846
32,4096,128.96875,0.01938352797878906
32,4096,129.96875,0.019688468019012362
32,4096,130.96875,0.01855833549052477
32,4096,131.96875,0.01951045199530199
32,4096,132.96875,0.019290347467176616
32,4096,133.96875,0.01932713744463399
32,4096,134.96875,0.019164269499015063
32,4096,135.96875,0.01937418698798865
32,4096,136.96875,0.019211438484489918
32,4096,137.96875,0.019274015503469855
32,4096,138.96875,0.01923239853931591
32,4096,139.96875,0.019334863463882357
32,4096,140.96875,0.01927820302080363
32,4096,141.96875,0.019189463462680578
32,4096,142.96875,0.01939655508613214
32,4096,143.96875,0.019183093449100852
32,4096,144.96875,0.019254978047683835
32,4096,145.96875,0.019156274502165616
32,4096,146.96875,0.019251717545557767
32,4096,147.96875,0.01932957995450124
32,4096,148.96875,0.019501414499245584
32,4096,149.96875,0.01914741744985804
32,4096,150.96875,0.01926953555084765
32,4096,151.96875,0.019009103532880545
32,4096,152.96875,0.01942867151228711
32,4096,153.96875,0.018961387977469712
32,4096,154.96875,0.019511872495058924
32,4096,155.96875,0.019582259003072977
32,4096,156.96875,0.019406181992962956
32,4096,157.96875,0.01864397502504289
32,4096,158.96875,0.019308306509628892
32,4096,159.96875,0.019588109978940338
32,4096,160.96875,0.019244189490564167
32,4096,161.96875,0.01904696098063141
32,4096,162.96875,0.019546928524505347
32,4096,163.96875,0.019756476976908743
32,4096,164.96875,0.018949613033328205
32,4096,165.96875,0.019020664039999247
32,4096,166.96875,0.01949704746948555
32,4096,167.96875,0.019450459512881935
32,4096,168.96875,0.019387310021556914
32,4096,169.96875,0.018786778033245355
32,4096,170.96875,0.019577361992560327
32,4096,171.96875,0.019648928951937705
32,4096,172.96875,0.019128638552501798
32,4096,173.96875,0.018938456545583904
32,4096,174.96875,0.01922061649383977
32,4096,175.96875,0.019626188499387354
32,4096,176.96875,0.019344964472111315
32,4096,177.96875,0.01897995895706117
32,4096,178.96875,0.024421405512839556
32,4096,179.96875,0.01489190198481083
32,4096,180.96875,0.019121235993225127
32,4096,181.96875,0.019176435482222587
32,4096,182.96875,0.019150782958604395
32,4096,183.96875,0.019674974028021097
32,4096,184.96875,0.019068791007157415
32,4096,185.96875,0.019346029439475387
32,4096,186.96875,0.019214373955037445
32,4096,187.96875,0.019119552511256188
32,4096,188.96875,0.019555965496692806
32,4096,189.96875,0.01926193351391703
32,4096,190.96875,0.019147593528032303
32,4096,191.96875,0.01923846098361537
32,4096,192.96875,0.019508671015501022
32,4096,193.96875,0.0192154734977521
32,4096,194.96875,0.01935618999414146
32,4096,195.96875,0.019137747585773468
32,4096,196.96875,0.019426731974817812
32,4096,197.96875,0.019537282991223037
32,4096,198.96875,0.019100647477898747
32,4096,199.96875,0.019208595505915582
32,4096,200.96875,0.019250070035923272
32,4096,201.96875,0.019319056067615747
32,4096,202.96875,0.01918363751610741
32,4096,203.96875,0.019235719519201666
32,4096,204.96875,0.019660989986732602
32,4096,205.96875,0.019141816534101963
32,4096,206.96875,0.019291651027742773
32,4096,207.96875,0.019285931484773755
32,4096,208.96875,0.019314719480462372
32,4096,209.96875,0.01932336704339832
32,4096,210.96875,0.02089712955057621
32,4096,211.96875,0.018127589486539364
32,4096,212.96875,0.018867090984713286
32,4096,213.96875,0.019281403510831296
32,4096,214.96875,0.019451981002930552
32,4096,215.96875,0.019250157987698913
32,4096,216.96875,0.0193594130105339
32,4096,217.96875,0.019209663500078022
32,4096,218.96875,0.019345094449818134
32,4096,219.96875,0.019527257536537945
32,4096,220.96875,0.019195852510165423
32,4096,221.96875,0.01940410753013566
32,4096,222.96875,0.019368778506759554
32,4096,223.96875,0.019381656020414084
32,4096,224.96875,0.01944909949088469
32,4096,225.96875,0.018947034957818687
32,4096,226.96875,0.019499471003655344
32,4096,227.96875,0.019434534013271332
32,4096,228.96875,0.019214338972233236
32,4096,229.96875,0.019403256999794394
32,4096,230.96875,0.01920376654015854
32,4096,231.96875,0.019420708005782217
32,4096,232.96875,0.01943339448189363
32,4096,233.96875,0.01940971054136753
32,4096,234.96875,0.01927766401786357
32,4096,235.96875,0.019454673514701426
32,4096,236.96875,0.019278116000350565
32,4096,237.96875,0.018756286008283496
32,4096,238.96875,0.01976253598695621
32,4096,239.96875,0.01933555450523272
32,4096,240.96875,0.019436339964158833
32,4096,241.96875,0.019026181544177234
32,4096,242.96875,0.01939845649758354
32,4096,243.96875,0.019316071993671358
32,4096,244.96875,0.019416600523982197
32,6144,16.5,0.021132828551344573
32,6144,17.5,0.02073370449943468
32,6144,18.5,0.020902004500385374
32,6144,19.5,0.021277607942465693
32,6144,20.5,0.020798759011086076
32,6144,21.5,0.020972553989849985
32,6144,22.5,0.020691024023108184
32,6144,23.5,0.020972956554032862
32,6144,24.5,0.021219566522631794
32,6144,25.5,0.021140924014616758
32,6144,26.5,0.020707491028588265
32,6144,27.5,0.020876806520391256
32,6144,28.5,0.020841584482695907
32,6144,29.5,0.021102604980114847
32,6144,30.5,0.020896651491057128
32,6144,31.5,0.02095057599944994
32,6144,32.5,0.02080345945432782
32,6144,33.5,0.02125258051091805
32,6144,34.5,0.02058168698567897
32,6144,35.5,0.02123417449183762
32,6144,36.5,0.02084671100601554
32,6144,37.5,0.021093464049044997
32,6144,38.5,0.020940469985362142
32,6144,39.5,0.0233461384777911
32,6144,40.5,0.01882782153552398
32,6144,41.5,0.020576433453243226
32,6144,42.5,0.020954016014002264
32,6144,43.5,0.02086151350522414
32,6144,44.5,0.02113378804642707
32,6144,45.5,0.020833761023823172
32,6144,46.5,0.020825577492360026
32,6144,47.5,0.0211495750118047
32,6144,48.5,0.02076145599130541
32,6144,49.5,0.020987177500501275
32,6144,50.5,0.021048544032964855
32,6144,51.5,0.02074890350922942
32,6144,52.5,0.02124338550493121
32,6144,53.5,0.02081435895524919
32,6144,54.5,0.020767822570633143
32,6144,55.5,0.02139598596841097
32,6144,56.5,0.020615458022803068
32,6144,57.5,0.02085209102369845
32,6144,58.5,0.02110523043666035
32,6144,59.5,0.020473291049711406
32,6144,60.5,0.021472483465913683
32,6144,61.5,0.021008965966757387
32,6144,62.5,0.02077097148867324
32,6144,63.5,0.020913516986183822
32,6144,64.5,0.02119839400984347
32,6144,65.5,0.020779886515811086
32,6144,66.5,0.021097060467582196
32,6144,67.5,0.0207650224911049
32,6144,68.5,0.021115601470228285
32,6144,69.5,0.021043180022388697
32,6144,70.5,0.020853040972724557
32,6144,71.5,0.02105366048635915
32,6144,72.5,0.020859192474745214
32,6144,73.5,0.020944163494277745
32,6144,74.5,0.02119371492881328
32,6144,75.5,0.020531307498458773
32,6144,76.5,0.021334211516659707
32,6144,77.5,0.020723188004922122
32,6144,78.5,0.02126756450161338
32,6144,79.5,0.02100615098606795
32,6144,80.5,0.020803055085707456
32,6144,81.5,0.021083212981466204
32,6144,82.5,0.02051686600316316
32,6144,83.5,0.02136426657671109
32,6144,84.5,0.021101225458551198
32,6144,85.5,0.021122964506503195
32,6144,86.5,0.020670673460699618
32,6144,87.5,0.021338210499379784
32,6144,88.5,0.020901610027067363
32,6144,89.5,0.020997159532271326
32,6144,90.5,0.020936476008500904
32,6144,91.5,0.020767123496625572
32,6144,92.5,0.02066221396671608
32,6144,93.5,0.021192085521761328
32,6144,94.5,0.02147696347674355
32,6144,95.5,0.020544404513202608
32,6144,96.5,0.020898003480397165
32,6144,97.5,0.021727582963649184
32,6144,98.5,0.020344971038866788
32,6144,99.5,0.021278541418723762
32,6144,100.5,0.021020400512497872
32,6144,101.5,0.020646744465921074
32,6144,102.5,0.021202719013672322
32,6144,103.5,0.02116850554011762
32,6144,104.5,0.020701987494248897
32,6144,105.5,0.021104190032929182
32,6144,106.5,0.020466921560000628
32,6144,107.5,0.02154722041450441
32,6144,108.5,0.020974812505301088
32,6144,109.5,0.020860557560808957
32,6144,110.5,0.02111734653590247
32,6144,111.5,0.02081173105398193
32,6144,112.5,0.020898782939184457
32,6144,113.5,0.021349541028030217
32,6144,114.5,0.020461689040530473
32,6144,115.5,0.020951619022525847
32,6144,116.5,0.02133016352308914
32,6144,117.5,0.020798838522750884
32,6144,118.5,0.021415660448838025
32,6144,119.5,0.020963858522009104
32,6144,120.5,0.02079448406584561
32,6144,121.5,0.020916790468618274
32,6144,122.5,0.020809438487049192
32,6144,123.5,0.02127221249975264
32,6144,124.5,0.02103736496064812
32,6144,125.5,0.021264226001221687
32,6144,126.5,0.02067348500713706
32,6144,127.5,0.02091288147494197
32,6144,128.5,0.021073668031021953
32,6144,129.5,0.02107481349958107
32,6144,130.5,0.02079942898126319
32,6144,131.5,0.02117460104636848
32,6144,132.5,0.020802994549740106
32,6144,133.5,0.02086265047546476
32,6144,134.5,0.021097840508446097
32,6144,135.5,0.020735883037559688
32,6144,136.5,0.021439509000629187
32,6144,137.5,0.021111242473125458
32,6144,138.5,0.020784944004844874
32,6144,139.5,0.021307312534190714
32,6144,140.5,0.020840579993091524
32,6144,141.5,0.02111160254571587
32,6144,142.5,0.021012232988141477
32,6144,143.5,0.021028603485319763
32,6144,144.5,0.02112392702838406
32,6144,145.5,0.021460399497300386
32,6144,146.5,0.020876922004390508
32,6144,147.5,0.02093553449958563
32,6144,148.5,0.021077613055240363
32,6144,149.5,0.020382831513416022
32,6144,150.5,0.02171086851740256
32,6144,151.5,0.02111630397848785
32,6144,152.5,0.02034535346319899
32,6144,153.5,0.02129033801611513
32,6144,154.5,0.02074253448517993
32,6144,155.5,0.02176607452565804
32,6144,156.5,0.020614022971130908
32,6144,157.5,0.020863627491053194
32,6144,158.5,0.021213306463323534
32,6144,159.5,0.02147077047266066
32,6144,160.5,0.02076635794946924
32,6144,161.5,0.02092073147650808
32,6144,162.5,0.020921987481415272
32,6144,163.5,0.0208962420001626
32,6144,164.5,0.02132941101444885
32,6144,165.5,0.020423738518729806
32,6144,166.5,0.021168729464989156
32,6144,167.5,0.02145088597899303
32,6144,168.5,0.021274912520311773
32,6144,169.5,0.020883028453681618
32,6144,170.5,0.0210002904641442
32,6144,171.5,0.0206593400798738
32,6144,172.5,0.021140963945072144
32,6144,173.5,0.02112098247744143
32,6144,174.5,0.02087307145120576
32,6144,175.5,0.02118393953423947
32,6144,176.5,0.021423223486635834
32,6144,177.5,0.02022911503445357
32,6144,178.5,0.02147006249288097
32,6144,179.5,0.020891501510050148
32,6144,180.5,0.020957500964868814
32,6144,181.5,0.021090108435600996
32,6144,182.5,0.020761270949151367
32,6144,183.5,0.021059373451862484
32,6144,184.5,0.021220053487922996
32,6144,185.5,0.021143423509784043
32,6144,186.5,0.020954426494427025
32,6144,187.5,0.020957617496605963
32,6144,188.5,0.021003558475058526
32,6144,189.5,0.020917061483487487
32,6144,190.5,0.021130802459083498
32,6144,191.5,0.02139704703586176
32,6144,192.5,0.02091431396547705
32,6144,193.5,0.02065505849895999
32,6144,194.5,0.02168906101724133
32,6144,195.5,0.02132113795960322
32,6144,196.5,0.020451843447517604
32,6144,197.5,0.021109168999828398
32,6144,198.5,0.020999462460167706
32,6144,199.5,0.020965616509784013
32,6144,200.5,0.02088675304548815
32,6144,201.5,0.02100139600224793
32,6144,202.5,0.020663453498855233
32,6144,203.5,0.02124645747244358
32,6144,204.5,0.02119727444369346
32,6144,205.5,0.02121922408696264
32,6144,206.5,0.021405531035270542
32,6144,207.5,0.020413398975506425
32,6144,208.5,0.02116808050777763
32,6144,209.5,0.020990749006159604
32,6144,210.5,0.021269661956466734
32,6144,211.5,0.021012166456785053
32,6144,212.5,0.021027892013080418
32,6144,213.5,0.0208971289684996
32,6144,214.5,0.021108400949742645
32,6144,215.5,0.0213724224595353
32,6144,216.5,0.0208305919659324
32,6144,217.5,0.02149542554980144
32,6144,218.5,0.02071057603461668
32,6144,219.5,0.02135456446558237
32,6144,220.5,0.020894390007015318
32,6144,221.5,0.020952292485162616
32,6144,222.5,0.021201807539910078
32,6144,223.5,0.021172471984755248
32,6144,224.5,0.020871624001301825
32,6144,225.5,0.02130023797508329
32,6144,226.5,0.020473672484513372
32,6144,227.5,0.021176981972530484
32,6144,228.5,0.021363122505135834
32,6144,229.5,0.020801433478482068
32,6144,230.5,0.02115643594879657
32,6144,231.5,0.020943777984939516
32,6144,232.5,0.02096488344250247
32,6144,233.5,0.021209304046351463
32,6144,234.5,0.020858686533756554
32,6144,235.5,0.021304786554537714
32,6144,236.5,0.020957399043254554
32,6144,237.5,0.021088507492095232
32,6144,238.5,0.021198011527303606
32,6144,239.5,0.020921098068356514
32,6144,240.5,0.020983562455512583
32,6144,241.5,0.02202092547668144
64,64,5.421875,0.016111353994347155
64,64,6.421875,0.01618283148854971
64,64,7.421875,0.016834692505653948
64,64,8.421875,0.016708597540855408
64,64,9.421875,0.016213653492741287
64,64,10.421875,0.016799678036477417
64,64,11.421875,0.016027067962568253
64,64,12.421875,0.016454336524475366
64,64,13.421875,0.016558019968215376
64,64,14.421875,0.01665188797051087
64,64,15.421875,0.016628057521302253
64,64,16.421875,0.01661982701625675
64,64,17.421875,0.01642499351873994
64,64,18.421875,0.016505169973243028
64,64,19.421875,0.01676197804044932
64,64,20.421875,0.01640594395576045
64,64,21.421875,0.01631082349922508
64,64,22.421875,0.01650729199172929
64,64,23.421875,0.01631618500687182
64,64,24.421875,0.01658859004965052
64,64,25.421875,0.016468077490571886
64,64,26.421875,0.016453832446131855
64,64,27.421875,0.01653570751659572
64,64,28.421875,0.016376862942706794
64,64,29.421875,0.016198185505345464
64,64,30.421875,0.016903513460420072
64,64,31.421875,0.016318018024321645
64,64,32.421875,0.01606794900726527
64,64,33.421875,0.01656162296421826
64,64,34.421875,0.01683112495811656
64,64,35.421875,0.016740109014790505
64,64,36.421875,0.0162789614405483
64,64,37.421875,0.016518933523911983
64,64,38.421875,0.016484818945173174
64,64,39.421875,0.01643441553460434
64,64,40.421875,0.016526147548574954
64,64,41.421875,0.01634659944102168
64,64,42.421875,0.016699825995601714
64,64,43.421875,0.01621784846065566
64,64,44.421875,0.01642238348722458
64,64,45.421875,0.016575300483964384
64,64,46.421875,0.01669764198595658
64,64,47.421875,0.01657341653481126
64,64,48.421875,0.016499973484314978
64,64,49.421875,0.01613586553139612
64,64,50.421875,0.016607340483460575
64,64,51.421875,0.016485435015056282
64,64,52.421875,0.016476210032124072
64,64,53.421875,0.016460179933346808
64,64,54.421875,0.016518613032530993
64,64,55.421875,0.016461140534374863
64,64,56.421875,0.016553545952774584
64,64,57.421875,0.01614628004608676
64,64,58.421875,0.016508456494193524
64,64,59.421875,0.01656703551998362
64,64,60.421875,0.016685553069692105
64,64,61.421875,0.01638681604526937
64,64,62.421875,0.01665342948399484
64,64,63.421875,0.01645145850488916
64,64,64.421875,0.016732815536670387
64,64,65.421875,0.01614552247337997
64,64,66.421875,0.01713075948646292
64,64,67.421875,0.016417670994997025
64,64,68.421875,0.01678756100591272
64,64,69.421875,0.016725789522752166
64,64,70.421875,0.01652921154163778
64,64,71.421875,0.01659316150471568
64,64,72.421875,0.016673808509949595
64,64,73.421875,0.016439390485174954
64,64,74.421875,0.017129300511442125
64,64,75.421875,0.016245865495875478
64,64,76.421875,0.016665166011080146
64,64,77.421875,0.016587778984103352
64,64,78.421875,0.016902505012694746
64,64,79.421875,0.01636858150595799
64,64,80.421875,0.016351219499483705
64,64,81.421875,0.01672459248220548
64,64,82.421875,0.016667757474351674
64,64,83.421875,0.01672788104042411
64,64,84.421875,0.016576020047068596
64,64,85.421875,0.016546408005524427
64,64,86.421875,0.016400919412262738
64,64,87.421875,0.016635093954391778
64,64,88.421875,0.01580979797290638
64,64,89.421875,0.016610811464488506
64,64,90.421875,0.0164922455442138
64,64,91.421875,0.016618602501694113
64,64,92.421875,0.016773427021689713
64,64,93.421875,0.016414001467637718
64,64,94.421875,0.017069185501895845
64,64,95.421875,0.016477682976983488
64,64,96.421875,0.016439090482890606
64,64,97.421875,0.01650715747382492
64,64,98.421875,0.01711289450759068
64,64,99.421875,0.01628366147633642
64,64,100.421875,0.016771053022239357
64,64,101.421875,0.016880829469300807
64,64,102.421875,0.016215566429309547
64,64,103.421875,0.01663952152011916
64,64,104.421875,0.016913960920646787
64,64,105.421875,0.016633776540402323
64,64,106.421875,0.016670404467731714
64,64,107.421875,0.01677213702350855
64,64,108.421875,0.01674046495463699
64,64,109.421875,0.016409088973887265
64,64,110.421875,0.01662053493782878
64,64,111.421875,0.016910206992179155
64,64,112.421875,0.016630906029604375
64,64,113.421875,0.01688846998149529
64,64,114.421875,0.016426828515250236
64,64,115.421875,0.01607409951975569
64,64,116.421875,0.016809740976896137
64,64,117.421875,0.016607168538030237
64,64,118.421875,0.01700421894202009
64,64,119.421875,0.016584209515713155
64,64,120.421875,0.016621154034510255
64,64,121.421875,0.016727676964364946
64,64,122.421875,0.016595240973401815
64,64,123.421875,0.016748168505728245
64,64,124.421875,0.016800397483166307
64,64,125.421875,0.01635329402051866
64,64,126.421875,0.016754401032812893
64,64,127.421875,0.016807452077046037
64,64,128.421875,0.01647452253382653
64,64,129.421875,0.01711297652218491
64,64,130.421875,0.01668119354872033
64,64,131.421875,0.016402014472987503
64,64,132.421875,0.016789829009212554
64,64,133.421875,0.016302291012834758
64,64,134.421875,0.017011578020174056
64,64,135.421875,0.016713823017198592
64,64,136.421875,0.016540802491363138
64,64,137.421875,0.016564164485316724
64,64,138.421875,0.016897149558644742
64,64,139.421875,0.01638807647395879
64,64,140.421875,0.016719944076612592
64,64,141.421875,0.016533957503270358
64,64,142.421875,0.017045037006027997
64,64,143.421875,0.016653175523970276
64,64,144.421875,0.016907850513234735
64,64,145.421875,0.016360595531295985
64,64,146.421875,0.016666431562043726
64,64,147.421875,0.016763289517257363
64,64,148.421875,0.016762064478825778
64,64,149.421875,0.017000367923174053
64,64,150.421875,0.016387082519941032
64,64,151.421875,0.016570619482081383
64,64,152.421875,0.017051180417183787
64,64,153.421875,0.016597484005615115
64,64,154.421875,0.01654520200099796
64,64,155.421875,0.016828816500492394
64,64,156.421875,0.01673265703720972
64,64,157.421875,0.01674833451397717
64,64,158.421875,0.01684711402049288
64,64,159.421875,0.016641456459183246
64,64,160.421875,0.016410777519922704
64,64,161.421875,0.017469488957431167
64,64,162.421875,0.01614595396677032
64,64,163.421875,0.016764668514952064
64,64,164.421875,0.01695603597909212
64,64,165.421875,0.016692135017365217
64,64,166.421875,0.016479136480484158
64,64,167.421875,0.01701766502810642
64,64,168.421875,0.016760664526373148
64,64,169.421875,0.016387897019740194
64,64,170.421875,0.01689247298054397
64,64,171.421875,0.016658389009535313
64,64,172.421875,0.016703176021110266
64,64,173.421875,0.016937052074354142
64,64,174.421875,0.017322731495369226
64,64,175.421875,0.0160495430463925
64,64,176.421875,0.01727970998035744
64,64,177.421875,0.01604138797847554
64,64,178.421875,0.01676784351002425
64,64,179.421875,0.01677160302642733
64,64,180.421875,0.017429337080102414
64,64,181.421875,0.01659511646721512
64,64,182.421875,0.016838398529216647
64,64,183.421875,0.016442543012090027
64,64,184.421875,0.01634199050022289
64,64,185.421875,0.01666623749770224
64,64,186.421875,0.01747984200483188
64,64,187.421875,0.016719649953301996
64,64,188.421875,0.016805852006655186
64,64,189.421875,0.016565088008064777
64,64,190.421875,0.01645500148879364
64,64,191.421875,0.01775103947147727
64,64,192.421875,0.01661276345839724
64,64,193.421875,0.016789118468295783
64,64,194.421875,0.01669596799183637
64,64,195.421875,0.016652147052809596
64,64,196.421875,0.016486699518281966
64,64,197.421875,0.016876184032298625
64,64,198.421875,0.017056218988727778
64,64,199.421875,0.016598984540905803
64,64,200.421875,0.017226719530299306
64,64,201.421875,0.016569994972087443
64,64,202.421875,0.016740194521844387
64,64,203.421875,0.017136888985987753
64,64,204.421875,0.01689995254855603
64,64,205.421875,0.016116248967591673
64,64,206.421875,0.018147394061088562
64,64,207.421875,0.016462375002447516
64,64,208.421875,0.01670429651858285
64,64,209.421875,0.017110304965171963
64,64,210.421875,0.01693649950902909
64,64,211.421875,0.01674970000749454
64,64,212.421875,0.017207635566592216
64,64,213.421875,0.016512240981683135
64,64,214.421875,0.016782579477876425
64,64,215.421875,0.01667678146623075
64,64,216.421875,0.01700573245761916
64,64,217.421875,0.017040089471265674
64,64,218.421875,0.016683071560692042
64,64,219.421875,0.016998990555293858
64,64,220.421875,0.01713926502270624
64,64,221.421875,0.016551850538235158
64,64,222.421875,0.017523539427202195
64,64,223.421875,0.016880511539056897
64,64,224.421875,0.016609817976132035
64,64,225.421875,0.0170488019939512
64,64,226.421875,0.016834455949719995
64,64,227.421875,0.016968332463875413
64,64,228.421875,0.017057259508874267
64,64,229.421875,0.016965072485618293
64,64,230.421875,0.016504290979355574
64,64,231.421875,0.016792651498690248
64,64,232.421875,0.017251218494493514
64,64,233.421875,0.016814134025480598
64,64,234.421875,0.016857331560458988
64,64,235.421875,0.016936621454078704
64,64,236.421875,0.01679666351992637
64,64,237.421875,0.016730022500269115
64,64,238.421875,0.016846908489242196
64,64,239.421875,0.017503568960819393
64,64,240.421875,0.016539282456506044
64,64,241.421875,0.01688378950348124
64,64,242.421875,0.016886935976799577
64,64,243.421875,0.01672016247175634
64,64,244.421875,0.01686816697474569
64,64,245.421875,0.016977741033770144
64,64,246.421875,0.016693071520421654
64,64,247.421875,0.017146284051705152
64,64,248.421875,0.0168044994934462
64,64,249.421875,0.016755691438447684
64,64,250.421875,0.017158587521407753
64,64,251.421875,0.017248970980290323
64,64,252.421875,0.017098287004046142
64,256,5.84375,0.016524190024938434
64,256,6.84375,0.01679252303438261
64,256,7.84375,0.017069894005544484
64,256,8.84375,0.017214285966474563
64,256,9.84375,0.01693390100263059
64,256,10.84375,0.016428289003670216
64,256,11.84375,0.016442202031612396
64,256,12.84375,0.01697653252631426
64,256,13.84375,0.016818383999634534
64,256,14.84375,0.01709717302583158
64,256,15.84375,0.016951370518654585
64,256,16.84375,0.01672804495319724
64,256,17.84375,0.01743293402250856
64,256,18.84375,0.016621539427433163
64,256,19.84375,0.01736727700335905
64,256,20.84375,0.016718771017622203
64,256,21.84375,0.016710967931430787
64,256,22.84375,0.01740760705433786
64,256,23.84375,0.016513019450940192
64,256,24.84375,0.01669910503551364
64,256,25.84375,0.017116897040978074
64,256,26.84375,0.016582429001573473
64,256,27.84375,0.017166160512715578
64,256,28.84375,0.016703570552635938
64,256,29.84375,0.01679175248136744
64,256,30.84375,0.0168174005812034
64,256,31.84375,0.017151595500763506
64,256,32.84375,0.016712865501176566
64,256,33.84375,0.017244739457964897
64,256,34.84375,0.016784831997938454
64,256,35.84375,0.016545644029974937
64,256,36.84375,0.017032034520525485
64,256,37.84375,0.017092485970351845
64,256,38.84375,0.0167857474880293
64,256,39.84375,0.016918046050705016
64,256,40.84375,0.016643028997350484
64,256,41.84375,0.01706886652391404
64,256,42.84375,0.0166387390345335
64,256,43.84375,0.017162601987365633
64,256,44.84375,0.016796564450487494
64,256,45.84375,0.01717689452925697
64,256,46.84375,0.01690243900520727
64,256,47.84375,0.01663807046134025
64,256,48.84375,0.017310248513240367
64,256,49.84375,0.016675477498210967
64,256,50.84375,0.016844788973685354
64,256,51.84375,0.016697639948688447
64,256,52.84375,0.017170906474348158
64,256,53.84375,0.016926326439715922
64,256,54.84375,0.016729089489672333
64,256,55.84375,0.016935716033913195
64,256,56.84375,0.01700590195832774
64,256,57.84375,0.01665933895856142
64,256,58.84375,0.017115319438744336
64,256,59.84375,0.016661815578117967
64,256,60.84375,0.01712033653166145
64,256,61.84375,0.017088845546822995
64,256,62.84375,0.016978549014311284
64,256,63.84375,0.01687754096928984
64,256,64.84375,0.016990005038678646
64,256,65.84375,0.016734127537347376
64,256,66.84375,0.016484011546708643
64,256,67.84375,0.017091394518502057
64,256,68.84375,0.017027235066052526
64,256,69.84375,0.01702619151910767
64,256,70.84375,0.01670946105150506
64,256,71.84375,0.017124074511229992
64,256,72.84375,0.016792281006928533
64,256,73.84375,0.017212485428899527
64,256,74.84375,0.016936364001594484
64,256,75.84375,0.016909369500353932
64,256,76.84375,0.0168587404768914
64,256,77.84375,0.016804554499685764
64,256,78.84375,0.016477015509735793
64,256,79.84375,0.017902614024933428
64,256,80.84375,0.01654708298156038
64,256,81.84375,0.017019842460285872
64,256,82.84375,0.016715700505301356
64,256,83.84375,0.01695961004588753
64,256,84.84375,0.01689971354790032
64,256,85.84375,0.01688492053654045
64,256,86.84375,0.01684055750956759
64,256,87.84375,0.017118140938691795
64,256,88.84375,0.016573349479585886
64,256,89.84375,0.01746493298560381
64,256,90.84375,0.016644240473397076
64,256,91.84375,0.017331223469227552
64,256,92.84375,0.01691504253540188
64,256,93.84375,0.01691242406377569
64,256,94.84375,0.016758522018790245
64,256,95.84375,0.017176911933347583
64,256,96.84375,0.016705073066987097
64,256,97.84375,0.017135225469246507
64,256,98.84375,0.016796539479400963
64,256,99.84375,0.017191972001455724
64,256,100.84375,0.016906187520362437
64,256,101.84375,0.016903997980989516
64,256,102.84375,0.01738961396040395
64,256,103.84375,0.01691886695334688
64,256,104.84375,0.016604370495770127
64,256,105.84375,0.016937271982897073
64,256,106.84375,0.016957850544713438
64,256,107.84375,0.017030919494573027
64,256,108.84375,0.01694853149820119
64,256,109.84375,0.01733116147806868
64,256,110.84375,0.017248812539037317
64,256,111.84375,0.016573898028582335
64,256,112.84375,0.016775421507190913
64,256,113.84375,0.017080792458727956
64,256,114.84375,0.01710384350735694
64,256,115.84375,0.017138773517217487
64,256,116.84375,0.01650491001782939
64,256,117.84375,0.01669222704367712
64,256,118.84375,0.01701791596133262
64,256,119.84375,0.016986074508167803
64,256,120.84375,0.01719398907152936
64,256,121.84375,0.01701790845254436
64,256,122.84375,0.0171529320650734
64,256,123.84375,0.017096521565690637
64,256,124.84375,0.016933477483689785
64,256,125.84375,0.016501330479513854
64,256,126.84375,0.01745572005165741
64,256,127.84375,0.017171139537822455
64,256,128.84375,0.017207947501447052
64,256,129.84375,0.016791599977295846
64,256,130.84375,0.017452605941798538
64,256,131.84375,0.016646170988678932
64,256,132.84375,0.017178381502162665
64,256,133.84375,0.017304553999565542
64,256,134.84375,0.017487580538727343
64,256,135.84375,0.016807160573080182
64,256,136.84375,0.01736933644860983
64,256,137.84375,0.01678345794789493
64,256,138.84375,0.017224028531927615
64,256,139.84375,0.017581077525392175
64,256,140.84375,0.01702278951415792
64,256,141.84375,0.016880654031410813
64,256,142.84375,0.01753356703557074
64,256,143.84375,0.016895672015380114
64,256,144.84375,0.01730002649128437
64,256,145.84375,0.016887795936781913
64,256,146.84375,0.017402035417035222
64,256,147.84375,0.017042487510479987
64,256,148.84375,0.01724320650100708
64,256,149.84375,0.016552373475860804
64,256,150.84375,0.01720098144141957
64,256,151.84375,0.017543894529808313
64,256,152.84375,0.016720413987059146
64,256,153.84375,0.017606372479349375
64,256,154.84375,0.01692133495816961
64,256,155.84375,0.01684383553219959
64,256,156.84375,0.017566414491739124
64,256,157.84375,0.017326539498753846
64,256,158.84375,0.017805701587349176
64,256,159.84375,0.016378029016777873
64,256,160.84375,0.017379839497152716
64,256,161.84375,0.016737220517825335
64,256,162.84375,0.01741290552308783
64,256,163.84375,0.01745109201874584
64,256,164.84375,0.016674269980285317
64,256,165.84375,0.01764058298431337
64,256,166.84375,0.01670260349055752
64,256,167.84375,0.01690887747099623
64,256,168.84375,0.017669232445769012
64,256,169.84375,0.016659414453897625
64,256,170.84375,0.016894297499675304
64,256,171.84375,0.01808460394386202
64,256,172.84375,0.016465037071611732
64,256,173.84375,0.01720474602188915
64,256,174.84375,0.01735551207093522
64,256,175.84375,0.017185718519613147
64,256,176.84375,0.0175193480681628
64,256,177.84375,0.017180717492010444
64,256,178.84375,0.017172295483760536
64,256,179.84375,0.01650470495223999
64,256,180.84375,0.017388479027431458
64,256,181.84375,0.01785192749230191
64,256,182.84375,0.016765466483775526
64,256,183.84375,0.017192905535921454
64,256,184.84375,0.016680110013112426
64,256,185.84375,0.017114461516030133
64,256,186.84375,0.01760481350356713
64,256,187.84375,0.017471224477048963
64,256,188.84375,0.016952169011346996
64,256,189.84375,0.017078851466067135
64,256,190.84375,0.017280883970670402
64,256,191.84375,0.017383911996148527
64,256,192.84375,0.01730133849196136
64,256,193.84375,0.01946871541440487
64,256,194.84375,0.014573602529708296
64,256,195.84375,0.017447491991333663
64,256,196.84375,0.017302369058597833
64,256,197.84375,0.016876687004696578
64,256,198.84375,0.01765785296447575
64,256,199.84375,0.017489232530351728
64,256,200.84375,0.016870829567778856
64,256,201.84375,0.016988922492600977
64,256,202.84375,0.01708290498936549
64,256,203.84375,0.016930816927924752
64,256,204.84375,0.017572316515725106
64,256,205.84375,0.017287070979364216
64,256,206.84375,0.01718719652853906
64,256,207.84375,0.017204086005222052
64,256,208.84375,0.016758584999479353
64,256,209.84375,0.01697754900669679
64,256,210.84375,0.017706433485727757
64,256,211.84375,0.017095017014071345
64,256,212.84375,0.017133245011791587
64,256,213.84375,0.01716122543439269
64,256,214.84375,0.016941573994699866
64,256,215.84375,0.017198569956235588
64,256,216.84375,0.01778551854658872
64,256,217.84375,0.016897648514714092
64,256,218.84375,0.0171547174686566
64,256,219.84375,0.017317431513220072
64,256,220.84375,0.016762298007961363
64,256,221.84375,0.017548097937833518
64,256,222.84375,0.017306471476331353
64,256,223.84375,0.017210134479682893
64,256,224.84375,0.017049026035238057
64,256,225.84375,0.017219339963048697
64,256,226.84375,0.01702014496549964
64,256,227.84375,0.017152069543953985
64,256,228.84375,0.017535573977511376
64,256,229.84375,0.017156583024188876
64,256,230.84375,0.017398095515090972
64,256,231.84375,0.017391685454640538
64,256,232.84375,0.017025652574375272
64,256,233.84375,0.01736100547714159
64,256,234.84375,0.01713824743637815
64,256,235.84375,0.017145885562058538
64,256,236.84375,0.017132095934357494
64,256,237.84375,0.017403423553332686
64,256,238.84375,0.017157690948806703
64,256,239.84375,0.017213037994224578
64,256,240.84375,0.017156743037048727
64,256,241.84375,0.01736551447538659
64,256,242.84375,0.016864389006514102
64,256,243.84375,0.017455665511079133
64,256,244.84375,0.017482327937614173
64,256,245.84375,0.017355824005790055
64,256,246.84375,0.017039042490068823
64,256,247.84375,0.01758628647075966
64,256,248.84375,0.01692082895897329
64,256,249.84375,0.01729474845342338
64,256,250.84375,0.016990286007057875
64,256,251.84375,0.017759524518623948
64,1024,8.40625,0.0182925735716708
64,1024,9.40625,0.01810459850821644
64,1024,10.40625,0.017927771958056837
64,1024,11.40625,0.01819978648563847
64,1024,12.40625,0.018532780988607556
64,1024,13.40625,0.018009009480010718
64,1024,14.40625,0.01824920647777617
64,1024,15.40625,0.01840482943225652
64,1024,16.40625,0.01802490104455501
64,1024,17.40625,0.01804673345759511
64,1024,18.40625,0.018209689005743712
64,1024,19.40625,0.01822910999180749
64,1024,20.40625,0.01815133000491187
64,1024,21.40625,0.018009823514148593
64,1024,22.40625,0.018207071989309043
64,1024,23.40625,0.018312037514988333
64,1024,24.40625,0.017986051505431533
64,1024,25.40625,0.018367735028732568
64,1024,26.40625,0.018227775988634676
64,1024,27.40625,0.018184462503995746
64,1024,28.40625,0.018245993531309068
64,1024,29.40625,0.017991504981182516
64,1024,30.40625,0.018190881004557014
64,1024,31.40625,0.018363478942774236
64,1024,32.40625,0.018266244558617473
64,1024,33.40625,0.017981291515752673
64,1024,34.40625,0.018673215934541076
64,1024,35.40625,0.01868468802422285
64,1024,36.40625,0.017811582947615534
64,1024,37.40625,0.018333587562665343
64,1024,38.40625,0.018333997984882444
64,1024,39.40625,0.01780171348946169
64,1024,40.40625,0.018003216944634914
64,1024,41.40625,0.018004745536018163
64,1024,42.40625,0.018274258472956717
64,1024,43.40625,0.018078633467666805
64,1024,44.40625,0.018194045464042574
64,1024,45.40625,0.018139288062229753
64,1024,46.40625,0.01838428748305887
64,1024,47.40625,0.018144509522244334
64,1024,48.40625,0.01804662001086399
64,1024,49.40625,0.01812191295903176
64,1024,50.40625,0.018098439963068813
64,1024,51.40625,0.018353282008320093
64,1024,52.40625,0.018142697983421385
64,1024,53.40625,0.01814324251608923
64,1024,54.40625,0.017980986507609487
64,1024,55.40625,0.018171110074035823
64,1024,56.40625,0.018373617087490857
64,1024,57.40625,0.0180375084746629
64,1024,58.40625,0.01840093295322731
64,1024,59.40625,0.018124952039215714
64,1024,60.40625,0.018392597034107894
64,1024,61.40625,0.017907641478814185
64,1024,62.40625,0.018342967494390905
64,1024,63.40625,0.018051964521873742
64,1024,64.40625,0.018209663045126945
64,1024,65.40625,0.018251466506626457
64,1024,66.40625,0.018334318476263434
64,1024,67.40625,0.01797409204300493
64,1024,68.40625,0.018375937012024224
64,1024,69.40625,0.018067174474708736
64,1024,70.40625,0.018241083016619086
64,1024,71.40625,0.01819430902833119
64,1024,72.40625,0.018242567020934075
64,1024,73.40625,0.018291890970431268
64,1024,74.40625,0.018198661040514708
64,1024,75.40625,0.017964725440833718
64,1024,76.40625,0.018616642511915416
64,1024,77.40625,0.017986777529586107
64,1024,78.40625,0.018434985948260874
64,1024,79.40625,0.018034056527540088
64,1024,80.40625,0.018179411999881268
64,1024,81.40625,0.018140670494176447
64,1024,82.40625,0.018220623955130577
64,1024,83.40625,0.018219221965409815
64,1024,84.40625,0.018290963489562273
64,1024,85.40625,0.018157147918827832
64,1024,86.40625,0.017861615982837975
64,1024,87.40625,0.018423176021315157
64,1024,88.40625,0.018193676543887705
64,1024,89.40625,0.018600796000100672
64,1024,90.40625,0.01784727699123323
64,1024,91.40625,0.018496462958864868
64,1024,92.40625,0.017725989047903568
64,1024,93.40625,0.01822673896094784
64,1024,94.40625,0.018184355983976275
64,1024,95.40625,0.018186929519288242
64,1024,96.40625,0.01804691698634997
64,1024,97.40625,0.018363511480856687
64,1024,98.40625,0.018105169525370002
64,1024,99.40625,0.018192628980614245
64,1024,100.40625,0.018609607068356127
64,1024,101.40625,0.018852744484320283
64,1024,102.40625,0.017718380026053637
64,1024,103.40625,0.018466735491529107
64,1024,104.40625,0.018224010011181235
64,1024,105.40625,0.01822880801046267
64,1024,106.40625,0.018400466011371464
64,1024,107.40625,0.017978623509407043
64,1024,108.40625,0.01830165256978944
64,1024,109.40625,0.0182274550315924
64,1024,110.40625,0.0182908020215109
64,1024,111.40625,0.018400111992377788
64,1024,112.40625,0.01815987500594929
64,1024,113.40625,0.017996570037212223
64,1024,114.40625,0.018244178500026464
64,1024,115.40625,0.018261827994138002
64,1024,116.40625,0.01833950955187902
64,1024,117.40625,0.018023093463853
64,1024,118.40625,0.01810273650335148
64,1024,119.40625,0.018467774032615125
64,1024,120.40625,0.018243461032398045
64,1024,121.40625,0.01861899596406147
64,1024,122.40625,0.017992593464441597
64,1024,123.40625,0.018267722509335726
64,1024,124.40625,0.017966581508517265
64,1024,125.40625,0.018328022968489677
64,1024,126.40625,0.018262461526319385
64,1024,127.40625,0.018003955017775297
64,1024,128.40625,0.018268760526552796
64,1024,129.40625,0.018002696509938687
64,1024,130.40625,0.018506153021007776
64,1024,131.40625,0.018444322980940342
64,1024,132.40625,0.018380322435405105
64,1024,133.40625,0.01833695056848228
64,1024,134.40625,0.018084210576489568
64,1024,135.40625,0.018315587542019784
64,1024,136.40625,0.018512902490328997
64,1024,137.40625,0.01860396796837449
64,1024,138.40625,0.018278884002938867
64,1024,139.40625,0.01836932555306703
64,1024,140.40625,0.018271238484885544
64,1024,141.40625,0.01847499201539904
64,1024,142.40625,0.01813293749000877
64,1024,143.40625,0.018669122480787337
64,1024,144.40625,0.01841946499189362
64,1024,145.40625,0.018469708506017923
64,1024,146.40625,0.018475826480425894
64,1024,147.40625,0.018181167484726757
64,1024,148.40625,0.01848372252425179
64,1024,149.40625,0.01808918855385855
64,1024,150.40625,0.018821835983544588
64,1024,151.40625,0.018175339966546744
64,1024,152.40625,0.018382208072580397
64,1024,153.40625,0.019289154501166195
64,1024,154.40625,0.018306631012819707
64,1024,155.40625,0.018286679463926703
64,1024,156.40625,0.018465640547219664
64,1024,157.40625,0.018263817997649312
64,1024,158.40625,0.018181114515755326
64,1024,159.40625,0.01856328302528709
64,1024,160.40625,0.018384625029284507
64,1024,161.40625,0.017880891973618418
64,1024,162.40625,0.018487984489183873
64,1024,163.40625,0.018530038942117244
64,1024,164.40625,0.018315910070668906
64,1024,165.40625,0.018592888489365578
64,1024,166.40625,0.018313330481760204
64,1024,167.40625,0.018354664440266788
64,1024,168.40625,0.018244367965962738
64,1024,169.40625,0.018085546500515193
64,1024,170.40625,0.01863405149197206
64,1024,171.40625,0.018336368550080806
64,1024,172.40625,0.018461509491316974
64,1024,173.40625,0.018231294525321573
64,1024,174.40625,0.01850720791844651
64,1024,175.40625,0.018486275512259454
64,1024,176.40625,0.01830499799689278
64,1024,177.40625,0.018909638049080968
64,1024,178.40625,0.01774717855732888
64,1024,179.40625,0.01872816844843328
64,1024,180.40625,0.01786641002399847
64,1024,181.40625,0.018665570009034127
64,1024,182.40625,0.018600806535687298
64,1024,183.40625,0.01910328445956111
64,1024,184.40625,0.01759876200230792
64,1024,185.40625,0.018793097464367747
64,1024,186.40625,0.01822598750004545
64,1024,187.40625,0.018404110975097865
64,1024,188.40625,0.018329366052057594
64,1024,189.40625,0.01829111250117421
64,1024,190.40625,0.01849304250208661
64,1024,191.40625,0.01844805449945852
64,1024,192.40625,0.018472740484867245
64,1024,193.40625,0.018285435042344034
64,1024,194.40625,0.018438349943608046
64,1024,195.40625,0.01831402600510046
64,1024,196.40625,0.018528302025515586
64,1024,197.40625,0.01867274596588686
64,1024,198.40625,0.018153971526771784
64,1024,199.40625,0.018639236979652196
64,1024,200.40625,0.017810169549193233
64,1024,201.40625,0.018751452502328902
64,1024,202.40625,0.018203465442638844
64,1024,203.40625,0.018883049953728914
64,1024,204.40625,0.018539622542448342
64,1024,205.40625,0.018311871972400695
64,1024,206.40625,0.01806650502840057
64,1024,207.40625,0.018531492969486862
64,1024,208.40625,0.018768251466099173
64,1024,209.40625,0.01841805299045518
64,1024,210.40625,0.018402455549221486
64,1024,211.40625,0.017720052041113377
64,1024,212.40625,0.018845418002456427
64,1024,213.40625,0.01831015251809731
64,1024,214.40625,0.018934710533358157
64,1024,215.40625,0.018266439496073872
64,1024,216.40625,0.018282524950336665
64,1024,217.40625,0.01830034248996526
64,1024,218.40625,0.0182573800557293
64,1024,219.40625,0.018957924039568752
64,1024,220.40625,0.018311991065274924
64,1024,221.40625,0.01839696295792237
64,1024,222.40625,0.01840942504350096
64,1024,223.40625,0.01880350906867534
64,1024,224.40625,0.017876207537483424
64,1024,225.40625,0.019102531019598246
64,1024,226.40625,0.017761602473910898
64,1024,227.40625,0.018605627992656082
64,1024,228.40625,0.018357279535848647
64,1024,229.40625,0.018369488534517586
64,1024,230.40625,0.018469328992068768
64,1024,231.40625,0.018414711521472782
64,1024,232.40625,0.018675841041840613
64,1024,233.40625,0.01806466100970283
64,1024,234.40625,0.01885192794725299
64,1024,235.40625,0.0183411639300175
64,1024,236.40625,0.018667298019863665
64,1024,237.40625,0.018093152553774416
64,1024,238.40625,0.018329651502426714
64,1024,239.40625,0.018467746558599174
64,1024,240.40625,0.018666476476937532
64,1024,241.40625,0.018635698943398893
64,1024,242.40625,0.01842635456705466
64,1024,243.40625,0.01845478150062263
64,1024,244.40625,0.018335530010517687
64,1024,245.40625,0.018233650538604707
64,1024,246.40625,0.01883679407183081
64,1024,247.40625,0.018271119974087924
64,1024,248.40625,0.018301053496543318
64,1024,249.40625,0.019396065443288535
64,4096,20.875,0.02308776753488928
64,4096,21.875,0.02353121544001624
64,4096,22.875,0.023451482004020363
64,4096,23.875,0.02330338046886027
64,4096,24.875,0.023514717526268214
64,4096,25.875,0.023401325976010412
64,4096,26.875,0.023879735555965453
64,4096,27.875,0.023296702012885362
64,4096,28.875,0.022968355973716825
64,4096,29.875,0.023886895563919097
64,4096,30.875,0.0239775869413279
64,4096,31.875,0.02361169899813831
64,4096,32.875,0.023099553945939988
64,4096,33.875,0.023300534987356514
64,4096,34.875,0.024157390522304922
64,4096,35.875,0.023371033486910164
64,4096,36.875,0.022923445038031787
64,4096,37.875,0.023596166458446532
64,4096,38.875,0.024291108536999673
64,4096,39.875,0.023037145496346056
64,4096,40.875,0.02358815202023834
64,4096,41.875,0.02327955001965165
64,4096,42.875,0.02343331347219646
64,4096,43.875,0.02345958148362115
64,4096,44.875,0.023459777992684394
64,4096,45.875,0.02339243801543489
64,4096,46.875,0.023424725572112948
64,4096,47.875,0.023236284498125315
64,4096,48.875,0.02383713802555576
64,4096,49.875,0.023263288021553308
64,4096,50.875,0.02351479046046734
64,4096,51.875,0.023524301999714226
64,4096,52.875,0.02373172400984913
64,4096,53.875,0.02311677351826802
64,4096,54.875,0.023682195984292775
64,4096,55.875,0.02340675750747323
64,4096,56.875,0.023626042471732944
64,4096,57.875,0.023093810537829995
64,4096,58.875,0.023684876039624214
64,4096,59.875,0.0234464185195975
64,4096,60.875,0.023739318537991494
64,4096,61.875,0.023331190983299166
64,4096,62.875,0.02322475251276046
64,4096,63.875,0.023348724469542503
64,4096,64.875,0.023426325002219528
64,4096,65.875,0.02356158592738211
64,4096,66.875,0.02376295649446547
64,4096,67.875,0.023158696480095387
64,4096,68.875,0.023222760937642306
64,4096,69.875,0.024054298468399793
64,4096,70.875,0.023359890561550856
64,4096,71.875,0.02329367696074769
64,4096,72.875,0.023497636488173157
64,4096,73.875,0.023577335465233773
64,4096,74.875,0.023412626527715474
64,4096,75.875,0.02354235906386748
64,4096,76.875,0.023540224530734122
64,4096,77.875,0.023452006455045193
64,4096,78.875,0.023364467022474855
64,4096,79.875,0.02347108058165759
64,4096,80.875,0.02376883599208668
64,4096,81.875,0.023228690028190613
64,4096,82.875,0.02362648898269981
64,4096,83.875,0.02333374897716567
64,4096,84.875,0.023457975999917835
64,4096,85.875,0.023673199000768363
64,4096,86.875,0.023462997458409518
64,4096,87.875,0.023469106992706656
64,4096,88.875,0.02320881700143218
64,4096,89.875,0.023285267467144877
64,4096,90.875,0.02339318604208529
64,4096,91.875,0.02346346346894279
64,4096,92.875,0.023591023520566523
64,4096,93.875,0.02328242448857054
64,4096,94.875,0.02343729109270498
64,4096,95.875,0.023639778490178287
64,4096,96.875,0.023472569999285042
64,4096,97.875,0.02323039004113525
64,4096,98.875,0.023625429486855865
64,4096,99.875,0.023835134517867118
64,4096,100.875,0.023337467457167804
64,4096,101.875,0.023299399006646127
64,4096,102.875,0.02364403603132814
64,4096,103.875,0.023100977472495288
64,4096,104.875,0.023824670526664704
64,4096,105.875,0.023383397492580116
64,4096,106.875,0.023511354462243617
64,4096,107.875,0.023396847012918442
64,4096,108.875,0.023776687507051975
64,4096,109.875,0.023640207014977932
64,4096,110.875,0.02352555049583316
64,4096,111.875,0.023629738949239254
64,4096,112.875,0.023530790000222623
64,4096,113.875,0.0233191599836573
64,4096,114.875,0.02361673052655533
64,4096,115.875,0.023423809558153152
64,4096,116.875,0.023583441507071257
64,4096,117.875,0.023530955950263888
64,4096,118.875,0.02356261503882706
64,4096,119.875,0.02350935951108113
64,4096,120.875,0.02357816300354898
64,4096,121.875,0.02344149845885113
64,4096,122.875,0.023729770560748875
64,4096,123.875,0.023713503556791693
64,4096,124.875,0.023317617014981806
64,4096,125.875,0.023520656453911215
64,4096,126.875,0.023382079496514052
64,4096,127.875,0.023982055485248566
64,4096,128.875,0.023315264494158328
64,4096,129.875,0.0235291330027394
64,4096,130.875,0.023615204030647874
64,4096,131.875,0.023722044948954135
64,4096,132.875,0.023531362472567707
64,4096,133.875,0.02382693503750488
64,4096,134.875,0.02340894751250744
64,4096,135.875,0.023597030027303845
64,4096,136.875,0.02365360001567751
64,4096,137.875,0.023632162541616708
64,4096,138.875,0.02350748050957918
64,4096,139.875,0.023486972495447844
64,4096,140.875,0.023666611989028752
64,4096,141.875,0.02371221099747345
64,4096,142.875,0.02355942246504128
64,4096,143.875,0.023822874994948506
64,4096,144.875,0.02385922201210633
64,4096,145.875,0.023403176572173834
64,4096,146.875,0.023591196513734758
64,4096,147.875,0.023899299500044435
64,4096,148.875,0.023492786509450525
64,4096,149.875,0.023799177550245076
64,4096,150.875,0.023478267015889287
64,4096,151.875,0.02349461999256164
64,4096,152.875,0.023570810968521982
64,4096,153.875,0.023515231965575367
64,4096,154.875,0.023457007948309183
64,4096,155.875,0.02419155149254948
64,4096,156.875,0.023518746020272374
64,4096,157.875,0.02389084897004068
64,4096,158.875,0.023794278502464294
64,4096,159.875,0.023823170515242964
64,4096,160.875,0.023755821981467307
64,4096,161.875,0.023701094498392195
64,4096,162.875,0.02364486950682476
64,4096,163.875,0.023711594985798
64,4096,164.875,0.02358475048094988
64,4096,165.875,0.023834749998059124
64,4096,166.875,0.023448989493772388
64,4096,167.875,0.023866721021477133
64,4096,168.875,0.023378697456791997
64,4096,169.875,0.024333578476216644
64,4096,170.875,0.023047005000989884
64,4096,171.875,0.023636172525584698
64,4096,172.875,0.02372616750653833
64,4096,173.875,0.023575929459184408
64,4096,174.875,0.023722386453300714
64,4096,175.875,0.02358368452405557
64,4096,176.875,0.023752903449349105
64,4096,177.875,0.023628221009857953
64,4096,178.875,0.023301487031858414
64,4096,179.875,0.02396043052431196
64,4096,180.875,0.023829736514016986
64,4096,181.875,0.02347135345917195
64,4096,182.875,0.02412796951830387
64,4096,183.875,0.02336630248464644
64,4096,184.875,0.023836122476495802
64,4096,185.875,0.023353766999207437
64,4096,186.875,0.023846206488087773
64,4096,187.875,0.023625269008334726
64,4096,188.875,0.023617248458322138
64,4096,189.875,0.02359246596461162
64,4096,190.875,0.02376293356064707
64,4096,191.875,0.02341761492425576
64,4096,192.875,0.023800514987669885
64,4096,193.875,0.023737840412650257
64,4096,194.875,0.023605173046234995
64,4096,195.875,0.023714363982435316
64,4096,196.875,0.023897692968603224
64,4096,197.875,0.023835769563447684
64,4096,198.875,0.023602520464919508
64,4096,199.875,0.023769499035552144
64,4096,200.875,0.023510168015491217
64,4096,201.875,0.023446042498108
64,4096,202.875,0.023521025548689067
64,4096,203.875,0.02410305995726958
64,4096,204.875,0.02339060202939436
64,4096,205.875,0.023760013515129685
64,4096,206.875,0.023656331468373537
64,4096,207.875,0.023717589501757175
64,4096,208.875,0.023747604514937848
64,4096,209.875,0.023717415519058704
64,4096,210.875,0.02374541450990364
64,4096,211.875,0.02378729043994099
64,4096,212.875,0.024090485472697765
64,4096,213.875,0.02344498544698581
64,4096,214.875,0.02483441954245791
64,4096,215.875,0.022628072008956224
64,4096,216.875,0.023527690034825355
64,4096,217.875,0.023920909501612186
64,4096,218.875,0.023359155049547553
64,4096,219.875,0.023781277996022254
64,4096,220.875,0.023772799060679972
64,4096,221.875,0.02364287804812193
64,4096,222.875,0.023849676945246756
64,4096,223.875,0.023621066531632096
64,4096,224.875,0.023220645496621728
64,4096,225.875,0.023837815038859844
64,4096,226.875,0.023924375942442566
64,4096,227.875,0.023443663492798805
64,4096,228.875,0.023430795001331717
64,4096,229.875,0.024121779948472977
64,4096,230.875,0.023556740023195744
64,4096,231.875,0.023673447489272803
64,4096,232.875,0.023745951533783227
64,4096,233.875,0.023845679010264575
64,4096,234.875,0.023664292530156672
64,4096,235.875,0.023613434459548444
64,4096,236.875,0.02399506652727723
64,4096,237.875,0.02461016149027273
64,6144,28.0,0.02667616750113666
64,6144,29.0,0.027349971001967788
64,6144,30.0,0.027036920946557075
64,6144,31.0,0.026371132000349462
64,6144,32.0,0.02687770244665444
64,6144,33.0,0.027066535491030663
64,6144,34.0,0.0270997075131163
64,6144,35.0,0.026654277520719916
64,6144,36.0,0.02669893397251144
64,6144,37.0,0.027180432516615838
64,6144,38.0,0.02704513497883454
64,6144,39.0,0.027111588045954704
64,6144,40.0,0.02662319951923564
64,6144,41.0,0.027054869511630386
64,6144,42.0,0.026919297990389168
64,6144,43.0,0.026629225991200656
64,6144,44.0,0.02691616048105061
64,6144,45.0,0.026902632496785372
64,6144,46.0,0.027213727065827698
64,6144,47.0,0.026525069028139114
64,6144,48.0,0.02750135603128001
64,6144,49.0,0.02596281748265028
64,6144,50.0,0.027192512003239244
64,6144,51.0,0.02687266847351566
64,6144,52.0,0.027137953438796103
64,6144,53.0,0.026659942523110658
64,6144,54.0,0.027096018486190587
64,6144,55.0,0.026718001055996865
64,6144,56.0,0.026892946509178728
64,6144,57.0,0.02690474799601361
64,6144,58.0,0.026793468510732055
64,6144,59.0,0.027045655937399715
64,6144,60.0,0.02661068952875212
64,6144,61.0,0.0270069720572792
64,6144,62.0,0.02687142649665475
64,6144,63.0,0.026787863520439714
64,6144,64.0,0.02673028252320364
64,6144,65.0,0.026815287943463773
64,6144,66.0,0.02713760395999998
64,6144,67.0,0.027232077496591955
64,6144,68.0,0.026900367462076247
64,6144,69.0,0.02701098599936813
64,6144,70.0,0.026960483519360423
64,6144,71.0,0.026771005999762565
64,6144,72.0,0.027336993953213096
64,6144,73.0,0.026744951028376818
64,6144,74.0,0.02700499154161662
64,6144,75.0,0.026301521516870707
64,6144,76.0,0.026914736488834023
64,6144,77.0,0.02723950700601563
64,6144,78.0,0.027060577471274883
64,6144,79.0,0.026839366531930864
64,6144,80.0,0.026916097034700215
64,6144,81.0,0.02705005492316559
64,6144,82.0,0.02681980503257364
64,6144,83.0,0.026734526501968503
64,6144,84.0,0.026743634487502277
64,6144,85.0,0.027461898047477007
64,6144,86.0,0.026806506444700062
64,6144,87.0,0.02657531655859202
64,6144,88.0,0.02716669748770073
64,6144,89.0,0.026872023474425077
64,6144,90.0,0.027319369954057038
64,6144,91.0,0.026754334568977356
64,6144,92.0,0.026641959964763373
64,6144,93.0,0.027412294002715498
64,6144,94.0,0.026686252967920154
64,6144,95.0,0.026874002011027187
64,6144,96.0,0.027300287503749132
64,6144,97.0,0.026718354551121593
64,6144,98.0,0.026906637474894524
64,6144,99.0,0.02688198152463883
64,6144,100.0,0.0270515950396657
64,6144,101.0,0.026774697937071323
64,6144,102.0,0.027030871075112373
64,6144,103.0,0.026836235483642668
64,6144,104.0,0.02681239804951474
64,6144,105.0,0.02707581751747057
64,6144,106.0,0.02693324099527672
64,6144,107.0,0.026919736003037542
64,6144,108.0,0.02707712142728269
64,6144,109.0,0.02677242353092879
64,6144,110.0,0.026842189487069845
64,6144,111.0,0.027151636488270015
64,6144,112.0,0.026548460475169122
64,6144,113.0,0.02727638796204701
64,6144,114.0,0.026634729001671076
64,6144,115.0,0.027390999952331185
64,6144,116.0,0.02706498804036528
64,6144,117.0,0.027069880510680377
64,6144,118.0,0.026975559478159994
64,6144,119.0,0.027266382530797273
64,6144,120.0,0.02659574750578031
64,6144,121.0,0.02657481498317793
64,6144,122.0,0.027420236030593514
64,6144,123.0,0.02742049505468458
64,6144,124.0,0.02720191649859771
64,6144,125.0,0.026822041487321258
64,6144,126.0,0.027002262941095978
64,6144,127.0,0.0272737669874914
64,6144,128.0,0.02665510756196454
64,6144,129.0,0.027195859525818378
64,6144,130.0,0.02684975997544825
64,6144,131.0,0.026647689461242408
64,6144,132.0,0.027704502979759127
64,6144,133.0,0.026415741012897342
64,6144,134.0,0.027036265993956476
64,6144,135.0,0.027034158003516495
64,6144,136.0,0.026991979451850057
64,6144,137.0,0.026945067977067083
64,6144,138.0,0.026719841524027288
64,6144,139.0,0.027490079985000193
64,6144,140.0,0.026773276505991817
64,6144,141.0,0.027250086481217295
64,6144,142.0,0.027288755984045565
64,6144,143.0,0.026378149981610477
64,6144,144.0,0.027461091056466103
64,6144,145.0,0.027126698521897197
64,6144,146.0,0.0272725474787876
64,6144,147.0,0.02689164550974965
64,6144,148.0,0.027307694021146744
64,6144,149.0,0.02718186704441905
64,6144,150.0,0.027027219941373914
64,6144,151.0,0.027465867984574288
64,6144,152.0,0.026647265010979027
64,6144,153.0,0.027381639985833317
64,6144,154.0,0.02712799346772954
64,6144,155.0,0.02655996649991721
64,6144,156.0,0.02732637751614675
64,6144,157.0,0.02746013895375654
64,6144,158.0,0.027149604458827525
64,6144,159.0,0.02693344803992659
64,6144,160.0,0.026685805001761764
64,6144,161.0,0.027908047020900995
64,6144,162.0,0.02690476248972118
64,6144,163.0,0.026662873977329582
64,6144,164.0,0.027793945046141744
64,6144,165.0,0.027000548550859094
64,6144,166.0,0.027117615507449955
64,6144,167.0,0.026733671489637345
64,6144,168.0,0.027626481489278376
64,6144,169.0,0.02685444598319009
64,6144,170.0,0.027299063047394156
64,6144,171.0,0.02703429147368297
64,6144,172.0,0.027288932004012167
64,6144,173.0,0.026368112477939576
64,6144,174.0,0.027065538510214537
64,6144,175.0,0.027343329042196274
64,6144,176.0,0.027394940494559705
64,6144,177.0,0.02698075451189652
64,6144,178.0,0.027040655026212335
64,6144,179.0,0.02687822951702401
64,6144,180.0,0.027358307503163815
64,6144,181.0,0.026972654974088073
64,6144,182.0,0.027334811515174806
64,6144,183.0,0.02729560201987624
64,6144,184.0,0.026426607044413686
64,6144,185.0,0.027809940977022052
64,6144,186.0,0.026933265500701964
64,6144,187.0,0.027004090487025678
64,6144,188.0,0.02704606601037085
64,6144,189.0,0.027193966961931437
64,6144,190.0,0.027075088466517627
64,6144,191.0,0.027092758507933468
64,6144,192.0,0.02727256598882377
64,6144,193.0,0.027376070036552846
64,6144,194.0,0.02690676151541993
64,6144,195.0,0.027513206005096436
64,6144,196.0,0.02657014806754887
64,6144,197.0,0.027201939490623772
64,6144,198.0,0.027056365564931184
64,6144,199.0,0.02690290694590658
64,6144,200.0,0.0267945840023458
64,6144,201.0,0.026971643033903092
64,6144,202.0,0.02694792003603652
64,6144,203.0,0.026776442071422935
64,6144,204.0,0.027455603005364537
64,6144,205.0,0.027033596008550376
64,6144,206.0,0.026917998504359275
64,6144,207.0,0.02730567747494206
64,6144,208.0,0.02737181045813486
64,6144,209.0,0.02713578101247549
64,6144,210.0,0.02676319144666195
64,6144,211.0,0.027172714530024678
64,6144,212.0,0.027280818962026387
64,6144,213.0,0.027089734561741352
64,6144,214.0,0.026947143021970987
64,6144,215.0,0.027023929520510137
64,6144,216.0,0.027747103536967188
64,6144,217.0,0.02676910097943619
64,6144,218.0,0.026719870569650084
64,6144,219.0,0.027057347528170794
64,6144,220.0,0.027363379020243883
64,6144,221.0,0.02738868450978771
64,6144,222.0,0.026919514988549054
64,6144,223.0,0.027016523003112525
64,6144,224.0,0.027494690555613488
64,6144,225.0,0.026790889038238674
64,6144,226.0,0.027064185997005552
64,6144,227.0,0.02734540746314451
64,6144,228.0,0.02694822900230065
64,6144,229.0,0.027301018533762544
64,6144,230.0,0.0269535974948667
64,6144,231.0,0.028071102977264673
