B,repeat,stream_index,k,start_minus_fire,end_minus_fire,t_iter_observed,injection_ttft
4,0,0,2,-0.43958794907666743,0.1321782210143283,0.5717661700909957,2.069508173968643
4,0,0,3,0.1321782210143283,0.1469133630162105,0.014735142001882195,2.069508173968643
4,0,0,4,0.1469133630162105,0.7070527200121433,0.5601393569959328,2.069508173968643
4,0,0,5,0.7070527200121433,1.370874239015393,0.6638215190032497,2.069508173968643
4,0,0,6,1.370874239015393,2.069760071928613,0.6988858329132199,2.069508173968643
4,0,1,1,0.1467697590123862,0.7069082519738004,0.5601384929614142,2.069508173968643
4,0,1,2,0.7069082519738004,1.3707356019876897,0.6638273500138894,2.069508173968643
4,0,1,3,1.3707356019876897,2.069913993938826,0.6991783919511363,2.069508173968643
4,0,2,1,0.13209242292214185,0.1468510809354484,0.014758658013306558,2.069508173968643
4,0,2,2,0.1468510809354484,0.706985799013637,0.5601347180781886,2.069508173968643
4,0,2,3,0.706985799013637,1.370808313949965,0.6638225149363279,2.069508173968643
4,0,2,4,1.370808313949965,2.069669676013291,0.6988613620633259,2.069508173968643
4,0,3,1,-0.439747566008009,0.1317205069353804,0.5714680729433894,2.069508173968643
4,0,3,2,0.1317205069353804,0.14645416394341737,0.014733657008036971,2.069508173968643
4,0,3,3,0.14645416394341737,0.7067223759368062,0.5602682119933888,2.069508173968643
4,0,3,4,0.7067223759368062,1.3705919459462166,0.6638695700094104,2.069508173968643
4,0,3,5,1.3705919459462166,2.0698385229334235,0.6992465769872069,2.069508173968643
4,1,0,3,-0.1570198331028223,0.15001251397188753,0.30703234707470983,2.093164680991322
4,1,0,4,0.15001251397188753,0.15908407990355045,0.009071565931662917,2.093164680991322
4,1,0,5,0.15908407990355045,0.722572682891041,0.5634886029874906,2.093164680991322
4,1,0,6,0.722572682891041,1.3880087799625471,0.6654360970715061,2.093164680991322
4,1,0,7,1.3880087799625471,2.0912798709468916,0.7032710909843445,2.093164680991322
4,1,0,8,2.0912798709468916,2.0950998089974746,0.003819938050583005,2.093164680991322
4,1,1,1,-0.15649518603459,0.15015419095288962,0.3066493769874796,2.093164680991322
4,1,1,2,0.15015419095288962,0.15915574796963483,0.00900155701674521,2.093164680991322
4,1,1,3,0.15915574796963483,0.7226748539833352,0.5635191060137004,2.093164680991322
4,1,1,4,0.7226748539833352,1.3880871998844668,0.6654123459011316,2.093164680991322
4,1,1,5,1.3880871998844668,2.091009964933619,0.7029227650491521,2.093164680991322
4,1,1,6,2.091009964933619,2.095163670950569,0.004153706016950309,2.093164680991322
4,1,2,1,0.14986128790769726,0.1589971879730001,0.009135900065302849,2.093164680991322
4,1,2,2,0.1589971879730001,0.7223907659063116,0.5633935779333115,2.093164680991322
4,1,2,3,0.7223907659063116,1.3878614219138399,0.6654706560075283,2.093164680991322
4,1,2,4,1.3878614219138399,2.0912109329365194,0.7033495110226795,2.093164680991322
4,1,2,5,2.0912109329365194,2.095006028888747,0.0037950959522277117,2.093164680991322
4,1,3,1,0.15054372895974666,0.1592421259265393,0.008698396966792643,2.093164680991322
4,1,3,2,0.1592421259265393,0.7227479349821806,0.5635058090556413,2.093164680991322
4,1,3,3,0.7227479349821806,1.3881568919168785,0.6654089569346979,2.093164680991322
4,1,3,4,1.3881568919168785,2.091140139964409,0.7029832480475307,2.093164680991322
4,1,3,5,2.091140139964409,2.09522981592454,0.0040896759601309896,2.093164680991322
4,2,0,1,0.1383042969973758,0.696328780031763,0.5580244830343872,2.0666651950450614
4,2,0,2,0.696328780031763,1.3601778839947656,0.6638491039630026,2.0666651950450614
4,2,0,3,1.3601778839947656,2.0647352800006047,0.7045573960058391,2.0666651950450614
4,2,0,4,2.0647352800006047,2.0675939889624715,0.002858708961866796,2.0666651950450614
4,2,1,1,-0.4446923889918253,0.1234535559779033,0.5681459449697286,2.0666651950450614
4,2,1,2,0.1234535559779033,0.13798885606229305,0.014535300084389746,2.0666651950450614
4,2,1,3,0.13798885606229305,0.6961171560687944,0.5581283000065014,2.0666651950450614
4,2,1,4,0.6961171560687944,1.3600080930627882,0.6638909369939938,2.0666651950450614
4,2,1,5,1.3600080930627882,2.064666916965507,0.7046588239027187,2.0666651950450614
4,2,1,6,2.064666916965507,2.067513501038775,0.002846584073267877,2.0666651950450614
4,2,2,1,-0.4443037479650229,0.1239648680202663,0.5682686159852892,2.0666651950450614
4,2,2,2,0.1239648680202663,0.13844153902027756,0.014476671000011265,2.0666651950450614
4,2,2,3,0.13844153902027756,0.696464442065917,0.5580229030456394,2.0666651950450614
4,2,2,4,0.696464442065917,1.3603136859601364,0.6638492438942194,2.0666651950450614
4,2,2,5,1.3603136859601364,2.064597439020872,0.7042837530607358,2.0666651950450614
4,2,2,6,2.064597439020872,2.0677241240628064,0.003126685041934252,2.0666651950450614
4,2,3,1,0.12383229995612055,0.1383874739985913,0.014555174042470753,2.0666651950450614
4,2,3,2,0.1383874739985913,0.6964005420450121,0.5580130680464208,2.0666651950450614
4,2,3,3,0.6964005420450121,1.3602494719671085,0.6638489299220964,2.0666651950450614
4,2,3,4,1.3602494719671085,2.0644955390598625,0.704246067092754,2.0666651950450614
4,2,3,5,2.0644955390598625,2.0676632759859785,0.0031677369261160493,2.0666651950450614
4,3,0,1,0.149893888970837,0.7085486080031842,0.5586547190323472,2.0665129190310836
4,3,0,2,0.7085486080031842,1.3703021040419117,0.6617534960387275,2.0665129190310836
4,3,0,3,1.3703021040419117,2.0668249409645796,0.6965228369226679,2.0665129190310836
4,3,1,2,-0.4383244849741459,0.13452675403095782,0.5728512390051037,2.0665129190310836
4,3,1,3,0.13452675403095782,0.14952866197563708,0.01500190794467926,2.0665129190310836
4,3,1,4,0.14952866197563708,0.7086857040412724,0.5591570420656353,2.0665129190310836
4,3,1,5,0.7086857040412724,1.3704332560300827,0.6617475519888103,2.0665129190310836
4,3,1,6,1.3704332560300827,2.066899652010761,0.6964663959806785,2.0665129190310836
4,3,2,1,0.13493330602068454,0.14964954799506813,0.014716241974383593,2.0665129190310836
4,3,2,2,0.14964954799506813,0.7088157599791884,0.5591662119841203,2.0665129190310836
4,3,2,3,0.7088157599791884,1.3705610290635377,0.6617452690843493,2.0665129190310836
4,3,2,4,1.3705610290635377,2.0667455890215933,0.6961845599580556,2.0665129190310836
4,3,3,2,-0.438232465996407,0.13464234699495137,0.5728748129913583,2.0665129190310836
4,3,3,3,0.13464234699495137,0.14958436705637723,0.014942020061425865,2.0665129190310836
4,3,3,4,0.14958436705637723,0.7087538039777428,0.5591694369213656,2.0665129190310836
4,3,3,5,0.7087538039777428,1.3705006300006062,0.6617468260228634,2.0665129190310836
4,3,3,6,1.3705006300006062,2.066659557982348,0.6961589279817417,2.0665129190310836
4,4,0,2,-0.16934946994297206,0.14106534502934664,0.3104148149723187,2.070262519060634
4,4,0,3,0.14106534502934664,0.14686649199575186,0.005801146966405213,2.070262519060634
4,4,0,4,0.14686649199575186,0.7065170250134543,0.5596505330177024,2.070262519060634
4,4,0,5,0.7065170250134543,1.371454723062925,0.6649376980494708,2.070262519060634
4,4,0,6,1.371454723062925,2.068771332036704,0.6973166089737788,2.070262519060634
4,4,0,7,2.068771332036704,2.0711445710621774,0.0023732390254735947,2.070262519060634
4,4,1,1,0.1409915799740702,0.14678624097723514,0.005794661003164947,2.070262519060634
4,4,1,2,0.14678624097723514,0.7064436890650541,0.5596574480878189,2.070262519060634
4,4,1,3,0.7064436890650541,1.371396354981698,0.664952665916644,2.070262519060634
4,4,1,4,1.371396354981698,2.068698383984156,0.6973020290024579,2.070262519060634
4,4,1,5,2.068698383984156,2.0710899350233376,0.0023915510391816497,2.070262519060634
4,4,2,1,0.1405746970558539,0.14667753304820508,0.006102835992351174,2.070262519060634
4,4,2,2,0.14667753304820508,0.7063725549960509,0.5596950219478458,2.070262519060634
4,4,2,3,0.7063725549960509,1.3713282360695302,0.6649556810734794,2.070262519060634
4,4,2,4,1.3713282360695302,2.068891305010766,0.6975630689412355,2.070262519060634
4,4,2,5,2.068891305010766,2.0710337590426207,0.002142454031854868,2.070262519060634
4,4,3,1,-0.16955246892757714,0.1400890350341797,0.3096415039617568,2.070262519060634
4,4,3,2,0.1400890350341797,0.14655601407866925,0.0064669790444895625,2.070262519060634
4,4,3,3,0.14655601407866925,0.7062329410109669,0.5596769269322976,2.070262519060634
4,4,3,4,0.7062329410109669,1.3711986260022968,0.6649656849913299,2.070262519060634
4,4,3,5,1.3711986260022968,2.0688348750118166,0.6976362490095198,2.070262519060634
4,4,3,6,2.0688348750118166,2.070959649980068,0.002124774968251586,2.070262519060634
4,5,0,2,-0.4367948860162869,0.13814581697806716,0.5749407029943541,2.0758554890053347
4,5,0,3,0.13814581697806716,0.15257550298701972,0.014429686008952558,2.0758554890053347
4,5,0,4,0.15257550298701972,0.710992970969528,0.5584174679825082,2.0758554890053347
4,5,0,5,0.710992970969528,1.373176914989017,0.662183944019489,2.0758554890053347
4,5,0,6,1.373176914989017,2.0746082270052284,0.7014313120162115,2.0758554890053347
4,5,0,7,2.0746082270052284,2.076642539934255,0.0020343129290267825,2.0758554890053347
4,5,1,2,-0.4366664030821994,0.13821840193122625,0.5748848050134256,2.0758554890053347
4,5,1,3,0.13821840193122625,0.15267094399314374,0.014452542061917484,2.0758554890053347
4,5,1,4,0.15267094399314374,0.7110739719355479,0.5584030279424042,2.0758554890053347
4,5,1,5,0.7110739719355479,1.3732817579293624,0.6622077859938145,2.0758554890053347
4,5,1,6,1.3732817579293624,2.0743852249579504,0.7011034670285881,2.0758554890053347
4,5,1,7,2.0743852249579504,2.0767005629604682,0.0023153380025178194,2.0758554890053347
4,5,2,1,0.13800103799439967,0.15248893992975354,0.014487901935353875,2.0758554890053347
4,5,2,2,0.15248893992975354,0.7108224959811196,0.558333556051366,2.0758554890053347
4,5,2,3,0.7108224959811196,1.3730288349324837,0.6622063389513642,2.0758554890053347
4,5,2,4,1.3730288349324837,2.074548871954903,0.7015200370224193,2.0758554890053347
4,5,2,5,2.074548871954903,2.0765715909656137,0.0020227190107107162,2.0758554890053347
4,5,3,1,0.15304308594204485,0.7111732119228691,0.5581301259808242,2.0758554890053347
4,5,3,2,0.7111732119228691,1.3733576990198344,0.6621844870969653,2.0758554890053347
4,5,3,3,1.3733576990198344,2.0744796239305288,0.7011219249106944,2.0758554890053347
4,5,3,4,2.0744796239305288,2.0767572990152985,0.002277675084769726,2.0758554890053347
4,6,0,1,0.11818264308385551,0.1323720650980249,0.014189422014169395,2.051173296989873
4,6,0,2,0.1323720650980249,0.6896831830963492,0.5573111179983243,2.051173296989873
4,6,0,3,0.6896831830963492,1.3542549320263788,0.6645717489300296,2.051173296989873
4,6,0,4,1.3542549320263788,2.049518894054927,0.6952639620285481,2.051173296989873
4,6,0,5,2.049518894054927,2.0520631710533053,0.0025442769983783364,2.051173296989873
4,6,1,1,0.1322844180976972,0.6896077580749989,0.5573233399773017,2.051173296989873
4,6,1,2,0.6896077580749989,1.3541808380978182,0.6645730800228193,2.051173296989873
4,6,1,3,1.3541808380978182,2.049740293994546,0.6955594558967277,2.051173296989873
4,6,1,4,2.049740293994546,2.05200343800243,0.002263144007883966,2.051173296989873
4,6,2,1,-0.44678075599949807,0.11832252703607082,0.5651032830355689,2.051173296989873
4,6,2,2,0.11832252703607082,0.1324272759957239,0.01410474895965308,2.051173296989873
4,6,2,3,0.1324272759957239,0.6897570670116693,0.5573297910159454,2.051173296989873
4,6,2,4,0.6897570670116693,1.3543255710974336,0.6645685040857643,2.051173296989873
4,6,2,5,1.3543255710974336,2.049599630990997,0.6952740598935634,2.051173296989873
4,6,2,6,2.049599630990997,2.0521225431002676,0.002522912109270692,2.051173296989873
4,6,3,1,-0.44721483800094575,0.11783099605236202,0.5650458340533078,2.051173296989873
4,6,3,2,0.11783099605236202,0.13195716007612646,0.014126164023764431,2.051173296989873
4,6,3,3,0.13195716007612646,0.6894398999866098,0.5574827399104834,2.051173296989873
4,6,3,4,0.6894398999866098,1.3540478240465745,0.6646079240599647,2.051173296989873
4,6,3,5,1.3540478240465745,2.0496646610554308,0.6956168370088562,2.051173296989873
4,6,3,6,2.0496646610554308,2.0519276780541986,0.002263016998767853,2.051173296989873
4,7,0,1,0.1370379258878529,0.6937219829997048,0.5566840571118519,2.05646028497722
4,7,0,2,0.6937219829997048,1.3551795469829813,0.6614575639832765,2.05646028497722
4,7,0,3,1.3551795469829813,2.0568102069664747,0.7016306599834934,2.05646028497722
4,7,1,1,-0.44554952799808234,0.1217099919449538,0.5672595199430361,2.05646028497722
4,7,1,2,0.1217099919449538,0.13657273794524372,0.014862746000289917,2.05646028497722
4,7,1,3,0.13657273794524372,0.6939348869491369,0.5573621490038931,2.05646028497722
4,7,1,4,0.6939348869491369,1.3554001399315894,0.6614652529824525,2.05646028497722
4,7,1,5,1.3554001399315894,2.056600653915666,0.7012005139840767,2.05646028497722
4,7,2,1,0.12210518296342343,0.13666772097349167,0.014562538010068238,2.05646028497722
4,7,2,2,0.13666772097349167,0.6939961219904944,0.5573284010170028,2.05646028497722
4,7,2,3,0.6939961219904944,1.3554655920015648,0.6614694700110704,2.05646028497722
4,7,2,4,1.3554655920015648,2.0567257289076224,0.7012601369060576,2.05646028497722
4,7,3,1,-0.4462398700416088,0.12156809191219509,0.5678079619538039,2.05646028497722
4,7,3,2,0.12156809191219509,0.13650559692177922,0.014937505009584129,2.05646028497722
4,7,3,3,0.13650559692177922,0.6938647519564256,0.5573591550346464,2.05646028497722
4,7,3,4,0.6938647519564256,1.355326073942706,0.6614613219862804,2.05646028497722
4,7,3,5,1.355326073942706,2.0568840849446133,0.7015580110019073,2.05646028497722
4,8,0,2,-0.17766935506369919,0.1319776689633727,0.3096470240270719,2.0605989799369127
4,8,0,3,0.1319776689633727,0.1409493900137022,0.008971721050329506,2.0605989799369127
4,8,0,4,0.1409493900137022,0.7007211649324745,0.5597717749187723,2.0605989799369127
4,8,0,5,0.7007211649324745,1.3652123339707032,0.6644911690382287,2.0605989799369127
4,8,0,6,1.3652123339707032,2.0591737569775432,0.69396142300684,2.0605989799369127
4,8,0,7,2.0591737569775432,2.061322099994868,0.0021483430173248053,2.0605989799369127
4,8,1,1,0.13241227401886135,0.14106693293433636,0.008654658915475011,2.0605989799369127
4,8,1,2,0.14106693293433636,0.7008876219624653,0.559820689028129,2.0605989799369127
4,8,1,3,0.7008876219624653,1.3653611430199817,0.6644735210575163,2.0605989799369127
4,8,1,4,1.3653611430199817,2.05923166195862,0.6938705189386383,2.0605989799369127
4,8,1,5,2.05923166195862,2.061397342942655,0.0021656809840351343,2.0605989799369127
4,8,2,1,0.1328045449918136,0.14117219496984035,0.008367649978026748,2.0605989799369127
4,8,2,2,0.14117219496984035,0.7009672159329057,0.5597950209630653,2.0605989799369127
4,8,2,3,0.7009672159329057,1.3654582819435745,0.6644910660106689,2.0605989799369127
4,8,2,4,1.3654582819435745,2.059026160975918,0.6935678790323436,2.0605989799369127
4,8,2,5,2.059026160975918,2.0614564740099013,0.0024303130339831114,2.0605989799369127
4,8,3,1,-0.17719165002927184,0.13364808296319097,0.3108397329924628,2.0605989799369127
4,8,3,2,0.13364808296319097,0.1412443049484864,0.007596221985295415,2.0605989799369127
4,8,3,3,0.1412443049484864,0.701041640015319,0.5597973350668326,2.0605989799369127
4,8,3,4,0.701041640015319,1.3655308099696413,0.6644891699543223,2.0605989799369127
4,8,3,5,1.3655308099696413,2.059105720021762,0.6935749100521207,2.0605989799369127
4,8,3,6,2.059105720021762,2.0615152459358796,0.002409525914117694,2.0605989799369127
4,9,0,1,-0.17717937205452472,0.1315806539496407,0.3087600260041654,2.0556183599401265
4,9,0,2,0.1315806539496407,0.14031107199843973,0.008730418048799038,2.0556183599401265
4,9,0,3,0.14031107199843973,0.699007177958265,0.5586961059598252,2.0556183599401265
4,9,0,4,0.699007177958265,1.3585717609385028,0.6595645829802379,2.0556183599401265
4,9,0,5,1.3585717609385028,2.054273267975077,0.6957015070365742,2.0556183599401265
4,9,0,6,2.054273267975077,2.056412201956846,0.002138933981768787,2.0556183599401265
4,9,1,2,-0.1769825490191579,0.13167217990849167,0.30865472892764956,2.0556183599401265
4,9,1,3,0.13167217990849167,0.14040433091577142,0.008732151007279754,2.0556183599401265
4,9,1,4,0.14040433091577142,0.6996401749784127,0.5592358440626413,2.0556183599401265
4,9,1,5,0.6996401749784127,1.3586661169538274,0.6590259419754148,2.0556183599401265
4,9,1,6,1.3586661169538274,2.0540800399612635,0.6954139230074361,2.0556183599401265
4,9,1,7,2.0540800399612635,2.056469604955055,0.002389564993791282,2.0556183599401265
4,9,2,1,0.1320225929375738,0.1404921639477834,0.00846957101020962,2.0556183599401265
4,9,2,2,0.1404921639477834,0.6997333439067006,0.5592411799589172,2.0556183599401265
4,9,2,3,0.6997333439067006,1.3587361118989065,0.6590027679922059,2.0556183599401265
4,9,2,4,1.3587361118989065,2.0541533689247444,0.6954172570258379,2.0556183599401265
4,9,2,5,2.0541533689247444,2.056528909946792,0.0023755410220474005,2.0556183599401265
4,9,3,1,0.13138866692315787,0.14023146394174546,0.00884279701858759,2.0556183599401265
4,9,3,2,0.14023146394174546,0.698864217964001,0.5586327540222555,2.0556183599401265
4,9,3,3,0.698864217964001,1.3584316229680553,0.6595674050040543,2.0556183599401265
4,9,3,4,1.3584316229680553,2.0542147619416937,0.6957831389736384,2.0556183599401265
4,9,3,5,2.0542147619416937,2.056339581962675,0.002124820020981133,2.0556183599401265
8,0,0,1,-0.16858031693845987,0.4070318260928616,0.5756121430313215,3.1857924120267853
8,0,0,2,0.4070318260928616,0.9628510189941153,0.5558191929012537,3.1857924120267853
8,0,0,3,0.9628510189941153,1.5339381180237979,0.5710870990296826,3.1857924120267853
8,0,0,4,1.5339381180237979,2.1393641190370545,0.6054260010132566,3.1857924120267853
8,0,0,5,2.1393641190370545,2.8211628820281476,0.6817987629910931,3.1857924120267853
8,0,0,6,2.8211628820281476,3.1861257309792563,0.36496284895110875,3.1857924120267853
8,0,1,1,0.4074850929901004,0.9632432439830154,0.555758150992915,3.1857924120267853
8,0,1,2,0.9632432439830154,1.5341234480729327,0.5708802040899172,3.1857924120267853
8,0,1,3,1.5341234480729327,2.1395223890431225,0.6053989409701899,3.1857924120267853
8,0,1,4,2.1395223890431225,2.8212850040290505,0.6817626149859279,3.1857924120267853
8,0,1,5,2.8212850040290505,3.1863731020130217,0.36508809798397124,3.1857924120267853
8,0,2,2,-0.16841634595766664,0.40795018000062555,0.5763665259582922,3.1857924120267853
8,0,2,3,0.40795018000062555,0.9627634490607306,0.5548132690601051,3.1857924120267853
8,0,2,4,0.9627634490607306,1.5338701370637864,0.5711066880030558,3.1857924120267853
8,0,2,5,1.5338701370637864,2.139294389053248,0.6054242519894615,3.1857924120267853
8,0,2,6,2.139294389053248,2.8210985300829634,0.6818041410297155,3.1857924120267853
8,0,2,7,2.8210985300829634,3.184366678004153,0.36326814792118967,3.1857924120267853
8,0,2,8,3.184366678004153,3.1870840860065073,0.0027174080023542047,3.1857924120267853
8,0,3,1,1.5232357330387458,2.1391341590788215,0.6158984260400757,3.1857924120267853
8,0,3,2,2.1391341590788215,2.8209463550010696,0.6818121959222481,3.1857924120267853
8,0,3,3,2.8209463550010696,3.184244518983178,0.36329816398210824,3.1857924120267853
8,0,3,4,3.184244518983178,3.1869673680048436,0.002722849021665752,3.1857924120267853
8,0,4,1,0.962505427072756,1.522321950062178,0.5598165229894221,3.1857924120267853
8,0,4,2,1.522321950062178,2.138792189070955,0.6164702390087768,3.1857924120267853
8,0,4,3,2.138792189070955,2.8207154939882457,0.6819233049172908,3.1857924120267853
8,0,4,4,2.8207154939882457,3.1840576180256903,0.3633421240374446,3.1857924120267853
8,0,4,5,3.1840576180256903,3.186831488041207,0.002773870015516877,3.1857924120267853
8,0,5,1,0.9631438360083848,1.5340554920258,0.5709116560174152,3.1857924120267853
8,0,5,2,1.5340554920258,2.1394501400645822,0.6053946480387822,3.1857924120267853
8,0,5,3,2.1394501400645822,2.8212251680670306,0.6817750280024484,3.1857924120267853
8,0,5,4,2.8212251680670306,3.1862890750635415,0.3650639069965109,3.1857924120267853
8,0,6,1,0.4078709169989452,0.9626904350006953,0.5548195180017501,3.1857924120267853
8,0,6,2,0.9626904350006953,1.5337714140769094,0.5710809790762141,3.1857924120267853
8,0,6,3,1.5337714140769094,2.1392102839890867,0.6054388699121773,3.1857924120267853
8,0,6,4,2.1392102839890867,2.8210113630630076,0.6818010790739208,3.1857924120267853
8,0,6,5,2.8210113630630076,3.184307208051905,0.36329584498889744,3.1857924120267853
8,0,6,6,3.184307208051905,3.1870237310649827,0.0027165230130776763,3.1857924120267853
8,0,7,1,1.5228327080840245,2.1390065969899297,0.6161738889059052,3.1857924120267853
8,0,7,2,2.1390065969899297,2.8208719370886683,0.6818653400987387,3.1857924120267853
8,0,7,3,2.8208719370886683,3.1841308230068535,0.3632588859181851,3.1857924120267853
8,0,7,4,3.1841308230068535,3.1869057590374723,0.0027749360306188464,3.1857924120267853
8,1,0,2,-0.4317088749958202,0.13882893999107182,0.570537814986892,3.1831547840265557
8,1,0,3,0.13882893999107182,0.689954387024045,0.5511254470329732,3.1831547840265557
8,1,0,4,0.689954387024045,1.258273291052319,0.5683189040282741,3.1831547840265557
8,1,0,5,1.258273291052319,1.826309174997732,0.5680358839454129,3.1831547840265557
8,1,0,6,1.826309174997732,2.4766585290199146,0.6503493540221825,3.1831547840265557
8,1,0,7,2.4766585290199146,3.181839546072297,0.7051810170523822,3.1831547840265557
8,1,0,8,3.181839546072297,3.1838992880657315,0.002059741993434727,3.1831547840265557
8,1,1,2,-0.43159933597780764,0.13929944904521108,0.5708987850230187,3.1831547840265557
8,1,1,3,0.13929944904521108,0.690457598073408,0.5511581490281969,3.1831547840265557
8,1,1,4,0.690457598073408,1.258505922043696,0.568048323970288,3.1831547840265557
8,1,1,5,1.258505922043696,1.826509369071573,0.568003447027877,3.1831547840265557
8,1,1,6,1.826509369071573,2.476875691092573,0.6503663220210001,3.1831547840265557
8,1,1,7,2.476875691092573,3.1834257890004665,0.7065500979078934,3.1831547840265557
8,1,2,1,0.13920030498411506,0.6905442390125245,0.5513439340284094,3.1831547840265557
8,1,2,2,0.6905442390125245,1.2585681930650026,0.5680239540524781,3.1831547840265557
8,1,2,3,1.2585681930650026,1.826601847074926,0.5680336540099233,3.1831547840265557
8,1,2,4,1.826601847074926,2.476937309023924,0.6503354619489983,3.1831547840265557
8,1,2,5,2.476937309023924,3.1835121060721576,0.7065747970482334,3.1831547840265557
8,1,3,1,1.2592953590210527,1.8271536740940064,0.5678583150729537,3.1831547840265557
8,1,3,2,1.8271536740940064,2.477219353080727,0.6500656789867207,3.1831547840265557
8,1,3,3,2.477219353080727,3.1838277510832995,0.7066083980025724,3.1831547840265557
8,1,4,1,0.6903489150572568,1.2584340870380402,0.5680851719807833,3.1831547840265557
8,1,4,2,1.2584340870380402,1.8264438069891185,0.5680097199510783,3.1831547840265557
8,1,4,3,1.8264438069891185,2.476808279985562,0.6503644729964435,3.1831547840265557
8,1,4,4,2.476808279985562,3.1832808370236307,0.7064725570380688,3.1831547840265557
8,1,5,1,1.258927932009101,1.8266876640263945,0.5677597320172936,3.1831547840265557
8,1,5,2,1.8266876640263945,2.476994272088632,0.6503066080622375,3.1831547840265557
8,1,5,3,2.476994272088632,3.1835901150479913,0.7065958429593593,3.1831547840265557
8,1,6,1,0.6908241350902244,1.2590188150061294,0.568194679915905,3.1831547840265557
8,1,6,2,1.2590188150061294,1.8270736370468512,0.5680548220407218,3.1831547840265557
8,1,6,3,1.8270736370468512,2.477162691997364,0.650089054950513,3.1831547840265557
8,1,6,4,2.477162691997364,3.1837425630073994,0.7065798710100353,3.1831547840265557
8,1,7,1,1.827012307010591,2.4771048340480775,0.6500925270374864,3.1831547840265557
8,1,7,2,2.4771048340480775,3.1836677090032026,0.7065628749551252,3.1831547840265557
8,2,0,1,1.5302848850842565,2.1459997469792143,0.6157148618949577,3.1898011839948595
8,2,0,2,2.1459997469792143,2.830171021982096,0.6841712750028819,3.1898011839948595
8,2,0,3,2.830171021982096,3.1877782300580293,0.35760720807593316,3.1898011839948595
8,2,0,4,3.1877782300580293,3.1908236379968002,0.00304540793877095,3.1898011839948595
8,2,1,3,-0.15727053792215884,0.4163813670165837,0.5736519049387425,3.1898011839948595
8,2,1,4,0.4163813670165837,0.9726049740565941,0.5562236070400104,3.1898011839948595
8,2,1,5,0.9726049740565941,1.5304650230100378,0.5578600489534438,3.1898011839948595
8,2,1,6,1.5304650230100378,2.146158467978239,0.6156934449682012,3.1898011839948595
8,2,1,7,2.146158467978239,2.830340626067482,0.6841821580892429,3.1898011839948595
8,2,1,8,2.830340626067482,3.1879020750056952,0.3575614489382133,3.1898011839948595
8,2,1,9,3.1879020750056952,3.1909334589727223,0.003031383967027068,3.1898011839948595
8,2,2,1,0.4168742729816586,0.9724162310594693,0.5555419580778107,3.1898011839948595
8,2,2,2,0.9724162310594693,1.529890721081756,0.5574744900222868,3.1898011839948595
8,2,2,3,1.529890721081756,2.145901025040075,0.6160103039583191,3.1898011839948595
8,2,2,4,2.145901025040075,2.83010403404478,0.6842030090047047,3.1898011839948595
8,2,2,5,2.83010403404478,3.187716854037717,0.35761281999293715,3.1898011839948595
8,2,2,6,3.187716854037717,3.190767612075433,0.0030507580377161503,3.1898011839948595
8,2,3,1,-0.1567655319813639,0.4165132259950042,0.5732787579763681,3.1898011839948595
8,2,3,2,0.4165132259950042,0.9722969579743221,0.555783731979318,3.1898011839948595
8,2,3,3,0.9722969579743221,1.5298161620739847,0.5575192040996626,3.1898011839948595
8,2,3,4,1.5298161620739847,2.1458246370311826,0.6160084749571979,3.1898011839948595
8,2,3,5,2.1458246370311826,2.8300209110602736,0.684196274029091,3.1898011839948595
8,2,3,6,2.8300209110602736,3.1876515729818493,0.35763066192157567,3.1898011839948595
8,2,3,7,3.1876515729818493,3.190705378074199,0.0030538050923496485,3.1898011839948595
8,2,4,1,0.4162201990839094,0.9725398370064795,0.5563196379225701,3.1898011839948595
8,2,4,2,0.9725398370064795,1.5303882950684056,0.5578484580619261,3.1898011839948595
8,2,4,3,1.5303882950684056,2.146070159971714,0.6156818649033085,3.1898011839948595
8,2,4,4,2.146070159971714,2.830269007012248,0.684198847040534,3.1898011839948595
8,2,4,5,2.830269007012248,3.1878390540368855,0.35757004702463746,3.1898011839948595
8,2,4,6,3.1878390540368855,3.1908785740379244,0.003039520001038909,3.1898011839948595
8,2,5,1,1.5308199990540743,2.1462565649999306,0.6154365659458563,3.1898011839948595
8,2,5,2,2.1462565649999306,2.830403079977259,0.6841465149773285,3.1898011839948595
8,2,5,3,2.830403079977259,3.1879741749726236,0.35757109499536455,3.1898011839948595
8,2,5,4,3.1879741749726236,3.190988476970233,0.0030143019976094365,3.1898011839948595
8,2,6,1,0.9729712610132992,1.530930340057239,0.5579590790439397,3.1898011839948595
8,2,6,2,1.530930340057239,2.1463190250797197,0.6153886850224808,3.1898011839948595
8,2,6,3,2.1463190250797197,2.830474895075895,0.6841558699961752,3.1898011839948595
8,2,6,4,2.830474895075895,3.188033547019586,0.3575586519436911,3.1898011839948595
8,2,6,5,3.188033547019586,3.1910735809942707,0.003040033974684775,3.1898011839948595
8,2,7,1,0.9721602520439774,1.5296768200350925,0.5575165679911152,3.1898011839948595
8,2,7,2,1.5296768200350925,2.1456809820374474,0.6160041620023549,3.1898011839948595
8,2,7,3,2.1456809820374474,2.829866372048855,0.6841853900114074,3.1898011839948595
8,2,7,4,2.829866372048855,3.1875726560829207,0.3577062840340659,3.1898011839948595
8,2,7,5,3.1875726560829207,3.1906336679821834,0.0030610118992626667,3.1898011839948595
8,3,0,1,1.5303608620306477,2.1413023229688406,0.6109414609381929,3.188301485031843
8,3,0,2,2.1413023229688406,2.8224864630028605,0.68118414003402,3.188301485031843
8,3,0,3,2.8224864630028605,3.1865499659907073,0.36406350298784673,3.188301485031843
8,3,0,4,3.1865499659907073,3.1897112419828773,0.0031612759921699762,3.188301485031843
8,3,1,2,-0.16456144500989467,0.4141914779320359,0.5787529229419306,3.188301485031843
8,3,1,3,0.4141914779320359,0.9692319669993594,0.5550404890673235,3.188301485031843
8,3,1,4,0.9692319669993594,1.529212285997346,0.5599803189979866,3.188301485031843
8,3,1,5,1.529212285997346,2.1406289220321923,0.6114166360348463,3.188301485031843
8,3,1,6,2.1406289220321923,2.821933781960979,0.6813048599287868,3.188301485031843
8,3,1,7,2.821933781960979,3.1860903369961306,0.36415655503515154,3.188301485031843
8,3,1,8,3.1860903369961306,3.189313492970541,0.0032231559744104743,3.188301485031843
8,3,2,1,0.4146106039406732,0.9694446800276637,0.5548340760869905,3.188301485031843
8,3,2,2,0.9694446800276637,1.5293915879447013,0.5599469079170376,3.188301485031843
8,3,2,3,1.5293915879447013,2.1408076740335673,0.611416086088866,3.188301485031843
8,3,2,4,2.1408076740335673,2.8220905020134524,0.681282827979885,3.188301485031843
8,3,2,5,2.8220905020134524,3.1862140629673377,0.3641235609538853,3.188301485031843
8,3,2,6,3.1862140629673377,3.1893953420221806,0.0031812790548428893,3.188301485031843
8,3,3,1,-0.16477594198659062,0.41410697903484106,0.5788829210214317,3.188301485031843
8,3,3,2,0.41410697903484106,0.9700559029588476,0.5559489239240065,3.188301485031843
8,3,3,3,0.9700559029588476,1.5300809999462217,0.5600250969873741,3.188301485031843
8,3,3,4,1.5300809999462217,2.1411778710316867,0.611096871085465,3.188301485031843
8,3,3,5,2.1411778710316867,2.8224225679878145,0.6812446969561279,3.188301485031843
8,3,3,6,2.8224225679878145,3.1864771959371865,0.36405462794937193,3.188301485031843
8,3,3,7,3.1864771959371865,3.189653831999749,0.0031766360625624657,3.188301485031843
8,3,4,1,0.4139060990419239,0.9695506539428607,0.5556445549009368,3.188301485031843
8,3,4,2,0.9695506539428607,1.5298721259459853,0.5603214720031247,3.188301485031843
8,3,4,3,1.5298721259459853,2.1410029269754887,0.6111308010295033,3.188301485031843
8,3,4,4,2.1410029269754887,2.8222893730271608,0.6812864460516721,3.188301485031843
8,3,4,5,2.8222893730271608,3.186350038042292,0.36406066501513124,3.188301485031843
8,3,4,6,3.186350038042292,3.189521047985181,0.0031710099428892136,3.188301485031843
8,3,5,1,0.9699597290018573,1.5300161329796538,0.5600564039777964,3.188301485031843
8,3,5,2,1.5300161329796538,2.141079250955954,0.6110631179763004,3.188301485031843
8,3,5,3,2.141079250955954,2.822356568998657,0.681277318042703,3.188301485031843
8,3,5,4,2.822356568998657,3.1864135779906064,0.36405700899194926,3.188301485031843
8,3,5,5,3.1864135779906064,3.1895890689920634,0.003175491001456976,3.188301485031843
8,3,6,1,0.9704121369868517,1.5304646169533953,0.5600524799665436,3.188301485031843
8,3,6,2,1.5304646169533953,2.1413800939917564,0.6109154770383611,3.188301485031843
8,3,6,3,2.1413800939917564,2.8225508299656212,0.6811707359738648,3.188301485031843
8,3,6,4,2.8225508299656212,3.188804271980189,0.36625344201456755,3.188301485031843
8,3,7,1,1.529772071982734,2.140923246042803,0.611151174060069,3.188301485031843
8,3,7,2,2.140923246042803,2.8222068659961224,0.6812836199533194,3.188301485031843
8,3,7,3,2.8222068659961224,3.1862862979760394,0.364079431979917,3.188301485031843
8,3,7,4,3.1862862979760394,3.189459244022146,0.0031729460461065173,3.188301485031843
8,4,0,1,0.13569904200267047,0.6869104180950671,0.5512113760923967,3.184630584088154
8,4,0,2,0.6869104180950671,1.2572809580015019,0.5703705399064347,3.184630584088154
8,4,0,3,1.2572809580015019,1.8252987749874592,0.5680178169859573,3.184630584088154
8,4,0,4,1.8252987749874592,2.4806390639860183,0.6553402889985591,3.184630584088154
8,4,0,5,2.4806390639860183,3.182770944084041,0.7021318800980225,3.184630584088154
8,4,0,6,3.182770944084041,3.185559252044186,0.0027883079601451755,3.184630584088154
8,4,1,1,1.8259523960296065,2.4809176530689,0.6549652570392936,3.184630584088154
8,4,1,2,2.4809176530689,3.1830798510927707,0.7021621980238706,3.184630584088154
8,4,1,3,3.1830798510927707,3.185733293998055,0.0026534429052844644,3.184630584088154
8,4,2,2,-0.4316080509452149,0.1357968170195818,0.5674048679647967,3.184630584088154
8,4,2,3,0.1357968170195818,0.6866297570522875,0.5508329400327057,3.184630584088154
8,4,2,4,0.6866297570522875,1.2570394719950855,0.570409714942798,3.184630584088154
8,4,2,5,1.2570394719950855,1.825028291088529,0.5679888190934435,3.184630584088154
8,4,2,6,1.825028291088529,2.4804045790806413,0.6553762879921123,3.184630584088154
8,4,2,7,2.4804045790806413,3.1826236040797085,0.7022190249990672,3.184630584088154
8,4,2,8,3.1826236040797085,3.185419880086556,0.00279627600684762,3.184630584088154
8,4,3,1,-0.431783108972013,0.13525517808739096,0.567038287059404,3.184630584088154
8,4,3,2,0.13525517808739096,0.6867812440032139,0.551526065915823,3.184630584088154
8,4,3,3,0.6867812440032139,1.2572048039874062,0.5704235599841923,3.184630584088154
8,4,3,4,1.2572048039874062,1.8252134710783139,0.5680086670909077,3.184630584088154
8,4,3,5,1.8252134710783139,2.480564840021543,0.6553513689432293,3.184630584088154
8,4,3,6,2.480564840021543,3.182703108061105,0.7021382680395618,3.184630584088154
8,4,3,7,3.182703108061105,3.1854975160676986,0.002794408006593585,3.184630584088154
8,4,4,1,0.687735483981669,1.258158359094523,0.5704228751128539,3.184630584088154
8,4,4,2,1.258158359094523,1.826153674046509,0.5679953149519861,3.184630584088154
8,4,4,3,1.826153674046509,2.481051672017202,0.6548979979706928,3.184630584088154
8,4,4,4,2.481051672017202,3.183204642031342,0.70215297001414,3.184630584088154
8,4,4,5,3.183204642031342,3.18584611301776,0.002641470986418426,3.184630584088154
8,4,5,1,0.687322837067768,1.2573863050201908,0.5700634679524228,3.184630584088154
8,4,5,2,1.2573863050201908,1.8253753290046006,0.5679890239844099,3.184630584088154
8,4,5,3,1.8253753290046006,2.480738817015663,0.6553634880110621,3.184630584088154
8,4,5,4,2.480738817015663,3.1828367150155827,0.70209789799992,3.184630584088154
8,4,5,5,3.1828367150155827,3.185618004994467,0.0027812899788841605,3.184630584088154
8,4,6,1,1.2580399630824104,1.8260657660430297,0.5680258029606193,3.184630584088154
8,4,6,2,1.8260657660430297,2.4809892940102145,0.6549235279671848,3.184630584088154
8,4,6,3,2.4809892940102145,3.1831436490174383,0.7021543550072238,3.184630584088154
8,4,6,4,3.1831436490174383,3.1857899900060147,0.002646340988576412,3.184630584088154
8,4,7,1,1.2577029130188748,1.8255047230049968,0.567801809986122,3.184630584088154
8,4,7,2,1.8255047230049968,2.480806546052918,0.6553018230479211,3.184630584088154
8,4,7,3,2.480806546052918,3.1829951480031013,0.7021886019501835,3.184630584088154
8,4,7,4,3.1829951480031013,3.185674172011204,0.002679024008102715,3.184630584088154
8,5,0,2,-0.1591650719055906,0.4129362680250779,0.5721013399306685,3.190061602042988
8,5,0,3,0.4129362680250779,0.9754611140815541,0.5625248460564762,3.190061602042988
8,5,0,4,0.9754611140815541,1.5325242490507662,0.5570631349692121,3.190061602042988
8,5,0,5,1.5325242490507662,2.148725899052806,0.61620165000204,3.190061602042988
8,5,0,6,2.148725899052806,2.8307012810837477,0.6819753820309415,3.190061602042988
8,5,0,7,2.8307012810837477,3.187782171065919,0.35708088998217136,3.190061602042988
8,5,0,8,3.187782171065919,3.19087395304814,0.0030917819822207093,3.190061602042988
8,5,1,1,1.5336390970041975,2.149251116090454,0.6156120190862566,3.190061602042988
8,5,1,2,2.149251116090454,2.8311937419930473,0.6819426259025931,3.190061602042988
8,5,1,3,2.8311937419930473,3.1881174030713737,0.3569236610783264,3.190061602042988
8,5,1,4,3.1881174030713737,3.1912140150088817,0.003096611937507987,3.190061602042988
8,5,2,1,0.9762368000810966,1.53373778401874,0.5575009839376435,3.190061602042988
8,5,2,2,1.53373778401874,2.14932157099247,0.6155837869737297,3.190061602042988
8,5,2,3,2.14932157099247,2.83125737903174,0.6819358080392703,3.190061602042988
8,5,2,4,2.83125737903174,3.1881831029895693,0.3569257239578292,3.190061602042988
8,5,2,5,3.1881831029895693,3.191272534080781,0.003089431091211736,3.190061602042988
8,5,3,1,-0.1593702440150082,0.41279854206368327,0.5721687860786915,3.190061602042988
8,5,3,2,0.41279854206368327,0.9758978020399809,0.5630992599762976,3.190061602042988
8,5,3,3,0.9758978020399809,1.5328032330144197,0.5569054309744388,3.190061602042988
8,5,3,4,1.5328032330144197,2.148963443003595,0.6161602099891752,3.190061602042988
8,5,3,5,2.148963443003595,2.830942719010636,0.6819792760070413,3.190061602042988
8,5,3,6,2.830942719010636,3.187923056073487,0.3569803370628506,3.190061602042988
8,5,3,7,3.187923056073487,3.191037322045304,0.003114265971817076,3.190061602042988
8,5,4,2,-0.15903724601957947,0.41331857605837286,0.5723558220779523,3.190061602042988
8,5,4,3,0.41331857605837286,0.9759611480403692,0.5626425719819963,3.190061602042988
8,5,4,4,0.9759611480403692,1.5328764260048047,0.5569152779644355,3.190061602042988
8,5,4,5,1.5328764260048047,2.14903086097911,0.6161544349743053,3.190061602042988
8,5,4,6,2.14903086097911,2.8310543320840225,0.6820234711049125,3.190061602042988
8,5,4,7,2.8310543320840225,3.1879877460887656,0.3569334140047431,3.190061602042988
8,5,4,8,3.1879877460887656,3.1910961100365967,0.0031083639478310943,3.190061602042988
8,5,5,1,0.4132373660104349,0.976333080092445,0.5630957140820101,3.190061602042988
8,5,5,2,0.976333080092445,1.533799470984377,0.557466390891932,3.190061602042988
8,5,5,3,1.533799470984377,2.149380015092902,0.6155805441085249,3.190061602042988
8,5,5,4,2.149380015092902,2.831355253001675,0.6819752379087731,3.190061602042988
8,5,5,5,2.831355253001675,3.1882782119791955,0.35692295897752047,3.190061602042988
8,5,5,6,3.1882782119791955,3.1913282080786303,0.003049996099434793,3.190061602042988
8,5,6,1,1.5332657030085102,2.1491332170553505,0.6158675140468404,3.190061602042988
8,5,6,2,2.1491332170553505,2.831125547992997,0.6819923309376463,3.190061602042988
8,5,6,3,2.831125547992997,3.188052942045033,0.3569273940520361,3.190061602042988
8,5,6,4,3.188052942045033,3.1911544260801747,0.003101484035141766,3.190061602042988
8,5,7,1,0.9758152000140399,1.5327205649809912,0.5569053649669513,3.190061602042988
8,5,7,2,1.5327205649809912,2.1488802670501173,0.6161597020691261,3.190061602042988
8,5,7,3,2.1488802670501173,2.830859921989031,0.6819796549389139,3.190061602042988
8,5,7,4,2.830859921989031,3.1878577220486477,0.35699780005961657,3.190061602042988
8,5,7,5,3.1878577220486477,3.1909568330738693,0.003099111025221646,3.190061602042988
8,6,0,1,-0.4391550859436393,0.12972488102968782,0.5688799669733271,3.1663173800334334
8,6,0,2,0.12972488102968782,0.6753157610073686,0.5455908799776807,3.1663173800334334
8,6,0,3,0.6753157610073686,1.2446459169732407,0.5693301559658721,3.1663173800334334
8,6,0,4,1.2446459169732407,1.8093151350039989,0.5646692180307582,3.1663173800334334
8,6,0,5,1.8093151350039989,2.4635083379689604,0.6541932029649615,3.1663173800334334
8,6,0,6,2.4635083379689604,3.164569539949298,0.7010612019803375,3.1663173800334334
8,6,0,7,3.164569539949298,3.1674144819844514,0.002844942035153508,3.1663173800334334
8,6,1,1,-0.4387201280333102,0.13027626101393253,0.5689963890472427,3.1663173800334334
8,6,1,2,0.13027626101393253,0.6746238180203363,0.5443475570064038,3.1663173800334334
8,6,1,3,0.6746238180203363,1.2443656029645354,0.569741784944199,3.1663173800334334
8,6,1,4,1.2443656029645354,1.8086097929626703,0.564244189998135,3.1663173800334334
8,6,1,5,1.8086097929626703,2.463100312044844,0.6544905190821737,3.1663173800334334
8,6,1,6,2.463100312044844,3.164294947986491,0.701194635941647,3.1663173800334334
8,6,1,7,3.164294947986491,3.1671651679789647,0.0028702199924737215,3.1663173800334334
8,6,2,1,0.6756779330316931,1.2450338730122894,0.5693559399805963,3.1663173800334334
8,6,2,2,1.2450338730122894,1.809500738978386,0.5644668659660965,3.1663173800334334
8,6,2,3,1.809500738978386,2.463643410941586,0.6541426719632,3.1663173800334334
8,6,2,4,2.463643410941586,3.1647469740128145,0.7011035630712286,3.1663173800334334
8,6,2,5,3.1647469740128145,3.167531403945759,0.0027844299329444766,3.1663173800334334
8,6,3,1,1.2442114379955456,1.8084435990313068,0.5642321610357612,3.1663173800334334
8,6,3,2,1.8084435990313068,2.4629422740545124,0.6544986750232056,3.1663173800334334
8,6,3,3,2.4629422740545124,3.1642155840527266,0.7012733099982142,3.1663173800334334
8,6,3,4,3.1642155840527266,3.1670852239476517,0.002869639894925058,3.1663173800334334
8,6,4,1,0.13014096394181252,0.675242259982042,0.5451012960402295,3.1663173800334334
8,6,4,2,0.675242259982042,1.2445789970224723,0.5693367370404303,3.1663173800334334
8,6,4,3,1.2445789970224723,1.8092452900018543,0.564666292979382,3.1663173800334334
8,6,4,4,1.8092452900018543,2.4634410890284926,0.6541957990266383,3.1663173800334334
8,6,4,5,2.4634410890284926,3.1645041200099513,0.7010630309814587,3.1663173800334334
8,6,4,6,3.1645041200099513,3.1673567249672487,0.0028526049572974443,3.1663173800334334
8,6,5,1,0.6750859030289575,1.2444853349588811,0.5693994319299236,3.1663173800334334
8,6,5,2,1.2444853349588811,1.8091719630174339,0.5646866280585527,3.1663173800334334
8,6,5,3,1.8091719630174339,2.4633688899921253,0.6541969269746915,3.1663173800334334
8,6,5,4,2.4633688899921253,3.1644395489711314,0.7010706589790061,3.1663173800334334
8,6,5,5,3.1644395489711314,3.1672902619466186,0.002850712975487113,3.1663173800334334
8,6,6,1,1.8090471409959719,2.4632454110542312,0.6541982700582594,3.1663173800334334
8,6,6,2,2.4632454110542312,3.1643742739688605,0.7011288629146293,3.1663173800334334
8,6,6,3,3.1643742739688605,3.1672255790326744,0.002851305063813925,3.1663173800334334
8,6,7,1,1.2449263179441914,1.809432934038341,0.5645066160941496,3.1663173800334334
8,6,7,2,1.809432934038341,2.463579197996296,0.6541462639579549,3.1663173800334334
8,6,7,3,2.463579197996296,3.16468046605587,0.7011012680595741,3.1663173800334334
8,6,7,4,3.16468046605587,3.1674727429635823,0.002792276907712221,3.1663173800334334
8,7,0,1,1.25494053598959,1.8237170529318973,0.5687765169423074,3.181832248927094
8,7,0,2,1.8237170529318973,2.4776426559546962,0.6539256030227989,3.181832248927094
8,7,0,3,2.4776426559546962,3.1825808759313077,0.7049382199766114,3.181832248927094
8,7,1,1,1.2544504839461297,1.8234937050146982,0.5690432210685685,3.181832248927094
8,7,1,2,1.8234937050146982,2.4774613269837573,0.6539676219690591,3.181832248927094
8,7,1,3,2.4774613269837573,3.1823649839498103,0.704903656966053,3.181832248927094
8,7,2,2,-0.43216390907764435,0.13797995494678617,0.5701438640244305,3.181832248927094
8,7,2,3,0.13797995494678617,0.6883922700071707,0.5504123150603846,3.181832248927094
8,7,2,4,0.6883922700071707,1.2541468109702691,0.5657545409630984,3.181832248927094
8,7,2,5,1.2541468109702691,1.823081122012809,0.5689343110425398,3.181832248927094
8,7,2,6,1.823081122012809,2.4773021009750664,0.6542209789622575,3.181832248927094
8,7,2,7,2.4773021009750664,3.182212790939957,0.7049106899648905,3.181832248927094
8,7,3,1,-0.4323293879861012,0.13742011599242687,0.5697495039785281,3.181832248927094
8,7,3,2,0.13742011599242687,0.6882927319966257,0.5508726160041988,3.181832248927094
8,7,3,3,0.6882927319966257,1.2540553989820182,0.5657626669853926,3.181832248927094
8,7,3,4,1.2540553989820182,1.8230117919156328,0.5689563929336146,3.181832248927094
8,7,3,5,1.8230117919156328,2.4772284019272774,0.6542166100116447,3.181832248927094
8,7,3,6,2.4772284019272774,3.1821313619147986,0.7049029599875212,3.181832248927094
8,7,4,1,0.1378791689639911,0.6885151650058106,0.5506359960418195,3.181832248927094
8,7,4,2,0.6885151650058106,1.2545290109701455,0.5660138459643349,3.181832248927094
8,7,4,3,1.2545290109701455,1.8235588459065184,0.5690298349363729,3.181832248927094
8,7,4,4,1.8235588459065184,2.477519890991971,0.6539610450854525,3.181832248927094
8,7,4,5,2.477519890991971,3.1824364229105413,0.7049165319185704,3.181832248927094
8,7,5,1,0.688151141977869,1.2538607649039477,0.5657096229260787,3.181832248927094
8,7,5,2,1.2538607649039477,1.8228676780126989,0.5690069131087512,3.181832248927094
8,7,5,3,1.8228676780126989,2.4770699799992144,0.6542023019865155,3.181832248927094
8,7,5,4,2.4770699799992144,3.18203636596445,0.7049663859652355,3.181832248927094
8,7,6,1,0.688879458932206,1.2546650699805468,0.5657856110483408,3.181832248927094
8,7,6,2,1.2546650699805468,1.8236179699888453,0.5689529000082985,3.181832248927094
8,7,6,3,1.8236179699888453,2.477575675933622,0.6539577059447765,3.181832248927094
8,7,6,4,2.477575675933622,3.1825090089114383,0.7049333329778165,3.181832248927094
8,7,7,1,1.8233847519150004,2.4773968369700015,0.6540120850550011,3.181832248927094
8,7,7,2,2.4773968369700015,3.1822926609311253,0.7048958239611238,3.181832248927094
8,8,0,2,-0.16757276596035808,0.40664947300683707,0.5742222389671952,3.180908871931024
8,8,0,3,0.40664947300683707,0.9617547399830073,0.5551052669761702,3.180908871931024
8,8,0,4,0.9617547399830073,1.5222354619763792,0.5604807219933718,3.180908871931024
8,8,0,5,1.5222354619763792,2.138433284009807,0.6161978220334277,3.180908871931024
8,8,0,6,2.138433284009807,2.818662417936139,0.680229133926332,3.180908871931024
8,8,0,7,2.818662417936139,3.1791310319676995,0.3604686140315607,3.180908871931024
8,8,0,8,3.1791310319676995,3.1822363439714536,0.0031053120037540793,3.180908871931024
8,8,1,1,0.9610521940048784,1.5214505109470338,0.5603983169421554,3.180908871931024
8,8,1,2,1.5214505109470338,2.138028095010668,0.6165775840636343,3.180908871931024
8,8,1,3,2.138028095010668,2.8182532569626346,0.6802251619519666,3.180908871931024
8,8,1,4,2.8182532569626346,3.178735581925139,0.3604823249625042,3.180908871931024
8,8,1,5,3.178735581925139,3.181931113009341,0.00319553108420223,3.180908871931024
8,8,2,1,0.9616848740261048,1.5221683529671282,0.5604834789410233,3.180908871931024
8,8,2,2,1.5221683529671282,2.138371468987316,0.6162031160201877,3.180908871931024
8,8,2,3,2.138371468987316,2.818597770994529,0.6802263020072132,3.180908871931024
8,8,2,4,2.818597770994529,3.1790535759646446,0.3604558049701154,3.180908871931024
8,8,2,5,3.1790535759646446,3.1821788699598983,0.0031252939952537417,3.180908871931024
8,8,3,1,-0.16718726500403136,0.4067794450093061,0.5739667100133374,3.180908871931024
8,8,3,2,0.4067794450093061,0.9605620480142534,0.5537826030049473,3.180908871931024
8,8,3,3,0.9605620480142534,1.5212523429654539,0.5606902949512005,3.180908871931024
8,8,3,4,1.5212523429654539,2.137878154986538,0.6166258120210841,3.180908871931024
8,8,3,5,2.137878154986538,2.8180870240321383,0.6802088690456003,3.180908871931024
8,8,3,6,2.8180870240321383,3.1786541120382026,0.3605670880060643,3.180908871931024
8,8,3,7,3.1786541120382026,3.1818513949401677,0.0031972829019650817,3.180908871931024
8,8,4,1,0.4064951300388202,0.9611844109604135,0.5546892809215933,3.180908871931024
8,8,4,2,0.9611844109604135,1.5215278810355812,0.5603434700751677,3.180908871931024
8,8,4,3,1.5215278810355812,2.1381358469370753,0.616607965901494,3.180908871931024
8,8,4,4,2.1381358469370753,2.818331941962242,0.6801960950251669,3.180908871931024
8,8,4,5,2.818331941962242,3.1788019499508664,0.3604700079886243,3.180908871931024
8,8,4,6,3.1788019499508664,3.181993896025233,0.0031919460743665695,3.180908871931024
8,8,5,1,1.5225807579699904,2.138547400943935,0.6159666429739445,3.180908871931024
8,8,5,2,2.138547400943935,2.8187262329738587,0.6801788320299238,3.180908871931024
8,8,5,3,2.8187262329738587,3.1812712219543755,0.3625449889805168,3.180908871931024
8,8,6,1,1.5219212429365143,2.1382445560302585,0.6163233130937442,3.180908871931024
8,8,6,2,2.1382445560302585,2.818422300973907,0.6801777449436486,3.180908871931024
8,8,6,3,2.818422300973907,3.1788864999543875,0.36046419898048043,3.180908871931024
8,8,6,4,3.1788864999543875,3.182054396951571,0.0031678969971835613,3.180908871931024
8,8,7,1,0.40704672201536596,0.9613212089752778,0.5542744869599119,3.180908871931024
8,8,7,2,0.9613212089752778,1.5220286879921332,0.5607074790168554,3.180908871931024
8,8,7,3,1.5220286879921332,2.1383088609436527,0.6162801729515195,3.180908871931024
8,8,7,4,2.1383088609436527,2.8185298709431663,0.6802210099995136,3.180908871931024
8,8,7,5,2.8185298709431663,3.178946995991282,0.36041712504811585,3.180908871931024
8,8,7,6,3.178946995991282,3.1821210290072486,0.0031740330159664154,3.180908871931024
8,9,0,3,-0.15073967003263533,0.42662188794929534,0.5773615579819307,3.2019606209360063
8,9,0,4,0.42662188794929534,0.9820862439228222,0.5554643559735268,3.2019606209360063
8,9,0,5,0.9820862439228222,1.542364687891677,0.5602784439688548,3.2019606209360063
8,9,0,6,1.542364687891677,2.1584730349713936,0.6161083470797166,3.2019606209360063
8,9,0,7,2.1584730349713936,2.843449362902902,0.6849763279315084,3.2019606209360063
8,9,0,8,2.843449362902902,3.2024810999864712,0.35903173708356917,3.2019606209360063
8,9,1,1,1.5421578359091654,2.158269523992203,0.6161116880830377,3.2019606209360063
8,9,1,2,2.158269523992203,2.8433061899850145,0.6850366659928113,3.2019606209360063
8,9,1,3,2.8433061899850145,3.202290078974329,0.35898388898931444,3.2019606209360063
8,9,2,1,0.4274257979122922,0.9825061589945108,0.5550803610822186,3.2019606209360063
8,9,2,2,0.9825061589945108,1.542514381930232,0.5600082229357213,3.2019606209360063
8,9,2,3,1.542514381930232,2.158619698951952,0.6161053170217201,3.2019606209360063
8,9,2,4,2.158619698951952,2.843605756992474,0.684986058040522,3.2019606209360063
8,9,2,5,2.843605756992474,3.2026671699713916,0.35906141297891736,3.2019606209360063
8,9,3,1,1.5427844959776849,2.1587212149752304,0.6159367189975455,3.2019606209360063
8,9,3,2,2.1587212149752304,2.8436730729881674,0.684951858012937,3.2019606209360063
8,9,3,3,2.8436730729881674,3.2027524079894647,0.3590793350012973,3.2019606209360063
8,9,4,1,0.9820052658906206,1.5422673999564722,0.5602621340658516,3.2019606209360063
8,9,4,2,1.5422673999564722,2.158397660939954,0.616130260983482,3.2019606209360063
8,9,4,3,2.158397660939954,2.843380110920407,0.6849824499804527,3.2019606209360063
8,9,4,4,2.843380110920407,3.2023883569054306,0.3590082459850237,3.2019606209360063
8,9,5,1,-0.15031738602556288,0.42713738791644573,0.5774547739420086,3.2019606209360063
8,9,5,2,0.42713738791644573,0.9816196059109643,0.5544822179945186,3.2019606209360063
8,9,5,3,0.9816196059109643,1.5417382349260151,0.5601186290150508,3.2019606209360063
8,9,5,4,1.5417382349260151,2.158056440996006,0.616318206069991,3.2019606209360063
8,9,5,5,2.158056440996006,2.8431581599870697,0.6851017189910635,3.2019606209360063
8,9,5,6,2.8431581599870697,3.2021381419617683,0.3589799819746986,3.2019606209360063
8,9,6,1,0.9824038379592821,1.54245379997883,0.5600499620195478,3.2019606209360063
8,9,6,2,1.54245379997883,2.1585503849200904,0.6160965849412605,3.2019606209360063
8,9,6,3,2.1585503849200904,2.8435152779566124,0.684964893036522,3.2019606209360063
8,9,6,4,2.8435152779566124,3.2025759189855307,0.3590606410289183,3.2019606209360063
8,9,7,1,0.4269917350029573,0.9825931139057502,0.5556013789027929,3.2019606209360063
8,9,7,2,0.9825931139057502,1.5428426288999617,0.5602495149942115,3.2019606209360063
8,9,7,3,1.5428426288999617,2.158789894892834,0.6159472659928724,3.2019606209360063
8,9,7,4,2.158789894892834,2.843733753892593,0.684943858999759,3.2019606209360063
8,9,7,5,2.843733753892593,3.2028831579955295,0.3591494041029364,3.2019606209360063
16,0,0,2,-0.1464240049244836,0.43604241602588445,0.582466420950368,5.465073650004342
16,0,0,3,0.43604241602588445,0.9888400280615315,0.552797612035647,5.465073650004342
16,0,0,4,0.9888400280615315,1.5500784940086305,0.561238465947099,5.465073650004342
16,0,0,5,1.5500784940086305,2.120234574074857,0.5701560800662264,5.465073650004342
16,0,0,6,2.120234574074857,2.67455258697737,0.5543180129025131,5.465073650004342
16,0,0,7,2.67455258697737,3.240911446046084,0.5663588590687141,5.465073650004342
16,0,0,8,3.240911446046084,3.799309080000967,0.5583976339548826,5.465073650004342
16,0,0,9,3.799309080000967,4.4146631240146235,0.6153540440136567,5.465073650004342
16,0,0,10,4.4146631240146235,5.105843728990294,0.6911806049756706,5.465073650004342
16,0,0,11,5.105843728990294,5.466118175070733,0.3602744460804388,5.465073650004342
16,0,1,1,0.4368909860495478,0.9882571949856356,0.5513662089360878,5.465073650004342
16,0,1,2,0.9882571949856356,1.5493334829807281,0.5610762879950926,5.465073650004342
16,0,1,3,1.5493334829807281,2.119102176045999,0.5697686930652708,5.465073650004342
16,0,1,4,2.119102176045999,2.673214384005405,0.5541122079594061,5.465073650004342
16,0,1,5,2.673214384005405,3.2401540799764916,0.5669396959710866,5.465073650004342
16,0,1,6,3.2401540799764916,3.7980044360738248,0.5578503560973331,5.465073650004342
16,0,1,7,3.7980044360738248,4.413879654021002,0.6158752179471776,5.465073650004342
16,0,1,8,4.413879654021002,5.105072285048664,0.6911926310276613,5.465073650004342
16,0,1,9,5.105072285048664,5.465407898998819,0.3603356139501557,5.465073650004342
16,0,2,1,-0.14604061096906662,0.4362114160321653,0.5822520270012319,5.465073650004342
16,0,2,2,0.4362114160321653,0.9883345310809091,0.5521231150487438,5.465073650004342
16,0,2,3,0.9883345310809091,1.5498491660691798,0.5615146349882707,5.465073650004342
16,0,2,4,1.5498491660691798,2.119711486971937,0.5698623209027573,5.465073650004342
16,0,2,5,2.119711486971937,2.674255763995461,0.554544277023524,5.465073650004342
16,0,2,6,2.674255763995461,3.2406582899857312,0.5664025259902701,5.465073650004342
16,0,2,7,3.2406582899857312,3.7983929140027612,0.55773462401703,5.465073650004342
16,0,2,8,3.7983929140027612,4.4142551040276885,0.6158621900249273,5.465073650004342
16,0,2,9,4.4142551040276885,5.1054753890493885,0.6912202850217,5.465073650004342
16,0,2,10,5.1054753890493885,5.4657817570259795,0.360306367976591,5.465073650004342
16,0,3,1,0.43659044697415084,0.9884467700030655,0.5518563230289146,5.465073650004342
16,0,3,2,0.9884467700030655,1.54991515702568,0.5614683870226145,5.465073650004342
16,0,3,3,1.54991515702568,2.1197770370636135,0.5698618800379336,5.465073650004342
16,0,3,4,2.1197770370636135,2.674319094978273,0.5545420579146594,5.465073650004342
16,0,3,5,2.674319094978273,3.2407259050523862,0.5664068100741133,5.465073650004342
16,0,3,6,3.2407259050523862,3.79845528898295,0.5577293839305639,5.465073650004342
16,0,3,7,3.79845528898295,4.414313739980571,0.6158584509976208,5.465073650004342
16,0,3,8,4.414313739980571,5.105537720024586,0.6912239800440148,5.465073650004342
16,0,3,9,5.105537720024586,5.465838848031126,0.36030112800654024,5.465073650004342
16,0,4,1,1.550359292072244,2.1203452890040353,0.5699859969317913,5.465073650004342
16,0,4,2,2.1203452890040353,2.6746192750288174,0.5542739860247821,5.465073650004342
16,0,4,3,2.6746192750288174,3.240972363972105,0.5663530889432877,5.465073650004342
16,0,4,4,3.240972363972105,3.799370252992958,0.5583978890208527,5.465073650004342
16,0,4,5,3.799370252992958,4.414718231069855,0.6153479780768976,5.465073650004342
16,0,4,6,4.414718231069855,5.1059012659825385,0.6911830349126831,5.465073650004342
16,0,4,7,5.1059012659825385,5.466176801011898,0.36027553502935916,5.465073650004342
16,0,5,1,0.9887738170800731,1.5500182890100405,0.5612444719299674,5.465073650004342
16,0,5,2,1.5500182890100405,2.119839988066815,0.5698216990567744,5.465073650004342
16,0,5,3,2.119839988066815,2.674382208031602,0.5545422199647874,5.465073650004342
16,0,5,4,2.674382208031602,3.2407899560639635,0.5664077480323613,5.465073650004342
16,0,5,5,3.2407899560639635,3.7985130039742216,0.5577230479102582,5.465073650004342
16,0,5,6,3.7985130039742216,4.414370172074996,0.6158571681007743,5.465073650004342
16,0,5,7,4.414370172074996,5.10560670401901,0.6912365319440141,5.465073650004342
16,0,5,8,5.10560670401901,5.465895098051988,0.3602883940329775,5.465073650004342
16,0,6,1,2.1201650630682707,2.6744893899885938,0.5543243269203231,5.465073650004342
16,0,6,2,2.6744893899885938,3.2408509210217744,0.5663615310331807,5.465073650004342
16,0,6,3,3.2408509210217744,3.798578573972918,0.5577276529511437,5.465073650004342
16,0,6,4,3.798578573972918,4.41442658402957,0.6158480100566521,5.465073650004342
16,0,6,5,4.41442658402957,5.105665712035261,0.6912391280056909,5.465073650004342
16,0,6,6,5.105665712035261,5.465951428981498,0.3602857169462368,5.465073650004342
16,0,7,1,2.6738824140047655,3.24041229498107,0.5665298809763044,5.465073650004342
16,0,7,2,3.24041229498107,3.7982669040793553,0.5578546090982854,5.465073650004342
16,0,7,3,3.7982669040793553,4.4141341029899195,0.6158671989105642,5.465073650004342
16,0,7,4,4.4141341029899195,5.1053443810669705,0.691210278077051,5.465073650004342
16,0,7,5,5.1053443810669705,5.465648330980912,0.3603039499139413,5.465073650004342
16,0,8,1,3.2416427850257605,3.7995842130621895,0.557941428036429,5.465073650004342
16,0,8,2,3.7995842130621895,4.414829311077483,0.6152450980152935,5.465073650004342
16,0,8,3,4.414829311077483,5.10601431701798,0.6911850059404969,5.465073650004342
16,0,8,4,5.10601431701798,5.466287406045012,0.36027308902703226,5.465073650004342
16,0,9,1,3.7989368580747396,4.414510832983069,0.6155739749083295,5.465073650004342
16,0,9,2,4.414510832983069,5.105725937988609,0.69121510500554,5.465073650004342
16,0,9,3,5.105725937988609,5.466005056980066,0.3602791189914569,5.465073650004342
16,0,10,1,3.241347739007324,3.7994904160732403,0.5581426770659164,5.465073650004342
16,0,10,2,3.7994904160732403,4.414773134049028,0.6152827179757878,5.465073650004342
16,0,10,3,4.414773134049028,5.105958714033477,0.6911855799844489,5.465073650004342
16,0,10,4,5.105958714033477,5.466231342987157,0.3602726289536804,5.465073650004342
16,0,11,1,3.7992389040300623,4.414604743011296,0.6153658389812335,5.465073650004342
16,0,11,2,4.414604743011296,5.105784111074172,0.6911793680628762,5.465073650004342
16,0,11,3,5.105784111074172,5.466060352977365,0.3602762419031933,5.465073650004342
16,0,12,1,0.9880650410195813,1.5491766100749373,0.5611115690553561,5.465073650004342
16,0,12,2,1.5491766100749373,2.118937707040459,0.5697610969655216,5.465073650004342
16,0,12,3,2.118937707040459,2.673059149994515,0.554121442954056,5.465073650004342
16,0,12,4,2.673059149994515,3.239983737003058,0.5669245870085433,5.465073650004342
16,0,12,5,3.239983737003058,3.7978417080594227,0.5578579710563645,5.465073650004342
16,0,12,6,3.7978417080594227,4.413719517062418,0.6158778090029955,5.465073650004342
16,0,12,7,4.413719517062418,5.104911626083776,0.6911921090213582,5.465073650004342
16,0,12,8,5.104911626083776,5.465317666064948,0.3604060399811715,5.465073650004342
16,0,13,1,2.1196262780576944,2.673396066064015,0.5537697880063206,5.465073650004342
16,0,13,2,2.673396066064015,3.2402981569757685,0.5669020909117535,5.465073650004342
16,0,13,3,3.2402981569757685,3.798144727014005,0.5578465700382367,5.465073650004342
16,0,13,4,3.798144727014005,4.414021037984639,0.6158763109706342,5.465073650004342
16,0,13,5,4.414021037984639,5.105224222992547,0.6912031850079075,5.465073650004342
16,0,13,6,5.105224222992547,5.465570433065295,0.36034621007274836,5.465073650004342
16,0,14,1,1.549734554020688,2.119225259986706,0.5694907059660181,5.465073650004342
16,0,14,2,2.119225259986706,2.6732908440753818,0.5540655840886757,5.465073650004342
16,0,14,3,2.6732908440753818,3.2402311990736052,0.5669403549982235,5.465073650004342
16,0,14,4,3.2402311990736052,3.7980787029955536,0.5578475039219484,5.465073650004342
16,0,14,5,3.7980787029955536,4.413957352051511,0.6158786490559578,5.465073650004342
16,0,14,6,4.413957352051511,5.105149896000512,0.6911925439490005,5.465073650004342
16,0,14,7,5.105149896000512,5.465486924978904,0.3603370289783925,5.465073650004342
16,0,15,1,2.674188690027222,3.240588878048584,0.5664001880213618,5.465073650004342
16,0,15,2,3.240588878048584,3.7983314810553566,0.5577426030067727,5.465073650004342
16,0,15,3,3.7983314810553566,4.4141957650426775,0.615864283987321,5.465073650004342
16,0,15,4,4.4141957650426775,5.105411690077744,0.6912159250350669,5.465073650004342
16,0,15,5,5.105411690077744,5.465722342021763,0.3603106519440189,5.465073650004342
16,1,0,1,0.4284300811123103,0.9871456220280379,0.5587155409157276,5.457126427092589
16,1,0,2,0.9871456220280379,1.5518479610327631,0.5647023390047252,5.457126427092589
16,1,0,3,1.5518479610327631,2.113741268054582,0.561893307021819,5.457126427092589
16,1,0,4,2.113741268054582,2.67139225511346,0.557650987058878,5.457126427092589
16,1,0,5,2.67139225511346,3.234233175055124,0.5628409199416637,5.457126427092589
16,1,0,6,3.234233175055124,3.7882205561036244,0.5539873810485005,5.457126427092589
16,1,0,7,3.7882205561036244,4.406740579055622,0.6185200229519978,5.457126427092589
16,1,0,8,4.406740579055622,5.096170821110718,0.6894302420550957,5.457126427092589
16,1,0,9,5.096170821110718,5.457663108012639,0.36149228690192103,5.457126427092589
16,1,1,1,3.2351393341086805,3.788975157076493,0.5538358229678124,5.457126427092589
16,1,1,2,3.788975157076493,4.407155259046704,0.6181801019702107,5.457126427092589
16,1,1,3,4.407155259046704,5.096529312082566,0.6893740530358627,5.457126427092589
16,1,1,4,5.096529312082566,5.457995907054283,0.3614665949717164,5.457126427092589
16,1,2,1,0.42879156104754657,0.9872388070216402,0.5584472459740937,5.457126427092589
16,1,2,2,0.9872388070216402,1.551927681080997,0.5646888740593567,5.457126427092589
16,1,2,3,1.551927681080997,2.1138064600527287,0.5618787789717317,5.457126427092589
16,1,2,4,2.1138064600527287,2.6714535240316764,0.5576470639789477,5.457126427092589
16,1,2,5,2.6714535240316764,3.2342916190391406,0.5628380950074643,5.457126427092589
16,1,2,6,3.2342916190391406,3.7882793450262398,0.5539877259870991,5.457126427092589
16,1,2,7,3.7882793450262398,4.406798196025193,0.618518850998953,5.457126427092589
16,1,2,8,4.406798196025193,5.096231679082848,0.6894334830576554,5.457126427092589
16,1,2,9,5.096231679082848,5.457717488054186,0.361485808971338,5.457126427092589
16,1,3,3,-0.1490380238974467,0.42902620404493064,0.5780642279423773,5.457126427092589
16,1,3,4,0.42902620404493064,0.9870420430088416,0.5580158389639109,5.457126427092589
16,1,3,5,0.9870420430088416,1.5517454760847613,0.5647034330759197,5.457126427092589
16,1,3,6,1.5517454760847613,2.113672334002331,0.5619268579175696,5.457126427092589
16,1,3,7,2.113672334002331,2.6713265370344743,0.5576542030321434,5.457126427092589
16,1,3,8,2.6713265370344743,3.2341697950614616,0.5628432580269873,5.457126427092589
16,1,3,9,3.2341697950614616,3.7881579560926184,0.5539881610311568,5.457126427092589
16,1,3,10,3.7881579560926184,4.406681210035458,0.6185232539428398,5.457126427092589
16,1,3,11,4.406681210035458,5.096109152073041,0.6894279420375824,5.457126427092589
16,1,3,12,5.096109152073041,5.457606800016947,0.3614976479439065,5.457126427092589
16,1,4,1,1.5514278101036325,2.11345618206542,0.5620283719617873,5.457126427092589
16,1,4,2,2.11345618206542,2.6703323230613023,0.5568761409958825,5.457126427092589
16,1,4,3,2.6703323230613023,3.2336892560124397,0.5633569329511374,5.457126427092589
16,1,4,4,3.2336892560124397,3.7877041620668024,0.5540149060543627,5.457126427092589
16,1,4,5,3.7877041620668024,4.406276260036975,0.6185720979701728,5.457126427092589
16,1,4,6,4.406276260036975,5.0956710850587115,0.6893948250217363,5.457126427092589
16,1,4,7,5.0956710850587115,5.457359871012159,0.3616887859534472,5.457126427092589
16,1,5,1,2.1141831011045724,2.671543015050702,0.5573599139461294,5.457126427092589
16,1,5,2,2.671543015050702,3.234349718084559,0.562806703033857,5.457126427092589
16,1,5,3,3.234349718084559,3.7883367160102352,0.5539869979256764,5.457126427092589
16,1,5,4,3.7883367160102352,4.406854910077527,0.6185181940672919,5.457126427092589
16,1,5,5,4.406854910077527,5.09629080304876,0.6894358929712325,5.457126427092589
16,1,5,6,5.09629080304876,5.4577705030096695,0.3614796999609098,5.457126427092589
16,1,6,1,-0.14918765588663518,0.42895443201996386,0.578142087906599,5.457126427092589
16,1,6,2,0.42895443201996386,0.9876188971102238,0.5586644650902599,5.457126427092589
16,1,6,3,0.9876188971102238,1.5525060270447284,0.5648871299345046,5.457126427092589
16,1,6,4,1.5525060270447284,2.1145105760078877,0.5620045489631593,5.457126427092589
16,1,6,5,2.1145105760078877,2.6717272890964523,0.5572167130885646,5.457126427092589
16,1,6,6,2.6717272890964523,3.235263529000804,0.5635362399043515,5.457126427092589
16,1,6,7,3.235263529000804,3.7894009010633454,0.5541373720625415,5.457126427092589
16,1,6,8,3.7894009010633454,4.407361670047976,0.6179607689846307,5.457126427092589
16,1,6,9,4.407361670047976,5.0967242900514975,0.6893626200035214,5.457126427092589
16,1,6,10,5.0967242900514975,5.458163335104473,0.3614390450529754,5.457126427092589
16,1,7,1,3.7892534690909088,4.407246585004032,0.6179931159131229,5.457126427092589
16,1,7,2,4.407246585004032,5.096591398003511,0.6893448129994795,5.457126427092589
16,1,7,3,5.096591398003511,5.45805254811421,0.36146115011069924,5.457126427092589
16,1,8,1,2.6712545370683074,3.2341031540418044,0.562848616973497,5.457126427092589
16,1,8,2,3.2341031540418044,3.7880896090064198,0.5539864549646154,5.457126427092589
16,1,8,3,3.7880896090064198,4.406615737010725,0.6185261280043051,5.457126427092589
16,1,8,4,4.406615737010725,5.096043195109814,0.6894274580990896,5.457126427092589
16,1,8,5,5.096043195109814,5.457547584082931,0.3615043889731169,5.457126427092589
16,1,9,1,2.114796666079201,2.6718391040340066,0.5570424379548058,5.457126427092589
16,1,9,2,2.6718391040340066,3.23533180099912,0.5634926969651133,5.457126427092589
16,1,9,3,3.23533180099912,3.789462322019972,0.554130521020852,5.457126427092589
16,1,9,4,3.789462322019972,4.407428629114293,0.6179663070943207,5.457126427092589
16,1,9,5,4.407428629114293,5.096785571076907,0.6893569419626147,5.457126427092589
16,1,9,6,5.096785571076907,5.458218286046758,0.3614327149698511,5.457126427092589
16,1,10,1,2.6708031160524115,3.233873770106584,0.5630706540541723,5.457126427092589
16,1,10,2,3.233873770106584,3.787873766035773,0.553999995929189,5.457126427092589
16,1,10,3,3.787873766035773,4.406426928006113,0.6185531619703397,5.457126427092589
16,1,10,4,4.406426928006113,5.095827830024064,0.689400902017951,5.457126427092589
16,1,10,5,5.095827830024064,5.457429479109123,0.36160164908505976,5.457126427092589
16,1,11,1,0.987537895096466,1.5524408920900896,0.5649029969936237,5.457126427092589
16,1,11,2,1.5524408920900896,2.114445402054116,0.5620045099640265,5.457126427092589
16,1,11,3,2.114445402054116,2.6716670660534874,0.5572216639993712,5.457126427092589
16,1,11,4,2.6716670660534874,3.2352033340139315,0.5635362679604441,5.457126427092589
16,1,11,5,3.2352033340139315,3.789337440044619,0.5541341060306877,5.457126427092589
16,1,11,6,3.789337440044619,4.407304274034686,0.6179668339900672,5.457126427092589
16,1,11,7,4.407304274034686,5.096647847094573,0.6893435730598867,5.457126427092589
16,1,11,8,5.096647847094573,5.458107330021448,0.36145948292687535,5.457126427092589
16,1,12,1,1.5523414590861648,2.114375967066735,0.5620345079805702,5.457126427092589
16,1,12,2,2.114375967066735,2.6716058490565047,0.5572298819897696,5.457126427092589
16,1,12,3,2.6716058490565047,3.2348453090526164,0.5632394599961117,5.457126427092589
16,1,12,4,3.2348453090526164,3.7888754591112956,0.5540301500586793,5.457126427092589
16,1,12,5,3.7888754591112956,4.407098436029628,0.6182229769183323,5.457126427092589
16,1,12,6,4.407098436029628,5.096470098011196,0.6893716619815677,5.457126427092589
16,1,12,7,5.096470098011196,5.457938922103494,0.36146882409229875,5.457126427092589
16,1,13,1,3.2347437900025398,3.788445839076303,0.5537020490737632,5.457126427092589
16,1,13,2,3.788445839076303,4.406926856026985,0.6184810169506818,5.457126427092589
16,1,13,3,4.406926856026985,5.096352222026326,0.689425365999341,5.457126427092589
16,1,13,4,5.096352222026326,5.457825924037024,0.3614737020106986,5.457126427092589
16,1,14,1,0.9868357831146568,1.5516580500407144,0.5648222669260576,5.457126427092589
16,1,14,2,1.5516580500407144,2.1135962650878355,0.561938215047121,5.457126427092589
16,1,14,3,2.1135962650878355,2.6709059070562944,0.5573096419684589,5.457126427092589
16,1,14,4,2.6709059070562944,3.234003197052516,0.5630972899962217,5.457126427092589
16,1,14,5,3.234003197052516,3.7879513010848314,0.5539481040323153,5.457126427092589
16,1,14,6,3.7879513010848314,4.406498408061452,0.6185471069766209,5.457126427092589
16,1,14,7,4.406498408061452,5.095971405040473,0.6894729969790205,5.457126427092589
16,1,14,8,5.095971405040473,5.457488363026641,0.36151695798616856,5.457126427092589
16,1,15,1,3.788801003014669,4.407040187041275,0.6182391840266064,5.457126427092589
16,1,15,2,4.407040187041275,5.096412216080353,0.6893720290390775,5.457126427092589
16,1,15,3,5.096412216080353,5.457885752082802,0.3614735360024497,5.457126427092589
16,2,0,1,0.4377544579328969,0.9948572579305619,0.557102799997665,5.459562874981202
16,2,0,2,0.9948572579305619,1.5564093049615622,0.5615520470310003,5.459562874981202
16,2,0,3,1.5564093049615622,2.1194324549287558,0.5630231499671936,5.459562874981202
16,2,0,4,2.1194324549287558,2.6739075880032033,0.5544751330744475,5.459562874981202
16,2,0,5,2.6739075880032033,3.23985938297119,0.5659517949679866,5.459562874981202
16,2,0,6,3.23985938297119,3.795739132910967,0.555879749939777,5.459562874981202
16,2,0,7,3.795739132910967,4.41369583690539,0.6179567039944232,5.459562874981202
16,2,0,8,4.41369583690539,5.099957158905454,0.686261322000064,5.459562874981202
16,2,0,9,5.099957158905454,5.457845041994005,0.35788788308855146,5.459562874981202
16,2,0,10,5.457845041994005,5.461100205895491,0.0032551639014855027,5.459562874981202
16,2,1,1,0.43813406699337065,0.9946507859276608,0.5565167189342901,5.459562874981202
16,2,1,2,0.9946507859276608,1.556256171897985,0.5616053859703243,5.459562874981202
16,2,1,3,1.556256171897985,2.118882760987617,0.562626589089632,5.459562874981202
16,2,1,4,2.118882760987617,2.673649885924533,0.5547671249369159,5.459562874981202
16,2,1,5,2.673649885924533,3.2393508600071073,0.5657009740825742,5.459562874981202
16,2,1,6,3.2393508600071073,3.7950010739732534,0.5556502139661461,5.459562874981202
16,2,1,7,3.7950010739732534,4.41330787690822,0.618306802934967,5.459562874981202
16,2,1,8,4.41330787690822,5.099592327955179,0.6862844510469586,5.459562874981202
16,2,1,9,5.099592327955179,5.457442967919633,0.3578506399644539,5.459562874981202
16,2,1,10,5.457442967919633,5.460413089953363,0.0029701220337301493,5.459562874981202
16,2,2,3,-0.1413154510082677,0.4372288129525259,0.5785442639607936,5.459562874981202
16,2,2,4,0.4372288129525259,0.9947501909919083,0.5575213780393824,5.459562874981202
16,2,2,5,0.9947501909919083,1.5563396079232916,0.5615894169313833,5.459562874981202
16,2,2,6,1.5563396079232916,2.118952005985193,0.5626123980619013,5.459562874981202
16,2,2,7,2.118952005985193,2.6737359499093145,0.5547839439241216,5.459562874981202
16,2,2,8,2.6737359499093145,3.2394133979687467,0.5656774480594322,5.459562874981202
16,2,2,9,3.2394133979687467,3.7954612369649112,0.5560478389961645,5.459562874981202
16,2,2,10,3.7954612369649112,4.413469863007776,0.6180086260428652,5.459562874981202
16,2,2,11,4.413469863007776,5.09973269701004,0.6862628340022638,5.459562874981202
16,2,2,12,5.09973269701004,5.457642719964497,0.3579100229544565,5.459562874981202
16,2,2,13,5.457642719964497,5.46092342690099,0.003280706936493516,5.459562874981202
16,2,3,1,0.9952241979772225,1.5569356539053842,0.5617114559281617,5.459562874981202
16,2,3,2,1.5569356539053842,2.1196797019802034,0.5627440480748191,5.459562874981202
16,2,3,3,2.1196797019802034,2.674063624930568,0.5543839229503646,5.459562874981202
16,2,3,4,2.674063624930568,3.239983545965515,0.565919921034947,5.459562874981202
16,2,3,5,3.239983545965515,3.7958883569808677,0.5559048110153526,5.459562874981202
16,2,3,6,3.7958883569808677,4.413811624981463,0.6179232680005953,5.459562874981202
16,2,3,7,4.413811624981463,5.100089710904285,0.6862780859228224,5.459562874981202
16,2,3,8,5.100089710904285,5.4579613719834015,0.35787166107911617,5.459562874981202
16,2,3,9,5.4579613719834015,5.461211083922535,0.0032497119391337037,5.459562874981202
16,2,4,1,-0.14077132800593972,0.4382816859288141,0.5790530139347538,5.459562874981202
16,2,4,2,0.4382816859288141,0.9939597219927236,0.5556780360639095,5.459562874981202
16,2,4,3,0.9939597219927236,1.555397258955054,0.5614375369623303,5.459562874981202
16,2,4,4,1.555397258955054,2.118073229910806,0.5626759709557518,5.459562874981202
16,2,4,5,2.118073229910806,2.672551076975651,0.5544778470648453,5.459562874981202
16,2,4,6,2.672551076975651,3.2388845589011908,0.5663334819255397,5.459562874981202
16,2,4,7,3.2388845589011908,3.7940271629486233,0.5551426040474325,5.459562874981202
16,2,4,8,3.7940271629486233,4.412816877942532,0.618789714993909,5.459562874981202
16,2,4,9,4.412816877942532,5.099120219005272,0.6863033410627395,5.459562874981202
16,2,4,10,5.099120219005272,5.4570061980048195,0.35788597899954766,5.459562874981202
16,2,4,11,5.4570061980048195,5.460070448927581,0.0030642509227618575,5.459562874981202
16,2,5,1,3.7949180639116094,4.413243115996011,0.6183250520844012,5.459562874981202
16,2,5,2,4.413243115996011,5.099524948978797,0.686281832982786,5.459562874981202
16,2,5,3,5.099524948978797,5.457386267953552,0.3578613189747557,5.459562874981202
16,2,5,4,5.457386267953552,5.460354120004922,0.002967852051369846,5.459562874981202
16,2,6,1,0.9945066299987957,1.556177104008384,0.5616704740095884,5.459562874981202
16,2,6,2,1.556177104008384,2.118805928970687,0.562628824962303,5.459562874981202
16,2,6,3,2.118805928970687,2.672959449933842,0.5541535209631547,5.459562874981202
16,2,6,4,2.672959449933842,3.2391662249574438,0.566206775023602,5.459562874981202
16,2,6,5,3.2391662249574438,3.794339679996483,0.5551734550390393,5.459562874981202
16,2,6,6,3.794339679996483,4.413022474967875,0.6186827949713916,5.459562874981202
16,2,6,7,4.413022474967875,5.099386803922243,0.6863643289543688,5.459562874981202
16,2,6,8,5.099386803922243,5.457266932004131,0.35788012808188796,5.459562874981202
16,2,6,9,5.457266932004131,5.460241900989786,0.0029749689856544137,5.459562874981202
16,2,7,1,3.239725376944989,3.7955971349729225,0.5558717580279335,5.459562874981202
16,2,7,2,3.7955971349729225,4.41356391296722,0.6179667779942974,5.459562874981202
16,2,7,3,4.41356391296722,5.099829151993617,0.6862652390263975,5.459562874981202
16,2,7,4,5.099829151993617,5.457733557908796,0.35790440591517836,5.459562874981202
16,2,7,5,5.457733557908796,5.460980735952035,0.0032471780432388186,5.459562874981202
16,2,8,1,2.674465823918581,3.2400850229896605,0.5656191990710795,5.459562874981202
16,2,8,2,3.2400850229896605,3.7959524099715054,0.5558673869818449,5.459562874981202
16,2,8,3,3.7959524099715054,4.4138694069115445,0.6179169969400391,5.459562874981202
16,2,8,4,4.4138694069115445,5.100153392995708,0.6862839860841632,5.459562874981202
16,2,8,5,5.100153392995708,5.45801624795422,0.3578628549585119,5.459562874981202
16,2,8,6,5.45801624795422,5.46126633300446,0.003250085050240159,5.459562874981202
16,2,9,1,1.555960037978366,2.1182634349679574,0.5623033969895914,5.459562874981202
16,2,9,2,2.1182634349679574,2.672755455947481,0.5544920209795237,5.459562874981202
16,2,9,3,2.672755455947481,3.239030478987843,0.5662750230403617,5.459562874981202
16,2,9,4,3.239030478987843,3.7941145699005574,0.5550840909127146,5.459562874981202
16,2,9,5,3.7941145699005574,4.412890618899837,0.6187760489992797,5.459562874981202
16,2,9,6,4.412890618899837,5.099197893985547,0.68630727508571,5.459562874981202
16,2,9,7,5.099197893985547,5.457144504995085,0.3579466110095382,5.459562874981202
16,2,9,8,5.457144504995085,5.460129051934928,0.002984546939842403,5.459562874981202
16,2,10,1,3.7953863959992304,4.413407217944041,0.6180208219448105,5.459562874981202
16,2,10,2,4.413407217944041,5.099667456001043,0.6862602380570024,5.459562874981202
16,2,10,3,5.099667456001043,5.4575882749632,0.3579208189621568,5.459562874981202
16,2,10,4,5.4575882749632,5.460853958968073,0.0032656840048730373,5.459562874981202
16,2,11,1,2.118647042894736,2.672876792959869,0.554229750065133,5.459562874981202
16,2,11,2,2.672876792959869,3.2391004629898816,0.5662236700300127,5.459562874981202
16,2,11,3,3.2391004629898816,3.7941934199770913,0.5550929569872096,5.459562874981202
16,2,11,4,3.7941934199770913,4.412956101936288,0.6187626819591969,5.459562874981202
16,2,11,5,4.412956101936288,5.099269172991626,0.6863130710553378,5.459562874981202
16,2,11,6,5.099269172991626,5.45720781898126,0.3579386459896341,5.459562874981202
16,2,11,7,5.45720781898126,5.460185930947773,0.0029781119665130973,5.459562874981202
16,2,12,1,2.6735624459106475,3.239286060910672,0.5657236150000244,5.459562874981202
16,2,12,2,3.239286060910672,3.7944128189701587,0.5551267580594867,5.459562874981202
16,2,12,3,3.7944128189701587,4.413125493912958,0.6187126749427989,5.459562874981202
16,2,12,4,4.413125493912958,5.099457371979952,0.6863318780669942,5.459562874981202
16,2,12,5,5.099457371979952,5.457325270981528,0.357867899001576,5.459562874981202
16,2,12,6,5.457325270981528,5.460298027959652,0.00297275697812438,5.459562874981202
16,2,13,1,3.2386979839066043,3.7938328159507364,0.555134832044132,5.459562874981202
16,2,13,2,3.7938328159507364,4.412681212997995,0.6188483970472589,5.459562874981202
16,2,13,3,4.412681212997995,5.098974670981988,0.686293457983993,5.459562874981202
16,2,13,4,5.098974670981988,5.45693586289417,0.3579611919121817,5.459562874981202
16,2,13,5,5.45693586289417,5.460001147002913,0.0030652841087430716,5.459562874981202
16,2,14,1,2.119333731941879,2.673837380949408,0.554503649007529,5.459562874981202
16,2,14,2,2.673837380949408,3.2397963230032474,0.5659589420538396,5.459562874981202
16,2,14,3,3.2397963230032474,3.795668587903492,0.5558722649002448,5.459562874981202
16,2,14,4,3.795668587903492,4.41362747293897,0.6179588850354776,5.459562874981202
16,2,14,5,4.41362747293897,5.099893114995211,0.6862656420562416,5.459562874981202
16,2,14,6,5.099893114995211,5.457790412940085,0.35789729794487357,5.459562874981202
16,2,14,7,5.457790412940085,5.461036822991446,0.0032464100513607264,5.459562874981202
16,2,15,1,1.5567937779705971,2.119592145900242,0.5627983679296449,5.459562874981202
16,2,15,2,2.119592145900242,2.673976968973875,0.554384823073633,5.459562874981202
16,2,15,3,2.673976968973875,3.239921133965254,0.5659441649913788,5.459562874981202
16,2,15,4,3.239921133965254,3.7958029319997877,0.5558817980345339,5.459562874981202
16,2,15,5,3.7958029319997877,4.41375316597987,0.617950233980082,5.459562874981202
16,2,15,6,4.41375316597987,5.10001909697894,0.6862659309990704,5.459562874981202
16,2,15,7,5.10001909697894,5.457899480941705,0.35788038396276534,5.459562874981202
16,2,15,8,5.457899480941705,5.461154704913497,0.0032552239717915654,5.459562874981202
16,3,0,1,1.2659925819607452,1.8118656179867685,0.5458730360260233,5.434540619025938
16,3,0,2,1.8118656179867685,2.384812336997129,0.5729467190103605,5.434540619025938
16,3,0,3,2.384812336997129,2.9406590060098097,0.5558466690126806,5.434540619025938
16,3,0,4,2.9406590060098097,3.5022641100222245,0.5616051040124148,5.434540619025938
16,3,0,5,3.5022641100222245,4.080706613953225,0.5784425039310008,5.434540619025938
16,3,0,6,4.080706613953225,4.726915618986823,0.6462090050335974,5.434540619025938
16,3,0,7,4.726915618986823,5.43255200702697,0.7056363880401477,5.434540619025938
16,3,0,8,5.43255200702697,5.435853168950416,0.003301161923445761,5.434540619025938
16,3,1,1,1.8117277639685199,2.3847512520151213,0.5730234880466014,5.434540619025938
16,3,1,2,2.3847512520151213,2.940287620993331,0.5555363689782098,5.434540619025938
16,3,1,3,2.940287620993331,3.5020875120535493,0.5617998910602182,5.434540619025938
16,3,1,4,3.5020875120535493,4.080547358025797,0.5784598459722474,5.434540619025938
16,3,1,5,4.080547358025797,4.726770067005418,0.6462227089796215,5.434540619025938
16,3,1,6,4.726770067005418,5.432421611039899,0.705651544034481,5.434540619025938
16,3,1,7,5.432421611039899,5.435731351026334,0.003309739986434579,5.434540619025938
16,3,2,1,-0.42487319302745163,0.14159718400333077,0.5664703770307824,5.434540619025938
16,3,2,2,0.14159718400333077,0.6887117129517719,0.5471145289484411,5.434540619025938
16,3,2,3,0.6887117129517719,1.2655445500276983,0.5768328370759264,5.434540619025938
16,3,2,4,1.2655445500276983,1.8112738160416484,0.5457292660139501,5.434540619025938
16,3,2,5,1.8112738160416484,2.384587679989636,0.5733138639479876,5.434540619025938
16,3,2,6,2.384587679989636,2.940135588985868,0.5555479089962319,5.434540619025938
16,3,2,7,2.940135588985868,3.5019636260112748,0.561828037025407,5.434540619025938
16,3,2,8,3.5019636260112748,4.080382333952002,0.5784187079407275,5.434540619025938
16,3,2,9,4.080382333952002,4.7266453970223665,0.6462630630703643,5.434540619025938
16,3,2,10,4.7266453970223665,5.432271459954791,0.7056260629324242,5.434540619025938
16,3,2,11,5.432271459954791,5.435588215012103,0.003316755057312548,5.434540619025938
16,3,3,1,2.3837412670254707,2.9391576460329816,0.5554163790075108,5.434540619025938
16,3,3,2,2.9391576460329816,3.5004398139426485,0.5612821679096669,5.434540619025938
16,3,3,3,3.5004398139426485,4.078863461967558,0.5784236480249092,5.434540619025938
16,3,3,4,4.078863461967558,4.725664934958331,0.6468014729907736,5.434540619025938
16,3,3,5,4.725664934958331,5.431210884009488,0.7055459490511566,5.434540619025938
16,3,3,6,5.431210884009488,5.434913442004472,0.0037025579949840903,5.434540619025938
16,3,4,1,0.14140278496779501,0.6886330130510032,0.5472302280832082,5.434540619025938
16,3,4,2,0.6886330130510032,1.2654476900352165,0.5768146769842133,5.434540619025938
16,3,4,3,1.2654476900352165,1.810699571040459,0.5452518810052425,5.434540619025938
16,3,4,4,1.810699571040459,2.38441342394799,0.573713852907531,5.434540619025938
16,3,4,5,2.38441342394799,2.9395721439504996,0.5551587200025097,5.434540619025938
16,3,4,6,2.9395721439504996,3.5013213249621913,0.5617491810116917,5.434540619025938
16,3,4,7,3.5013213249621913,4.079510214040056,0.5781888890778646,5.434540619025938
16,3,4,8,4.079510214040056,4.726243449025787,0.6467332349857315,5.434540619025938
16,3,4,9,4.726243449025787,5.431613762979396,0.7053703139536083,5.434540619025938
16,3,4,10,5.431613762979396,5.435254959971644,0.0036411969922482967,5.434540619025938
16,3,5,1,-0.42443711101077497,0.14171246602199972,0.5661495770327747,5.434540619025938
16,3,5,2,0.14171246602199972,0.6884250940056518,0.546712627983652,5.434540619025938
16,3,5,3,0.6884250940056518,1.2648398809833452,0.5764147869776934,5.434540619025938
16,3,5,4,1.2648398809833452,1.8103573239641264,0.5455174429807812,5.434540619025938
16,3,5,5,1.8103573239641264,2.384273999952711,0.5739166759885848,5.434540619025938
16,3,5,6,2.384273999952711,2.9394244470167905,0.5551504470640793,5.434540619025938
16,3,5,7,2.9394244470167905,3.5011841129744425,0.561759665957652,5.434540619025938
16,3,5,8,3.5011841129744425,4.079273273004219,0.5780891600297764,5.434540619025938
16,3,5,9,4.079273273004219,4.7260440250393,0.6467707520350814,5.434540619025938
16,3,5,10,4.7260440250393,5.431480061961338,0.7054360369220376,5.434540619025938
16,3,5,11,5.431480061961338,5.435130105004646,0.00365004304330796,5.434540619025938
16,3,6,1,0.6894187380094081,1.2661198429996148,0.5767011049902067,5.434540619025938
16,3,6,2,1.2661198429996148,1.8119696519570425,0.5458498089574277,5.434540619025938
16,3,6,3,1.8119696519570425,2.384870728943497,0.5729010769864544,5.434540619025938
16,3,6,4,2.384870728943497,2.9407200639834628,0.5558493350399658,5.434540619025938
16,3,6,5,2.9407200639834628,3.502325525972992,0.5616054619895294,5.434540619025938
16,3,6,6,3.502325525972992,4.08077325404156,0.5784477280685678,5.434540619025938
16,3,6,7,4.08077325404156,4.7269776470493525,0.6462043930077925,5.434540619025938
16,3,6,8,4.7269776470493525,5.432637945981696,0.7056602989323437,5.434540619025938
16,3,6,9,5.432637945981696,5.432658888050355,2.094206865876913e-05,5.434540619025938
16,3,6,10,5.432658888050355,5.449506173026748,0.016847284976392984,5.434540619025938
16,3,7,1,3.5009454709943384,4.079094707034528,0.5781492360401899,5.434540619025938
16,3,7,2,4.079094707034528,4.725883139995858,0.6467884329613298,5.434540619025938
16,3,7,3,4.725883139995858,5.431314536021091,0.705431396025233,5.434540619025938
16,3,7,4,5.431314536021091,5.434995754971169,0.0036812189500778913,5.434540619025938
16,3,8,1,0.6891141920350492,1.2656866740435362,0.576572482008487,5.434540619025938
16,3,8,2,1.2656866740435362,1.8113438569707796,0.5456571829272434,5.434540619025938
16,3,8,3,1.8113438569707796,2.384650598047301,0.5733067410765216,5.434540619025938
16,3,8,4,2.384650598047301,2.940198285970837,0.5555476879235357,5.434540619025938
16,3,8,5,2.940198285970837,3.5020257859723642,0.5618275000015274,5.434540619025938
16,3,8,6,3.5020257859723642,4.080476701958105,0.5784509159857407,5.434540619025938
16,3,8,7,4.080476701958105,4.726708334055729,0.6462316320976242,5.434540619025938
16,3,8,8,4.726708334055729,5.4323463150067255,0.7056379809509963,5.434540619025938
16,3,8,9,5.4323463150067255,5.435670564998873,0.003324249992147088,5.434540619025938
16,3,9,1,1.8111445510294288,2.3845220350194722,0.5733774839900434,5.434540619025938
16,3,9,2,2.3845220350194722,2.9400712710339576,0.5555492360144854,5.434540619025938
16,3,9,3,2.9400712710339576,3.501897488022223,0.5618262169882655,5.434540619025938
16,3,9,4,3.501897488022223,4.080311684985645,0.578414196963422,5.434540619025938
16,3,9,5,4.080311684985645,4.7265829789685085,0.6462712939828634,5.434540619025938
16,3,9,6,4.7265829789685085,5.432207920006476,0.7056249410379678,5.434540619025938
16,3,9,7,5.432207920006476,5.435527189983986,0.0033192699775099754,5.434540619025938
16,3,10,1,2.9405957319540903,3.5021873529767618,0.5615916210226715,5.434540619025938
16,3,10,2,3.5021873529767618,4.080612643039785,0.5784252900630236,5.434540619025938
16,3,10,3,4.080612643039785,4.726832267944701,0.6462196249049157,5.434540619025938
16,3,10,4,4.726832267944701,5.432493117055856,0.7056608491111547,5.434540619025938
16,3,10,5,5.432493117055856,5.435790744959377,0.003297627903521061,5.434540619025938
16,3,11,1,1.265336345997639,1.8106073579983786,0.5452710120007396,5.434540619025938
16,3,11,2,1.8106073579983786,2.3843468900304288,0.5737395320320502,5.434540619025938
16,3,11,3,2.3843468900304288,2.939506347058341,0.5551594570279121,5.434540619025938
16,3,11,4,2.939506347058341,3.501255978946574,0.5617496318882331,5.434540619025938
16,3,11,5,3.501255978946574,4.079347149003297,0.5780911700567231,5.434540619025938
16,3,11,6,4.079347149003297,4.726114545017481,0.6467673960141838,5.434540619025938
16,3,11,7,4.726114545017481,5.431547546992078,0.7054330019745976,5.434540619025938
16,3,11,8,5.431547546992078,5.435191164026037,0.003643617033958435,5.434540619025938
16,3,12,1,2.9399933019885793,3.501445409958251,0.5614521079696715,5.434540619025938
16,3,12,2,3.501445409958251,4.079586836975068,0.578141427016817,5.434540619025938
16,3,12,3,4.079586836975068,4.7263311699498445,0.6467443329747766,5.434540619025938
16,3,12,4,4.7263311699498445,5.431699675042182,0.7053685050923377,5.434540619025938
16,3,12,5,5.431699675042182,5.435319373966195,0.003619698924012482,5.434540619025938
16,3,13,1,3.501818282995373,4.080240914016031,0.5784226310206577,5.434540619025938
16,3,13,2,4.080240914016031,4.726519971969537,0.6462790579535067,5.434540619025938
16,3,13,3,4.726519971969537,5.432141041033901,0.7056210690643638,5.434540619025938
16,3,13,4,5.432141041033901,5.4354669420281425,0.0033259009942412376,5.434540619025938
16,3,14,1,2.3841472070198506,2.939344077021815,0.5551968700019643,5.434540619025938
16,3,14,2,2.939344077021815,3.501110299024731,0.561766222002916,5.434540619025938
16,3,14,3,3.501110299024731,4.079186980030499,0.5780766810057685,5.434540619025938
16,3,14,4,4.079186980030499,4.725966235040687,0.6467792550101876,5.434540619025938
16,3,14,5,4.725966235040687,5.431386869982816,0.7054206349421293,5.434540619025938
16,3,14,6,5.431386869982816,5.435066845966503,0.003679975983686745,5.434540619025938
16,3,15,1,4.0800760430283844,4.726452774018981,0.6463767309905961,5.434540619025938
16,3,15,2,4.726452774018981,5.431913667009212,0.7054608929902315,5.434540619025938
16,3,15,3,5.431913667009212,5.435381939052604,0.003468272043392062,5.434540619025938
16,4,0,1,0.4232127600116655,0.9880719910142943,0.5648592310026288,5.4470693110488355
16,4,0,2,0.9880719910142943,1.5447036260738969,0.5566316350596026,5.4470693110488355
16,4,0,3,1.5447036260738969,2.1092816171003506,0.5645779910264537,5.4470693110488355
16,4,0,4,2.1092816171003506,2.660856487113051,0.5515748700127006,5.4470693110488355
16,4,0,5,2.660856487113051,3.2280604740371928,0.5672039869241416,5.4470693110488355
16,4,0,6,3.2280604740371928,3.783069583005272,0.5550091089680791,5.4470693110488355
16,4,0,7,3.783069583005272,4.395232557086274,0.6121629740810022,5.4470693110488355
16,4,0,8,4.395232557086274,5.0833085890626535,0.6880760319763795,5.4470693110488355
16,4,0,9,5.0833085890626535,5.448118826025166,0.36481023696251214,5.4470693110488355
16,4,1,1,3.7829991650069132,4.395142044057138,0.612142879050225,5.4470693110488355
16,4,1,2,4.395142044057138,5.083248421084136,0.6881063770269975,5.4470693110488355
16,4,1,3,5.083248421084136,5.4479897590354085,0.3647413379512727,5.4470693110488355
16,4,2,1,3.7825313380453736,4.394810705096461,0.6122793670510873,5.4470693110488355
16,4,2,2,4.394810705096461,5.082979911006987,0.6881692059105262,5.4470693110488355
16,4,2,3,5.082979911006987,5.447622676030733,0.3646427650237456,5.4470693110488355
16,4,3,2,-0.14591916790232062,0.4234055191045627,0.5693246870068833,5.4470693110488355
16,4,3,3,0.4234055191045627,0.98700218310114,0.5635966639965773,5.4470693110488355
16,4,3,4,0.98700218310114,1.5436975160846487,0.5566953329835087,5.4470693110488355
16,4,3,5,1.5436975160846487,2.108169648097828,0.5644721320131794,5.4470693110488355
16,4,3,6,2.108169648097828,2.659909706097096,0.5517400579992682,5.4470693110488355
16,4,3,7,2.659909706097096,3.226412339019589,0.5665026329224929,5.4470693110488355
16,4,3,8,3.226412339019589,3.7817084020935,0.5552960630739108,5.4470693110488355
16,4,3,9,3.7817084020935,4.394138711038977,0.612430308945477,5.4470693110488355
16,4,3,10,4.394138711038977,5.0823338211048394,0.6881951100658625,5.4470693110488355
16,4,3,11,5.0823338211048394,5.444900804082863,0.3625669829780236,5.4470693110488355
16,4,3,12,5.444900804082863,5.448843118036166,0.003942313953302801,5.4470693110488355
16,4,4,2,-0.14604381599929184,0.42331036704126745,0.5693541830405593,5.4470693110488355
16,4,4,3,0.42331036704126745,0.9868384310975671,0.5635280640562996,5.4470693110488355
16,4,4,4,0.9868384310975671,1.5435548761161044,0.5567164450185373,5.4470693110488355
16,4,4,5,1.5435548761161044,2.108023720094934,0.5644688439788297,5.4470693110488355
16,4,4,6,2.108023720094934,2.6597757340641692,0.5517520139692351,5.4470693110488355
16,4,4,7,2.6597757340641692,3.2262323180912063,0.566456584027037,5.4470693110488355
16,4,4,8,3.2262323180912063,3.7815873770741746,0.5553550589829683,5.4470693110488355
16,4,4,9,3.7815873770741746,4.393977051018737,0.6123896739445627,5.4470693110488355
16,4,4,10,4.393977051018737,5.082166036008857,0.6881889849901199,5.4470693110488355
16,4,4,11,5.082166036008857,5.444753300049342,0.362587264040485,5.4470693110488355
16,4,4,12,5.444753300049342,5.4487512110499665,0.003997911000624299,5.4470693110488355
16,4,5,1,0.9878762220032513,1.544311952078715,0.5564357300754637,5.4470693110488355
16,4,5,2,1.544311952078715,2.1087754630716518,0.5644635109929368,5.4470693110488355
16,4,5,3,2.1087754630716518,2.660589359002188,0.5518138959305361,5.4470693110488355
16,4,5,4,2.660589359002188,3.2277913111029193,0.5672019521007314,5.4470693110488355
16,4,5,5,3.2277913111029193,3.782220077002421,0.5544287658995017,5.4470693110488355
16,4,5,6,3.782220077002421,4.394707141094841,0.61248706409242,5.4470693110488355
16,4,5,7,4.394707141094841,5.082896118052304,0.6881889769574627,5.4470693110488355
16,4,5,8,5.082896118052304,5.447421085089445,0.3645249670371413,5.4470693110488355
16,4,6,1,-0.14623836195096374,0.4226754680275917,0.5689138299785554,5.4470693110488355
16,4,6,2,0.4226754680275917,0.987957620061934,0.5652821520343423,5.4470693110488355
16,4,6,3,0.987957620061934,1.544376933015883,0.556419312953949,5.4470693110488355
16,4,6,4,1.544376933015883,2.1088332440704107,0.5644563110545278,5.4470693110488355
16,4,6,5,2.1088332440704107,2.6606519530760124,0.5518187090056017,5.4470693110488355
16,4,6,6,2.6606519530760124,3.227862556115724,0.5672106030397117,5.4470693110488355
16,4,6,7,3.227862556115724,3.7826197060057893,0.5547571498900652,5.4470693110488355
16,4,6,8,3.7826197060057893,4.394906005007215,0.6122862990014255,5.4470693110488355
16,4,6,9,4.394906005007215,5.083049552049488,0.688143547042273,5.4470693110488355
16,4,6,10,5.083049552049488,5.447725248057395,0.3646756960079074,5.4470693110488355
16,4,7,1,2.6611397080123425,3.2281825160607696,0.5670428080484271,5.4470693110488355
16,4,7,2,3.2281825160607696,3.783135825069621,0.5549533090088516,5.4470693110488355
16,4,7,3,3.783135825069621,4.395294822053984,0.6121589969843626,5.4470693110488355
16,4,7,4,4.395294822053984,5.083398197079077,0.6881033750250936,5.4470693110488355
16,4,7,5,5.083398197079077,5.448198784026317,0.36480058694723994,5.4470693110488355
16,4,8,1,3.227235119091347,3.782025325112045,0.554790206020698,5.4470693110488355
16,4,8,2,3.782025325112045,4.394505578093231,0.6124802529811859,5.4470693110488355
16,4,8,3,4.394505578093231,5.082708534086123,0.6882029559928924,5.4470693110488355
16,4,8,4,5.082708534086123,5.445180185022764,0.3624716509366408,5.4470693110488355
16,4,8,5,5.445180185022764,5.4490964791039005,0.003916294081136584,5.4470693110488355
16,4,9,1,2.10921884002164,2.660798554075882,0.5515797140542418,5.4470693110488355
16,4,9,2,2.660798554075882,3.2279935420956463,0.5671949880197644,5.4470693110488355
16,4,9,3,3.2279935420956463,3.782734964042902,0.5547414219472557,5.4470693110488355
16,4,9,4,3.782734964042902,4.3950338390422985,0.6122988749993965,5.4470693110488355
16,4,9,5,4.3950338390422985,5.083187089068815,0.6881532500265166,5.4470693110488355
16,4,9,6,5.083187089068815,5.447906332090497,0.3647192430216819,5.4470693110488355
16,4,10,1,0.9874589591054246,1.5438197730109096,0.556360813905485,5.4470693110488355
16,4,10,2,1.5438197730109096,2.1086201110156253,0.5648003380047157,5.4470693110488355
16,4,10,3,2.1086201110156253,2.660137132043019,0.5515170210273936,5.4470693110488355
16,4,10,4,2.660137132043019,3.2266663680784404,0.5665292360354215,5.4470693110488355
16,4,10,5,3.2266663680784404,3.78188163402956,0.5552152659511194,5.4470693110488355
16,4,10,6,3.78188163402956,4.394370245048776,0.6124886110192165,5.4470693110488355
16,4,10,7,4.394370245048776,5.08249819802586,0.6881279529770836,5.4470693110488355
16,4,10,8,5.08249819802586,5.445041018072516,0.36254282004665583,5.4470693110488355
16,4,10,9,5.445041018072516,5.448970101075247,0.003929083002731204,5.4470693110488355
16,4,11,1,2.6604597130790353,3.22678289108444,0.5663231780054048,5.4470693110488355
16,4,11,2,3.22678289108444,3.7819425190100446,0.5551596279256046,5.4470693110488355
16,4,11,3,3.7819425190100446,4.394438779097982,0.6124962600879371,5.4470693110488355
16,4,11,4,4.394438779097982,5.082639342057519,0.6882005629595369,5.4470693110488355
16,4,11,5,5.082639342057519,5.4451160380849615,0.3624766960274428,5.4470693110488355
16,4,11,6,5.4451160380849615,5.449030097108334,0.003914059023372829,5.4470693110488355
16,4,12,1,1.5446433380711824,2.1089216300752014,0.564278292004019,5.4470693110488355
16,4,12,2,2.1089216300752014,2.6607128670439124,0.551791236968711,5.4470693110488355
16,4,12,3,2.6607128670439124,3.2279289780417457,0.5672161109978333,5.4470693110488355
16,4,12,4,3.2279289780417457,3.7826780210016295,0.5547490429598838,5.4470693110488355
16,4,12,5,3.7826780210016295,4.394971770001575,0.6122937489999458,5.4470693110488355
16,4,12,6,4.394971770001575,5.0831238171085715,0.6881520471069962,5.4470693110488355
16,4,12,7,5.0831238171085715,5.447823782102205,0.36469996499363333,5.4470693110488355
16,4,13,1,3.227621390018612,3.7821086361072958,0.5544872460886836,5.4470693110488355
16,4,13,2,3.7821086361072958,4.394570418051444,0.6124617819441482,5.4470693110488355
16,4,13,3,4.394570418051444,5.082773150061257,0.6882027320098132,5.4470693110488355
16,4,13,4,5.082773150061257,5.445242725079879,0.362469575018622,5.4470693110488355
16,4,13,5,5.445242725079879,5.44915452611167,0.003911801031790674,5.4470693110488355
16,4,14,1,1.5442135860212147,2.108715945039876,0.5645023590186611,5.4470693110488355
16,4,14,2,2.108715945039876,2.660529892076738,0.5518139470368624,5.4470693110488355
16,4,14,3,2.660529892076738,3.227713504107669,0.5671836120309308,5.4470693110488355
16,4,14,4,3.227713504107669,3.7821662760106847,0.5544527719030157,5.4470693110488355
16,4,14,5,3.7821662760106847,4.394641868071631,0.6124755920609459,5.4470693110488355
16,4,14,6,4.394641868071631,5.082836516085081,0.6881946480134502,5.4470693110488355
16,4,14,7,5.082836516085081,5.445320293074474,0.36248377698939294,5.4470693110488355
16,4,14,8,5.445320293074474,5.449224491021596,0.0039041979471221566,5.4470693110488355
16,4,15,1,2.1085096740862355,2.6600088550476357,0.5514991809614003,5.4470693110488355
16,4,15,2,2.6600088550476357,3.226509560015984,0.5665007049683481,5.4470693110488355
16,4,15,3,3.226509560015984,3.7818175710272044,0.5553080110112205,5.4470693110488355
16,4,15,4,3.7818175710272044,4.394222273025662,0.6124047019984573,5.4470693110488355
16,4,15,5,4.394222273025662,5.082414053031243,0.6881917800055817,5.4470693110488355
16,4,15,6,5.082414053031243,5.444973092060536,0.36255903902929276,5.4470693110488355
16,4,15,7,5.444973092060536,5.448909959057346,0.00393686699680984,5.4470693110488355
16,5,0,1,0.14149353001266718,0.692074868013151,0.5505813380004838,5.427763910032809
16,5,0,2,0.692074868013151,1.2614108609268442,0.5693359929136932,5.427763910032809
16,5,0,3,1.2614108609268442,1.8092356310226023,0.5478247700957581,5.427763910032809
16,5,0,4,1.8092356310226023,2.3787286669248715,0.5694930359022692,5.427763910032809
16,5,0,5,2.3787286669248715,2.932371000992134,0.5536423340672627,5.427763910032809
16,5,0,6,2.932371000992134,3.496616406016983,0.5642454050248489,5.427763910032809
16,5,0,7,3.496616406016983,4.074149533989839,0.5775331279728562,5.427763910032809
16,5,0,8,4.074149533989839,4.719279699027538,0.645130165037699,5.427763910032809
16,5,0,9,4.719279699027538,5.428245387971401,0.7089656889438629,5.427763910032809
16,5,1,1,4.074730720021762,4.719618950039148,0.6448882300173864,5.427763910032809
16,5,1,2,4.719618950039148,5.428493901970796,0.708874951931648,5.427763910032809
16,5,2,1,3.4978962190216407,4.075533928931691,0.57763770991005,5.427763910032809
16,5,2,2,4.075533928931691,4.720283939968795,0.6447500110371038,5.427763910032809
16,5,2,3,4.720283939968795,5.429298165952787,0.7090142259839922,5.427763910032809
16,5,3,1,2.932671324000694,3.4967121799709275,0.5640408559702337,5.427763910032809
16,5,3,2,3.4967121799709275,4.0742455560248345,0.577533376053907,5.427763910032809
16,5,3,3,4.0742455560248345,4.719359330018051,0.6451137739932165,5.427763910032809
16,5,3,4,4.719359330018051,5.428331075003371,0.7089717449853197,5.427763910032809
16,5,4,1,1.2626027249498293,1.8098792319651693,0.54727650701534,5.427763910032809
16,5,4,2,1.8098792319651693,2.379442845005542,0.5695636130403727,5.427763910032809
16,5,4,3,2.379442845005542,2.9330608480377123,0.5536180030321702,5.427763910032809
16,5,4,4,2.9330608480377123,3.4974350759293884,0.5643742278916761,5.427763910032809
16,5,4,5,3.4974350759293884,4.075255598989315,0.5778205230599269,5.427763910032809
16,5,4,6,4.075255598989315,4.7200641699600965,0.6448085709707811,5.427763910032809
16,5,4,7,4.7200641699600965,5.42905925901141,0.7089950890513137,5.427763910032809
16,5,5,1,1.2621962249977514,1.8097740489756688,0.5475778239779174,5.427763910032809
16,5,5,2,1.8097740489756688,2.3793819489656016,0.5696078999899328,5.427763910032809
16,5,5,3,2.3793819489656016,2.9330067669507116,0.55362481798511,5.427763910032809
16,5,5,4,2.9330067669507116,3.4970261229900643,0.5640193560393527,5.427763910032809
16,5,5,5,3.4970261229900643,4.075015824986622,0.5779897019965574,5.427763910032809
16,5,5,6,4.075015824986622,4.71993406699039,0.6449182420037687,5.427763910032809
16,5,5,7,4.71993406699039,5.4288950769696385,0.708961009979248,5.427763910032809
16,5,6,1,-0.42486816400196403,0.14102144702337682,0.5658896110253409,5.427763910032809
16,5,6,2,0.14102144702337682,0.6921698759542778,0.551148428930901,5.427763910032809
16,5,6,3,0.6921698759542778,1.2614867199445143,0.5693168439902365,5.427763910032809
16,5,6,4,1.2614867199445143,1.8095956000033766,0.5481088800588623,5.427763910032809
16,5,6,5,1.8095956000033766,2.378878499031998,0.5692828990286216,5.427763910032809
16,5,6,6,2.378878499031998,2.93279364798218,0.5539151489501819,5.427763910032809
16,5,6,7,2.93279364798218,3.496840061969124,0.5640464139869437,5.427763910032809
16,5,6,8,3.496840061969124,4.074820457957685,0.5779803959885612,5.427763910032809
16,5,6,9,4.074820457957685,4.71969245292712,0.644871994969435,5.427763910032809
16,5,6,10,4.71969245292712,5.428644576924853,0.708952123997733,5.427763910032809
16,5,7,1,1.8095257669920102,2.3788186389720067,0.5692928719799966,5.427763910032809
16,5,7,2,2.3788186389720067,2.9327362020267174,0.5539175630547106,5.427763910032809
16,5,7,3,2.9327362020267174,3.4967766599729657,0.5640404579462484,5.427763910032809
16,5,7,4,3.4967766599729657,4.074313694960438,0.577537034987472,5.427763910032809
16,5,7,5,4.074313694960438,4.719508299021982,0.6451946040615439,5.427763910032809
16,5,7,6,4.719508299021982,5.428413265035488,0.708904966013506,5.427763910032809
16,5,8,1,-0.4245039529632777,0.14117168996017426,0.565675642923452,5.427763910032809
16,5,8,2,0.14117168996017426,0.691930582979694,0.5507588930195197,5.427763910032809
16,5,8,3,0.691930582979694,1.2613247589906678,0.5693941760109738,5.427763910032809
16,5,8,4,1.2613247589906678,1.8091260039946064,0.5478012450039387,5.427763910032809
16,5,8,5,1.8091260039946064,2.378614068031311,0.5694880640367046,5.427763910032809
16,5,8,6,2.378614068031311,2.93225353397429,0.5536394659429789,5.427763910032809
16,5,8,7,2.93225353397429,3.4964879360049963,0.5642344020307064,5.427763910032809
16,5,8,8,3.4964879360049963,4.074006823007949,0.5775188870029524,5.427763910032809
16,5,8,9,4.074006823007949,4.719197895959951,0.6451910729520023,5.427763910032809
16,5,8,10,4.719197895959951,5.428154547000304,0.7089566510403529,5.427763910032809
16,5,9,1,0.692567409016192,1.2616352590266615,0.5690678500104696,5.427763910032809
16,5,9,2,1.2616352590266615,1.8096630630316213,0.5480278040049598,5.427763910032809
16,5,9,3,1.8096630630316213,2.3793155669700354,0.5696525039384142,5.427763910032809
16,5,9,4,2.3793155669700354,2.932945088017732,0.5536295210476965,5.427763910032809
16,5,9,5,2.932945088017732,3.496957779978402,0.56401269196067,5.427763910032809
16,5,9,6,3.496957779978402,4.074950507027097,0.5779927270486951,5.427763910032809
16,5,9,7,4.074950507027097,4.719867976964451,0.6449174699373543,5.427763910032809
16,5,9,8,4.719867976964451,5.428807260002941,0.7089392830384895,5.427763910032809
16,5,10,1,0.6917708360124379,1.2611120969522744,0.5693412609398365,5.427763910032809
16,5,10,2,1.2611120969522744,1.809047190938145,0.5479350939858705,5.427763910032809
16,5,10,3,1.809047190938145,2.3785409359261394,0.5694937449879944,5.427763910032809
16,5,10,4,2.3785409359261394,2.932175713009201,0.5536347770830616,5.427763910032809
16,5,10,5,2.932175713009201,3.4964139349758625,0.5642382219666615,5.427763910032809
16,5,10,6,3.4964139349758625,4.073927219957113,0.5775132849812508,5.427763910032809
16,5,10,7,4.073927219957113,4.719070759019814,0.6451435390627012,5.427763910032809
16,5,10,8,4.719070759019814,5.428058960009366,0.7089882009895518,5.427763910032809
16,5,11,1,2.9334309980040416,3.4975997579749674,0.5641687599709257,5.427763910032809
16,5,11,2,3.4975997579749674,4.075393171980977,0.5777934140060097,5.427763910032809
16,5,11,3,4.075393171980977,4.720219181035645,0.6448260090546682,5.427763910032809
16,5,11,4,4.720219181035645,5.429218590026721,0.708999408991076,5.427763910032809
16,5,12,1,1.8088867929764092,2.378392430022359,0.5695056370459497,5.427763910032809
16,5,12,2,2.378392430022359,2.932040547952056,0.553648117929697,5.427763910032809
16,5,12,3,2.932040547952056,3.49624990997836,0.564209362026304,5.427763910032809
16,5,12,4,3.49624990997836,4.073757809936069,0.577507899957709,5.427763910032809
16,5,12,5,4.073757809936069,4.718883258989081,0.6451254490530118,5.427763910032809
16,5,12,6,4.718883258989081,5.427921005990356,0.7090377470012754,5.427763910032809
16,5,13,1,2.379242256982252,2.9328865919960663,0.5536443350138143,5.427763910032809
16,5,13,2,2.9328865919960663,3.4968982529826462,0.56401166098658,5.427763910032809
16,5,13,3,3.4968982529826462,4.074885107926093,0.5779868549434468,5.427763910032809
16,5,13,4,4.074885107926093,4.719794219941832,0.6449091120157391,5.427763910032809
16,5,13,5,4.719794219941832,5.4287275680108,0.7089333480689675,5.427763910032809
16,5,14,1,2.379716405994259,2.9331386929843575,0.5534222869900987,5.427763910032809
16,5,14,2,2.9331386929843575,3.4974958149250597,0.5643571219407022,5.427763910032809
16,5,14,3,3.4974958149250597,4.075328237959184,0.5778324230341241,5.427763910032809
16,5,14,4,4.075328237959184,4.720143661019392,0.6448154230602086,5.427763910032809
16,5,14,5,4.720143661019392,5.429136883933097,0.7089932229137048,5.427763910032809
16,5,15,1,3.49736858997494,4.075168877025135,0.577800287050195,5.427763910032809
16,5,15,2,4.075168877025135,4.71999971603509,0.6448308390099555,5.427763910032809
16,5,15,3,4.71999971603509,5.428980408934876,0.7089806928997859,5.427763910032809
16,6,0,1,-0.41174729203339666,0.15614266705233604,0.5678899590857327,5.443300678045489
16,6,0,2,0.15614266705233604,0.7087703100405633,0.5526276429882273,5.443300678045489
16,6,0,3,0.7087703100405633,1.2778088509803638,0.5690385409398004,5.443300678045489
16,6,0,4,1.2778088509803638,1.8265495389932767,0.5487406880129129,5.443300678045489
16,6,0,5,1.8265495389932767,2.394073812989518,0.5675242739962414,5.443300678045489
16,6,0,6,2.394073812989518,2.94917032297235,0.5550965099828318,5.443300678045489
16,6,0,7,2.94917032297235,3.510591814061627,0.561421491089277,5.443300678045489
16,6,0,8,3.510591814061627,4.090405027964152,0.5798132139025256,5.443300678045489
16,6,0,9,4.090405027964152,4.734652123996057,0.6442470960319042,5.443300678045489
16,6,0,10,4.734652123996057,5.4404429650167,0.7057908410206437,5.443300678045489
16,6,0,11,5.4404429650167,5.443674964015372,0.00323199899867177,5.443300678045489
16,6,1,1,0.1566571859875694,0.7079043559497222,0.5512471699621528,5.443300678045489
16,6,1,2,0.7079043559497222,1.2769673799630255,0.5690630240133032,5.443300678045489
16,6,1,3,1.2769673799630255,1.8251428080257028,0.5481754280626774,5.443300678045489
16,6,1,4,1.8251428080257028,2.3928783290321007,0.5677355210063979,5.443300678045489
16,6,1,5,2.3928783290321007,2.9475361360237002,0.5546578069915995,5.443300678045489
16,6,1,6,2.9475361360237002,3.5087694639805704,0.5612333279568702,5.443300678045489
16,6,1,7,3.5087694639805704,4.088819677010179,0.5800502130296081,5.443300678045489
16,6,1,8,4.088819677010179,4.733597529004328,0.6447778519941494,5.443300678045489
16,6,1,9,4.733597529004328,5.439133918960579,0.7055363899562508,5.443300678045489
16,6,1,10,5.439133918960579,5.440826656064019,0.0016927371034398675,5.443300678045489
16,6,1,11,5.440826656064019,5.4563894249731675,0.015562768909148872,5.443300678045489
16,6,2,2,-0.41151707293465734,0.15676112298388034,0.5682781959185377,5.443300678045489
16,6,2,3,0.15676112298388034,0.70802567305509,0.5512645500712097,5.443300678045489
16,6,2,4,0.70802567305509,1.2771310709649697,0.5691053979098797,5.443300678045489
16,6,2,5,1.2771310709649697,1.825315441004932,0.5481843700399622,5.443300678045489
16,6,2,6,1.825315441004932,2.393050582963042,0.56773514195811,5.443300678045489
16,6,2,7,2.393050582963042,2.947687137988396,0.554636555025354,5.443300678045489
16,6,2,8,2.947687137988396,3.508943740045652,0.5612566020572558,5.443300678045489
16,6,2,9,3.508943740045652,4.088998578954488,0.5800548389088362,5.443300678045489
16,6,2,10,4.088998578954488,4.733770014019683,0.644771435065195,5.443300678045489
16,6,2,11,4.733770014019683,5.439237736980431,0.7054677229607478,5.443300678045489
16,6,2,12,5.439237736980431,5.440919663989916,0.001681927009485662,5.443300678045489
16,6,2,13,5.440919663989916,5.456528195994906,0.015608532004989684,5.443300678045489
16,6,3,1,3.510420663980767,4.090269981999882,0.5798493180191144,5.443300678045489
16,6,3,2,4.090269981999882,4.7345348440576345,0.6442648620577529,5.443300678045489
16,6,3,3,4.7345348440576345,5.440318566048518,0.7057837219908834,5.443300678045489
16,6,3,4,5.440318566048518,5.4415154120652005,0.0011968460166826844,5.443300678045489
16,6,3,5,5.4415154120652005,5.457259656046517,0.015744243981316686,5.443300678045489
16,6,4,1,1.825990529032424,2.3938334960257635,0.5678429669933394,5.443300678045489
16,6,4,2,2.3938334960257635,2.9485601930646226,0.5547266970388591,5.443300678045489
16,6,4,3,2.9485601930646226,3.5094470210606232,0.5608868279960006,5.443300678045489
16,6,4,4,3.5094470210606232,4.089452759013511,0.580005737952888,5.443300678045489
16,6,4,5,4.089452759013511,4.734176344005391,0.6447235849918798,5.443300678045489
16,6,4,6,4.734176344005391,5.439934135065414,0.705757791060023,5.443300678045489
16,6,4,7,5.439934135065414,5.441217718995176,0.0012835839297622442,5.443300678045489
16,6,4,8,5.441217718995176,5.456883887993172,0.015666168997995555,5.443300678045489
16,6,5,1,4.089890097966418,4.7342925779521465,0.6444024799857289,5.443300678045489
16,6,5,2,4.7342925779521465,5.439998010988347,0.7057054330362007,5.443300678045489
16,6,5,3,5.439998010988347,5.44127579103224,0.0012777800438925624,5.443300678045489
16,6,5,4,5.44127579103224,5.456956540001556,0.015680748969316483,5.443300678045489
16,6,6,1,1.8263936470029876,2.393940631998703,0.5675469849957153,5.443300678045489
16,6,6,2,2.393940631998703,2.9486299209529534,0.5546892889542505,5.443300678045489
16,6,6,3,2.9486299209529534,3.509977904963307,0.5613479840103537,5.443300678045489
16,6,6,4,3.509977904963307,4.0900728380074725,0.5800949330441654,5.443300678045489
16,6,6,5,4.0900728380074725,4.734416113002226,0.6443432749947533,5.443300678045489
16,6,6,6,4.734416113002226,5.440173828043044,0.7057577150408179,5.443300678045489
16,6,6,7,5.440173828043044,5.441383569035679,0.0012097409926354885,5.443300678045489
16,6,6,8,5.441383569035679,5.457101793959737,0.015718224924057722,5.443300678045489
16,6,7,1,1.278096018009819,1.826652051997371,0.5485560339875519,5.443300678045489
16,6,7,2,1.826652051997371,2.394138433970511,0.5674863819731399,5.443300678045489
16,6,7,3,2.394138433970511,2.9492397090652958,0.5551012750947848,5.443300678045489
16,6,7,4,2.9492397090652958,3.510671845986508,0.5614321369212121,5.443300678045489
16,6,7,5,3.510671845986508,4.090491650975309,0.5798198049888015,5.443300678045489
16,6,7,6,4.090491650975309,4.73471781599801,0.644226165022701,5.443300678045489
16,6,7,7,4.73471781599801,5.440503914956935,0.7057860989589244,5.443300678045489
16,6,7,8,5.440503914956935,5.443846625974402,0.0033427110174670815,5.443300678045489
16,6,8,1,2.949087050044909,3.510525541030802,0.5614384909858927,5.443300678045489
16,6,8,2,3.510525541030802,4.090339065995067,0.5798135249642655,5.443300678045489
16,6,8,3,4.090339065995067,4.73459341796115,0.644254351966083,5.443300678045489
16,6,8,4,4.73459341796115,5.440379215986468,0.7057857980253175,5.443300678045489
16,6,8,5,5.440379215986468,5.441570088965818,0.001190872979350388,5.443300678045489
16,6,8,6,5.441570088965818,5.457340485998429,0.015770397032611072,5.443300678045489
16,6,9,1,2.9483937489567325,3.509301280020736,0.5609075310640037,5.443300678045489
16,6,9,2,3.509301280020736,4.089228176977485,0.5799268969567493,5.443300678045489
16,6,9,3,4.089228176977485,4.733982846955769,0.6447546699782833,5.443300678045489
16,6,9,4,4.733982846955769,5.439683731994592,0.7057008850388229,5.443300678045489
16,6,9,5,5.439683731994592,5.441104767029174,0.0014210350345820189,5.443300678045489
16,6,9,6,5.441104767029174,5.456747606978752,0.015642839949578047,5.443300678045489
16,6,10,1,0.7086999210296199,1.2777428110130131,0.5690428899833933,5.443300678045489
16,6,10,2,1.2777428110130131,1.826478107017465,0.5487352960044518,5.443300678045489
16,6,10,3,1.826478107017465,2.3940078120213,0.5675297050038353,5.443300678045489
16,6,10,4,2.3940078120213,2.9486985109979287,0.5546906989766285,5.443300678045489
16,6,10,5,2.9486985109979287,3.5100438450463116,0.5613453340483829,5.443300678045489
16,6,10,6,3.5100438450463116,4.090156286023557,0.5801124409772456,5.443300678045489
16,6,10,7,4.090156286023557,4.734475168981589,0.6443188829580322,5.443300678045489
16,6,10,8,4.734475168981589,5.440251045045443,0.7057758760638535,5.443300678045489
16,6,10,9,5.440251045045443,5.4414368639700115,0.0011858189245685935,5.443300678045489
16,6,10,10,5.4414368639700115,5.457169994013384,0.015733130043372512,5.443300678045489
16,6,11,1,1.2776162580121309,1.8255133050261065,0.5478970470139757,5.443300678045489
16,6,11,2,1.8255133050261065,2.393721285974607,0.5682079809485003,5.443300678045489
16,6,11,3,2.393721285974607,2.9484886419959366,0.5547673560213298,5.443300678045489
16,6,11,4,2.9484886419959366,3.5093786369543523,0.5608899949584156,5.443300678045489
16,6,11,5,3.5093786369543523,4.089372548973188,0.5799939120188355,5.443300678045489
16,6,11,6,4.089372548973188,4.734100950998254,0.6447284020250663,5.443300678045489
16,6,11,7,4.734100950998254,5.439864095998928,0.7057631450006738,5.443300678045489
16,6,11,8,5.439864095998928,5.441163789015263,0.0012996930163353682,5.443300678045489
16,6,11,9,5.441163789015263,5.456823401967995,0.01565961295273155,5.443300678045489
16,6,12,1,2.394528654986061,2.9493373810546473,0.5548087260685861,5.443300678045489
16,6,12,2,2.9493373810546473,3.510745618958026,0.5614082379033789,5.443300678045489
16,6,12,3,3.510745618958026,4.090557049028575,0.5798114300705492,5.443300678045489
16,6,12,4,4.090557049028575,4.734775842982344,0.6442187939537689,5.443300678045489
16,6,12,5,4.734775842982344,5.440565285971388,0.7057894429890439,5.443300678045489
16,6,12,6,5.440565285971388,5.44392606895417,0.0033607829827815294,5.443300678045489
16,6,13,1,0.7083809140603989,1.2772533730603755,0.5688724589999765,5.443300678045489
16,6,13,2,1.2772533730603755,1.825397797045298,0.5481444239849225,5.443300678045489
16,6,13,3,1.825397797045298,2.393130884040147,0.5677330869948491,5.443300678045489
16,6,13,4,2.393130884040147,2.947770713013597,0.5546398289734498,5.443300678045489
16,6,13,5,2.947770713013597,3.5090206500608474,0.5612499370472506,5.443300678045489
16,6,13,6,3.5090206500608474,4.089078210992739,0.5800575609318912,5.443300678045489
16,6,13,7,4.089078210992739,4.733844895963557,0.6447666849708185,5.443300678045489
16,6,13,8,4.733844895963557,5.439520752988756,0.7056758570251986,5.443300678045489
16,6,13,9,5.439520752988756,5.440975951962173,0.001455198973417282,5.443300678045489
16,6,13,10,5.440975951962173,5.45662184106186,0.015645889099687338,5.443300678045489
16,6,14,1,2.3935891749570146,2.947876967024058,0.5542877920670435,5.443300678045489
16,6,14,2,2.947876967024058,3.5091118490090594,0.5612348819850013,5.443300678045489
16,6,14,3,3.5091118490090594,4.089158011949621,0.5800461629405618,5.443300678045489
16,6,14,4,4.089158011949621,4.733916059951298,0.6447580480016768,5.443300678045489
16,6,14,5,4.733916059951298,5.439597207005136,0.7056811470538378,5.443300678045489
16,6,14,6,5.439597207005136,5.4410322200274095,0.001435013022273779,5.443300678045489
16,6,14,7,5.4410322200274095,5.456685277982615,0.01565305795520544,5.443300678045489
16,6,15,1,3.5098826490575448,4.090001430013217,0.5801187809556723,5.443300678045489
16,6,15,2,4.090001430013217,4.734356058994308,0.6443546289810911,5.443300678045489
16,6,15,3,4.734356058994308,5.440101798973046,0.7057457399787381,5.443300678045489
16,6,15,4,5.440101798973046,5.441330555011518,0.0012287560384720564,5.443300678045489
16,6,15,5,5.441330555011518,5.457015436026268,0.015684881014749408,5.443300678045489
16,7,0,1,3.79556954104919,4.414772137999535,0.6192025969503447,5.463441306957975
16,7,0,2,4.414772137999535,5.103887259960175,0.68911512196064,5.463441306957975
16,7,0,3,5.103887259960175,5.4614061180036515,0.35751885804347694,5.463441306957975
16,7,0,4,5.4614061180036515,5.465212092967704,0.0038059749640524387,5.463441306957975
16,7,1,3,-0.13801162701565772,0.44067668495699763,0.5786883119726554,5.463441306957975
16,7,1,4,0.44067668495699763,0.9958954700268805,0.5552187850698829,5.463441306957975
16,7,1,5,0.9958954700268805,1.5560901639983058,0.5601946939714253,5.463441306957975
16,7,1,6,1.5560901639983058,2.116995951044373,0.5609057870460674,5.463441306957975
16,7,1,7,2.116995951044373,2.676330797956325,0.5593348469119519,5.463441306957975
16,7,1,8,2.676330797956325,3.2421170270536095,0.5657862290972844,5.463441306957975
16,7,1,9,3.2421170270536095,3.795655266963877,0.5535382399102673,5.463441306957975
16,7,1,10,3.795655266963877,4.414838179014623,0.6191829120507464,5.463441306957975
16,7,1,11,4.414838179014623,5.10395038803108,0.6891122090164572,5.463441306957975
16,7,1,12,5.10395038803108,5.461477673030458,0.357527284999378,5.463441306957975
16,7,1,13,5.461477673030458,5.465272705070674,0.0037950320402160287,5.463441306957975
16,7,2,1,0.9954603760270402,1.5548632759600878,0.5594028999330476,5.463441306957975
16,7,2,2,1.5548632759600878,2.1158053390681744,0.5609420631080866,5.463441306957975
16,7,2,3,2.1158053390681744,2.675368422991596,0.5595630839234218,5.463441306957975
16,7,2,4,2.675368422991596,3.240976348053664,0.5656079250620678,5.463441306957975
16,7,2,5,3.240976348053664,3.7941718180663884,0.5531954700127244,5.463441306957975
16,7,2,6,3.7941718180663884,4.413865657988936,0.6196938399225473,5.463441306957975
16,7,2,7,4.413865657988936,5.103075264021754,0.6892096060328186,5.463441306957975
16,7,2,8,5.103075264021754,5.46054128499236,0.3574660209706053,5.463441306957975
16,7,2,9,5.46054128499236,5.464513933984563,0.003972648992203176,5.463441306957975
16,7,3,1,2.1163898310624063,2.675607371958904,0.5592175408964977,5.463441306957975
16,7,3,2,2.675607371958904,3.24116763996426,0.5655602680053562,5.463441306957975
16,7,3,3,3.24116763996426,3.794418188976124,0.5532505490118638,5.463441306957975
16,7,3,4,3.794418188976124,4.4141370879951864,0.6197188990190625,5.463441306957975
16,7,3,5,4.4141370879951864,5.103353512007743,0.6892164240125567,5.463441306957975
16,7,3,6,5.103353512007743,5.460738818044774,0.3573853060370311,5.463441306957975
16,7,3,7,5.460738818044774,5.4647100060246885,0.003971187979914248,5.463441306957975
16,7,4,1,2.116833381005563,2.6762076530139893,0.5593742720084265,5.463441306957975
16,7,4,2,2.6762076530139893,3.2413476220099255,0.5651399689959362,5.463441306957975
16,7,4,3,3.2413476220099255,3.7949777949834242,0.5536301729734987,5.463441306957975
16,7,4,4,3.7949777949834242,4.414450756972656,0.6194729619892314,5.463441306957975
16,7,4,5,4.414450756972656,5.103616614011116,0.6891658570384607,5.463441306957975
16,7,4,6,5.103616614011116,5.46114203799516,0.3575254239840433,5.463441306957975
16,7,4,7,5.46114203799516,5.464971248991787,0.0038292109966278076,5.463441306957975
16,7,5,1,0.4409833929967135,0.9957051950041205,0.554721802007407,5.463441306957975
16,7,5,2,0.9957051950041205,1.555553382029757,0.5598481870256364,5.463441306957975
16,7,5,3,1.555553382029757,2.116465462022461,0.5609120799927041,5.463441306957975
16,7,5,4,2.116465462022461,2.676017884979956,0.5595524229574949,5.463441306957975
16,7,5,5,2.676017884979956,3.24122933705803,0.5652114520780742,5.463441306957975
16,7,5,6,3.24122933705803,3.7948614460183308,0.5536321089603007,5.463441306957975
16,7,5,7,3.7948614460183308,4.414310866035521,0.6194494200171903,5.463441306957975
16,7,5,8,4.414310866035521,5.103484246996231,0.6891733809607103,5.463441306957975
16,7,5,9,5.103484246996231,5.461007773061283,0.35752352606505156,5.463441306957975
16,7,5,10,5.461007773061283,5.464838966028765,0.003831192967481911,5.463441306957975
16,7,6,1,0.44058171403594315,0.9958261400461197,0.5552444260101765,5.463441306957975
16,7,6,2,0.9958261400461197,1.5556227749912068,0.5597966349450871,5.463441306957975
16,7,6,3,1.5556227749912068,2.1165306370239705,0.5609078620327637,5.463441306957975
16,7,6,4,2.1165306370239705,2.676082776975818,0.5595521399518475,5.463441306957975
16,7,6,5,2.676082776975818,3.2412896619644016,0.5652068849885836,5.463441306957975
16,7,6,6,3.2412896619644016,3.794922249042429,0.5536325870780274,5.463441306957975
16,7,6,7,3.794922249042429,4.414387393044308,0.6194651440018788,5.463441306957975
16,7,6,8,4.414387393044308,5.103552949964069,0.689165556919761,5.463441306957975
16,7,6,9,5.103552949964069,5.4610801480012015,0.3575271980371326,5.463441306957975
16,7,6,10,5.4610801480012015,5.464900273014791,0.003820125013589859,5.463441306957975
16,7,7,1,3.24197837698739,3.7951673810603097,0.5531890040729195,5.463441306957975
16,7,7,2,3.7951673810603097,4.414589838008396,0.6194224569480866,5.463441306957975
16,7,7,3,4.414589838008396,5.103766001062468,0.6891761630540714,5.463441306957975
16,7,7,4,5.103766001062468,5.461265059071593,0.3574990580091253,5.463441306957975
16,7,7,5,5.461265059071593,5.465092865051702,0.0038278059801086783,5.463441306957975
16,7,8,1,3.241677653975785,3.7950755930505693,0.5533979390747845,5.463441306957975
16,7,8,2,3.7950755930505693,4.41452912602108,0.6194535329705104,5.463441306957975
16,7,8,3,4.41452912602108,5.103678426006809,0.6891492999857292,5.463441306957975
16,7,8,4,5.103678426006809,5.461204010993242,0.3575255849864334,5.463441306957975
16,7,8,5,5.461204010993242,5.4650324520189315,0.0038284410256892443,5.463441306957975
16,7,9,1,0.9949658899568021,1.554660052061081,0.5596941621042788,5.463441306957975
16,7,9,2,1.554660052061081,2.1156386859947816,0.5609786339337006,5.463441306957975
16,7,9,3,2.1156386859947816,2.6752882529981434,0.5596495670033619,5.463441306957975
16,7,9,4,2.6752882529981434,3.2408457699930295,0.5655575169948861,5.463441306957975
16,7,9,5,3.2408457699930295,3.794098656042479,0.5532528860494494,5.463441306957975
16,7,9,6,3.794098656042479,4.413787369965576,0.6196887139230967,5.463441306957975
16,7,9,7,4.413787369965576,5.102971062064171,0.6891836920985952,5.463441306957975
16,7,9,8,5.102971062064171,5.460469831014052,0.3574987689498812,5.463441306957975
16,7,9,9,5.460469831014052,5.4644352700561285,0.0039654390420764685,5.463441306957975
16,7,10,1,-0.13817895902320743,0.4402081350563094,0.5783870940795168,5.463441306957975
16,7,10,2,0.4402081350563094,0.9955811749678105,0.5553730399115011,5.463441306957975
16,7,10,3,0.9955811749678105,1.5554748229915276,0.5598936480237171,5.463441306957975
16,7,10,4,1.5554748229915276,2.1160031959880143,0.5605283729964867,5.463441306957975
16,7,10,5,2.1160031959880143,2.6755004699807614,0.5594972739927471,5.463441306957975
16,7,10,6,2.6755004699807614,3.2411071109818295,0.5656066410010681,5.463441306957975
16,7,10,7,3.2411071109818295,3.794356575002894,0.5532494640210643,5.463441306957975
16,7,10,8,3.794356575002894,4.4140654320362955,0.6197088570334017,5.463441306957975
16,7,10,9,4.4140654320362955,5.103287531062961,0.6892220990266651,5.463441306957975
16,7,10,10,5.103287531062961,5.4606662769801915,0.35737874591723084,5.463441306957975
16,7,10,11,5.4606662769801915,5.464642441016622,0.0039761640364304185,5.463441306957975
16,7,11,1,1.5553528100717813,2.1159338309662417,0.5605810208944604,5.463441306957975
16,7,11,2,2.1159338309662417,2.675436789984815,0.5595029590185732,5.463441306957975
16,7,11,3,2.675436789984815,3.2410428390139714,0.5656060490291566,5.463441306957975
16,7,11,4,3.2410428390139714,3.794291452039033,0.5532486130250618,5.463441306957975
16,7,11,5,3.794291452039033,4.413935960037634,0.6196445079986006,5.463441306957975
16,7,11,6,4.413935960037634,5.10321825905703,0.6892822990193963,5.463441306957975
16,7,11,7,5.10321825905703,5.460603991057724,0.3573857320006937,5.463441306957975
16,7,11,8,5.460603991057724,5.46457933797501,0.003975346917286515,5.463441306957975
16,7,12,1,2.6766182179562747,3.242223478970118,0.5656052610138431,5.463441306957975
16,7,12,2,3.242223478970118,3.795743201044388,0.5535197220742702,5.463441306957975
16,7,12,3,3.795743201044388,4.4149002929916605,0.6191570919472724,5.463441306957975
16,7,12,4,4.4149002929916605,5.1040152460336685,0.689114953042008,5.463441306957975
16,7,12,5,5.1040152460336685,5.461585937999189,0.3575706919655204,5.463441306957975
16,7,12,6,5.461585937999189,5.465342978015542,0.0037570400163531303,5.463441306957975
16,7,13,1,3.794787004007958,4.4142467910423875,0.6194597870344296,5.463441306957975
16,7,13,2,4.4142467910423875,5.103418632061221,0.6891718410188332,5.463441306957975
16,7,13,3,5.103418632061221,5.460803305031732,0.357384672970511,5.463441306957975
16,7,13,4,5.460803305031732,5.464774369029328,0.003971063997596502,5.463441306957975
16,7,14,1,1.5560051649808884,2.11693237896543,0.5609272139845416,5.463441306957975
16,7,14,2,2.11693237896543,2.6762692909687757,0.5593369120033458,5.463441306957975
16,7,14,3,2.6762692909687757,3.242056905059144,0.5657876140903682,5.463441306957975
16,7,14,4,3.242056905059144,3.795223445049487,0.5531665399903432,5.463441306957975
16,7,14,5,3.795223445049487,4.414649841957726,0.6194263969082385,5.463441306957975
16,7,14,6,4.414649841957726,5.103827176033519,0.6891773340757936,5.463441306957975
16,7,14,7,5.103827176033519,5.461323122959584,0.3574959469260648,5.463441306957975
16,7,14,8,5.461323122959584,5.465152031043544,0.003828908083960414,5.463441306957975
16,7,15,1,2.6759298479883,3.2406918019987643,0.5647619540104643,5.463441306957975
16,7,15,2,3.2406918019987643,3.7939430669648573,0.553251264966093,5.463441306957975
16,7,15,3,3.7939430669648573,4.413610663963482,0.6196675969986245,5.463441306957975
16,7,15,4,4.413610663963482,5.102817145991139,0.6892064820276573,5.463441306957975
16,7,15,5,5.102817145991139,5.460313174058683,0.3574960280675441,5.463441306957975
16,7,15,6,5.460313174058683,5.464347652043216,0.004034477984532714,5.463441306957975
16,8,0,1,4.080998090910725,4.724741152022034,0.6437430611113086,5.439333373913541
16,8,0,2,4.724741152022034,5.440060892957263,0.7153197409352288,5.439333373913541
16,8,1,1,1.2643328700214624,1.817733931937255,0.5534010619157925,5.439333373913541
16,8,1,2,1.817733931937255,2.386746333912015,0.56901240197476,5.439333373913541
16,8,1,3,2.386746333912015,2.9426325369859114,0.5558862030738965,5.439333373913541
16,8,1,4,2.9426325369859114,3.508321276982315,0.5656887399964035,5.439333373913541
16,8,1,5,3.508321276982315,4.081074065994471,0.5727527890121564,5.439333373913541
16,8,1,6,4.081074065994471,4.724800509982742,0.6437264439882711,5.439333373913541
16,8,1,7,4.724800509982742,5.440143988933414,0.7153434789506719,5.439333373913541
16,8,2,1,2.386222301982343,2.9416135899955407,0.5553912880131975,5.439333373913541
16,8,2,2,2.9416135899955407,3.5072266969364136,0.565613106940873,5.439333373913541
16,8,2,3,3.5072266969364136,4.0800874039996415,0.5728607070632279,5.439333373913541
16,8,2,4,4.0800874039996415,4.724256451940164,0.6441690479405224,5.439333373913541
16,8,2,5,4.724256451940164,5.437731778016314,0.7134753260761499,5.439333373913541
16,8,2,6,5.437731778016314,5.441085182013921,0.003353403997607529,5.439333373913541
16,8,3,1,0.6911268850089982,1.2639692659722641,0.5728423809632659,5.439333373913541
16,8,3,2,1.2639692659722641,1.8175308320205659,0.5535615660483018,5.439333373913541
16,8,3,3,1.8175308320205659,2.3865952249616385,0.5690643929410726,5.439333373913541
16,8,3,4,2.3865952249616385,2.9425001139752567,0.5559048890136182,5.439333373913541
16,8,3,5,2.9425001139752567,3.508198643918149,0.5656985299428925,5.439333373913541
16,8,3,6,3.508198643918149,4.080521758995019,0.5723231150768697,5.439333373913541
16,8,3,7,4.080521758995019,4.724561878014356,0.644040119019337,5.439333373913541
16,8,3,8,4.724561878014356,5.439888439956121,0.7153265619417652,5.439333373913541
16,8,4,1,1.817105644964613,2.3856648589717224,0.5685592140071094,5.439333373913541
16,8,4,2,2.3856648589717224,2.9414187020156533,0.5557538430439308,5.439333373913541
16,8,4,3,2.9414187020156533,3.5070511610247195,0.5656324590090662,5.439333373913541
16,8,4,4,3.5070511610247195,4.079866867978126,0.5728157069534063,5.439333373913541
16,8,4,5,4.079866867978126,4.724130078917369,0.6442632109392434,5.439333373913541
16,8,4,6,4.724130078917369,5.437601013923995,0.713470935006626,5.439333373913541
16,8,4,7,5.437601013923995,5.440967686008662,0.0033666720846667886,5.439333373913541
16,8,5,1,-0.4252852980280295,0.1423696679994464,0.5676549660274759,5.439333373913541
16,8,5,2,0.1423696679994464,0.6913273659301922,0.5489576979307458,5.439333373913541
16,8,5,3,0.6913273659301922,1.264401093008928,0.5730737270787358,5.439333373913541
16,8,5,4,1.264401093008928,1.8177958519663662,0.5533947589574382,5.439333373913541
16,8,5,5,1.8177958519663662,2.3868146860040724,0.5690188340377063,5.439333373913541
16,8,5,6,2.3868146860040724,2.942697489983402,0.5558828039793298,5.439333373913541
16,8,5,7,2.942697489983402,3.5083829279756173,0.5656854379922152,5.439333373913541
16,8,5,8,3.5083829279756173,4.081135779968463,0.5727528519928455,5.439333373913541
16,8,5,9,4.081135779968463,4.7248691390268505,0.6437333590583876,5.439333373913541
16,8,5,10,4.7248691390268505,5.4402286789845675,0.7153595399577171,5.439333373913541
16,8,6,1,0.6906689029419795,1.263396959984675,0.5727280570426956,5.439333373913541
16,8,6,2,1.263396959984675,1.8165766949532554,0.5531797349685803,5.439333373913541
16,8,6,3,1.8165766949532554,2.385456237010658,0.5688795420574024,5.439333373913541
16,8,6,4,2.385456237010658,2.9412681279936805,0.5558118909830227,5.439333373913541
16,8,6,5,2.9412681279936805,3.5069158129626885,0.565647684969008,5.439333373913541
16,8,6,6,3.5069158129626885,4.079706390970387,0.5727905780076981,5.439333373913541
16,8,6,7,4.079706390970387,4.723928757943213,0.6442223669728264,5.439333373913541
16,8,6,8,4.723928757943213,5.43738671799656,0.713457960053347,5.439333373913541
16,8,6,9,5.43738671799656,5.440854004002176,0.003467286005616188,5.439333373913541
16,8,7,1,2.942239220952615,3.5073593109846115,0.5651200900319964,5.439333373913541
16,8,7,2,3.5073593109846115,4.080172483925708,0.5728131729410961,5.439333373913541
16,8,7,3,4.080172483925708,4.724318436929025,0.6441459530033171,5.439333373913541
16,8,7,4,4.724318436929025,5.437796328915283,0.7134778919862583,5.439333373913541
16,8,7,5,5.437796328915283,5.441141142975539,0.003344814060255885,5.439333373913541
16,8,8,1,-0.4257567130262032,0.142232395010069,0.5679891080362722,5.439333373913541
16,8,8,2,0.142232395010069,0.6901224959874526,0.5478901009773836,5.439333373913541
16,8,8,3,0.6901224959874526,1.2631927049951628,0.5730702090077102,5.439333373913541
16,8,8,4,1.2631927049951628,1.8164258669130504,0.5532331619178876,5.439333373913541
16,8,8,5,1.8164258669130504,2.3853090360062197,0.5688831690931693,5.439333373913541
16,8,8,6,2.3853090360062197,2.9411873759236187,0.555878339917399,5.439333373913541
16,8,8,7,2.9411873759236187,3.5068383349571377,0.565650959033519,5.439333373913541
16,8,8,8,3.5068383349571377,4.079627592931502,0.5727892579743639,5.439333373913541
16,8,8,9,4.079627592931502,4.723852435941808,0.6442248430103064,5.439333373913541
16,8,8,10,4.723852435941808,5.4373183159623295,0.7134658800205216,5.439333373913541
16,8,8,11,5.4373183159623295,5.440788917941973,0.0034706019796431065,5.439333373913541
16,8,9,1,0.14203662192448974,0.6912498039891943,0.5492131820647046,5.439333373913541
16,8,9,2,0.6912498039891943,1.2640408279839903,0.572791023994796,5.439333373913541
16,8,9,3,1.2640408279839903,1.8176190319936723,0.5535782040096819,5.439333373913541
16,8,9,4,1.8176190319936723,2.3866808839375153,0.5690618519438431,5.439333373913541
16,8,9,5,2.3866808839375153,2.942569733946584,0.5558888500090688,5.439333373913541
16,8,9,6,2.942569733946584,3.508260131930001,0.5656903979834169,5.439333373913541
16,8,9,7,3.508260131930001,4.080582575988956,0.5723224440589547,5.439333373913541
16,8,9,8,4.080582575988956,4.724623964983039,0.6440413889940828,5.439333373913541
16,8,9,9,4.724623964983039,5.439977630972862,0.7153536659898236,5.439333373913541
16,8,10,1,2.386523735942319,2.9424117419403046,0.5558880059979856,5.439333373913541
16,8,10,2,2.9424117419403046,3.507827793015167,0.5654160510748625,5.439333373913541
16,8,10,3,3.507827793015167,4.08036225894466,0.5725344659294933,5.439333373913541
16,8,10,4,4.08036225894466,4.724442455917597,0.6440801969729364,5.439333373913541
16,8,10,5,4.724442455917597,5.437937075970694,0.7134946200530976,5.439333373913541
16,8,10,6,5.437937075970694,5.441256796009839,0.0033197200391441584,5.439333373913541
16,8,11,1,1.2637865479337052,1.8167142589809373,0.5529277110472322,5.439333373913541
16,8,11,2,1.8167142589809373,2.385533283930272,0.5688190249493346,5.439333373913541
16,8,11,3,2.385533283930272,2.941346572013572,0.5558132880833,5.439333373913541
16,8,11,4,2.941346572013572,3.506984847947024,0.565638275933452,5.439333373913541
16,8,11,5,3.506984847947024,4.079780688975006,0.5727958410279825,5.439333373913541
16,8,11,6,4.079780688975006,4.723999973968603,0.6442192849935964,5.439333373913541
16,8,11,7,4.723999973968603,5.437532649026252,0.7135326750576496,5.439333373913541
16,8,11,8,5.437532649026252,5.440910259960219,0.0033776109339669347,5.439333373913541
16,8,12,1,2.941024891915731,3.5066857809433714,0.5656608890276402,5.439333373913541
16,8,12,2,3.5066857809433714,4.079454867984168,0.5727690870407969,5.439333373913541
16,8,12,3,4.079454867984168,4.723679582006298,0.6442247140221298,5.439333373913541
16,8,12,4,4.723679582006298,5.437237491016276,0.7135579090099782,5.439333373913541
16,8,12,5,5.437237491016276,5.440720624988899,0.003483133972622454,5.439333373913541
16,8,13,1,3.507704388932325,4.08029016200453,0.5725857730722055,5.439333373913541
16,8,13,2,4.08029016200453,4.724381454987451,0.644091292982921,5.439333373913541
16,8,13,3,4.724381454987451,5.437867510947399,0.7134860559599474,5.439333373913541
16,8,13,4,5.437867510947399,5.441197735955939,0.0033302250085398555,5.439333373913541
16,8,14,1,1.8174533249111846,2.38578825595323,0.5683349310420454,5.439333373913541
16,8,14,2,2.38578825595323,2.9414934379747137,0.5557051820214838,5.439333373913541
16,8,14,3,2.9414934379747137,3.507159676984884,0.5656662390101701,5.439333373913541
16,8,14,4,3.507159676984884,4.0800191789167,0.5728595019318163,5.439333373913541
16,8,14,5,4.0800191789167,4.724195198970847,0.6441760200541466,5.439333373913541
16,8,14,6,4.724195198970847,5.437667678925209,0.7134724799543619,5.439333373913541
16,8,14,7,5.437667678925209,5.4410265509504825,0.0033588720252737403,5.439333373913541
16,8,15,1,3.508133966010064,4.080458816955797,0.5723248509457335,5.439333373913541
16,8,15,2,4.080458816955797,4.724501604912803,0.6440427879570052,5.439333373913541
16,8,15,3,4.724501604912803,5.4396837879903615,0.7151821830775589,5.439333373913541
16,9,0,1,-0.1473790380405262,0.4285569819621742,0.5759360200027004,5.451610576012172
16,9,0,2,0.4285569819621742,0.9858139409916475,0.5572569590294734,5.451610576012172
16,9,0,3,0.9858139409916475,1.545162633061409,0.5593486920697615,5.451610576012172
16,9,0,4,1.545162633061409,2.1091422310564667,0.5639795979950577,5.451610576012172
16,9,0,5,2.1091422310564667,2.665599719970487,0.5564574889140204,5.451610576012172
16,9,0,6,2.665599719970487,3.233900669030845,0.5683009490603581,5.451610576012172
16,9,0,7,3.233900669030845,3.7887759850127622,0.5548753159819171,5.451610576012172
16,9,0,8,3.7887759850127622,4.403199290973134,0.6144233059603721,5.451610576012172
16,9,0,9,4.403199290973134,5.094263085047714,0.6910637940745801,5.451610576012172
16,9,0,10,5.094263085047714,5.4519137820461765,0.3576506969984621,5.451610576012172
16,9,1,3,-0.147238185047172,0.4289372069761157,0.5761753920232877,5.451610576012172
16,9,1,4,0.4289372069761157,0.9847937549930066,0.5558565480168909,5.451610576012172
16,9,1,5,0.9847937549930066,1.5444194820011035,0.5596257270080969,5.451610576012172
16,9,1,6,1.5444194820011035,2.1076397510478273,0.5632202690467238,5.451610576012172
16,9,1,7,2.1076397510478273,2.6640197599772364,0.5563800089294091,5.451610576012172
16,9,1,8,2.6640197599772364,3.2326957180630416,0.5686759580858052,5.451610576012172
16,9,1,9,3.2326957180630416,3.787584224017337,0.5548885059542954,5.451610576012172
16,9,1,10,3.787584224017337,4.402285911957733,0.6147016879403964,5.451610576012172
16,9,1,11,4.402285911957733,5.093541378970258,0.6912554670125246,5.451610576012172
16,9,1,12,5.093541378970258,5.449552868958563,0.3560114899883047,5.451610576012172
16,9,1,13,5.449552868958563,5.452621642034501,0.003068773075938225,5.451610576012172
16,9,2,1,0.42836024204734713,0.9857519660145044,0.5573917239671573,5.451610576012172
16,9,2,2,0.9857519660145044,1.5451000779867172,0.5593481119722128,5.451610576012172
16,9,2,3,1.5451000779867172,2.1090732059674338,0.5639731279807165,5.451610576012172
16,9,2,4,2.1090732059674338,2.6655161069938913,0.5564429010264575,5.451610576012172
16,9,2,5,2.6655161069938913,3.233820499968715,0.5683043929748237,5.451610576012172
16,9,2,6,3.233820499968715,3.7887129669543356,0.5548924669856206,5.451610576012172
16,9,2,7,3.7887129669543356,4.403140311012976,0.6144273440586403,5.451610576012172
16,9,2,8,4.403140311012976,5.094208728987724,0.6910684179747477,5.451610576012172
16,9,2,9,5.094208728987724,5.450207127025351,0.35599839803762734,5.451610576012172
16,9,2,10,5.450207127025351,5.453217418049462,0.0030102910241112113,5.451610576012172
16,9,3,1,0.985193380038254,1.544566064956598,0.559372684918344,5.451610576012172
16,9,3,2,1.544566064956598,2.107742032967508,0.5631759680109099,5.451610576012172
16,9,3,3,2.107742032967508,2.664099475950934,0.5563574429834262,5.451610576012172
16,9,3,4,2.664099475950934,3.2327711529796943,0.5686716770287603,5.451610576012172
16,9,3,5,3.2327711529796943,3.787658008048311,0.5548868550686166,5.451610576012172
16,9,3,6,3.787658008048311,4.402415418997407,0.6147574109490961,5.451610576012172
16,9,3,7,4.402415418997407,5.093649275950156,0.6912338569527492,5.451610576012172
16,9,3,8,5.093649275950156,5.44961081200745,0.3559615360572934,5.451610576012172
16,9,3,9,5.44961081200745,5.452678553992882,0.0030677419854328036,5.451610576012172
16,9,4,1,0.4288561480352655,0.9853766170563176,0.5565204690210521,5.451610576012172
16,9,4,2,0.9853766170563176,1.544640404987149,0.5592637879308313,5.451610576012172
16,9,4,3,1.544640404987149,2.1083705259952694,0.5637301210081205,5.451610576012172
16,9,4,4,2.1083705259952694,2.6647948779864237,0.5564243519911543,5.451610576012172
16,9,4,5,2.6647948779864237,3.2334372609620914,0.5686423829756677,5.451610576012172
16,9,4,6,3.2334372609620914,3.787992703029886,0.5545554420677945,5.451610576012172
16,9,4,7,3.787992703029886,4.402695650001988,0.6147029469721019,5.451610576012172
16,9,4,8,4.402695650001988,5.093882996006869,0.691187346004881,5.451610576012172
16,9,4,9,5.093882996006869,5.449839120963588,0.3559561249567196,5.451610576012172
16,9,4,10,5.449839120963588,5.4528915269766,0.0030524060130119324,5.451610576012172
16,9,5,1,1.544257553992793,2.1074637570418417,0.5632062030490488,5.451610576012172
16,9,5,2,2.1074637570418417,2.6638419129885733,0.5563781559467316,5.451610576012172
16,9,5,3,2.6638419129885733,3.2325458200648427,0.5687039070762694,5.451610576012172
16,9,5,4,3.2325458200648427,3.7874499460449442,0.5549041259801015,5.451610576012172
16,9,5,5,3.7874499460449442,4.402191868051887,0.6147419220069423,5.451610576012172
16,9,5,6,4.402191868051887,5.093480854993686,0.6912889869417995,5.451610576012172
16,9,5,7,5.093480854993686,5.449495404958725,0.3560145499650389,5.451610576012172
16,9,5,8,5.449495404958725,5.45256522402633,0.00306981906760484,5.451610576012172
16,9,6,1,1.5449247159995139,2.1084722880041227,0.5635475720046088,5.451610576012172
16,9,6,2,2.1084722880041227,2.6648758460069075,0.5564035580027848,5.451610576012172
16,9,6,3,2.6648758460069075,3.2335028799716383,0.5686270339647308,5.451610576012172
16,9,6,4,3.2335028799716383,3.7880568739492446,0.5545539939776063,5.451610576012172
16,9,6,5,3.7880568739492446,4.402758134994656,0.6147012610454112,5.451610576012172
16,9,6,6,4.402758134994656,5.093938865000382,0.6911807300057262,5.451610576012172
16,9,6,7,5.093938865000382,5.449894521036185,0.35595565603580326,5.451610576012172
16,9,6,8,5.449894521036185,5.452946554985829,0.0030520339496433735,5.451610576012172
16,9,7,1,2.1088930079713464,2.6649889120599255,0.5560959040885791,5.451610576012172
16,9,7,2,2.6649889120599255,3.233575092977844,0.5685861809179187,5.451610576012172
16,9,7,3,3.233575092977844,3.7881168510066345,0.5545417580287904,5.451610576012172
16,9,7,4,3.7881168510066345,4.402817049995065,0.6147001989884302,5.451610576012172
16,9,7,5,4.402817049995065,5.093990450026467,0.6911734000314027,5.451610576012172
16,9,7,6,5.093990450026467,5.449947157059796,0.3559567070333287,5.451610576012172
16,9,7,7,5.449947157059796,5.453000330016948,0.0030531729571521282,5.451610576012172
16,9,8,1,2.10823424695991,2.6642312159528956,0.5559969689929858,5.451610576012172
16,9,8,2,2.6642312159528956,3.232840658049099,0.5686094420962036,5.451610576012172
16,9,8,3,3.232840658049099,3.787722627981566,0.5548819699324667,5.451610576012172
16,9,8,4,3.787722627981566,4.402500975062139,0.6147783470805734,5.451610576012172
16,9,8,5,4.402500975062139,5.093708176980726,0.6912072019185871,5.451610576012172
16,9,8,6,5.093708176980726,5.449667406035587,0.35595922905486077,5.451610576012172
16,9,8,7,5.449667406035587,5.452733095968142,0.0030656899325549603,5.451610576012172
16,9,9,1,2.6654209840344265,3.2337545830523595,0.568333599017933,5.451610576012172
16,9,9,2,3.2337545830523595,3.7886384460143745,0.554883862962015,5.451610576012172
16,9,9,3,3.7886384460143745,4.403070810018107,0.6144323640037328,5.451610576012172
16,9,9,4,4.403070810018107,5.094154809950851,0.6910839999327436,5.451610576012172
16,9,9,5,5.094154809950851,5.450154938036576,0.356000128085725,5.451610576012172
16,9,9,6,5.450154938036576,5.453163624973968,0.003008686937391758,5.451610576012172
16,9,10,1,0.9856638760538772,1.5450348349986598,0.5593709589447826,5.451610576012172
16,9,10,2,1.5450348349986598,2.108968754997477,0.5639339199988171,5.451610576012172
16,9,10,3,2.108968754997477,2.6650658389553428,0.5560970839578658,5.451610576012172
16,9,10,4,2.6650658389553428,3.233650346985087,0.568584508029744,5.451610576012172
16,9,10,5,3.233650346985087,3.7885737989563495,0.5549234519712627,5.451610576012172
16,9,10,6,3.7885737989563495,4.403012190014124,0.6144383910577744,5.451610576012172
16,9,10,7,4.403012190014124,5.094100884045474,0.6910886940313503,5.451610576012172
16,9,10,8,5.094100884045474,5.450101591995917,0.35600070795044303,5.451610576012172
16,9,10,9,5.450101591995917,5.453110389993526,0.003008797997608781,5.451610576012172
16,9,11,1,3.787159300991334,4.4019383470295,0.6147790460381657,5.451610576012172
16,9,11,2,4.4019383470295,5.093266646028496,0.6913282989989966,5.451610576012172
16,9,11,3,5.093266646028496,5.449322583968751,0.3560559379402548,5.451610576012172
16,9,11,4,5.449322583968751,5.452434676000848,0.00311209203209728,5.451610576012172
16,9,12,1,2.6647117770044133,3.232966491021216,0.5682547140168026,5.451610576012172
16,9,12,2,3.232966491021216,3.787799256038852,0.5548327650176361,5.451610576012172
16,9,12,3,3.787799256038852,4.402566664037295,0.6147674079984426,5.451610576012172
16,9,12,4,4.402566664037295,5.093768332968466,0.6912016689311713,5.451610576012172
16,9,12,5,5.093768332968466,5.449726146063767,0.3559578130953014,5.451610576012172
16,9,12,6,5.449726146063767,5.452784307999536,0.0030581619357690215,5.451610576012172
16,9,13,1,3.2333552789641544,3.7879225390497595,0.5545672600856051,5.451610576012172
16,9,13,2,3.7879225390497595,4.40263040701393,0.6147078679641709,5.451610576012172
16,9,13,3,4.40263040701393,5.09382757905405,0.6911971720401198,5.451610576012172
16,9,13,4,5.09382757905405,5.44978321401868,0.35595563496463,5.451610576012172
16,9,13,5,5.44978321401868,5.452838878962211,0.0030556649435311556,5.451610576012172
16,9,14,1,3.2323669920442626,3.7873698989860713,0.5550029069418088,5.451610576012172
16,9,14,2,3.7873698989860713,4.4021159099647775,0.6147460109787062,5.451610576012172
16,9,14,3,4.4021159099647775,5.093411950976588,0.6912960410118103,5.451610576012172
16,9,14,4,5.093411950976588,5.449432726949453,0.3560207759728655,5.451610576012172
16,9,14,5,5.449432726949453,5.452506660949439,0.0030739339999854565,5.451610576012172
16,9,15,1,3.7885037020314485,4.402929019997828,0.6144253179663792,5.451610576012172
16,9,15,2,4.402929019997828,5.0940470970235765,0.6911180770257488,5.451610576012172
16,9,15,3,5.0940470970235765,5.450045880046673,0.3559987830230966,5.451610576012172
16,9,15,4,5.450045880046673,5.453057834994979,0.0030119549483060837,5.451610576012172
32,0,0,1,6.9294736670563,7.496867067995481,0.5673934009391814,10.00138928706292
32,0,0,2,7.496867067995481,8.054351578000933,0.5574845100054517,10.00138928706292
32,0,0,3,8.054351578000933,8.6311262199888,0.5767746419878677,10.00138928706292
32,0,0,4,8.6311262199888,9.281747941975482,0.6506217219866812,10.00138928706292
32,0,0,5,9.281747941975482,10.003297109040432,0.7215491670649499,10.00138928706292
32,0,1,1,0.20507074997294694,0.7587521090172231,0.5536813590442762,10.00138928706292
32,0,1,2,0.7587521090172231,1.3284119290765375,0.5696598200593144,10.00138928706292
32,0,1,3,1.3284119290765375,1.880201529012993,0.5517895999364555,10.00138928706292
32,0,1,4,1.880201529012993,2.4481663909973577,0.5679648619843647,10.00138928706292
32,0,1,5,2.4481663909973577,3.003105066018179,0.5549386750208214,10.00138928706292
32,0,1,6,3.003105066018179,3.5628916589776054,0.5597865929594263,10.00138928706292
32,0,1,7,3.5628916589776054,4.124423657078296,0.5615319981006905,10.00138928706292
32,0,1,8,4.124423657078296,4.68367791606579,0.5592542589874938,10.00138928706292
32,0,1,9,4.68367791606579,5.247977658058517,0.5642997419927269,10.00138928706292
32,0,1,10,5.247977658058517,5.803812143043615,0.5558344849850982,10.00138928706292
32,0,1,11,5.803812143043615,6.370807097060606,0.566994954016991,10.00138928706292
32,0,1,12,6.370807097060606,6.929064347059466,0.5582572499988601,10.00138928706292
32,0,1,13,6.929064347059466,7.496335708070546,0.5672713610110804,10.00138928706292
32,0,1,14,7.496335708070546,8.053795144078322,0.5574594360077754,10.00138928706292
32,0,1,15,8.053795144078322,8.63082604703959,0.577030902961269,10.00138928706292
32,0,1,16,8.63082604703959,9.281360271037556,0.6505342239979655,10.00138928706292
32,0,1,17,9.281360271037556,10.002908013062552,0.7215477420249954,10.00138928706292
32,0,2,2,-0.366565843927674,0.20537213305942714,0.5719379769871011,10.00138928706292
32,0,2,3,0.20537213305942714,0.7586230210727081,0.5532508880132809,10.00138928706292
32,0,2,4,0.7586230210727081,1.3283291580155492,0.5697061369428411,10.00138928706292
32,0,2,5,1.3283291580155492,1.8794004410738125,0.5510712830582634,10.00138928706292
32,0,2,6,1.8794004410738125,2.44689748599194,0.5674970449181274,10.00138928706292
32,0,2,7,2.44689748599194,3.00255840504542,0.55566091905348,10.00138928706292
32,0,2,8,3.00255840504542,3.56237455108203,0.55981614603661,10.00138928706292
32,0,2,9,3.56237455108203,4.123616154072806,0.5612416029907763,10.00138928706292
32,0,2,10,4.123616154072806,4.682447604020126,0.5588314499473199,10.00138928706292
32,0,2,11,4.682447604020126,5.245817082002759,0.5633694779826328,10.00138928706292
32,0,2,12,5.245817082002759,5.8019022200023755,0.5560851379996166,10.00138928706292
32,0,2,13,5.8019022200023755,6.3687403639778495,0.5668381439754739,10.00138928706292
32,0,2,14,6.3687403639778495,6.927237240015529,0.5584968760376796,10.00138928706292
32,0,2,15,6.927237240015529,7.494274946977384,0.5670377069618553,10.00138928706292
32,0,2,16,7.494274946977384,8.051788843004033,0.5575138960266486,10.00138928706292
32,0,2,17,8.051788843004033,8.62823962199036,0.5764507789863274,10.00138928706292
32,0,2,18,8.62823962199036,9.279527037986554,0.6512874159961939,10.00138928706292
32,0,2,19,9.279527037986554,9.999904044088908,0.7203770061023533,10.00138928706292
32,0,2,20,9.999904044088908,10.00394204899203,0.004038004903122783,10.00138928706292
32,0,3,1,-0.3668068089755252,0.20528542203828692,0.5720922310138121,10.00138928706292
32,0,3,2,0.20528542203828692,0.7588360330555588,0.5535506110172719,10.00138928706292
32,0,3,3,0.7588360330555588,1.3284850380150601,0.5696490049595013,10.00138928706292
32,0,3,4,1.3284850380150601,1.8802705310517922,0.5517854930367321,10.00138928706292
32,0,3,5,1.8802705310517922,2.448261760058813,0.5679912290070206,10.00138928706292
32,0,3,6,2.448261760058813,3.0031736840028316,0.5549119239440188,10.00138928706292
32,0,3,7,3.0031736840028316,3.562964717973955,0.5597910339711234,10.00138928706292
32,0,3,8,3.562964717973955,4.124493433046155,0.5615287150721997,10.00138928706292
32,0,3,9,4.124493433046155,4.682650845032185,0.5581574119860306,10.00138928706292
32,0,3,10,4.682650845032185,5.2470479069743305,0.5643970619421452,10.00138928706292
32,0,3,11,5.2470479069743305,5.802283682976849,0.5552357760025188,10.00138928706292
32,0,3,12,5.802283682976849,6.369135025073774,0.5668513420969248,10.00138928706292
32,0,3,13,6.369135025073774,6.927588943974115,0.5584539189003408,10.00138928706292
32,0,3,14,6.927588943974115,7.494614223018289,0.5670252790441737,10.00138928706292
32,0,3,15,7.494614223018289,8.05219828907866,0.5575840660603717,10.00138928706292
32,0,3,16,8.05219828907866,8.62863253802061,0.5764342489419505,10.00138928706292
32,0,3,17,8.62863253802061,9.279863046016544,0.6512305079959333,10.00138928706292
32,0,3,18,9.279863046016544,10.001652784994803,0.7217897389782593,10.00138928706292
32,0,4,1,1.3288630300667137,1.8803747850470245,0.5515117549803108,10.00138928706292
32,0,4,2,1.8803747850470245,2.448332912987098,0.5679581279400736,10.00138928706292
32,0,4,3,2.448332912987098,3.0032399949850515,0.5549070819979534,10.00138928706292
32,0,4,4,3.0032399949850515,3.5635518240742385,0.5603118290891871,10.00138928706292
32,0,4,5,3.5635518240742385,4.12467974005267,0.5611279159784317,10.00138928706292
32,0,4,6,4.12467974005267,4.684792248997837,0.5601125089451671,10.00138928706292
32,0,4,7,4.684792248997837,5.248310344060883,0.5635180950630456,10.00138928706292
32,0,4,8,5.248310344060883,5.80404667800758,0.5557363339466974,10.00138928706292
32,0,4,9,5.80404667800758,6.371528388001025,0.5674817099934444,10.00138928706292
32,0,4,10,6.371528388001025,6.929729382973164,0.5582009949721396,10.00138928706292
32,0,4,11,6.929729382973164,7.497046606033109,0.5673172230599448,10.00138928706292
32,0,4,12,7.497046606033109,8.054525315994397,0.5574787099612877,10.00138928706292
32,0,4,13,8.054525315994397,8.63128955301363,0.5767642370192334,10.00138928706292
32,0,4,14,8.63128955301363,9.281948448042385,0.6506588950287551,10.00138928706292
32,0,4,15,9.281948448042385,10.003519925987348,0.7215714779449627,10.00138928706292
32,0,5,1,0.7584230430657044,1.3281650430290028,0.5697419999632984,10.00138928706292
32,0,5,2,1.3281650430290028,1.879232877981849,0.5510678349528462,10.00138928706292
32,0,5,3,1.879232877981849,2.4466812079772353,0.5674483299953863,10.00138928706292
32,0,5,4,2.4466812079772353,3.00235542608425,0.5556742181070149,10.00138928706292
32,0,5,5,3.00235542608425,3.5621440360555425,0.5597886099712923,10.00138928706292
32,0,5,6,3.5621440360555425,4.123534013982862,0.5613899779273197,10.00138928706292
32,0,5,7,4.123534013982862,4.683446055976674,0.5599120419938117,10.00138928706292
32,0,5,8,4.683446055976674,5.247761463047937,0.5643154070712626,10.00138928706292
32,0,5,9,5.247761463047937,5.8033064709743485,0.5555450079264119,10.00138928706292
32,0,5,10,5.8033064709743485,6.370453772018664,0.5671473010443151,10.00138928706292
32,0,5,11,6.370453772018664,6.928817572072148,0.5583638000534847,10.00138928706292
32,0,5,12,6.928817572072148,7.496024557040073,0.5672069849679247,10.00138928706292
32,0,5,13,7.496024557040073,8.053492468083277,0.5574679110432044,10.00138928706292
32,0,5,14,8.053492468083277,8.630543441977352,0.5770509738940746,10.00138928706292
32,0,5,15,8.630543441977352,9.281102003064007,0.6505585610866547,10.00138928706292
32,0,5,16,9.281102003064007,10.002670340007171,0.7215683369431645,10.00138928706292
32,0,6,1,1.329214552999474,1.880466339061968,0.5512517860624939,10.00138928706292
32,0,6,2,1.880466339061968,2.4484048309968784,0.5679384919349104,10.00138928706292
32,0,6,3,2.4484048309968784,3.003307302016765,0.5549024710198864,10.00138928706292
32,0,6,4,3.003307302016765,3.563623549998738,0.560316247981973,10.00138928706292
32,0,6,5,3.563623549998738,4.1247583500808105,0.5611348000820726,10.00138928706292
32,0,6,6,4.1247583500808105,4.6832413310185075,0.558482980937697,10.00138928706292
32,0,6,7,4.6832413310185075,5.247511646011844,0.5642703149933368,10.00138928706292
32,0,6,8,5.247511646011844,5.803123678080738,0.5556120320688933,10.00138928706292
32,0,6,9,5.803123678080738,6.370257370057516,0.5671336919767782,10.00138928706292
32,0,6,10,6.370257370057516,6.928619896993041,0.5583625269355252,10.00138928706292
32,0,6,11,6.928619896993041,7.495832604006864,0.5672127070138231,10.00138928706292
32,0,6,12,7.495832604006864,8.05296638107393,0.5571337770670652,10.00138928706292
32,0,6,13,8.05296638107393,8.630297898082063,0.5773315170081332,10.00138928706292
32,0,6,14,8.630297898082063,9.280829065013677,0.6505311669316143,10.00138928706292
32,0,6,15,9.280829065013677,10.002441397984512,0.7216123329708353,10.00138928706292
32,0,7,1,1.8797853600699455,2.447032051975839,0.5672466919058934,10.00138928706292
32,0,7,2,2.447032051975839,3.002642494975589,0.5556104429997504,10.00138928706292
32,0,7,3,3.002642494975589,3.562469643075019,0.5598271480994299,10.00138928706292
32,0,7,4,3.562469643075019,4.1237724859965965,0.5613028429215774,10.00138928706292
32,0,7,5,4.1237724859965965,4.6831029780441895,0.559330492047593,10.00138928706292
32,0,7,6,4.6831029780441895,5.247361949062906,0.5642589710187167,10.00138928706292
32,0,7,7,5.247361949062906,5.802993178018369,0.5556312289554626,10.00138928706292
32,0,7,8,5.802993178018369,6.369662448065355,0.5666692700469866,10.00138928706292
32,0,7,9,6.369662448065355,6.9280382570577785,0.5583758089924231,10.00138928706292
32,0,7,10,6.9280382570577785,7.495086399023421,0.5670481419656426,10.00138928706292
32,0,7,11,7.495086399023421,8.05261611402966,0.5575297150062397,10.00138928706292
32,0,7,12,8.05261611402966,8.629647013032809,0.5770308990031481,10.00138928706292
32,0,7,13,8.629647013032809,9.28037892607972,0.6507319130469114,10.00138928706292
32,0,7,14,9.28037892607972,10.002083793049678,0.721704866969958,10.00138928706292
32,0,8,1,3.00367513904348,3.5637473620008677,0.5600722229573876,10.00138928706292
32,0,8,2,3.5637473620008677,4.1248215910745785,0.5610742290737107,10.00138928706292
32,0,8,3,4.1248215910745785,4.683312984998338,0.5584913939237595,10.00138928706292
32,0,8,4,4.683312984998338,5.247611921047792,0.5642989360494539,10.00138928706292
32,0,8,5,5.247611921047792,5.8031866300152615,0.5555747089674696,10.00138928706292
32,0,8,6,5.8031866300152615,6.370323701063171,0.5671370710479096,10.00138928706292
32,0,8,7,6.370323701063171,6.928683305042796,0.5583596039796248,10.00138928706292
32,0,8,8,6.928683305042796,7.495897067012265,0.5672137619694695,10.00138928706292
32,0,8,9,7.495897067012265,8.053030856070109,0.5571337890578434,10.00138928706292
32,0,8,10,8.053030856070109,8.630355671048164,0.5773248149780557,10.00138928706292
32,0,8,11,8.630355671048164,9.280897326068953,0.6505416550207883,10.00138928706292
32,0,8,12,9.280897326068953,10.002501656999812,0.7216043309308589,10.00138928706292
32,0,9,1,1.880125020048581,2.447684859042056,0.5675598389934748,10.00138928706292
32,0,9,2,2.447684859042056,3.0028480109758675,0.5551631519338116,10.00138928706292
32,0,9,3,3.0028480109758675,3.562647468992509,0.5597994580166414,10.00138928706292
32,0,9,4,3.562647468992509,4.123913511051796,0.5612660420592874,10.00138928706292
32,0,9,5,4.123913511051796,4.683578917989507,0.5596654069377109,10.00138928706292
32,0,9,6,4.683578917989507,5.2478959480067715,0.5643170300172642,10.00138928706292
32,0,9,7,5.2478959480067715,5.803425319027156,0.5555293710203841,10.00138928706292
32,0,9,8,5.803425319027156,6.370608083088882,0.5671827640617266,10.00138928706292
32,0,9,9,6.370608083088882,6.9289424089947715,0.5583343259058893,10.00138928706292
32,0,9,10,6.9289424089947715,7.496211018064059,0.5672686090692878,10.00138928706292
32,0,9,11,7.496211018064059,8.053610256058164,0.5573992379941046,10.00138928706292
32,0,9,12,8.053610256058164,8.630649877013639,0.5770396209554747,10.00138928706292
32,0,9,13,8.630649877013639,9.281221759039909,0.65057188202627,10.00138928706292
32,0,9,14,9.281221759039909,10.00279571604915,0.721573957009241,10.00138928706292
32,0,10,1,8.053425512975082,8.630488399998285,0.5770628870232031,10.00138928706292
32,0,10,2,8.630488399998285,9.281039447057992,0.6505510470597073,10.00138928706292
32,0,10,3,9.281039447057992,10.002614169032313,0.7215747219743207,10.00138928706292
32,0,11,1,2.447516050073318,3.0027725310064852,0.555256480933167,10.00138928706292
32,0,11,2,3.0027725310064852,3.5625500790774822,0.559777548070997,10.00138928706292
32,0,11,3,3.5625500790774822,4.123846248025075,0.5612961689475924,10.00138928706292
32,0,11,4,4.123846248025075,4.68351345800329,0.5596672099782154,10.00138928706292
32,0,11,5,4.68351345800329,5.247829945990816,0.5643164879875258,10.00138928706292
32,0,11,6,5.247829945990816,5.803366244072095,0.5555362980812788,10.00138928706292
32,0,11,7,5.803366244072095,6.370542849064805,0.56717660499271,10.00138928706292
32,0,11,8,6.370542849064805,6.928879837039858,0.5583369879750535,10.00138928706292
32,0,11,9,6.928879837039858,7.49608655506745,0.5672067180275917,10.00138928706292
32,0,11,10,7.49608655506745,8.053551101009361,0.5574645459419116,10.00138928706292
32,0,11,11,8.053551101009361,8.630596522009,0.5770454209996387,10.00138928706292
32,0,11,12,8.630596522009,9.281162332976237,0.6505658109672368,10.00138928706292
32,0,11,13,9.281162332976237,10.002732374006882,0.7215700410306454,10.00138928706292
32,0,12,1,0.7592588369734585,1.329335755086504,0.5700769181130454,10.00138928706292
32,0,12,2,1.329335755086504,1.88053187308833,0.5511961180018261,10.00138928706292
32,0,12,3,1.88053187308833,2.448497078032233,0.5679652049439028,10.00138928706292
32,0,12,4,2.448497078032233,3.004048998001963,0.5555519199697301,10.00138928706292
32,0,12,5,3.004048998001963,3.564342675032094,0.5602936770301312,10.00138928706292
32,0,12,6,3.564342675032094,4.1250497800065205,0.5607071049744263,10.00138928706292
32,0,12,7,4.1250497800065205,4.683020957978442,0.5579711779719219,10.00138928706292
32,0,12,8,4.683020957978442,5.2472877480322495,0.5642667900538072,10.00138928706292
32,0,12,9,5.2472877480322495,5.802557196002454,0.555269447970204,10.00138928706292
32,0,12,10,5.802557196002454,6.369472402031533,0.5669152060290799,10.00138928706292
32,0,12,11,6.369472402031533,6.92790217907168,0.5584297770401463,10.00138928706292
32,0,12,12,6.92790217907168,7.494933555019088,0.5670313759474084,10.00138928706292
32,0,12,13,7.494933555019088,8.052490358008072,0.5575568029889837,10.00138928706292
32,0,12,14,8.052490358008072,8.62951195903588,0.5770216010278091,10.00138928706292
32,0,12,15,8.62951195903588,9.280211186036468,0.6506992270005867,10.00138928706292
32,0,12,16,9.280211186036468,10.001957450062037,0.721746264025569,10.00138928706292
32,0,13,1,2.4480855950387195,3.0030323449755087,0.5549467499367893,10.00138928706292
32,0,13,2,3.0030323449755087,3.5628042679745704,0.5597719229990616,10.00138928706292
32,0,13,3,3.5628042679745704,4.1239800460170954,0.561175778042525,10.00138928706292
32,0,13,4,4.1239800460170954,4.68317380908411,0.5591937630670145,10.00138928706292
32,0,13,5,4.68317380908411,5.247433752985671,0.5642599439015612,10.00138928706292
32,0,13,6,5.247433752985671,5.803059336030856,0.5556255830451846,10.00138928706292
32,0,13,7,5.803059336030856,6.369757754029706,0.5666984179988503,10.00138928706292
32,0,13,8,6.369757754029706,6.928101207013242,0.5583434529835358,10.00138928706292
32,0,13,9,6.928101207013242,7.4951623160159215,0.5670611090026796,10.00138928706292
32,0,13,10,7.4951623160159215,8.052677165018395,0.5575148490024731,10.00138928706292
32,0,13,11,8.052677165018395,8.62971197697334,0.5770348119549453,10.00138928706292
32,0,13,12,8.62971197697334,9.280445676995441,0.6507337000221014,10.00138928706292
32,0,13,13,9.280445676995441,10.00214414508082,0.7216984680853784,10.00138928706292
32,0,14,1,5.246407018974423,5.802109707030468,0.5557026880560443,10.00138928706292
32,0,14,2,5.802109707030468,6.368955146986991,0.5668454399565235,10.00138928706292
32,0,14,3,6.368955146986991,6.927440025028773,0.5584848780417815,10.00138928706292
32,0,14,4,6.927440025028773,7.494455483974889,0.5670154589461163,10.00138928706292
32,0,14,5,7.494455483974889,8.052019495051354,0.5575640110764652,10.00138928706292
32,0,14,6,8.052019495051354,8.628459544037469,0.5764400489861146,10.00138928706292
32,0,14,7,8.628459544037469,9.279711507027969,0.6512519629905,10.00138928706292
32,0,14,8,9.279711507027969,10.001517127035186,0.7218056200072169,10.00138928706292
32,0,15,1,3.5634560440666974,4.124617235036567,0.5611611909698695,10.00138928706292
32,0,15,2,4.124617235036567,4.682743786019273,0.5581265509827062,10.00138928706292
32,0,15,3,4.682743786019273,5.247125019086525,0.5643812330672517,10.00138928706292
32,0,15,4,5.247125019086525,5.802425006986596,0.5552999879000708,10.00138928706292
32,0,15,5,5.802425006986596,6.369208300020546,0.56678329303395,10.00138928706292
32,0,15,6,6.369208300020546,6.9276558220153674,0.5584475219948217,10.00138928706292
32,0,15,7,6.9276558220153674,7.494681839016266,0.5670260170008987,10.00138928706292
32,0,15,8,7.494681839016266,8.052265829057433,0.5575839900411665,10.00138928706292
32,0,15,9,8.052265829057433,8.628706964082085,0.5764411350246519,10.00138928706292
32,0,15,10,8.628706964082085,9.2800725690322,0.6513656049501151,10.00138928706292
32,0,15,11,9.2800725690322,10.001727996044792,0.7216554270125926,10.00138928706292
32,0,16,1,3.5641472979914397,4.124926001997665,0.5607787040062249,10.00138928706292
32,0,16,2,4.124926001997665,4.6833788270596415,0.5584528250619769,10.00138928706292
32,0,16,3,4.6833788270596415,5.24767965497449,0.5643008279148489,10.00138928706292
32,0,16,4,5.24767965497449,5.803245943039656,0.5555662880651653,10.00138928706292
32,0,16,5,5.803245943039656,6.370388381998055,0.567142438958399,10.00138928706292
32,0,16,6,6.370388381998055,6.92875483201351,0.5583664500154555,10.00138928706292
32,0,16,7,6.92875483201351,7.495959575055167,0.5672047430416569,10.00138928706292
32,0,16,8,7.495959575055167,8.05308874801267,0.5571291729575023,10.00138928706292
32,0,16,9,8.05308874801267,8.630411842023022,0.5773230940103531,10.00138928706292
32,0,16,10,8.630411842023022,9.28095782699529,0.6505459849722683,10.00138928706292
32,0,16,11,9.28095782699529,10.002556167077273,0.7215983400819823,10.00138928706292
32,0,17,1,4.123367947060615,4.684898514999077,0.5615305679384619,10.00138928706292
32,0,17,2,4.684898514999077,5.248394189053215,0.5634956740541384,10.00138928706292
32,0,17,3,5.248394189053215,5.8041043049888685,0.5557101159356534,10.00138928706292
32,0,17,4,5.8041043049888685,6.371596874087118,0.5674925690982491,10.00138928706292
32,0,17,5,6.371596874087118,6.929789089015685,0.5581922149285674,10.00138928706292
32,0,17,6,6.929789089015685,7.4971065960126,0.5673175069969147,10.00138928706292
32,0,17,7,7.4971065960126,8.054580840049312,0.5574742440367118,10.00138928706292
32,0,17,8,8.054580840049312,8.631341824075207,0.5767609840258956,10.00138928706292
32,0,17,9,8.631341824075207,9.282006990048103,0.6506651659728959,10.00138928706292
32,0,17,10,9.282006990048103,10.003595333080739,0.7215883430326357,10.00138928706292
32,0,18,1,3.0039791360031813,3.5642715280409902,0.5602923920378089,10.00138928706292
32,0,18,2,3.5642715280409902,4.1249887039884925,0.5607171759475023,10.00138928706292
32,0,18,3,4.1249887039884925,4.682837044005282,0.5578483400167897,10.00138928706292
32,0,18,4,4.682837044005282,5.247216872987337,0.5643798289820552,10.00138928706292
32,0,18,5,5.247216872987337,5.80249177897349,0.5552749059861526,10.00138928706292
32,0,18,6,5.80249177897349,6.369400111027062,0.5669083320535719,10.00138928706292
32,0,18,7,6.369400111027062,6.927730340976268,0.5583302299492061,10.00138928706292
32,0,18,8,6.927730340976268,7.494851888041012,0.5671215470647439,10.00138928706292
32,0,18,9,7.494851888041012,8.052423046086915,0.5575711580459028,10.00138928706292
32,0,18,10,8.052423046086915,8.628856002003886,0.576432955916971,10.00138928706292
32,0,18,11,8.628856002003886,9.280143017065711,0.6512870150618255,10.00138928706292
32,0,18,12,9.280143017065711,10.001790425973013,0.7216474089073017,10.00138928706292
32,0,19,1,7.496634386014193,8.05388138606213,0.557247000047937,10.00138928706292
32,0,19,2,8.05388138606213,8.630881114979275,0.5769997289171442,10.00138928706292
32,0,19,3,8.630881114979275,9.281470654997975,0.6505895400187001,10.00138928706292
32,0,19,4,9.281470654997975,10.002964309067465,0.7214936540694907,10.00138928706292
32,0,20,1,4.6841624970547855,5.2480789499823,0.5639164529275149,10.00138928706292
32,0,20,2,5.2480789499823,5.80387112707831,0.5557921770960093,10.00138928706292
32,0,20,3,5.80387112707831,6.370873184991069,0.5670020579127595,10.00138928706292
32,0,20,4,6.370873184991069,6.929125893046148,0.558252708055079,10.00138928706292
32,0,20,5,6.929125893046148,7.496711855055764,0.5675859620096162,10.00138928706292
32,0,20,6,7.496711855055764,8.053941440070048,0.5572295850142837,10.00138928706292
32,0,20,7,8.053941440070048,8.630935100023635,0.5769936599535868,10.00138928706292
32,0,20,8,8.630935100023635,9.281534423003905,0.6505993229802698,10.00138928706292
32,0,20,9,9.281534423003905,10.003025880083442,0.7214914570795372,10.00138928706292
32,0,21,1,6.928451830986887,7.495684602065012,0.5672327710781246,10.00138928706292
32,0,21,2,7.495684602065012,8.052842690027319,0.557158087962307,10.00138928706292
32,0,21,3,8.052842690027319,8.62982741300948,0.5769847229821607,10.00138928706292
32,0,21,4,8.62982741300948,9.280594221083447,0.6507668080739677,10.00138928706292
32,0,21,5,9.280594221083447,10.002263900008984,0.7216696789255366,10.00138928706292
32,0,22,1,5.80374711798504,6.3707065710332245,0.5669594530481845,10.00138928706292
32,0,22,2,6.3707065710332245,6.929003150085919,0.5582965790526941,10.00138928706292
32,0,22,3,6.929003150085919,7.496274391072802,0.5672712409868836,10.00138928706292
32,0,22,4,7.496274391072802,8.053669871995226,0.5573954809224233,10.00138928706292
32,0,22,5,8.053669871995226,8.630770370014943,0.5771004980197176,10.00138928706292
32,0,22,6,8.630770370014943,9.281297599081881,0.6505272290669382,10.00138928706292
32,0,22,7,9.281297599081881,10.002852921024896,0.7215553219430149,10.00138928706292
32,0,23,1,5.802919425070286,6.369594619027339,0.5666751939570531,10.00138928706292
32,0,23,2,6.369594619027339,6.9279690199764445,0.5583744009491056,10.00138928706292
32,0,23,3,6.9279690199764445,7.495005288044922,0.5670362680684775,10.00138928706292
32,0,23,4,7.495005288044922,8.052554911002517,0.5575496229575947,10.00138928706292
32,0,23,5,8.052554911002517,8.629583848989569,0.5770289379870519,10.00138928706292
32,0,23,6,8.629583848989569,9.28031005198136,0.6507262029917911,10.00138928706292
32,0,23,7,9.28031005198136,10.00202326499857,0.7217132130172104,10.00138928706292
32,0,24,1,6.37017829506658,6.928555614082143,0.5583773190155625,10.00138928706292
32,0,24,2,6.928555614082143,7.495766554027796,0.5672109399456531,10.00138928706292
32,0,24,3,7.495766554027796,8.052905283053406,0.5571387290256098,10.00138928706292
32,0,24,4,8.052905283053406,8.630238453974016,0.5773331709206104,10.00138928706292
32,0,24,5,8.630238453974016,9.280767115065828,0.650528661091812,10.00138928706292
32,0,24,6,9.280767115065828,10.002381924074143,0.7216148090083152,10.00138928706292
32,0,25,1,4.1243016520747915,4.684684843989089,0.5603831919142976,10.00138928706292
32,0,25,2,4.684684843989089,5.24824222701136,0.5635573830222711,10.00138928706292
32,0,25,3,5.24824222701136,5.803987630060874,0.5557454030495137,10.00138928706292
32,0,25,4,5.803987630060874,6.370999415987171,0.5670117859262973,10.00138928706292
32,0,25,5,6.370999415987171,6.929562908015214,0.5585634920280427,10.00138928706292
32,0,25,6,6.929562908015214,7.496927482075989,0.5673645740607753,10.00138928706292
32,0,25,7,7.496927482075989,8.054408265976235,0.557480783900246,10.00138928706292
32,0,25,8,8.054408265976235,8.631181069999002,0.5767728040227666,10.00138928706292
32,0,25,9,8.631181069999002,9.281830484978855,0.6506494149798527,10.00138928706292
32,0,25,10,9.281830484978855,10.003371007042006,0.721540522063151,10.00138928706292
32,0,26,1,8.630171703058295,9.280691265012138,0.6505195619538426,10.00138928706292
32,0,26,2,9.280691265012138,10.002323299064301,0.7216320340521634,10.00138928706292
32,0,27,1,6.371437548077665,6.929656187072396,0.558218638994731,10.00138928706292
32,0,27,2,6.929656187072396,7.496986789046787,0.5673306019743904,10.00138928706292
32,0,27,3,7.496986789046787,8.054465864086524,0.5574790750397369,10.00138928706292
32,0,27,4,8.054465864086524,8.631235902081244,0.57677003799472,10.00138928706292
32,0,27,5,8.631235902081244,9.28188908600714,0.6506531839258969,10.00138928706292
32,0,27,6,9.28188908600714,10.003445349051617,0.7215562630444765,10.00138928706292
32,0,28,1,7.495581099996343,8.05278286000248,0.5572017600061372,10.00138928706292
32,0,28,2,8.05278286000248,8.629770254017785,0.5769873940153047,10.00138928706292
32,0,28,3,8.629770254017785,9.280512058991008,0.6507418049732223,10.00138928706292
32,0,28,4,9.280512058991008,10.002202757052146,0.7216906980611384,10.00138928706292
32,0,29,1,4.6845589759759605,5.2481758979847655,0.563616922008805,10.00138928706292
32,0,29,2,5.2481758979847655,5.803929254063405,0.5557533560786396,10.00138928706292
32,0,29,3,5.803929254063405,6.370936635066755,0.56700738100335,10.00138928706292
32,0,29,4,6.370936635066755,6.929186620051041,0.5582499849842861,10.00138928706292
32,0,29,5,6.929186620051041,7.49677504808642,0.5675884280353785,10.00138928706292
32,0,29,6,7.49677504808642,8.053999735042453,0.5572246869560331,10.00138928706292
32,0,29,7,8.053999735042453,8.630999005981721,0.5769992709392682,10.00138928706292
32,0,29,8,8.630999005981721,9.281611570040695,0.6506125640589744,10.00138928706292
32,0,29,9,9.281611570040695,10.003084530006163,0.7214729599654675,10.00138928706292
32,0,30,1,5.246834277058952,5.802216064999811,0.5553817879408598,10.00138928706292
32,0,30,2,5.802216064999811,6.369041208992712,0.5668251439929008,10.00138928706292
32,0,30,3,6.369041208992712,6.927520186058246,0.5584789770655334,10.00138928706292
32,0,30,4,6.927520186058246,7.4945424100151286,0.567022223956883,10.00138928706292
32,0,30,5,7.4945424100151286,8.052121596061625,0.557579186046496,10.00138928706292
32,0,30,6,8.052121596061625,8.628560111043043,0.5764385149814188,10.00138928706292
32,0,30,7,8.628560111043043,9.279790993081406,0.6512308820383623,10.00138928706292
32,0,30,8,9.279790993081406,10.001588694984093,0.7217977019026875,10.00138928706292
32,0,31,1,8.054289847030304,8.631073388038203,0.5767835410078987,10.00138928706292
32,0,31,2,8.631073388038203,9.281682005035691,0.6506086169974878,10.00138928706292
32,0,31,3,9.281682005035691,10.003217573044822,0.7215355680091307,10.00138928706292
32,1,0,1,3.276491452008486,3.831830527051352,0.5553390750428662,10.015689568012021
32,1,0,2,3.831830527051352,4.397127061034553,0.5652965339832008,10.015689568012021
32,1,0,3,4.397127061034553,4.9566877310862765,0.5595606700517237,10.015689568012021
32,1,0,4,4.9566877310862765,5.520832682028413,0.5641449509421363,10.015689568012021
32,1,0,5,5.520832682028413,6.079862031037919,0.5590293490095064,10.015689568012021
32,1,0,6,6.079862031037919,6.639206929015927,0.5593448979780078,10.015689568012021
32,1,0,7,6.639206929015927,7.207441141013987,0.5682342119980603,10.015689568012021
32,1,0,8,7.207441141013987,7.7662794860079885,0.5588383449940011,10.015689568012021
32,1,0,9,7.7662794860079885,8.331239378079772,0.5649598920717835,10.015689568012021
32,1,0,10,8.331239378079772,8.93595788802486,0.6047185099450871,10.015689568012021
32,1,0,11,8.93595788802486,9.627130350098014,0.6911724620731547,10.015689568012021
32,1,0,12,9.627130350098014,10.013559234095737,0.38642888399772346,10.015689568012021
32,1,0,13,10.013559234095737,10.018415723112412,0.004856489016674459,10.015689568012021
32,1,1,1,4.3975943280383945,4.9551927510183305,0.557598422979936,10.015689568012021
32,1,1,2,4.9551927510183305,5.518927444005385,0.5637346929870546,10.015689568012021
32,1,1,3,5.518927444005385,6.078235823079012,0.5593083790736273,10.015689568012021
32,1,1,4,6.078235823079012,6.637537452043034,0.5593016289640218,10.015689568012021
32,1,1,5,6.637537452043034,7.206098672002554,0.5685612199595198,10.015689568012021
32,1,1,6,7.206098672002554,7.765023000072688,0.5589243280701339,10.015689568012021
32,1,1,7,7.765023000072688,8.329561188002117,0.5645381879294291,10.015689568012021
32,1,1,8,8.329561188002117,8.934606065042317,0.6050448770401999,10.015689568012021
32,1,1,9,8.934606065042317,9.625771083054133,0.6911650180118158,10.015689568012021
32,1,1,10,9.625771083054133,10.012153281015344,0.3863821979612112,10.015689568012021
32,1,1,11,10.012153281015344,10.017175729037262,0.005022448021918535,10.015689568012021
32,1,2,1,5.5206556300399825,6.079300026060082,0.5586443960200995,10.015689568012021
32,1,2,2,6.079300026060082,6.638726374018006,0.559426347957924,10.015689568012021
32,1,2,3,6.638726374018006,7.207146930042654,0.5684205560246482,10.015689568012021
32,1,2,4,7.207146930042654,7.765995534020476,0.5588486039778218,10.015689568012021
32,1,2,5,7.765995534020476,8.330966527108103,0.564970993087627,10.015689568012021
32,1,2,6,8.330966527108103,8.935721993097104,0.6047554659890011,10.015689568012021
32,1,2,7,8.935721993097104,9.626889087026939,0.6911670939298347,10.015689568012021
32,1,2,8,9.626889087026939,10.013248594012111,0.38635950698517263,10.015689568012021
32,1,2,9,10.013248594012111,10.018158072023652,0.0049094780115410686,10.015689568012021
32,1,3,3,-0.10660087992437184,0.47477944905404,0.5813803289784119,10.015689568012021
32,1,3,4,0.47477944905404,1.0306456750258803,0.5558662259718403,10.015689568012021
32,1,3,5,1.0306456750258803,1.5911618830868974,0.5605162080610171,10.015689568012021
32,1,3,6,1.5911618830868974,2.1510940740117803,0.5599321909248829,10.015689568012021
32,1,3,7,2.1510940740117803,2.707616248051636,0.5565221740398556,10.015689568012021
32,1,3,8,2.707616248051636,3.276883411104791,0.569267163053155,10.015689568012021
32,1,3,9,3.276883411104791,3.832001429051161,0.55511801794637,10.015689568012021
32,1,3,10,3.832001429051161,4.39767381909769,0.5656723900465295,10.015689568012021
32,1,3,11,4.39767381909769,4.955272627063096,0.5575988079654053,10.015689568012021
32,1,3,12,4.955272627063096,5.518996380036697,0.5637237529736012,10.015689568012021
32,1,3,13,5.518996380036697,6.078306395094842,0.5593100150581449,10.015689568012021
32,1,3,14,6.078306395094842,6.637599545065314,0.5592931499704719,10.015689568012021
32,1,3,15,6.637599545065314,7.206159605062567,0.5685600599972531,10.015689568012021
32,1,3,16,7.206159605062567,7.765083095058799,0.5589234899962321,10.015689568012021
32,1,3,17,7.765083095058799,8.329624205012806,0.564541109954007,10.015689568012021
32,1,3,18,8.329624205012806,8.93467471608892,0.6050505110761151,10.015689568012021
32,1,3,19,8.93467471608892,9.625837094034068,0.6911623779451475,10.015689568012021
32,1,3,20,9.625837094034068,10.012217009090818,0.3863799150567502,10.015689568012021
32,1,3,21,10.012217009090818,10.017246838076971,0.0050298289861530066,10.015689568012021
32,1,4,1,4.398036566097289,4.956348048057407,0.5583114819601178,10.015689568012021
32,1,4,2,4.956348048057407,5.519948874018155,0.5636008259607479,10.015689568012021
32,1,4,3,5.519948874018155,6.078910597017966,0.5589617229998112,10.015689568012021
32,1,4,4,6.078910597017966,6.638449215097353,0.5595386180793867,10.015689568012021
32,1,4,5,6.638449215097353,7.206835376098752,0.5683861610013992,10.015689568012021
32,1,4,6,7.206835376098752,7.765633965027519,0.5587985889287665,10.015689568012021
32,1,4,7,7.765633965027519,8.330685851047747,0.5650518860202283,10.015689568012021
32,1,4,8,8.330685851047747,8.935351033112966,0.6046651820652187,10.015689568012021
32,1,4,9,8.935351033112966,9.626498636091128,0.6911476029781625,10.015689568012021
32,1,4,10,9.626498636091128,10.012902913033031,0.38640427694190294,10.015689568012021
32,1,4,11,10.012902913033031,10.017864340101369,0.004961427068337798,10.015689568012021
32,1,5,1,7.205364866065793,7.764568675076589,0.5592038090107962,10.015689568012021
32,1,5,2,7.764568675076589,8.329103126074187,0.5645344509975985,10.015689568012021
32,1,5,3,8.329103126074187,8.93412878701929,0.6050256609451026,10.015689568012021
32,1,5,4,8.93412878701929,9.625301109044813,0.6911723220255226,10.015689568012021
32,1,5,5,9.625301109044813,10.011509986012243,0.3862088769674301,10.015689568012021
32,1,5,6,10.011509986012243,10.01682709401939,0.005317108007147908,10.015689568012021
32,1,6,1,3.2768105370923877,3.83193128509447,0.5551207480020821,10.015689568012021
32,1,6,2,3.83193128509447,4.39718798501417,0.5652566999197006,10.015689568012021
32,1,6,3,4.39718798501417,4.955091516021639,0.5579035310074687,10.015689568012021
32,1,6,4,4.955091516021639,5.518856690032408,0.5637651740107685,10.015689568012021
32,1,6,5,5.518856690032408,6.078162368037738,0.5593056780053303,10.015689568012021
32,1,6,6,6.078162368037738,6.637476291041821,0.5593139230040833,10.015689568012021
32,1,6,7,6.637476291041821,7.206038345000707,0.5685620539588854,10.015689568012021
32,1,6,8,7.206038345000707,7.764958029030822,0.5589196840301156,10.015689568012021
32,1,6,9,7.764958029030822,8.32950083608739,0.5645428070565686,10.015689568012021
32,1,6,10,8.32950083608739,8.934541201102547,0.6050403650151566,10.015689568012021
32,1,6,11,8.934541201102547,9.625686465064064,0.6911452639615163,10.015689568012021
32,1,6,12,9.625686465064064,10.012085123104043,0.38639865803997964,10.015689568012021
32,1,6,13,10.012085123104043,10.017107233055867,0.00502210995182395,10.015689568012021
32,1,7,1,1.030553649063222,1.5910904390038922,0.5605367899406701,10.015689568012021
32,1,7,2,1.5910904390038922,2.151018972042948,0.5599285330390558,10.015689568012021
32,1,7,3,2.151018972042948,2.707544682081789,0.5565257100388408,10.015689568012021
32,1,7,4,2.707544682081789,3.2761177220381796,0.5685730399563909,10.015689568012021
32,1,7,5,3.2761177220381796,3.8314095160458237,0.5552917940076441,10.015689568012021
32,1,7,6,3.8314095160458237,4.396962480037473,0.5655529639916494,10.015689568012021
32,1,7,7,4.396962480037473,4.954955815104768,0.5579933350672945,10.015689568012021
32,1,7,8,4.954955815104768,5.518629451049492,0.5636736359447241,10.015689568012021
32,1,7,9,5.518629451049492,6.0779462261125445,0.5593167750630528,10.015689568012021
32,1,7,10,6.0779462261125445,6.637285224045627,0.5593389979330823,10.015689568012021
32,1,7,11,6.637285224045627,7.205524954013526,0.5682397299678996,10.015689568012021
32,1,7,12,7.205524954013526,7.764643892063759,0.5591189380502328,10.015689568012021
32,1,7,13,7.764643892063759,8.329178075073287,0.5645341830095276,10.015689568012021
32,1,7,14,8.329178075073287,8.934206694015302,0.6050286189420149,10.015689568012021
32,1,7,15,8.934206694015302,9.62537930405233,0.6911726100370288,10.015689568012021
32,1,7,16,9.62537930405233,10.011727197095752,0.3863478930434212,10.015689568012021
32,1,7,17,10.011727197095752,10.016893777064979,0.005166579969227314,10.015689568012021
32,1,8,1,3.831719054025598,4.397065733093768,0.5653466790681705,10.015689568012021
32,1,8,2,4.397065733093768,4.955027093063109,0.5579613599693403,10.015689568012021
32,1,8,3,4.955027093063109,5.518714883015491,0.5636877899523824,10.015689568012021
32,1,8,4,5.518714883015491,6.07809118705336,0.559376304037869,10.015689568012021
32,1,8,5,6.07809118705336,6.6373557220213115,0.5592645349679515,10.015689568012021
32,1,8,6,6.6373557220213115,7.2059741240227595,0.568618402001448,10.015689568012021
32,1,8,7,7.2059741240227595,7.764880033093505,0.5589059090707451,10.015689568012021
32,1,8,8,7.764880033093505,8.329437635024078,0.5645576019305736,10.015689568012021
32,1,8,9,8.329437635024078,8.934462676057592,0.6050250410335138,10.015689568012021
32,1,8,10,8.934462676057592,9.625596411060542,0.6911337350029498,10.015689568012021
32,1,8,11,9.625596411060542,10.011867356020957,0.38627094496041536,10.015689568012021
32,1,8,12,10.011867356020957,10.017018014099449,0.005150658078491688,10.015689568012021
32,1,9,1,6.638031377107836,7.206394541077316,0.5683631639694795,10.015689568012021
32,1,9,2,7.206394541077316,7.765265896101482,0.5588713550241664,10.015689568012021
32,1,9,3,7.765265896101482,8.32979610003531,0.5645302039338276,10.015689568012021
32,1,9,4,8.32979610003531,8.934863981092349,0.6050678810570389,10.015689568012021
32,1,9,5,8.934863981092349,9.626024404074997,0.691160422982648,10.015689568012021
32,1,9,6,9.626024404074997,10.01241241407115,0.3863880099961534,10.015689568012021
32,1,9,7,10.01241241407115,10.017428454011679,0.005016039940528572,10.015689568012021
32,1,10,1,7.205884903087281,7.764814321999438,0.5589294189121574,10.015689568012021
32,1,10,2,7.764814321999438,8.329335600021295,0.5645212780218571,10.015689568012021
32,1,10,3,8.329335600021295,8.934287887066603,0.6049522870453075,10.015689568012021
32,1,10,4,8.934287887066603,9.625450322055258,0.6911624349886551,10.015689568012021
32,1,10,5,9.625450322055258,10.011798834078945,0.38634851202368736,10.015689568012021
32,1,10,6,10.011798834078945,10.016957868007012,0.005159033928066492,10.015689568012021
32,1,11,1,3.831172371050343,4.396828657016158,0.5656562859658152,10.015689568012021
32,1,11,2,4.396828657016158,4.954828352085315,0.5579996950691566,10.015689568012021
32,1,11,3,4.954828352085315,5.518473809002899,0.5636454569175839,10.015689568012021
32,1,11,4,5.518473809002899,6.077795646036975,0.5593218370340765,10.015689568012021
32,1,11,5,6.077795646036975,6.637144761043601,0.5593491150066257,10.015689568012021
32,1,11,6,6.637144761043601,7.204874831018969,0.5677300699753687,10.015689568012021
32,1,11,7,7.204874831018969,7.7643809240544215,0.5595060930354521,10.015689568012021
32,1,11,8,7.7643809240544215,8.32896591105964,0.5645849870052189,10.015689568012021
32,1,11,9,8.32896591105964,8.933974015060812,0.6050081040011719,10.015689568012021
32,1,11,10,8.933974015060812,9.625132087036036,0.6911580719752237,10.015689568012021
32,1,11,11,9.625132087036036,10.011427178047597,0.38629509101156145,10.015689568012021
32,1,11,12,10.011427178047597,10.016740046092309,0.005312868044711649,10.015689568012021
32,1,12,1,8.33036926900968,8.935149961034767,0.6047806920250878,10.015689568012021
32,1,12,2,8.935149961034767,9.626306551042944,0.6911565900081769,10.015689568012021
32,1,12,3,9.626306551042944,10.012714000069536,0.3864074490265921,10.015689568012021
32,1,12,4,10.012714000069536,10.017667551059276,0.004953550989739597,10.015689568012021
32,1,13,1,0.4752568850526586,1.0300191621063277,0.5547622770536691,10.015689568012021
32,1,13,2,1.0300191621063277,1.59052180708386,0.5605026449775323,10.015689568012021
32,1,13,3,1.59052180708386,2.1506887240102515,0.5601669169263914,10.015689568012021
32,1,13,4,2.1506887240102515,2.7067910940386355,0.556102370028384,10.015689568012021
32,1,13,5,2.7067910940386355,3.275667256093584,0.5688761620549485,10.015689568012021
32,1,13,6,3.275667256093584,3.8305485310265794,0.5548812749329954,10.015689568012021
32,1,13,7,3.8305485310265794,4.396449760068208,0.5659012290416285,10.015689568012021
32,1,13,8,4.396449760068208,4.9557847660034895,0.5593350059352815,10.015689568012021
32,1,13,9,4.9557847660034895,5.519244754104875,0.5634599881013855,10.015689568012021
32,1,13,10,5.519244754104875,6.078512035077438,0.5592672809725627,10.015689568012021
32,1,13,11,6.078512035077438,6.638098503113724,0.5595864680362865,10.015689568012021
32,1,13,12,6.638098503113724,7.206462752074003,0.5683642489602789,10.015689568012021
32,1,13,13,7.206462752074003,7.765326383057982,0.5588636309839785,10.015689568012021
32,1,13,14,7.765326383057982,8.329855219111778,0.5645288360537961,10.015689568012021
32,1,13,15,8.329855219111778,8.934924003086053,0.605068783974275,10.015689568012021
32,1,13,16,8.934924003086053,9.626088183023967,0.691164179937914,10.015689568012021
32,1,13,17,9.626088183023967,10.012514326022938,0.38642614299897105,10.015689568012021
32,1,13,18,10.012514326022938,10.017489697085693,0.004975371062755585,10.015689568012021
32,1,14,1,7.766678546089679,8.331325430073775,0.5646468839840963,10.015689568012021
32,1,14,2,8.331325430073775,8.936015183106065,0.6046897530322894,10.015689568012021
32,1,14,3,8.936015183106065,9.627189507009462,0.6911743239033967,10.015689568012021
32,1,14,4,9.627189507009462,10.013620638055727,0.38643113104626536,10.015689568012021
32,1,14,5,10.013620638055727,10.018474013078958,0.00485337502323091,10.015689568012021
32,1,15,1,-0.1061201929114759,0.4757526620524004,0.5818728549638763,10.015689568012021
32,1,15,2,0.4757526620524004,1.0302453091135249,0.5544926470611244,10.015689568012021
32,1,15,3,1.0302453091135249,1.5906546630430967,0.5604093539295718,10.015689568012021
32,1,15,4,1.5906546630430967,2.1508322530426085,0.5601775899995118,10.015689568012021
32,1,15,5,2.1508322530426085,2.706974502070807,0.5561422490281984,10.015689568012021
32,1,15,6,2.706974502070807,3.275806657038629,0.5688321549678221,10.015689568012021
32,1,15,7,3.275806657038629,3.830692576011643,0.5548859189730138,10.015689568012021
32,1,15,8,3.830692576011643,4.396586372051388,0.5658937960397452,10.015689568012021
32,1,15,9,4.396586372051388,4.955845860065892,0.5592594880145043,10.015689568012021
32,1,15,10,4.955845860065892,5.519718825002201,0.5638729649363086,10.015689568012021
32,1,15,11,5.519718825002201,6.078678641002625,0.5589598160004243,10.015689568012021
32,1,15,12,6.078678641002625,6.638213058002293,0.5595344169996679,10.015689568012021
32,1,15,13,6.638213058002293,7.206658948096447,0.5684458900941536,10.015689568012021
32,1,15,14,7.206658948096447,7.765442779054865,0.5587838309584185,10.015689568012021
32,1,15,15,7.765442779054865,8.329966991092078,0.5645242120372131,10.015689568012021
32,1,15,16,8.329966991092078,8.935053482069634,0.6050864909775555,10.015689568012021
32,1,15,17,8.935053482069634,9.626237304066308,0.6911838219966739,10.015689568012021
32,1,15,18,9.626237304066308,10.012651148019359,0.3864138439530507,10.015689568012021
32,1,15,19,10.012651148019359,10.017609341070056,0.004958193050697446,10.015689568012021
32,1,16,1,6.639093702076934,7.207323200069368,0.5682294979924336,10.015689568012021
32,1,16,2,7.207323200069368,7.766148216091096,0.5588250160217285,10.015689568012021
32,1,16,3,7.766148216091096,8.331121538067237,0.5649733219761401,10.015689568012021
32,1,16,4,8.331121538067237,8.935845566098578,0.6047240280313417,10.015689568012021
32,1,16,5,8.935845566098578,9.627010632073507,0.6911650659749284,10.015689568012021
32,1,16,6,9.627010632073507,10.013434083084576,0.3864234510110691,10.015689568012021
32,1,16,7,10.013434083084576,10.01829641405493,0.004862330970354378,10.015689568012021
32,1,17,1,8.331807506037876,8.936167605104856,0.6043600990669802,10.015689568012021
32,1,17,2,8.936167605104856,9.627314104000106,0.6911464988952503,10.015689568012021
32,1,17,3,9.627314104000106,10.013782850001007,0.38646874600090086,10.015689568012021
32,1,17,4,10.013782850001007,10.018588593113236,0.004805743112228811,10.015689568012021
32,1,18,1,6.080285445088521,6.639355892082676,0.5590704469941556,10.015689568012021
32,1,18,2,6.639355892082676,7.207554175052792,0.5681982829701155,10.015689568012021
32,1,18,3,7.207554175052792,7.767185585107654,0.5596314100548625,10.015689568012021
32,1,18,4,7.767185585107654,8.331959387054667,0.5647738019470125,10.015689568012021
32,1,18,5,8.331959387054667,8.936313039041124,0.6043536519864574,10.015689568012021
32,1,18,6,8.936313039041124,9.62744452804327,0.6911314890021458,10.015689568012021
32,1,18,7,9.62744452804327,10.013911353074946,0.3864668250316754,10.015689568012021
32,1,18,8,10.013911353074946,10.018738642102107,0.004827289027161896,10.015689568012021
32,1,19,1,5.5196412350051105,6.078614127007313,0.5589728920022026,10.015689568012021
32,1,19,2,6.078614127007313,6.6381571150850505,0.5595429880777374,10.015689568012021
32,1,19,3,6.6381571150850505,7.2065968490205705,0.56843973393552,10.015689568012021
32,1,19,4,7.2065968490205705,7.7653835189994425,0.5587866699788719,10.015689568012021
32,1,19,5,7.7653835189994425,8.329911694047041,0.5645281750475988,10.015689568012021
32,1,19,6,8.329911694047041,8.934989819070324,0.6050781250232831,10.015689568012021
32,1,19,7,8.934989819070324,9.62614959210623,0.6911597730359063,10.015689568012021
32,1,19,8,9.62614959210623,10.012589805060998,0.38644021295476705,10.015689568012021
32,1,19,9,10.012589805060998,10.017550216056406,0.004960410995408893,10.015689568012021
32,1,20,1,4.955604886054061,5.519099119002931,0.5634942329488695,10.015689568012021
32,1,20,2,5.519099119002931,6.0783713340060785,0.5592722150031477,10.015689568012021
32,1,20,3,6.0783713340060785,6.637657901039347,0.5592865670332685,10.015689568012021
32,1,20,4,6.637657901039347,7.206220716005191,0.5685628149658442,10.015689568012021
32,1,20,5,7.206220716005191,7.765141247073188,0.5589205310679972,10.015689568012021
32,1,20,6,7.765141247073188,8.329682969022542,0.5645417219493538,10.015689568012021
32,1,20,7,8.329682969022542,8.934737002011389,0.6050540329888463,10.015689568012021
32,1,20,8,8.934737002011389,9.62589875003323,0.691161748021841,10.015689568012021
32,1,20,9,9.62589875003323,10.012288205092773,0.38638945505954325,10.015689568012021
32,1,20,10,10.012288205092773,10.01730792503804,0.005019719945266843,10.015689568012021
32,1,21,1,1.5902152910130098,2.1504527180222794,0.5602374270092696,10.015689568012021
32,1,21,2,2.1504527180222794,2.7065637860214338,0.5561110679991543,10.015689568012021
32,1,21,3,2.7065637860214338,3.2754395740339532,0.5688757880125195,10.015689568012021
32,1,21,4,3.2754395740339532,3.830270422040485,0.5548308480065316,10.015689568012021
32,1,21,5,3.830270422040485,4.396210855105892,0.565940433065407,10.015689568012021
32,1,21,6,4.396210855105892,4.956406928016804,0.5601960729109123,10.015689568012021
32,1,21,7,4.956406928016804,5.520065731019713,0.5636588030029088,10.015689568012021
32,1,21,8,5.520065731019713,6.079017273033969,0.5589515420142561,10.015689568012021
32,1,21,9,6.079017273033969,6.638506955001503,0.5594896819675341,10.015689568012021
32,1,21,10,6.638506955001503,7.206896936055273,0.5683899810537696,10.015689568012021
32,1,21,11,7.206896936055273,7.765762134105898,0.5588651980506256,10.015689568012021
32,1,21,12,7.765762134105898,8.330744286067784,0.5649821519618854,10.015689568012021
32,1,21,13,8.330744286067784,8.935475933016278,0.604731646948494,10.015689568012021
32,1,21,14,8.935475933016278,9.626628805068322,0.6911528720520437,10.015689568012021
32,1,21,15,9.626628805068322,10.012964977999218,0.3863361729308963,10.015689568012021
32,1,21,16,10.012964977999218,10.017924746032804,0.0049597680335864425,10.015689568012021
32,1,22,1,2.7073851380264387,3.2759188830386847,0.5685337450122461,10.015689568012021
32,1,22,2,3.2759188830386847,3.83075958408881,0.5548407010501251,10.015689568012021
32,1,22,3,3.83075958408881,4.39670762210153,0.5659480380127206,10.015689568012021
32,1,22,4,4.39670762210153,4.956520613050088,0.5598129909485579,10.015689568012021
32,1,22,5,4.956520613050088,5.52018939005211,0.5636687770020217,10.015689568012021
32,1,22,6,5.52018939005211,6.079144351067953,0.5589549610158429,10.015689568012021
32,1,22,7,6.079144351067953,6.638616315089166,0.5594719640212134,10.015689568012021
32,1,22,8,6.638616315089166,7.207029479090124,0.5684131640009582,10.015689568012021
32,1,22,9,7.207029479090124,7.76588102907408,0.5588515499839559,10.015689568012021
32,1,22,10,7.76588102907408,8.330853946041316,0.5649729169672355,10.015689568012021
32,1,22,11,8.330853946041316,8.935596785042435,0.6047428390011191,10.015689568012021
32,1,22,12,8.935596785042435,9.626755490084179,0.6911587050417438,10.015689568012021
32,1,22,13,9.626755490084179,10.013113816035911,0.3863583259517327,10.015689568012021
32,1,22,14,10.013113816035911,10.018042370094918,0.004928554059006274,10.015689568012021
32,1,23,1,2.7081706650787964,3.277161148027517,0.5689904829487205,10.015689568012021
32,1,23,2,3.277161148027517,3.832188231055625,0.5550270830281079,10.015689568012021
32,1,23,3,3.832188231055625,4.398164582089521,0.5659763510338962,10.015689568012021
32,1,23,4,4.398164582089521,4.955682076048106,0.557517493958585,10.015689568012021
32,1,23,5,4.955682076048106,5.519164448021911,0.5634823719738051,10.015689568012021
32,1,23,6,5.519164448021911,6.078442452009767,0.5592780039878562,10.015689568012021
32,1,23,7,6.078442452009767,6.637713852105662,0.5592714000958949,10.015689568012021
32,1,23,8,6.637713852105662,7.20629094610922,0.5685770940035582,10.015689568012021
32,1,23,9,7.20629094610922,7.765199126093648,0.558908179984428,10.015689568012021
32,1,23,10,7.765199126093648,8.329738552100025,0.5645394260063767,10.015689568012021
32,1,23,11,8.329738552100025,8.934802719042636,0.6050641669426113,10.015689568012021
32,1,23,12,8.934802719042636,9.625961364014074,0.6911586449714378,10.015689568012021
32,1,23,13,9.625961364014074,10.01235022104811,0.386388857034035,10.015689568012021
32,1,23,14,10.01235022104811,10.017368088010699,0.0050178669625893235,10.015689568012021
32,1,24,1,6.079694283078425,6.638818378094584,0.5591240950161591,10.015689568012021
32,1,24,2,6.638818378094584,7.207212608074769,0.5683942299801856,10.015689568012021
32,1,24,3,7.207212608074769,7.766056262073107,0.5588436539983377,10.015689568012021
32,1,24,4,7.766056262073107,8.331048023072071,0.5649917609989643,10.015689568012021
32,1,24,5,8.331048023072071,8.935785235022195,0.6047372119501233,10.015689568012021
32,1,24,6,8.935785235022195,9.626949698082171,0.6911644630599767,10.015689568012021
32,1,24,7,9.626949698082171,10.013310972019099,0.3863612739369273,10.015689568012021
32,1,24,8,10.013310972019099,10.018217166070826,0.0049061940517276525,10.015689568012021
32,1,25,1,4.956188148004003,5.5198857670184225,0.5636976190144196,10.015689568012021
32,1,25,2,5.5198857670184225,6.078801172086969,0.5589154050685465,10.015689568012021
32,1,25,3,6.078801172086969,6.63839157007169,0.5595903979847208,10.015689568012021
32,1,25,4,6.63839157007169,7.206777204060927,0.5683856339892372,10.015689568012021
32,1,25,5,7.206777204060927,7.765576210105792,0.5587990060448647,10.015689568012021
32,1,25,6,7.765576210105792,8.330627212999389,0.5650510028935969,10.015689568012021
32,1,25,7,8.330627212999389,8.935284392093308,0.6046571790939197,10.015689568012021
32,1,25,8,8.935284392093308,9.626436140039004,0.6911517479456961,10.015689568012021
32,1,25,9,9.626436140039004,10.01284259709064,0.3864064570516348,10.015689568012021
32,1,25,10,10.01284259709064,10.01780127605889,0.0049586789682507515,10.015689568012021
32,1,26,1,1.029806379112415,1.5904422670137137,0.5606358879012987,10.015689568012021
32,1,26,2,1.5904422670137137,2.150604503112845,0.5601622360991314,10.015689568012021
32,1,26,3,2.150604503112845,2.7067119700368494,0.5561074669240043,10.015689568012021
32,1,26,4,2.7067119700368494,3.275588807067834,0.5688768370309845,10.015689568012021
32,1,26,5,3.275588807067834,3.8304160150000826,0.5548272079322487,10.015689568012021
32,1,26,6,3.8304160150000826,4.396373948082328,0.5659579330822453,10.015689568012021
32,1,26,7,4.396373948082328,4.956464411108755,0.5600904630264267,10.015689568012021
32,1,26,8,4.956464411108755,5.520127336028963,0.5636629249202088,10.015689568012021
32,1,26,9,5.520127336028963,6.079085034085438,0.5589576980564743,10.015689568012021
32,1,26,10,6.079085034085438,6.638559569022618,0.5594745349371806,10.015689568012021
32,1,26,11,6.638559569022618,7.206969226012006,0.5684096569893882,10.015689568012021
32,1,26,12,7.206969226012006,7.765823450055905,0.5588542240438983,10.015689568012021
32,1,26,13,7.765823450055905,8.33079862210434,0.5649751720484346,10.015689568012021
32,1,26,14,8.33079862210434,8.935536853037775,0.6047382309334353,10.015689568012021
32,1,26,15,8.935536853037775,9.626693462021649,0.6911566089838743,10.015689568012021
32,1,26,16,9.626693462021649,10.013024006038904,0.3863305440172553,10.015689568012021
32,1,26,17,10.013024006038904,10.017983426107094,0.004959420068189502,10.015689568012021
32,1,27,1,7.767033469048329,8.331415896071121,0.5643824270227924,10.015689568012021
32,1,27,2,8.331415896071121,8.936073577031493,0.6046576809603721,10.015689568012021
32,1,27,3,8.936073577031493,9.627254673046991,0.691181096015498,10.015689568012021
32,1,27,4,9.627254673046991,10.013680360047147,0.38642568700015545,10.015689568012021
32,1,27,5,10.013680360047147,10.018532507005148,0.004852146958000958,10.015689568012021
32,1,28,1,2.151512809097767,2.7077599701005965,0.5562471610028297,10.015689568012021
32,1,28,2,2.7077599701005965,3.27697046904359,0.5692104989429936,10.015689568012021
32,1,28,3,3.27697046904359,3.8320668530650437,0.5550963840214536,10.015689568012021
32,1,28,4,3.8320668530650437,4.397739079082385,0.565672226017341,10.015689568012021
32,1,28,5,4.397739079082385,4.9559031300013885,0.5581640509190038,10.015689568012021
32,1,28,6,4.9559031300013885,5.51978986908216,0.5638867390807718,10.015689568012021
32,1,28,7,5.51978986908216,6.078739096061327,0.5589492269791663,10.015689568012021
32,1,28,8,6.078739096061327,6.638275410048664,0.559536313987337,10.015689568012021
32,1,28,9,6.638275410048664,7.206718512112275,0.5684431020636111,10.015689568012021
32,1,28,10,7.206718512112275,7.765513448044658,0.5587949359323829,10.015689568012021
32,1,28,11,7.765513448044658,8.33051449910272,0.5650010510580614,10.015689568012021
32,1,28,12,8.33051449910272,8.935213408083655,0.6046989089809358,10.015689568012021
32,1,28,13,8.935213408083655,9.626369285047986,0.6911558769643307,10.015689568012021
32,1,28,14,9.626369285047986,10.01277525909245,0.38640597404446453,10.015689568012021
32,1,28,15,10.01277525909245,10.01772389409598,0.004948635003529489,10.015689568012021
32,1,29,1,0.4755944280186668,1.0301634790375829,0.5545690510189161,10.015689568012021
32,1,29,2,1.0301634790375829,1.5905904470710084,0.5604269680334255,10.015689568012021
32,1,29,3,1.5905904470710084,2.1507622400531545,0.5601717929821461,10.015689568012021
32,1,29,4,2.1507622400531545,2.706860641017556,0.5560984009644017,10.015689568012021
32,1,29,5,2.706860641017556,3.275737469084561,0.5688768280670047,10.015689568012021
32,1,29,6,3.275737469084561,3.830623861053027,0.5548863919684663,10.015689568012021
32,1,29,7,3.830623861053027,4.396517909015529,0.5658940479625016,10.015689568012021
32,1,29,8,4.396517909015529,4.956575804040767,0.5600578950252384,10.015689568012021
32,1,29,9,4.956575804040767,5.520261082099751,0.5636852780589834,10.015689568012021
32,1,29,10,5.520261082099751,6.079203738016076,0.5589426559163257,10.015689568012021
32,1,29,11,6.079203738016076,6.638670743093826,0.5594670050777495,10.015689568012021
32,1,29,12,6.638670743093826,7.207085910020396,0.5684151669265702,10.015689568012021
32,1,29,13,7.207085910020396,7.765937531017698,0.5588516209973022,10.015689568012021
32,1,29,14,7.765937531017698,8.330908790114336,0.5649712590966374,10.015689568012021
32,1,29,15,8.330908790114336,8.935661949100904,0.6047531589865685,10.015689568012021
32,1,29,16,8.935661949100904,9.626822743099183,0.6911607939982787,10.015689568012021
32,1,29,17,9.626822743099183,10.013179921079427,0.38635717798024416,10.015689568012021
32,1,29,18,10.013179921079427,10.018099865061231,0.004919943981803954,10.015689568012021
32,1,30,1,1.5909813090693206,2.1509494670899585,0.5599681580206379,10.015689568012021
32,1,30,2,2.1509494670899585,2.7074761380208656,0.5565266709309071,10.015689568012021
32,1,30,3,2.7074761380208656,3.2760477430419996,0.568571605021134,10.015689568012021
32,1,30,4,3.2760477430419996,3.831338134012185,0.5552903909701854,10.015689568012021
32,1,30,5,3.831338134012185,4.396896677091718,0.5655585430795327,10.015689568012021
32,1,30,6,4.396896677091718,4.9566316090058535,0.5597349319141358,10.015689568012021
32,1,30,7,4.9566316090058535,5.520769505063072,0.5641378960572183,10.015689568012021
32,1,30,8,5.520769505063072,6.079797490034252,0.5590279849711806,10.015689568012021
32,1,30,9,6.079797490034252,6.639152432093397,0.5593549420591444,10.015689568012021
32,1,30,10,6.639152432093397,7.207383351051249,0.5682309189578518,10.015689568012021
32,1,30,11,7.207383351051249,7.766207748092711,0.5588243970414624,10.015689568012021
32,1,30,12,7.766207748092711,8.331177864107303,0.5649701160145923,10.015689568012021
32,1,30,13,8.331177864107303,8.935901320073754,0.6047234559664503,10.015689568012021
32,1,30,14,8.935901320073754,9.627071617054753,0.6911702969809994,10.015689568012021
32,1,30,15,9.627071617054753,10.013497569016181,0.3864259519614279,10.015689568012021
32,1,30,16,10.013497569016181,10.018357987049967,0.004860418033786118,10.015689568012021
32,1,31,1,2.151812658063136,2.7078676050296053,0.5560549469664693,10.015689568012021
32,1,31,2,2.7078676050296053,3.2770354381063953,0.56916783307679,10.015689568012021
32,1,31,3,3.2770354381063953,3.8321267710998654,0.5550913329934701,10.015689568012021
32,1,31,4,3.8321267710998654,4.398102838080376,0.565976066980511,10.015689568012021
32,1,31,5,4.398102838080376,4.956744095077738,0.5586412569973618,10.015689568012021
32,1,31,6,4.956744095077738,5.520891934051178,0.5641478389734402,10.015689568012021
32,1,31,7,5.520891934051178,6.07992190902587,0.5590299749746919,10.015689568012021
32,1,31,8,6.07992190902587,6.639272063039243,0.559350154013373,10.015689568012021
32,1,31,9,6.639272063039243,7.207496982067823,0.5682249190285802,10.015689568012021
32,1,31,10,7.207496982067823,7.767096171039157,0.5595991889713332,10.015689568012021
32,1,31,11,7.767096171039157,8.331877324031666,0.5647811529925093,10.015689568012021
32,1,31,12,8.331877324031666,8.936248762067407,0.6043714380357414,10.015689568012021
32,1,31,13,8.936248762067407,9.627382030012086,0.6911332679446787,10.015689568012021
32,1,31,14,9.627382030012086,10.01385037403088,0.3864683440187946,10.015689568012021
32,1,31,15,10.01385037403088,10.018660267000087,0.0048098929692059755,10.015689568012021
32,2,0,1,0.7303481509443372,1.302786058979109,0.5724379080347717,9.98650695499964
32,2,0,2,1.302786058979109,1.8538050550268963,0.5510189960477874,9.98650695499964
32,2,0,3,1.8538050550268963,2.424710378050804,0.5709053230239078,9.98650695499964
32,2,0,4,2.424710378050804,2.9818649239605293,0.5571545459097251,9.98650695499964
32,2,0,5,2.9818649239605293,3.5428127029445022,0.560947778983973,9.98650695499964
32,2,0,6,3.5428127029445022,4.1037940110545605,0.5609813081100583,9.98650695499964
32,2,0,7,4.1037940110545605,4.6625892439624295,0.5587952329078689,9.98650695499964
32,2,0,8,4.6625892439624295,5.227028005057946,0.5644387610955164,9.98650695499964
32,2,0,9,5.227028005057946,5.783038571942598,0.5560105668846518,9.98650695499964
32,2,0,10,5.783038571942598,6.347175176022574,0.5641366040799767,9.98650695499964
32,2,0,11,6.347175176022574,6.9070295409765095,0.5598543649539351,9.98650695499964
32,2,0,12,6.9070295409765095,7.472533899010159,0.5655043580336496,9.98650695499964
32,2,0,13,7.472533899010159,8.034031057031825,0.5614971580216661,9.98650695499964
32,2,0,14,8.034031057031825,8.610568683012389,0.5765376259805635,9.98650695499964
32,2,0,15,8.610568683012389,9.263388633029535,0.6528199500171468,9.98650695499964
32,2,0,16,9.263388633029535,9.984840263961814,0.7214516309322789,9.98650695499964
32,2,0,17,9.984840263961814,9.988419909030199,0.003579645068384707,9.98650695499964
32,2,1,1,4.663522848975845,5.227618959965184,0.5640961109893396,9.98650695499964
32,2,1,2,5.227618959965184,5.7833479379769415,0.5557289780117571,9.98650695499964
32,2,1,3,5.7833479379769415,6.347396851051599,0.5640489130746573,9.98650695499964
32,2,1,4,6.347396851051599,6.907279722974636,0.5598828719230369,9.98650695499964
32,2,1,5,6.907279722974636,7.472767430008389,0.5654877070337534,9.98650695499964
32,2,1,6,7.472767430008389,8.034246771945618,0.561479341937229,9.98650695499964
32,2,1,7,8.034246771945618,8.610789429978468,0.5765426580328494,9.98650695499964
32,2,1,8,8.610789429978468,9.26362899702508,0.6528395670466125,9.98650695499964
32,2,1,9,9.26362899702508,9.985066063003615,0.7214370659785345,9.98650695499964
32,2,1,10,9.985066063003615,9.988633316010237,0.0035672530066221952,9.98650695499964
32,2,2,1,6.346820969018154,6.906454963958822,0.5596339949406683,9.98650695499964
32,2,2,2,6.906454963958822,7.472117247991264,0.5656622840324417,9.98650695499964
32,2,2,3,7.472117247991264,8.033703026012518,0.5615857780212536,9.98650695499964
32,2,2,4,8.033703026012518,8.610184264020063,0.5764812380075455,9.98650695499964
32,2,2,5,8.610184264020063,9.262982652988285,0.6527983889682218,9.98650695499964
32,2,2,6,9.262982652988285,9.984504299005494,0.7215216460172087,9.98650695499964
32,2,2,7,9.984504299005494,9.988099139998667,0.0035948409931734204,9.98650695499964
32,2,3,1,4.663017521961592,5.227441295050085,0.5644237730884925,9.98650695499964
32,2,3,2,5.227441295050085,5.783223410951905,0.5557821159018204,9.98650695499964
32,2,3,3,5.783223410951905,6.347288926946931,0.5640655159950256,9.98650695499964
32,2,3,4,6.347288926946931,6.907147875055671,0.5598589481087402,9.98650695499964
32,2,3,5,6.907147875055671,7.4726544440491125,0.5655065689934418,9.98650695499964
32,2,3,6,7.4726544440491125,8.034141520038247,0.5614870759891346,9.98650695499964
32,2,3,7,8.034141520038247,8.610683034989052,0.5765415149508044,9.98650695499964
32,2,3,8,8.610683034989052,9.263511199038476,0.6528281640494242,9.98650695499964
32,2,3,9,9.263511199038476,9.984954326995648,0.7214431279571727,9.98650695499964
32,2,3,10,9.984954326995648,9.988528585992754,0.003574258997105062,9.98650695499964
32,2,4,1,-0.3898039140040055,0.1810061529977247,0.5708100670017302,9.98650695499964
32,2,4,2,0.1810061529977247,0.7304248260334134,0.5494186730356887,9.98650695499964
32,2,4,3,0.7304248260334134,1.3031455050222576,0.5727206789888442,9.98650695499964
32,2,4,4,1.3031455050222576,1.853989326977171,0.5508438219549134,9.98650695499964
32,2,4,5,1.853989326977171,2.4248604150488973,0.5708710880717263,9.98650695499964
32,2,4,6,2.4248604150488973,2.982010548003018,0.5571501329541206,9.98650695499964
32,2,4,7,2.982010548003018,3.542950339964591,0.5609397919615731,9.98650695499964
32,2,4,8,3.542950339964591,4.103925622999668,0.5609752830350772,9.98650695499964
32,2,4,9,4.103925622999668,4.662131911958568,0.5582062889588997,9.98650695499964
32,2,4,10,4.662131911958568,5.226634380989708,0.5645024690311402,9.98650695499964
32,2,4,11,5.226634380989708,5.782631280948408,0.5559968999586999,9.98650695499964
32,2,4,12,5.782631280948408,6.346490364056081,0.5638590831076726,9.98650695499964
32,2,4,13,6.346490364056081,6.9062749709701166,0.559784606914036,9.98650695499964
32,2,4,14,6.9062749709701166,7.471997726010159,0.5657227550400421,9.98650695499964
32,2,4,15,7.471997726010159,8.033316922956146,0.5613191969459876,9.98650695499964
32,2,4,16,8.033316922956146,8.60997785103973,0.5766609280835837,9.98650695499964
32,2,4,17,8.60997785103973,9.262801256030798,0.652823404991068,9.98650695499964
32,2,4,18,9.262801256030798,9.984331764047965,0.7215305080171674,9.98650695499964
32,2,4,19,9.984331764047965,9.9879346069647,0.0036028429167345166,9.98650695499964
32,2,5,1,8.033644929993898,8.610127020045184,0.5764820900512859,9.98650695499964
32,2,5,2,8.610127020045184,9.262921934016049,0.6527949139708653,9.98650695499964
32,2,5,3,9.262921934016049,9.984442866058089,0.7215209320420399,9.98650695499964
32,2,5,4,9.984442866058089,9.988041848991998,0.003598982933908701,9.98650695499964
32,2,6,1,5.227330517955124,5.7831295729847625,0.5557990550296381,9.98650695499964
32,2,6,2,5.7831295729847625,6.347232801956125,0.5641032289713621,9.98650695499964
32,2,6,3,6.347232801956125,6.907088204054162,0.5598554020980373,9.98650695499964
32,2,6,4,6.907088204054162,7.472596394945867,0.5655081908917055,9.98650695499964
32,2,6,5,7.472596394945867,8.034084583050571,0.561488188104704,9.98650695499964
32,2,6,6,8.034084583050571,8.610627232003026,0.5765426489524543,9.98650695499964
32,2,6,7,8.610627232003026,9.263451033970341,0.6528238019673154,9.98650695499964
32,2,6,8,9.263451033970341,9.984898137045093,0.7214471030747518,9.98650695499964
32,2,6,9,9.984898137045093,9.988473013043404,0.0035748759983107448,9.98650695499964
32,2,7,1,2.4240705519914627,2.9804212630260736,0.5563507110346109,9.98650695499964
32,2,7,2,2.9804212630260736,3.541524130036123,0.5611028670100495,9.98650695499964
32,2,7,3,3.541524130036123,4.10201648704242,0.5604923570062965,9.98650695499964
32,2,7,4,4.10201648704242,4.661863398971036,0.5598469119286165,9.98650695499964
32,2,7,5,4.661863398971036,5.225952196051367,0.5640887970803306,9.98650695499964
32,2,7,6,5.225952196051367,5.781992611009628,0.556040414958261,9.98650695499964
32,2,7,7,5.781992611009628,6.345816420041956,0.5638238090323284,9.98650695499964
32,2,7,8,6.345816420041956,6.905427888035774,0.5596114679938182,9.98650695499964
32,2,7,9,6.905427888035774,7.471266743028536,0.5658388549927622,9.98650695499964
32,2,7,10,7.471266743028536,8.032710748026147,0.561444004997611,9.98650695499964
32,2,7,11,8.032710748026147,8.609510662034154,0.5767999140080065,9.98650695499964
32,2,7,12,8.609510662034154,9.262219893047586,0.6527092310134321,9.98650695499964
32,2,7,13,9.262219893047586,9.983781544025987,0.7215616509784013,9.98650695499964
32,2,7,14,9.983781544025987,9.9874996249564,0.0037180809304118156,9.98650695499964
32,2,8,1,4.103593225008808,4.663142391946167,0.5595491669373587,9.98650695499964
32,2,8,2,4.663142391946167,5.227512410026975,0.5643700180808082,9.98650695499964
32,2,8,3,5.227512410026975,5.7832903530215845,0.5557779429946095,9.98650695499964
32,2,8,4,5.7832903530215845,6.347343562054448,0.5640532090328634,9.98650695499964
32,2,8,5,6.347343562054448,6.907203202950768,0.5598596408963203,9.98650695499964
32,2,8,6,6.907203202950768,7.472711968002841,0.5655087650520727,9.98650695499964
32,2,8,7,7.472711968002841,8.034194602048956,0.561482634046115,9.98650695499964
32,2,8,8,8.034194602048956,8.61073758895509,0.5765429869061336,9.98650695499964
32,2,8,9,8.61073758895509,9.263571290997788,0.6528337020426989,9.98650695499964
32,2,8,10,9.263571290997788,9.985009319032542,0.7214380280347541,9.98650695499964
32,2,8,11,9.985009319032542,9.988581013982184,0.0035716949496418238,9.98650695499964
32,2,9,1,5.783637081971392,6.347477965988219,0.5638408840168267,9.98650695499964
32,2,9,2,6.347477965988219,6.907338483026251,0.5598605170380324,9.98650695499964
32,2,9,3,6.907338483026251,7.472823032992892,0.5654845499666408,9.98650695499964
32,2,9,4,7.472823032992892,8.034298258950002,0.5614752259571105,9.98650695499964
32,2,9,5,8.034298258950002,8.61084243399091,0.5765441750409082,9.98650695499964
32,2,9,6,8.61084243399091,9.263686181046069,0.652843747055158,9.98650695499964
32,2,9,7,9.263686181046069,9.985124710947275,0.7214385299012065,9.98650695499964
32,2,9,8,9.985124710947275,9.988686730037443,0.003562019090168178,9.98650695499964
32,2,10,1,6.346422687056474,6.906216226983815,0.559793539927341,9.98650695499964
32,2,10,2,6.906216226983815,7.471935444045812,0.5657192170619965,9.98650695499964
32,2,10,3,7.471935444045812,8.033252506051213,0.5613170620054007,9.98650695499964
32,2,10,4,8.033252506051213,8.609919843962416,0.5766673379112035,9.98650695499964
32,2,10,5,8.609919843962416,9.262737447977997,0.6528176040155813,9.98650695499964
32,2,10,6,9.262737447977997,9.984271376975812,0.7215339289978147,9.98650695499964
32,2,10,7,9.984271376975812,9.987879198044538,0.00360782106872648,9.98650695499964
32,2,11,1,7.471873985021375,8.033111335942522,0.5612373509211466,9.98650695499964
32,2,11,2,8.033111335942522,8.609863062971272,0.5767517270287499,9.98650695499964
32,2,11,3,8.609863062971272,9.262677805032581,0.6528147420613095,9.98650695499964
32,2,11,4,9.262677805032581,9.984143967041746,0.7214661620091647,9.98650695499964
32,2,11,5,9.984143967041746,9.987826177966781,0.0036822109250351787,9.98650695499964
32,2,12,1,5.226555350003764,5.78256647195667,0.5560111219529063,9.98650695499964
32,2,12,2,5.78256647195667,6.346090591046959,0.5635241190902889,9.98650695499964
32,2,12,3,6.346090591046959,6.906115832971409,0.5600252419244498,9.98650695499964
32,2,12,4,6.906115832971409,7.4715988809475675,0.5654830479761586,9.98650695499964
32,2,12,5,7.4715988809475675,8.033023789990693,0.5614249090431258,9.98650695499964
32,2,12,6,8.033023789990693,8.609808390960097,0.576784600969404,9.98650695499964
32,2,12,7,8.609808390960097,9.262618348002434,0.6528099570423365,9.98650695499964
32,2,12,8,9.262618348002434,9.984077353030443,0.7214590050280094,9.98650695499964
32,2,12,9,9.984077353030443,9.987773970002308,0.0036966169718652964,9.98650695499964
32,2,13,1,5.7824641990009695,6.346031088964082,0.5635668899631128,9.98650695499964
32,2,13,2,6.346031088964082,6.9060541139915586,0.5600230250274763,9.98650695499964
32,2,13,3,6.9060541139915586,7.471540660015307,0.5654865460237488,9.98650695499964
32,2,13,4,7.471540660015307,8.03296495298855,0.5614242929732427,9.98650695499964
32,2,13,5,8.03296495298855,8.609750328003429,0.5767853750148788,9.98650695499964
32,2,13,6,8.609750328003429,9.262552386033349,0.6528020580299199,9.98650695499964
32,2,13,7,9.262552386033349,9.984018280985765,0.7214658949524164,9.98650695499964
32,2,13,8,9.984018280985765,9.987717702053487,0.0036994210677221417,9.98650695499964
32,2,14,1,2.9812456680228934,3.5420309259789065,0.5607852579560131,9.98650695499964
32,2,14,2,3.5420309259789065,4.10252453899011,0.5604936130112037,9.98650695499964
32,2,14,3,4.10252453899011,4.662335723056458,0.5598111840663478,9.98650695499964
32,2,14,4,4.662335723056458,5.226829668972641,0.5644939459161833,9.98650695499964
32,2,14,5,5.226829668972641,5.782861961983144,0.556032293010503,9.98650695499964
32,2,14,6,5.782861961983144,6.346996687003411,0.5641347250202671,9.98650695499964
32,2,14,7,6.346996687003411,6.906570911989547,0.559574224986136,9.98650695499964
32,2,14,8,6.906570911989547,7.472238971968181,0.5656680599786341,9.98650695499964
32,2,14,9,7.472238971968181,8.033813736052252,0.5615747640840709,9.98650695499964
32,2,14,10,8.033813736052252,8.61029817594681,0.576484439894557,9.98650695499964
32,2,14,11,8.61029817594681,9.263102671015076,0.652804495068267,9.98650695499964
32,2,14,12,9.263102671015076,9.984617745969445,0.7215150749543682,9.98650695499964
32,2,14,13,9.984617745969445,9.988209875999019,0.0035921300295740366,9.98650695499964
32,2,15,2,-0.3896539789857343,0.18110003403853625,0.5707540130242705,9.98650695499964
32,2,15,3,0.18110003403853625,0.7298255090136081,0.5487254749750718,9.98650695499964
32,2,15,4,0.7298255090136081,1.302287345053628,0.57246183604002,9.98650695499964
32,2,15,5,1.302287345053628,1.8530243230052292,0.5507369779516011,9.98650695499964
32,2,15,6,1.8530243230052292,2.424336366006173,0.571312043000944,9.98650695499964
32,2,15,7,2.424336366006173,2.9807140609482303,0.5563776949420571,9.98650695499964
32,2,15,8,2.9807140609482303,3.5418191669741645,0.5611051060259342,9.98650695499964
32,2,15,9,3.5418191669741645,4.102299881982617,0.5604807150084525,9.98650695499964
32,2,15,10,4.102299881982617,4.661930751986802,0.5596308700041845,9.98650695499964
32,2,15,11,4.661930751986802,5.226019678986631,0.5640889269998297,9.98650695499964
32,2,15,12,5.226019678986631,5.7820548380259424,0.5560351590393111,9.98650695499964
32,2,15,13,5.7820548380259424,6.345877710962668,0.5638228729367256,9.98650695499964
32,2,15,14,6.345877710962668,6.905927157960832,0.5600494469981641,9.98650695499964
32,2,15,15,6.905927157960832,7.471414042985998,0.565486885025166,9.98650695499964
32,2,15,16,7.471414042985998,8.032846483052708,0.5614324400667101,9.98650695499964
32,2,15,17,8.032846483052708,8.609635288012214,0.5767888049595058,9.98650695499964
32,2,15,18,8.609635288012214,9.26235049101524,0.6527152030030265,9.98650695499964
32,2,15,19,9.26235049101524,9.983901856001467,0.721551364986226,9.98650695499964
32,2,15,20,9.983901856001467,9.987609643954784,0.0037077879533171654,9.98650695499964
32,2,16,1,7.471014478011057,8.032182230963372,0.5611677529523149,9.98650695499964
32,2,16,2,8.032182230963372,8.60929021902848,0.5771079880651087,9.98650695499964
32,2,16,3,8.60929021902848,9.262015411979519,0.6527251929510385,9.98650695499964
32,2,16,4,9.262015411979519,9.983315328019671,0.7212999160401523,9.98650695499964
32,2,16,5,9.983315328019671,9.987337221973576,0.0040218939539045095,9.98650695499964
32,2,17,1,6.906853697029874,7.47232450300362,0.5654708059737459,9.98650695499964
32,2,17,2,7.47232450300362,8.033867393969558,0.5615428909659386,9.98650695499964
32,2,17,3,8.033867393969558,8.610353154013865,0.5764857600443065,9.98650695499964
32,2,17,4,8.610353154013865,9.263169412035495,0.6528162580216303,9.98650695499964
32,2,17,5,9.263169412035495,9.984674268052913,0.7215048560174182,9.98650695499964
32,2,17,6,9.984674268052913,9.988264098996297,0.0035898309433832765,9.98650695499964
32,2,18,1,6.905757430009544,7.471353922970593,0.5655964929610491,9.98650695499964
32,2,18,2,7.471353922970593,8.032782842987217,0.561428920016624,9.98650695499964
32,2,18,3,8.032782842987217,8.609577015042305,0.576794172055088,9.98650695499964
32,2,18,4,8.609577015042305,9.262285797973163,0.6527087829308584,9.98650695499964
32,2,18,5,9.262285797973163,9.983841815963387,0.7215560179902241,9.98650695499964
32,2,18,6,9.983841815963387,9.987555077997968,0.0037132620345801115,9.98650695499964
32,2,19,1,2.981689963955432,3.5421972590265796,0.5605072950711474,9.98650695499964
32,2,19,2,3.5421972590265796,4.102664683014154,0.5604674239875749,9.98650695499964
32,2,19,3,4.102664683014154,4.662477649981156,0.5598129669670016,9.98650695499964
32,2,19,4,4.662477649981156,5.226957686943933,0.5644800369627774,9.98650695499964
32,2,19,5,5.226957686943933,5.782980437972583,0.5560227510286495,9.98650695499964
32,2,19,6,5.782980437972583,6.347111984970979,0.5641315469983965,9.98650695499964
32,2,19,7,6.347111984970979,6.906971318996511,0.559859334025532,9.98650695499964
32,2,19,8,6.906971318996511,7.47243666194845,0.5654653429519385,9.98650695499964
32,2,19,9,7.47243666194845,8.033975627971813,0.5615389660233632,9.98650695499964
32,2,19,10,8.033975627971813,8.610507035045885,0.5765314070740715,9.98650695499964
32,2,19,11,8.610507035045885,9.263289393042214,0.6527823579963297,9.98650695499964
32,2,19,12,9.263289393042214,9.984783245949075,0.7214938529068604,9.98650695499964
32,2,19,13,9.984783245949075,9.988367191981524,0.003583946032449603,9.98650695499964
32,2,20,1,1.853592341998592,2.4245753589784727,0.5709830169798806,9.98650695499964
32,2,20,2,2.4245753589784727,2.981324002961628,0.5567486439831555,9.98650695499964
32,2,20,3,2.981324002961628,3.5420973759610206,0.5607733729993924,9.98650695499964
32,2,20,4,3.5420973759610206,4.102592393057421,0.5604950170964003,9.98650695499964
32,2,20,5,4.102592393057421,4.662412305944599,0.5598199128871784,9.98650695499964
32,2,20,6,4.662412305944599,5.226893465965986,0.564481160021387,9.98650695499964
32,2,20,7,5.226893465965986,5.7829226850299165,0.5560292190639302,9.98650695499964
32,2,20,8,5.7829226850299165,6.3470553460065275,0.5641326609766111,9.98650695499964
32,2,20,9,6.3470553460065275,6.906913275946863,0.5598579299403355,9.98650695499964
32,2,20,10,6.906913275946863,7.472379685961641,0.5654664100147784,9.98650695499964
32,2,20,11,7.472379685961641,8.0339233110426,0.561543625080958,9.98650695499964
32,2,20,12,8.0339233110426,8.610449761967175,0.5765264509245753,9.98650695499964
32,2,20,13,8.610449761967175,9.263229468022473,0.6527797060552984,9.98650695499964
32,2,20,14,9.263229468022473,9.984728012001142,0.7214985439786687,9.98650695499964
32,2,20,15,9.984728012001142,9.988314784015529,0.003586772014386952,9.98650695499964
32,2,21,1,3.5426206269767135,4.102783926995471,0.5601633000187576,9.98650695499964
32,2,21,2,4.102783926995471,4.66201720898971,0.5592332819942385,9.98650695499964
32,2,21,3,4.66201720898971,5.2261855490505695,0.5641683400608599,9.98650695499964
32,2,21,4,5.2261855490505695,5.78211636596825,0.5559308169176802,9.98650695499964
32,2,21,5,5.78211636596825,6.345936884055845,0.5638205180875957,9.98650695499964
32,2,21,6,6.345936884055845,6.905993451946415,0.5600565678905696,9.98650695499964
32,2,21,7,6.905993451946415,7.47148060600739,0.5654871540609747,9.98650695499964
32,2,21,8,7.47148060600739,8.032906229025684,0.5614256230182946,9.98650695499964
32,2,21,9,8.032906229025684,8.609693196020089,0.5767869669944048,9.98650695499964
32,2,21,10,8.609693196020089,9.262411686009727,0.6527184899896383,9.98650695499964
32,2,21,11,9.262411686009727,9.983959657954983,0.721547971945256,9.98650695499964
32,2,21,12,9.983959657954983,9.98766354797408,0.003703890019096434,9.98650695499964
32,2,22,1,0.7296765149803832,1.3021508100209758,0.5724742950405926,9.98650695499964
32,2,22,2,1.3021508100209758,1.85284974204842,0.5506989320274442,9.98650695499964
32,2,22,3,1.85284974204842,2.4242537680547684,0.5714040260063484,9.98650695499964
32,2,22,4,2.4242537680547684,2.980582138057798,0.5563283700030297,9.98650695499964
32,2,22,5,2.980582138057798,3.5416914940578863,0.5611093560000882,9.98650695499964
32,2,22,6,3.5416914940578863,4.102206432959065,0.5605149389011785,9.98650695499964
32,2,22,7,4.102206432959065,4.661288568051532,0.5590821350924671,9.98650695499964
32,2,22,8,4.661288568051532,5.22544769605156,0.5641591280000284,9.98650695499964
32,2,22,9,5.22544769605156,5.781474584015086,0.556026887963526,9.98650695499964
32,2,22,10,5.781474584015086,6.345276269945316,0.5638016859302297,9.98650695499964
32,2,22,11,6.345276269945316,6.904950718046166,0.55967444810085,9.98650695499964
32,2,22,12,6.904950718046166,7.470330205978826,0.5653794879326597,9.98650695499964
32,2,22,13,7.470330205978826,8.031824207981117,0.5614940020022914,9.98650695499964
32,2,22,14,8.031824207981117,8.608464258955792,0.5766400509746745,9.98650695499964
32,2,22,15,8.608464258955792,9.261543578002602,0.6530793190468103,9.98650695499964
32,2,22,16,9.261543578002602,9.982971702003852,0.7214281240012497,9.98650695499964
32,2,22,17,9.982971702003852,9.987023576977663,0.004051874973811209,9.98650695499964
32,2,23,1,1.302613515057601,1.8531475020572543,0.5505339869996533,9.98650695499964
32,2,23,2,1.8531475020572543,2.424419588991441,0.5712720869341865,9.98650695499964
32,2,23,3,2.424419588991441,2.9808055369649082,0.5563859479734674,9.98650695499964
32,2,23,4,2.9808055369649082,3.5419291929574683,0.5611236559925601,9.98650695499964
32,2,23,5,3.5419291929574683,4.102451371960342,0.5605221790028736,9.98650695499964
32,2,23,6,4.102451371960342,4.662269511958584,0.5598181399982423,9.98650695499964
32,2,23,7,4.662269511958584,5.226765807019547,0.5644962950609624,9.98650695499964
32,2,23,8,5.226765807019547,5.782801578985527,0.5560357719659805,9.98650695499964
32,2,23,9,5.782801578985527,6.346936778980307,0.5641351999947801,9.98650695499964
32,2,23,10,6.346936778980307,6.906514761969447,0.5595779829891399,9.98650695499964
32,2,23,11,6.906514761969447,7.472181168966927,0.5656664069974795,9.98650695499964
32,2,23,12,7.472181168966927,8.03375853097532,0.5615773620083928,9.98650695499964
32,2,23,13,8.03375853097532,8.610242214985192,0.5764836840098724,9.98650695499964
32,2,23,14,8.610242214985192,9.263042635051534,0.6528004200663418,9.98650695499964
32,2,23,15,9.263042635051534,9.984561576042324,0.7215189409907907,9.98650695499964
32,2,23,16,9.984561576042324,9.988155998056754,0.0035944220144301653,9.98650695499964
32,2,24,1,0.18081082997377962,0.7299332469701767,0.5491224169963971,9.98650695499964
32,2,24,2,0.7299332469701767,1.302687352988869,0.5727541060186923,9.98650695499964
32,2,24,3,1.302687352988869,1.8537146099843085,0.5510272569954395,9.98650695499964
32,2,24,4,1.8537146099843085,2.424644622951746,0.5709300129674375,9.98650695499964
32,2,24,5,2.424644622951746,2.9817641970003024,0.5571195740485564,9.98650695499964
32,2,24,6,2.9817641970003024,3.542730216984637,0.5609660199843347,9.98650695499964
32,2,24,7,3.542730216984637,4.103710680035874,0.5609804630512372,9.98650695499964
32,2,24,8,4.103710680035874,4.6616173109505326,0.5579066309146583,9.98650695499964
32,2,24,9,4.6616173109505326,5.2256804530043155,0.5640631420537829,9.98650695499964
32,2,24,10,5.2256804530043155,5.781729336013086,0.5560488830087706,9.98650695499964
32,2,24,11,5.781729336013086,6.3455381259555,0.5638087899424136,9.98650695499964
32,2,24,12,6.3455381259555,6.905178703018464,0.5596405770629644,9.98650695499964
32,2,24,13,6.905178703018464,7.470595423015766,0.5654167199973017,9.98650695499964
32,2,24,14,7.470595423015766,8.032012611045502,0.5614171880297363,9.98650695499964
32,2,24,15,8.032012611045502,8.608721783966757,0.5767091729212552,9.98650695499964
32,2,24,16,8.608721783966757,9.261766207986511,0.6530444240197539,9.98650695499964
32,2,24,17,9.261766207986511,9.98311819403898,0.7213519860524684,9.98650695499964
32,2,24,18,9.98311819403898,9.987164822989143,0.004046628950163722,9.98650695499964
32,2,25,1,8.6091081550112,9.261942437035032,0.6528342820238322,9.98650695499964
32,2,25,2,9.261942437035032,9.98325281497091,0.7213103779358789,9.98650695499964
32,2,25,3,9.98325281497091,9.987281474051997,0.004028659081086516,9.98650695499964
32,2,26,1,1.8543931769672781,2.425321656977758,0.5709284800104797,9.98650695499964
32,2,26,2,2.425321656977758,2.982212070026435,0.5568904130486771,9.98650695499964
32,2,26,3,2.982212070026435,3.5431051820050925,0.5608931119786575,9.98650695499964
32,2,26,4,3.5431051820050925,4.104055513045751,0.5609503310406581,9.98650695499964
32,2,26,5,4.104055513045751,4.662201439961791,0.5581459269160405,9.98650695499964
32,2,26,6,4.662201439961791,5.226700986037031,0.5644995460752398,9.98650695499964
32,2,26,7,5.226700986037031,5.7827375730266795,0.5560365869896486,9.98650695499964
32,2,26,8,5.7827375730266795,6.346550344955176,0.5638127719284967,9.98650695499964
32,2,26,9,6.346550344955176,6.906333461985923,0.5597831170307472,9.98650695499964
32,2,26,10,6.906333461985923,7.472056968952529,0.5657235069666058,9.98650695499964
32,2,26,11,7.472056968952529,8.033373950980604,0.5613169820280746,9.98650695499964
32,2,26,12,8.033373950980604,8.610035661957227,0.576661710976623,9.98650695499964
32,2,26,13,8.610035661957227,9.262862276984379,0.652826615027152,9.98650695499964
32,2,26,14,9.262862276984379,9.9843877509702,0.721525473985821,9.98650695499964
32,2,26,15,9.9843877509702,9.987988276057877,0.0036005250876769423,9.98650695499964
32,2,27,1,1.3030578589532524,1.8539172030286863,0.5508593440754339,9.98650695499964
32,2,27,2,1.8539172030286863,2.4247858140151948,0.5708686109865084,9.98650695499964
32,2,27,3,2.4247858140151948,2.981934649986215,0.5571488359710202,9.98650695499964
32,2,27,4,2.981934649986215,3.5428812289610505,0.5609465789748356,9.98650695499964
32,2,27,5,3.5428812289610505,4.1038603290217,0.5609791000606492,9.98650695499964
32,2,27,6,4.1038603290217,4.661708432948217,0.5578481039265171,9.98650695499964
32,2,27,7,4.661708432948217,5.225808218005113,0.5640997850568965,9.98650695499964
32,2,27,8,5.225808218005113,5.781857850961387,0.5560496329562739,9.98650695499964
32,2,27,9,5.781857850961387,6.345683395978995,0.5638255450176075,9.98650695499964
32,2,27,10,6.345683395978995,6.905244886991568,0.5595614910125732,9.98650695499964
32,2,27,11,6.905244886991568,7.470663886982948,0.5654189999913797,9.98650695499964
32,2,27,12,7.470663886982948,8.032077566022053,0.5614136790391058,9.98650695499964
32,2,27,13,8.032077566022053,8.608785836957395,0.5767082709353417,9.98650695499964
32,2,27,14,8.608785836957395,9.26183517696336,0.653049340005964,9.98650695499964
32,2,27,15,9.26183517696336,9.983190597966313,0.7213554210029542,9.98650695499964
32,2,27,16,9.983190597966313,9.987223231000826,0.004032633034512401,9.98650695499964
32,2,28,1,8.032578499987721,8.609449774958193,0.5768712749704719,9.98650695499964
32,2,28,2,8.609449774958193,9.262154015013948,0.6527042400557548,9.98650695499964
32,2,28,3,9.262154015013948,9.983720496995375,0.7215664819814265,9.98650695499964
32,2,28,4,9.983720496995375,9.987445335020311,0.0037248380249366164,9.98650695499964
32,2,29,1,3.5434881589608267,4.104156575049274,0.560668416088447,9.98650695499964
32,2,29,2,4.104156575049274,4.661790839047171,0.5576342639978975,9.98650695499964
32,2,29,3,4.661790839047171,5.22588167397771,0.5640908349305391,9.98650695499964
32,2,29,4,5.22588167397771,5.781928253942169,0.5560465799644589,9.98650695499964
32,2,29,5,5.781928253942169,6.345748818013817,0.5638205640716478,9.98650695499964
32,2,29,6,6.345748818013817,6.905359045951627,0.5596102279378101,9.98650695499964
32,2,29,7,6.905359045951627,7.471200527972542,0.5658414820209146,9.98650695499964
32,2,29,8,7.471200527972542,8.032248271047138,0.5610477430745959,9.98650695499964
32,2,29,9,8.032248271047138,8.609355640946887,0.5771073698997498,9.98650695499964
32,2,29,10,8.609355640946887,9.262078423053026,0.6527227821061388,9.98650695499964
32,2,29,11,9.262078423053026,9.983526782947592,0.7214483598945662,9.98650695499964
32,2,29,12,9.983526782947592,9.987391614005901,0.003864831058308482,9.98650695499964
32,2,30,1,2.425223893020302,2.9821120779961348,0.5568881849758327,9.98650695499964
32,2,30,2,2.9821120779961348,3.5430407479871064,0.5609286699909717,9.98650695499964
32,2,30,3,3.5430407479871064,4.1039918180322275,0.560951070045121,9.98650695499964
32,2,30,4,4.1039918180322275,4.663600738043897,0.5596089200116694,9.98650695499964
32,2,30,5,4.663600738043897,5.227685799007304,0.5640850609634072,9.98650695499964
32,2,30,6,5.227685799007304,5.783711225958541,0.556025426951237,9.98650695499964
32,2,30,7,5.783711225958541,6.347545449039899,0.5638342230813578,9.98650695499964
32,2,30,8,6.347545449039899,6.9073978119995445,0.5598523629596457,9.98650695499964
32,2,30,9,6.9073978119995445,7.472878520959057,0.5654807089595124,9.98650695499964
32,2,30,10,7.472878520959057,8.034350053058006,0.561471532098949,9.98650695499964
32,2,30,11,8.034350053058006,8.61090016597882,0.5765501129208133,9.98650695499964
32,2,30,12,8.61090016597882,9.263747166027315,0.6528470000484958,9.98650695499964
32,2,30,13,9.263747166027315,9.985179702052847,0.7214325360255316,9.98650695499964
32,2,30,14,9.985179702052847,9.988738453947008,0.003558751894161105,9.98650695499964
32,2,31,1,4.103207419975661,4.661478664027527,0.5582712440518662,9.98650695499964
32,2,31,2,4.661478664027527,5.225600322009996,0.5641216579824686,9.98650695499964
32,2,31,3,5.225600322009996,5.7816520819906145,0.556051759980619,9.98650695499964
32,2,31,4,5.7816520819906145,6.34546106797643,0.5638089859858155,9.98650695499964
32,2,31,5,6.34546106797643,6.90509099396877,0.5596299259923398,9.98650695499964
32,2,31,6,6.90509099396877,7.470519250025973,0.5654282560572028,9.98650695499964
32,2,31,7,7.470519250025973,8.031939700013027,0.5614204499870539,9.98650695499964
32,2,31,8,8.031939700013027,8.608646212960593,0.5767065129475668,9.98650695499964
32,2,31,9,8.608646212960593,9.26168867899105,0.6530424660304561,9.98650695499964
32,2,31,10,9.26168867899105,9.98305227200035,0.7213635930093005,9.98650695499964
32,2,31,11,9.98305227200035,9.987099051009864,0.004046779009513557,9.98650695499964
32,3,0,1,6.9048156349454075,7.466918101999909,0.5621024670545012,9.986557185999118
32,3,0,2,7.466918101999909,8.029407077934593,0.5624889759346843,9.986557185999118
32,3,0,3,8.029407077934593,8.609915765933692,0.5805086879990995,9.986557185999118
32,3,0,4,8.609915765933692,9.259209763957188,0.6492939980234951,9.986557185999118
32,3,0,5,9.259209763957188,9.984209728892893,0.7249999649357051,9.986557185999118
32,3,0,6,9.984209728892893,9.98821787594352,0.004008147050626576,9.986557185999118
32,3,1,1,7.466592903947458,8.029114383971319,0.5625214800238609,9.986557185999118
32,3,1,2,8.029114383971319,8.6090926079778,0.5799782240064815,9.986557185999118
32,3,1,3,8.6090926079778,9.258731498965062,0.6496388909872621,9.986557185999118
32,3,1,4,9.258731498965062,9.983752415981144,0.7250209170160815,9.986557185999118
32,3,1,5,9.983752415981144,9.987939210957848,0.004186794976703823,9.986557185999118
32,3,2,1,6.344035820919089,6.905612201895565,0.5615763809764758,9.986557185999118
32,3,2,2,6.905612201895565,7.467902556993067,0.5622903550975025,9.986557185999118
32,3,2,3,7.467902556993067,8.030572289950214,0.5626697329571471,9.986557185999118
32,3,2,4,8.030572289950214,8.610921095940284,0.5803488059900701,9.986557185999118
32,3,2,5,8.610921095940284,9.260139682912268,0.6492185869719833,9.986557185999118
32,3,2,6,9.260139682912268,9.985046643996611,0.7249069610843435,9.986557185999118
32,3,2,7,9.985046643996611,9.988929665996693,0.003883022000081837,9.986557185999118
32,3,3,1,3.535642055911012,4.098053631954826,0.5624115760438144,9.986557185999118
32,3,3,2,4.098053631954826,4.656308752950281,0.5582551209954545,9.986557185999118
32,3,3,3,4.656308752950281,5.220762715907767,0.5644539629574865,9.986557185999118
32,3,3,4,5.220762715907767,5.777079361956567,0.5563166460487992,9.986557185999118
32,3,3,5,5.777079361956567,6.342583819990978,0.5655044580344111,9.986557185999118
32,3,3,6,6.342583819990978,6.904154282994568,0.5615704630035907,9.986557185999118
32,3,3,7,6.904154282994568,7.466223878902383,0.5620695959078148,9.986557185999118
32,3,3,8,7.466223878902383,8.028963864897378,0.5627399859949946,9.986557185999118
32,3,3,9,8.028963864897378,8.608945630956441,0.5799817660590634,9.986557185999118
32,3,3,10,8.608945630956441,9.25858393998351,0.6496383090270683,9.986557185999118
32,3,3,11,9.25858393998351,9.983634378993884,0.7250504390103742,9.986557185999118
32,3,3,12,9.983634378993884,9.98783087299671,0.004196494002826512,9.986557185999118
32,3,4,1,5.777004438918084,6.3424663819605485,0.5654619430424646,9.986557185999118
32,3,4,2,6.3424663819605485,6.9040704149520025,0.561604032991454,9.986557185999118
32,3,4,3,6.9040704149520025,7.466164756915532,0.5620943419635296,9.986557185999118
32,3,4,4,7.466164756915532,8.028899484896101,0.562734727980569,9.986557185999118
32,3,4,5,8.028899484896101,8.60887538199313,0.5799758970970288,9.986557185999118
32,3,4,6,8.60887538199313,9.258517612935975,0.6496422309428453,9.986557185999118
32,3,4,7,9.258517612935975,9.98357414198108,0.725056529045105,9.986557185999118
32,3,4,8,9.98357414198108,9.987769378931262,0.004195236950181425,9.986557185999118
32,3,5,1,5.221533058909699,5.777544536977075,0.5560114780673757,9.986557185999118
32,3,5,2,5.777544536977075,6.343403386999853,0.5658588500227779,9.986557185999118
32,3,5,3,6.343403386999853,6.905120676965453,0.5617172899655998,9.986557185999118
32,3,5,4,6.905120676965453,7.467206792905927,0.562086115940474,9.986557185999118
32,3,5,5,7.467206792905927,8.029637569910847,0.56243077700492,9.986557185999118
32,3,5,6,8.029637569910847,8.610189236933365,0.5805516670225188,9.986557185999118
32,3,5,7,8.610189236933365,9.259475548984483,0.6492863120511174,9.986557185999118
32,3,5,8,9.259475548984483,9.984459013910964,0.7249834649264812,9.986557185999118
32,3,5,9,9.984459013910964,9.988435546983965,0.00397653307300061,9.986557185999118
32,3,6,1,6.905979331000708,7.468038383987732,0.5620590529870242,9.986557185999118
32,3,6,2,7.468038383987732,8.030967818922363,0.562929434934631,9.986557185999118
32,3,6,3,8.030967818922363,8.611170840915293,0.5802030219929293,9.986557185999118
32,3,6,4,8.611170840915293,9.260332549922168,0.6491617090068758,9.986557185999118
32,3,6,5,9.260332549922168,9.985218416899443,0.7248858669772744,9.986557185999118
32,3,6,6,9.985218416899443,9.98908746195957,0.0038690450601279736,9.986557185999118
32,3,7,1,4.099292983999476,4.655630355933681,0.5563373719342053,9.986557185999118
32,3,7,2,4.655630355933681,5.220422364887781,0.5647920089541003,9.986557185999118
32,3,7,3,5.220422364887781,5.776300271973014,0.5558779070852324,9.986557185999118
32,3,7,4,5.776300271973014,6.342092601000331,0.5657923290273175,9.986557185999118
32,3,7,5,6.342092601000331,6.903308166889474,0.5612155658891425,9.986557185999118
32,3,7,6,6.903308166889474,7.46578685590066,0.5624786890111864,9.986557185999118
32,3,7,7,7.46578685590066,8.028488692943938,0.5627018370432779,9.986557185999118
32,3,7,8,8.028488692943938,8.608406727900729,0.5799180349567905,9.986557185999118
32,3,7,9,8.608406727900729,9.258047150913626,0.6496404230128974,9.986557185999118
32,3,7,10,9.258047150913626,9.983173713902943,0.7251265629893169,9.986557185999118
32,3,7,11,9.983173713902943,9.987487061996944,0.004313348094001412,9.986557185999118
32,3,8,1,4.656239278963767,5.220702526974492,0.5644632480107248,9.986557185999118
32,3,8,2,5.220702526974492,5.7766454389784485,0.5559429120039567,9.986557185999118
32,3,8,3,5.7766454389784485,6.342363368952647,0.5657179299741983,9.986557185999118
32,3,8,4,6.342363368952647,6.903966789948754,0.5616034209961072,9.986557185999118
32,3,8,5,6.903966789948754,7.4661037100013345,0.5621369200525805,9.986557185999118
32,3,8,6,7.4661037100013345,8.02883246098645,0.5627287509851158,9.986557185999118
32,3,8,7,8.02883246098645,8.608796070911922,0.5799636099254712,9.986557185999118
32,3,8,8,8.608796070911922,9.258448163978755,0.6496520930668339,9.986557185999118
32,3,8,9,9.258448163978755,9.983513447921723,0.7250652839429677,9.986557185999118
32,3,8,10,9.983513447921723,9.987712895963341,0.00419944804161787,9.986557185999118
32,3,9,1,7.467721682973206,8.03005660197232,0.5623349189991131,9.986557185999118
32,3,9,2,8.03005660197232,8.61060075496789,0.5805441529955715,9.986557185999118
32,3,9,3,8.61060075496789,9.259809393901378,0.6492086389334872,9.986557185999118
32,3,9,4,9.259809393901378,9.984749840921722,0.7249404470203444,9.986557185999118
32,3,9,5,9.984749840921722,9.988703860901296,0.003954019979573786,9.986557185999118
32,3,10,1,1.2964010939467698,1.8476737729506567,0.5512726790038869,9.986557185999118
32,3,10,2,1.8476737729506567,2.415822797920555,0.5681490249698982,9.986557185999118
32,3,10,3,2.415822797920555,2.9730899459682405,0.5572671480476856,9.986557185999118
32,3,10,4,2.9730899459682405,3.5353119599167258,0.5622220139484853,9.986557185999118
32,3,10,5,3.5353119599167258,4.097875982988626,0.5625640230719,9.986557185999118
32,3,10,6,4.097875982988626,4.657257100916468,0.5593811179278418,9.986557185999118
32,3,10,7,4.657257100916468,5.2220875539351255,0.5648304530186579,9.986557185999118
32,3,10,8,5.2220875539351255,5.777979742968455,0.5558921890333295,9.986557185999118
32,3,10,9,5.777979742968455,6.343751321895979,0.5657715789275244,9.986557185999118
32,3,10,10,6.343751321895979,6.9055231279926375,0.5617718060966581,9.986557185999118
32,3,10,11,6.9055231279926375,7.467844430939294,0.5623213029466569,9.986557185999118
32,3,10,12,7.467844430939294,8.030172536964528,0.5623281060252339,9.986557185999118
32,3,10,13,8.030172536964528,8.610736842965707,0.5805643060011789,9.986557185999118
32,3,10,14,8.610736842965707,9.259947035927325,0.6492101929616183,9.986557185999118
32,3,10,15,9.259947035927325,9.984877141891047,0.7249301059637219,9.986557185999118
32,3,10,16,9.984877141891047,9.988809128990397,0.003931987099349499,9.986557185999118
32,3,11,1,5.22192267596256,5.777795174974017,0.555872499011457,9.986557185999118
32,3,11,2,5.777795174974017,6.343579550972208,0.5657843759981915,9.986557185999118
32,3,11,3,6.343579550972208,6.905302859959193,0.5617233089869842,9.986557185999118
32,3,11,4,6.905302859959193,7.467378993984312,0.5620761340251192,9.986557185999118
32,3,11,5,7.467378993984312,8.029903400922194,0.5625244069378823,9.986557185999118
32,3,11,6,8.029903400922194,8.610459249932319,0.5805558490101248,9.986557185999118
32,3,11,7,8.610459249932319,9.259682493982837,0.6492232440505177,9.986557185999118
32,3,11,8,9.259682493982837,9.984633080894127,0.7249505869112909,9.986557185999118
32,3,11,9,9.984633080894127,9.988597927964292,0.0039648470701649785,9.986557185999118
32,3,12,1,5.778340197983198,6.344185586902313,0.5658453889191151,9.986557185999118
32,3,12,2,6.344185586902313,6.906051390920766,0.5618658040184528,9.986557185999118
32,3,12,3,6.906051390920766,7.468093327945098,0.5620419370243326,9.986557185999118
32,3,12,4,7.468093327945098,8.031028997967951,0.5629356700228527,9.986557185999118
32,3,12,5,8.031028997967951,8.611235506949015,0.580206508981064,9.986557185999118
32,3,12,6,8.611235506949015,9.260408974951133,0.6491734680021182,9.986557185999118
32,3,12,7,9.260408974951133,9.98527473397553,0.7248657590243965,9.986557185999118
32,3,12,8,9.98527473397553,9.989140968886204,0.003866234910674393,9.986557185999118
32,3,13,1,0.7265194759238511,1.2966864659683779,0.5701669900445268,9.986557185999118
32,3,13,2,1.2966864659683779,1.8478801979217678,0.5511937319533899,9.986557185999118
32,3,13,3,1.8478801979217678,2.4160676619503647,0.5681874640285969,9.986557185999118
32,3,13,4,2.4160676619503647,2.9732741659972817,0.557206504046917,9.986557185999118
32,3,13,5,2.9732741659972817,3.5358455569949,0.5625713909976184,9.986557185999118
32,3,13,6,3.5358455569949,4.098752010962926,0.5629064539680257,9.986557185999118
32,3,13,7,4.098752010962926,4.656699453946203,0.5579474429832771,9.986557185999118
32,3,13,8,4.656699453946203,5.2209876829292625,0.5642882289830595,9.986557185999118
32,3,13,9,5.2209876829292625,5.777260061935522,0.5562723790062591,9.986557185999118
32,3,13,10,5.777260061935522,6.342761971987784,0.5655019100522622,9.986557185999118
32,3,13,11,6.342761971987784,6.904350017895922,0.5615880459081382,9.986557185999118
32,3,13,12,6.904350017895922,7.466761714895256,0.5624116969993338,9.986557185999118
32,3,13,13,7.466761714895256,8.029235751950182,0.5624740370549262,9.986557185999118
32,3,13,14,8.029235751950182,8.609226194908842,0.5799904429586604,9.986557185999118
32,3,13,15,8.609226194908842,9.258871729951352,0.6496455350425094,9.986557185999118
32,3,13,16,9.258871729951352,9.98388300393708,0.7250112739857286,9.986557185999118
32,3,13,17,9.98388300393708,9.988051152904518,0.004168148967437446,9.986557185999118
32,3,14,1,8.030905268969946,8.611099190893583,0.5801939219236374,9.986557185999118
32,3,14,2,8.611099190893583,9.260270642931573,0.6491714520379901,9.986557185999118
32,3,14,3,9.260270642931573,9.985161529970355,0.7248908870387822,9.986557185999118
32,3,14,4,9.985161529970355,9.989034368889406,0.0038728389190509915,9.986557185999118
32,3,15,1,4.6565800389507785,5.220849140896462,0.5642691019456834,9.986557185999118
32,3,15,2,5.220849140896462,5.777140431920998,0.5562912910245359,9.986557185999118
32,3,15,3,5.777140431920998,6.342645474942401,0.5655050430214033,9.986557185999118
32,3,15,4,6.342645474942401,6.904227646999061,0.5615821720566601,9.986557185999118
32,3,15,5,6.904227646999061,7.466281436965801,0.5620537899667397,9.986557185999118
32,3,15,6,7.466281436965801,8.029024825897068,0.562743388931267,9.986557185999118
32,3,15,7,8.029024825897068,8.609011829947121,0.5799870040500537,9.986557185999118
32,3,15,8,8.609011829947121,9.258663992979564,0.6496521630324423,9.986557185999118
32,3,15,9,9.258663992979564,9.98369429889135,0.7250303059117869,9.986557185999118
32,3,15,10,9.98369429889135,9.987886187969707,0.004191889078356326,9.986557185999118
32,3,16,1,2.9729583599837497,3.535180029924959,0.5622216699412093,9.986557185999118
32,3,16,2,3.535180029924959,4.0977856878889725,0.5626056579640135,9.986557185999118
32,3,16,3,4.0977856878889725,4.655448421952315,0.5576627340633422,9.986557185999118
32,3,16,4,4.655448421952315,5.220272068982013,0.5648236470296979,9.986557185999118
32,3,16,5,5.220272068982013,5.776136221946217,0.5558641529642045,9.986557185999118
32,3,16,6,5.776136221946217,6.341971113928594,0.5658348919823766,9.986557185999118
32,3,16,7,6.341971113928594,6.903068177984096,0.5610970640555024,9.986557185999118
32,3,16,8,6.903068177984096,7.465643876930699,0.5625756989466026,9.986557185999118
32,3,16,9,7.465643876930699,8.02833490492776,0.5626910279970616,9.986557185999118
32,3,16,10,8.02833490492776,8.608232469996437,0.5798975650686771,9.986557185999118
32,3,16,11,8.608232469996437,9.25786795199383,0.6496354819973931,9.986557185999118
32,3,16,12,9.25786795199383,9.982944523915648,0.725076571921818,9.986557185999118
32,3,16,13,9.982944523915648,9.98741410090588,0.004469576990231872,9.986557185999118
32,3,17,1,1.2969730839831755,1.8482397519983351,0.5512666680151597,9.986557185999118
32,3,17,2,1.8482397519983351,2.4162282419856638,0.5679884899873286,9.986557185999118
32,3,17,3,2.4162282419856638,2.9733886889880523,0.5571604470023885,9.986557185999118
32,3,17,4,2.9733886889880523,3.535962226917036,0.5625735379289836,9.986557185999118
32,3,17,5,3.535962226917036,4.098912609973922,0.5629503830568865,9.986557185999118
32,3,17,6,4.098912609973922,4.655708814971149,0.5567962049972266,9.986557185999118
32,3,17,7,4.655708814971149,5.220494690001942,0.5647858750307932,9.986557185999118
32,3,17,8,5.220494690001942,5.776375997927971,0.555881307926029,9.986557185999118
32,3,17,9,5.776375997927971,6.34216363390442,0.5657876359764487,9.986557185999118
32,3,17,10,6.34216363390442,6.903400930925272,0.5612372970208526,9.986557185999118
32,3,17,11,6.903400930925272,7.46591859695036,0.5625176660250872,9.986557185999118
32,3,17,12,7.46591859695036,8.02862280397676,0.5627042070263997,9.986557185999118
32,3,17,13,8.02862280397676,8.60849822696764,0.5798754229908809,9.986557185999118
32,3,17,14,8.60849822696764,9.258131503942423,0.6496332769747823,9.986557185999118
32,3,17,15,9.258131503942423,9.983242537942715,0.7251110340002924,9.986557185999118
32,3,17,16,9.983242537942715,9.98754443496,0.004301897017285228,9.986557185999118
32,3,18,1,1.8475299229612574,2.4157441309653223,0.5682142080040649,9.986557185999118
32,3,18,2,2.4157441309653223,2.9726137599209324,0.5568696289556101,9.986557185999118
32,3,18,3,2.9726137599209324,3.5350833599222824,0.56246960000135,9.986557185999118
32,3,18,4,3.5350833599222824,4.097704627900384,0.562621267978102,9.986557185999118
32,3,18,5,4.097704627900384,4.656880806898698,0.5591761789983138,9.986557185999118
32,3,18,6,4.656880806898698,5.2212106079095975,0.5643298010108992,9.986557185999118
32,3,18,7,5.2212106079095975,5.777438186923973,0.5562275790143758,9.986557185999118
32,3,18,8,5.777438186923973,6.343339955899864,0.5659017689758912,9.986557185999118
32,3,18,9,6.343339955899864,6.905059049953707,0.5617190940538421,9.986557185999118
32,3,18,10,6.905059049953707,7.46715098596178,0.5620919360080734,9.986557185999118
32,3,18,11,7.46715098596178,8.029580229893327,0.5624292439315468,9.986557185999118
32,3,18,12,8.029580229893327,8.610116131952964,0.580535902059637,9.986557185999118
32,3,18,13,8.610116131952964,9.259409947902896,0.6492938159499317,9.986557185999118
32,3,18,14,9.259409947902896,9.98439710889943,0.7249871609965339,9.986557185999118
32,3,18,15,9.98439710889943,9.988379873917438,0.003982765018008649,9.986557185999118
32,3,19,1,8.609731944976375,9.258976999903098,0.6492450549267232,9.986557185999118
32,3,19,2,9.258976999903098,9.983943637926131,0.7249666380230337,9.986557185999118
32,3,19,3,9.983943637926131,9.988106938893907,0.004163300967775285,9.986557185999118
32,3,20,1,2.416557482909411,2.973475743900053,0.556918260990642,9.986557185999118
32,3,20,2,2.973475743900053,3.536307395901531,0.5628316520014778,9.986557185999118
32,3,20,3,3.536307395901531,4.099471295950934,0.5631639000494033,9.986557185999118
32,3,20,4,4.099471295950934,4.655919349985197,0.5564480540342629,9.986557185999118
32,3,20,5,4.655919349985197,5.220618126913905,0.564698776928708,9.986557185999118
32,3,20,6,5.220618126913905,5.776578516932204,0.5559603900182992,9.986557185999118
32,3,20,7,5.776578516932204,6.342297134920955,0.5657186179887503,9.986557185999118
32,3,20,8,6.342297134920955,6.903845809982158,0.5615486750612035,9.986557185999118
32,3,20,9,6.903845809982158,7.466043928987347,0.5621981190051883,9.986557185999118
32,3,20,10,7.466043928987347,8.028759312001057,0.5627153830137104,9.986557185999118
32,3,20,11,8.028759312001057,8.608723147888668,0.5799638358876109,9.986557185999118
32,3,20,12,8.608723147888668,9.258366734953597,0.6496435870649293,9.986557185999118
32,3,20,13,9.258366734953597,9.983449149993248,0.7250824150396511,9.986557185999118
32,3,20,14,9.983449149993248,9.98765572393313,0.004206573939882219,9.986557185999118
32,3,21,1,1.8481527849799022,2.4161699939286336,0.5680172089487314,9.986557185999118
32,3,21,2,2.4161699939286336,2.9733316019410267,0.5571616080123931,9.986557185999118
32,3,21,3,2.9733316019410267,3.5359052839921787,0.562573682051152,9.986557185999118
32,3,21,4,3.5359052839921787,4.098818506929092,0.5629132229369134,9.986557185999118
32,3,21,5,4.098818506929092,4.6573118979576975,0.5584933910286054,9.986557185999118
32,3,21,6,4.6573118979576975,5.222141210921109,0.5648293129634112,9.986557185999118
32,3,21,7,5.222141210921109,5.7780374739086255,0.5558962629875168,9.986557185999118
32,3,21,8,5.7780374739086255,6.344096290995367,0.5660588170867413,9.986557185999118
32,3,21,9,6.344096290995367,6.905669095925987,0.5615728049306199,9.986557185999118
32,3,21,10,6.905669095925987,7.467955848900601,0.5622867529746145,9.986557185999118
32,3,21,11,7.467955848900601,8.030628932989202,0.5626730840886012,9.986557185999118
32,3,21,12,8.030628932989202,8.610986052895896,0.5803571199066937,9.986557185999118
32,3,21,13,8.610986052895896,9.260209001949988,0.6492229490540922,9.986557185999118
32,3,21,14,9.260209001949988,9.985104303923436,0.7248953019734472,9.986557185999118
32,3,21,15,9.985104303923436,9.988983336952515,0.0038790330290794373,9.986557185999118
32,3,22,1,8.030505715985782,8.610854541999288,0.5803488260135055,9.986557185999118
32,3,22,2,8.610854541999288,9.260064118891023,0.6492095768917352,9.986557185999118
32,3,22,3,9.260064118891023,9.984984465991147,0.7249203471001238,9.986557185999118
32,3,22,4,9.984984465991147,9.98887245496735,0.003887988976202905,9.986557185999118
32,3,23,1,6.34314904094208,6.90493031591177,0.5617812749696895,9.986557185999118
32,3,23,2,6.90493031591177,7.466975798946805,0.5620454830350354,9.986557185999118
32,3,23,3,7.466975798946805,8.029465258936398,0.5624894599895924,9.986557185999118
32,3,23,4,8.029465258936398,8.609981241985224,0.5805159830488265,9.986557185999118
32,3,23,5,8.609981241985224,9.259281385922804,0.6493001439375803,9.986557185999118
32,3,23,6,9.259281385922804,9.984270024928264,0.7249886390054598,9.986557185999118
32,3,23,7,9.984270024928264,9.988272039918229,0.004002014989964664,9.986557185999118
32,3,24,1,0.1733179169241339,0.7261639559874311,0.5528460390632972,9.986557185999118
32,3,24,2,0.7261639559874311,1.296591809950769,0.5704278539633378,9.986557185999118
32,3,24,3,1.296591809950769,1.8478036460001022,0.5512118360493332,9.986557185999118
32,3,24,4,1.8478036460001022,2.416002610931173,0.5681989649310708,9.986557185999118
32,3,24,5,2.416002610931173,2.973214556928724,0.5572119459975511,9.986557185999118
32,3,24,6,2.973214556928724,3.535774150979705,0.5625595940509811,9.986557185999118
32,3,24,7,3.535774150979705,4.098216018988751,0.5624418680090457,9.986557185999118
32,3,24,8,4.098216018988751,4.656970351934433,0.5587543329456821,9.986557185999118
32,3,24,9,4.656970351934433,5.22159444692079,0.5646240949863568,9.986557185999118
32,3,24,10,5.22159444692079,5.777604050934315,0.556009604013525,9.986557185999118
32,3,24,11,5.777604050934315,6.343464294914156,0.5658602439798415,9.986557185999118
32,3,24,12,6.343464294914156,6.905181248905137,0.561716953990981,9.986557185999118
32,3,24,13,6.905181248905137,7.467259417986497,0.5620781690813601,9.986557185999118
32,3,24,14,7.467259417986497,8.029761557932943,0.5625021399464458,9.986557185999118
32,3,24,15,8.029761557932943,8.610254368977621,0.5804928110446781,9.986557185999118
32,3,24,16,8.610254368977621,9.259539347956888,0.6492849789792672,9.986557185999118
32,3,24,17,9.259539347956888,9.984517517965287,0.7249781700083986,9.986557185999118
32,3,24,18,9.984517517965287,9.988489611889236,0.003972093923948705,9.986557185999118
32,3,25,1,4.098658704897389,4.657076897914521,0.5584181930171326,9.986557185999118
32,3,25,2,4.657076897914521,5.221651123953052,0.5645742260385305,9.986557185999118
32,3,25,3,5.221651123953052,5.777664024964906,0.5560129010118544,9.986557185999118
32,3,25,4,5.777664024964906,6.343522569979541,0.5658585450146347,9.986557185999118
32,3,25,5,6.343522569979541,6.905243866960518,0.5617212969809771,9.986557185999118
32,3,25,6,6.905243866960518,7.467323031974956,0.5620791650144383,9.986557185999118
32,3,25,7,7.467323031974956,8.02982313989196,0.5625001079170033,9.986557185999118
32,3,25,8,8.02982313989196,8.610390190966427,0.5805670510744676,9.986557185999118
32,3,25,9,8.610390190966427,9.259603343904018,0.6492131529375911,9.986557185999118
32,3,25,10,9.259603343904018,9.984575413982384,0.7249720700783655,9.986557185999118
32,3,25,11,9.984575413982384,9.988543594954535,0.003968180972151458,9.986557185999118
32,3,26,1,2.9737619248917326,3.536421887925826,0.5626599630340934,9.986557185999118
32,3,26,2,3.536421887925826,4.099535916931927,0.5631140290061012,9.986557185999118
32,3,26,3,4.099535916931927,4.657144268974662,0.5576083520427346,9.986557185999118
32,3,26,4,4.657144268974662,5.221979675930925,0.5648354069562629,9.986557185999118
32,3,26,5,5.221979675930925,5.777862128918059,0.5558824529871345,9.986557185999118
32,3,26,6,5.777862128918059,6.343636652920395,0.565774524002336,9.986557185999118
32,3,26,7,6.343636652920395,6.905361767974682,0.561725115054287,9.986557185999118
32,3,26,8,6.905361767974682,7.467435760889202,0.5620739929145202,9.986557185999118
32,3,26,9,7.467435760889202,8.029963673907332,0.5625279130181298,9.986557185999118
32,3,26,10,8.029963673907332,8.61052678595297,0.5805631120456383,9.986557185999118
32,3,26,11,8.61052678595297,9.259746636962518,0.6492198510095477,9.986557185999118
32,3,26,12,9.259746636962518,9.984690823941492,0.7249441869789734,9.986557185999118
32,3,26,13,9.984690823941492,9.988651637919247,0.003960813977755606,9.986557185999118
32,3,27,1,2.4168957949150354,2.97386215289589,0.5569663579808548,9.986557185999118
32,3,27,2,2.97386215289589,3.5364814759232104,0.5626193230273202,9.986557185999118
32,3,27,3,3.5364814759232104,4.099600485991687,0.5631190100684762,9.986557185999118
32,3,27,4,4.099600485991687,4.656755150994286,0.5571546650025994,9.986557185999118
32,3,27,5,4.656755150994286,5.221046935999766,0.56429178500548,9.986557185999118
32,3,27,6,5.221046935999766,5.777321106987074,0.556274170987308,9.986557185999118
32,3,27,7,5.777321106987074,6.342821890953928,0.5655007839668542,9.986557185999118
32,3,27,8,6.342821890953928,6.904413348995149,0.5615914580412209,9.986557185999118
32,3,27,9,6.904413348995149,7.466819176916033,0.5624058279208839,9.986557185999118
32,3,27,10,7.466819176916033,8.02934261993505,0.5625234430190176,9.986557185999118
32,3,27,11,8.02934261993505,8.609845533967018,0.5805029140319675,9.986557185999118
32,3,27,12,8.609845533967018,9.259074884001166,0.6492293500341475,9.986557185999118
32,3,27,13,9.259074884001166,9.984090708894655,0.7250158248934895,9.986557185999118
32,3,27,14,9.984090708894655,9.988162329886109,0.004071620991453528,9.986557185999118
32,3,28,1,3.5362439359305426,4.099391073919833,0.5631471379892901,9.986557185999118
32,3,28,2,4.099391073919833,4.655853599891998,0.5564625259721652,9.986557185999118
32,3,28,3,4.655853599891998,5.220559312961996,0.5647057130699977,9.986557185999118
32,3,28,4,5.220559312961996,5.776441735913977,0.5558824229519814,9.986557185999118
32,3,28,5,5.776441735913977,6.342226652894169,0.5657849169801921,9.986557185999118
32,3,28,6,6.342226652894169,6.903492958983406,0.5612663060892373,9.986557185999118
32,3,28,7,6.903492958983406,7.465982747962698,0.5624897889792919,9.986557185999118
32,3,28,8,7.465982747962698,8.028693756903522,0.5627110089408234,9.986557185999118
32,3,28,9,8.028693756903522,8.608639601967297,0.5799458450637758,9.986557185999118
32,3,28,10,8.608639601967297,9.258293306920677,0.6496537049533799,9.986557185999118
32,3,28,11,9.258293306920677,9.983307862887159,0.7250145559664816,9.986557185999118
32,3,28,12,9.983307862887159,9.987601807923056,0.004293945035897195,9.986557185999118
32,3,29,1,0.726834628963843,1.2970628979383036,0.5702282689744607,9.986557185999118
32,3,29,2,1.2970628979383036,1.848299273988232,0.5512363760499284,9.986557185999118
32,3,29,3,1.848299273988232,2.416961613926105,0.5686623399378732,9.986557185999118
32,3,29,4,2.416961613926105,2.97391992690973,0.5569583129836246,9.986557185999118
32,3,29,5,2.97391992690973,3.5365383949829265,0.5626184680731967,9.986557185999118
32,3,29,6,3.5365383949829265,4.099680329905823,0.5631419349228963,9.986557185999118
32,3,29,7,4.099680329905823,4.657201975933276,0.5575216460274532,9.986557185999118
32,3,29,8,4.657201975933276,5.222034542937763,0.5648325670044869,9.986557185999118
32,3,29,9,5.222034542937763,5.777921027969569,0.5558864850318059,9.986557185999118
32,3,29,10,5.777921027969569,6.343694047885947,0.565773019916378,9.986557185999118
32,3,29,11,6.343694047885947,6.905421343981288,0.5617272960953414,9.986557185999118
32,3,29,12,6.905421343981288,7.467781789950095,0.5623604459688067,9.986557185999118
32,3,29,13,7.467781789950095,8.030115862959065,0.5623340730089694,9.986557185999118
32,3,29,14,8.030115862959065,8.610670592985116,0.5805547300260514,9.986557185999118
32,3,29,15,8.610670592985116,9.259884358965792,0.6492137659806758,9.986557185999118
32,3,29,16,9.259884358965792,9.984806675929576,0.7249223169637844,9.986557185999118
32,3,29,17,9.984806675929576,9.988756381906569,0.0039497059769928455,9.986557185999118
32,3,30,1,-0.3923269200604409,0.17345552693586797,0.5657824469963089,9.986557185999118
32,3,30,2,0.17345552693586797,0.7258940129540861,0.5524384860182181,9.986557185999118
32,3,30,3,0.7258940129540861,1.2959647049428895,0.5700706919888034,9.986557185999118
32,3,30,4,1.2959647049428895,1.847149348934181,0.5511846439912915,9.986557185999118
32,3,30,5,1.847149348934181,2.415560437948443,0.568411089014262,9.986557185999118
32,3,30,6,2.415560437948443,2.9724564549978822,0.5568960170494393,9.986557185999118
32,3,30,7,2.9724564549978822,3.5349284429103136,0.5624719879124314,9.986557185999118
32,3,30,8,3.5349284429103136,4.097526112920605,0.562597670010291,9.986557185999118
32,3,30,9,4.097526112920605,4.656814715941437,0.5592886030208319,9.986557185999118
32,3,30,10,4.656814715941437,5.221154616912827,0.5643399009713903,9.986557185999118
32,3,30,11,5.221154616912827,5.777380761923268,0.5562261450104415,9.986557185999118
32,3,30,12,5.777380761923268,6.343279421911575,0.5658986599883065,9.986557185999118
32,3,30,13,6.343279421911575,6.90499802492559,0.5617186030140147,9.986557185999118
32,3,30,14,6.90499802492559,7.467092746985145,0.5620947220595554,9.986557185999118
32,3,30,15,7.467092746985145,8.029523058910854,0.5624303119257092,9.986557185999118
32,3,30,16,8.029523058910854,8.61004984099418,0.5805267820833251,9.986557185999118
32,3,30,17,8.61004984099418,9.259347424958833,0.6492975839646533,9.986557185999118
32,3,30,18,9.259347424958833,9.984327172976919,0.724979748018086,9.986557185999118
32,3,30,19,9.984327172976919,9.988326046965085,0.0039988739881664515,9.986557185999118
32,3,31,2,-0.3927064500749111,0.17295319598633796,0.5656596460612491,9.986557185999118
32,3,31,3,0.17295319598633796,0.7260500378906727,0.5530968419043347,9.986557185999118
32,3,31,4,0.7260500378906727,1.2965187869267538,0.5704687490360811,9.986557185999118
32,3,31,5,1.2965187869267538,1.8477407689206302,0.5512219819938764,9.986557185999118
32,3,31,6,1.8477407689206302,2.415896267979406,0.5681554990587756,9.986557185999118
32,3,31,7,2.415896267979406,2.9731541369110346,0.5572578689316288,9.986557185999118
32,3,31,8,2.9731541369110346,3.5357115149963647,0.5625573780853301,9.986557185999118
32,3,31,9,3.5357115149963647,4.098146995995194,0.562435480998829,9.986557185999118
32,3,31,10,4.098146995995194,4.656641011941247,0.558494015946053,9.986557185999118
32,3,31,11,4.656641011941247,5.220906005939469,0.564264993998222,9.986557185999118
32,3,31,12,5.220906005939469,5.777200390934013,0.5562943849945441,9.986557185999118
32,3,31,13,5.777200390934013,6.342703198897652,0.5655028079636395,9.986557185999118
32,3,31,14,6.342703198897652,6.904289206955582,0.5615860080579296,9.986557185999118
32,3,31,15,6.904289206955582,7.466703258920461,0.562414051964879,9.986557185999118
32,3,31,16,7.466703258920461,8.029176402953453,0.5624731440329924,9.986557185999118
32,3,31,17,8.029176402953453,8.609162876964547,0.5799864740110934,9.986557185999118
32,3,31,18,8.609162876964547,9.258797632995993,0.6496347560314462,9.986557185999118
32,3,31,19,9.258797632995993,9.983812497928739,0.7250148649327457,9.986557185999118
32,3,31,20,9.983812497928739,9.987995117902756,0.004182619974017143,9.986557185999118
32,4,0,3,-0.14570154494140297,0.4361113770864904,0.5818129220278934,9.977529325056821
32,4,0,4,0.4361113770864904,0.9924612439936027,0.5563498669071123,9.977529325056821
32,4,0,5,0.9924612439936027,1.5504476859932765,0.5579864419996738,9.977529325056821
32,4,0,6,1.5504476859932765,2.1134849640075117,0.5630372780142352,9.977529325056821
32,4,0,7,2.1134849640075117,2.670388866099529,0.5569039020920172,9.977529325056821
32,4,0,8,2.670388866099529,3.2361015310743824,0.5657126649748534,9.977529325056821
32,4,0,9,3.2361015310743824,3.797359313000925,0.5612577819265425,9.977529325056821
32,4,0,10,3.797359313000925,4.361853300011717,0.5644939870107919,9.977529325056821
32,4,0,11,4.361853300011717,4.933869322994724,0.5720160229830071,9.977529325056821
32,4,0,12,4.933869322994724,5.481790877063759,0.5479215540690348,9.977529325056821
32,4,0,13,5.481790877063759,6.043661473086104,0.5618705960223451,9.977529325056821
32,4,0,14,6.043661473086104,6.603597771027125,0.5599362979410216,9.977529325056821
32,4,0,15,6.603597771027125,7.169391144998372,0.5657933739712462,9.977529325056821
32,4,0,16,7.169391144998372,7.729692133027129,0.5603009880287573,9.977529325056821
32,4,0,17,7.729692133027129,8.295350662083365,0.5656585290562361,9.977529325056821
32,4,0,18,8.295350662083365,8.901002574013546,0.6056519119301811,9.977529325056821
32,4,0,19,8.901002574013546,9.590544436010532,0.689541861996986,9.977529325056821
32,4,0,20,9.590544436010532,9.977866213070229,0.3873217770596966,9.977529325056821
32,4,1,1,0.436030509066768,0.9921966540860012,0.5561661450192332,9.977529325056821
32,4,1,2,0.9921966540860012,1.5502551520476118,0.5580584979616106,9.977529325056821
32,4,1,3,1.5502551520476118,2.1133026760071516,0.5630475239595398,9.977529325056821
32,4,1,4,2.1133026760071516,2.670171089004725,0.5568684129975736,9.977529325056821
32,4,1,5,2.670171089004725,3.235608613002114,0.5654375239973888,9.977529325056821
32,4,1,6,3.235608613002114,3.7967627859907225,0.5611541729886085,9.977529325056821
32,4,1,7,3.7967627859907225,4.361479882034473,0.5647170960437506,9.977529325056821
32,4,1,8,4.361479882034473,4.918351266067475,0.556871384033002,9.977529325056821
32,4,1,9,4.918351266067475,5.481592309079133,0.5632410430116579,9.977529325056821
32,4,1,10,5.481592309079133,6.043404206051491,0.5618118969723582,9.977529325056821
32,4,1,11,6.043404206051491,6.603315664106049,0.5599114580545574,9.977529325056821
32,4,1,12,6.603315664106049,7.169111473020166,0.5657958089141175,9.977529325056821
32,4,1,13,7.169111473020166,7.729420713032596,0.5603092400124297,9.977529325056821
32,4,1,14,7.729420713032596,8.29461037600413,0.5651896629715338,9.977529325056821
32,4,1,15,8.29461037600413,8.90060828300193,0.6059979069977999,9.977529325056821
32,4,1,16,8.90060828300193,9.590188564034179,0.6895802810322493,9.977529325056821
32,4,1,17,9.590188564034179,9.975998784066178,0.38581022003199905,9.977529325056821
32,4,1,18,9.975998784066178,9.980132221011445,0.004133436945267022,9.977529325056821
32,4,2,1,2.1131699160905555,2.6697584610665217,0.5565885449759662,9.977529325056821
32,4,2,2,2.6697584610665217,3.2353312460472807,0.565572784980759,9.977529325056821
32,4,2,3,3.2353312460472807,3.796550444094464,0.5612191980471835,9.977529325056821
32,4,2,4,3.796550444094464,4.360974301001988,0.5644238569075242,9.977529325056821
32,4,2,5,4.360974301001988,4.934925075038336,0.5739507740363479,9.977529325056821
32,4,2,6,4.934925075038336,5.482874921057373,0.5479498460190371,9.977529325056821
32,4,2,7,5.482874921057373,6.045105530065484,0.5622306090081111,9.977529325056821
32,4,2,8,6.045105530065484,6.605318780057132,0.5602132499916479,9.977529325056821
32,4,2,9,6.605318780057132,7.170949363033287,0.565630582976155,9.977529325056821
32,4,2,10,7.170949363033287,7.731586980051361,0.5606376170180738,9.977529325056821
32,4,2,11,7.731586980051361,8.29672109207604,0.5651341120246798,9.977529325056821
32,4,2,12,8.29672109207604,8.902293454040773,0.6055723619647324,9.977529325056821
32,4,2,13,8.902293454040773,9.59178548399359,0.6894920299528167,9.977529325056821
32,4,2,14,9.59178548399359,9.979308987036347,0.3875235030427575,9.977529325056821
32,4,3,1,6.044180438038893,6.603894017054699,0.5597135790158063,9.977529325056821
32,4,3,2,6.603894017054699,7.170021434081718,0.566127417027019,9.977529325056821
32,4,3,3,7.170021434081718,7.730075176106766,0.5600537420250475,9.977529325056821
32,4,3,4,7.730075176106766,8.295665294048376,0.5655901179416105,9.977529325056821
32,4,3,5,8.295665294048376,8.901398904039524,0.6057336099911481,9.977529325056821
32,4,3,6,8.901398904039524,9.590868294006214,0.689469389966689,9.977529325056821
32,4,3,7,9.590868294006214,9.97818781400565,0.38731951999943703,9.977529325056821
32,4,4,1,0.9917213420849293,1.5500931810820475,0.5583718389971182,9.977529325056821
32,4,4,2,1.5500931810820475,2.11246412305627,0.5623709419742227,9.977529325056821
32,4,4,3,2.11246412305627,2.669137471006252,0.5566733479499817,9.977529325056821
32,4,4,4,2.669137471006252,3.234738528029993,0.5656010570237413,9.977529325056821
32,4,4,5,3.234738528029993,3.79567341809161,0.5609348900616169,9.977529325056821
32,4,4,6,3.79567341809161,4.360190834035166,0.5645174159435555,9.977529325056821
32,4,4,7,4.360190834035166,4.9344041449949145,0.5742133109597489,9.977529325056821
32,4,4,8,4.9344041449949145,5.482031895080581,0.5476277500856668,9.977529325056821
32,4,4,9,5.482031895080581,6.043849339010194,0.5618174439296126,9.977529325056821
32,4,4,10,6.043849339010194,6.603795117000118,0.559945777989924,9.977529325056821
32,4,4,11,6.603795117000118,7.1699605491012335,0.5661654321011156,9.977529325056821
32,4,4,12,7.1699605491012335,7.730012225103565,0.5600516760023311,9.977529325056821
32,4,4,13,7.730012225103565,8.295605121995322,0.5655928968917578,9.977529325056821
32,4,4,14,8.295605121995322,8.901341390097514,0.6057362681021914,9.977529325056821
32,4,4,15,8.901341390097514,9.590808226028457,0.6894668359309435,9.977529325056821
32,4,4,16,9.590808226028457,9.9781249120133,0.3873166859848425,9.977529325056821
32,4,5,1,6.604543868103065,7.170369794010185,0.5658259259071201,9.977529325056821
32,4,5,2,7.170369794010185,7.730376312043518,0.5600065180333331,9.977529325056821
32,4,5,3,7.730376312043518,8.295977660105564,0.5656013480620459,9.977529325056821
32,4,5,4,8.295977660105564,8.901693347026594,0.6057156869210303,9.977529325056821
32,4,5,5,8.901693347026594,9.591167938080616,0.6894745910540223,9.977529325056821
32,4,5,6,9.591167938080616,9.978641099995002,0.38747316191438586,9.977529325056821
32,4,6,1,1.5499489370267838,2.1123876650817692,0.5624387280549854,9.977529325056821
32,4,6,2,2.1123876650817692,2.669061820022762,0.5566741549409926,9.977529325056821
32,4,6,3,2.669061820022762,3.234655074076727,0.5655932540539652,9.977529325056821
32,4,6,4,3.234655074076727,3.7955932409968227,0.5609381669200957,9.977529325056821
32,4,6,5,3.7955932409968227,4.360114798066206,0.5645215570693836,9.977529325056821
32,4,6,6,4.360114798066206,4.934689370100386,0.5745745720341802,9.977529325056821
32,4,6,7,4.934689370100386,5.482327910023741,0.547638539923355,9.977529325056821
32,4,6,8,5.482327910023741,6.044760239077732,0.5624323290539905,9.977529325056821
32,4,6,9,6.044760239077732,6.604677663068287,0.5599174239905551,9.977529325056821
32,4,6,10,6.604677663068287,7.170492360019125,0.565814696950838,9.977529325056821
32,4,6,11,7.170492360019125,7.73049942299258,0.5600070629734546,9.977529325056821
32,4,6,12,7.73049942299258,8.296101406100206,0.5656019831076264,9.977529325056821
32,4,6,13,8.296101406100206,8.901820430066437,0.6057190239662305,9.977529325056821
32,4,6,14,8.901820430066437,9.591288922005333,0.6894684919388965,9.977529325056821
32,4,6,15,9.591288922005333,9.97880455001723,0.3875156280118972,9.977529325056821
32,4,7,1,8.295261375023983,8.900937660015188,0.6056762849912047,9.977529325056821
32,4,7,2,8.900937660015188,9.59037542110309,0.6894377610879019,9.977529325056821
32,4,7,3,9.59037542110309,9.977802833076566,0.3874274119734764,9.977529325056821
32,4,8,1,7.731279563042335,8.296383477048948,0.5651039140066132,9.977529325056821
32,4,8,2,8.296383477048948,8.901998629095033,0.6056151520460844,9.977529325056821
32,4,8,3,8.901998629095033,9.591481164097786,0.6894825350027531,9.977529325056821
32,4,8,4,9.591481164097786,9.979008208028972,0.3875270439311862,9.977529325056821
32,4,9,1,-0.14587013493292034,0.43516093608923256,0.5810310710221529,9.977529325056821
32,4,9,2,0.43516093608923256,0.9922907430445775,0.557129806955345,9.977529325056821
32,4,9,3,0.9922907430445775,1.5503229640889913,0.5580322210444137,9.977529325056821
32,4,9,4,1.5503229640889913,2.113364399992861,0.5630414359038696,9.977529325056821
32,4,9,5,2.113364399992861,2.67025981110055,0.5568954111076891,9.977529325056821
32,4,9,6,2.67025981110055,3.235671413014643,0.5654116019140929,9.977529325056821
32,4,9,7,3.235671413014643,3.797124500037171,0.561453087022528,9.977529325056821
32,4,9,8,3.797124500037171,4.361640328075737,0.5645158280385658,9.977529325056821
32,4,9,9,4.361640328075737,4.918539239093661,0.5568989110179245,9.977529325056821
32,4,9,10,4.918539239093661,5.481726636993699,0.5631873979000375,9.977529325056821
32,4,9,11,5.481726636993699,6.043521671090275,0.5617950340965763,9.977529325056821
32,4,9,12,6.043521671090275,6.603531480068341,0.5600098089780658,9.977529325056821
32,4,9,13,6.603531480068341,7.169324299087748,0.565792819019407,9.977529325056821
32,4,9,14,7.169324299087748,7.729547148104757,0.5602228490170091,9.977529325056821
32,4,9,15,7.729547148104757,8.294748942018487,0.5652017939137295,9.977529325056821
32,4,9,16,8.294748942018487,8.900808925041929,0.6060599830234423,9.977529325056821
32,4,9,17,8.900808925041929,9.59031502599828,0.6895061009563506,9.977529325056821
32,4,9,18,9.59031502599828,9.977737036067992,0.387422010069713,9.977529325056821
32,4,10,1,1.5495384060777724,2.1121968750376254,0.562658468959853,9.977529325056821
32,4,10,2,2.1121968750376254,2.6689337440766394,0.556736869039014,9.977529325056821
32,4,10,3,2.6689337440766394,3.234520730096847,0.5655869860202074,9.977529325056821
32,4,10,4,3.234520730096847,3.7954454680439085,0.5609247379470617,9.977529325056821
32,4,10,5,3.7954454680439085,4.359963356051594,0.5645178880076855,9.977529325056821
32,4,10,6,4.359963356051594,4.933979921042919,0.5740165649913251,9.977529325056821
32,4,10,7,4.933979921042919,5.481853316072375,0.5478733950294554,9.977529325056821
32,4,10,8,5.481853316072375,6.04373055708129,0.561877241008915,9.977529325056821
32,4,10,9,6.04373055708129,6.60365918406751,0.5599286269862205,9.977529325056821
32,4,10,10,6.60365918406751,7.169839108013548,0.5661799239460379,9.977529325056821
32,4,10,11,7.169839108013548,7.72989093803335,0.5600518300198019,9.977529325056821
32,4,10,12,7.72989093803335,8.295479597058147,0.5655886590247974,9.977529325056821
32,4,10,13,8.295479597058147,8.901216296013445,0.6057366989552975,9.977529325056821
32,4,10,14,8.901216296013445,9.590672205085866,0.6894559090724215,9.977529325056821
32,4,10,15,9.590672205085866,9.977992600994185,0.38732039590831846,9.977529325056821
32,4,11,1,7.1712390340399,7.731692508095875,0.5604534740559757,9.977529325056821
32,4,11,2,7.731692508095875,8.297080041025765,0.5653875329298899,9.977529325056821
32,4,11,3,8.297080041025765,8.902456635027193,0.6053765940014273,9.977529325056821
32,4,11,4,8.902456635027193,9.59190351003781,0.6894468750106171,9.977529325056821
32,4,11,5,9.59190351003781,9.979424991062842,0.3875214810250327,9.977529325056821
32,4,12,1,8.297016228083521,8.902399216080084,0.6053829879965633,9.977529325056821
32,4,12,2,8.902399216080084,9.591844562091865,0.6894453460117802,9.977529325056821
32,4,12,3,9.591844562091865,9.979368215077557,0.387523652985692,9.977529325056821
32,4,13,1,2.6700410241028294,3.23543541401159,0.5653943899087608,9.977529325056821
32,4,13,2,3.23543541401159,3.7966191170271486,0.5611837030155584,9.977529325056821
32,4,13,3,3.7966191170271486,4.36103491706308,0.5644158000359312,9.977529325056821
32,4,13,4,4.36103491706308,4.9177901960210875,0.5567552789580077,9.977529325056821
32,4,13,5,4.9177901960210875,5.481265473063104,0.5634752770420164,9.977529325056821
32,4,13,6,5.481265473063104,6.043172589037567,0.5619071159744635,9.977529325056821
32,4,13,7,6.043172589037567,6.603071496007033,0.5598989069694653,9.977529325056821
32,4,13,8,6.603071496007033,7.168865330051631,0.565793834044598,9.977529325056821
32,4,13,9,7.168865330051631,7.729179022018798,0.560313691967167,9.977529325056821
32,4,13,10,7.729179022018798,8.294346400070935,0.5651673780521378,9.977529325056821
32,4,13,11,8.294346400070935,8.90041215904057,0.6060657589696348,9.977529325056821
32,4,13,12,8.90041215904057,9.589936856064014,0.6895246970234439,9.977529325056821
32,4,13,13,9.589936856064014,9.975801016087644,0.38586416002362967,9.977529325056821
32,4,13,14,9.975801016087644,9.979968183091842,0.004167167004197836,9.977529325056821
32,4,14,1,5.481001712032594,6.042969168047421,0.5619674560148269,9.977529325056821
32,4,14,2,6.042969168047421,6.602868891088292,0.5598997230408713,9.977529325056821
32,4,14,3,6.602868891088292,7.168649805011228,0.5657809139229357,9.977529325056821
32,4,14,4,7.168649805011228,7.728976158075966,0.5603263530647382,9.977529325056821
32,4,14,5,7.728976158075966,8.294132203096524,0.5651560450205579,9.977529325056821
32,4,14,6,8.294132203096524,8.900205879006535,0.6060736759100109,9.977529325056821
32,4,14,7,8.900205879006535,9.589731238083914,0.6895253590773791,9.977529325056821
32,4,14,8,9.589731238083914,9.975579471094534,0.3858482330106199,9.977529325056821
32,4,14,9,9.975579471094534,9.979849914088845,0.004270442994311452,9.977529325056821
32,4,15,1,2.6695958280470222,3.234922281000763,0.565326452953741,9.977529325056821
32,4,15,2,3.234922281000763,3.795893588103354,0.5609713071025908,9.977529325056821
32,4,15,3,3.795893588103354,4.360385111998767,0.5644915238954127,9.977529325056821
32,4,15,4,4.360385111998767,4.934872322017327,0.5744872100185603,9.977529325056821
32,4,15,5,4.934872322017327,5.482818196993321,0.5479458749759942,9.977529325056821
32,4,15,6,5.482818196993321,6.045049706008285,0.5622315090149641,9.977529325056821
32,4,15,7,6.045049706008285,6.6049379570176825,0.5598882510093972,9.977529325056821
32,4,15,8,6.6049379570176825,7.170741602079943,0.5658036450622603,9.977529325056821
32,4,15,9,7.170741602079943,7.731469749007374,0.5607281469274312,9.977529325056821
32,4,15,10,7.731469749007374,8.29656884400174,0.5650990949943662,9.977529325056821
32,4,15,11,8.29656884400174,8.902177943033166,0.605609099031426,9.977529325056821
32,4,15,12,8.902177943033166,9.591661952086724,0.6894840090535581,9.977529325056821
32,4,15,13,9.591661952086724,9.979190265061334,0.38752831297460943,9.977529325056821
32,4,16,1,3.235974482027814,3.7972312720958143,0.5612567900680006,9.977529325056821
32,4,16,2,3.7972312720958143,4.361706944997422,0.564475672901608,9.977529325056821
32,4,16,3,4.361706944997422,4.934819278074428,0.573112333077006,9.977529325056821
32,4,16,4,4.934819278074428,5.482757467078045,0.5479381890036166,9.977529325056821
32,4,16,5,5.482757467078045,6.044994055991992,0.5622365889139473,9.977529325056821
32,4,16,6,6.044994055991992,6.604878429090604,0.5598843730986118,9.977529325056821
32,4,16,7,6.604878429090604,7.170674795052037,0.5657963659614325,9.977529325056821
32,4,16,8,7.170674795052037,7.7314089010469615,0.5607341059949249,9.977529325056821
32,4,16,9,7.7314089010469615,8.296507951105013,0.5650990500580519,9.977529325056821
32,4,16,10,8.296507951105013,8.902120011043735,0.6056120599387214,9.977529325056821
32,4,16,11,8.902120011043735,9.591602255008183,0.6894822439644486,9.977529325056821
32,4,16,12,9.591602255008183,9.97913034807425,0.3875280930660665,9.977529325056821
32,4,17,1,5.482686153030954,6.0449314441066235,0.5622452910756692,9.977529325056821
32,4,17,2,6.0449314441066235,6.60481362300925,0.559882178902626,9.977529325056821
32,4,17,3,6.60481362300925,7.17061381007079,0.5658001870615408,9.977529325056821
32,4,17,4,7.17061381007079,7.73134687403217,0.5607330639613792,9.977529325056821
32,4,17,5,7.73134687403217,8.29644583701156,0.5650989629793912,9.977529325056821
32,4,17,6,8.29644583701156,8.90205949509982,0.6056136580882594,9.977529325056821
32,4,17,7,8.90205949509982,9.591541060013697,0.6894815649138764,9.977529325056821
32,4,17,8,9.591541060013697,9.979068711050786,0.3875276510370895,9.977529325056821
32,4,18,1,0.9920877810800448,1.5501910210587084,0.5581032399786636,9.977529325056821
32,4,18,2,1.5501910210587084,2.11324013909325,0.5630491180345416,9.977529325056821
32,4,18,3,2.11324013909325,2.6701088410336524,0.5568687019404024,9.977529325056821
32,4,18,4,2.6701088410336524,3.2355411890894175,0.565432348055765,9.977529325056821
32,4,18,5,3.2355411890894175,3.7966865700436756,0.5611453809542581,9.977529325056821
32,4,18,6,3.7966865700436756,4.361419196007773,0.5647326259640977,9.977529325056821
32,4,18,7,4.361419196007773,4.918285498046316,0.5568663020385429,9.977529325056821
32,4,18,8,4.918285498046316,5.481435897061601,0.5631503990152851,9.977529325056821
32,4,18,9,5.481435897061601,6.043343018041924,0.5619071209803224,9.977529325056821
32,4,18,10,6.043343018041924,6.603249257081188,0.5599062390392646,9.977529325056821
32,4,18,11,6.603249257081188,7.169044768088497,0.565795511007309,9.977529325056821
32,4,18,12,7.169044768088497,7.729356059106067,0.5603112910175696,9.977529325056821
32,4,18,13,7.729356059106067,8.294541381066665,0.5651853219605982,9.977529325056821
32,4,18,14,8.294541381066665,8.900547294993885,0.6060059139272198,9.977529325056821
32,4,18,15,8.900547294993885,9.590067439014092,0.6895201440202072,9.977529325056821
32,4,18,16,9.590067439014092,9.975933781010099,0.38586634199600667,9.977529325056821
32,4,18,17,9.975933781010099,9.98007758508902,0.004143804078921676,9.977529325056821
32,4,19,1,2.112870123004541,2.6692538530332968,0.556383730028756,9.977529325056821
32,4,19,2,2.6692538530332968,3.2348089950392023,0.5655551420059055,9.977529325056821
32,4,19,3,3.2348089950392023,3.7958191820653155,0.5610101870261133,9.977529325056821
32,4,19,4,3.7958191820653155,4.360313042066991,0.5644938600016758,9.977529325056821
32,4,19,5,4.360313042066991,4.9346336791059,0.5743206370389089,9.977529325056821
32,4,19,6,4.9346336791059,5.482268151012249,0.5476344719063491,9.977529325056821
32,4,19,7,5.482268151012249,6.044703643070534,0.5624354920582846,9.977529325056821
32,4,19,8,6.044703643070534,6.604616105090827,0.5599124620202929,9.977529325056821
32,4,19,9,6.604616105090827,7.170430192025378,0.5658140869345516,9.977529325056821
32,4,19,10,7.170430192025378,7.730439339997247,0.5600091479718685,9.977529325056821
32,4,19,11,7.730439339997247,8.296040313085541,0.5656009730882943,9.977529325056821
32,4,19,12,8.296040313085541,8.901762168039568,0.6057218549540266,9.977529325056821
32,4,19,13,8.901762168039568,9.591227923054248,0.6894657550146803,9.977529325056821
32,4,19,14,9.591227923054248,9.978724987013265,0.3874970639590174,9.977529325056821
32,4,20,1,4.918166499002837,5.481367685017176,0.5632011860143393,9.977529325056821
32,4,20,2,5.481367685017176,6.04323824099265,0.5618705559754744,9.977529325056821
32,4,20,3,6.04323824099265,6.603137772995979,0.5598995320033282,9.977529325056821
32,4,20,4,6.603137772995979,7.168933329056017,0.5657955560600385,9.977529325056821
32,4,20,5,7.168933329056017,7.729246570030227,0.5603132409742102,9.977529325056821
32,4,20,6,7.729246570030227,8.294417861034162,0.565171291003935,9.977529325056821
32,4,20,7,8.294417861034162,8.900482065044343,0.6060642040101811,9.977529325056821
32,4,20,8,8.900482065044343,9.59000324900262,0.6895211839582771,9.977529325056821
32,4,20,9,9.59000324900262,9.975869070040062,0.3858658210374415,9.977529325056821
32,4,20,10,9.975869070040062,9.980022251023911,0.00415318098384887,9.977529325056821
32,4,21,1,6.044584545074031,6.604123754077591,0.5595392090035602,9.977529325056821
32,4,21,2,6.604123754077591,7.170208933996037,0.5660851799184456,9.977529325056821
32,4,21,3,7.170208933996037,7.7302582550328225,0.5600493210367858,9.977529325056821
32,4,21,4,7.7302582550328225,8.295858222059906,0.565599967027083,9.977529325056821
32,4,21,5,8.295858222059906,8.90157721703872,0.6057189949788153,9.977529325056821
32,4,21,6,8.90157721703872,9.591046360088512,0.6894691430497915,9.977529325056821
32,4,21,7,9.591046360088512,9.978476879070513,0.38743051898200065,9.977529325056821
32,4,22,1,3.235253458027728,3.7964814850129187,0.5612280269851908,9.977529325056821
32,4,22,2,3.7964814850129187,4.360912126023322,0.5644306410104036,9.977529325056821
32,4,22,3,4.360912126023322,4.934518782072701,0.5736066560493782,9.977529325056821
32,4,22,4,4.934518782072701,5.482154809054919,0.547636026982218,9.977529325056821
32,4,22,5,5.482154809054919,6.044308904092759,0.5621540950378403,9.977529325056821
32,4,22,6,6.044308904092759,6.604022660991177,0.5597137568984181,9.977529325056821
32,4,22,7,6.604022660991177,7.170146293006837,0.5661236320156604,9.977529325056821
32,4,22,8,7.170146293006837,7.730196438031271,0.5600501450244337,9.977529325056821
32,4,22,9,7.730196438031271,8.295796462101862,0.5656000240705907,9.977529325056821
32,4,22,10,8.295796462101862,8.901517580030486,0.6057211179286242,9.977529325056821
32,4,22,11,8.901517580030486,9.590987998992205,0.6894704189617187,9.977529325056821
32,4,22,12,9.590987998992205,9.978309823083691,0.38732182409148663,9.977529325056821
32,4,23,1,7.169761687051505,7.729824941023253,0.560063253971748,9.977529325056821
32,4,23,2,7.729824941023253,8.295417732093483,0.5655927910702303,9.977529325056821
32,4,23,3,8.295417732093483,8.901065496029332,0.6056477639358491,9.977529325056821
32,4,23,4,8.901065496029332,9.590610412997194,0.6895449169678614,9.977529325056821
32,4,23,5,9.590610412997194,9.977928995038383,0.3873185820411891,9.977529325056821
32,4,24,1,6.6052392850397155,7.170889087021351,0.5656498019816354,9.977529325056821
32,4,24,2,7.170889087021351,7.731529458076693,0.5606403710553423,9.977529325056821
32,4,24,3,7.731529458076693,8.296627688105218,0.565098230028525,9.977529325056821
32,4,24,4,8.296627688105218,8.902235593064688,0.60560790495947,9.977529325056821
32,4,24,5,8.902235593064688,9.591725787031464,0.6894901939667761,9.977529325056821
32,4,24,6,9.591725787031464,9.97924850601703,0.387522718985565,9.977529325056821
32,4,25,1,3.7970548790181056,4.361580130062066,0.5645252510439605,9.977529325056821
32,4,25,2,4.361580130062066,4.9184148060157895,0.5568346759537235,9.977529325056821
32,4,25,3,4.9184148060157895,5.481657130061649,0.5632423240458593,9.977529325056821
32,4,25,4,5.481657130061649,6.043463938054629,0.5618068079929799,9.977529325056821
32,4,25,5,6.043463938054629,6.603380371001549,0.5599164329469204,9.977529325056821
32,4,25,6,6.603380371001549,7.169175678049214,0.5657953070476651,9.977529325056821
32,4,25,7,7.169175678049214,7.729485956020653,0.5603102779714391,9.977529325056821
32,4,25,8,7.729485956020653,8.294673464028165,0.5651875080075115,9.977529325056821
32,4,25,9,8.294673464028165,8.900743918027729,0.606070453999564,9.977529325056821
32,4,25,10,8.900743918027729,9.590252622030675,0.6895087040029466,9.977529325056821
32,4,25,11,9.590252622030675,9.976062740082853,0.38581011805217713,9.977529325056821
32,4,25,12,9.976062740082853,9.980186754022725,0.004124013939872384,9.977529325056821
32,4,26,1,3.7962758340872824,4.360486085060984,0.5642102509737015,9.977529325056821
32,4,26,2,4.360486085060984,4.934462946024723,0.5739768609637395,9.977529325056821
32,4,26,3,4.934462946024723,5.482093086000532,0.5476301399758086,9.977529325056821
32,4,26,4,5.482093086000532,6.0442496970063075,0.5621566110057756,9.977529325056821
32,4,26,5,6.0442496970063075,6.603959326050244,0.5597096290439367,9.977529325056821
32,4,26,6,6.603959326050244,7.170084286015481,0.5661249599652365,9.977529325056821
32,4,26,7,7.170084286015481,7.730135984020308,0.5600516980048269,9.977529325056821
32,4,26,8,7.730135984020308,8.295733881997876,0.5655978979775682,9.977529325056821
32,4,26,9,8.295733881997876,8.901457852101885,0.6057239701040089,9.977529325056821
32,4,26,10,8.901457852101885,9.590929027996026,0.6894711758941412,9.977529325056821
32,4,26,11,9.590929027996026,9.97824869910255,0.38731967110652477,9.977529325056821
32,4,27,1,4.361352006089874,4.917647282010876,0.556295275921002,9.977529325056821
32,4,27,2,4.917647282010876,5.48114406701643,0.5634967850055546,9.977529325056821
32,4,27,3,5.48114406701643,6.043101020040922,0.5619569530244917,9.977529325056821
32,4,27,4,6.043101020040922,6.6029975530691445,0.5598965330282226,9.977529325056821
32,4,27,5,6.6029975530691445,7.168795039993711,0.5657974869245663,9.977529325056821
32,4,27,6,7.168795039993711,7.7291071790969,0.5603121391031891,9.977529325056821
32,4,27,7,7.7291071790969,8.294271209044382,0.565164029947482,9.977529325056821
32,4,27,8,8.294271209044382,8.900340166990645,0.6060689579462633,9.977529325056821
32,4,27,9,8.900340166990645,9.589864429086447,0.6895242620958015,9.977529325056821
32,4,27,10,9.589864429086447,9.975655980058946,0.38579155097249895,9.977529325056821
32,4,27,11,9.975655980058946,9.979913693037815,0.004257712978869677,9.977529325056821
32,4,28,1,4.360843115020543,4.9347639210755005,0.5739208060549572,9.977529325056821
32,4,28,2,4.9347639210755005,5.482384630013257,0.5476207089377567,9.977529325056821
32,4,28,3,5.482384630013257,6.044818214024417,0.5624335840111598,9.977529325056821
32,4,28,4,6.044818214024417,6.604744140058756,0.5599259260343388,9.977529325056821
32,4,28,5,6.604744140058756,7.170552859082818,0.5658087190240622,9.977529325056821
32,4,28,6,7.170552859082818,7.73096032300964,0.560407463926822,9.977529325056821
32,4,28,7,7.73096032300964,8.296282018069178,0.5653216950595379,9.977529325056821
32,4,28,8,8.296282018069178,8.9019411560148,0.6056591379456222,9.977529325056821
32,4,28,9,8.9019411560148,9.591418296098709,0.689477140083909,9.977529325056821
32,4,28,10,9.591418296098709,9.978947398019955,0.38752910192124546,9.977529325056821
32,4,29,1,4.934334910009056,5.481969234067947,0.5476343240588903,9.977529325056821
32,4,29,2,5.481969234067947,6.043790043098852,0.5618208090309054,9.977529325056821
32,4,29,3,6.043790043098852,6.603735106997192,0.5599450638983399,9.977529325056821
32,4,29,4,6.603735106997192,7.169900858076289,0.5661657510790974,9.977529325056821
32,4,29,5,7.169900858076289,7.729952883091755,0.5600520250154659,9.977529325056821
32,4,29,6,7.729952883091755,8.295544221065938,0.5655913379741833,9.977529325056821
32,4,29,7,8.295544221065938,8.90128040604759,0.6057361849816516,9.977529325056821
32,4,29,8,8.90128040604759,9.590746457106434,0.6894660510588437,9.977529325056821
32,4,29,9,9.590746457106434,9.978061886038631,0.3873154289321974,9.977529325056821
32,4,30,1,7.730886301025748,8.296220866031945,0.5653345650061965,9.977529325056821
32,4,30,2,8.296220866031945,8.901881373021752,0.6056605069898069,9.977529325056821
32,4,30,3,8.901881373021752,9.591348964022473,0.6894675910007209,9.977529325056821
32,4,30,4,9.591348964022473,9.97888435004279,0.3875353860203177,9.977529325056821
32,4,31,1,0.43562800507061183,0.9923971591051668,0.556769154034555,9.977529325056821
32,4,31,2,0.9923971591051668,1.5503838980803266,0.5579867389751598,9.977529325056821
32,4,31,3,1.5503838980803266,2.1134241580730304,0.5630402599927038,9.977529325056821
32,4,31,4,2.1134241580730304,2.670325280050747,0.5569011219777167,9.977529325056821
32,4,31,5,2.670325280050747,3.2360403480706736,0.5657150680199265,9.977529325056821
32,4,31,6,3.2360403480706736,3.797296137083322,0.5612557890126482,9.977529325056821
32,4,31,7,3.797296137083322,4.3617812290322036,0.5644850919488817,9.977529325056821
32,4,31,8,4.3617812290322036,4.934576964005828,0.5727957349736243,9.977529325056821
32,4,31,9,4.934576964005828,5.482210680027492,0.5476337160216644,9.977529325056821
32,4,31,10,5.482210680027492,6.044643167057075,0.5624324870295823,9.977529325056821
32,4,31,11,6.044643167057075,6.604184336028993,0.5595411689719185,9.977529325056821
32,4,31,12,6.604184336028993,7.170270805014297,0.5660864689853042,9.977529325056821
32,4,31,13,7.170270805014297,7.7303167540812865,0.5600459490669891,9.977529325056821
32,4,31,14,7.7303167540812865,8.295917641022243,0.5656008869409561,9.977529325056821
32,4,31,15,8.295917641022243,8.9016359730158,0.6057183319935575,9.977529325056821
32,4,31,16,8.9016359730158,9.591107496060431,0.6894715230446309,9.977529325056821
32,4,31,17,9.591107496060431,9.978559026028961,0.38745152996852994,9.977529325056821
32,5,0,1,-0.11320739309303463,0.4632030948996544,0.576410487992689,10.016521472949535
32,5,0,2,0.4632030948996544,1.0241185709601268,0.5609154760604724,10.016521472949535
32,5,0,3,1.0241185709601268,1.581377125927247,0.5572585549671203,10.016521472949535
32,5,0,4,1.581377125927247,2.147415185929276,0.5660380600020289,10.016521472949535
32,5,0,5,2.147415185929276,2.701577126979828,0.5541619410505518,10.016521472949535
32,5,0,6,2.701577126979828,3.2726160439196974,0.5710389169398695,10.016521472949535
32,5,0,7,3.2726160439196974,3.825316731003113,0.5527006870834157,10.016521472949535
32,5,0,8,3.825316731003113,4.393975022947416,0.5686582919443026,10.016521472949535
32,5,0,9,4.393975022947416,4.95203198294621,0.5580569599987939,10.016521472949535
32,5,0,10,4.95203198294621,5.519144452991895,0.5671124700456858,10.016521472949535
32,5,0,11,5.519144452991895,6.0802702229702845,0.5611257699783891,10.016521472949535
32,5,0,12,6.0802702229702845,6.641237697913311,0.5609674749430269,10.016521472949535
32,5,0,13,6.641237697913311,7.2090962659567595,0.567858568043448,10.016521472949535
32,5,0,14,7.2090962659567595,7.770273335976526,0.5611770700197667,10.016521472949535
32,5,0,15,7.770273335976526,8.334109304007143,0.5638359680306166,10.016521472949535
32,5,0,16,8.334109304007143,8.94212699891068,0.6080176949035376,10.016521472949535
32,5,0,17,8.94212699891068,9.634993031970225,0.6928660330595449,10.016521472949535
32,5,0,18,9.634993031970225,10.017909739981405,0.38291670801118016,10.016521472949535
32,5,1,1,3.2720515329856426,3.8245696868980303,0.5525181539123878,10.016521472949535
32,5,1,2,3.8245696868980303,4.392597798956558,0.5680281120585278,10.016521472949535
32,5,1,3,4.392597798956558,4.951627244008705,0.5590294450521469,10.016521472949535
32,5,1,4,4.951627244008705,5.518681077985093,0.567053833976388,10.016521472949535
32,5,1,5,5.518681077985093,6.07942063792143,0.5607395599363372,10.016521472949535
32,5,1,6,6.07942063792143,6.640860705985688,0.5614400680642575,10.016521472949535
32,5,1,7,6.640860705985688,7.208210666896775,0.5673499609110877,10.016521472949535
32,5,1,8,7.208210666896775,7.769944555009715,0.5617338881129399,10.016521472949535
32,5,1,9,7.769944555009715,8.33379945193883,0.5638548969291151,10.016521472949535
32,5,1,10,8.33379945193883,8.941828848910518,0.6080293969716877,10.016521472949535
32,5,1,11,8.941828848910518,9.634646942955442,0.6928180940449238,10.016521472949535
32,5,1,12,9.634646942955442,10.01759218191728,0.3829452389618382,10.016521472949535
32,5,2,1,0.46352510794531554,1.0232156229903921,0.5596905150450766,10.016521472949535
32,5,2,2,1.0232156229903921,1.580584901967086,0.5573692789766937,10.016521472949535
32,5,2,3,1.580584901967086,2.1467060609720647,0.5661211590049788,10.016521472949535
32,5,2,4,2.1467060609720647,2.7005394370062277,0.5538333760341629,10.016521472949535
32,5,2,5,2.7005394370062277,3.2714364560088143,0.5708970190025866,10.016521472949535
32,5,2,6,3.2714364560088143,3.824209932005033,0.5527734759962186,10.016521472949535
32,5,2,7,3.824209932005033,4.392232835991308,0.5680229039862752,10.016521472949535
32,5,2,8,4.392232835991308,4.951568625983782,0.559335789992474,10.016521472949535
32,5,2,9,4.951568625983782,5.518560027005151,0.5669914010213688,10.016521472949535
32,5,2,10,5.518560027005151,6.079320140997879,0.5607601139927283,10.016521472949535
32,5,2,11,6.079320140997879,6.6407789619406685,0.5614588209427893,10.016521472949535
32,5,2,12,6.6407789619406685,7.20813137490768,0.5673524129670113,10.016521472949535
32,5,2,13,7.20813137490768,7.76988644793164,0.56175507302396,10.016521472949535
32,5,2,14,7.76988644793164,8.333739778958261,0.5638533310266212,10.016521472949535
32,5,2,15,8.333739778958261,8.94176275189966,0.6080229729413986,10.016521472949535
32,5,2,16,8.94176275189966,9.634589674999006,0.6928269230993465,10.016521472949535
32,5,2,17,9.634589674999006,10.017531091929413,0.3829414169304073,10.016521472949535
32,5,3,1,3.824938426958397,4.393652787897736,0.5687143609393388,10.016521472949535
32,5,3,2,4.393652787897736,4.950832808972336,0.5571800210746005,10.016521472949535
32,5,3,3,4.950832808972336,5.518123894929886,0.5672910859575495,10.016521472949535
32,5,3,4,5.518123894929886,6.078668181900866,0.5605442869709805,10.016521472949535
32,5,3,5,6.078668181900866,6.640120316995308,0.5614521350944415,10.016521472949535
32,5,3,6,6.640120316995308,7.207503665005788,0.5673833480104804,10.016521472949535
32,5,3,7,7.207503665005788,7.7695279399631545,0.5620242749573663,10.016521472949535
32,5,3,8,7.7695279399631545,8.332444597966969,0.5629166580038145,10.016521472949535
32,5,3,9,8.332444597966969,8.941078856936656,0.6086342589696869,10.016521472949535
32,5,3,10,8.941078856936656,9.634018303011544,0.6929394460748881,10.016521472949535
32,5,3,11,9.634018303011544,10.016875076922588,0.382856773911044,10.016521472949535
32,5,4,1,6.641938442946412,7.209974461002275,0.5680360180558637,10.016521472949535
32,5,4,2,7.209974461002275,7.7705548600060865,0.5605803990038112,10.016521472949535
32,5,4,3,7.7705548600060865,8.334348018979654,0.5637931589735672,10.016521472949535
32,5,4,4,8.334348018979654,8.942429180955514,0.6080811619758606,10.016521472949535
32,5,4,5,8.942429180955514,9.635215278947726,0.6927860979922116,10.016521472949535
32,5,4,6,9.635215278947726,10.018146515008993,0.38293123606126755,10.016521472949535
32,5,5,1,4.393007542006671,4.952352970954962,0.5593454289482906,10.016521472949535
32,5,5,2,4.952352970954962,5.519438755931333,0.5670857849763706,10.016521472949535
32,5,5,3,5.519438755931333,6.0806860770098865,0.5612473210785538,10.016521472949535
32,5,5,4,6.0806860770098865,6.64229109196458,0.5616050149546936,10.016521472949535
32,5,5,5,6.64229109196458,7.210243592970073,0.5679525010054931,10.016521472949535
32,5,5,6,7.210243592970073,7.7707344819791615,0.5604908890090883,10.016521472949535
32,5,5,7,7.7707344819791615,8.334534446010366,0.5637999640312046,10.016521472949535
32,5,5,8,8.334534446010366,8.942608701996505,0.6080742559861392,10.016521472949535
32,5,5,9,8.942608701996505,9.63538415695075,0.6927754549542442,10.016521472949535
32,5,5,10,9.63538415695075,10.018326579011045,0.38294242206029594,10.016521472949535
32,5,6,1,6.0799459889531136,6.6409827339230105,0.561036744969897,10.016521472949535
32,5,6,2,6.6409827339230105,7.208300999947824,0.5673182660248131,10.016521472949535
32,5,6,3,7.208300999947824,7.770004829973914,0.5617038300260901,10.016521472949535
32,5,6,4,7.770004829973914,8.333862587925978,0.5638577579520643,10.016521472949535
32,5,6,5,8.333862587925978,8.941890208981931,0.6080276210559532,10.016521472949535
32,5,6,6,8.941890208981931,9.634703510906547,0.6928133019246161,10.016521472949535
32,5,6,7,9.634703510906547,10.01766156591475,0.3829580550082028,10.016521472949535
32,5,7,1,5.519781130948104,6.0809528769459575,0.5611717459978536,10.016521472949535
32,5,7,2,6.0809528769459575,6.642472852952778,0.5615199760068208,10.016521472949535
32,5,7,3,6.642472852952778,7.210417599999346,0.5679447470465675,10.016521472949535
32,5,7,4,7.210417599999346,7.7711600109469146,0.5607424109475687,10.016521472949535
32,5,7,5,7.7711600109469146,8.334754602983594,0.5635945920366794,10.016521472949535
32,5,7,6,8.334754602983594,8.942781246965751,0.6080266439821571,10.016521472949535
32,5,7,7,8.942781246965751,9.635577684966847,0.6927964380010962,10.016521472949535
32,5,7,8,9.635577684966847,10.018505430896766,0.3829277459299192,10.016521472949535
32,5,8,3,-0.11306349805090576,0.4635953869437799,0.5766588849946856,10.016521472949535
32,5,8,4,0.4635953869437799,1.0241805219557136,0.5605851350119337,10.016521472949535
32,5,8,5,1.0241805219557136,1.5817236169241369,0.5575430949684232,10.016521472949535
32,5,8,6,1.5817236169241369,2.14755619794596,0.565832581021823,10.016521472949535
32,5,8,7,2.14755619794596,2.701684875995852,0.5541286780498922,10.016521472949535
32,5,8,8,2.701684875995852,3.2727274359203875,0.5710425599245355,10.016521472949535
32,5,8,9,3.2727274359203875,3.825720453984104,0.5529930180637166,10.016521472949535
32,5,8,10,3.825720453984104,4.3942242990015075,0.5685038450174034,10.016521472949535
32,5,8,11,4.3942242990015075,4.951448016916402,0.5572237179148942,10.016521472949535
32,5,8,12,4.951448016916402,5.518420392996632,0.5669723760802299,10.016521472949535
32,5,8,13,5.518420392996632,6.079144453979097,0.5607240609824657,10.016521472949535
32,5,8,14,6.079144453979097,6.640600075945258,0.5614556219661608,10.016521472949535
32,5,8,15,6.640600075945258,7.2079618639545515,0.5673617880092934,10.016521472949535
32,5,8,16,7.2079618639545515,7.769769793958403,0.5618079300038517,10.016521472949535
32,5,8,17,7.769769793958403,8.333171613980085,0.5634018200216815,10.016521472949535
32,5,8,18,8.333171613980085,8.941464609000832,0.6082929950207472,10.016521472949535
32,5,8,19,8.941464609000832,9.634411170962267,0.6929465619614348,10.016521472949535
32,5,8,20,9.634411170962267,10.017334167961963,0.3829229969996959,10.016521472949535
32,5,9,1,2.147832988994196,2.7003923299489543,0.5525593409547582,10.016521472949535
32,5,9,2,2.7003923299489543,3.27128094190266,0.5708886119537055,10.016521472949535
32,5,9,3,3.27128094190266,3.8240646299673244,0.5527836880646646,10.016521472949535
32,5,9,4,3.8240646299673244,4.392091365996748,0.5680267360294238,10.016521472949535
32,5,9,5,4.392091365996748,4.952212864998728,0.5601214990019798,10.016521472949535
32,5,9,6,4.952212864998728,5.519311864976771,0.5670989999780431,10.016521472949535
32,5,9,7,5.519311864976771,6.080523796961643,0.5612119319848716,10.016521472949535
32,5,9,8,6.080523796961643,6.642109667998739,0.5615858710370958,10.016521472949535
32,5,9,9,6.642109667998739,7.210074052913114,0.5679643849143758,10.016521472949535
32,5,9,10,7.210074052913114,7.770617403904907,0.560543350991793,10.016521472949535
32,5,9,11,7.770617403904907,8.334418521961197,0.5638011180562899,10.016521472949535
32,5,9,12,8.334418521961197,8.942493870970793,0.6080753490095958,10.016521472949535
32,5,9,13,8.942493870970793,9.635273864958435,0.6927799939876422,10.016521472949535
32,5,9,14,9.635273864958435,10.01820961595513,0.38293575099669397,10.016521472949535
32,5,10,1,0.46302786900196224,1.023404347943142,0.5603764789411798,10.016521472949535
32,5,10,2,1.023404347943142,1.5807168419705704,0.5573124940274283,10.016521472949535
32,5,10,3,1.5807168419705704,2.14677343191579,0.5660565899452195,10.016521472949535
32,5,10,4,2.14677343191579,2.7009623259073123,0.5541888939915225,10.016521472949535
32,5,10,5,2.7009623259073123,3.2716104509308934,0.5706481250235811,10.016521472949535
32,5,10,6,3.2716104509308934,3.8244095869595185,0.5527991360286251,10.016521472949535
32,5,10,7,3.8244095869595185,4.392470921971835,0.5680613350123167,10.016521472949535
32,5,10,8,4.392470921971835,4.952491208910942,0.5600202869391069,10.016521472949535
32,5,10,9,4.952491208910942,5.519839412998408,0.567348204087466,10.016521472949535
32,5,10,10,5.519839412998408,6.081532989977859,0.5616935769794509,10.016521472949535
32,5,10,11,6.081532989977859,6.642686116974801,0.5611531269969419,10.016521472949535
32,5,10,12,6.642686116974801,7.2105834109243006,0.5678972939494997,10.016521472949535
32,5,10,13,7.2105834109243006,7.771304388996214,0.5607209780719131,10.016521472949535
32,5,10,14,7.771304388996214,8.334872648934834,0.56356825993862,10.016521472949535
32,5,10,15,8.334872648934834,8.942899405956268,0.6080267570214346,10.016521472949535
32,5,10,16,8.942899405956268,9.635687515954487,0.6927881099982187,10.016521472949535
32,5,10,17,9.635687515954487,10.01861948496662,0.3829319690121338,10.016521472949535
32,5,11,1,4.95192702091299,5.51877305097878,0.5668460300657898,10.016521472949535
32,5,11,2,5.51877305097878,6.080044359900057,0.5612713089212775,10.016521472949535
32,5,11,3,6.080044359900057,6.641071886988357,0.5610275270882994,10.016521472949535
32,5,11,4,6.641071886988357,7.208402432966977,0.5673305459786206,10.016521472949535
32,5,11,5,7.208402432966977,7.770065385964699,0.5616629529977217,10.016521472949535
32,5,11,6,7.770065385964699,8.333924548933282,0.5638591629685834,10.016521472949535
32,5,11,7,8.333924548933282,8.941951097920537,0.6080265489872545,10.016521472949535
32,5,11,8,8.941951097920537,9.634760353947058,0.6928092560265213,10.016521472949535
32,5,11,9,9.634760353947058,10.017725817975588,0.3829654640285298,10.016521472949535
32,5,12,1,8.33282214391511,8.941196660976857,0.6083745170617476,10.016521472949535
32,5,12,2,8.941196660976857,9.634145534946583,0.6929488739697263,10.016521472949535
32,5,12,3,9.634145534946583,10.017088966909796,0.3829434319632128,10.016521472949535
32,5,13,1,2.1470836099470034,2.7013357199029997,0.5542521099559963,10.016521472949535
32,5,13,2,2.7013357199029997,3.2721165319671854,0.5707808120641857,10.016521472949535
32,5,13,3,3.2721165319671854,3.8246282999170944,0.552511767949909,10.016521472949535
32,5,13,4,3.8246282999170944,4.3934739109827206,0.5688456110656261,10.016521472949535
32,5,13,5,4.3934739109827206,4.952550131012686,0.559076220029965,10.016521472949535
32,5,13,6,4.952550131012686,5.519894529948942,0.5673443989362568,10.016521472949535
32,5,13,7,5.519894529948942,6.081616635899991,0.5617221059510484,10.016521472949535
32,5,13,8,6.081616635899991,6.643237355980091,0.5616207200801,10.016521472949535
32,5,13,9,6.643237355980091,7.21079845901113,0.5675611030310392,10.016521472949535
32,5,13,10,7.21079845901113,7.771434532944113,0.560636073932983,10.016521472949535
32,5,13,11,7.771434532944113,8.334988512913696,0.5635539799695835,10.016521472949535
32,5,13,12,8.334988512913696,8.943014098913409,0.6080255859997123,10.016521472949535
32,5,13,13,8.943014098913409,9.635796490008943,0.692782391095534,10.016521472949535
32,5,13,14,9.635796490008943,10.018730017938651,0.38293352792970836,10.016521472949535
32,5,14,1,1.0240520249353722,1.5809618879575282,0.5569098630221561,10.016521472949535
32,5,14,2,1.5809618879575282,2.1472478669602424,0.5662859790027142,10.016521472949535
32,5,14,3,2.1472478669602424,2.701465848949738,0.5542179819894955,10.016521472949535
32,5,14,4,2.701465848949738,3.272505256929435,0.571039407979697,10.016521472949535
32,5,14,5,3.272505256929435,3.8251802279846743,0.5526749710552394,10.016521472949535
32,5,14,6,3.8251802279846743,4.393851717934012,0.5686714899493381,10.016521472949535
32,5,14,7,4.393851717934012,4.952415550942533,0.5585638330085203,10.016521472949535
32,5,14,8,4.952415550942533,5.519498416921124,0.5670828659785911,10.016521472949535
32,5,14,9,5.519498416921124,6.080816224915907,0.5613178079947829,10.016521472949535
32,5,14,10,6.080816224915907,6.64237342600245,0.5615572010865435,10.016521472949535
32,5,14,11,6.64237342600245,7.210325767984614,0.5679523419821635,10.016521472949535
32,5,14,12,7.210325767984614,7.77110075193923,0.5607749839546159,10.016521472949535
32,5,14,13,7.77110075193923,8.334695848985575,0.5635950970463455,10.016521472949535
32,5,14,14,8.334695848985575,8.942722980980761,0.6080271319951862,10.016521472949535
32,5,14,15,8.942722980980761,9.635497184004635,0.6927742030238733,10.016521472949535
32,5,14,16,9.635497184004635,10.018447325914167,0.38295014190953225,10.016521472949535
32,5,15,1,1.5816600669641048,2.1475004269741476,0.5658403600100428,10.016521472949535
32,5,15,2,2.1475004269741476,2.7016313509084284,0.5541309239342809,10.016521472949535
32,5,15,3,2.7016313509084284,3.2726715019671246,0.5710401510586962,10.016521472949535
32,5,15,4,3.2726715019671246,3.8253775029443204,0.5527060009771958,10.016521472949535
32,5,15,5,3.8253775029443204,4.3940476819407195,0.568670178996399,10.016521472949535
32,5,15,6,4.3940476819407195,4.952091570012271,0.5580438880715519,10.016521472949535
32,5,15,7,4.952091570012271,5.519200133974664,0.5671085639623925,10.016521472949535
32,5,15,8,5.519200133974664,6.080351506941952,0.5611513729672879,10.016521472949535
32,5,15,9,6.080351506941952,6.641318955924362,0.5609674489824101,10.016521472949535
32,5,15,10,6.641318955924362,7.209179111989215,0.5678601560648531,10.016521472949535
32,5,15,11,7.209179111989215,7.770330081926659,0.5611509699374437,10.016521472949535
32,5,15,12,7.770330081926659,8.33416969992686,0.5638396180002019,10.016521472949535
32,5,15,13,8.33416969992686,8.942187781911343,0.6080180819844827,10.016521472949535
32,5,15,14,8.942187781911343,9.63505165593233,0.6928638740209863,10.016521472949535
32,5,15,15,9.63505165593233,10.017971475957893,0.38291982002556324,10.016521472949535
32,5,16,1,3.82565995096229,4.394160963012837,0.5685010120505467,10.016521472949535
32,5,16,2,4.394160963012837,4.9521488070022315,0.5579878439893946,10.016521472949535
32,5,16,3,4.9521488070022315,5.519253410981037,0.5671046039788052,10.016521472949535
32,5,16,4,5.519253410981037,6.080437911907211,0.5611845009261742,10.016521472949535
32,5,16,5,6.080437911907211,6.641405578935519,0.5609676670283079,10.016521472949535
32,5,16,6,6.641405578935519,7.209260737989098,0.567855159053579,10.016521472949535
32,5,16,7,7.209260737989098,7.770402535912581,0.561141797923483,10.016521472949535
32,5,16,8,7.770402535912581,8.33422751899343,0.563824983080849,10.016521472949535
32,5,16,9,8.33422751899343,8.942304051946849,0.6080765329534188,10.016521472949535
32,5,16,10,8.942304051946849,9.63510682596825,0.692802774021402,10.016521472949535
32,5,16,11,9.63510682596825,10.018029351951554,0.3829225259833038,10.016521472949535
32,5,17,1,7.771038905950263,8.334637301973999,0.5635983960237354,10.016521472949535
32,5,17,2,8.334637301973999,8.942665016977116,0.6080277150031179,10.016521472949535
32,5,17,3,8.942665016977116,9.635443793958984,0.6927787769818678,10.016521472949535
32,5,17,4,9.635443793958984,10.018383131944574,0.3829393379855901,10.016521472949535
32,5,18,1,4.393399155931547,4.950697963009588,0.5572988070780411,10.016521472949535
32,5,18,2,4.950697963009588,5.517987540923059,0.5672895779134706,10.016521472949535
32,5,18,3,5.517987540923059,6.078453653957695,0.5604661130346358,10.016521472949535
32,5,18,4,6.078453653957695,6.639911450911313,0.5614577969536185,10.016521472949535
32,5,18,5,6.639911450911313,7.20729363092687,0.5673821800155565,10.016521472949535
32,5,18,6,7.20729363092687,7.769338888931088,0.5620452580042183,10.016521472949535
32,5,18,7,7.769338888931088,8.33235263696406,0.5630137480329722,10.016521472949535
32,5,18,8,8.33235263696406,8.941002459963784,0.6086498229997233,10.016521472949535
32,5,18,9,8.941002459963784,9.633947836933658,0.6929453769698739,10.016521472949535
32,5,18,10,9.633947836933658,10.016810642904602,0.38286280597094446,10.016521472949535
32,5,19,1,7.208920395001769,7.770154195954092,0.5612338009523228,10.016521472949535
32,5,19,2,7.770154195954092,8.333985233912244,0.5638310379581526,10.016521472949535
32,5,19,3,8.333985233912244,8.942009598948061,0.608024365035817,10.016521472949535
32,5,19,4,8.942009598948061,9.634873488917947,0.6928638899698853,10.016521472949535
32,5,19,5,9.634873488917947,10.017786832991987,0.38291334407404065,10.016521472949535
32,5,20,1,2.7008480849908665,3.2715436529833823,0.5706955679925159,10.016521472949535
32,5,20,2,3.2715436529833823,3.8243223609169945,0.5527787079336122,10.016521472949535
32,5,20,3,3.8243223609169945,4.392378240940161,0.5680558800231665,10.016521472949535
32,5,20,4,4.392378240940161,4.952270182897337,0.5598919419571757,10.016521472949535
32,5,20,5,4.952270182897337,5.519370442954823,0.5671002600574866,10.016521472949535
32,5,20,6,5.519370442954823,6.080604636925273,0.5612341939704493,10.016521472949535
32,5,20,7,6.080604636925273,6.642194857937284,0.5615902210120112,10.016521472949535
32,5,20,8,6.642194857937284,7.210157791967504,0.5679629340302199,10.016521472949535
32,5,20,9,7.210157791967504,7.770674319937825,0.5605165279703215,10.016521472949535
32,5,20,10,7.770674319937825,8.334477399941534,0.5638030800037086,10.016521472949535
32,5,20,11,8.334477399941534,8.942552447901107,0.6080750479595736,10.016521472949535
32,5,20,12,8.942552447901107,9.63533017190639,0.6927777240052819,10.016521472949535
32,5,20,13,9.63533017190639,10.018268339917995,0.38293816801160574,10.016521472949535
32,5,21,1,7.769170772982761,8.332212512963451,0.5630417399806902,10.016521472949535
32,5,21,2,8.332212512963451,8.940862956922501,0.6086504439590499,10.016521472949535
32,5,21,3,8.940862956922501,9.633803297998384,0.6929403410758823,10.016521472949535
32,5,21,4,9.633803297998384,10.016735196928494,0.38293189893011004,10.016521472949535
32,5,22,1,5.519083417952061,6.080186104984023,0.561102687031962,10.016521472949535
32,5,22,2,6.080186104984023,6.6411563699366525,0.5609702649526298,10.016521472949535
32,5,22,3,6.6411563699366525,7.209011457976885,0.5678550880402327,10.016521472949535
32,5,22,4,7.209011457976885,7.770215144963004,0.5612036869861186,10.016521472949535
32,5,22,5,7.770215144963004,8.334045963012613,0.5638308180496097,10.016521472949535
32,5,22,6,8.334045963012613,8.942068304982968,0.6080223419703543,10.016521472949535
32,5,22,7,8.942068304982968,9.634935751906596,0.6928674469236284,10.016521472949535
32,5,22,8,9.634935751906596,10.017846631002612,0.3829108790960163,10.016521472949535
32,5,23,1,2.701238100999035,3.271749587962404,0.570511486963369,10.016521472949535
32,5,23,2,3.271749587962404,3.8244699349161237,0.5527203469537199,10.016521472949535
32,5,23,3,3.8244699349161237,4.392535817925818,0.5680658830096945,10.016521472949535
32,5,23,4,4.392535817925818,4.95150973694399,0.5589739190181717,10.016521472949535
32,5,23,5,4.95150973694399,5.518478441983461,0.5669687050394714,10.016521472949535
32,5,23,6,5.518478441983461,6.079232087009586,0.560753645026125,10.016521472949535
32,5,23,7,6.079232087009586,6.640693521010689,0.561461434001103,10.016521472949535
32,5,23,8,6.640693521010689,7.2080473359674215,0.5673538149567321,10.016521472949535
32,5,23,9,7.2080473359674215,7.769827193929814,0.5617798579623923,10.016521472949535
32,5,23,10,7.769827193929814,8.333675103960559,0.563847910030745,10.016521472949535
32,5,23,11,8.333675103960559,8.941635372000746,0.6079602680401877,10.016521472949535
32,5,23,12,8.941635372000746,9.634530817973427,0.692895445972681,10.016521472949535
32,5,23,13,9.634530817973427,10.01746927993372,0.38293846196029335,10.016521472949535
32,5,24,1,1.0237543339608237,1.5808300609933212,0.5570757270324975,10.016521472949535
32,5,24,2,1.5808300609933212,2.147185522946529,0.5663554619532079,10.016521472949535
32,5,24,3,2.147185522946529,2.701407140935771,0.5542216179892421,10.016521472949535
32,5,24,4,2.701407140935771,3.27217412693426,0.570766985998489,10.016521472949535
32,5,24,5,3.27217412693426,3.8250295659527183,0.5528554390184581,10.016521472949535
32,5,24,6,3.8250295659527183,4.3937204940011725,0.5686909280484542,10.016521472949535
32,5,24,7,4.3937204940011725,4.952605103957467,0.5588846099562943,10.016521472949535
32,5,24,8,4.952605103957467,5.519947974942625,0.5673428709851578,10.016521472949535
32,5,24,9,5.519947974942625,6.081699093920179,0.5617511189775541,10.016521472949535
32,5,24,10,6.081699093920179,6.643319085938856,0.5616199920186773,10.016521472949535
32,5,24,11,6.643319085938856,7.210877374978736,0.56755828903988,10.016521472949535
32,5,24,12,7.210877374978736,7.771491669001989,0.560614294023253,10.016521472949535
32,5,24,13,7.771491669001989,8.335044852923602,0.5635531839216128,10.016521472949535
32,5,24,14,8.335044852923602,8.943070631008595,0.6080257780849934,10.016521472949535
32,5,24,15,8.943070631008595,9.635850035934709,0.6927794049261138,10.016521472949535
32,5,24,16,9.635850035934709,10.018786250962876,0.38293621502816677,10.016521472949535
32,5,25,1,3.27244798198808,3.825122786918655,0.5526748049305752,10.016521472949535
32,5,25,2,3.825122786918655,4.393781617982313,0.568658831063658,10.016521472949535
32,5,25,3,4.393781617982313,4.950961148948409,0.5571795309660956,10.016521472949535
32,5,25,4,4.950961148948409,5.518189964001067,0.5672288150526583,10.016521472949535
32,5,25,5,5.518189964001067,6.0787700599757954,0.5605800959747285,10.016521472949535
32,5,25,6,6.0787700599757954,6.6402199839940295,0.561449924018234,10.016521472949535
32,5,25,7,6.6402199839940295,7.207599270972423,0.5673792869783938,10.016521472949535
32,5,25,8,7.207599270972423,7.769593448960222,0.561994177987799,10.016521472949535
32,5,25,9,7.769593448960222,8.332976353936829,0.5633829049766064,10.016521472949535
32,5,25,10,8.332976353936829,8.941265607951209,0.6082892540143803,10.016521472949535
32,5,25,11,8.941265607951209,9.634211789933033,0.6929461819818243,10.016521472949535
32,5,25,12,9.634211789933033,10.017153525957838,0.3829417360248044,10.016521472949535
32,5,26,1,6.643151936936192,7.210717426962219,0.567565490026027,10.016521472949535
32,5,26,2,7.210717426962219,7.7713670779485255,0.5606496509863064,10.016521472949535
32,5,26,3,7.7713670779485255,8.334930883953348,0.5635638060048223,10.016521472949535
32,5,26,4,8.334930883953348,8.942956502898596,0.6080256189452484,10.016521472949535
32,5,26,5,8.942956502898596,9.63574306096416,0.6927865580655634,10.016521472949535
32,5,26,6,9.63574306096416,10.018675144994631,0.38293208403047174,10.016521472949535
32,5,27,1,1.581310526933521,2.1473381619434804,0.5660276350099593,10.016521472949535
32,5,27,2,2.1473381619434804,2.7015215879073367,0.5541834259638563,10.016521472949535
32,5,27,3,2.7015215879073367,3.2725619769189507,0.571040389011614,10.016521472949535
32,5,27,4,3.2725619769189507,3.8252376510063186,0.552675674087368,10.016521472949535
32,5,27,5,3.8252376510063186,4.393916323897429,0.5686786728911102,10.016521472949535
32,5,27,6,4.393916323897429,4.9513703759294,0.5574540520319715,10.016521472949535
32,5,27,7,4.9513703759294,5.5183468729956076,0.5669764970662072,10.016521472949535
32,5,27,8,5.5183468729956076,6.079050831962377,0.5607039589667693,10.016521472949535
32,5,27,9,6.079050831962377,6.640507249976508,0.5614564180141315,10.016521472949535
32,5,27,10,6.640507249976508,7.2078719799174,0.5673647299408913,10.016521472949535
32,5,27,11,7.2078719799174,7.7697107419371605,0.5618387620197609,10.016521472949535
32,5,27,12,7.7697107419371605,8.333107278915122,0.5633965369779617,10.016521472949535
32,5,27,13,8.333107278915122,8.94139811489731,0.6082908359821886,10.016521472949535
32,5,27,14,8.94139811489731,9.63432962493971,0.6929315100423992,10.016521472949535
32,5,27,15,9.63432962493971,10.01727386598941,0.3829442410496995,10.016521472949535
32,5,28,1,8.333514721947722,8.941571046947502,0.6080563249997795,10.016521472949535
32,5,28,2,8.941571046947502,9.634472397970967,0.6929013510234654,10.016521472949535
32,5,28,3,9.634472397970967,10.017409108928405,0.38293671095743775,10.016521472949535
32,5,29,1,4.95130233396776,5.51828877592925,0.5669864419614896,10.016521472949535
32,5,29,2,5.51828877592925,6.078864009003155,0.5605752330739051,10.016521472949535
32,5,29,3,6.078864009003155,6.640310748945922,0.5614467399427667,10.016521472949535
32,5,29,4,6.640310748945922,7.207688421942294,0.567377672996372,10.016521472949535
32,5,29,5,7.207688421942294,7.76965295500122,0.5619645330589265,10.016521472949535
32,5,29,6,7.76965295500122,8.33304513094481,0.5633921759435907,10.016521472949535
32,5,29,7,8.33304513094481,8.941327220993116,0.6082820900483057,10.016521472949535
32,5,29,8,8.941327220993116,9.634271130897105,0.6929439099039882,10.016521472949535
32,5,29,9,9.634271130897105,10.017213317914866,0.38294218701776117,10.016521472949535
32,5,30,1,6.081443420960568,6.6426041189115494,0.5611606979509816,10.016521472949535
32,5,30,2,6.6426041189115494,7.2105004149489105,0.567896296037361,10.016521472949535
32,5,30,3,7.2105004149489105,7.771218722919002,0.5607183079700917,10.016521472949535
32,5,30,4,7.771218722919002,8.334811829961836,0.5635931070428342,10.016521472949535
32,5,30,5,8.334811829961836,8.942840450908989,0.6080286209471524,10.016521472949535
32,5,30,6,8.942840450908989,9.635632885969244,0.6927924350602552,10.016521472949535
32,5,30,7,9.635632885969244,10.018560200929642,0.3829273149603978,10.016521472949535
32,5,31,1,7.209821739932522,7.770492856972851,0.5606711170403287,10.016521472949535
32,5,31,2,7.770492856972851,8.33428865193855,0.5637957949656993,10.016521472949535
32,5,31,3,8.33428865193855,8.942364322952926,0.608075671014376,10.016521472949535
32,5,31,4,8.942364322952926,9.635162363993004,0.6927980410400778,10.016521472949535
32,5,31,5,9.635162363993004,10.018087927950546,0.3829255639575422,10.016521472949535
32,6,0,1,5.503007320920005,6.065655532991514,0.5626482120715082,10.004013272933662
32,6,0,2,6.065655532991514,6.626575183938257,0.5609196509467438,10.004013272933662
32,6,0,3,6.626575183938257,7.194348399993032,0.5677732160547748,10.004013272933662
32,6,0,4,7.194348399993032,7.751890042913146,0.5575416429201141,10.004013272933662
32,6,0,5,7.751890042913146,8.319448342896067,0.5675582999829203,10.004013272933662
32,6,0,6,8.319448342896067,8.928210661979392,0.6087623190833256,10.004013272933662
32,6,0,7,8.928210661979392,9.61916526791174,0.6909546059323475,10.004013272933662
32,6,0,8,9.61916526791174,10.000877925893292,0.3817126579815522,10.004013272933662
32,6,0,9,10.000877925893292,10.004564526956528,0.003686601063236594,10.004013272933662
32,6,1,1,1.5671678959624842,2.1335060839774087,0.5663381880149245,10.004013272933662
32,6,1,2,2.1335060839774087,2.6880411019083112,0.5545350179309025,10.004013272933662
32,6,1,3,2.6880411019083112,3.257883555954322,0.569842454046011,10.004013272933662
32,6,1,4,3.257883555954322,3.8132952268933877,0.5554116709390655,10.004013272933662
32,6,1,5,3.8132952268933877,4.3806962699163705,0.5674010430229828,10.004013272933662
32,6,1,6,4.3806962699163705,4.942420375999063,0.5617241060826927,10.004013272933662
32,6,1,7,4.942420375999063,5.505007046973333,0.5625866709742695,10.004013272933662
32,6,1,8,5.505007046973333,6.067388484952971,0.5623814379796386,10.004013272933662
32,6,1,9,6.067388484952971,6.628440480912104,0.5610519959591329,10.004013272933662
32,6,1,10,6.628440480912104,7.196468703914434,0.5680282230023295,10.004013272933662
32,6,1,11,7.196468703914434,7.75409681990277,0.5576281159883365,10.004013272933662
32,6,1,12,7.75409681990277,8.321754295961,0.5676574760582298,10.004013272933662
32,6,1,13,8.321754295961,8.930031058960594,0.6082767629995942,10.004013272933662
32,6,1,14,8.930031058960594,9.620872804895043,0.6908417459344491,10.004013272933662
32,6,1,15,9.620872804895043,10.002737096976489,0.38186429208144546,10.004013272933662
32,6,1,16,10.002737096976489,10.006558229913935,0.0038211329374462366,10.004013272933662
32,6,2,2,-0.12500416801776737,0.4449249329045415,0.5699291009223089,10.004013272933662
32,6,2,3,0.4449249329045415,1.006986150983721,0.5620612180791795,10.004013272933662
32,6,2,4,1.006986150983721,1.566816829959862,0.5598306789761409,10.004013272933662
32,6,2,5,1.566816829959862,2.1326908209593967,0.5658739909995347,10.004013272933662
32,6,2,6,2.1326908209593967,2.687742064939812,0.5550512439804152,10.004013272933662
32,6,2,7,2.687742064939812,3.257662346935831,0.5699202819960192,10.004013272933662
32,6,2,8,3.257662346935831,3.8130842898972332,0.5554219429614022,10.004013272933662
32,6,2,9,3.8130842898972332,4.380476828897372,0.5673925390001386,10.004013272933662
32,6,2,10,4.380476828897372,4.940920179942623,0.5604433510452509,10.004013272933662
32,6,2,11,4.940920179942623,5.503154320991598,0.5622341410489753,10.004013272933662
32,6,2,12,5.503154320991598,6.065716445911676,0.5625621249200776,10.004013272933662
32,6,2,13,6.065716445911676,6.626701329951175,0.5609848840394989,10.004013272933662
32,6,2,14,6.626701329951175,7.194413594901562,0.5677122649503872,10.004013272933662
32,6,2,15,7.194413594901562,7.7522883989149705,0.5578748040134087,10.004013272933662
32,6,2,16,7.7522883989149705,8.319624443887733,0.5673360449727625,10.004013272933662
32,6,2,17,8.319624443887733,8.928354059928097,0.6087296160403639,10.004013272933662
32,6,2,18,8.928354059928097,9.619300972903147,0.6909469129750505,10.004013272933662
32,6,2,19,9.619300972903147,10.000999931944534,0.38169895904138684,10.004013272933662
32,6,2,20,10.000999931944534,10.005114681902342,0.004114749957807362,10.004013272933662
32,6,3,1,1.5674903648905456,2.133662015898153,0.5661716510076076,10.004013272933662
32,6,3,2,2.133662015898153,2.688163708895445,0.5545016929972917,10.004013272933662
32,6,3,3,2.688163708895445,3.2579885569866747,0.5698248480912298,10.004013272933662
32,6,3,4,3.2579885569866747,3.8133945699082687,0.5554060129215941,10.004013272933662
32,6,3,5,3.8133945699082687,4.380801594001241,0.5674070240929723,10.004013272933662
32,6,3,6,4.380801594001241,4.941176674910821,0.56037508090958,10.004013272933662
32,6,3,7,4.941176674910821,5.5039055969100446,0.5627289219992235,10.004013272933662
32,6,3,8,5.5039055969100446,6.065888865967281,0.5619832690572366,10.004013272933662
32,6,3,9,6.065888865967281,6.626876774942502,0.5609879089752212,10.004013272933662
32,6,3,10,6.626876774942502,7.1946797269629315,0.5678029520204291,10.004013272933662
32,6,3,11,7.1946797269629315,7.752482827985659,0.5578031010227278,10.004013272933662
32,6,3,12,7.752482827985659,8.31980051996652,0.5673176919808611,10.004013272933662
32,6,3,13,8.31980051996652,8.928538912907243,0.6087383929407224,10.004013272933662
32,6,3,14,8.928538912907243,9.61947324196808,0.6909343290608376,10.004013272933662
32,6,3,15,9.61947324196808,10.001172025920823,0.3816987839527428,10.004013272933662
32,6,3,16,10.001172025920823,10.005293827969581,0.004121802048757672,10.004013272933662
32,6,4,1,1.0072790229460225,1.5668880979064852,0.5596090749604627,10.004013272933662
32,6,4,2,1.5668880979064852,2.132758039981127,0.5658699420746416,10.004013272933662
32,6,4,3,2.132758039981127,2.6878068089718,0.5550487689906731,10.004013272933662
32,6,4,4,2.6878068089718,3.257718725944869,0.5699119169730693,10.004013272933662
32,6,4,5,3.257718725944869,3.813135788892396,0.5554170629475266,10.004013272933662
32,6,4,6,3.813135788892396,4.380533713963814,0.5673979250714183,10.004013272933662
32,6,4,7,4.380533713963814,4.94236700295005,0.5618332889862359,10.004013272933662
32,6,4,8,4.94236700295005,5.504953184979968,0.5625861820299178,10.004013272933662
32,6,4,9,5.504953184979968,6.067335603991523,0.5623824190115556,10.004013272933662
32,6,4,10,6.067335603991523,6.628389262943529,0.5610536589520052,10.004013272933662
32,6,4,11,6.628389262943529,7.196412146906368,0.5680228839628398,10.004013272933662
32,6,4,12,7.196412146906368,7.75404287094716,0.5576307240407914,10.004013272933662
32,6,4,13,7.75404287094716,8.321699469001032,0.5676565980538726,10.004013272933662
32,6,4,14,8.321699469001032,8.929978557978757,0.6082790889777243,10.004013272933662
32,6,4,15,8.929978557978757,9.620820575975813,0.6908420179970562,10.004013272933662
32,6,4,16,9.620820575975813,10.002684520906769,0.38186394493095577,10.004013272933662
32,6,4,17,10.002684520906769,10.006504994933493,0.003820474026724696,10.004013272933662
32,6,5,1,4.940838362905197,5.502697805990465,0.5618594430852681,10.004013272933662
32,6,5,2,5.502697805990465,6.065566342906095,0.5628685369156301,10.004013272933662
32,6,5,3,6.065566342906095,6.626503596897237,0.5609372539911419,10.004013272933662
32,6,5,4,6.626503596897237,7.194277357892133,0.5677737609948963,10.004013272933662
32,6,5,5,7.194277357892133,7.751754734897986,0.5574773770058528,10.004013272933662
32,6,5,6,7.751754734897986,8.319333421997726,0.5675786870997399,10.004013272933662
32,6,5,7,8.319333421997726,8.928081348887645,0.6087479268899187,10.004013272933662
32,6,5,8,8.928081348887645,9.619041284895502,0.6909599360078573,10.004013272933662
32,6,5,9,9.619041284895502,10.000746623962186,0.38170533906668425,10.004013272933662
32,6,5,10,10.000746623962186,10.004510828992352,0.0037642050301656127,10.004013272933662
32,6,6,1,1.0066348209511489,1.5665627719135955,0.5599279509624466,10.004013272933662
32,6,6,2,1.5665627719135955,2.1323531619273126,0.5657903900137171,10.004013272933662
32,6,6,3,2.1323531619273126,2.6867440099595115,0.5543908480321988,10.004013272933662
32,6,6,4,2.6867440099595115,3.256588434916921,0.5698444249574095,10.004013272933662
32,6,6,5,3.256588434916921,3.811998570919968,0.5554101360030472,10.004013272933662
32,6,6,6,3.811998570919968,4.379348294925876,0.5673497240059078,10.004013272933662
32,6,6,7,4.379348294925876,4.941999491886236,0.5626511969603598,10.004013272933662
32,6,6,8,4.941999491886236,5.5043159269262105,0.5623164350399747,10.004013272933662
32,6,6,9,5.5043159269262105,6.066660839947872,0.5623449130216613,10.004013272933662
32,6,6,10,6.066660839947872,6.627622358966619,0.5609615190187469,10.004013272933662
32,6,6,11,6.627622358966619,7.195552451885305,0.5679300929186866,10.004013272933662
32,6,6,12,7.195552451885305,7.75342916790396,0.5578767160186544,10.004013272933662
32,6,6,13,7.75342916790396,8.32088130991906,0.5674521420150995,10.004013272933662
32,6,6,14,8.32088130991906,8.92937050096225,0.6084891910431907,10.004013272933662
32,6,6,15,8.92937050096225,9.62023690494243,0.6908664039801806,10.004013272933662
32,6,6,16,9.62023690494243,10.002059653983451,0.38182274904102087,10.004013272933662
32,6,6,17,10.002059653983451,10.005930056911893,0.003870402928441763,10.004013272933662
32,6,7,2,-0.12510224408470094,0.44485502992756665,0.5699572740122676,10.004013272933662
32,6,7,3,0.44485502992756665,1.00679436896462,0.5619393390370533,10.004013272933662
32,6,7,4,1.00679436896462,1.566663313889876,0.5598689449252561,10.004013272933662
32,6,7,5,1.566663313889876,2.132504297886044,0.5658409839961678,10.004013272933662
32,6,7,6,2.132504297886044,2.6869084239006042,0.5544041260145605,10.004013272933662
32,6,7,7,2.6869084239006042,3.2566995379747823,0.569791114074178,10.004013272933662
32,6,7,8,3.2566995379747823,3.8120671128854156,0.5553675749106333,10.004013272933662
32,6,7,9,3.8120671128854156,4.379416440962814,0.5673493280773982,10.004013272933662
32,6,7,10,4.379416440962814,4.941236282931641,0.561819841968827,10.004013272933662
32,6,7,11,4.941236282931641,5.503961774986237,0.5627254920545965,10.004013272933662
32,6,7,12,5.503961774986237,6.066273792996071,0.562312018009834,10.004013272933662
32,6,7,13,6.066273792996071,6.627008618903346,0.5607348259072751,10.004013272933662
32,6,7,14,6.627008618903346,7.194798114942387,0.5677894960390404,10.004013272933662
32,6,7,15,7.194798114942387,7.752599626895972,0.5578015119535848,10.004013272933662
32,6,7,16,7.752599626895972,8.319913107901812,0.56731348100584,10.004013272933662
32,6,7,17,8.319913107901812,8.928655319963582,0.6087422120617703,10.004013272933662
32,6,7,18,8.928655319963582,9.619582968996838,0.6909276490332559,10.004013272933662
32,6,7,19,9.619582968996838,10.00151098088827,0.3819280118914321,10.004013272933662
32,6,7,20,10.00151098088827,10.00540285592433,0.00389187503606081,10.004013272933662
32,6,8,1,7.753130089957267,8.320601966930553,0.5674718769732863,10.004013272933662
32,6,8,2,8.320601966930553,8.929027781938203,0.6084258150076494,10.004013272933662
32,6,8,3,8.929027781938203,9.619907684973441,0.6908799030352384,10.004013272933662
32,6,8,4,9.619907684973441,10.001788962981664,0.3818812780082226,10.004013272933662
32,6,8,5,10.001788962981664,10.005671284976415,0.003882321994751692,10.004013272933662
32,6,9,1,-0.12529112608172,0.4447640519356355,0.5700551780173555,10.004013272933662
32,6,9,2,0.4447640519356355,1.0073412969941273,0.5625772450584918,10.004013272933662
32,6,9,3,1.0073412969941273,1.5672252048971131,0.5598839079029858,10.004013272933662
32,6,9,4,1.5672252048971131,2.13357140799053,0.566346203093417,10.004013272933662
32,6,9,5,2.13357140799053,2.6881018698913977,0.5545304619008675,10.004013272933662
32,6,9,6,2.6881018698913977,3.2579365369165316,0.569834667025134,10.004013272933662
32,6,9,7,3.2579365369165316,3.8133441449608654,0.5554076080443338,10.004013272933662
32,6,9,8,3.8133441449608654,4.380750113981776,0.5674059690209106,10.004013272933662
32,6,9,9,4.380750113981776,4.941116715897806,0.56036660191603,10.004013272933662
32,6,9,10,4.941116715897806,5.503848620923236,0.56273190502543,10.004013272933662
32,6,9,11,5.503848620923236,6.065832103951834,0.5619834830285981,10.004013272933662
32,6,9,12,6.065832103951834,6.62682074890472,0.5609886449528858,10.004013272933662
32,6,9,13,6.62682074890472,7.194618933950551,0.5677981850458309,10.004013272933662
32,6,9,14,7.194618933950551,7.752424877951853,0.5578059440013021,10.004013272933662
32,6,9,15,7.752424877951853,8.319745082990266,0.5673202050384134,10.004013272933662
32,6,9,16,8.319745082990266,8.928481078939512,0.608735995949246,10.004013272933662
32,6,9,17,8.928481078939512,9.619417508947663,0.6909364300081506,10.004013272933662
32,6,9,18,9.619417508947663,10.001116864965297,0.3816993560176343,10.004013272933662
32,6,9,19,10.001116864965297,10.005236102966592,0.004119238001294434,10.004013272933662
32,6,10,1,4.379868496907875,4.940455573960207,0.5605870770523325,10.004013272933662
32,6,10,2,4.940455573960207,5.502508676960133,0.5620531029999256,10.004013272933662
32,6,10,3,5.502508676960133,6.065429753973149,0.5629210770130157,10.004013272933662
32,6,10,4,6.065429753973149,6.626357464934699,0.5609277109615505,10.004013272933662
32,6,10,5,6.626357464934699,7.194102374953218,0.5677449100185186,10.004013272933662
32,6,10,6,7.194102374953218,7.751620290917344,0.5575179159641266,10.004013272933662
32,6,10,7,7.751620290917344,8.31918789690826,0.5675676059909165,10.004013272933662
32,6,10,8,8.31918789690826,8.927940471912734,0.6087525750044733,10.004013272933662
32,6,10,9,8.927940471912734,9.618910268996842,0.690969797084108,10.004013272933662
32,6,10,10,9.618910268996842,10.00066798296757,0.3817577139707282,10.004013272933662
32,6,10,11,10.00066798296757,10.004445995902643,0.0037780129350721836,10.004013272933662
32,6,11,1,6.627566392999142,7.1954983219038695,0.5679319289047271,10.004013272933662
32,6,11,2,7.1954983219038695,7.7533764449181035,0.557878123014234,10.004013272933662
32,6,11,3,7.7533764449181035,8.32082800695207,0.5674515620339662,10.004013272933662
32,6,11,4,8.32082800695207,8.929316802998073,0.6084887960460037,10.004013272933662
32,6,11,5,8.929316802998073,9.620183597900905,0.6908667949028313,10.004013272933662
32,6,11,6,9.620183597900905,10.00200687092729,0.3818232730263844,10.004013272933662
32,6,11,7,10.00200687092729,10.005881037912332,0.003874166985042393,10.004013272933662
32,6,12,1,7.752208950929344,8.31955987890251,0.5673509279731661,10.004013272933662
32,6,12,2,8.31955987890251,8.928288605995476,0.6087287270929664,10.004013272933662
32,6,12,3,8.928288605995476,9.619235481950454,0.6909468759549782,10.004013272933662
32,6,12,4,9.619235481950454,10.000940116937272,0.38170463498681784,10.004013272933662
32,6,12,5,10.000940116937272,10.00504512898624,0.004105012048967183,10.004013272933662
32,6,13,1,2.1334016119362786,2.6879811079706997,0.554579496034421,10.004013272933662
32,6,13,2,2.6879811079706997,3.257828912930563,0.5698478049598634,10.004013272933662
32,6,13,3,3.257828912930563,3.813236753921956,0.5554078409913927,10.004013272933662
32,6,13,4,3.813236753921956,4.380642927950248,0.5674061740282923,10.004013272933662
32,6,13,5,4.380642927950248,4.941855457960628,0.5612125300103799,10.004013272933662
32,6,13,6,4.941855457960628,5.504197960952297,0.5623425029916689,10.004013272933662
32,6,13,7,5.504197960952297,6.0665552749997005,0.5623573140474036,10.004013272933662
32,6,13,8,6.0665552749997005,6.627224252908491,0.5606689779087901,10.004013272933662
32,6,13,9,6.627224252908491,7.1953581139678136,0.568133861059323,10.004013272933662
32,6,13,10,7.1953581139678136,7.7532492589671165,0.5578911449993029,10.004013272933662
32,6,13,11,7.7532492589671165,8.320719207986258,0.5674699490191415,10.004013272933662
32,6,13,12,8.320719207986258,8.92914091993589,0.6084217119496316,10.004013272933662
32,6,13,13,8.92914091993589,9.620073445956223,0.6909325260203332,10.004013272933662
32,6,13,14,9.620073445956223,10.001898151938803,0.3818247059825808,10.004013272933662
32,6,13,15,10.001898151938803,10.005777133977972,0.003878982039168477,10.004013272933662
32,6,14,1,6.067060453933664,6.6278488509124145,0.5607883969787508,10.004013272933662
32,6,14,2,6.6278488509124145,7.195717818918638,0.5678689680062234,10.004013272933662
32,6,14,3,7.195717818918638,7.753635525936261,0.5579177070176229,10.004013272933662
32,6,14,4,7.753635525936261,8.321044775890186,0.5674092499539256,10.004013272933662
32,6,14,5,8.321044775890186,8.929529088898562,0.6084843130083755,10.004013272933662
32,6,14,6,8.929529088898562,9.62040386593435,0.6908747770357877,10.004013272933662
32,6,14,7,9.62040386593435,10.00226853089407,0.38186466495972127,10.004013272933662
32,6,14,8,10.00226853089407,10.006084270891733,0.003815739997662604,10.004013272933662
32,6,15,1,2.1330873769475147,2.6878953529521823,0.5548079760046676,10.004013272933662
32,6,15,2,2.6878953529521823,3.2577745729358867,0.5698792199837044,10.004013272933662
32,6,15,3,3.2577745729358867,3.8131874959217384,0.5554129229858518,10.004013272933662
32,6,15,4,3.8131874959217384,4.380587924970314,0.5674004290485755,10.004013272933662
32,6,15,5,4.380587924970314,4.941052982932888,0.5604650579625741,10.004013272933662
32,6,15,6,4.941052982932888,5.503777922946028,0.5627249400131404,10.004013272933662
32,6,15,7,5.503777922946028,6.065775666967966,0.5619977440219373,10.004013272933662
32,6,15,8,6.065775666967966,6.6267625549808145,0.5609868880128488,10.004013272933662
32,6,15,9,6.6267625549808145,7.194475966971368,0.5677134119905531,10.004013272933662
32,6,15,10,7.194475966971368,7.75235708989203,0.5578811229206622,10.004013272933662
32,6,15,11,7.75235708989203,8.31968649791088,0.5673294080188498,10.004013272933662
32,6,15,12,8.31968649791088,8.928417770890519,0.6087312729796395,10.004013272933662
32,6,15,13,8.928417770890519,9.619360757991672,0.6909429871011525,10.004013272933662
32,6,15,14,9.619360757991672,10.001059313886799,0.38169855589512736,10.004013272933662
32,6,15,15,10.001059313886799,10.005181240965612,0.0041219270788133144,10.004013272933662
32,6,16,1,8.320439112954773,8.928960587945767,0.6085214749909937,10.004013272933662
32,6,16,2,8.928960587945767,9.619852338917553,0.6908917509717867,10.004013272933662
32,6,16,3,9.619852338917553,10.001734916935675,0.3818825780181214,10.004013272933662
32,6,16,4,10.001734916935675,10.00561656395439,0.0038816470187157393,10.004013272933662
32,6,17,1,2.687670980929397,3.257601933903061,0.5699309529736638,10.004013272933662
32,6,17,2,3.257601933903061,3.8130300799384713,0.5554281460354105,10.004013272933662
32,6,17,3,3.8130300799384713,4.380395554937422,0.567365474998951,10.004013272933662
32,6,17,4,4.380395554937422,4.942111706943251,0.5617161520058289,10.004013272933662
32,6,17,5,4.942111706943251,5.504708807915449,0.562597100972198,10.004013272933662
32,6,17,6,5.504708807915449,6.06711620092392,0.5624073930084705,10.004013272933662
32,6,17,7,6.06711620092392,6.62790182698518,0.5607856260612607,10.004013272933662
32,6,17,8,6.62790182698518,7.195773507934064,0.5678716809488833,10.004013272933662
32,6,17,9,7.195773507934064,7.753695764928125,0.5579222569940612,10.004013272933662
32,6,17,10,7.753695764928125,8.321098128915764,0.5674023639876395,10.004013272933662
32,6,17,11,8.321098128915764,8.929583434946835,0.6084853060310706,10.004013272933662
32,6,17,12,8.929583434946835,9.620457697892562,0.6908742629457265,10.004013272933662
32,6,17,13,9.620457697892562,10.002321903943084,0.3818642060505226,10.004013272933662
32,6,17,14,10.002321903943084,10.006136477924883,0.0038145739817991853,10.004013272933662
32,6,18,1,2.687339614960365,3.257485708920285,0.5701460939599201,10.004013272933662
32,6,18,2,3.257485708920285,3.8129719198914245,0.5554862109711394,10.004013272933662
32,6,18,3,3.8129719198914245,4.380341545911506,0.5673696260200813,10.004013272933662
32,6,18,4,4.380341545911506,4.942311589955352,0.5619700440438464,10.004013272933662
32,6,18,5,4.942311589955352,5.50490107096266,0.5625894810073078,10.004013272933662
32,6,18,6,5.50490107096266,6.067283803946339,0.5623827329836786,10.004013272933662
32,6,18,7,6.067283803946339,6.628337066969834,0.5610532630234957,10.004013272933662
32,6,18,8,6.628337066969834,7.196355321910232,0.568018254940398,10.004013272933662
32,6,18,9,7.196355321910232,7.753988697892055,0.5576333759818226,10.004013272933662
32,6,18,10,7.753988697892055,8.321644839947112,0.567656142055057,10.004013272933662
32,6,18,11,8.321644839947112,8.929925928940065,0.6082810889929533,10.004013272933662
32,6,18,12,8.929925928940065,9.620768646942452,0.6908427180023864,10.004013272933662
32,6,18,13,9.620768646942452,10.002633586991578,0.38186494004912674,10.004013272933662
32,6,18,14,10.002633586991578,10.0064519419102,0.0038183549186214805,10.004013272933662
32,6,19,1,3.8124909528996795,4.379197594942525,0.5667066420428455,10.004013272933662
32,6,19,2,4.379197594942525,4.94179627194535,0.5625986770028248,10.004013272933662
32,6,19,3,4.94179627194535,5.504143246915191,0.5623469749698415,10.004013272933662
32,6,19,4,5.504143246915191,6.066497289924882,0.5623540430096909,10.004013272933662
32,6,19,5,6.066497289924882,6.627169606974348,0.5606723170494661,10.004013272933662
32,6,19,6,6.627169606974348,7.195302558946423,0.5681329519720748,10.004013272933662
32,6,19,7,7.195302558946423,7.753192335949279,0.5578897770028561,10.004013272933662
32,6,19,8,7.753192335949279,8.320661303936504,0.5674689679872245,10.004013272933662
32,6,19,9,8.320661303936504,8.929085374926217,0.6084240709897131,10.004013272933662
32,6,19,10,8.929085374926217,9.619962237891741,0.6908768629655242,10.004013272933662
32,6,19,11,9.619962237891741,10.001843452919275,0.38188121502753347,10.004013272933662
32,6,19,12,10.001843452919275,10.00572477397509,0.003881321055814624,10.004013272933662
32,6,20,1,6.628164134919643,7.196180086932145,0.5680159520125017,10.004013272933662
32,6,20,2,7.196180086932145,7.753828999935649,0.5576489130035043,10.004013272933662
32,6,20,3,7.753828999935649,8.321203797939233,0.5673747980035841,10.004013272933662
32,6,20,4,8.321203797939233,8.929687653901055,0.608483855961822,10.004013272933662
32,6,20,5,8.929687653901055,9.620560414972715,0.6908727610716596,10.004013272933662
32,6,20,6,9.620560414972715,10.002427618950605,0.3818672039778903,10.004013272933662
32,6,20,7,10.002427618950605,10.006239982903935,0.0038123639533296227,10.004013272933662
32,6,21,1,7.195230089942925,7.752855315920897,0.5576252259779721,10.004013272933662
32,6,21,2,7.752855315920897,8.320128373918124,0.5672730579972267,10.004013272933662
32,6,21,3,8.320128373918124,8.928875868907198,0.6087474949890748,10.004013272933662
32,6,21,4,8.928875868907198,9.619795784936287,0.6909199160290882,10.004013272933662
32,6,21,5,9.619795784936287,10.001678767963313,0.38188298302702606,10.004013272933662
32,6,21,6,10.001678767963313,10.005562883918174,0.003884115954861045,10.004013272933662
32,6,22,1,3.257387504912913,3.8125744129065424,0.5551869079936296,10.004013272933662
32,6,22,2,3.8125744129065424,4.379584284964949,0.5670098720584065,10.004013272933662
32,6,22,3,4.379584284964949,4.9413021059008315,0.5617178209358826,10.004013272933662
32,6,22,4,4.9413021059008315,5.504014900885522,0.5627127949846908,10.004013272933662
32,6,22,5,5.504014900885522,6.0663325189379975,0.5623176180524752,10.004013272933662
32,6,22,6,6.0663325189379975,6.627062848885544,0.5607303299475461,10.004013272933662
32,6,22,7,6.627062848885544,7.194855453912169,0.5677926050266251,10.004013272933662
32,6,22,8,7.194855453912169,7.752656606957316,0.5578011530451477,10.004013272933662
32,6,22,9,7.752656606957316,8.320014040917158,0.5673574339598417,10.004013272933662
32,6,22,10,8.320014040917158,8.928761406918056,0.6087473660008982,10.004013272933662
32,6,22,11,8.928761406918056,9.619681004900485,0.690919597982429,10.004013272933662
32,6,22,12,9.619681004900485,10.001568114967085,0.38188711006660014,10.004013272933662
32,6,22,13,10.001568114967085,10.00545798894018,0.003889873973093927,10.004013272933662
32,6,23,1,3.257037855917588,3.8121516639366746,0.5551138080190867,10.004013272933662
32,6,23,2,3.8121516639366746,4.3794753309339285,0.5673236669972539,10.004013272933662
32,6,23,3,4.3794753309339285,4.942164667998441,0.5626893370645121,10.004013272933662
32,6,23,4,4.942164667998441,5.504792467923835,0.5626277999253944,10.004013272933662
32,6,23,5,5.504792467923835,6.067168477922678,0.5623760099988431,10.004013272933662
32,6,23,6,6.067168477922678,6.628223352949135,0.561054875026457,10.004013272933662
32,6,23,7,6.628223352949135,7.1962370469700545,0.5680136940209195,10.004013272933662
32,6,23,8,7.1962370469700545,7.753882029908709,0.5576449829386547,10.004013272933662
32,6,23,9,7.753882029908709,8.321256168885157,0.5673741389764473,10.004013272933662
32,6,23,10,8.321256168885157,8.92974022589624,0.6084840570110828,10.004013272933662
32,6,23,11,8.92974022589624,9.620612921891734,0.6908726959954947,10.004013272933662
32,6,23,12,9.620612921891734,10.00247980991844,0.3818668880267069,10.004013272933662
32,6,23,13,10.00247980991844,10.006294821971096,0.00381501205265522,10.004013272933662
32,6,24,1,8.321534538990818,8.929819431970827,0.6082848929800093,10.004013272933662
32,6,24,2,8.929819431970827,9.620665261987597,0.6908458300167695,10.004013272933662
32,6,24,3,9.620665261987597,10.00253159494605,0.3818663329584524,10.004013272933662
32,6,24,4,10.00253159494605,10.006346258916892,0.0038146639708429575,10.004013272933662
32,6,25,1,4.380168147967197,4.9419409648980945,0.5617728169308975,10.004013272933662
32,6,25,2,4.9419409648980945,5.504251706996001,0.5623107420979068,10.004013272933662
32,6,25,3,5.504251706996001,6.066608737921342,0.562357030925341,10.004013272933662
32,6,25,4,6.066608737921342,6.627285062917508,0.5606763249961659,10.004013272933662
32,6,25,5,6.627285062917508,7.195413511944935,0.5681284490274265,10.004013272933662
32,6,25,6,7.195413511944935,7.7533198579913005,0.5579063460463658,10.004013272933662
32,6,25,7,7.7533198579913005,8.3207731989678,0.567453340976499,10.004013272933662
32,6,25,8,8.3207731989678,8.929253408918157,0.6084802099503577,10.004013272933662
32,6,25,9,8.929253408918157,9.620129305985756,0.690875897067599,10.004013272933662
32,6,25,10,9.620129305985756,10.001951690996066,0.3818223850103095,10.004013272933662
32,6,25,11,10.001951690996066,10.005829456960782,0.003877765964716673,10.004013272933662
32,6,26,1,3.8128764579305425,4.380284261889756,0.5674078039592132,10.004013272933662
32,6,26,2,4.380284261889756,4.942247253959067,0.5619629920693114,10.004013272933662
32,6,26,3,4.942247253959067,5.504847728996538,0.5626004750374705,10.004013272933662
32,6,26,4,5.504847728996538,6.067221176926978,0.5623734479304403,10.004013272933662
32,6,26,5,6.067221176926978,6.6282846559770405,0.5610634790500626,10.004013272933662
32,6,26,6,6.6282846559770405,7.1962983049452305,0.56801364896819,10.004013272933662
32,6,26,7,7.1962983049452305,7.753935903892852,0.5576375989476219,10.004013272933662
32,6,26,8,7.753935903892852,8.321592980995774,0.5676570771029219,10.004013272933662
32,6,26,9,8.321592980995774,8.92987369489856,0.6082807139027864,10.004013272933662
32,6,26,10,8.92987369489856,9.620717078913003,0.6908433840144426,10.004013272933662
32,6,26,11,9.620717078913003,10.002581417909823,0.38186433899682015,10.004013272933662
32,6,26,12,10.002581417909823,10.006400067941286,0.0038186500314623117,10.004013272933662
32,6,27,1,6.066176835913211,6.626953366911039,0.5607765309978276,10.004013272933662
32,6,27,2,6.626953366911039,7.194739088998176,0.5677857220871374,10.004013272933662
32,6,27,3,7.194739088998176,7.752542493981309,0.5578034049831331,10.004013272933662
32,6,27,4,7.752542493981309,8.319857060909271,0.567314566927962,10.004013272933662
32,6,27,5,8.319857060909271,8.92859631695319,0.6087392560439184,10.004013272933662
32,6,27,6,8.92859631695319,9.6195271438919,0.6909308269387111,10.004013272933662
32,6,27,7,9.6195271438919,10.001352775958367,0.3818256320664659,10.004013272933662
32,6,27,8,10.001352775958367,10.00534887588583,0.003996099927462637,10.004013272933662
32,6,28,1,5.504596830927767,6.066735331900418,0.562138500972651,10.004013272933662
32,6,28,2,6.066735331900418,6.62772116495762,0.5609858330572024,10.004013272933662
32,6,28,3,6.62772116495762,7.1956076479982585,0.5678864830406383,10.004013272933662
32,6,28,4,7.1956076479982585,7.753484294982627,0.5578766469843686,10.004013272933662
32,6,28,5,7.753484294982627,8.320935178897344,0.5674508839147165,10.004013272933662
32,6,28,6,8.320935178897344,8.929424083908089,0.6084889050107449,10.004013272933662
32,6,28,7,8.929424083908089,9.62029891088605,0.6908748269779608,10.004013272933662
32,6,28,8,9.62029891088605,10.002111075911671,0.38181216502562165,10.004013272933662
32,6,28,9,10.002111075911671,10.00598234590143,0.00387126998975873,10.004013272933662
32,6,29,1,4.941724770935252,5.504087948938832,0.5623631780035794,10.004013272933662
32,6,29,2,5.504087948938832,6.066389283980243,0.5623013350414112,10.004013272933662
32,6,29,3,6.066389283980243,6.627116616000421,0.5607273320201784,10.004013272933662
32,6,29,4,6.627116616000421,7.194911521975882,0.567794905975461,10.004013272933662
32,6,29,5,7.194911521975882,7.752714981907047,0.557803459931165,10.004013272933662
32,6,29,6,7.752714981907047,8.320071984897368,0.5673570029903203,10.004013272933662
32,6,29,7,8.320071984897368,8.92881997989025,0.608747994992882,10.004013272933662
32,6,29,8,8.92881997989025,9.61974003794603,0.6909200580557808,10.004013272933662
32,6,29,9,9.61974003794603,10.001624039956369,0.381884002010338,10.004013272933662
32,6,29,10,10.001624039956369,10.005510781891644,0.003886741935275495,10.004013272933662
32,6,30,1,0.4445903629530221,1.006892433972098,0.5623020710190758,10.004013272933662
32,6,30,2,1.006892433972098,1.5667575529078022,0.5598651189357042,10.004013272933662
32,6,30,3,1.5667575529078022,2.1325774809811264,0.5658199280733243,10.004013272933662
32,6,30,4,2.1325774809811264,2.686986118904315,0.5544086379231885,10.004013272933662
32,6,30,5,2.686986118904315,3.2571044709766284,0.5701183520723134,10.004013272933662
32,6,30,6,3.2571044709766284,3.812209494994022,0.5551050240173936,10.004013272933662
32,6,30,7,3.812209494994022,4.379529007943347,0.5673195129493251,10.004013272933662
32,6,30,8,4.379529007943347,4.942056123982184,0.5625271160388365,10.004013272933662
32,6,30,9,4.942056123982184,5.504654633929022,0.562598509946838,10.004013272933662
32,6,30,10,5.504654633929022,6.066788730910048,0.5621340969810262,10.004013272933662
32,6,30,11,6.066788730910048,6.627774425898679,0.5609856949886307,10.004013272933662
32,6,30,12,6.627774425898679,7.19566235889215,0.5678879329934716,10.004013272933662
32,6,30,13,7.19566235889215,7.753541433950886,0.5578790750587359,10.004013272933662
32,6,30,14,7.753541433950886,8.32099016092252,0.5674487269716337,10.004013272933662
32,6,30,15,8.32099016092252,8.929475846933201,0.6084856860106811,10.004013272933662
32,6,30,16,8.929475846933201,9.620352849946357,0.6908770030131564,10.004013272933662
32,6,30,17,9.620352849946357,10.002206821925938,0.3818539719795808,10.004013272933662
32,6,30,18,10.002206821925938,10.006031980970874,0.0038251590449362993,10.004013272933662
32,6,31,1,7.196086832904257,7.7537734939251095,0.5576866610208526,10.004013272933662
32,6,31,2,7.7537734939251095,8.321151135955006,0.5673776420298964,10.004013272933662
32,6,31,3,8.321151135955006,8.929637024994008,0.6084858890390024,10.004013272933662
32,6,31,4,8.929637024994008,9.620508903986774,0.6908718789927661,10.004013272933662
32,6,31,5,9.620508903986774,10.002375214942731,0.3818663109559566,10.004013272933662
32,6,31,6,10.002375214942731,10.006187817896716,0.0038126029539853334,10.004013272933662
32,7,0,1,7.483232659986243,8.043127369019203,0.5598947090329602,10.004137289943174
32,7,0,2,8.043127369019203,8.62304605904501,0.5799186900258064,10.004137289943174
32,7,0,3,8.62304605904501,9.274096174049191,0.6510501150041819,10.004137289943174
32,7,0,4,9.274096174049191,10.001998870982789,0.7279026969335973,10.004137289943174
32,7,0,5,10.001998870982789,10.006569616962224,0.004570745979435742,10.004137289943174
32,7,1,1,8.624507570988499,9.275317004998215,0.6508094340097159,10.004137289943174
32,7,1,2,9.275317004998215,10.004767916048877,0.7294509110506624,10.004137289943174
32,7,2,1,8.044925775961019,8.624189654015936,0.5792638780549169,10.004137289943174
32,7,2,2,8.624189654015936,9.27520046196878,0.6510108079528436,10.004137289943174
32,7,2,3,9.27520046196878,10.004697525990196,0.729497064021416,10.004137289943174
32,7,3,1,1.3082717979559675,1.8611493379576132,0.5528775400016457,10.004137289943174
32,7,3,2,1.8611493379576132,2.4283117279410362,0.567162389983423,10.004137289943174
32,7,3,3,2.4283117279410362,2.9872799810254946,0.5589682530844584,10.004137289943174
32,7,3,4,2.9872799810254946,3.5510007130214944,0.5637207319959998,10.004137289943174
32,7,3,5,3.5510007130214944,4.114593371981755,0.5635926589602605,10.004137289943174
32,7,3,6,4.114593371981755,4.671507508959621,0.5569141369778663,10.004137289943174
32,7,3,7,4.671507508959621,5.23812796396669,0.5666204550070688,10.004137289943174
32,7,3,8,5.23812796396669,5.863447124953382,0.6253191609866917,10.004137289943174
32,7,3,9,5.863447124953382,6.358225886942819,0.49477876198943704,10.004137289943174
32,7,3,10,6.358225886942819,6.917184024001472,0.5589581370586529,10.004137289943174
32,7,3,11,6.917184024001472,7.484431168995798,0.5672471449943259,10.004137289943174
32,7,3,12,7.484431168995798,8.044583349023014,0.5601521800272167,10.004137289943174
32,7,3,13,8.044583349023014,8.624090566998348,0.5795072179753333,10.004137289943174
32,7,3,14,8.624090566998348,9.27513949398417,0.6510489269858226,10.004137289943174
32,7,3,15,9.27513949398417,10.004630947019905,0.7294914530357346,10.004137289943174
32,7,4,1,2.428915446042083,2.9878057909663767,0.5588903449242935,10.004137289943174
32,7,4,2,2.9878057909663767,3.5515285190194845,0.5637227280531079,10.004137289943174
32,7,4,3,3.5515285190194845,4.114961129031144,0.5634326100116596,10.004137289943174
32,7,4,4,4.114961129031144,4.671057858038694,0.5560967290075496,10.004137289943174
32,7,4,5,4.671057858038694,5.237491660984233,0.5664338029455394,10.004137289943174
32,7,4,6,5.237491660984233,5.862924390938133,0.6254327299539,10.004137289943174
32,7,4,7,5.862924390938133,6.357870333013125,0.49494594207499176,10.004137289943174
32,7,4,8,6.357870333013125,6.916549134999514,0.5586788019863889,10.004137289943174
32,7,4,9,6.916549134999514,7.483890888048336,0.5673417530488223,10.004137289943174
32,7,4,10,7.483890888048336,8.043672185041942,0.5597812969936058,10.004137289943174
32,7,4,11,8.043672185041942,8.623536627041176,0.5798644419992343,10.004137289943174
32,7,4,12,8.623536627041176,9.274613432935439,0.6510768058942631,10.004137289943174
32,7,4,13,9.274613432935439,10.002396109048277,0.7277826761128381,10.004137289943174
32,7,4,14,10.002396109048277,10.00693929195404,0.004543182905763388,10.004137289943174
32,7,5,1,4.11390695895534,4.671436580945738,0.5575296219903976,10.004137289943174
32,7,5,2,4.671436580945738,5.238066356047057,0.566629775101319,10.004137289943174
32,7,5,3,5.238066356047057,5.863384366035461,0.6253180099884048,10.004137289943174
32,7,5,4,5.863384366035461,6.358166474034078,0.494782107998617,10.004137289943174
32,7,5,5,6.358166474034078,6.917125985957682,0.5589595119236037,10.004137289943174
32,7,5,6,6.917125985957682,7.484363052994013,0.5672370670363307,10.004137289943174
32,7,5,7,7.484363052994013,8.044515101006255,0.5601520480122417,10.004137289943174
32,7,5,8,8.044515101006255,8.62403023603838,0.5795151350321248,10.004137289943174
32,7,5,9,8.62403023603838,9.27507508196868,0.6510448459303007,10.004137289943174
32,7,5,10,9.27507508196868,10.004564024042338,0.7294889420736581,10.004137289943174
32,7,6,1,1.3075063419528306,1.8594036219874397,0.5518972800346091,10.004137289943174
32,7,6,2,1.8594036219874397,2.427600997965783,0.5681973759783432,10.004137289943174
32,7,6,3,2.427600997965783,2.986237947945483,0.5586369499797001,10.004137289943174
32,7,6,4,2.986237947945483,3.54987040895503,0.5636324610095471,10.004137289943174
32,7,6,5,3.54987040895503,4.112773300032131,0.5629028910771012,10.004137289943174
32,7,6,6,4.112773300032131,4.671129312948324,0.5583560129161924,10.004137289943174
32,7,6,7,4.671129312948324,5.237554086954333,0.5664247740060091,10.004137289943174
32,7,6,8,5.237554086954333,5.863019342999905,0.6254652560455725,10.004137289943174
32,7,6,9,5.863019342999905,6.357929395977408,0.49491005297750235,10.004137289943174
32,7,6,10,6.357929395977408,6.916608224972151,0.5586788289947435,10.004137289943174
32,7,6,11,6.916608224972151,7.483975937007926,0.5673677120357752,10.004137289943174
32,7,6,12,7.483975937007926,8.04375098994933,0.5597750529414043,10.004137289943174
32,7,6,13,8.04375098994933,8.623600393999368,0.5798494040500373,10.004137289943174
32,7,6,14,8.623600393999368,9.274675335967913,0.6510749419685453,10.004137289943174
32,7,6,15,9.274675335967913,10.002459347015247,0.7277840110473335,10.004137289943174
32,7,6,16,10.002459347015247,10.006997806020081,0.004538459004834294,10.004137289943174
32,7,7,1,1.8601476569892839,2.428099122014828,0.5679514650255442,10.004137289943174
32,7,7,2,2.428099122014828,2.9870903260307387,0.5589912040159106,10.004137289943174
32,7,7,3,2.9870903260307387,3.550812634988688,0.5637223089579493,10.004137289943174
32,7,7,4,3.550812634988688,4.113989430014044,0.5631767950253561,10.004137289943174
32,7,7,5,4.113989430014044,4.672246027039364,0.5582565970253199,10.004137289943174
32,7,7,6,4.672246027039364,5.238460159976967,0.5662141329376027,10.004137289943174
32,7,7,7,5.238460159976967,5.863764915964566,0.6253047559875995,10.004137289943174
32,7,7,8,5.863764915964566,6.3588465990033,0.4950816830387339,10.004137289943174
32,7,7,9,6.3588465990033,6.917557592038065,0.5587109930347651,10.004137289943174
32,7,7,10,6.917557592038065,7.485199984046631,0.5676423920085654,10.004137289943174
32,7,7,11,7.485199984046631,8.045479262014851,0.5602792779682204,10.004137289943174
32,7,7,12,8.045479262014851,8.625021666986868,0.5795424049720168,10.004137289943174
32,7,7,13,8.625021666986868,9.275751868961379,0.6507302019745111,10.004137289943174
32,7,7,14,9.275751868961379,10.005371575942263,0.7296197069808841,10.004137289943174
32,7,8,1,4.114515656023286,4.6713197799399495,0.5568041239166632,10.004137289943174
32,7,8,2,4.6713197799399495,5.238004287937656,0.5666845079977065,10.004137289943174
32,7,8,3,5.238004287937656,5.863304355996661,0.6253000680590048,10.004137289943174
32,7,8,4,5.863304355996661,6.3581080690491945,0.49480371305253357,10.004137289943174
32,7,8,5,6.3581080690491945,6.917067228001542,0.5589591589523479,10.004137289943174
32,7,8,6,6.917067228001542,7.484300013980828,0.5672327859792858,10.004137289943174
32,7,8,7,7.484300013980828,8.04444861295633,0.560148598975502,10.004137289943174
32,7,8,8,8.04444861295633,8.623967643012293,0.5795190300559625,10.004137289943174
32,7,8,9,8.623967643012293,9.275011098012328,0.6510434550000355,10.004137289943174
32,7,8,10,9.275011098012328,10.0044804320205,0.7294693340081722,10.004137289943174
32,7,9,1,5.237936386954971,5.863225498003885,0.6252891110489145,10.004137289943174
32,7,9,2,5.863225498003885,6.358048766036518,0.49482326803263277,10.004137289943174
32,7,9,3,6.358048766036518,6.917009733966552,0.5589609679300338,10.004137289943174
32,7,9,4,6.917009733966552,7.484230741043575,0.5672210070770234,10.004137289943174
32,7,9,5,7.484230741043575,8.043965209973976,0.5597344689304009,10.004137289943174
32,7,9,6,8.043965209973976,8.623792532016523,0.5798273220425472,10.004137289943174
32,7,9,7,8.623792532016523,9.274883616017178,0.6510910840006545,10.004137289943174
32,7,9,8,9.274883616017178,10.002762970048934,0.7278793540317565,10.004137289943174
32,7,9,9,10.002762970048934,10.007172256009653,0.004409285960718989,10.004137289943174
32,7,10,1,7.484933219966479,8.045230336021632,0.5602971160551533,10.004137289943174
32,7,10,2,8.045230336021632,8.624771550996229,0.5795412149745971,10.004137289943174
32,7,10,3,8.624771550996229,9.275504532037303,0.6507329810410738,10.004137289943174
32,7,10,4,9.275504532037303,10.004981821984984,0.7294772899476811,10.004137289943174
32,7,11,1,1.86106483603362,2.4282474929932505,0.5671826569596305,10.004137289943174
32,7,11,2,2.4282474929932505,2.9872164060361683,0.5589689130429178,10.004137289943174
32,7,11,3,2.9872164060361683,3.5509403829928488,0.5637239769566804,10.004137289943174
32,7,11,4,3.5509403829928488,4.114131420967169,0.5631910379743204,10.004137289943174
32,7,11,5,4.114131420967169,4.670814770041034,0.5566833490738645,10.004137289943174
32,7,11,6,4.670814770041034,5.2372825460042804,0.5664677759632468,10.004137289943174
32,7,11,7,5.2372825460042804,5.86260214203503,0.6253195960307494,10.004137289943174
32,7,11,8,5.86260214203503,6.357734740013257,0.49513259797822684,10.004137289943174
32,7,11,9,6.357734740013257,6.91642674501054,0.5586920049972832,10.004137289943174
32,7,11,10,6.91642674501054,7.483730586012825,0.5673038410022855,10.004137289943174
32,7,11,11,7.483730586012825,8.043536889948882,0.5598063039360568,10.004137289943174
32,7,11,12,8.043536889948882,8.623409779043868,0.579872889094986,10.004137289943174
32,7,11,13,8.623409779043868,9.274485095986165,0.6510753169422969,10.004137289943174
32,7,11,14,9.274485095986165,10.00226780504454,0.7277827090583742,10.004137289943174
32,7,11,15,10.00226780504454,10.006820686976425,0.004552881931886077,10.004137289943174
32,7,12,2,-0.3820967680076137,0.1873681650031358,0.5694649330107495,10.004137289943174
32,7,12,3,0.1873681650031358,0.7365802029380575,0.5492120379349217,10.004137289943174
32,7,12,4,0.7365802029380575,1.3077342320466414,0.5711540291085839,10.004137289943174
32,7,12,5,1.3077342320466414,1.8596602430334315,0.5519260109867901,10.004137289943174
32,7,12,6,1.8596602430334315,2.4278358300216496,0.5681755869882181,10.004137289943174
32,7,12,7,2.4278358300216496,2.9864509790204465,0.5586151489987969,10.004137289943174
32,7,12,8,2.9864509790204465,3.550082058995031,0.5636310799745843,10.004137289943174
32,7,12,9,3.550082058995031,4.113063076976687,0.5629810179816559,10.004137289943174
32,7,12,10,4.113063076976687,4.6720301259774715,0.5589670490007848,10.004137289943174
32,7,12,11,4.6720301259774715,5.23828201496508,0.5662518889876083,10.004137289943174
32,7,12,12,5.23828201496508,5.863567005959339,0.6252849909942597,10.004137289943174
32,7,12,13,5.863567005959339,6.358347031986341,0.49478002602700144,10.004137289943174
32,7,12,14,6.358347031986341,6.917301055043936,0.5589540230575949,10.004137289943174
32,7,12,15,6.917301055043936,7.484553706948645,0.5672526519047096,10.004137289943174
32,7,12,16,7.484553706948645,8.045124673983082,0.5605709670344368,10.004137289943174
32,7,12,17,8.045124673983082,8.624708125018515,0.5795834510354325,10.004137289943174
32,7,12,18,8.624708125018515,9.275441515957937,0.650733390939422,10.004137289943174
32,7,12,19,9.275441515957937,10.00491585501004,0.7294743390521035,10.004137289943174
32,7,13,1,0.737301351968199,1.3079939809395,0.570692628971301,10.004137289943174
32,7,13,2,1.3079939809395,1.8607487470144406,0.5527547660749406,10.004137289943174
32,7,13,3,1.8607487470144406,2.428159688017331,0.5674109410028905,10.004137289943174
32,7,13,4,2.428159688017331,2.987152977962978,0.5589932899456471,10.004137289943174
32,7,13,5,2.987152977962978,3.5508759969379753,0.5637230189749971,10.004137289943174
32,7,13,6,3.5508759969379753,4.114059454994276,0.5631834580563009,10.004137289943174
32,7,13,7,4.114059454994276,4.670727191958576,0.5566677369643003,10.004137289943174
32,7,13,8,4.670727191958576,5.2372124530375,0.5664852610789239,10.004137289943174
32,7,13,9,5.2372124530375,5.862503948039375,0.6252914950018749,10.004137289943174
32,7,13,10,5.862503948039375,6.357669855002314,0.4951659069629386,10.004137289943174
32,7,13,11,6.357669855002314,6.916358627961017,0.5586887729587033,10.004137289943174
32,7,13,12,6.916358627961017,7.483645066968165,0.5672864390071481,10.004137289943174
32,7,13,13,7.483645066968165,8.043465976952575,0.5598209099844098,10.004137289943174
32,7,13,14,8.043465976952575,8.623342416016385,0.5798764390638098,10.004137289943174
32,7,13,15,8.623342416016385,9.274411767022684,0.6510693510062993,10.004137289943174
32,7,13,16,9.274411767022684,10.00220096798148,0.7277892009587958,10.004137289943174
32,7,13,17,10.00220096798148,10.006752040004358,0.004551072022877634,10.004137289943174
32,7,14,1,0.18712446803692728,0.7370303069474176,0.5499058389104903,10.004137289943174
32,7,14,2,0.7370303069474176,1.3079063709592447,0.5708760640118271,10.004137289943174
32,7,14,3,1.3079063709592447,1.8598121110117063,0.5519057400524616,10.004137289943174
32,7,14,4,1.8598121110117063,2.428008212009445,0.5681961009977385,10.004137289943174
32,7,14,5,2.428008212009445,2.98702202597633,0.5590138139668852,10.004137289943174
32,7,14,6,2.98702202597633,3.550740350037813,0.5637183240614831,10.004137289943174
32,7,14,7,3.550740350037813,4.113483782974072,0.5627434329362586,10.004137289943174
32,7,14,8,4.113483782974072,4.670637069968507,0.5571532869944349,10.004137289943174
32,7,14,9,4.670637069968507,5.237140369950794,0.566503299982287,10.004137289943174
32,7,14,10,5.237140369950794,5.862398901022971,0.625258531072177,10.004137289943174
32,7,14,11,5.862398901022971,6.3575211559655145,0.4951222549425438,10.004137289943174
32,7,14,12,6.3575211559655145,6.915856049978174,0.5583348940126598,10.004137289943174
32,7,14,13,6.915856049978174,7.483323883032426,0.567467833054252,10.004137289943174
32,7,14,14,7.483323883032426,8.043207581038587,0.5598836980061606,10.004137289943174
32,7,14,15,8.043207581038587,8.623116857954301,0.5799092769157141,10.004137289943174
32,7,14,16,8.623116857954301,9.274168547941372,0.6510516899870709,10.004137289943174
32,7,14,17,9.274168547941372,10.002069520996884,0.7279009730555117,10.004137289943174
32,7,14,18,10.002069520996884,10.006630777963437,0.0045612569665536284,10.004137289943174
32,7,15,1,3.5514651749981567,4.1148549020290375,0.5633897270308807,10.004137289943174
32,7,15,2,4.1148549020290375,4.670978973037563,0.5561240710085258,10.004137289943174
32,7,15,3,4.670978973037563,5.237424777937122,0.5664458048995584,10.004137289943174
32,7,15,4,5.237424777937122,5.862693242030218,0.6252684640930966,10.004137289943174
32,7,15,5,5.862693242030218,6.357807714026421,0.49511447199620306,10.004137289943174
32,7,15,6,6.357807714026421,6.916488704038784,0.5586809900123626,10.004137289943174
32,7,15,7,6.916488704038784,7.483814990031533,0.567326285992749,10.004137289943174
32,7,15,8,7.483814990031533,8.043604044942185,0.5597890549106523,10.004137289943174
32,7,15,9,8.043604044942185,8.623472934006713,0.579868889064528,10.004137289943174
32,7,15,10,8.623472934006713,9.27455028903205,0.6510773550253361,10.004137289943174
32,7,15,11,9.27455028903205,10.002332190982997,0.7277819019509479,10.004137289943174
32,7,15,12,10.002332190982997,10.006880535976961,0.004548344993963838,10.004137289943174
32,7,16,1,4.672661551041529,5.238845282001421,0.5661837309598923,10.004137289943174
32,7,16,2,5.238845282001421,5.8642914679367095,0.6254461859352887,10.004137289943174
32,7,16,3,5.8642914679367095,6.359055510954931,0.49476404301822186,10.004137289943174
32,7,16,4,6.359055510954931,6.9177581740077585,0.5587026630528271,10.004137289943174
32,7,16,5,6.9177581740077585,7.485435893991962,0.5676777199842036,10.004137289943174
32,7,16,6,7.485435893991962,8.045654464047402,0.5602185700554401,10.004137289943174
32,7,16,7,8.045654464047402,8.625200639013201,0.5795461749657989,10.004137289943174
32,7,16,8,8.625200639013201,9.275974698946811,0.6507740599336103,10.004137289943174
32,7,16,9,9.275974698946811,10.00562281103339,0.7296481120865792,10.004137289943174
32,7,17,1,0.7369192669866607,1.307846987969242,0.5709277209825814,10.004137289943174
32,7,17,2,1.307846987969242,1.859727123985067,0.551880136015825,10.004137289943174
32,7,17,3,1.859727123985067,2.42790106497705,0.5681739409919828,10.004137289943174
32,7,17,4,2.42790106497705,2.9869069809792563,0.5590059160022065,10.004137289943174
32,7,17,5,2.9869069809792563,3.5506751720095053,0.563768191030249,10.004137289943174
32,7,17,6,3.5506751720095053,4.113414800958708,0.5627396289492026,10.004137289943174
32,7,17,7,4.113414800958708,4.672175423009321,0.5587606220506132,10.004137289943174
32,7,17,8,4.672175423009321,5.238400673959404,0.5662252509500831,10.004137289943174
32,7,17,9,5.238400673959404,5.8636948759667575,0.6252942020073533,10.004137289943174
32,7,17,10,5.8636948759667575,6.358749532955699,0.49505465698894113,10.004137289943174
32,7,17,11,6.358749532955699,6.9174988809973,0.5587493480416015,10.004137289943174
32,7,17,12,6.9174988809973,7.485138349002227,0.567639468004927,10.004137289943174
32,7,17,13,7.485138349002227,8.045411102008075,0.5602727530058473,10.004137289943174
32,7,17,14,8.045411102008075,8.624960019951686,0.5795489179436117,10.004137289943174
32,7,17,15,8.624960019951686,9.275690602022223,0.6507305820705369,10.004137289943174
32,7,17,16,9.275690602022223,10.005176719045267,0.7294861170230433,10.004137289943174
32,7,18,1,2.9868128900416195,3.5505589230451733,0.5637460330035537,10.004137289943174
32,7,18,2,3.5505589230451733,4.113335561007261,0.562776637962088,10.004137289943174
32,7,18,3,4.113335561007261,4.672104728990234,0.5587691679829732,10.004137289943174
32,7,18,4,4.672104728990234,5.238340720999986,0.5662359920097515,10.004137289943174
32,7,18,5,5.238340720999986,5.863632848951966,0.6252921279519796,10.004137289943174
32,7,18,6,5.863632848951966,6.358408384025097,0.4947755350731313,10.004137289943174
32,7,18,7,6.358408384025097,6.9173572269501165,0.5589488429250196,10.004137289943174
32,7,18,8,6.9173572269501165,7.485003700945526,0.5676464739954099,10.004137289943174
32,7,18,9,7.485003700945526,8.045293607981876,0.5602899070363492,10.004137289943174
32,7,18,10,8.045293607981876,8.624838600982912,0.5795449930010363,10.004137289943174
32,7,18,11,8.624838600982912,9.275566924945451,0.6507283239625394,10.004137289943174
32,7,18,12,9.275566924945451,10.00504512398038,0.7294781990349293,10.004137289943174
32,7,19,1,-0.3823009269544855,0.18729393393732607,0.5695948608918115,10.004137289943174
32,7,19,2,0.18729393393732607,0.7364381039515138,0.5491441700141877,10.004137289943174
32,7,19,3,0.7364381039515138,1.3076322670094669,0.5711941630579531,10.004137289943174
32,7,19,4,1.3076322670094669,1.8595799379982054,0.5519476709887385,10.004137289943174
32,7,19,5,1.8595799379982054,2.4277542870258912,0.5681743490276858,10.004137289943174
32,7,19,6,2.4277542870258912,2.986372882965952,0.5586185959400609,10.004137289943174
32,7,19,7,2.986372882965952,3.550004148040898,0.563631265074946,10.004137289943174
32,7,19,8,3.550004148040898,4.112962880986743,0.5629587329458445,10.004137289943174
32,7,19,9,4.112962880986743,4.670443798997439,0.5574809180106968,10.004137289943174
32,7,19,10,4.670443798997439,5.23697099101264,0.5665271920152009,10.004137289943174
32,7,19,11,5.23697099101264,5.86215561395511,0.62518462294247,10.004137289943174
32,7,19,12,5.86215561395511,6.357003862038255,0.4948482480831444,10.004137289943174
32,7,19,13,6.357003862038255,6.915544260991737,0.5585403989534825,10.004137289943174
32,7,19,14,6.915544260991737,7.482595936045982,0.5670516750542447,10.004137289943174
32,7,19,15,7.482595936045982,8.042841442045756,0.5602455059997737,10.004137289943174
32,7,19,16,8.042841442045756,8.622788895969279,0.5799474539235234,10.004137289943174
32,7,19,17,8.622788895969279,9.273818626999855,0.6510297310305759,10.004137289943174
32,7,19,18,9.273818626999855,10.001766158035025,0.72794753103517,10.004137289943174
32,7,19,19,10.001766158035025,10.00643009704072,0.004663939005695283,10.004137289943174
32,7,20,1,5.864118386991322,6.3589373379945755,0.49481895100325346,10.004137289943174
32,7,20,2,6.3589373379945755,6.91761421400588,0.5586768760113046,10.004137289943174
32,7,20,3,6.91761421400588,7.485310029936954,0.5676958159310743,10.004137289943174
32,7,20,4,7.485310029936954,8.045541491941549,0.5602314620045945,10.004137289943174
32,7,20,5,8.045541491941549,8.625079932971857,0.5795384410303086,10.004137289943174
32,7,20,6,8.625079932971857,9.275853871949948,0.6507739389780909,10.004137289943174
32,7,20,7,9.275853871949948,10.005458508967422,0.7296046370174736,10.004137289943174
32,7,21,1,3.5504310480318964,4.11318227101583,0.562751222983934,10.004137289943174
32,7,21,2,4.11318227101583,4.671205913997255,0.5580236429814249,10.004137289943174
32,7,21,3,4.671205913997255,5.237615269958042,0.5664093559607863,10.004137289943174
32,7,21,4,5.237615269958042,5.863111263955943,0.6254959939979017,10.004137289943174
32,7,21,5,5.863111263955943,6.357989700045437,0.49487843608949333,10.004137289943174
32,7,21,6,6.357989700045437,6.916947769001126,0.5589580689556897,10.004137289943174
32,7,21,7,6.916947769001126,7.4841683560516685,0.5672205870505422,10.004137289943174
32,7,21,8,7.4841683560516685,8.04389850795269,0.5597301519010216,10.004137289943174
32,7,21,9,8.04389850795269,8.623725341050886,0.5798268330981955,10.004137289943174
32,7,21,10,8.623725341050886,9.274821055936627,0.6510957148857415,10.004137289943174
32,7,21,11,9.274821055936627,10.002699311939068,0.727878256002441,10.004137289943174
32,7,21,12,10.002699311939068,10.00711541599594,0.0044161040568724275,10.004137289943174
32,7,22,1,4.671939556952566,5.238222358981147,0.5662828020285815,10.004137289943174
32,7,22,2,5.238222358981147,5.863507080008276,0.6252847210271284,10.004137289943174
32,7,22,3,5.863507080008276,6.358284355024807,0.49477727501653135,10.004137289943174
32,7,22,4,6.358284355024807,6.917241896968335,0.5589575419435278,10.004137289943174
32,7,22,5,6.917241896968335,7.484492570045404,0.5672506730770692,10.004137289943174
32,7,22,6,7.484492570045404,8.044995220960118,0.5605026509147137,10.004137289943174
32,7,22,7,8.044995220960118,8.624639382003807,0.5796441610436887,10.004137289943174
32,7,22,8,8.624639382003807,9.275379583938047,0.6507402019342408,10.004137289943174
32,7,22,9,9.275379583938047,10.004845172050409,0.7294655881123617,10.004137289943174
32,7,23,1,6.916190390940756,7.483570041949861,0.5673796510091051,10.004137289943174
32,7,23,2,7.483570041949861,8.043394956039265,0.559824914089404,10.004137289943174
32,7,23,3,8.043394956039265,8.6232747429749,0.5798797869356349,10.004137289943174
32,7,23,4,8.6232747429749,9.274236452998593,0.6509617100236937,10.004137289943174
32,7,23,5,9.274236452998593,10.002135123009793,0.7278986700112,10.004137289943174
32,7,23,6,10.002135123009793,10.006691279937513,0.004556156927719712,10.004137289943174
32,7,24,1,2.4286376270465553,2.9873811959987506,0.5587435689521953,10.004137289943174
32,7,24,2,2.9873811959987506,3.5510637969709933,0.5636826009722427,10.004137289943174
32,7,24,3,3.5510637969709933,4.11467233102303,0.5636085340520367,10.004137289943174
32,7,24,4,4.11467233102303,4.6728408839553595,0.5581685529323295,10.004137289943174
32,7,24,5,4.6728408839553595,5.238964339951053,0.5661234559956938,10.004137289943174
32,7,24,6,5.238964339951053,5.864741344936192,0.6257770049851388,10.004137289943174
32,7,24,7,5.864741344936192,6.359257807023823,0.4945164620876312,10.004137289943174
32,7,24,8,6.359257807023823,6.917930483003147,0.5586726759793237,10.004137289943174
32,7,24,9,6.917930483003147,7.485628976020962,0.567698493017815,10.004137289943174
32,7,24,10,7.485628976020962,8.04584044602234,0.5602114700013772,10.004137289943174
32,7,24,11,8.04584044602234,8.62537862395402,0.5795381779316813,10.004137289943174
32,7,24,12,8.62537862395402,9.276158633991145,0.6507800100371242,10.004137289943174
32,7,24,13,9.276158633991145,10.005870423046872,0.7297117890557274,10.004137289943174
32,7,25,1,2.9876755659934133,3.5511697620386258,0.5634941960452124,10.004137289943174
32,7,25,2,3.5511697620386258,4.114741825032979,0.5635720629943535,10.004137289943174
32,7,25,3,4.114741825032979,4.672752280021086,0.5580104549881071,10.004137289943174
32,7,25,4,4.672752280021086,5.238906375016086,0.5661540949949995,10.004137289943174
32,7,25,5,5.238906375016086,5.86467504396569,0.625768668949604,10.004137289943174
32,7,25,6,5.86467504396569,6.3591996929608285,0.4945246489951387,10.004137289943174
32,7,25,7,6.3591996929608285,6.9178749460261315,0.558675253065303,10.004137289943174
32,7,25,8,6.9178749460261315,7.48555814800784,0.5676832019817084,10.004137289943174
32,7,25,9,7.48555814800784,8.045781953027472,0.560223805019632,10.004137289943174
32,7,25,10,8.045781953027472,8.625318016042002,0.5795360630145296,10.004137289943174
32,7,25,11,8.625318016042002,9.276097949012183,0.6507799329701811,10.004137289943174
32,7,25,12,9.276097949012183,10.005789482966065,0.7296915339538828,10.004137289943174
32,7,26,1,8.044364150962792,8.623904122970998,0.579539972008206,10.004137289943174
32,7,26,2,8.623904122970998,9.274945670040324,0.651041547069326,10.004137289943174
32,7,26,3,9.274945670040324,10.002832346013747,0.7278866759734228,10.004137289943174
32,7,26,4,10.002832346013747,10.007228275993839,0.004395929980091751,10.004137289943174
32,7,27,1,6.357433194993064,6.915769389015622,0.5583361940225586,10.004137289943174
32,7,27,2,6.915769389015622,7.4828113809926435,0.5670419919770211,10.004137289943174
32,7,27,3,7.4828113809926435,8.043018991942517,0.5602076109498739,10.004137289943174
32,7,27,4,8.043018991942517,8.622969424002804,0.5799504320602864,10.004137289943174
32,7,27,5,8.622969424002804,9.274015718023293,0.6510462940204889,10.004137289943174
32,7,27,6,9.274015718023293,10.0019250579644,0.7279093399411067,10.004137289943174
32,7,27,7,10.0019250579644,10.006506724050269,0.004581666085869074,10.004137289943174
32,7,28,1,6.358686686027795,6.917441289988346,0.5587546039605513,10.004137289943174
32,7,28,2,6.917441289988346,7.485076452954672,0.5676351629663259,10.004137289943174
32,7,28,3,7.485076452954672,8.0453531780513,0.5602767250966281,10.004137289943174
32,7,28,4,8.0453531780513,8.624899805989116,0.5795466279378161,10.004137289943174
32,7,28,5,8.624899805989116,9.27562912099529,0.6507293150061741,10.004137289943174
32,7,28,6,9.27562912099529,10.005109849967994,0.7294807289727032,10.004137289943174
32,7,29,1,5.238729099975899,5.864226327044889,0.6254972270689905,10.004137289943174
32,7,29,2,5.864226327044889,6.358998015988618,0.4947716889437288,10.004137289943174
32,7,29,3,6.358998015988618,6.91770174796693,0.5587037319783121,10.004137289943174
32,7,29,4,6.91770174796693,7.485374931013212,0.5676731830462813,10.004137289943174
32,7,29,5,7.485374931013212,8.045598368044011,0.5602234370307997,10.004137289943174
32,7,29,6,8.045598368044011,8.625139574985951,0.5795412069419399,10.004137289943174
32,7,29,7,8.625139574985951,9.275915108970366,0.6507755339844152,10.004137289943174
32,7,29,8,9.275915108970366,10.00554079003632,0.7296256810659543,10.004137289943174
32,7,30,1,6.916884170030244,7.484094733023085,0.567210562992841,10.004137289943174
32,7,30,2,7.484094733023085,8.043826784007251,0.5597320509841666,10.004137289943174
32,7,30,3,8.043826784007251,8.623662899946794,0.5798361159395427,10.004137289943174
32,7,30,4,8.623662899946794,9.274748369003646,0.6510854690568522,10.004137289943174
32,7,30,5,9.274748369003646,10.002628328977153,0.7278799599735066,10.004137289943174
32,7,30,6,10.002628328977153,10.007056902977638,0.004428574000485241,10.004137289943174
32,7,31,1,5.864575981046073,6.359139836044051,0.4945638549979776,10.004137289943174
32,7,31,2,6.359139836044051,6.917817589011975,0.5586777529679239,10.004137289943174
32,7,31,3,6.917817589011975,7.485494951019064,0.567677362007089,10.004137289943174
32,7,31,4,7.485494951019064,8.04571194096934,0.5602169899502769,10.004137289943174
32,7,31,5,8.04571194096934,8.62525857205037,0.5795466310810298,10.004137289943174
32,7,31,6,8.62525857205037,9.276036281022243,0.6507777089718729,10.004137289943174
32,7,31,7,9.276036281022243,10.005703850998543,0.7296675699763,10.004137289943174
32,8,0,1,6.07081774296239,6.633390963892452,0.5625732209300622,10.010355065925978
32,8,0,2,6.633390963892452,7.201562820002437,0.5681718561099842,10.010355065925978
32,8,0,3,7.201562820002437,7.759352420922369,0.5577896009199321,10.010355065925978
32,8,0,4,7.759352420922369,8.323244562954642,0.5638921420322731,10.010355065925978
32,8,0,5,8.323244562954642,8.930220551905222,0.6069759889505804,10.010355065925978
32,8,0,6,8.930220551905222,9.623213660903275,0.6929931089980528,10.010355065925978
32,8,0,7,9.623213660903275,10.00804414995946,0.3848304890561849,10.010355065925978
32,8,0,8,10.00804414995946,10.013890582951717,0.005846432992257178,10.010355065925978
32,8,1,1,1.0179156349040568,1.574062550906092,0.5561469160020351,10.010355065925978
32,8,1,2,1.574062550906092,2.1371240119915456,0.5630614610854536,10.010355065925978
32,8,1,3,2.1371240119915456,2.694174943957478,0.5570509319659323,10.010355065925978
32,8,1,4,2.694174943957478,3.263382918899879,0.569207974942401,10.010355065925978
32,8,1,5,3.263382918899879,3.8190106509719044,0.5556277320720255,10.010355065925978
32,8,1,6,3.8190106509719044,4.385613997001201,0.5666033460292965,10.010355065925978
32,8,1,7,4.385613997001201,4.9437814289703965,0.5581674319691956,10.010355065925978
32,8,1,8,4.9437814289703965,5.511508956900798,0.5677275279304013,10.010355065925978
32,8,1,9,5.511508956900798,6.069419715902768,0.5579107590019703,10.010355065925978
32,8,1,10,6.069419715902768,6.631607051938772,0.5621873360360041,10.010355065925978
32,8,1,11,6.631607051938772,7.199639704893343,0.568032652954571,10.010355065925978
32,8,1,12,7.199639704893343,7.757358206901699,0.5577185020083562,10.010355065925978
32,8,1,13,7.757358206901699,8.321205446962267,0.5638472400605679,10.010355065925978
32,8,1,14,8.321205446962267,8.928977107978426,0.6077716610161588,10.010355065925978
32,8,1,15,8.928977107978426,9.621658099931665,0.6926809919532388,10.010355065925978
32,8,1,16,9.621658099931665,10.006842761998996,0.3851846620673314,10.010355065925978
32,8,1,17,10.006842761998996,10.012456868891604,0.005614106892608106,10.010355065925978
32,8,2,1,7.200255901901983,7.75756271998398,0.5573068180819973,10.010355065925978
32,8,2,2,7.75756271998398,8.321375063969754,0.5638123439857736,10.010355065925978
32,8,2,3,8.321375063969754,8.929105121991597,0.6077300580218434,10.010355065925978
32,8,2,4,8.929105121991597,9.621826518909074,0.6927213969174773,10.010355065925978
32,8,2,5,9.621826518909074,10.006971020950004,0.3851445020409301,10.010355065925978
32,8,2,6,10.006971020950004,10.012616165913641,0.005645144963636994,10.010355065925978
32,8,3,1,4.386349846958183,4.945173015934415,0.5588231689762324,10.010355065925978
32,8,3,2,4.945173015934415,5.5120837149443105,0.5669106990098953,10.010355065925978
32,8,3,3,5.5120837149443105,6.069860599003732,0.5577768840594217,10.010355065925978
32,8,3,4,6.069860599003732,6.632181536988355,0.562320937984623,10.010355065925978
32,8,3,5,6.632181536988355,7.200768032926135,0.5685864959377795,10.010355065925978
32,8,3,6,7.200768032926135,7.758074594894424,0.5573065619682893,10.010355065925978
32,8,3,7,7.758074594894424,8.321868184953928,0.5637935900595039,10.010355065925978
32,8,3,8,8.321868184953928,8.929528435925022,0.6076602509710938,10.010355065925978
32,8,3,9,8.929528435925022,9.622330786893144,0.6928023509681225,10.010355065925978
32,8,3,10,9.622330786893144,10.00732255994808,0.38499177305493504,10.010355065925978
32,8,3,11,10.00732255994808,10.013094688998535,0.0057721290504559875,10.010355065925978
32,8,4,1,2.1381031569326296,2.6946379569126293,0.5565347999799997,10.010355065925978
32,8,4,2,2.6946379569126293,3.26426760898903,0.5696296520764008,10.010355065925978
32,8,4,3,3.26426760898903,3.8194771819980815,0.5552095730090514,10.010355065925978
32,8,4,4,3.8194771819980815,4.386582273989916,0.5671050919918343,10.010355065925978
32,8,4,5,4.386582273989916,4.943276681937277,0.5566944079473615,10.010355065925978
32,8,4,6,4.943276681937277,5.510549191967584,0.5672725100303069,10.010355065925978
32,8,4,7,5.510549191967584,6.068852495984174,0.5583033040165901,10.010355065925978
32,8,4,8,6.068852495984174,6.630386656965129,0.5615341609809548,10.010355065925978
32,8,4,9,6.630386656965129,7.198832120979205,0.5684454640140757,10.010355065925978
32,8,4,10,7.198832120979205,7.75659295998048,0.5577608390012756,10.010355065925978
32,8,4,11,7.75659295998048,8.31992482196074,0.5633318619802594,10.010355065925978
32,8,4,12,8.31992482196074,8.928337157005444,0.6084123350447044,10.010355065925978
32,8,4,13,8.928337157005444,9.62083306000568,0.6924959030002356,10.010355065925978
32,8,4,14,9.62083306000568,10.006188123952597,0.38535506394691765,10.010355065925978
32,8,4,15,10.006188123952597,10.011791599914432,0.005603475961834192,10.010355065925978
32,8,5,1,3.8184515848988667,4.385420180973597,0.5669685960747302,10.010355065925978
32,8,5,2,4.385420180973597,4.945610742899589,0.5601905619259924,10.010355065925978
32,8,5,3,4.945610742899589,5.513388318940997,0.5677775760414079,10.010355065925978
32,8,5,4,5.513388318940997,6.070997996954247,0.5576096780132502,10.010355065925978
32,8,5,5,6.070997996954247,6.633545295917429,0.5625472989631817,10.010355065925978
32,8,5,6,6.633545295917429,7.201736294897273,0.5681909989798442,10.010355065925978
32,8,5,7,7.201736294897273,7.760011039907113,0.5582747450098395,10.010355065925978
32,8,5,8,7.760011039907113,8.32352617289871,0.5635151329915971,10.010355065925978
32,8,5,9,8.32352617289871,8.930395451956429,0.6068692790577188,10.010355065925978
32,8,5,10,8.930395451956429,9.62344947294332,0.6930540209868923,10.010355065925978
32,8,5,11,9.62344947294332,10.008211886975914,0.38476241403259337,10.010355065925978
32,8,5,12,10.008211886975914,10.014132716925815,0.005920829949900508,10.010355065925978
32,8,6,1,2.695079434895888,3.2644526929361746,0.5693732580402866,10.010355065925978
32,8,6,2,3.2644526929361746,3.8196125709218904,0.5551598779857159,10.010355065925978
32,8,6,3,3.8196125709218904,4.387092572986148,0.5674800020642579,10.010355065925978
32,8,6,4,4.387092572986148,4.945338182966225,0.5582456099800766,10.010355065925978
32,8,6,5,4.945338182966225,5.5122949599754065,0.5669567770091817,10.010355065925978
32,8,6,6,5.5122949599754065,6.070316056953743,0.5580210969783366,10.010355065925978
32,8,6,7,6.070316056953743,6.632993564940989,0.5626775079872459,10.010355065925978
32,8,6,8,6.632993564940989,7.201235171989538,0.5682416070485488,10.010355065925978
32,8,6,9,7.201235171989538,7.758400811930187,0.5571656399406493,10.010355065925978
32,8,6,10,7.758400811930187,8.322290916927159,0.5638901049969718,10.010355065925978
32,8,6,11,8.322290916927159,8.929814044968225,0.6075231280410662,10.010355065925978
32,8,6,12,8.929814044968225,9.622732662945054,0.6929186179768294,10.010355065925978
32,8,6,13,9.622732662945054,10.007634061970748,0.38490139902569354,10.010355065925978
32,8,6,14,10.007634061970748,10.013406581943855,0.005772519973106682,10.010355065925978
32,8,7,1,0.4557062719250098,1.018140711938031,0.5624344400130212,10.010355065925978
32,8,7,2,1.018140711938031,1.5745473729912192,0.5564066610531881,10.010355065925978
32,8,7,3,1.5745473729912192,2.1374291979009286,0.5628818249097094,10.010355065925978
32,8,7,4,2.1374291979009286,2.694377207895741,0.5569480099948123,10.010355065925978
32,8,7,5,2.694377207895741,3.2640415369533002,0.5696643290575594,10.010355065925978
32,8,7,6,3.2640415369533002,3.8192703370004892,0.555228800047189,10.010355065925978
32,8,7,7,3.8192703370004892,4.385927356895991,0.5666570198955014,10.010355065925978
32,8,7,8,4.385927356895991,4.944317017914727,0.5583896610187367,10.010355065925978
32,8,7,9,4.944317017914727,5.511688279919326,0.567371262004599,10.010355065925978
32,8,7,10,5.511688279919326,6.0695495419204235,0.5578612620010972,10.010355065925978
32,8,7,11,6.0695495419204235,6.631771827931516,0.5622222860110924,10.010355065925978
32,8,7,12,6.631771827931516,7.200346863945015,0.5685750360134989,10.010355065925978
32,8,7,13,7.200346863945015,7.757648492930457,0.5573016289854422,10.010355065925978
32,8,7,14,7.757648492930457,8.321457682992332,0.5638091900618747,10.010355065925978
32,8,7,15,8.321457682992332,8.929220249992795,0.6077625670004636,10.010355065925978
32,8,7,16,8.929220249992795,9.6219096359564,0.6926893859636039,10.010355065925978
32,8,7,17,9.6219096359564,10.007030553999357,0.3851209180429578,10.010355065925978
32,8,7,18,10.007030553999357,10.012697843951173,0.005667289951816201,10.010355065925978
32,8,8,1,6.632889992906712,7.201151803950779,0.5682618110440671,10.010355065925978
32,8,8,2,7.201151803950779,7.758320168941282,0.5571683649905026,10.010355065925978
32,8,8,3,7.758320168941282,8.32220662094187,0.5638864520005882,10.010355065925978
32,8,8,4,8.32220662094187,8.929709513904527,0.6075028929626569,10.010355065925978
32,8,8,5,8.929709513904527,9.622652948950417,0.6929434350458905,10.010355065925978
32,8,8,6,9.622652948950417,10.007551800925285,0.3848988519748673,10.010355065925978
32,8,8,7,10.007551800925285,10.013327101944014,0.005775301018729806,10.010355065925978
32,8,9,1,4.944235224975273,5.511616181931458,0.5673809569561854,10.010355065925978
32,8,9,2,5.511616181931458,6.069485525949858,0.5578693440183997,10.010355065925978
32,8,9,3,6.069485525949858,6.63169043790549,0.5622049119556323,10.010355065925978
32,8,9,4,6.63169043790549,7.199724962934852,0.5680345250293612,10.010355065925978
32,8,9,5,7.199724962934852,7.7574432590045035,0.5577182960696518,10.010355065925978
32,8,9,6,7.7574432590045035,8.321290672989562,0.5638474139850587,10.010355065925978
32,8,9,7,8.321290672989562,8.929040670976974,0.6077499979874119,10.010355065925978
32,8,9,8,8.929040670976974,9.62174251594115,0.6927018449641764,10.010355065925978
32,8,9,9,9.62174251594115,10.006903484929353,0.3851609689882025,10.010355065925978
32,8,9,10,10.006903484929353,10.012537072994746,0.005633588065393269,10.010355065925978
32,8,10,1,1.0187257989309728,1.575177417951636,0.5564516190206632,10.010355065925978
32,8,10,2,1.575177417951636,2.1383468279382214,0.5631694099865854,10.010355065925978
32,8,10,3,2.1383468279382214,2.6955030258977786,0.5571561979595572,10.010355065925978
32,8,10,4,2.6955030258977786,3.2647105489159003,0.5692075230181217,10.010355065925978
32,8,10,5,3.2647105489159003,3.819827346946113,0.5551167980302125,10.010355065925978
32,8,10,6,3.819827346946113,4.387295842985623,0.5674684960395098,10.010355065925978
32,8,10,7,4.387295842985623,4.945408013998531,0.5581121710129082,10.010355065925978
32,8,10,8,4.945408013998531,5.512365713948384,0.5669576999498531,10.010355065925978
32,8,10,9,5.512365713948384,6.070375564973801,0.5580098510254174,10.010355065925978
32,8,10,10,6.070375564973801,6.633076390950009,0.5627008259762079,10.010355065925978
32,8,10,11,6.633076390950009,7.201319320942275,0.568242929992266,10.010355065925978
32,8,10,12,7.201319320942275,7.759106777957641,0.5577874570153654,10.010355065925978
32,8,10,13,7.759106777957641,8.322498214896768,0.5633914369391277,10.010355065925978
32,8,10,14,8.322498214896768,8.92993647698313,0.6074382620863616,10.010355065925978
32,8,10,15,8.92993647698313,9.622890495928004,0.6929540189448744,10.010355065925978
32,8,10,16,9.622890495928004,10.007763757952489,0.3848732620244846,10.010355065925978
32,8,10,17,10.007763757952489,10.013569465954788,0.00580570800229907,10.010355065925978
32,8,11,1,4.944778259960003,5.51186297996901,0.5670847200090066,10.010355065925978
32,8,11,2,5.51186297996901,6.069679019972682,0.5578160400036722,10.010355065925978
32,8,11,3,6.069679019972682,6.631934847915545,0.5622558279428631,10.010355065925978
32,8,11,4,6.631934847915545,7.200517039978877,0.5685821920633316,10.010355065925978
32,8,11,5,7.200517039978877,7.757814473006874,0.5572974330279976,10.010355065925978
32,8,11,6,7.757814473006874,8.321621820912696,0.5638073479058221,10.010355065925978
32,8,11,7,8.321621820912696,8.929345123004168,0.6077233020914719,10.010355065925978
32,8,11,8,8.929345123004168,9.62208301492501,0.6927378919208422,10.010355065925978
32,8,11,9,9.62208301492501,10.007146505988203,0.3850634910631925,10.010355065925978
32,8,11,10,10.007146505988203,10.012853949912824,0.0057074439246207476,10.010355065925978
32,8,12,1,5.511270186980255,6.069217785960063,0.5579475989798084,10.010355065925978
32,8,12,2,6.069217785960063,6.630672468920238,0.561454682960175,10.010355065925978
32,8,12,3,6.630672468920238,7.199259704910219,0.5685872359899804,10.010355065925978
32,8,12,4,7.199259704910219,7.757015181938186,0.5577554770279676,10.010355065925978
32,8,12,5,7.757015181938186,8.32084884296637,0.563833661028184,10.010355065925978
32,8,12,6,8.32084884296637,8.928715678979643,0.6078668360132724,10.010355065925978
32,8,12,7,8.928715678979643,9.621320592937991,0.6926049139583483,10.010355065925978
32,8,12,8,9.621320592937991,10.006569961900823,0.3852493689628318,10.010355065925978
32,8,12,9,10.006569961900823,10.012133182957768,0.005563221056945622,10.010355065925978
32,8,13,1,7.759012802969664,8.322415424976498,0.5634026220068336,10.010355065925978
32,8,13,2,8.322415424976498,8.929876862908714,0.6074614379322156,10.010355065925978
32,8,13,3,8.929876862908714,9.622811098932289,0.6929342360235751,10.010355065925978
32,8,13,4,9.622811098932289,10.007703670999035,0.38489257206674665,10.010355065925978
32,8,13,5,10.007703670999035,10.01348744193092,0.005783770931884646,10.010355065925978
32,8,14,1,0.4561938989209011,1.0182664399035275,0.5620725409826264,10.010355065925978
32,8,14,2,1.0182664399035275,1.5746171429054812,0.5563507030019537,10.010355065925978
32,8,14,3,1.5746171429054812,2.137504541897215,0.5628873989917338,10.010355065925978
32,8,14,4,2.137504541897215,2.694444125983864,0.5569395840866491,10.010355065925978
32,8,14,5,2.694444125983864,3.264114033896476,0.569669907912612,10.010355065925978
32,8,14,6,3.264114033896476,3.819339463952929,0.5552254300564528,10.010355065925978
32,8,14,7,3.819339463952929,4.38643938396126,0.5670999200083315,10.010355065925978
32,8,14,8,4.38643938396126,4.944401986896992,0.5579626029357314,10.010355065925978
32,8,14,9,4.944401986896992,5.511765015893616,0.567363028996624,10.010355065925978
32,8,14,10,5.511765015893616,6.0696148299612105,0.5578498140675947,10.010355065925978
32,8,14,11,6.0696148299612105,6.631853854982182,0.5622390250209719,10.010355065925978
32,8,14,12,6.631853854982182,7.200432954938151,0.5685790999559686,10.010355065925978
32,8,14,13,7.200432954938151,7.757732390891761,0.5572994359536096,10.010355065925978
32,8,14,14,7.757732390891761,8.321540771983564,0.5638083810918033,10.010355065925978
32,8,14,15,8.321540771983564,8.929285085992888,0.6077443140093237,10.010355065925978
32,8,14,16,8.929285085992888,9.622001290903427,0.6927162049105391,10.010355065925978
32,8,14,17,9.622001290903427,10.007088635931723,0.3850873450282961,10.010355065925978
32,8,14,18,10.007088635931723,10.012776018003933,0.005687382072210312,10.010355065925978
32,8,15,1,3.2631908409530297,3.817841846961528,0.5546510060084984,10.010355065925978
32,8,15,2,3.817841846961528,4.385191748966463,0.5673499020049348,10.010355065925978
32,8,15,3,4.385191748966463,4.943703804980032,0.5585120560135692,10.010355065925978
32,8,15,4,4.943703804980032,5.511433262960054,0.5677294579800218,10.010355065925978
32,8,15,5,5.511433262960054,6.069355689920485,0.557922426960431,10.010355065925978
32,8,15,6,6.069355689920485,6.63097584398929,0.5616201540688053,10.010355065925978
32,8,15,7,6.63097584398929,7.199427775922231,0.5684519319329411,10.010355065925978
32,8,15,8,7.199427775922231,7.757186057977378,0.557758282055147,10.010355065925978
32,8,15,9,7.757186057977378,8.321032293955795,0.5638462359784171,10.010355065925978
32,8,15,10,8.321032293955795,8.92884054791648,0.6078082539606839,10.010355065925978
32,8,15,11,8.92884054791648,9.621487250900827,0.6926467029843479,10.010355065925978
32,8,15,12,9.621487250900827,10.006719166995026,0.3852319160941988,10.010355065925978
32,8,15,13,10.006719166995026,10.012293404899538,0.005574237904511392,10.010355065925978
32,8,16,1,7.759829510003328,8.323361583985388,0.56353207398206,10.010355065925978
32,8,16,2,8.323361583985388,8.930278231971897,0.6069166479865089,10.010355065925978
32,8,16,3,8.930278231971897,9.623292557895184,0.6930143259232864,10.010355065925978
32,8,16,4,9.623292557895184,10.008101608953439,0.38480905105825514,10.010355065925978
32,8,16,5,10.008101608953439,10.013974664965644,0.0058730560122057796,10.010355065925978
32,8,17,1,-0.12102269404567778,0.4558893599314615,0.5769120539771393,10.010355065925978
32,8,17,2,0.4558893599314615,1.0183374648913741,0.5624481049599126,10.010355065925978
32,8,17,3,1.0183374648913741,1.5750100759323686,0.5566726110409945,10.010355065925978
32,8,17,4,1.5750100759323686,2.1382046448998153,0.5631945689674467,10.010355065925978
32,8,17,5,2.1382046448998153,2.694706154987216,0.5565015100874007,10.010355065925978
32,8,17,6,2.694706154987216,3.264340084977448,0.569633929990232,10.010355065925978
32,8,17,7,3.264340084977448,3.819547123974189,0.5552070389967412,10.010355065925978
32,8,17,8,3.819547123974189,4.3870215360075235,0.5674744120333344,10.010355065925978
32,8,17,9,4.3870215360075235,4.943369383923709,0.5563478479161859,10.010355065925978
32,8,17,10,4.943369383923709,5.51063490496017,0.567265521036461,10.010355065925978
32,8,17,11,5.51063490496017,6.068932450958528,0.5582975459983572,10.010355065925978
32,8,17,12,6.068932450958528,6.630491042975336,0.5615585920168087,10.010355065925978
32,8,17,13,6.630491042975336,7.1990714819403365,0.5685804389650002,10.010355065925978
32,8,17,14,7.1990714819403365,7.756685854983516,0.5576143730431795,10.010355065925978
32,8,17,15,7.756685854983516,8.320021761930548,0.5633359069470316,10.010355065925978
32,8,17,16,8.320021761930548,8.92847088095732,0.6084491190267727,10.010355065925978
32,8,17,17,8.92847088095732,9.620927650947124,0.6924567699898034,10.010355065925978
32,8,17,18,9.620927650947124,10.006283722934313,0.38535607198718935,10.010355065925978
32,8,17,19,10.006283722934313,10.011878543999046,0.005594821064732969,10.010355065925978
32,8,18,1,3.2639484079554677,3.81918529397808,0.5552368860226125,10.010355065925978
32,8,18,2,3.81918529397808,4.385856922948733,0.5666716289706528,10.010355065925978
32,8,18,3,4.385856922948733,4.945259889005683,0.5594029660569504,10.010355065925978
32,8,18,4,4.945259889005683,5.512164330924861,0.5669044419191778,10.010355065925978
32,8,18,5,5.512164330924861,6.069921194924973,0.5577568640001118,10.010355065925978
32,8,18,6,6.069921194924973,6.632260180893354,0.5623389859683812,10.010355065925978
32,8,18,7,6.632260180893354,7.200922749936581,0.5686625690432265,10.010355065925978
32,8,18,8,7.200922749936581,7.758158355951309,0.5572356060147285,10.010355065925978
32,8,18,9,7.758158355951309,8.321950756944716,0.5637924009934068,10.010355065925978
32,8,18,10,8.321950756944716,8.929589460953139,0.6076387040084228,10.010355065925978
32,8,18,11,8.929589460953139,9.622492082999088,0.6929026220459491,10.010355065925978
32,8,18,12,9.622492082999088,10.007381854928099,0.38488977192901075,10.010355065925978
32,8,18,13,10.007381854928099,10.013173216953874,0.005791362025775015,10.010355065925978
32,8,19,1,2.138719694921747,2.695601038984023,0.5568813440622762,10.010355065925978
32,8,19,2,2.695601038984023,3.2647802559658885,0.5691792169818655,10.010355065925978
32,8,19,3,3.2647802559658885,3.819891979917884,0.5551117239519954,10.010355065925978
32,8,19,4,3.819891979917884,4.387369982898235,0.5674780029803514,10.010355065925978
32,8,19,5,4.387369982898235,4.94361872994341,0.5562487470451742,10.010355065925978
32,8,19,6,4.94361872994341,5.5113554949639365,0.567736765020527,10.010355065925978
32,8,19,7,5.5113554949639365,6.069291269988753,0.5579357750248164,10.010355065925978
32,8,19,8,6.069291269988753,6.630880994955078,0.5615897249663249,10.010355065925978
32,8,19,9,6.630880994955078,7.199343577958643,0.5684625830035657,10.010355065925978
32,8,19,10,7.199343577958643,7.757102811941877,0.5577592339832336,10.010355065925978
32,8,19,11,7.757102811941877,8.320931794005446,0.5638289820635691,10.010355065925978
32,8,19,12,8.320931794005446,8.928779193898663,0.6078473998932168,10.010355065925978
32,8,19,13,8.928779193898663,9.621403361903504,0.6926241680048406,10.010355065925978
32,8,19,14,9.621403361903504,10.006655438919552,0.38525207701604813,10.010355065925978
32,8,19,15,10.006655438919552,10.012213930953294,0.005558492033742368,10.010355065925978
32,8,20,1,5.513267691945657,6.070931868976913,0.5576641770312563,10.010355065925978
32,8,20,2,6.070931868976913,6.633470242959447,0.5625383739825338,10.010355065925978
32,8,20,3,6.633470242959447,7.201653648982756,0.5681834060233086,10.010355065925978
32,8,20,4,7.201653648982756,7.75992275995668,0.5582691109739244,10.010355065925978
32,8,20,5,7.75992275995668,8.323446738999337,0.5635239790426567,10.010355065925978
32,8,20,6,8.323446738999337,8.930338180973195,0.6068914419738576,10.010355065925978
32,8,20,7,8.930338180973195,9.62337075395044,0.6930325729772449,10.010355065925978
32,8,20,8,9.62337075395044,10.008157019969076,0.3847862660186365,10.010355065925978
32,8,20,9,10.008157019969076,10.014052956947125,0.005895936978049576,10.010355065925978
32,8,21,1,1.5749035939807072,2.1376101250061765,0.5627065310254693,10.010355065925978
32,8,21,2,2.1376101250061765,2.694510495988652,0.5569003709824756,10.010355065925978
32,8,21,3,2.694510495988652,3.264183016959578,0.5696725209709257,10.010355065925978
32,8,21,4,3.264183016959578,3.8194062389666215,0.5552232220070437,10.010355065925978
32,8,21,5,3.8194062389666215,4.386510751908645,0.5671045129420236,10.010355065925978
32,8,21,6,4.386510751908645,4.94554346089717,0.559032708988525,10.010355065925978
32,8,21,7,4.94554346089717,5.512513387948275,0.5669699270511046,10.010355065925978
32,8,21,8,5.512513387948275,6.070533968973905,0.5580205810256302,10.010355065925978
32,8,21,9,6.070533968973905,6.6332755599869415,0.5627415910130367,10.010355065925978
32,8,21,10,6.6332755599869415,7.201481728930958,0.5682061689440161,10.010355065925978
32,8,21,11,7.201481728930958,7.759271241957322,0.5577895130263641,10.010355065925978
32,8,21,12,7.759271241957322,8.323162713903002,0.5638914719456807,10.010355065925978
32,8,21,13,8.323162713903002,8.930163855897263,0.6070011419942603,10.010355065925978
32,8,21,14,8.930163855897263,9.62313619197812,0.6929723360808566,10.010355065925978
32,8,21,15,9.62313619197812,10.007986404001713,0.3848502120235935,10.010355065925978
32,8,21,16,10.007986404001713,10.013811218901537,0.00582481489982456,10.010355065925978
32,8,22,1,8.32066835090518,8.928583560977131,0.6079152100719512,10.010355065925978
32,8,22,2,8.928583560977131,9.6211378199514,0.692554258974269,10.010355065925978
32,8,22,3,9.6211378199514,10.006429397966713,0.38529157801531255,10.010355065925978
32,8,22,4,10.006429397966713,10.011968312901445,0.00553891493473202,10.010355065925978
32,8,23,1,1.574458253919147,2.1373376050032675,0.5628793510841206,10.010355065925978
32,8,23,2,2.1373376050032675,2.694301637937315,0.5569640329340473,10.010355065925978
32,8,23,3,2.694301637937315,3.263468746910803,0.5691671089734882,10.010355065925978
32,8,23,4,3.263468746910803,3.8190874099964276,0.5556186630856246,10.010355065925978
32,8,23,5,3.8190874099964276,4.385779882897623,0.5666924729011953,10.010355065925978
32,8,23,6,4.385779882897623,4.94547466491349,0.5596947820158675,10.010355065925978
32,8,23,7,4.94547466491349,5.512448738911189,0.5669740739976987,10.010355065925978
32,8,23,8,5.512448738911189,6.070470298989676,0.5580215600784868,10.010355065925978
32,8,23,9,6.070470298989676,6.6331574119394645,0.5626871129497886,10.010355065925978
32,8,23,10,6.6331574119394645,7.20140054798685,0.5682431360473856,10.010355065925978
32,8,23,11,7.20140054798685,7.759188970900141,0.5577884229132906,10.010355065925978
32,8,23,12,7.759188970900141,8.322577808983624,0.5633888380834833,10.010355065925978
32,8,23,13,8.322577808983624,8.930001386906952,0.6074235779233277,10.010355065925978
32,8,23,14,8.930001386906952,9.622975449892692,0.6929740629857406,10.010355065925978
32,8,23,15,9.622975449892692,10.007822883897461,0.38484743400476873,10.010355065925978
32,8,23,16,10.007822883897461,10.013649713946506,0.005826830049045384,10.010355065925978
32,8,24,1,6.631515674991533,7.199551064986736,0.5680353899952024,10.010355065925978
32,8,24,2,7.199551064986736,7.7572717108996585,0.5577206459129229,10.010355065925978
32,8,24,3,7.7572717108996585,8.321117727900855,0.5638460170011967,10.010355065925978
32,8,24,4,8.321117727900855,8.928902874002233,0.6077851461013779,10.010355065925978
32,8,24,5,8.928902874002233,9.621572433970869,0.6926695599686354,10.010355065925978
32,8,24,6,9.621572433970869,10.006778673967347,0.38520623999647796,10.010355065925978
32,8,24,7,10.006778673967347,10.012375477002934,0.005596803035587072,10.010355065925978
32,8,25,1,6.070246885996312,6.632388643920422,0.5621417579241097,10.010355065925978
32,8,25,2,6.632388643920422,7.201018958934583,0.5686303150141612,10.010355065925978
32,8,25,3,7.201018958934583,7.758238744921982,0.5572197859873995,10.010355065925978
32,8,25,4,7.758238744921982,8.32203566597309,0.5637969210511073,10.010355065925978
32,8,25,5,8.32203566597309,8.929649203899316,0.6076135379262269,10.010355065925978
32,8,25,6,8.929649203899316,9.622572880005464,0.6929236761061475,10.010355065925978
32,8,25,7,9.622572880005464,10.007482232991606,0.38490935298614204,10.010355065925978
32,8,25,8,10.007482232991606,10.013249117997475,0.005766885005868971,10.010355065925978
32,8,26,3,-0.12155863305088133,0.4552855269284919,0.5768441599793732,10.010355065925978
32,8,26,4,0.4552855269284919,1.018424729933031,0.563139203004539,10.010355065925978
32,8,26,5,1.018424729933031,1.5750770999584347,0.5566523700254038,10.010355065925978
32,8,26,6,1.5750770999584347,2.138278348953463,0.5632012489950284,10.010355065925978
32,8,26,7,2.138278348953463,2.6951548759825528,0.5568765270290896,10.010355065925978
32,8,26,8,2.6951548759825528,3.2645254239905626,0.5693705480080098,10.010355065925978
32,8,26,9,3.2645254239905626,3.819683418958448,0.5551579949678853,10.010355065925978
32,8,26,10,3.819683418958448,4.387162113911472,0.5674786949530244,10.010355065925978
32,8,26,11,4.387162113911472,4.943538352963515,0.5563762390520424,10.010355065925978
32,8,26,12,4.943538352963515,5.510814990964718,0.5672766380012035,10.010355065925978
32,8,26,13,5.510814990964718,6.069019606919028,0.5582046159543097,10.010355065925978
32,8,26,14,6.069019606919028,6.630586233921349,0.5615666270023212,10.010355065925978
32,8,26,15,6.630586233921349,7.199169321916997,0.5685830879956484,10.010355065925978
32,8,26,16,7.199169321916997,7.756911757984199,0.5577424360672012,10.010355065925978
32,8,26,17,7.756911757984199,8.320764897973277,0.563853139989078,10.010355065925978
32,8,26,18,8.320764897973277,8.928652347996831,0.6078874500235543,10.010355065925978
32,8,26,19,8.928652347996831,9.621234639897011,0.6925822919001803,10.010355065925978
32,8,26,20,9.621234639897011,10.006495323963463,0.3852606840664521,10.010355065925978
32,8,26,21,10.006495323963463,10.012050828896463,0.005555504932999611,10.010355065925978
32,8,27,1,2.6954405589494854,3.2646233269479126,0.5691827679984272,10.010355065925978
32,8,27,2,3.2646233269479126,3.8197628560010344,0.5551395290531218,10.010355065925978
32,8,27,3,3.8197628560010344,4.387229379964992,0.567466523963958,10.010355065925978
32,8,27,4,4.387229379964992,4.945055515971035,0.5578261360060424,10.010355065925978
32,8,27,5,4.945055515971035,5.512013826984912,0.5669583110138774,10.010355065925978
32,8,27,6,5.512013826984912,6.069800041965209,0.5577862149802968,10.010355065925978
32,8,27,7,6.069800041965209,6.63210075290408,0.5623007109388709,10.010355065925978
32,8,27,8,6.63210075290408,7.20068512193393,0.5685843690298498,10.010355065925978
32,8,27,9,7.20068512193393,7.757991834892891,0.5573067129589617,10.010355065925978
32,8,27,10,7.757991834892891,8.321786073967814,0.5637942390749231,10.010355065925978
32,8,27,11,8.321786073967814,8.929465599940158,0.607679525972344,10.010355065925978
32,8,27,12,8.929465599940158,9.622247253893875,0.6927816539537162,10.010355065925978
32,8,27,13,9.622247253893875,10.007262829924002,0.3850155760301277,10.010355065925978
32,8,27,14,10.007262829924002,10.013017875957303,0.005755046033300459,10.010355065925978
32,8,28,1,8.3230655209627,8.93010603392031,0.6070405129576102,10.010355065925978
32,8,28,2,8.93010603392031,9.623057135962881,0.6929511020425707,10.010355065925978
32,8,28,3,9.623057135962881,10.0078796899179,0.3848225539550185,10.010355065925978
32,8,28,4,10.0078796899179,10.013732720981352,0.005853031063452363,10.010355065925978
32,8,29,1,3.818831573938951,4.385537381982431,0.5667058080434799,10.010355065925978
32,8,29,2,4.385537381982431,4.943093993933871,0.5575566119514406,10.010355065925978
32,8,29,3,4.943093993933871,5.510348024894483,0.567254030960612,10.010355065925978
32,8,29,4,5.510348024894483,6.0686632809229195,0.5583152560284361,10.010355065925978
32,8,29,5,6.0686632809229195,6.630164410918951,0.5615011299960315,10.010355065925978
32,8,29,6,6.630164410918951,7.198025536956266,0.5678611260373145,10.010355065925978
32,8,29,7,7.198025536956266,7.756231535924599,0.558205998968333,10.010355065925978
32,8,29,8,7.756231535924599,8.31961884291377,0.5633873069891706,10.010355065925978
32,8,29,9,8.31961884291377,8.928096500923857,0.6084776580100879,10.010355065925978
32,8,29,10,8.928096500923857,9.620510484906845,0.6924139839829877,10.010355065925978
32,8,29,11,9.620510484906845,10.005936668952927,0.3854261840460822,10.010355065925978
32,8,29,12,10.005936668952927,10.01157776499167,0.005641096038743854,10.010355065925978
32,8,30,1,7.19871000899002,7.756487981998362,0.5577779730083421,10.010355065925978
32,8,30,2,7.756487981998362,8.31982509396039,0.5633371119620278,10.010355065925978
32,8,30,3,8.31982509396039,8.928254150901921,0.6084290569415316,10.010355065925978
32,8,30,4,8.928254150901921,9.620727129979059,0.692472979077138,10.010355065925978
32,8,30,5,9.620727129979059,10.006028903997503,0.3853017740184441,10.010355065925978
32,8,30,6,10.006028903997503,10.011695095920004,0.0056661919225007296,10.010355065925978
32,8,31,1,4.386941825971007,4.94490462099202,0.5579627950210124,10.010355065925978
32,8,31,2,4.94490462099202,5.511939825955778,0.5670352049637586,10.010355065925978
32,8,31,3,5.511939825955778,6.0697395409224555,0.5577997149666771,10.010355065925978
32,8,31,4,6.0697395409224555,6.632020746939816,0.5622812060173601,10.010355065925978
32,8,31,5,6.632020746939816,7.200603590928949,0.5685828439891338,10.010355065925978
32,8,31,6,7.200603590928949,7.757895992952399,0.5572924020234495,10.010355065925978
32,8,31,7,7.757895992952399,8.321702542947605,0.5638065499952063,10.010355065925978
32,8,31,8,8.321702542947605,8.929405475966632,0.6077029330190271,10.010355065925978
32,8,31,9,8.929405475966632,9.622164741973393,0.6927592660067603,10.010355065925978
32,8,31,10,9.622164741973393,10.007203485933132,0.3850387439597398,10.010355065925978
32,8,31,11,10.007203485933132,10.012932452955283,0.005728967022150755,10.010355065925978
32,9,0,1,2.415952550014481,2.9728237109957263,0.5568711609812453,9.98314472194761
32,9,0,2,2.9728237109957263,3.534746548975818,0.5619228379800916,9.98314472194761
32,9,0,3,3.534746548975818,4.095942529966123,0.5611959809903055,9.98314472194761
32,9,0,4,4.095942529966123,4.6538141099736094,0.557871580007486,9.98314472194761
32,9,0,5,4.6538141099736094,5.220443252008408,0.5666291420347989,9.98314472194761
32,9,0,6,5.220443252008408,5.77756762097124,0.5571243689628318,9.98314472194761
32,9,0,7,5.77756762097124,6.3451765479985625,0.5676089270273224,9.98314472194761
32,9,0,8,6.3451765479985625,6.903426442993805,0.5582498949952424,9.98314472194761
32,9,0,9,6.903426442993805,7.468551276950166,0.5651248339563608,9.98314472194761
32,9,0,10,7.468551276950166,8.032633761991747,0.5640824850415811,9.98314472194761
32,9,0,11,8.032633761991747,8.605739529011771,0.5731057670200244,9.98314472194761
32,9,0,12,8.605739529011771,9.25897821597755,0.6532386869657785,9.98314472194761
32,9,0,13,9.25897821597755,9.985916876001284,0.726938660023734,9.98314472194761
32,9,1,1,7.469135380000807,8.032975976006128,0.5638405960053205,9.98314472194761
32,9,1,2,8.032975976006128,8.60601285903249,0.5730368830263615,9.98314472194761
32,9,1,3,8.60601285903249,9.25924916099757,0.6532363019650802,9.98314472194761
32,9,1,4,9.25924916099757,9.986293899011798,0.7270447380142286,9.98314472194761
32,9,2,1,0.7251408960437402,1.2939265050226822,0.568785608978942,9.98314472194761
32,9,2,2,1.2939265050226822,1.8438489249674603,0.5499224199447781,9.98314472194761
32,9,2,3,1.8438489249674603,2.4147757249884307,0.5709268000209704,9.98314472194761
32,9,2,4,2.4147757249884307,2.97129297896754,0.5565172539791092,9.98314472194761
32,9,2,5,2.97129297896754,3.533306114957668,0.5620131359901279,9.98314472194761
32,9,2,6,3.533306114957668,4.0947700350079685,0.5614639200503007,9.98314472194761
32,9,2,7,4.0947700350079685,4.653369517996907,0.5585994829889387,9.98314472194761
32,9,2,8,4.653369517996907,5.219899196992628,0.566529678995721,9.98314472194761
32,9,2,9,5.219899196992628,5.777282529044896,0.5573833320522681,9.98314472194761
32,9,2,10,5.777282529044896,6.344893106026575,0.5676105769816786,9.98314472194761
32,9,2,11,6.344893106026575,6.902869828976691,0.5579767229501158,9.98314472194761
32,9,2,12,6.902869828976691,7.468162351986393,0.5652925230097026,9.98314472194761
32,9,2,13,7.468162351986393,8.032279876992106,0.5641175250057131,9.98314472194761
32,9,2,14,8.032279876992106,8.605381628964096,0.5731017519719899,9.98314472194761
32,9,2,15,8.605381628964096,9.258639186038636,0.6532575570745394,9.98314472194761
32,9,2,16,9.258639186038636,9.985478627029806,0.7268394409911707,9.98314472194761
32,9,3,1,5.219397407025099,5.776449903962202,0.5570524969371036,9.98314472194761
32,9,3,2,5.776449903962202,6.343670242000371,0.5672203380381688,9.98314472194761
32,9,3,3,6.343670242000371,6.9020787390181795,0.5584084970178083,9.98314472194761
32,9,3,4,6.9020787390181795,7.466927636996843,0.5648488979786634,9.98314472194761
32,9,3,5,7.466927636996843,8.030528850969858,0.5636012139730155,9.98314472194761
32,9,3,6,8.030528850969858,8.603832644061185,0.573303793091327,9.98314472194761
32,9,3,7,8.603832644061185,9.257513017975725,0.6536803739145398,9.98314472194761
32,9,3,8,9.257513017975725,9.984146394999698,0.7266333770239726,9.98314472194761
32,9,4,1,-0.38797065895050764,0.17455825803335756,0.5625289169838652,9.98314472194761
32,9,4,2,0.17455825803335756,0.7253313440596685,0.5507730860263109,9.98314472194761
32,9,4,3,0.7253313440596685,1.2944454490207136,0.5691141049610451,9.98314472194761
32,9,4,4,1.2944454490207136,1.8444860839517787,0.5500406349310651,9.98314472194761
32,9,4,5,1.8444860839517787,2.41549979604315,0.5710137120913714,9.98314472194761
32,9,4,6,2.41549979604315,2.972613796009682,0.557113999966532,9.98314472194761
32,9,4,7,2.972613796009682,3.5346155209699646,0.5620017249602824,9.98314472194761
32,9,4,8,3.5346155209699646,4.095507079036906,0.5608915580669418,9.98314472194761
32,9,4,9,4.095507079036906,4.652561208000407,0.5570541289635003,9.98314472194761
32,9,4,10,4.652561208000407,5.218865048955195,0.566303840954788,9.98314472194761
32,9,4,11,5.218865048955195,5.775817109039053,0.5569520600838587,9.98314472194761
32,9,4,12,5.775817109039053,6.343238570028916,0.5674214609898627,9.98314472194761
32,9,4,13,6.343238570028916,6.901357267983258,0.5581186979543418,9.98314472194761
32,9,4,14,6.901357267983258,7.466399137047119,0.5650418690638617,9.98314472194761
32,9,4,15,7.466399137047119,8.030048797954805,0.5636496609076858,9.98314472194761
32,9,4,16,8.030048797954805,8.603334159008227,0.5732853610534221,9.98314472194761
32,9,4,17,8.603334159008227,9.257015121984296,0.6536809629760683,9.98314472194761
32,9,4,18,9.257015121984296,9.983568237978034,0.7265531159937382,9.98314472194761
32,9,5,1,-0.38751576701179147,0.175165461958386,0.5626812289701775,9.98314472194761
32,9,5,2,0.175165461958386,0.7252606370020658,0.5500951750436798,9.98314472194761
32,9,5,3,0.7252606370020658,1.294000803027302,0.5687401660252362,9.98314472194761
32,9,5,4,1.294000803027302,1.8442601680289954,0.5502593650016934,9.98314472194761
32,9,5,5,1.8442601680289954,2.415367517969571,0.5711073499405757,9.98314472194761
32,9,5,6,2.415367517969571,2.972078535007313,0.5567110170377418,9.98314472194761
32,9,5,7,2.972078535007313,3.5343958110315725,0.5623172760242596,9.98314472194761
32,9,5,8,3.5343958110315725,4.095311827026308,0.5609160159947351,9.98314472194761
32,9,5,9,4.095311827026308,4.653750294004567,0.5584384669782594,9.98314472194761
32,9,5,10,4.653750294004567,5.220057748025283,0.5663074540207162,9.98314472194761
32,9,5,11,5.220057748025283,5.777405770961195,0.557348022935912,9.98314472194761
32,9,5,12,5.777405770961195,6.345036479993723,0.5676307090325281,9.98314472194761
32,9,5,13,6.345036479993723,6.903295018011704,0.5582585380179808,9.98314472194761
32,9,5,14,6.903295018011704,7.468414971954189,0.5651199539424852,9.98314472194761
32,9,5,15,7.468414971954189,8.032483984017745,0.5640690120635554,9.98314472194761
32,9,5,16,8.032483984017745,8.605590497958474,0.5731065139407292,9.98314472194761
32,9,5,17,8.605590497958474,9.25884531403426,0.653254816075787,9.98314472194761
32,9,5,18,9.25884531403426,9.985734643996693,0.7268893299624324,9.98314472194761
32,9,6,1,4.095815240056254,4.6526820389553905,0.5568667988991365,9.98314472194761
32,9,6,2,4.6526820389553905,5.218936346005648,0.5662543070502579,9.98314472194761
32,9,6,3,5.218936346005648,5.775886335060932,0.5569499890552834,9.98314472194761
32,9,6,4,5.775886335060932,6.34333018399775,0.5674438489368185,9.98314472194761
32,9,6,5,6.34333018399775,6.901429962017573,0.5580997780198231,9.98314472194761
32,9,6,6,6.901429962017573,7.466487284051254,0.565057322033681,9.98314472194761
32,9,6,7,7.466487284051254,8.03012434602715,0.5636370619758964,9.98314472194761
32,9,6,8,8.03012434602715,8.603416942059994,0.573292596032843,9.98314472194761
32,9,6,9,8.603416942059994,9.25709399394691,0.6536770518869162,9.98314472194761
32,9,6,10,9.25709399394691,9.983641115017235,0.7265471210703254,9.98314472194761
32,9,7,1,1.2943666289793327,1.844415568979457,0.5500489400001243,9.98314472194761
32,9,7,2,1.844415568979457,2.4154354620259255,0.5710198930464685,9.98314472194761
32,9,7,3,2.4154354620259255,2.9721615640446544,0.5567261020187289,9.98314472194761
32,9,7,4,2.9721615640446544,3.534466236946173,0.5623046729015186,9.98314472194761
32,9,7,5,3.534466236946173,4.095381999039091,0.5609157620929182,9.98314472194761
32,9,7,6,4.095381999039091,4.652483941987157,0.5571019429480657,9.98314472194761
32,9,7,7,4.652483941987157,5.218783201999031,0.5662992600118741,9.98314472194761
32,9,7,8,5.218783201999031,5.775737434974872,0.5569542329758406,9.98314472194761
32,9,7,9,5.775737434974872,6.343139581033029,0.5674021460581571,9.98314472194761
32,9,7,10,6.343139581033029,6.9012770160334185,0.5581374350003898,9.98314472194761
32,9,7,11,6.9012770160334185,7.466297548031434,0.5650205319980159,9.98314472194761
32,9,7,12,7.466297548031434,8.029964993009344,0.5636674449779093,9.98314472194761
32,9,7,13,8.029964993009344,8.603250636951998,0.5732856439426541,9.98314472194761
32,9,7,14,8.603250636951998,9.256933070952073,0.6536824340000749,9.98314472194761
32,9,7,15,9.256933070952073,9.98348790302407,0.7265548320719972,9.98314472194761
32,9,8,1,5.2203505570068955,5.7775082719745114,0.5571577149676159,9.98314472194761
32,9,8,2,5.7775082719745114,6.345106424996629,0.5675981530221179,9.98314472194761
32,9,8,3,6.345106424996629,6.90335988602601,0.5582534610293806,9.98314472194761
32,9,8,4,6.90335988602601,7.46848439599853,0.5651245099725202,9.98314472194761
32,9,8,5,7.46848439599853,8.03256453096401,0.5640801349654794,9.98314472194761
32,9,8,6,8.03256453096401,8.605658755055629,0.5730942240916193,9.98314472194761
32,9,8,7,8.605658755055629,9.258911433978938,0.6532526789233088,9.98314472194761
32,9,8,8,9.258911433978938,9.985820529051125,0.7269090950721875,9.98314472194761
32,9,9,1,4.653674470027909,5.219996617059223,0.5663221470313147,9.98314472194761
32,9,9,2,5.219996617059223,5.777345331967808,0.557348714908585,9.98314472194761
32,9,9,3,5.777345331967808,6.344964460004121,0.5676191280363128,9.98314472194761
32,9,9,4,6.344964460004121,6.9029305189615116,0.5579660589573905,9.98314472194761
32,9,9,5,6.9029305189615116,7.468232286977582,0.5653017680160701,9.98314472194761
32,9,9,6,7.468232286977582,8.032350245048292,0.5641179580707103,9.98314472194761
32,9,9,7,8.032350245048292,8.605444087996148,0.5730938429478556,9.98314472194761
32,9,9,8,8.605444087996148,9.258699393016286,0.6532553050201386,9.98314472194761
32,9,9,9,9.258699393016286,9.985559087013826,0.7268596939975396,9.98314472194761
32,9,10,1,1.2936203309800476,1.8436320920009166,0.550011761020869,9.98314472194761
32,9,10,2,1.8436320920009166,2.414552671951242,0.5709205799503252,9.98314472194761
32,9,10,3,2.414552671951242,2.971005497034639,0.5564528250833973,9.98314472194761
32,9,10,4,2.971005497034639,3.533033702056855,0.5620282050222158,9.98314472194761
32,9,10,5,3.533033702056855,4.094120956026018,0.5610872539691627,9.98314472194761
32,9,10,6,4.094120956026018,4.653203123016283,0.5590821669902653,9.98314472194761
32,9,10,7,4.653203123016283,5.219782692962326,0.5665795699460432,9.98314472194761
32,9,10,8,5.219782692962326,5.777116470970213,0.5573337780078873,9.98314472194761
32,9,10,9,5.777116470970213,6.344234579009935,0.5671181080397218,9.98314472194761
32,9,10,10,6.344234579009935,6.9026188149582595,0.5583842359483242,9.98314472194761
32,9,10,11,6.9026188149582595,7.467859986005351,0.5652411710470915,9.98314472194761
32,9,10,12,7.467859986005351,8.032073089038022,0.5642131030326709,9.98314472194761
32,9,10,13,8.032073089038022,8.605103333014995,0.573030243976973,9.98314472194761
32,9,10,14,8.605103333014995,9.258363037952222,0.6532597049372271,9.98314472194761
32,9,10,15,9.258363037952222,9.98519001796376,0.7268269800115377,9.98314472194761
32,9,11,1,1.8441796000115573,2.4152951850555837,0.5711155850440264,9.98314472194761
32,9,11,2,2.4152951850555837,2.972000573994592,0.5567053889390081,9.98314472194761
32,9,11,3,2.972000573994592,3.534329190966673,0.5623286169720814,9.98314472194761
32,9,11,4,3.534329190966673,4.095201855991036,0.5608726650243625,9.98314472194761
32,9,11,5,4.095201855991036,4.653938130009919,0.5587362740188837,9.98314472194761
32,9,11,6,4.653938130009919,5.220565653056838,0.5666275230469182,9.98314472194761
32,9,11,7,5.220565653056838,5.777686213958077,0.5571205609012395,9.98314472194761
32,9,11,8,5.777686213958077,6.3453113220166415,0.5676251080585644,9.98314472194761
32,9,11,9,6.3453113220166415,6.903554194956087,0.5582428729394451,9.98314472194761
32,9,11,10,6.903554194956087,7.468685920001008,0.565131725044921,9.98314472194761
32,9,11,11,7.468685920001008,8.032780883950181,0.5640949639491737,9.98314472194761
32,9,11,12,8.032780883950181,8.605871603009291,0.5730907190591097,9.98314472194761
32,9,11,13,8.605871603009291,9.259117012028582,0.6532454090192914,9.98314472194761
32,9,11,14,9.259117012028582,9.986098980996758,0.7269819689681754,9.98314472194761
32,9,12,1,0.7256246469914913,1.294557761051692,0.5689331140602008,9.98314472194761
32,9,12,2,1.294557761051692,1.8448841130593792,0.5503263520076871,9.98314472194761
32,9,12,3,1.8448841130593792,2.416021217009984,0.5711371039506048,9.98314472194761
32,9,12,4,2.416021217009984,2.9730590359540656,0.5570378189440817,9.98314472194761
32,9,12,5,2.9730590359540656,3.5348130030324683,0.5617539670784026,9.98314472194761
32,9,12,6,3.5348130030324683,4.096010135021061,0.5611971319885924,9.98314472194761
32,9,12,7,4.096010135021061,4.65314111195039,0.5571309769293293,9.98314472194761
32,9,12,8,4.65314111195039,5.219713200000115,0.5665720880497247,9.98314472194761
32,9,12,9,5.219713200000115,5.777055360027589,0.5573421600274742,9.98314472194761
32,9,12,10,5.777055360027589,6.344166864990257,0.5671115049626678,9.98314472194761
32,9,12,11,6.344166864990257,6.902555610984564,0.5583887459943071,9.98314472194761
32,9,12,12,6.902555610984564,7.467788808979094,0.5652331979945302,9.98314472194761
32,9,12,13,7.467788808979094,8.031510344007984,0.5637215350288898,9.98314472194761
32,9,12,14,8.031510344007984,8.60491815302521,0.5734078090172261,9.98314472194761
32,9,12,15,8.60491815302521,9.258219699957408,0.6533015469321981,9.98314472194761
32,9,12,16,9.258219699957408,9.985011346056126,0.726791646098718,9.98314472194761
32,9,13,1,1.844814782962203,2.415648007998243,0.57083322503604,9.98314472194761
32,9,13,2,2.415648007998243,2.97269220801536,0.557044200017117,9.98314472194761
32,9,13,3,2.97269220801536,3.5346780120162293,0.5619858040008694,9.98314472194761
32,9,13,4,3.5346780120162293,4.095880704000592,0.5612026919843629,9.98314472194761
32,9,13,5,4.095880704000592,4.652763186022639,0.556882482022047,9.98314472194761
32,9,13,6,4.652763186022639,5.219081509043463,0.5663183230208233,9.98314472194761
32,9,13,7,5.219081509043463,5.776021525030956,0.5569400159874931,9.98314472194761
32,9,13,8,5.776021525030956,6.343490991042927,0.5674694660119712,9.98314472194761
32,9,13,9,6.343490991042927,6.901498157996684,0.5580071669537574,9.98314472194761
32,9,13,10,6.901498157996684,7.466651238966733,0.5651530809700489,9.98314472194761
32,9,13,11,7.466651238966733,8.030304335989058,0.5636530970223248,9.98314472194761
32,9,13,12,8.030304335989058,8.60360169399064,0.5732973580015823,9.98314472194761
32,9,13,13,8.60360169399064,9.257280015037395,0.6536783210467547,9.98314472194761
32,9,13,14,9.257280015037395,9.983710760017857,0.7264307449804619,9.98314472194761
32,9,14,1,5.7763504210161045,6.343598930980079,0.5672485099639744,9.98314472194761
32,9,14,2,6.343598930980079,6.902011726982892,0.5584127960028127,9.98314472194761
32,9,14,3,6.902011726982892,7.466861009015702,0.5648492820328102,9.98314472194761
32,9,14,4,7.466861009015702,8.03045886498876,0.5635978559730574,9.98314472194761
32,9,14,5,8.03045886498876,8.603763708029874,0.5733048430411145,9.98314472194761
32,9,14,6,8.603763708029874,9.257427769014612,0.6536640609847382,9.98314472194761
32,9,14,7,9.257427769014612,9.984042454976588,0.7266146859619766,9.98314472194761
32,9,15,1,7.4676306310575455,8.031374710029922,0.5637440789723769,9.98314472194761
32,9,15,2,8.031374710029922,8.604781155008823,0.5734064449789003,9.98314472194761
32,9,15,3,8.604781155008823,9.25807557895314,0.6532944239443168,9.98314472194761
32,9,15,4,9.25807557895314,9.984834672999568,0.7267590940464288,9.98314472194761
32,9,16,1,2.415136773022823,2.971403641044162,0.5562668680213392,9.98314472194761
32,9,16,2,2.971403641044162,3.5333770570578054,0.5619734160136431,9.98314472194761
32,9,16,3,3.5333770570578054,4.094845224986784,0.5614681679289788,9.98314472194761
32,9,16,4,4.094845224986784,4.6528805900597945,0.5580353650730103,9.98314472194761
32,9,16,5,4.6528805900597945,5.219469091971405,0.5665885019116104,9.98314472194761
32,9,16,6,5.219469091971405,5.7765146610327065,0.5570455690613016,9.98314472194761
32,9,16,7,5.7765146610327065,6.343765094992705,0.5672504339599982,9.98314472194761
32,9,16,8,6.343765094992705,6.902141653001308,0.5583765580086038,9.98314472194761
32,9,16,9,6.902141653001308,7.466996246017516,0.5648545930162072,9.98314472194761
32,9,16,10,7.466996246017516,8.030598170007579,0.5636019239900634,9.98314472194761
32,9,16,11,8.030598170007579,8.604373001959175,0.5737748319515958,9.98314472194761
32,9,16,12,8.604373001959175,9.257700524060056,0.6533275221008807,9.98314472194761
32,9,16,13,9.257700524060056,9.984345386037603,0.7266448619775474,9.98314472194761
32,9,17,1,8.604287922033109,9.257635236019269,0.6533473139861599,9.98314472194761
32,9,17,2,9.257635236019269,9.984239079989493,0.7266038439702243,9.98314472194761
32,9,18,1,3.533963229972869,4.095029085990973,0.5610658560181037,9.98314472194761
32,9,18,2,4.095029085990973,4.653013897011988,0.557984811021015,9.98314472194761
32,9,18,3,4.653013897011988,5.219594859983772,0.5665809629717842,9.98314472194761
32,9,18,4,5.219594859983772,5.776645116042346,0.5570502560585737,9.98314472194761
32,9,18,5,5.776645116042346,6.343903554021381,0.5672584379790351,9.98314472194761
32,9,18,6,6.343903554021381,6.902362313005142,0.5584587589837611,9.98314472194761
32,9,18,7,6.902362313005142,7.467132876045071,0.5647705630399287,9.98314472194761
32,9,18,8,7.467132876045071,8.031189672998153,0.5640567969530821,9.98314472194761
32,9,18,9,8.031189672998153,8.604628753033467,0.573439080035314,9.98314472194761
32,9,18,10,8.604628753033467,9.257931542000733,0.6533027889672667,9.98314472194761
32,9,18,11,9.257931542000733,9.984634089050815,0.7267025470500812,9.98314472194761
32,9,19,1,6.901924637961201,7.466787431039847,0.5648627930786461,9.98314472194761
32,9,19,2,7.466787431039847,8.03038402297534,0.563596591935493,9.98314472194761
32,9,19,3,8.03038402297534,8.60367880098056,0.57329477800522,9.98314472194761
32,9,19,4,8.60367880098056,9.257356093032286,0.6536772920517251,9.98314472194761
32,9,19,5,9.257356093032286,9.983798412955366,0.7264423199230805,9.98314472194761
32,9,20,1,2.971842520055361,3.5334757280070335,0.5616332079516724,9.98314472194761
32,9,20,2,3.5334757280070335,4.094913359964266,0.561437631957233,9.98314472194761
32,9,20,3,4.094913359964266,4.65387501497753,0.5589616550132632,9.98314472194761
32,9,20,4,4.65387501497753,5.22050637495704,0.5666313599795103,9.98314472194761
32,9,20,5,5.22050637495704,5.777626884984784,0.5571205100277439,9.98314472194761
32,9,20,6,5.777626884984784,6.345242734998465,0.5676158500136808,9.98314472194761
32,9,20,7,6.345242734998465,6.90349029796198,0.5582475629635155,9.98314472194761
32,9,20,8,6.90349029796198,7.468617085949518,0.5651267879875377,9.98314472194761
32,9,20,9,7.468617085949518,8.03269918798469,0.5640821020351723,9.98314472194761
32,9,20,10,8.03269918798469,8.60580540401861,0.5731062160339206,9.98314472194761
32,9,20,11,8.60580540401861,9.259051191969775,0.653245787951164,9.98314472194761
32,9,20,12,9.259051191969775,9.985999768949114,0.7269485769793391,9.98314472194761
32,9,21,1,4.652331243967637,5.218601831002161,0.5662705870345235,9.98314472194761
32,9,21,2,5.218601831002161,5.7755608960287645,0.5569590650266036,9.98314472194761
32,9,21,3,5.7755608960287645,6.342929873964749,0.5673689779359847,9.98314472194761
32,9,21,4,6.342929873964749,6.901132103987038,0.5582022300222889,9.98314472194761
32,9,21,5,6.901132103987038,7.466087448992766,0.5649553450057283,9.98314472194761
32,9,21,6,7.466087448992766,8.02976799197495,0.5636805429821834,9.98314472194761
32,9,21,7,8.02976799197495,8.603064069990069,0.5732960780151188,9.98314472194761
32,9,21,8,8.603064069990069,9.256742394994944,0.6536783250048757,9.98314472194761
32,9,21,9,9.256742394994944,9.983397993026301,0.7266555980313569,9.98314472194761
32,9,22,1,0.1750164789846167,0.7246993980370462,0.5496829190524295,9.98314472194761
32,9,22,2,0.7246993980370462,1.2937911519547924,0.5690917539177462,9.98314472194761
32,9,22,3,1.2937911519547924,1.843771560001187,0.5499804080463946,9.98314472194761
32,9,22,4,1.843771560001187,2.414688962046057,0.57091740204487,9.98314472194761
32,9,22,5,2.414688962046057,2.971206860966049,0.5565178989199921,9.98314472194761
32,9,22,6,2.971206860966049,3.5332286909688264,0.5620218300027773,9.98314472194761
32,9,22,7,3.5332286909688264,4.094257208053023,0.5610285170841962,9.98314472194761
32,9,22,8,4.094257208053023,4.65326646505855,0.5590092570055276,9.98314472194761
32,9,22,9,4.65326646505855,5.219841453013942,0.5665749879553914,9.98314472194761
32,9,22,10,5.219841453013942,5.777177992044017,0.5573365390300751,9.98314472194761
32,9,22,11,5.777177992044017,6.344305114005692,0.5671271219616756,9.98314472194761
32,9,22,12,6.344305114005692,6.902682312997058,0.5583771989913657,9.98314472194761
32,9,22,13,6.902682312997058,7.468007773975842,0.5653254609787837,9.98314472194761
32,9,22,14,7.468007773975842,8.032142451964319,0.564134677988477,9.98314472194761
32,9,22,15,8.032142451964319,8.605243230005726,0.5731007780414075,9.98314472194761
32,9,22,16,8.605243230005726,9.258493038010783,0.6532498080050573,9.98314472194761
32,9,22,17,9.258493038010783,9.985295752994716,0.7268027149839327,9.98314472194761
32,9,23,1,3.5342583239544183,4.095136775984429,0.5608784520300105,9.98314472194761
32,9,23,2,4.095136775984429,4.652948617003858,0.5578118410194293,9.98314472194761
32,9,23,3,4.652948617003858,5.219533320982009,0.5665847039781511,9.98314472194761
32,9,23,4,5.219533320982009,5.776580928009935,0.5570476070279256,9.98314472194761
32,9,23,5,5.776580928009935,6.343835116014816,0.5672541880048811,9.98314472194761
32,9,23,6,6.343835116014816,6.902296758024022,0.5584616420092061,9.98314472194761
32,9,23,7,6.902296758024022,7.467064903001301,0.564768144977279,9.98314472194761
32,9,23,8,7.467064903001301,8.030694051994942,0.5636291489936411,9.98314472194761
32,9,23,9,8.030694051994942,8.60445251094643,0.5737584589514881,9.98314472194761
32,9,23,10,8.60445251094643,9.257780269021168,0.6533277580747381,9.98314472194761
32,9,23,11,9.257780269021168,9.984442476998083,0.7266622079769149,9.98314472194761
32,9,24,1,5.776990488986485,6.344086459954269,0.5670959709677845,9.98314472194761
32,9,24,2,6.344086459954269,6.902486447012052,0.5583999870577827,9.98314472194761
32,9,24,3,6.902486447012052,7.467711637960747,0.5652251909486949,9.98314472194761
32,9,24,4,7.467711637960747,8.031441395985894,0.563729758025147,9.98314472194761
32,9,24,5,8.031441395985894,8.604847933980636,0.5734065379947424,9.98314472194761
32,9,24,6,8.604847933980636,9.258149362984113,0.6533014290034771,9.98314472194761
32,9,24,7,9.258149362984113,9.984920950955711,0.7267715879715979,9.98314472194761
32,9,25,1,8.03197973803617,8.60503577196505,0.5730560339288786,9.98314472194761
32,9,25,2,8.60503577196505,9.258288117009215,0.6532523450441658,9.98314472194761
32,9,25,3,9.258288117009215,9.985109259956516,0.7268211429473013,9.98314472194761
32,9,26,1,8.031111255986616,8.60456059500575,0.5734493390191346,9.98314472194761
32,9,26,2,8.60456059500575,9.257862246013246,0.6533016510074958,9.98314472194761
32,9,26,3,9.257862246013246,9.984541450976394,0.7266792049631476,9.98314472194761
32,9,27,1,4.094618528964929,4.654037259053439,0.5594187300885096,9.98314472194761
32,9,27,2,4.654037259053439,5.220625199959613,0.5665879409061745,9.98314472194761
32,9,27,3,5.220625199959613,5.777750432956964,0.5571252329973504,9.98314472194761
32,9,27,4,5.777750432956964,6.345765760052018,0.5680153270950541,9.98314472194761
32,9,27,5,6.345765760052018,6.903721689945087,0.557955929893069,9.98314472194761
32,9,27,6,6.903721689945087,7.469211510964669,0.5654898210195825,9.98314472194761
32,9,27,7,7.469211510964669,8.033050409052521,0.5638388980878517,9.98314472194761
32,9,27,8,8.033050409052521,8.606087306980044,0.5730368979275227,9.98314472194761
32,9,27,9,8.606087306980044,9.259314069990069,0.653226763010025,9.98314472194761
32,9,27,10,9.259314069990069,9.986389799974859,0.7270757299847901,9.98314472194761
32,9,28,1,6.3447370160138234,6.902805862016976,0.5580688460031524,9.98314472194761
32,9,28,2,6.902805862016976,7.468084973981604,0.5652791119646281,9.98314472194761
32,9,28,3,7.468084973981604,8.032208182034083,0.5641232080524787,9.98314472194761
32,9,28,4,8.032208182034083,8.605315527995117,0.5731073459610343,9.98314472194761
32,9,28,5,8.605315527995117,9.2585569890216,0.6532414610264823,9.98314472194761
32,9,28,6,9.2585569890216,9.985393724986352,0.7268367359647527,9.98314472194761
32,9,29,1,6.345683127059601,6.9036605800502,0.557977452990599,9.98314472194761
32,9,29,2,6.9036605800502,7.468763537006453,0.5651029569562525,9.98314472194761
32,9,29,3,7.468763537006453,8.032864921027794,0.5641013840213418,9.98314472194761
32,9,29,4,8.032864921027794,8.605944002047181,0.5730790810193866,9.98314472194761
32,9,29,5,8.605944002047181,9.259182758047245,0.6532387560000643,9.98314472194761
32,9,29,6,9.259182758047245,9.986188729060814,0.7270059710135683,9.98314472194761
32,9,30,1,2.9725355990231037,3.534552015014924,0.5620164159918204,9.98314472194761
32,9,30,2,3.534552015014924,4.095445350045338,0.5608933350304142,9.98314472194761
32,9,30,3,4.095445350045338,4.653075241018087,0.5576298909727484,9.98314472194761
32,9,30,4,4.653075241018087,5.219652561005205,0.5665773199871182,9.98314472194761
32,9,30,5,5.219652561005205,5.776704094023444,0.5570515330182388,9.98314472194761
32,9,30,6,5.776704094023444,6.343971958034672,0.5672678640112281,9.98314472194761
32,9,30,7,6.343971958034672,6.902423823950812,0.5584518659161404,9.98314472194761
32,9,30,8,6.902423823950812,7.467196732060984,0.5647729081101716,9.98314472194761
32,9,30,9,7.467196732060984,8.03125798504334,0.5640612529823557,9.98314472194761
32,9,30,10,8.03125798504334,8.60469288402237,0.5734348989790305,9.98314472194761
32,9,30,11,8.60469288402237,9.257995574036613,0.6533026900142431,9.98314472194761
32,9,30,12,9.257995574036613,9.984733324032277,0.7267377499956638,9.98314472194761
32,9,31,1,6.903226673952304,7.468345987028442,0.5651193130761385,9.98314472194761
32,9,31,2,7.468345987028442,8.032416670001112,0.5640706829726696,9.98314472194761
32,9,31,3,8.032416670001112,8.605522998026572,0.5731063280254602,9.98314472194761
32,9,31,4,8.605522998026572,9.258768156985752,0.6532451589591801,9.98314472194761
32,9,31,5,9.258768156985752,9.98564395296853,0.7268757959827781,9.98314472194761
