B,n,k,t_iter
1,64,4.0,0.015309556969441473
1,64,5.0,0.014683158020488918
1,64,6.0,0.015091493027284741
1,64,7.0,0.014800045057199895
1,64,8.0,0.015021861996501684
1,64,9.0,0.014774065930396318
1,64,10.0,0.014989634044468403
1,64,11.0,0.015154412016272545
1,64,12.0,0.014742508996278048
1,64,13.0,0.014627232914790511
1,64,14.0,0.014985484071075916
1,64,15.0,0.015022153966128826
1,64,16.0,0.014882098068483174
1,64,17.0,0.015045098960399628
1,64,18.0,0.014613781939260662
1,64,19.0,0.014860594063065946
1,64,20.0,0.015117357950657606
1,64,21.0,0.01441942504607141
1,64,22.0,0.015015873941592872
1,64,23.0,0.015040317084640265
1,64,24.0,0.015073015005327761
1,64,25.0,0.014426828944124281
1,64,26.0,0.015164162963628769
1,64,27.0,0.014566302066668868
1,64,28.0,0.015265548950992525
1,64,29.0,0.01472029008436948
1,64,30.0,0.014860284980386496
1,64,31.0,0.014765837928280234
1,64,32.0,0.015063359052874148
1,64,33.0,0.01498114294372499
1,64,34.0,0.014776164083741605
1,64,35.0,0.01488097500987351
1,64,36.0,0.01478909095749259
1,64,37.0,0.014818714000284672
1,64,38.0,0.014746224042028189
1,64,39.0,0.014871757943183184
1,64,40.0,0.015126036014407873
1,64,41.0,0.014762436971068382
1,64,42.0,0.01498404797166586
1,64,43.0,0.015006310073658824
1,64,44.0,0.01456272101495415
1,64,45.0,0.015001407940872014
1,64,46.0,0.01490291696973145
1,64,47.0,0.014416372054256499
1,64,48.0,0.014985673944465816
1,64,49.0,0.014718528022058308
1,64,50.0,0.015167350997217
1,64,51.0,0.014982399996370077
1,64,52.0,0.014928959077224135
1,64,53.0,0.01478865696117282
1,64,54.0,0.014888618956319988
1,64,55.0,0.014660455984994769
1,64,56.0,0.014592961058951914
1,64,57.0,0.015292937052436173
1,64,58.0,0.01487023988738656
1,64,59.0,0.014965479029342532
1,64,60.0,0.014948336058296263
1,64,61.0,0.014402746921405196
1,64,62.0,0.015252189012244344
1,64,63.0,0.015043243998661637
1,64,64.0,0.014704981003887951
1,64,65.0,0.01476304407697171
1,64,66.0,0.015018641948699951
1,64,67.0,0.014911315054632723
1,64,68.0,0.01473238691687584
1,64,69.0,0.015042936080135405
1,64,70.0,0.015210282988846302
1,64,71.0,0.01447753794491291
1,64,72.0,0.015197216998785734
1,64,73.0,0.01478810200933367
1,64,74.0,0.014865593053400517
1,64,75.0,0.015132591011933982
1,64,76.0,0.014447810943238437
1,64,77.0,0.015401458949781954
1,64,78.0,0.014380471082404256
1,64,79.0,0.015330987982451916
1,64,80.0,0.014527003979310393
1,64,81.0,0.015160094015300274
1,64,82.0,0.0149224050110206
1,64,83.0,0.014841908006928861
1,64,84.0,0.014812564011663198
1,64,85.0,0.015305166016332805
1,64,86.0,0.01477279793471098
1,64,87.0,0.014930970966815948
1,64,88.0,0.014765901025384665
1,64,89.0,0.01504835207015276
1,64,90.0,0.014543802943080664
1,64,91.0,0.01494051399640739
1,64,92.0,0.015064981998875737
1,64,93.0,0.015083302976563573
1,64,94.0,0.014811369008384645
1,64,95.0,0.014742512023076415
1,64,96.0,0.014683224959298968
1,64,97.0,0.015222862013615668
1,64,98.0,0.015020388993434608
1,64,99.0,0.014917484018951654
1,64,100.0,0.01487204700242728
1,64,101.0,0.014804386999458075
1,64,102.0,0.014940547989681363
1,64,103.0,0.01477320003323257
1,64,104.0,0.015010945033282042
1,64,105.0,0.014738294994458556
1,64,106.0,0.014925408991985023
1,64,107.0,0.015273032942786813
1,64,108.0,0.01471033098641783
1,64,109.0,0.01501139800529927
1,64,110.0,0.014824974001385272
1,64,111.0,0.015174841042608023
1,64,112.0,0.014995567966252565
1,64,113.0,0.01474814407993108
1,64,114.0,0.014735644916072488
1,64,115.0,0.014944978058338165
1,64,116.0,0.014922595000825822
1,64,117.0,0.015086442930623889
1,64,118.0,0.014665386057458818
1,64,119.0,0.01492650096770376
1,64,120.0,0.015083134989254177
1,64,121.0,0.014494001981802285
1,64,122.0,0.015290857991203666
1,64,123.0,0.01480641111265868
1,64,124.0,0.015093369991518557
1,64,125.0,0.014793095993809402
1,64,126.0,0.014602918992750347
1,64,127.0,0.015385478967800736
1,64,128.0,0.014900697045959532
1,64,129.0,0.014585235971026123
1,64,130.0,0.014932638965547085
1,64,131.0,0.01495336799416691
1,64,132.0,0.014675589045509696
1,64,133.0,0.015051253023557365
1,64,134.0,0.015393909998238087
1,64,135.0,0.014595031971111894
1,64,136.0,0.014728534035384655
1,64,137.0,0.01512067299336195
1,64,138.0,0.014791424968279898
1,64,139.0,0.014573802007362247
1,64,140.0,0.015096702030859888
1,64,141.0,0.014937151921913028
1,64,142.0,0.015132331056520343
1,64,143.0,0.014858581009320915
1,64,144.0,0.014955297927372158
1,64,145.0,0.014952230034396052
1,64,146.0,0.015057164011523128
1,64,147.0,0.014631083933636546
1,64,148.0,0.015114625100977719
1,64,149.0,0.015084540005773306
1,64,150.0,0.014600662980228662
1,64,151.0,0.015362909995019436
1,64,152.0,0.01455534202978015
1,64,153.0,0.014688076917082071
1,64,154.0,0.015082133002579212
1,64,155.0,0.015106484992429614
1,64,156.0,0.014753238065168262
1,64,157.0,0.014786237967200577
1,64,158.0,0.015121496981009841
1,64,159.0,0.014741500024683774
1,64,160.0,0.014764074934646487
1,64,161.0,0.015384177095256746
1,64,162.0,0.014662588946521282
1,64,163.0,0.014915501000359654
1,64,164.0,0.015039492980577052
1,64,165.0,0.01505908404942602
1,64,166.0,0.01450076000764966
1,64,167.0,0.014763209968805313
1,64,168.0,0.015165299992077053
1,64,169.0,0.015110241016373038
1,64,170.0,0.014576219953596592
1,64,171.0,0.015164053998887539
1,64,172.0,0.014952708035707474
1,64,173.0,0.014828616986051202
1,64,174.0,0.01472049206495285
1,64,175.0,0.015239076921716332
1,64,176.0,0.014788132044486701
1,64,177.0,0.014713332988321781
1,64,178.0,0.01544011605437845
1,64,179.0,0.014708178932778537
1,64,180.0,0.014643914997577667
1,64,181.0,0.0148606370203197
1,64,182.0,0.015092764981091022
1,64,183.0,0.014935038983821869
1,64,184.0,0.014795579016208649
1,64,185.0,0.015214479994028807
1,64,186.0,0.014746661996468902
1,64,187.0,0.01475328707601875
1,64,188.0,0.014785251929424703
1,64,189.0,0.015297106001526117
1,64,190.0,0.014659306965768337
1,64,191.0,0.01518153608776629
1,64,192.0,0.014823612989857793
1,64,193.0,0.01490135199856013
1,64,194.0,0.014366072951816022
1,64,195.0,0.015491952071897686
1,64,196.0,0.01488404895644635
1,64,197.0,0.014616645989008248
1,64,198.0,0.015063246013596654
1,64,199.0,0.015480921952985227
1,64,200.0,0.014677193015813828
1,64,201.0,0.014811336062848568
1,64,202.0,0.014562433934770525
1,64,203.0,0.014996099984273314
1,64,204.0,0.01484097505453974
1,64,205.0,0.015262766974046826
1,64,206.0,0.014874833053909242
1,64,207.0,0.014780723955482244
1,64,208.0,0.014964382047764957
1,64,209.0,0.015086269937455654
1,64,210.0,0.014660320011898875
1,64,211.0,0.014951204997487366
1,64,212.0,0.015294380020350218
1,64,213.0,0.014470809022895992
1,64,214.0,0.015311482944525778
1,64,215.0,0.014291899045929313
1,64,216.0,0.015381535980850458
1,64,217.0,0.01470647205132991
1,64,218.0,0.01544843998271972
1,64,219.0,0.014486638945527375
1,64,220.0,0.014950704062357545
1,64,221.0,0.014548339997418225
1,64,222.0,0.015202200971543789
1,64,223.0,0.014823309029452503
1,64,224.0,0.014900757931172848
1,64,225.0,0.015394428046420217
1,64,226.0,0.014519263990223408
1,64,227.0,0.014808128005824983
1,64,228.0,0.014792297035455704
1,64,229.0,0.014997676946222782
1,64,230.0,0.015219016000628471
1,64,231.0,0.014905547956004739
1,64,232.0,0.014898911002092063
1,64,233.0,0.014761624042876065
1,64,234.0,0.01515633100643754
1,64,235.0,0.014805541024543345
1,64,236.0,0.01474591693840921
1,64,237.0,0.014887392055243254
1,64,238.0,0.015258506988175213
1,64,239.0,0.014777199947275221
1,64,240.0,0.015115010086447
1,64,241.0,0.01474091096315533
1,64,242.0,0.01493877696339041
1,64,243.0,0.014717960031703115
1,64,244.0,0.01480427198112011
1,64,245.0,0.015110580017790198
1,64,246.0,0.01491421100217849
1,64,247.0,0.014976456994190812
1,64,248.0,0.014638636959716678
1,64,249.0,0.014860130031593144
1,64,250.0,0.01510881504509598
1,64,251.0,0.01493543991819024
1,64,252.0,0.014757486991584301
1,64,253.0,0.015001538093201816
1,64,254.0,0.014906416996382177
1,64,255.0,0.014951537013985217
1,256,4.0,0.014985715970396996
1,256,5.0,0.015218598069623113
1,256,6.0,0.014985657995566726
1,256,7.0,0.014807331026531756
1,256,8.0,0.014866876997984946
1,256,9.0,0.015371428919024765
1,256,10.0,0.01598424802068621
1,256,11.0,0.01375625398941338
1,256,12.0,0.014724434004165232
1,256,13.0,0.014933482045307755
1,256,14.0,0.015060049016028643
1,256,15.0,0.014892578939907253
1,256,16.0,0.01500332506839186
1,256,17.0,0.014962093904614449
1,256,18.0,0.014756530057638884
1,256,19.0,0.015170041006058455
1,256,20.0,0.014820309006609023
1,256,21.0,0.015010059927590191
1,256,22.0,0.014787806081585586
1,256,23.0,0.014957331004552543
1,256,24.0,0.014945699949748814
1,256,25.0,0.015160536975599825
1,256,26.0,0.015136494999751449
1,256,27.0,0.014648026088252664
1,256,28.0,0.015154278953559697
1,256,29.0,0.01490098494105041
1,256,30.0,0.014737518038600683
1,256,31.0,0.015156005974859
1,256,32.0,0.01477372704539448
1,256,33.0,0.014734628959558904
1,256,34.0,0.014910685014910996
1,256,35.0,0.015252297045663
1,256,36.0,0.014773149974644184
1,256,37.0,0.014727120054885745
1,256,38.0,0.015166706987656653
1,256,39.0,0.014773933915421367
1,256,40.0,0.01496840303298086
1,256,41.0,0.014756922028027475
1,256,42.0,0.015069994027726352
1,256,43.0,0.014973026001825929
1,256,44.0,0.01497308793477714
1,256,45.0,0.014651973964646459
1,256,46.0,0.015200465102680027
1,256,47.0,0.014856979949399829
1,256,48.0,0.014839902054518461
1,256,49.0,0.014882819959893823
1,256,50.0,0.014887460973113775
1,256,51.0,0.014967113034799695
1,256,52.0,0.014719364931806922
1,256,53.0,0.014919257024303079
1,256,54.0,0.01497889100573957
1,256,55.0,0.014970106072723866
1,256,56.0,0.014578072936274111
1,256,57.0,0.015455284039489925
1,256,58.0,0.014413469936698675
1,256,59.0,0.014999727020040154
1,256,60.0,0.015126054058782756
1,256,61.0,0.01472294598352164
1,256,62.0,0.015084409969858825
1,256,63.0,0.014932765974663198
1,256,64.0,0.014955908060073853
1,256,65.0,0.014624994015321136
1,256,66.0,0.015333822928369045
1,256,67.0,0.014470746973529458
1,256,68.0,0.015387012041173875
1,256,69.0,0.014620405971072614
1,256,70.0,0.015281368046998978
1,256,71.0,0.01437607395928353
1,256,72.0,0.015362730016931891
1,256,73.0,0.014708069036714733
1,256,74.0,0.01515178696718067
1,256,75.0,0.014819822972640395
1,256,76.0,0.014780019060708582
1,256,77.0,0.015174309024587274
1,256,78.0,0.01482867798767984
1,256,79.0,0.014912933926098049
1,256,80.0,0.01483807002659887
1,256,81.0,0.014933386002667248
1,256,82.0,0.014881990035064518
1,256,83.0,0.014733952935785055
1,256,84.0,0.015315531054511666
1,256,85.0,0.014940634020604193
1,256,86.0,0.014742885949090123
1,256,87.0,0.014670007047243416
1,256,88.0,0.015146828023716807
1,256,89.0,0.015047274995595217
1,256,90.0,0.01482411997858435
1,256,91.0,0.014802970923483372
1,256,92.0,0.015075735049322248
1,256,93.0,0.014939132961444557
1,256,94.0,0.01486876409035176
1,256,95.0,0.014964976930059493
1,256,96.0,0.014933521044440567
1,256,97.0,0.014910173020325601
1,256,98.0,0.014501872938126326
1,256,99.0,0.015020900056697428
1,256,100.0,0.014926208998076618
1,256,101.0,0.0146501159761101
1,256,102.0,0.015015173004940152
1,256,103.0,0.015098087023943663
1,256,104.0,0.01492613391019404
1,256,105.0,0.014929056051187217
1,256,106.0,0.01466810202691704
1,256,107.0,0.015111721004359424
1,256,108.0,0.01516390300821513
1,256,109.0,0.015035228920169175
1,256,110.0,0.014384679030627012
1,256,111.0,0.015139697003178298
1,256,112.0,0.014967533992603421
1,256,113.0,0.014702697051689029
1,256,114.0,0.014977733953855932
1,256,115.0,0.014731422998011112
1,256,116.0,0.015520344953984022
1,256,117.0,0.014744862099178135
1,256,118.0,0.01518395694438368
1,256,119.0,0.01452574401628226
1,256,120.0,0.015239152940921485
1,256,121.0,0.014708665083162487
1,256,122.0,0.014821153017692268
1,256,123.0,0.01461082196328789
1,256,124.0,0.01573040196672082
1,256,125.0,0.014298727037385106
1,256,126.0,0.014992462936788797
1,256,127.0,0.01493330905213952
1,256,128.0,0.015142660005949438
1,256,129.0,0.014618678018450737
1,256,130.0,0.014971770928241313
1,256,131.0,0.01521211804356426
1,256,132.0,0.014623585040681064
1,256,133.0,0.014832019922323525
1,256,134.0,0.014822239987552166
1,256,135.0,0.014772194088436663
1,256,136.0,0.014975780970416963
1,256,137.0,0.014858713955618441
1,256,138.0,0.015344326035119593
1,256,139.0,0.014801707002334297
1,256,140.0,0.014651763951405883
1,256,141.0,0.015261802007444203
1,256,142.0,0.014663594076409936
1,256,143.0,0.015171405975706875
1,256,144.0,0.014545938931405544
1,256,145.0,0.015285717090591788
1,256,146.0,0.01484528195578605
1,256,147.0,0.014830993954092264
1,256,148.0,0.015021512052044272
1,256,149.0,0.01493216899689287
1,256,150.0,0.014893354964442551
1,256,151.0,0.014931180980056524
1,256,152.0,0.014937363099306822
1,256,153.0,0.014630856923758984
1,256,154.0,0.014783436083234847
1,256,155.0,0.015232419944368303
1,256,156.0,0.014590298058465123
1,256,157.0,0.015389564912766218
1,256,158.0,0.014870112063363194
1,256,159.0,0.014475406962446868
1,256,160.0,0.015096868970431387
1,256,161.0,0.015017915982753038
1,256,162.0,0.014938564039766788
1,256,163.0,0.01461527100764215
1,256,164.0,0.015091627021320164
1,256,165.0,0.01471265300642699
1,256,166.0,0.015191660961136222
1,256,167.0,0.014616589993238449
1,256,168.0,0.015243911067955196
1,256,169.0,0.014913753955624998
1,256,170.0,0.014849251951090991
1,256,171.0,0.014674748992547393
1,256,172.0,0.01487423200160265
1,256,173.0,0.014919360051862895
1,256,174.0,0.014878612011671066
1,256,175.0,0.015406382037326694
1,256,176.0,0.014740144950337708
1,256,177.0,0.01529725396540016
1,256,178.0,0.014619196997955441
1,256,179.0,0.014895358006469905
1,256,180.0,0.015081768040545285
1,256,181.0,0.014415694982744753
1,256,182.0,0.01522655796725303
1,256,183.0,0.01490641909185797
1,256,184.0,0.015156837995164096
1,256,185.0,0.014715484925545752
1,256,186.0,0.015091018052771688
1,256,187.0,0.014965979033149779
1,256,188.0,0.015096088987775147
1,256,189.0,0.014578711008653045
1,256,190.0,0.014736068900674582
1,256,191.0,0.015074665076099336
1,256,192.0,0.014524288941174746
1,256,193.0,0.01519798208028078
1,256,194.0,0.014690059935674071
1,256,195.0,0.015119408955797553
1,256,196.0,0.014962030109018087
1,256,197.0,0.015015896991826594
1,256,198.0,0.014544838923029602
1,256,199.0,0.015374160022474825
1,256,200.0,0.014575637993402779
1,256,201.0,0.014714439050294459
1,256,202.0,0.015108330990187824
1,256,203.0,0.015359758981503546
1,256,204.0,0.014637126005254686
1,256,205.0,0.014534609043039382
1,256,206.0,0.015226593939587474
1,256,207.0,0.015591981005854905
1,256,208.0,0.014361071051098406
1,256,209.0,0.014895960921421647
1,256,210.0,0.014522077981382608
1,256,211.0,0.015802599024027586
1,256,212.0,0.014279042021371424
1,256,213.0,0.015402531949803233
1,256,214.0,0.014756298041902483
1,256,215.0,0.01475975604262203
1,256,216.0,0.015481891925446689
1,256,217.0,0.014629710000008345
1,256,218.0,0.014997689053416252
1,256,219.0,0.014971778029575944
1,256,220.0,0.014442581916227937
1,256,221.0,0.01473410299513489
1,256,222.0,0.01538876909762621
1,256,223.0,0.015197956934571266
1,256,224.0,0.014743847073987126
1,256,225.0,0.014594378997571766
1,256,226.0,0.014992414973676205
1,256,227.0,0.01537627400830388
1,256,228.0,0.013967052916996181
1,256,229.0,0.015393646084703505
1,256,230.0,0.014800201985053718
1,256,231.0,0.014877323992550373
1,256,232.0,0.014669550000689924
1,256,233.0,0.014859462040476501
1,256,234.0,0.015540326945483685
1,256,235.0,0.014579624985344708
1,256,236.0,0.014794921036809683
1,256,237.0,0.01531675597652793
1,256,238.0,0.014935547020286322
1,256,239.0,0.014336811029352248
1,256,240.0,0.01540898997336626
1,256,241.0,0.014608983998186886
1,256,242.0,0.015255128033459187
1,256,243.0,0.014762399950996041
1,256,244.0,0.014648584998212755
1,256,245.0,0.014916911022737622
1,256,246.0,0.01564456196501851
1,256,247.0,0.01454684603959322
1,256,248.0,0.014424385968595743
1,256,249.0,0.015525714959949255
1,256,250.0,0.015067005064338446
1,256,251.0,0.014748735004104674
1,256,252.0,0.014666537987068295
1,256,253.0,0.014948341995477676
1,256,254.0,0.014974316000007093
1,256,255.0,0.014957570936530828
1,1024,4.0,0.014911785954609513
1,1024,5.0,0.015204583061859012
1,1024,6.0,0.015108675928786397
1,1024,7.0,0.015015571960248053
1,1024,8.0,0.015154171036556363
1,1024,9.0,0.015114882029592991
1,1024,10.0,0.015150110004469752
1,1024,11.0,0.014983035973273218
1,1024,12.0,0.014557115966454148
1,1024,13.0,0.014914429048076272
1,1024,14.0,0.015198969980701804
1,1024,15.0,0.015374668058939278
1,1024,16.0,0.014466816908679903
1,1024,17.0,0.015469321049749851
1,1024,18.0,0.014917558990418911
1,1024,19.0,0.01468917599413544
1,1024,20.0,0.01528409798629582
1,1024,21.0,0.015088657033629715
1,1024,22.0,0.01469148404430598
1,1024,23.0,0.015170827973634005
1,1024,24.0,0.015020682942122221
1,1024,25.0,0.014758414006792009
1,1024,26.0,0.014946510083973408
1,1024,27.0,0.015100214979611337
1,1024,28.0,0.014657708001323044
1,1024,29.0,0.01538012595847249
1,1024,30.0,0.014751999056898057
1,1024,31.0,0.015340930898673832
1,1024,32.0,0.014411872019991279
1,1024,33.0,0.015313880983740091
1,1024,34.0,0.014759901096113026
1,1024,35.0,0.015200402936898172
1,1024,36.0,0.014758815057575703
1,1024,37.0,0.015301431994885206
1,1024,38.0,0.014648213982582092
1,1024,39.0,0.014843522920273244
1,1024,40.0,0.015130708110518754
1,1024,41.0,0.01514672499615699
1,1024,42.0,0.01489627594128251
1,1024,43.0,0.015241038985550404
1,1024,44.0,0.014745517983101308
1,1024,45.0,0.014748953050002456
1,1024,46.0,0.015068814973346889
1,1024,47.0,0.015185242984443903
1,1024,48.0,0.01510078099090606
1,1024,49.0,0.014977639075368643
1,1024,50.0,0.014940754976123571
1,1024,51.0,0.015354327042587101
1,1024,52.0,0.014480664976872504
1,1024,53.0,0.015017800964415073
1,1024,54.0,0.01460709294769913
1,1024,55.0,0.015432666055858135
1,1024,56.0,0.01517408003564924
1,1024,57.0,0.014876262983307242
1,1024,58.0,0.014783720951527357
1,1024,59.0,0.015130190062336624
1,1024,60.0,0.014879907947033644
1,1024,61.0,0.015201463014818728
1,1024,62.0,0.014657062012702227
1,1024,63.0,0.015169388032518327
1,1024,64.0,0.01501655497122556
1,1024,65.0,0.014571771956980228
1,1024,66.0,0.015428408049046993
1,1024,67.0,0.014878537971526384
1,1024,68.0,0.014901743037626147
1,1024,69.0,0.014756774995476007
1,1024,70.0,0.015207019983790815
1,1024,71.0,0.014740079990588129
1,1024,72.0,0.014805717975832522
1,1024,73.0,0.015031944029033184
1,1024,74.0,0.014795909984968603
1,1024,75.0,0.015304293017834425
1,1024,76.0,0.015252528013661504
1,1024,77.0,0.014407758950255811
1,1024,78.0,0.015501820016652346
1,1024,79.0,0.014405025984160602
1,1024,80.0,0.015344077022746205
1,1024,81.0,0.014544520061463118
1,1024,82.0,0.015003989916294813
1,1024,83.0,0.0151002750499174
1,1024,84.0,0.014989400980994105
1,1024,85.0,0.014700063038617373
1,1024,86.0,0.014915833016857505
1,1024,87.0,0.015078751952387393
1,1024,88.0,0.015302537009119987
1,1024,89.0,0.014957697945646942
1,1024,90.0,0.0149076470406726
1,1024,91.0,0.014883633004501462
1,1024,92.0,0.015151413041166961
1,1024,93.0,0.014688425930216908
1,1024,94.0,0.01479638705495745
1,1024,95.0,0.014971863012760878
1,1024,96.0,0.015272649936378002
1,1024,97.0,0.014881169074214995
1,1024,98.0,0.015014192904345691
1,1024,99.0,0.014754472067579627
1,1024,100.0,0.014923490001820028
1,1024,101.0,0.01497583999298513
1,1024,102.0,0.015073779970407486
1,1024,103.0,0.015009553055278957
1,1024,104.0,0.014979726984165609
1,1024,105.0,0.014987363945692778
1,1024,106.0,0.014810612075962126
1,1024,107.0,0.014990547904744744
1,1024,108.0,0.01537437504157424
1,1024,109.0,0.01462037197779864
1,1024,110.0,0.015268009039573371
1,1024,111.0,0.015013116993941367
1,1024,112.0,0.01491842104587704
1,1024,113.0,0.014773740898817778
1,1024,114.0,0.014903200091794133
1,1024,115.0,0.01508379599545151
1,1024,116.0,0.014926209929399192
1,1024,117.0,0.015209097997285426
1,1024,118.0,0.01501451397780329
1,1024,119.0,0.014800097094848752
1,1024,120.0,0.014842213946394622
1,1024,121.0,0.015219046967104077
1,1024,122.0,0.01488306699320674
1,1024,123.0,0.015080922050401568
1,1024,124.0,0.015350584988482296
1,1024,125.0,0.014747282955795527
1,1024,126.0,0.014585916069336236
1,1024,127.0,0.015441674971953034
1,1024,128.0,0.014639049069955945
1,1024,129.0,0.015267034992575645
1,1024,130.0,0.014892224920913577
1,1024,131.0,0.014694184064865112
1,1024,132.0,0.014952345984056592
1,1024,133.0,0.014981765998527408
1,1024,134.0,0.014998349011875689
1,1024,135.0,0.01528573699761182
1,1024,136.0,0.014921082998625934
1,1024,137.0,0.015168464975431561
1,1024,138.0,0.014734477968886495
1,1024,139.0,0.015028582070954144
1,1024,140.0,0.014928693999536335
1,1024,141.0,0.014635526924394071
1,1024,142.0,0.015299780992791057
1,1024,143.0,0.015002576052211225
1,1024,144.0,0.01531301299110055
1,1024,145.0,0.01502823899500072
1,1024,146.0,0.01453330204822123
1,1024,147.0,0.015008407994173467
1,1024,148.0,0.015479335910640657
1,1024,149.0,0.014622879098169506
1,1024,150.0,0.015100383898243308
1,1024,151.0,0.01514279202092439
1,1024,152.0,0.014687114977277815
1,1024,153.0,0.014701611013151705
1,1024,154.0,0.015137220034375787
1,1024,155.0,0.014863124000839889
1,1024,156.0,0.015105942031368613
1,1024,157.0,0.015288971946574748
1,1024,158.0,0.014847135986201465
1,1024,159.0,0.015162228024564683
1,1024,160.0,0.014894229010678828
1,1024,161.0,0.014962838031351566
1,1024,162.0,0.014909576973877847
1,1024,163.0,0.014754391042515635
1,1024,164.0,0.015201892936602235
1,1024,165.0,0.014918768079951406
1,1024,166.0,0.014888623962178826
1,1024,167.0,0.015106035978533328
1,1024,168.0,0.015172593062743545
1,1024,169.0,0.01503620995208621
1,1024,170.0,0.014651439967565238
1,1024,171.0,0.014875723980367184
1,1024,172.0,0.015333411050960422
1,1024,173.0,0.014894802938215435
1,1024,174.0,0.015131385065615177
1,1024,175.0,0.014622790971770883
1,1024,176.0,0.015329807065427303
1,1024,177.0,0.014739683945663273
1,1024,178.0,0.015324049047194421
1,1024,179.0,0.014618673943914473
1,1024,180.0,0.014894763007760048
1,1024,181.0,0.015580030041746795
1,1024,182.0,0.01459115301258862
1,1024,183.0,0.015085767954587936
1,1024,184.0,0.01528480602428317
1,1024,185.0,0.014737742021679878
1,1024,186.0,0.015161464922130108
1,1024,187.0,0.014844798017293215
1,1024,188.0,0.01519023603759706
1,1024,189.0,0.014563543954864144
1,1024,190.0,0.015246935072354972
1,1024,191.0,0.014784633996896446
1,1024,192.0,0.014983553905040026
1,1024,193.0,0.015624626073986292
1,1024,194.0,0.014588761026971042
1,1024,195.0,0.014972038916312158
1,1024,196.0,0.014928212971426547
1,1024,197.0,0.015468621044419706
1,1024,198.0,0.014838889008387923
1,1024,199.0,0.014422841020859778
1,1024,200.0,0.015806391020305455
1,1024,201.0,0.014384796959348023
1,1024,202.0,0.015057698008604348
1,1024,203.0,0.015026762965135276
1,1024,204.0,0.015144916018471122
1,1024,205.0,0.014778189011849463
1,1024,206.0,0.014876796049065888
1,1024,207.0,0.01575905899517238
1,1024,208.0,0.014434237964451313
1,1024,209.0,0.014969132957048714
1,1024,210.0,0.015115835005417466
1,1024,211.0,0.015040258062072098
1,1024,212.0,0.01470343698747456
1,1024,213.0,0.015154954977333546
1,1024,214.0,0.014818610972724855
1,1024,215.0,0.01579214702360332
1,1024,216.0,0.014283600030466914
1,1024,217.0,0.015052775968797505
1,1024,218.0,0.015362087055109441
1,1024,219.0,0.014560112962499261
1,1024,220.0,0.015293256030417979
1,1024,221.0,0.014723194995895028
1,1024,222.0,0.01545208995230496
1,1024,223.0,0.01465885597281158
1,1024,224.0,0.015112268039956689
1,1024,225.0,0.0146392029710114
1,1024,226.0,0.015279353014193475
1,1024,227.0,0.014953730977140367
1,1024,228.0,0.014897654997184873
1,1024,229.0,0.014955224003642797
1,1024,230.0,0.014684143010526896
1,1024,231.0,0.015451031038537621
1,1024,232.0,0.015039948979392648
1,1024,233.0,0.014933606958948076
1,1024,234.0,0.015103875077329576
1,1024,235.0,0.014706693007610738
1,1024,236.0,0.015204377938061953
1,1024,237.0,0.014829267980530858
1,1024,238.0,0.014671359094791114
1,1024,239.0,0.015249197953380644
1,1024,240.0,0.014983822940848768
1,1024,241.0,0.014814076013863087
1,1024,242.0,0.015341622987762094
1,1024,243.0,0.014303474104963243
1,1024,244.0,0.015677137998864055
1,1024,245.0,0.014536060974933207
1,1024,246.0,0.015232453937642276
1,1024,247.0,0.014743359060958028
1,1024,248.0,0.014882872928865254
1,1024,249.0,0.01522143604233861
1,1024,250.0,0.015008341055363417
1,1024,251.0,0.014845966943539679
1,1024,252.0,0.015194745035842061
1,1024,253.0,0.014969490002840757
1,1024,254.0,0.014788387925364077
1,1024,255.0,0.015010178089141846
1,4096,4.0,0.015066971071064472
1,4096,5.0,0.015419685980305076
1,4096,6.0,0.015064914943650365
1,4096,7.0,0.015311400988139212
1,4096,8.0,0.01568058005068451
1,4096,9.0,0.014938211999833584
1,4096,10.0,0.014880981994792819
1,4096,11.0,0.015347665059380233
1,4096,12.0,0.015369478962384164
1,4096,13.0,0.014973051962442696
1,4096,14.0,0.015119508025236428
1,4096,15.0,0.014947975985705853
1,4096,16.0,0.0153718669898808
1,4096,17.0,0.014921362977474928
1,4096,18.0,0.015433224034495652
1,4096,19.0,0.015205097035504878
1,4096,20.0,0.01499127596616745
1,4096,21.0,0.015194162027910352
1,4096,22.0,0.015467967023141682
1,4096,23.0,0.014799173921346664
1,4096,24.0,0.014827370061539114
1,4096,25.0,0.015468928031623363
1,4096,26.0,0.014996798941865563
1,4096,27.0,0.015184093033894897
1,4096,28.0,0.015174711006693542
1,4096,29.0,0.014904737006872892
1,4096,30.0,0.015561684966087341
1,4096,31.0,0.01477177394554019
1,4096,32.0,0.015486206044442952
1,4096,33.0,0.014596077962778509
1,4096,34.0,0.015193000086583197
1,4096,35.0,0.015130997984670103
1,4096,36.0,0.015447136014699936
1,4096,37.0,0.015005299937911332
1,4096,38.0,0.015279063023626804
1,4096,39.0,0.014865542994812131
1,4096,40.0,0.015214518993161619
1,4096,41.0,0.015519139007665217
1,4096,42.0,0.014815645990893245
1,4096,43.0,0.01507876894902438
1,4096,44.0,0.01489572401624173
1,4096,45.0,0.015395084046758711
1,4096,46.0,0.015039916965179145
1,4096,47.0,0.015094698988832533
1,4096,48.0,0.015030478010885417
1,4096,49.0,0.015260546002537012
1,4096,50.0,0.015136813977733254
1,4096,51.0,0.015091075096279383
1,4096,52.0,0.014919592998921871
1,4096,53.0,0.015217887004837394
1,4096,54.0,0.015192636987194419
1,4096,55.0,0.015270575997419655
1,4096,56.0,0.014965974958613515
1,4096,57.0,0.015187485958449543
1,4096,58.0,0.015035802032798529
1,4096,59.0,0.015122454962693155
1,4096,60.0,0.015290846000425518
1,4096,61.0,0.015067151049152017
1,4096,62.0,0.014995411969721317
1,4096,63.0,0.014976358972489834
1,4096,64.0,0.015435028006322682
1,4096,65.0,0.015398181043565273
1,4096,66.0,0.01460585999302566
1,4096,67.0,0.015443391050212085
1,4096,68.0,0.015185315976850688
1,4096,69.0,0.015282016946002841
1,4096,70.0,0.014953193021938205
1,4096,71.0,0.015164467971771955
1,4096,72.0,0.014916265034116805
1,4096,73.0,0.015013377065770328
1,4096,74.0,0.015230287914164364
1,4096,75.0,0.014935701037757099
1,4096,76.0,0.015296978992410004
1,4096,77.0,0.015434519038535655
1,4096,78.0,0.014856614987365901
1,4096,79.0,0.014967745984904468
1,4096,80.0,0.015175231965258718
1,4096,81.0,0.015394782996736467
1,4096,82.0,0.015044257044792175
1,4096,83.0,0.015045422944240272
1,4096,84.0,0.015086600091308355
1,4096,85.0,0.015395345981232822
1,4096,86.0,0.01465122401714325
1,4096,87.0,0.01556313200853765
1,4096,88.0,0.014974795980378985
1,4096,89.0,0.014974682009778917
1,4096,90.0,0.01533271698281169
1,4096,91.0,0.015203180024400353
1,4096,92.0,0.014879781985655427
1,4096,93.0,0.014933935948647559
1,4096,94.0,0.015347223030403256
1,4096,95.0,0.015275388024747372
1,4096,96.0,0.014858996961265802
1,4096,97.0,0.015489362995140254
1,4096,98.0,0.015124129015021026
1,4096,99.0,0.015258216997608542
1,4096,100.0,0.014622499933466315
1,4096,101.0,0.015373937087133527
1,4096,102.0,0.014935910934582353
1,4096,103.0,0.015120372991077602
1,4096,104.0,0.015424186014570296
1,4096,105.0,0.014873972977511585
1,4096,106.0,0.015383944031782448
1,4096,107.0,0.014989412040449679
1,4096,108.0,0.015093668014742434
1,4096,109.0,0.015301782987080514
1,4096,110.0,0.015044923988170922
1,4096,111.0,0.015155398985370994
1,4096,112.0,0.014973734971135855
1,4096,113.0,0.014880956034176052
1,4096,114.0,0.015540558029897511
1,4096,115.0,0.01483029592782259
1,4096,116.0,0.01501555903814733
1,4096,117.0,0.015668957959860563
1,4096,118.0,0.015107318060472608
1,4096,119.0,0.015045193023979664
1,4096,120.0,0.015002283966168761
1,4096,121.0,0.015060093021020293
1,4096,122.0,0.014722269959747791
1,4096,123.0,0.015402748016640544
1,4096,124.0,0.01538307301234454
1,4096,125.0,0.015295733930543065
1,4096,126.0,0.014820662094280124
1,4096,127.0,0.015151856932789087
1,4096,128.0,0.015271928044967353
1,4096,129.0,0.014905160991474986
1,4096,130.0,0.015025026979856193
1,4096,131.0,0.015443395008333027
1,4096,132.0,0.014770191977731884
1,4096,133.0,0.014995541074313223
1,4096,134.0,0.015560989966616035
1,4096,135.0,0.014622675953432918
1,4096,136.0,0.015054634073749185
1,4096,137.0,0.015476197004318237
1,4096,138.0,0.015048032975755632
1,4096,139.0,0.015030545997433364
1,4096,140.0,0.015452104969881475
1,4096,141.0,0.014881636016070843
1,4096,142.0,0.015246675000526011
1,4096,143.0,0.014768854947760701
1,4096,144.0,0.01578391599468887
1,4096,145.0,0.014934864011593163
1,4096,146.0,0.015141657087951899
1,4096,147.0,0.014862223993986845
1,4096,148.0,0.01507230696734041
1,4096,149.0,0.015322820981964469
1,4096,150.0,0.01508942898362875
1,4096,151.0,0.015021417057141662
1,4096,152.0,0.01515070698224008
1,4096,153.0,0.014686855021864176
1,4096,154.0,0.015736390952952206
1,4096,155.0,0.015099660027772188
1,4096,156.0,0.01475495402701199
1,4096,157.0,0.015046546002849936
1,4096,158.0,0.015713492990471423
1,4096,159.0,0.014940397930331528
1,4096,160.0,0.015232437057420611
1,4096,161.0,0.015122500015422702
1,4096,162.0,0.015192133956588805
1,4096,163.0,0.014458275050856173
1,4096,164.0,0.015769541962072253
1,4096,165.0,0.015224870992824435
1,4096,166.0,0.014897161046974361
1,4096,167.0,0.015358472941443324
1,4096,168.0,0.015098761999979615
1,4096,169.0,0.014651412027888
1,4096,170.0,0.015291602932848036
1,4096,171.0,0.015396194998174906
1,4096,172.0,0.014812962035648525
1,4096,173.0,0.015330019989050925
1,4096,174.0,0.015288211987353861
1,4096,175.0,0.014926837990060449
1,4096,176.0,0.01497421006206423
1,4096,177.0,0.015201090020127594
1,4096,178.0,0.015183256939053535
1,4096,179.0,0.015104823047295213
1,4096,180.0,0.015111105982214212
1,4096,181.0,0.015143978991545737
1,4096,182.0,0.015112102963030338
1,4096,183.0,0.014936189982108772
1,4096,184.0,0.015519651002250612
1,4096,185.0,0.01468876504804939
1,4096,186.0,0.015597479999996722
1,4096,187.0,0.015062044956721365
1,4096,188.0,0.01499777298886329
1,4096,189.0,0.015013505006209016
1,4096,190.0,0.015047987108118832
1,4096,191.0,0.015093420981429517
1,4096,192.0,0.014982562977820635
1,4096,193.0,0.015527601935900748
1,4096,194.0,0.014823234057985246
1,4096,195.0,0.015332094044424593
1,4096,196.0,0.015003461972810328
1,4096,197.0,0.014977763989008963
1,4096,198.0,0.015500603010877967
1,4096,199.0,0.015151922008953989
1,4096,200.0,0.015014032018370926
1,4096,201.0,0.015141327981837094
1,4096,202.0,0.01505027199164033
1,4096,203.0,0.014705048990435898
1,4096,204.0,0.01562401803676039
1,4096,205.0,0.015004939981736243
1,4096,206.0,0.015251662931405008
1,4096,207.0,0.015055765979923308
1,4096,208.0,0.015159656060859561
1,4096,209.0,0.014959197025746107
1,4096,210.0,0.015103798010386527
1,4096,211.0,0.015351732959970832
1,4096,212.0,0.0153770309407264
1,4096,213.0,0.014789396082051098
1,4096,214.0,0.015471933991648257
1,4096,215.0,0.015064027975313365
1,4096,216.0,0.014465978951193392
1,4096,217.0,0.015742001007311046
1,4096,218.0,0.014689275994896889
1,4096,219.0,0.015513859107159078
1,4096,220.0,0.01463555300142616
1,4096,221.0,0.015704578952863812
1,4096,222.0,0.015003929962404072
1,4096,223.0,0.014635341009125113
1,4096,224.0,0.015614956035278738
1,4096,225.0,0.01507359102834016
1,4096,226.0,0.015404982957988977
1,4096,227.0,0.015155230998061597
1,4096,228.0,0.015104747959412634
1,4096,229.0,0.014835666050203145
1,4096,230.0,0.014891040977090597
1,4096,231.0,0.015394215006381273
1,4096,232.0,0.015110980020835996
1,4096,233.0,0.014947641990147531
1,4096,234.0,0.015219180029816926
1,4096,235.0,0.0153434369713068
1,4096,236.0,0.01478627696633339
1,4096,237.0,0.015455187065526843
1,4096,238.0,0.015005714958533645
1,4096,239.0,0.015361280995421112
1,4096,240.0,0.014402567991055548
1,4096,241.0,0.015403471072204411
1,4096,242.0,0.015423129894770682
1,4096,243.0,0.014612251077778637
1,4096,244.0,0.015820291941054165
1,4096,245.0,0.014651166973635554
1,4096,246.0,0.015649061067961156
1,4096,247.0,0.014802835998125374
1,4096,248.0,0.01500742300413549
1,4096,249.0,0.014973758952692151
1,4096,250.0,0.015196227002888918
1,4096,251.0,0.01521569606848061
1,4096,252.0,0.015274592908099294
1,4096,253.0,0.014881093055009842
1,4096,254.0,0.015658081974834204
1,4096,255.0,0.014684144989587367
1,6144,4.0,0.015997178037650883
1,6144,5.0,0.015037500998005271
1,6144,6.0,0.015282508917152882
1,6144,7.0,0.015370476059615612
1,6144,8.0,0.015350142028182745
1,6144,9.0,0.015687054954469204
1,6144,10.0,0.015693056979216635
1,6144,11.0,0.014481507008895278
1,6144,12.0,0.015546821989119053
1,6144,13.0,0.01553376205265522
1,6144,14.0,0.015290027018636465
1,6144,15.0,0.015033533913083375
1,6144,16.0,0.015321106999181211
1,6144,17.0,0.015173578052781522
1,6144,18.0,0.015544231981039047
1,6144,19.0,0.014890537015162408
1,6144,20.0,0.015289815026335418
1,6144,21.0,0.015388691914267838
1,6144,22.0,0.015235771075822413
1,6144,23.0,0.015198597917333245
1,6144,24.0,0.01494578702840954
1,6144,25.0,0.015407865983434021
1,6144,26.0,0.015413824003189802
1,6144,27.0,0.015042103012092412
1,6144,28.0,0.015120877069421113
1,6144,29.0,0.015428413986228406
1,6144,30.0,0.015276605961844325
1,6144,31.0,0.015281716012395918
1,6144,32.0,0.015440091956406832
1,6144,33.0,0.014985361020080745
1,6144,34.0,0.015345702064223588
1,6144,35.0,0.015062480000779033
1,6144,36.0,0.015268518938682973
1,6144,37.0,0.015198576962575316
1,6144,38.0,0.014788501081056893
1,6144,39.0,0.015409620013087988
1,6144,40.0,0.015239870990626514
1,6144,41.0,0.015861419960856438
1,6144,42.0,0.014836163958534598
1,6144,43.0,0.015448546037077904
1,6144,44.0,0.014868516009300947
1,6144,45.0,0.015658507007174194
1,6144,46.0,0.014854131964966655
1,6144,47.0,0.015790052013471723
1,6144,48.0,0.014842392993159592
1,6144,49.0,0.014970442047342658
1,6144,50.0,0.01532762497663498
1,6144,51.0,0.015208943979814649
1,6144,52.0,0.015518272994086146
1,6144,53.0,0.015236410079523921
1,6144,54.0,0.014679981977678835
1,6144,55.0,0.01601988193579018
1,6144,56.0,0.014649432036094368
1,6144,57.0,0.015188536955974996
1,6144,58.0,0.015297899022698402
1,6144,59.0,0.01558929297607392
1,6144,60.0,0.014591501094400883
1,6144,61.0,0.01586816692724824
1,6144,62.0,0.015338925994001329
1,6144,63.0,0.014768103021197021
1,6144,64.0,0.015401356969960034
1,6144,65.0,0.0150336769875139
1,6144,66.0,0.0151303670136258
1,6144,67.0,0.015851226984523237
1,6144,68.0,0.01500207302160561
1,6144,69.0,0.015128307975828648
1,6144,70.0,0.015132340020500124
1,6144,71.0,0.015588177018798888
1,6144,72.0,0.01483524707145989
1,6144,73.0,0.015347343985922635
1,6144,74.0,0.015580324921756983
1,6144,75.0,0.015033371048048139
1,6144,76.0,0.014995186007581651
1,6144,77.0,0.015249182935804129
1,6144,78.0,0.015843855100683868
1,6144,79.0,0.01499480300117284
1,6144,80.0,0.01485012995544821
1,6144,81.0,0.015715457033365965
1,6144,82.0,0.015108200954273343
1,6144,83.0,0.014941944042220712
1,6144,84.0,0.015253142919391394
1,6144,85.0,0.015255470992997289
1,6144,86.0,0.015438297064974904
1,6144,87.0,0.014940556953661144
1,6144,88.0,0.015651114052161574
1,6144,89.0,0.014816681970842183
1,6144,90.0,0.015450356062501669
1,6144,91.0,0.015510657918639481
1,6144,92.0,0.01480642007663846
1,6144,93.0,0.01544922892935574
1,6144,94.0,0.015239248052239418
1,6144,95.0,0.015141877927817404
1,6144,96.0,0.014851356041617692
1,6144,97.0,0.015212820959277451
1,6144,98.0,0.015120366006158292
1,6144,99.0,0.01571919198613614
1,6144,100.0,0.01536559103988111
1,6144,101.0,0.015278849052265286
1,6144,102.0,0.014751025941222906
1,6144,103.0,0.015162558062002063
1,6144,104.0,0.015638530952855945
1,6144,105.0,0.01522407797165215
1,6144,106.0,0.014947434072382748
1,6144,107.0,0.015315217897295952
1,6144,108.0,0.01551625202409923
1,6144,109.0,0.014993797987699509
1,6144,110.0,0.015252351062372327
1,6144,111.0,0.015229859971441329
1,6144,112.0,0.015167706995271146
1,6144,113.0,0.015561492997221649
1,6144,114.0,0.015211371006444097
1,6144,115.0,0.01514466106891632
1,6144,116.0,0.014779601944610476
1,6144,117.0,0.015495343948714435
1,6144,118.0,0.01552323205396533
1,6144,119.0,0.014971807948313653
1,6144,120.0,0.015117751085199416
1,6144,121.0,0.015218221000395715
1,6144,122.0,0.014871683903038502
1,6144,123.0,0.015814342070370913
1,6144,124.0,0.015150927938520908
1,6144,125.0,0.015566974994726479
1,6144,126.0,0.015099298092536628
1,6144,127.0,0.015143799013458192
1,6144,128.0,0.014927375945262611
1,6144,129.0,0.015524090034887195
1,6144,130.0,0.015038225916214287
1,6144,131.0,0.014979854109697044
1,6144,132.0,0.015561045962385833
1,6144,133.0,0.014966303016990423
1,6144,134.0,0.015334137948229909
1,6144,135.0,0.015692805987782776
1,6144,136.0,0.01522179099265486
1,6144,137.0,0.014826008002273738
1,6144,138.0,0.015386034036055207
1,6144,139.0,0.015547569026239216
1,6144,140.0,0.01537741394713521
1,6144,141.0,0.014777644071727991
1,6144,142.0,0.015129204955883324
1,6144,143.0,0.015472072991542518
1,6144,144.0,0.01533232000656426
1,6144,145.0,0.014749496011063457
1,6144,146.0,0.015719249960966408
1,6144,147.0,0.015011133044026792
1,6144,148.0,0.01523416896816343
1,6144,149.0,0.015226011048071086
1,6144,150.0,0.015237098908983171
1,6144,151.0,0.015067195054143667
1,6144,152.0,0.015236297040246427
1,6144,153.0,0.01543426897842437
1,6144,154.0,0.015181396040134132
1,6144,155.0,0.01484496588818729
1,6144,156.0,0.01567091210745275
1,6144,157.0,0.015173927997238934
1,6144,158.0,0.015235943952575326
1,6144,159.0,0.015441730036400259
1,6144,160.0,0.01506557990796864
1,6144,161.0,0.015280916006304324
1,6144,162.0,0.014879152062349021
1,6144,163.0,0.015583020984195173
1,6144,164.0,0.014603944960981607
1,6144,165.0,0.01537542708683759
1,6144,166.0,0.015837450977414846
1,6144,167.0,0.014794274000450969
1,6144,168.0,0.015307375928387046
1,6144,169.0,0.01523159199859947
1,6144,170.0,0.015089909080415964
1,6144,171.0,0.01528768497519195
1,6144,172.0,0.01577971293590963
1,6144,173.0,0.015128558035939932
1,6144,174.0,0.015199759975075722
1,6144,175.0,0.014800303033553064
1,6144,176.0,0.015564179979264736
1,6144,177.0,0.015159795060753822
1,6144,178.0,0.014778131968341768
1,6144,179.0,0.015378125011920929
1,6144,180.0,0.015258654952049255
1,6144,181.0,0.01563700009137392
1,6144,182.0,0.01515041699167341
1,6144,183.0,0.014802463934756815
1,6144,184.0,0.016038394067436457
1,6144,185.0,0.01432904100511223
1,6144,186.0,0.015375943970866501
1,6144,187.0,0.015391162014566362
1,6144,188.0,0.014970515971072018
1,6144,189.0,0.015546737937256694
1,6144,190.0,0.015574884018860757
1,6144,191.0,0.015034900978207588
1,6144,192.0,0.01520310202613473
1,6144,193.0,0.015177431982010603
1,6144,194.0,0.015472660074010491
1,6144,195.0,0.015013340977020562
1,6144,196.0,0.015172546030953526
1,6144,197.0,0.014945280971005559
1,6144,198.0,0.015176991000771523
1,6144,199.0,0.015285928966477513
1,6144,200.0,0.015553666045889258
1,6144,201.0,0.015036605997011065
1,6144,202.0,0.015151393017731607
1,6144,203.0,0.015479738009162247
1,6144,204.0,0.01567590096965432
1,6144,205.0,0.014815150992944837
1,6144,206.0,0.015275688958354294
1,6144,207.0,0.015321717015467584
1,6144,208.0,0.01492577197495848
1,6144,209.0,0.015426126075908542
1,6144,210.0,0.015362616977654397
1,6144,211.0,0.014817535993643105
1,6144,212.0,0.015447766985744238
1,6144,213.0,0.015081897960044444
1,6144,214.0,0.015253660036250949
1,6144,215.0,0.015406124060973525
1,6144,216.0,0.015007272944785655
1,6144,217.0,0.015292280004359782
1,6144,218.0,0.015328707988373935
1,6144,219.0,0.015233775018714368
1,6144,220.0,0.015514911967329681
1,6144,221.0,0.014701207051984966
1,6144,222.0,0.015789901022799313
1,6144,223.0,0.015304227941669524
1,6144,224.0,0.014765102998353541
1,6144,225.0,0.015611039008945227
1,6144,226.0,0.01517147896811366
1,6144,227.0,0.015108371037058532
1,6144,228.0,0.015070443041622639
1,6144,229.0,0.015050760935992002
1,6144,230.0,0.015265929978340864
1,6144,231.0,0.01530678803101182
1,6144,232.0,0.015404178062453866
1,6144,233.0,0.015158055000938475
1,6144,234.0,0.015346647938713431
1,6144,235.0,0.014793773065321147
1,6144,236.0,0.015934595954604447
1,6144,237.0,0.015089147025719285
1,6144,238.0,0.01536045502871275
1,6144,239.0,0.015589437913149595
1,6144,240.0,0.015181498019956052
1,6144,241.0,0.014896841952577233
1,6144,242.0,0.015423306031152606
1,6144,243.0,0.015546703012660146
1,6144,244.0,0.014221564983017743
1,6144,245.0,0.01609362498857081
1,6144,246.0,0.014796681003645062
1,6144,247.0,0.015111514017917216
1,6144,248.0,0.015214532963000238
1,6144,249.0,0.01559889002237469
1,6144,250.0,0.015094852074980736
1,6144,251.0,0.015233401907607913
1,6144,252.0,0.015248602023348212
1,6144,253.0,0.015217820066027343
1,6144,254.0,0.015593821997754276
1,6144,255.0,0.015052799950353801
2,64,4.5,0.014746799948625267
2,64,5.5,0.01470135449199006
2,64,6.5,0.014798605057876557
2,64,7.5,0.015230893506668508
2,64,8.5,0.014922892965842038
2,64,9.5,0.014701435517054051
2,64,10.5,0.014805662969592959
2,64,11.5,0.015057849057484418
2,64,12.5,0.01524511695606634
2,64,13.5,0.01470350445015356
2,64,14.5,0.01473835704382509
2,64,15.5,0.015159870497882366
2,64,16.5,0.014934894512407482
2,64,17.5,0.014717022539116442
2,64,18.5,0.014698683458846062
2,64,19.5,0.014773570001125336
2,64,20.5,0.014736814016941935
2,64,21.5,0.014850859995931387
2,64,22.5,0.01499579951632768
2,64,23.5,0.014827025937847793
2,64,24.5,0.014734480530023575
2,64,25.5,0.014874323504045606
2,64,26.5,0.014908074983395636
2,64,27.5,0.014626068994402885
2,64,28.5,0.014734374533873051
2,64,29.5,0.015089384512975812
2,64,30.5,0.014899437956046313
2,64,31.5,0.014808716019615531
2,64,32.5,0.01511836948338896
2,64,33.5,0.014989767980296165
2,64,34.5,0.014719213999342173
2,64,35.5,0.014888087578583509
2,64,36.5,0.014736388460732996
2,64,37.5,0.014556936512235552
2,64,38.5,0.014907000004313886
2,64,39.5,0.01489695894997567
2,64,40.5,0.014724609500262886
2,64,41.5,0.015118379553314298
2,64,42.5,0.01491531846113503
2,64,43.5,0.014719100494403392
2,64,44.5,0.014636801031883806
2,64,45.5,0.014930460485629737
2,64,46.5,0.015127019956707954
2,64,47.5,0.014769564033485949
2,64,48.5,0.015065044979564846
2,64,49.5,0.014886125514749438
2,64,50.5,0.014682028500828892
2,64,51.5,0.014848429011180997
2,64,52.5,0.01479962799930945
2,64,53.5,0.01499060052447021
2,64,54.5,0.014790631481446326
2,64,55.5,0.014737770019564778
2,64,56.5,0.014954037498682737
2,64,57.5,0.014808616484515369
2,64,58.5,0.014651700505055487
2,64,59.5,0.01497822196688503
2,64,60.5,0.014803761034272611
2,64,61.5,0.014683557499665767
2,64,62.5,0.014891458034981042
2,64,63.5,0.014941701432690024
2,64,64.5,0.014904802024830133
2,64,65.5,0.014786306477617472
2,64,66.5,0.01493259152630344
2,64,67.5,0.014828196028247476
2,64,68.5,0.014794539485592395
2,64,69.5,0.015029892500024289
2,64,70.5,0.01485418650554493
2,64,71.5,0.014683239976875484
2,64,72.5,0.014668008545413613
2,64,73.5,0.014903804985806346
2,64,74.5,0.015079471981152892
2,64,75.5,0.014808733947575092
2,64,76.5,0.01473978505237028
2,64,77.5,0.015001865453086793
2,64,78.5,0.015051387075800449
2,64,79.5,0.015085364459082484
2,64,80.5,0.014910821511875838
2,64,81.5,0.014880303991958499
2,64,82.5,0.01498225552495569
2,64,83.5,0.01481780398171395
2,64,84.5,0.014893927029334009
2,64,85.5,0.01466170942876488
2,64,86.5,0.01463694398989901
2,64,87.5,0.015198019507806748
2,64,88.5,0.014892035047523677
2,64,89.5,0.014669294992927462
2,64,90.5,0.0149471290060319
2,64,91.5,0.01499503996456042
2,64,92.5,0.01469361805357039
2,64,93.5,0.014803738507907838
2,64,94.5,0.0151776994462125
2,64,95.5,0.014916940010152757
2,64,96.5,0.01477128203259781
2,64,97.5,0.014861365430988371
2,64,98.5,0.015011493058409542
2,64,99.5,0.01503507245797664
2,64,100.5,0.014610884070862085
2,64,101.5,0.014759273442905396
2,64,102.5,0.015118778042960912
2,64,103.5,0.014884656469803303
2,64,104.5,0.01480074052233249
2,64,105.5,0.014941759465727955
2,64,106.5,0.014840646530501544
2,64,107.5,0.01485365949338302
2,64,108.5,0.015032573021017015
2,64,109.5,0.014818111958447844
2,64,110.5,0.014748635469004512
2,64,111.5,0.014868161524645984
2,64,112.5,0.015118646493647248
2,64,113.5,0.015077002986799926
2,64,114.5,0.014714813034515828
2,64,115.5,0.014766366977710277
2,64,116.5,0.014866852026898414
2,64,117.5,0.015215373015962541
2,64,118.5,0.015163689968176186
2,64,119.5,0.014538129034917802
2,64,120.5,0.014422479434870183
2,64,121.5,0.01507707207929343
2,64,122.5,0.01494049746543169
2,64,123.5,0.014803548983763903
2,64,124.5,0.015164081996772438
2,64,125.5,0.014944092486985028
2,64,126.5,0.014644060051068664
2,64,127.5,0.014840601943433285
2,64,128.5,0.015062401536852121
2,64,129.5,0.014795602939557284
2,64,130.5,0.014916784537490457
2,64,131.5,0.014926842006389052
2,64,132.5,0.014895188505761325
2,64,133.5,0.014819578034803271
2,64,134.5,0.01464206597302109
2,64,135.5,0.014954888029024005
2,64,136.5,0.014876565954182297
2,64,137.5,0.014752669492736459
2,64,138.5,0.015058049524668604
2,64,139.5,0.014954214973840863
2,64,140.5,0.014735673030372709
2,64,141.5,0.014982915949076414
2,64,142.5,0.015034521056804806
2,64,143.5,0.014888564997818321
2,64,144.5,0.014942968497052789
2,64,145.5,0.014548223989550024
2,64,146.5,0.014788526983466
2,64,147.5,0.015081965539138764
2,64,148.5,0.015048195491544902
2,64,149.5,0.014890690508764237
2,64,150.5,0.01475826499518007
2,64,151.5,0.015131705440580845
2,64,152.5,0.015130587038584054
2,64,153.5,0.014652568497695029
2,64,154.5,0.014435928489547223
2,64,155.5,0.0151184345013462
2,64,156.5,0.015048855566419661
2,64,157.5,0.014792484987992793
2,64,158.5,0.014935991959646344
2,64,159.5,0.014800804026890546
2,64,160.5,0.01464535848936066
2,64,161.5,0.015033657487947494
2,64,162.5,0.01538983196951449
2,64,163.5,0.014816902054008096
2,64,164.5,0.014687544491607696
2,64,165.5,0.014822803437709808
2,64,166.5,0.014901746530085802
2,64,167.5,0.014847446058411151
2,64,168.5,0.014615691441576928
2,64,169.5,0.014871117542497814
2,64,170.5,0.014969233947340399
2,64,171.5,0.014932478021364659
2,64,172.5,0.014795994502492249
2,64,173.5,0.014947431511245668
2,64,174.5,0.015009147464297712
2,64,175.5,0.01513670349959284
2,64,176.5,0.014976589533034712
2,64,177.5,0.014558829017914832
2,64,178.5,0.014699273451697081
2,64,179.5,0.014811813016422093
2,64,180.5,0.015071136003825814
2,64,181.5,0.014931981975678355
2,64,182.5,0.014773138042073697
2,64,183.5,0.014881728449836373
2,64,184.5,0.015008721500635147
2,64,185.5,0.01714467303827405
2,64,186.5,0.015498450957238674
2,64,187.5,0.012148683075793087
2,64,188.5,0.014419646468013525
2,64,189.5,0.014860673516523093
2,64,190.5,0.015072736947331578
2,64,191.5,0.015014092496130615
2,64,192.5,0.01467148057417944
2,64,193.5,0.014747115958016366
2,64,194.5,0.014994233555626124
2,64,195.5,0.014811638975515962
2,64,196.5,0.014849533967208117
2,64,197.5,0.01489496254362166
2,64,198.5,0.015043274499475956
2,64,199.5,0.01477539393818006
2,64,200.5,0.014766391017474234
2,64,201.5,0.015008588030468673
2,64,202.5,0.014881994982715696
2,64,203.5,0.014805930957663804
2,64,204.5,0.014912013022694737
2,64,205.5,0.014935467508621514
2,64,206.5,0.01476801052922383
2,64,207.5,0.014809998509008437
2,64,208.5,0.014845387951936573
2,64,209.5,0.015035477001219988
2,64,210.5,0.015050082001835108
2,64,211.5,0.014773175993468612
2,64,212.5,0.014622541551943868
2,64,213.5,0.014720498991664499
2,64,214.5,0.015135093999560922
2,64,215.5,0.015026840497739613
2,64,216.5,0.014396661485079676
2,64,217.5,0.014906283468008041
2,64,218.5,0.015203009475953877
2,64,219.5,0.014750873029697686
2,64,220.5,0.014824546524323523
2,64,221.5,0.014717540994752198
2,64,222.5,0.014966168033424765
2,64,223.5,0.01501300948439166
2,64,224.5,0.014796942996326834
2,64,225.5,0.014798514486756176
2,64,226.5,0.014781712496187538
2,64,227.5,0.014776504482142627
2,64,228.5,0.014972584554925561
2,64,229.5,0.015073017973918468
2,64,230.5,0.014886715973261744
2,64,231.5,0.014770675508771092
2,64,232.5,0.014957863022573292
2,64,233.5,0.014906961005181074
2,64,234.5,0.014822325494606048
2,64,235.5,0.014887289959006011
2,64,236.5,0.01483298500534147
2,64,237.5,0.014963759982492775
2,64,238.5,0.01480714202625677
2,64,239.5,0.014873656502459198
2,64,240.5,0.014801414508838207
2,64,241.5,0.014699156978167593
2,64,242.5,0.014955206483136863
2,64,243.5,0.015163641073741019
2,64,244.5,0.014886842924170196
2,64,245.5,0.014750143571291119
2,64,246.5,0.014776364958379418
2,64,247.5,0.014445238513872027
2,64,248.5,0.014976010483223945
2,64,249.5,0.015117190545424819
2,64,250.5,0.014965914946515113
2,64,251.5,0.015017176512628794
2,64,252.5,0.014838493487332016
2,64,253.5,0.01480993052246049
2,64,254.5,0.014938265027012676
2,256,5.0,0.014997947553638369
2,256,6.0,0.01512202894082293
2,256,7.0,0.014957106031943113
2,256,8.0,0.014976227539591491
2,256,9.0,0.014854524459224194
2,256,10.0,0.014732375973835588
2,256,11.0,0.01497757452307269
2,256,12.0,0.015076884010341018
2,256,13.0,0.01482508797198534
2,256,14.0,0.014908607059624046
2,256,15.0,0.014846577483695
2,256,16.0,0.014704761968459934
2,256,17.0,0.014768439519684762
2,256,18.0,0.014929991448298097
2,256,19.0,0.015092838555574417
2,256,20.0,0.014925074472557753
2,256,21.0,0.014601771021261811
2,256,22.0,0.014680831984151155
2,256,23.0,0.01505488104885444
2,256,24.0,0.015056790492963046
2,256,25.0,0.014827386476099491
2,256,26.0,0.014942135487217456
2,256,27.0,0.014842948992736638
2,256,28.0,0.014811425004154444
2,256,29.0,0.014798676478676498
2,256,30.0,0.014604366035200655
2,256,31.0,0.015024546009954065
2,256,32.0,0.015034786541946232
2,256,33.0,0.014865233970340341
2,256,34.0,0.01471984595991671
2,256,35.0,0.014934530481696129
2,256,36.0,0.014857898058835417
2,256,37.0,0.014749624475371093
2,256,38.0,0.014920137997251004
2,256,39.0,0.014824087033048272
2,256,40.0,0.014798406977206469
2,256,41.0,0.01492324797436595
2,256,42.0,0.01494107797043398
2,256,43.0,0.014700266066938639
2,256,44.0,0.014680026972200722
2,256,45.0,0.014925048046279699
2,256,46.0,0.015038669458590448
2,256,47.0,0.014957172505091876
2,256,48.0,0.014892726030666381
2,256,49.0,0.014721297950018197
2,256,50.0,0.014828230545390397
2,256,51.0,0.015054021496325731
2,256,52.0,0.014965269481763244
2,256,53.0,0.014665540540590882
2,256,54.0,0.014881822920870036
2,256,55.0,0.014777666539885104
2,256,56.0,0.014800805482082069
2,256,57.0,0.014978724997490644
2,256,58.0,0.015001600026153028
2,256,59.0,0.014850873500108719
2,256,60.0,0.014750306494534016
2,256,61.0,0.015086824481841177
2,256,62.0,0.015012769494205713
2,256,63.0,0.014743915991857648
2,256,64.0,0.014655795996077359
2,256,65.0,0.015038077486678958
2,256,66.0,0.015153701067902148
2,256,67.0,0.01478422898799181
2,256,68.0,0.01465287950122729
2,256,69.0,0.014899418980348855
2,256,70.0,0.014890493010170758
2,256,71.0,0.01483066548826173
2,256,72.0,0.014817354502156377
2,256,73.0,0.014783131482545286
2,256,74.0,0.015107156010344625
2,256,75.0,0.014783508493565023
2,256,76.0,0.01464537502033636
2,256,77.0,0.015099531505256891
2,256,78.0,0.015051897498778999
2,256,79.0,0.014764350024051964
2,256,80.0,0.014847523008938879
2,256,81.0,0.014998609956819564
2,256,82.0,0.01480726251611486
2,256,83.0,0.014829464489594102
2,256,84.0,0.014821455988567322
2,256,85.0,0.014931929996237159
2,256,86.0,0.014847649494186044
2,256,87.0,0.01471033605048433
2,256,88.0,0.014841591473668814
2,256,89.0,0.014931874989997596
2,256,90.0,0.014906747033819556
2,256,91.0,0.014866809477098286
2,256,92.0,0.014890427992213517
2,256,93.0,0.01464540750021115
2,256,94.0,0.01498287747381255
2,256,95.0,0.014979964529629797
2,256,96.0,0.014884907461237162
2,256,97.0,0.014747610548511147
2,256,98.0,0.014730258495546877
2,256,99.0,0.015019198006484658
2,256,100.0,0.014875595516059548
2,256,101.0,0.014845166937448084
2,256,102.0,0.014795156079344451
2,256,103.0,0.014893093495629728
2,256,104.0,0.014811134431511164
2,256,105.0,0.014945768052712083
2,256,106.0,0.014950576471164823
2,256,107.0,0.01486442401073873
2,256,108.0,0.014973931014537811
2,256,109.0,0.0147873914684169
2,256,110.0,0.014731264032889158
2,256,111.0,0.014911780948750675
2,256,112.0,0.014996938058175147
2,256,113.0,0.014730623515788466
2,256,114.0,0.014719629427418113
2,256,115.0,0.014953978476114571
2,256,116.0,0.0151131710736081
2,256,117.0,0.014730839466210455
2,256,118.0,0.014590882987249643
2,256,119.0,0.015047763066831976
2,256,120.0,0.01492567645618692
2,256,121.0,0.014797677518799901
2,256,122.0,0.01490976195782423
2,256,123.0,0.014873217500280589
2,256,124.0,0.014783963502850384
2,256,125.0,0.014940913009922951
2,256,126.0,0.015016949037089944
2,256,127.0,0.014819720992818475
2,256,128.0,0.014868539001327008
2,256,129.0,0.014834194502327591
2,256,130.0,0.014805265993345529
2,256,131.0,0.014819256495684385
2,256,132.0,0.014914580970071256
2,256,133.0,0.015189978526905179
2,256,134.0,0.014838644478004426
2,256,135.0,0.014755628479178995
2,256,136.0,0.014928896038327366
2,256,137.0,0.014790222980082035
2,256,138.0,0.01485165802296251
2,256,139.0,0.014924287504982203
2,256,140.0,0.014882332528941333
2,256,141.0,0.014870724000502378
2,256,142.0,0.014952869911212474
2,256,143.0,0.01486245502019301
2,256,144.0,0.014721677987836301
2,256,145.0,0.014852735039312392
2,256,146.0,0.01507410197518766
2,256,147.0,0.014839174051303416
2,256,148.0,0.014858202484901994
2,256,149.0,0.014934744511265308
2,256,150.0,0.015001073013991117
2,256,151.0,0.0148007424431853
2,256,152.0,0.014629341487307101
2,256,153.0,0.014894237567204982
2,256,154.0,0.014891066995915025
2,256,155.0,0.014944545459002256
2,256,156.0,0.014837748021818697
2,256,157.0,0.014839701005257666
2,256,158.0,0.014975796511862427
2,256,159.0,0.014826143509708345
2,256,160.0,0.01491448248270899
2,256,161.0,0.014878695015795529
2,256,162.0,0.01493762992322445
2,256,163.0,0.014864849508740008
2,256,164.0,0.01477134006563574
2,256,165.0,0.014826514467131346
2,256,166.0,0.014898363035172224
2,256,167.0,0.015165460470598191
2,256,168.0,0.014873040490783751
2,256,169.0,0.014627465512603521
2,256,170.0,0.01499905000673607
2,256,171.0,0.01491689053364098
2,256,172.0,0.014645197952631861
2,256,173.0,0.014831819047685713
2,256,174.0,0.014896216453053057
2,256,175.0,0.014979790488723665
2,256,176.0,0.014921803493052721
2,256,177.0,0.014951196499168873
2,256,178.0,0.014806525548920035
2,256,179.0,0.014998293947428465
2,256,180.0,0.015133929555304348
2,256,181.0,0.01474197645438835
2,256,182.0,0.014908950019162148
2,256,183.0,0.014814934984315187
2,256,184.0,0.014751584967598319
2,256,185.0,0.014681258529890329
2,256,186.0,0.014795734488870949
2,256,187.0,0.01510433800285682
2,256,188.0,0.015027164539787918
2,256,189.0,0.014994486002251506
2,256,190.0,0.014850794977974147
2,256,191.0,0.014812184497714043
2,256,192.0,0.014839212992228568
2,256,193.0,0.015075228468049318
2,256,194.0,0.014724707521963865
2,256,195.0,0.014798453019466251
2,256,196.0,0.01507591549307108
2,256,197.0,0.014754102507140487
2,256,198.0,0.014868421014398336
2,256,199.0,0.014931751997210085
2,256,200.0,0.014906518452335149
2,256,201.0,0.01492904353654012
2,256,202.0,0.014827851031441242
2,256,203.0,0.014799667987972498
2,256,204.0,0.015069449960719794
2,256,205.0,0.014762683014851063
2,256,206.0,0.014783323975279927
2,256,207.0,0.015050421003252268
2,256,208.0,0.014922896516509354
2,256,209.0,0.01461574505083263
2,256,210.0,0.014814133464824408
2,256,211.0,0.015021371946204454
2,256,212.0,0.014842436008621007
2,256,213.0,0.014988310576882213
2,256,214.0,0.014931039942894131
2,256,215.0,0.014798450516536832
2,256,216.0,0.01482807454885915
2,256,217.0,0.014853885455522686
2,256,218.0,0.015004176006186754
2,256,219.0,0.014750364993233234
2,256,220.0,0.014749852532986552
2,256,221.0,0.01484374946448952
2,256,222.0,0.015012966468930244
2,256,223.0,0.014897849003318697
2,256,224.0,0.014651947538368404
2,256,225.0,0.01498551748227328
2,256,226.0,0.014953228004742414
2,256,227.0,0.014890929509419948
2,256,228.0,0.014949959004297853
2,256,229.0,0.014714205521158874
2,256,230.0,0.014789646957069635
2,256,231.0,0.015025191532913595
2,256,232.0,0.014890548016410321
2,256,233.0,0.014784911938477308
2,256,234.0,0.014900441048666835
2,256,235.0,0.014742697007022798
2,256,236.0,0.014895380474627018
2,256,237.0,0.014976724982261658
2,256,238.0,0.014839230512734503
2,256,239.0,0.014967469498515129
2,256,240.0,0.014961954962927848
2,256,241.0,0.014736357552465051
2,256,242.0,0.014806144463364035
2,256,243.0,0.014920808549504727
2,256,244.0,0.014988085953518748
2,256,245.0,0.014814501511864364
2,256,246.0,0.01489862403832376
2,256,247.0,0.015051256923470646
2,256,248.0,0.014708950067870319
2,256,249.0,0.014856588968541473
2,256,250.0,0.014826408529188484
2,256,251.0,0.014805622980929911
2,256,252.0,0.01517353899544105
2,256,253.0,0.014776466006878763
2,256,254.0,0.01496002299245447
2,1024,4.5,0.015151719970162958
2,1024,5.5,0.01502109901048243
2,1024,6.5,0.015034674957860261
2,1024,7.5,0.015014464035630226
2,1024,8.5,0.015079581935424358
2,1024,9.5,0.01513026055181399
2,1024,10.5,0.0150011699879542
2,1024,11.5,0.015033137460704893
2,1024,12.5,0.01518583158031106
2,1024,13.5,0.014853614498861134
2,1024,14.5,0.015063187980558723
2,1024,15.5,0.015285025991033763
2,1024,16.5,0.014848835475277156
2,1024,17.5,0.014870777959004045
2,1024,18.5,0.014977510552853346
2,1024,19.5,0.015077454503625631
2,1024,20.5,0.015006161527708173
2,1024,21.5,0.01480566046666354
2,1024,22.5,0.014977445011027157
2,1024,23.5,0.014985030982643366
2,1024,24.5,0.014957670529838651
2,1024,25.5,0.015055638970807195
2,1024,26.5,0.015172781015280634
2,1024,27.5,0.01491227449150756
2,1024,28.5,0.0148812395054847
2,1024,29.5,0.01518317247973755
2,1024,30.5,0.014907953038346022
2,1024,31.5,0.014851501502562314
2,1024,32.5,0.015007595997303724
2,1024,33.5,0.015048536995891482
2,1024,34.5,0.01490942545933649
2,1024,35.5,0.01504731603199616
2,1024,36.5,0.014994262950494885
2,1024,37.5,0.014919618493877351
2,1024,38.5,0.015118851093575358
2,1024,39.5,0.014865890436340123
2,1024,40.5,0.014925455499906093
2,1024,41.5,0.014904864539857954
2,1024,42.5,0.014947436982765794
2,1024,43.5,0.014905126998201013
2,1024,44.5,0.015024434484075755
2,1024,45.5,0.01520799403078854
2,1024,46.5,0.015002145955804735
2,1024,47.5,0.014974770019762218
2,1024,48.5,0.014831528533250093
2,1024,49.5,0.01515640551224351
2,1024,50.5,0.015066564956214279
2,1024,51.5,0.014781144505832344
2,1024,52.5,0.015081605524756014
2,1024,53.5,0.014942994981538504
2,1024,54.5,0.014863790478557348
2,1024,55.5,0.015070187509991229
2,1024,56.5,0.014864756492897868
2,1024,57.5,0.014872231986373663
2,1024,58.5,0.015164622047450393
2,1024,59.5,0.015108498453628272
2,1024,60.5,0.015033710515126586
2,1024,61.5,0.014811767032369971
2,1024,62.5,0.014931894955225289
2,1024,63.5,0.015093780006282032
2,1024,64.5,0.015021535044070333
2,1024,65.5,0.015116206486709416
2,1024,66.5,0.014790023968089372
2,1024,67.5,0.014857046015094966
2,1024,68.5,0.015173195977695286
2,1024,69.5,0.014989181014243513
2,1024,70.5,0.014847846003249288
2,1024,71.5,0.014872424479108304
2,1024,72.5,0.015009219059720635
2,1024,73.5,0.01515294541604817
2,1024,74.5,0.015001911029685289
2,1024,75.5,0.015000792569480836
2,1024,76.5,0.015232452424243093
2,1024,77.5,0.014733368007000536
2,1024,78.5,0.01479592447867617
2,1024,79.5,0.015212367521598935
2,1024,80.5,0.014909078541677445
2,1024,81.5,0.014636933454312384
2,1024,82.5,0.014921074558515102
2,1024,83.5,0.01513065694598481
2,1024,84.5,0.014920876012183726
2,1024,85.5,0.015078592055942863
2,1024,86.5,0.015043781488202512
2,1024,87.5,0.015014745993539691
2,1024,88.5,0.014914824918378145
2,1024,89.5,0.01506992953363806
2,1024,90.5,0.015106972015928477
2,1024,91.5,0.014888631470967084
2,1024,92.5,0.014944522525183856
2,1024,93.5,0.015073794522322714
2,1024,94.5,0.01491600798908621
2,1024,95.5,0.014947779476642609
2,1024,96.5,0.015041074540931731
2,1024,97.5,0.015044815023429692
2,1024,98.5,0.01503285497892648
2,1024,99.5,0.014975545986089855
2,1024,100.5,0.014793250476941466
2,1024,101.5,0.01466181204887107
2,1024,102.5,0.01513133494881913
2,1024,103.5,0.015148560050874949
2,1024,104.5,0.014922951988410205
2,1024,105.5,0.015088983462192118
2,1024,106.5,0.015205933013930917
2,1024,107.5,0.01491469400934875
2,1024,108.5,0.014579584472812712
2,1024,109.5,0.01505648106103763
2,1024,110.5,0.01524215447716415
2,1024,111.5,0.014975024969317019
2,1024,112.5,0.014855646528303623
2,1024,113.5,0.014954023994505405
2,1024,114.5,0.01492678647628054
2,1024,115.5,0.01488286949461326
2,1024,116.5,0.015225119015667588
2,1024,117.5,0.014936797029804438
2,1024,118.5,0.01499303145101294
2,1024,119.5,0.014911035541445017
2,1024,120.5,0.014840922493021935
2,1024,121.5,0.01485802949173376
2,1024,122.5,0.015068317006807774
2,1024,123.5,0.01514172600582242
2,1024,124.5,0.01458765403367579
2,1024,125.5,0.015137811424210668
2,1024,126.5,0.01527869253186509
2,1024,127.5,0.01491129194619134
2,1024,128.5,0.014915850013494492
2,1024,129.5,0.014823571022134274
2,1024,130.5,0.01512281852774322
2,1024,131.5,0.01511489151744172
2,1024,132.5,0.014883864438161254
2,1024,133.5,0.014959626540075988
2,1024,134.5,0.015030290524009615
2,1024,135.5,0.014818397932685912
2,1024,136.5,0.01488685852382332
2,1024,137.5,0.01504874846432358
2,1024,138.5,0.015093729016371071
2,1024,139.5,0.01479262299835682
2,1024,140.5,0.0148731735534966
2,1024,141.5,0.015164449985604733
2,1024,142.5,0.014998200465925038
2,1024,143.5,0.015062263002619147
2,1024,144.5,0.014988440030720085
2,1024,145.5,0.015143861528486013
2,1024,146.5,0.014885679469443858
2,1024,147.5,0.014875380496960133
2,1024,148.5,0.014860795461572707
2,1024,149.5,0.01495141803752631
2,1024,150.5,0.015301933512091637
2,1024,151.5,0.015081594989169389
2,1024,152.5,0.014976068516261876
2,1024,153.5,0.014959200925659388
2,1024,154.5,0.015207104559522122
2,1024,155.5,0.014651663019321859
2,1024,156.5,0.014547857455909252
2,1024,157.5,0.015280450519639999
2,1024,158.5,0.015342676488216966
2,1024,159.5,0.014894383552018553
2,1024,160.5,0.014896470413077623
2,1024,161.5,0.015163396019488573
2,1024,162.5,0.014801396057009697
2,1024,163.5,0.014959683467168361
2,1024,164.5,0.015260267013218254
2,1024,165.5,0.015002696483861655
2,1024,166.5,0.014715899538714439
2,1024,167.5,0.014801393961533904
2,1024,168.5,0.014975358499214053
2,1024,169.5,0.015052005008328706
2,1024,170.5,0.015215760504361242
2,1024,171.5,0.01515525853028521
2,1024,172.5,0.014973726938478649
2,1024,173.5,0.014972671517170966
2,1024,174.5,0.014869662001729012
2,1024,175.5,0.014733309508301318
2,1024,176.5,0.014867244521155953
2,1024,177.5,0.015029495989438146
2,1024,178.5,0.015280796971637756
2,1024,179.5,0.015204554481897503
2,1024,180.5,0.014906417054589838
2,1024,181.5,0.014833056484349072
2,1024,182.5,0.014687816961668432
2,1024,183.5,0.015053965500555933
2,1024,184.5,0.015168986516073346
2,1024,185.5,0.014996834041085094
2,1024,186.5,0.015043752966448665
2,1024,187.5,0.014994295488577336
2,1024,188.5,0.014868886501062661
2,1024,189.5,0.014813300978858024
2,1024,190.5,0.015058636025059968
2,1024,191.5,0.014883855532389134
2,1024,192.5,0.015212761471047997
2,1024,193.5,0.015186541015282273
2,1024,194.5,0.014991117001045495
2,1024,195.5,0.014992218522820622
2,1024,196.5,0.014954323472920805
2,1024,197.5,0.015090125030837953
2,1024,198.5,0.014760536432731897
2,1024,199.5,0.015139109047595412
2,1024,200.5,0.015133192937355489
2,1024,201.5,0.01473424956202507
2,1024,202.5,0.014692835975438356
2,1024,203.5,0.014940454508177936
2,1024,204.5,0.01522305846447125
2,1024,205.5,0.015127840044442564
2,1024,206.5,0.014936331484932452
2,1024,207.5,0.014830421016085893
2,1024,208.5,0.015130320971366018
2,1024,209.5,0.015019422047771513
2,1024,210.5,0.015009281516540796
2,1024,211.5,0.01514840149320662
2,1024,212.5,0.014990498952101916
2,1024,213.5,0.01501783001003787
2,1024,214.5,0.015022156992927194
2,1024,215.5,0.014987720525823534
2,1024,216.5,0.014700444473419338
2,1024,217.5,0.015000941522885114
2,1024,218.5,0.015188005461823195
2,1024,219.5,0.014734346012119204
2,1024,220.5,0.014971619995776564
2,1024,221.5,0.015278622973710299
2,1024,222.5,0.014882768562529236
2,1024,223.5,0.014615067455451936
2,1024,224.5,0.014980658539570868
2,1024,225.5,0.015260260493960232
2,1024,226.5,0.014770579989999533
2,1024,227.5,0.014713040494825691
2,1024,228.5,0.015356725547462702
2,1024,229.5,0.015326564491260797
2,1024,230.5,0.014810474996920675
2,1024,231.5,0.014808868523687124
2,1024,232.5,0.015059892437420785
2,1024,233.5,0.015135919500607997
2,1024,234.5,0.01512740197358653
2,1024,235.5,0.01496827305527404
2,1024,236.5,0.014957915467675775
2,1024,237.5,0.015081498539075255
2,1024,238.5,0.014707989001180977
2,1024,239.5,0.014967883471399546
2,1024,240.5,0.01515831396682188
2,1024,241.5,0.01508871407713741
2,1024,242.5,0.01494323497172445
2,1024,243.5,0.014674008474685252
2,1024,244.5,0.01511310349451378
2,1024,245.5,0.015097508498001844
2,1024,246.5,0.01488469704054296
2,1024,247.5,0.014925215509720147
2,1024,248.5,0.014969583950005472
2,1024,249.5,0.014911291538737714
2,1024,250.5,0.015000880521256477
2,1024,251.5,0.015129164967220277
2,1024,252.5,0.015001428488176316
2,1024,253.5,0.015043872001115233
2,1024,254.5,0.01515093503985554
2,4096,4.5,0.0153530269744806
2,4096,5.5,0.015244507521856576
2,4096,6.5,0.015252149547450244
2,4096,7.5,0.0153289734153077
2,4096,8.5,0.015224493050482124
2,4096,9.5,0.015109703002963215
2,4096,10.5,0.015426349942572415
2,4096,11.5,0.015112255059648305
2,4096,12.5,0.014929972472600639
2,4096,13.5,0.015212380967568606
2,4096,14.5,0.015419854025822133
2,4096,15.5,0.015305623994208872
2,4096,16.5,0.015006995527073741
2,4096,17.5,0.0151528199785389
2,4096,18.5,0.015091136505361646
2,4096,19.5,0.015212287020403892
2,4096,20.5,0.015242401976138353
2,4096,21.5,0.015144744014833122
2,4096,22.5,0.015206101990770549
2,4096,23.5,0.015179416455794126
2,4096,24.5,0.015239084546919912
2,4096,25.5,0.015119403542485088
2,4096,26.5,0.015088937419932336
2,4096,27.5,0.015161848510615528
2,4096,28.5,0.015235683007631451
2,4096,29.5,0.015149698534514755
2,4096,30.5,0.015128343540709466
2,4096,31.5,0.015206712414510548
2,4096,32.5,0.015029796049930155
2,4096,33.5,0.015109731000848114
2,4096,34.5,0.01543481694534421
2,4096,35.5,0.015188444522209466
2,4096,36.5,0.01505147450370714
2,4096,37.5,0.015226187068037689
2,4096,38.5,0.015100678487215191
2,4096,39.5,0.01524833298753947
2,4096,40.5,0.015304528002161533
2,4096,41.5,0.015114978479687124
2,4096,42.5,0.015124425466638058
2,4096,43.5,0.015211133053526282
2,4096,44.5,0.015127462917007506
2,4096,45.5,0.015141239098738879
2,4096,46.5,0.015176585933659226
2,4096,47.5,0.015377403527963907
2,4096,48.5,0.015197637490928173
2,4096,49.5,0.015030974464025348
2,4096,50.5,0.01525056007085368
2,4096,51.5,0.01499556447379291
2,4096,52.5,0.015232598001603037
2,4096,53.5,0.015253574470989406
2,4096,54.5,0.015125904988963157
2,4096,55.5,0.01529298402601853
2,4096,56.5,0.015185120515525341
2,4096,57.5,0.015066289459355175
2,4096,58.5,0.015176714514382184
2,4096,59.5,0.015258370549418032
2,4096,60.5,0.01512784295482561
2,4096,61.5,0.01515766599914059
2,4096,62.5,0.015196878521237522
2,4096,63.5,0.015057503012940288
2,4096,64.5,0.015069208515342325
2,4096,65.5,0.015123358462005854
2,4096,66.5,0.015214255021419376
2,4096,67.5,0.01521837996551767
2,4096,68.5,0.015285747998859733
2,4096,69.5,0.015284214518032968
2,4096,70.5,0.015134224493522197
2,4096,71.5,0.01498540403554216
2,4096,72.5,0.015087473439052701
2,4096,73.5,0.01523872948018834
2,4096,74.5,0.01537663908675313
2,4096,75.5,0.015289028466213495
2,4096,76.5,0.015079539967700839
2,4096,77.5,0.015176797052845359
2,4096,78.5,0.014952001976780593
2,4096,79.5,0.015179667971096933
2,4096,80.5,0.015529563999734819
2,4096,81.5,0.015013293479569256
2,4096,82.5,0.015014143544249237
2,4096,83.5,0.015320693550165743
2,4096,84.5,0.015180217975284904
2,4096,85.5,0.015178962494246662
2,4096,86.5,0.015242352965287864
2,4096,87.5,0.015354806033428758
2,4096,88.5,0.015184582967776805
2,4096,89.5,0.015118245559278876
2,4096,90.5,0.015158655471168458
2,4096,91.5,0.014941641478799284
2,4096,92.5,0.015104165009688586
2,4096,93.5,0.015193385013844818
2,4096,94.5,0.015173039981164038
2,4096,95.5,0.015375137503724545
2,4096,96.5,0.015132307482417673
2,4096,97.5,0.015218934044241905
2,4096,98.5,0.015075478004291654
2,4096,99.5,0.015074768976774067
2,4096,100.5,0.015329977439250797
2,4096,101.5,0.015274531557224691
2,4096,102.5,0.015183695999439806
2,4096,103.5,0.01507132698316127
2,4096,104.5,0.015117834031116217
2,4096,105.5,0.015143203490879387
2,4096,106.5,0.01522011897759512
2,4096,107.5,0.015311934053897858
2,4096,108.5,0.015145827434025705
2,4096,109.5,0.015038015029858798
2,4096,110.5,0.015168527490459383
2,4096,111.5,0.01505032047862187
2,4096,112.5,0.015296726487576962
2,4096,113.5,0.01519754552282393
2,4096,114.5,0.015075947507284582
2,4096,115.5,0.015137795533519238
2,4096,116.5,0.01519854599609971
2,4096,117.5,0.015434524975717068
2,4096,118.5,0.015367267013061792
2,4096,119.5,0.015021310478914529
2,4096,120.5,0.01504661951912567
2,4096,121.5,0.015129053499549627
2,4096,122.5,0.015246658003889024
2,4096,123.5,0.015298840473406017
2,4096,124.5,0.015045534004457295
2,4096,125.5,0.015150311985053122
2,4096,126.5,0.015192684018984437
2,4096,127.5,0.01518230454530567
2,4096,128.5,0.01525461400160566
2,4096,129.5,0.014953646983485669
2,4096,130.5,0.015151739469729364
2,4096,131.5,0.015177418536040932
2,4096,132.5,0.015128936967812479
2,4096,133.5,0.015214705490507185
2,4096,134.5,0.015247244969941676
2,4096,135.5,0.015347927517723292
2,4096,136.5,0.015195415529888123
2,4096,137.5,0.015208618540782481
2,4096,138.5,0.015001701482106
2,4096,139.5,0.014997549937106669
2,4096,140.5,0.015304022061172873
2,4096,141.5,0.015183770505245775
2,4096,142.5,0.015191397978924215
2,4096,143.5,0.015191745478659868
2,4096,144.5,0.015052933478727937
2,4096,145.5,0.015081262565217912
2,4096,146.5,0.015285030473023653
2,4096,147.5,0.015366943029221147
2,4096,148.5,0.015114028938114643
2,4096,149.5,0.015092380985151976
2,4096,150.5,0.015179918555077165
2,4096,151.5,0.015171968028880656
2,4096,152.5,0.015209170407615602
2,4096,153.5,0.015055758063681424
2,4096,154.5,0.01520562096266076
2,4096,155.5,0.015370006556622684
2,4096,156.5,0.015143103431910276
2,4096,157.5,0.015219094057101756
2,4096,158.5,0.015133509004954249
2,4096,159.5,0.015062263933941722
2,4096,160.5,0.015140851493924856
2,4096,161.5,0.015163930016569793
2,4096,162.5,0.015261789551004767
2,4096,163.5,0.015252818469889462
2,4096,164.5,0.016203904524445534
2,4096,165.5,0.015123140998184681
2,4096,166.5,0.014118082472123206
2,4096,167.5,0.015247426985297352
2,4096,168.5,0.015073926537297666
2,4096,169.5,0.015139425988309085
2,4096,170.5,0.015191140526439995
2,4096,171.5,0.015130986517760903
2,4096,172.5,0.015076438430696726
2,4096,173.5,0.015231308992952108
2,4096,174.5,0.015389580046758056
2,4096,175.5,0.015341356513090432
2,4096,176.5,0.015226539457216859
2,4096,177.5,0.015156666515395045
2,4096,178.5,0.01521785999648273
2,4096,179.5,0.015005240973550826
2,4096,180.5,0.015255771053489298
2,4096,181.5,0.01519193296553567
2,4096,182.5,0.014983337023295462
2,4096,183.5,0.015269712021108717
2,4096,184.5,0.015191558981314301
2,4096,185.5,0.015242365014273673
2,4096,186.5,0.015282719978131354
2,4096,187.5,0.015184646006673574
2,4096,188.5,0.015046332497149706
2,4096,189.5,0.01524088450241834
2,4096,190.5,0.015527906478382647
2,4096,191.5,0.015086899045854807
2,4096,192.5,0.014799693424720317
2,4096,193.5,0.015250686032231897
2,4096,194.5,0.015428796003106982
2,4096,195.5,0.015121700998861343
2,4096,196.5,0.015060941048432142
2,4096,197.5,0.01507454994134605
2,4096,198.5,0.015082319499924779
2,4096,199.5,0.015118462557438761
2,4096,200.5,0.015188221936114132
2,4096,201.5,0.015392012021038681
2,4096,202.5,0.015230350021738559
2,4096,203.5,0.01521739101735875
2,4096,204.5,0.015286243462469429
2,4096,205.5,0.015072357491590083
2,4096,206.5,0.015120081545319408
2,4096,207.5,0.01528941048309207
2,4096,208.5,0.015156206500250846
2,4096,209.5,0.015102915465831757
2,4096,210.5,0.015275900543201715
2,4096,211.5,0.015128916944377124
2,4096,212.5,0.014952009485568851
2,4096,213.5,0.015244040521793067
2,4096,214.5,0.015483597002457827
2,4096,215.5,0.01539248152403161
2,4096,216.5,0.015146212943363935
2,4096,217.5,0.015104405058082193
2,4096,218.5,0.015118671988602728
2,4096,219.5,0.014989249466452748
2,4096,220.5,0.01513755100313574
2,4096,221.5,0.015425811521708965
2,4096,222.5,0.015249973512254655
2,4096,223.5,0.015064259001519531
2,4096,224.5,0.015068968990817666
2,4096,225.5,0.015124869009014219
2,4096,226.5,0.015236178005579859
2,4096,227.5,0.015202166454400867
2,4096,228.5,0.015308033092878759
2,4096,229.5,0.015096271992661059
2,4096,230.5,0.014867606980260462
2,4096,231.5,0.015200404508505017
2,4096,232.5,0.015315614989958704
2,4096,233.5,0.015238999505527318
2,4096,234.5,0.015324959473218769
2,4096,235.5,0.015099726500920951
2,4096,236.5,0.015208673488814384
2,4096,237.5,0.015222653979435563
2,4096,238.5,0.01515867403941229
2,4096,239.5,0.015004702494479716
2,4096,240.5,0.015142622985877097
2,4096,241.5,0.015368115506134927
2,4096,242.5,0.01510532695101574
2,4096,243.5,0.015181045047938824
2,4096,244.5,0.015205640986096114
2,4096,245.5,0.015547371527645737
2,4096,246.5,0.015263227513059974
2,4096,247.5,0.014762862934730947
2,4096,248.5,0.015035906515549868
2,4096,249.5,0.015050832531414926
2,4096,250.5,0.015255636011715978
2,4096,251.5,0.0153103984775953
2,4096,252.5,0.015416852023918182
2,4096,253.5,0.0151281519792974
2,4096,254.5,0.01516721397638321
2,6144,4.5,0.015977086033672094
2,6144,5.5,0.01557152345776558
2,6144,6.5,0.015412149543408304
2,6144,7.5,0.015474162471946329
2,6144,8.5,0.01480836299015209
2,6144,9.5,0.015655706985853612
2,6144,10.5,0.015493863553274423
2,6144,11.5,0.014923946466296911
2,6144,12.5,0.015073905000463128
2,6144,13.5,0.015348559012636542
2,6144,14.5,0.015811094956006855
2,6144,15.5,0.015492622565943748
2,6144,16.5,0.014890282473061234
2,6144,17.5,0.015284648514352739
2,6144,18.5,0.014945306000299752
2,6144,19.5,0.016221866477280855
2,6144,20.5,0.014965115522500128
2,6144,21.5,0.015446409932337701
2,6144,22.5,0.015240533568430692
2,6144,23.5,0.015412430453579873
2,6144,24.5,0.015366453561000526
2,6144,25.5,0.015215357474517077
2,6144,26.5,0.015365201456006616
2,6144,27.5,0.01524585549486801
2,6144,28.5,0.015285624540410936
2,6144,29.5,0.014778462005779147
2,6144,30.5,0.015588242444209754
2,6144,31.5,0.015244130045175552
2,6144,32.5,0.015576256497297436
2,6144,33.5,0.015271990501787513
2,6144,34.5,0.0152000300004147
2,6144,35.5,0.015222858521156013
2,6144,36.5,0.01537268899846822
2,6144,37.5,0.01506851747399196
2,6144,38.5,0.015705203521065414
2,6144,39.5,0.01514640444656834
2,6144,40.5,0.015381383069325238
2,6144,41.5,0.015102771983947605
2,6144,42.5,0.015932683018036187
2,6144,43.5,0.015052100468892604
2,6144,44.5,0.01508000452304259
2,6144,45.5,0.0154795209527947
2,6144,46.5,0.015326586493756622
2,6144,47.5,0.014807934523560107
2,6144,48.5,0.01580560702132061
2,6144,49.5,0.015690753469243646
2,6144,50.5,0.014953969977796078
2,6144,51.5,0.015265349065884948
2,6144,52.5,0.015519104956183583
2,6144,53.5,0.015554139041341841
2,6144,54.5,0.014126766996923834
2,6144,55.5,0.016670893935952336
2,6144,56.5,0.014789051550906152
2,6144,57.5,0.014961523993406445
2,6144,58.5,0.014974274963606149
2,6144,59.5,0.015852558542974293
2,6144,60.5,0.01500531897181645
2,6144,61.5,0.015479692025110126
2,6144,62.5,0.01511813752586022
2,6144,63.5,0.01573353394633159
2,6144,64.5,0.015219819557387382
2,6144,65.5,0.015467132499907166
2,6144,66.5,0.01479948841733858
2,6144,67.5,0.015228316595312208
2,6144,68.5,0.015591648465488106
2,6144,69.5,0.015517743944656104
2,6144,70.5,0.015420706011354923
2,6144,71.5,0.01537779049249366
2,6144,72.5,0.015166784054599702
2,6144,73.5,0.015352299029473215
2,6144,74.5,0.014673300960566849
2,6144,75.5,0.01582527201389894
2,6144,76.5,0.015458074980415404
2,6144,77.5,0.015145426499657333
2,6144,78.5,0.015082057507243007
2,6144,79.5,0.015597340476233512
2,6144,80.5,0.015000184532254934
2,6144,81.5,0.01490296347765252
2,6144,82.5,0.016080797999165952
2,6144,83.5,0.015149236540310085
2,6144,84.5,0.015352689428254962
2,6144,85.5,0.01512062706751749
2,6144,86.5,0.015389869979117066
2,6144,87.5,0.015315813012421131
2,6144,88.5,0.015377470466773957
2,6144,89.5,0.015183045528829098
2,6144,90.5,0.015323260508012027
2,6144,91.5,0.015301394450943917
2,6144,92.5,0.015417177055496722
2,6144,93.5,0.01498034643009305
2,6144,94.5,0.015553341072518378
2,6144,95.5,0.015335218515247107
2,6144,96.5,0.015330736467149109
2,6144,97.5,0.015522671514190733
2,6144,98.5,0.015062367485370487
2,6144,99.5,0.015338552999310195
2,6144,100.5,0.015157958958297968
2,6144,101.5,0.015269579540472478
2,6144,102.5,0.015378598938696086
2,6144,103.5,0.01567483355756849
2,6144,104.5,0.015035999473184347
2,6144,105.5,0.015186942007858306
2,6144,106.5,0.015405989543069154
2,6144,107.5,0.015152644948102534
2,6144,108.5,0.015228488016873598
2,6144,109.5,0.01577555650146678
2,6144,110.5,0.015028824505861849
2,6144,111.5,0.015805499453563243
2,6144,112.5,0.01491847401484847
2,6144,113.5,0.015245252521708608
2,6144,114.5,0.014910069992765784
2,6144,115.5,0.015609204536303878
2,6144,116.5,0.015183876501396298
2,6144,117.5,0.015707051497884095
2,6144,118.5,0.01507650944404304
2,6144,119.5,0.01552847702987492
2,6144,120.5,0.014989162504207343
2,6144,121.5,0.015451560029760003
2,6144,122.5,0.015651109511964023
2,6144,123.5,0.01514205546118319
2,6144,124.5,0.01507796545047313
2,6144,125.5,0.015515387000050396
2,6144,126.5,0.015043258026707917
2,6144,127.5,0.015268530987668782
2,6144,128.5,0.015309008536860347
2,6144,129.5,0.015748121950309724
2,6144,130.5,0.01507986499927938
2,6144,131.5,0.01531169202644378
2,6144,132.5,0.015196669497527182
2,6144,133.5,0.015491490543354303
2,6144,134.5,0.015099743497557938
2,6144,135.5,0.01565912552177906
2,6144,136.5,0.015122110955417156
2,6144,137.5,0.015430335537530482
2,6144,138.5,0.015616031480021775
2,6144,139.5,0.015174890460912138
2,6144,140.5,0.014854948502033949
2,6144,141.5,0.015496689011342824
2,6144,142.5,0.015474280982743949
2,6144,143.5,0.01521350903203711
2,6144,144.5,0.01548852800624445
2,6144,145.5,0.015075044531840831
2,6144,146.5,0.015433100459631532
2,6144,147.5,0.015029160480480641
2,6144,148.5,0.015558426501229405
2,6144,149.5,0.015113501518499106
2,6144,150.5,0.015629442990757525
2,6144,151.5,0.01507416705135256
2,6144,152.5,0.015319426427595317
2,6144,153.5,0.015443203039467335
2,6144,154.5,0.01587642851518467
2,6144,155.5,0.015276234480552375
2,6144,156.5,0.0151453364524059
2,6144,157.5,0.015305647568311542
2,6144,158.5,0.015124587982427329
2,6144,159.5,0.015413330984301865
2,6144,160.5,0.015032265509944409
2,6144,161.5,0.015506879019085318
2,6144,162.5,0.01562610996188596
2,6144,163.5,0.015157522517256439
2,6144,164.5,0.015596233017276973
2,6144,165.5,0.015126394981052727
2,6144,166.5,0.015171046485193074
2,6144,167.5,0.015313396463170648
2,6144,168.5,0.015469877049326897
2,6144,169.5,0.015355228970292956
2,6144,170.5,0.01559366355650127
2,6144,171.5,0.014951525954529643
2,6144,172.5,0.015524319489486516
2,6144,173.5,0.014995006553363055
2,6144,174.5,0.015791484504006803
2,6144,175.5,0.015415616449899971
2,6144,176.5,0.01541218301281333
2,6144,177.5,0.015063029015436769
2,6144,178.5,0.015209380479063839
2,6144,179.5,0.01517151651205495
2,6144,180.5,0.015101176977623254
2,6144,181.5,0.015530920005403459
2,6144,182.5,0.015550480515230447
2,6144,183.5,0.015313539479393512
2,6144,184.5,0.015124940546229482
2,6144,185.5,0.015614404459483922
2,6144,186.5,0.01541476754937321
2,6144,187.5,0.015025404456537217
2,6144,188.5,0.015443762531504035
2,6144,189.5,0.015119033458177
2,6144,190.5,0.01567350747063756
2,6144,191.5,0.015226326591800898
2,6144,192.5,0.015266605012584478
2,6144,193.5,0.014943424903322011
2,6144,194.5,0.015564879577141255
2,6144,195.5,0.01503252750262618
2,6144,196.5,0.01561310444958508
2,6144,197.5,0.015363263490144163
2,6144,198.5,0.01526788150658831
2,6144,199.5,0.01545933255692944
2,6144,200.5,0.015452591935172677
2,6144,201.5,0.015238190535455942
2,6144,202.5,0.015467072487808764
2,6144,203.5,0.015266100002918392
2,6144,204.5,0.01524858345510438
2,6144,205.5,0.015422749565914273
2,6144,206.5,0.015490991005208343
2,6144,207.5,0.015038847457617521
2,6144,208.5,0.015687773004174232
2,6144,209.5,0.015187010518275201
2,6144,210.5,0.015025449509266764
2,6144,211.5,0.015257450519129634
2,6144,212.5,0.01537424948764965
2,6144,213.5,0.01531185646308586
2,6144,214.5,0.015125538513530046
2,6144,215.5,0.015689347055740654
2,6144,216.5,0.015169538499321789
2,6144,217.5,0.015264795976690948
2,6144,218.5,0.015644356491975486
2,6144,219.5,0.015254928439389914
2,6144,220.5,0.015164028038270772
2,6144,221.5,0.01535319146933034
2,6144,222.5,0.014954670041333884
2,6144,223.5,0.01547914498951286
2,6144,224.5,0.01552365202223882
2,6144,225.5,0.01515051448950544
2,6144,226.5,0.015146879479289055
2,6144,227.5,0.015836330538149923
2,6144,228.5,0.015488817472942173
2,6144,229.5,0.014924609509762377
2,6144,230.5,0.01519008248578757
2,6144,231.5,0.015373791044112295
2,6144,232.5,0.01550649496493861
2,6144,233.5,0.015379850985482335
2,6144,234.5,0.015559326973743737
2,6144,235.5,0.015112336026504636
2,6144,236.5,0.015161218994762748
2,6144,237.5,0.015247703006025404
2,6144,238.5,0.015409138519316912
2,6144,239.5,0.015292083495296538
2,6144,240.5,0.015431354520842433
2,6144,241.5,0.015648831496946514
2,6144,242.5,0.015073111921083182
2,6144,243.5,0.015218211046885699
2,6144,244.5,0.015215867024380714
2,6144,245.5,0.015337278484366834
2,6144,246.5,0.015500987996347249
2,6144,247.5,0.014837577007710934
2,6144,248.5,0.01602561946492642
2,6144,249.5,0.014814034511800855
2,6144,250.5,0.015569181996397674
2,6144,251.5,0.015164610522333533
2,6144,252.5,0.015314809512346983
2,6144,253.5,0.015493578976020217
2,6144,254.5,0.01586241548648104
4,64,5.5,0.015561357547994703
4,64,6.5,0.015145534998737276
4,64,7.5,0.015508628450334072
4,64,8.5,0.015190617006737739
4,64,9.5,0.015129863983020186
4,64,10.5,0.015500508481636643
4,64,11.5,0.015283960499800742
4,64,12.5,0.015191507001873106
4,64,13.5,0.015413375978823751
4,64,14.5,0.015201083500869572
4,64,15.5,0.015481862996239215
4,64,16.5,0.015303844527807087
4,64,17.5,0.015338201425038278
4,64,18.5,0.014934273029211909
4,64,19.5,0.015187413024250418
4,64,20.5,0.015784588467795402
4,64,21.5,0.014645486022345722
4,64,22.5,0.01584354101214558
4,64,23.5,0.01512989349430427
4,64,24.5,0.015214381506666541
4,64,25.5,0.015011774958111346
4,64,26.5,0.015153209038544446
4,64,27.5,0.015499797998927534
4,64,28.5,0.015295025543309748
4,64,29.5,0.01524250244256109
4,64,30.5,0.015409876068588346
4,64,31.5,0.014608945522923023
4,64,32.5,0.015620657475665212
4,64,33.5,0.014953289006371051
4,64,34.5,0.015575647994410247
4,64,35.5,0.015439340029843152
4,64,36.5,0.015263920940924436
4,64,37.5,0.01508280698908493
4,64,38.5,0.014878952992148697
4,64,39.5,0.015339031990151852
4,64,40.5,0.01546046050498262
4,64,41.5,0.015809814038220793
4,64,42.5,0.015051333990413696
4,64,43.5,0.015081388934049755
4,64,44.5,0.017954168550204486
4,64,45.5,0.012877808941993862
4,64,46.5,0.014773622038774192
4,64,47.5,0.015221123525407165
4,64,48.5,0.015575532976072282
4,64,49.5,0.01514260348631069
4,64,50.5,0.015147951024118811
4,64,51.5,0.015390346001368016
4,64,52.5,0.01520220801467076
4,64,53.5,0.01505318604176864
4,64,54.5,0.015400771517306566
4,64,55.5,0.015479555469937623
4,64,56.5,0.015029048488941044
4,64,57.5,0.01513234747108072
4,64,58.5,0.015383788559120148
4,64,59.5,0.015028495981823653
4,64,60.5,0.015276563004590571
4,64,61.5,0.015925193496514112
4,64,62.5,0.014842125005088747
4,64,63.5,0.015568336995784193
4,64,64.5,0.015009362425189465
4,64,65.5,0.015452641993761063
4,64,66.5,0.015037756995297968
4,64,67.5,0.01560753007652238
4,64,68.5,0.015092386456672102
4,64,69.5,0.01557432598201558
4,64,70.5,0.015189050987828523
4,64,71.5,0.015365841041784734
4,64,72.5,0.014865298464428633
4,64,73.5,0.01526109001133591
4,64,74.5,0.015611915965564549
4,64,75.5,0.015378771524410695
4,64,76.5,0.015286207490134984
4,64,77.5,0.015366754494607449
4,64,78.5,0.01502752595115453
4,64,79.5,0.015219580032862723
4,64,80.5,0.015300291997846216
4,64,81.5,0.015580708510242403
4,64,82.5,0.015197097964119166
4,64,83.5,0.015215899038594216
4,64,84.5,0.01535111351404339
4,64,85.5,0.015212355996482074
4,64,86.5,0.015348947490565479
4,64,87.5,0.01530733599793166
4,64,88.5,0.015516522573307157
4,64,89.5,0.014681383967399597
4,64,90.5,0.01556470146169886
4,64,91.5,0.01560523349326104
4,64,92.5,0.01508654747158289
4,64,93.5,0.015341864025685936
4,64,94.5,0.015457897505257279
4,64,95.5,0.01481937849894166
4,64,96.5,0.01573264948092401
4,64,97.5,0.015374799550045282
4,64,98.5,0.015079149510711432
4,64,99.5,0.015409607964102179
4,64,100.5,0.015066613967064768
4,64,101.5,0.01556721905944869
4,64,102.5,0.015209281991701573
4,64,103.5,0.015408727515023202
4,64,104.5,0.015183244424406439
4,64,105.5,0.015766839031130075
4,64,106.5,0.0150543840136379
4,64,107.5,0.014886352990288287
4,64,108.5,0.015230880992021412
4,64,109.5,0.015509970486164093
4,64,110.5,0.015058728051371872
4,64,111.5,0.015266093949321657
4,64,112.5,0.015301298000849783
4,64,113.5,0.015367116022389382
4,64,114.5,0.01559474301757291
4,64,115.5,0.014640302513726056
4,64,116.5,0.015721726464107633
4,64,117.5,0.015496641513891518
4,64,118.5,0.015051404479891062
4,64,119.5,0.014836823509540409
4,64,120.5,0.01625631155911833
4,64,121.5,0.015039303980302066
4,64,122.5,0.014925107534509152
4,64,123.5,0.0155895019415766
4,64,124.5,0.015065327985212207
4,64,125.5,0.015154864988289773
4,64,126.5,0.015153696003835648
4,64,127.5,0.015617825964000076
4,64,128.5,0.014915145060513169
4,64,129.5,0.015410969965159893
4,64,130.5,0.015501592541113496
4,64,131.5,0.015150687424466014
4,64,132.5,0.015390796063002199
4,64,133.5,0.015214680519420654
4,64,134.5,0.01534863596316427
4,64,135.5,0.015180506044998765
4,64,136.5,0.015367474523372948
4,64,137.5,0.015361279482021928
4,64,138.5,0.015037372009828687
4,64,139.5,0.015294937998987734
4,64,140.5,0.01570474955951795
4,64,141.5,0.015059983998071402
4,64,142.5,0.01515150599880144
4,64,143.5,0.015436433022841811
4,64,144.5,0.015054731513373554
4,64,145.5,0.015454498527105898
4,64,146.5,0.015042588987853378
4,64,147.5,0.015223514521494508
4,64,148.5,0.015453265456017107
4,64,149.5,0.015435111534316093
4,64,150.5,0.01509554503718391
4,64,151.5,0.015132562955841422
4,64,152.5,0.015285041008610278
4,64,153.5,0.015629026980604976
4,64,154.5,0.015355612966232002
4,64,155.5,0.015495182480663061
4,64,156.5,0.015138283546548337
4,64,157.5,0.015573252458125353
4,64,158.5,0.014798880030866712
4,64,159.5,0.01514090847922489
4,64,160.5,0.01577124500181526
4,64,161.5,0.014895720465574414
4,64,162.5,0.015646214073058218
4,64,163.5,0.015153601008933038
4,64,164.5,0.015323113999329507
4,64,165.5,0.015669284504838288
4,64,166.5,0.01498478144640103
4,64,167.5,0.015315257536713034
4,64,168.5,0.015607711975462735
4,64,169.5,0.0151356749702245
4,64,170.5,0.015311757510062307
4,64,171.5,0.014897088520228863
4,64,172.5,0.015805979957804084
4,64,173.5,0.015255859005264938
4,64,174.5,0.015103007026482373
4,64,175.5,0.015284224471542984
4,64,176.5,0.015265252499375492
4,64,177.5,0.01516599248861894
4,64,178.5,0.01518180052516982
4,64,179.5,0.015537844505161047
4,64,180.5,0.015121635515242815
4,64,181.5,0.015821729961317033
4,64,182.5,0.01481223152950406
4,64,183.5,0.015388687956146896
4,64,184.5,0.015062196529470384
4,64,185.5,0.015394932474009693
4,64,186.5,0.015517932537477463
4,64,187.5,0.01526020048186183
4,64,188.5,0.015210359531920403
4,64,189.5,0.015280050982255489
4,64,190.5,0.01525256596505642
4,64,191.5,0.015472408558707684
4,64,192.5,0.015266113448888063
4,64,193.5,0.01566284999717027
4,64,194.5,0.01520246994914487
4,64,195.5,0.015300208528060466
4,64,196.5,0.01519358396762982
4,64,197.5,0.015369678032584488
4,64,198.5,0.015456004010047764
4,64,199.5,0.015159410540945828
4,64,200.5,0.01539144548587501
4,64,201.5,0.015384427970275283
4,64,202.5,0.015469082980416715
4,64,203.5,0.015403334982693195
4,64,204.5,0.015185843512881547
4,64,205.5,0.015401671000290662
4,64,206.5,0.015341598482336849
4,64,207.5,0.015394647547509521
4,64,208.5,0.0151690294733271
4,64,209.5,0.01565158850280568
4,64,210.5,0.015260083542671055
4,64,211.5,0.015405357466079295
4,64,212.5,0.015222566551528871
4,64,213.5,0.015516852959990501
4,64,214.5,0.01515062095131725
4,64,215.5,0.015624862047843635
4,64,216.5,0.015187899000011384
4,64,217.5,0.01512859994545579
4,64,218.5,0.015325877582654357
4,64,219.5,0.015644589497242123
4,64,220.5,0.01510973449330777
4,64,221.5,0.01541901903692633
4,64,222.5,0.015731085499282926
4,64,223.5,0.015193224011454731
4,64,224.5,0.015008870454039425
4,64,225.5,0.015325324959121644
4,64,226.5,0.01563018001616001
4,64,227.5,0.01528020651312545
4,64,228.5,0.015291163988877088
4,64,229.5,0.015559823485091329
4,64,230.5,0.015226187009830028
4,64,231.5,0.015318074496462941
4,64,232.5,0.01518759096506983
4,64,233.5,0.015412893029861152
4,64,234.5,0.015295036020688713
4,64,235.5,0.015360255492851138
4,64,236.5,0.015456265478860587
4,64,237.5,0.015234558028168976
4,64,238.5,0.015423317032400519
4,64,239.5,0.015390441520139575
4,64,240.5,0.015284052991773933
4,64,241.5,0.015347529493737966
4,64,242.5,0.015632099995855242
4,64,243.5,0.014917546999640763
4,64,244.5,0.015533473459072411
4,64,245.5,0.015345041058026254
4,64,246.5,0.015628483495675027
4,64,247.5,0.014862395939417183
4,64,248.5,0.01555656298296526
4,64,249.5,0.015396907518152148
4,64,250.5,0.015171580482274294
4,64,251.5,0.015380173514131457
4,64,252.5,0.015633122995495796
4,64,253.5,0.015196953027043492
4,64,254.5,0.015780308516696095
4,256,5.0,0.015395760536193848
4,256,6.0,0.0156049684737809
4,256,7.0,0.01544875605031848
4,256,8.0,0.01514774392126128
4,256,9.0,0.01548209902830422
4,256,10.0,0.015769469493534416
4,256,11.0,0.015230277029331774
4,256,12.0,0.015434232424013317
4,256,13.0,0.015343520499300212
4,256,14.0,0.015405457466840744
4,256,15.0,0.015285811037756503
4,256,16.0,0.015406976453959942
4,256,17.0,0.01548528450075537
4,256,18.0,0.01511813944671303
4,256,19.0,0.015461957023944706
4,256,20.0,0.015367224521469325
4,256,21.0,0.015358106466010213
4,256,22.0,0.015522893576417118
4,256,23.0,0.015406230522785336
4,256,24.0,0.015236540522892028
4,256,25.0,0.015199818008113652
4,256,26.0,0.01537714246660471
4,256,27.0,0.015272345510311425
4,256,28.0,0.015197356522548944
4,256,29.0,0.015587637026328593
4,256,30.0,0.01531671395059675
4,256,31.0,0.0153478974243626
4,256,32.0,0.015724638535175472
4,256,33.0,0.015371849993243814
4,256,34.0,0.015114222536794841
4,256,35.0,0.015178071975242347
4,256,36.0,0.015542538079898804
4,256,37.0,0.015519792039413005
4,256,38.0,0.015239180997014046
4,256,39.0,0.015256213024258614
4,256,40.0,0.01530568249290809
4,256,41.0,0.015170416969340295
4,256,42.0,0.015386269020382315
4,256,43.0,0.015456983994226903
4,256,44.0,0.015225835493765771
4,256,45.0,0.015482596412766725
4,256,46.0,0.015487775031942874
4,256,47.0,0.015211799531243742
4,256,48.0,0.015174682484939694
4,256,49.0,0.015460053517017514
4,256,50.0,0.015425872465129942
4,256,51.0,0.015191177953965962
4,256,52.0,0.015305163979064673
4,256,53.0,0.015194436011370271
4,256,54.0,0.015406069462187588
4,256,55.0,0.015552191529422998
4,256,56.0,0.015246131049934775
4,256,57.0,0.015252207464072853
4,256,58.0,0.01549226202769205
4,256,59.0,0.015297011530492455
4,256,60.0,0.015134544461034238
4,256,61.0,0.015328175970353186
4,256,62.0,0.015586712514050305
4,256,63.0,0.015558489016257226
4,256,64.0,0.015370203938800842
4,256,65.0,0.015290133014786988
4,256,66.0,0.015208757016807795
4,256,67.0,0.015295319026336074
4,256,68.0,0.015337738557718694
4,256,69.0,0.01546287297969684
4,256,70.0,0.015336020034737885
4,256,71.0,0.015424139972310513
4,256,72.0,0.01548336399719119
4,256,73.0,0.015273170487489551
4,256,74.0,0.01533350651152432
4,256,75.0,0.015330823545809835
4,256,76.0,0.015214540471788496
4,256,77.0,0.015604148502461612
4,256,78.0,0.015575774537865072
4,256,79.0,0.015211590507533401
4,256,80.0,0.015261650027241558
4,256,81.0,0.015346465981565416
4,256,82.0,0.015196009946521372
4,256,83.0,0.015482891467399895
4,256,84.0,0.01545435149455443
4,256,85.0,0.015317596029490232
4,256,86.0,0.015209834964480251
4,256,87.0,0.015240433043800294
4,256,88.0,0.015484172967262566
4,256,89.0,0.015305505017749965
4,256,90.0,0.015306797984521836
4,256,91.0,0.015215777966659516
4,256,92.0,0.015198399953078479
4,256,93.0,0.015327160072047263
4,256,94.0,0.015414153516758233
4,256,95.0,0.015318286546971649
4,256,96.0,0.015440081944689155
4,256,97.0,0.015565063047688454
4,256,98.0,0.015451052517164499
4,256,99.0,0.015174476022366434
4,256,100.0,0.015275889949407429
4,256,101.0,0.015428886516019702
4,256,102.0,0.01522132643731311
4,256,103.0,0.015266674978192896
4,256,104.0,0.01529381045838818
4,256,105.0,0.015362754988018423
4,256,106.0,0.015450451988726854
4,256,107.0,0.015376743976958096
4,256,108.0,0.015341160469688475
4,256,109.0,0.015348997490946203
4,256,110.0,0.015397697512526065
4,256,111.0,0.015381414559669793
4,256,112.0,0.015229568467475474
4,256,113.0,0.015386307495646179
4,256,114.0,0.015368254040367901
4,256,115.0,0.015317508485168219
4,256,116.0,0.015307393041439354
4,256,117.0,0.015401292475871742
4,256,118.0,0.015329960559029132
4,256,119.0,0.015339637466240674
4,256,120.0,0.015334039984736592
4,256,121.0,0.015400288975797594
4,256,122.0,0.015493853541556746
4,256,123.0,0.015262436994817108
4,256,124.0,0.015269208000972867
4,256,125.0,0.015341065532993525
4,256,126.0,0.015574090008158237
4,256,127.0,0.015642753045540303
4,256,128.0,0.015392856497783214
4,256,129.0,0.015120091498829424
4,256,130.0,0.015282225562259555
4,256,131.0,0.01533517794450745
4,256,132.0,0.015170303988270462
4,256,133.0,0.015278087055776268
4,256,134.0,0.015405899495817721
4,256,135.0,0.015393072506412864
4,256,136.0,0.015446899982634932
4,256,137.0,0.015400155505631119
4,256,138.0,0.015247514005750418
4,256,139.0,0.01534850150346756
4,256,140.0,0.015239960514008999
4,256,141.0,0.01535279449308291
4,256,142.0,0.015409683517646044
4,256,143.0,0.015347799519076943
4,256,144.0,0.015378439507912844
4,256,145.0,0.015382697049062699
4,256,146.0,0.0154482934740372
4,256,147.0,0.015276651014573872
4,256,148.0,0.015307317022234201
4,256,149.0,0.015439289971254766
4,256,150.0,0.015425362449605018
4,256,151.0,0.015275574522092938
4,256,152.0,0.015292722440790385
4,256,153.0,0.0152920555556193
4,256,154.0,0.01532095653237775
4,256,155.0,0.0155049649765715
4,256,156.0,0.015380836557596922
4,256,157.0,0.015361219993792474
4,256,158.0,0.015225228504277766
4,256,159.0,0.015366163977887481
4,256,160.0,0.015370558016002178
4,256,161.0,0.015303744468837976
4,256,162.0,0.015476169995963573
4,256,163.0,0.015245740534737706
4,256,164.0,0.015238008054438978
4,256,165.0,0.015396172006148845
4,256,166.0,0.015301913488656282
4,256,167.0,0.015346955973654985
4,256,168.0,0.01541131449630484
4,256,169.0,0.015385313017759472
4,256,170.0,0.01552089850883931
4,256,171.0,0.015205728472210467
4,256,172.0,0.015081481542438269
4,256,173.0,0.015387124964036047
4,256,174.0,0.015220017987303436
4,256,175.0,0.015410213498398662
4,256,176.0,0.015527974988799542
4,256,177.0,0.01524075900670141
4,256,178.0,0.015268735063727945
4,256,179.0,0.015377300442196429
4,256,180.0,0.015306252520531416
4,256,181.0,0.01520398200955242
4,256,182.0,0.015499656496103853
4,256,183.0,0.015388722473289818
4,256,184.0,0.01535070751560852
4,256,185.0,0.01534890296170488
4,256,186.0,0.015346164000220597
4,256,187.0,0.01533175096847117
4,256,188.0,0.01543913153000176
4,256,189.0,0.015534083009697497
4,256,190.0,0.015260533487889916
4,256,191.0,0.015257937484420836
4,256,192.0,0.01537976402323693
4,256,193.0,0.015435657522175461
4,256,194.0,0.015366912470199168
4,256,195.0,0.015268410032149404
4,256,196.0,0.015315914992243052
4,256,197.0,0.015493761515244842
4,256,198.0,0.0153890514629893
4,256,199.0,0.015151617000810802
4,256,200.0,0.015078211959917098
4,256,201.0,0.015399776515550911
4,256,202.0,0.01557873102137819
4,256,203.0,0.015451960440259427
4,256,204.0,0.015317152545321733
4,256,205.0,0.015209553472232074
4,256,206.0,0.015290457929950207
4,256,207.0,0.015391014516353607
4,256,208.0,0.015561255509965122
4,256,209.0,0.015384359983727336
4,256,210.0,0.015315375989302993
4,256,211.0,0.015308808477129787
4,256,212.0,0.015250066993758082
4,256,213.0,0.015178497007582337
4,256,214.0,0.015400337520986795
4,256,215.0,0.015577077982015908
4,256,216.0,0.01510915148537606
4,256,217.0,0.015313168929424137
4,256,218.0,0.015572334581520408
4,256,219.0,0.01537076645763591
4,256,220.0,0.015454802487511188
4,256,221.0,0.015499465574976057
4,256,222.0,0.015435362991411239
4,256,223.0,0.01521884900284931
4,256,224.0,0.01526868250221014
4,256,225.0,0.015398652467411011
4,256,226.0,0.015036280965432525
4,256,227.0,0.01531893399078399
4,256,228.0,0.015554715530015528
4,256,229.0,0.015416182985063642
4,256,230.0,0.01550190505804494
4,256,231.0,0.015223550028167665
4,256,232.0,0.01511008944362402
4,256,233.0,0.015155321510974318
4,256,234.0,0.015501014480832964
4,256,235.0,0.015642680518794805
4,256,236.0,0.015191986982244998
4,256,237.0,0.015132079017348588
4,256,238.0,0.015378590964246541
4,256,239.0,0.015160440001636744
4,256,240.0,0.01540775242028758
4,256,241.0,0.015603072533849627
4,256,242.0,0.015308905916754156
4,256,243.0,0.015113500063307583
4,256,244.0,0.015246253984514624
4,256,245.0,0.015515585953835398
4,256,246.0,0.015193333965726197
4,256,247.0,0.015508986019995064
4,256,248.0,0.015606456494424492
4,256,249.0,0.015315608005039394
4,256,250.0,0.015360706485807896
4,256,251.0,0.015316566976252943
4,256,252.0,0.01525410555768758
4,256,253.0,0.01544145552907139
4,256,254.0,0.01528927800245583
4,1024,5.25,0.015617830504197627
4,1024,6.25,0.015759625006467104
4,1024,7.25,0.01490228553302586
4,1024,8.25,0.016168213973287493
4,1024,9.25,0.015288210997823626
4,1024,10.25,0.015371271991170943
4,1024,11.25,0.015562904009129852
4,1024,12.25,0.015464840980712324
4,1024,13.25,0.015401552489493042
4,1024,14.25,0.015172062965575606
4,1024,15.25,0.015533136553131044
4,1024,16.25,0.015476090426091105
4,1024,17.25,0.015242077060975134
4,1024,18.25,0.015623484971001744
4,1024,19.25,0.015456732537131757
4,1024,20.25,0.015342407510615885
4,1024,21.25,0.015274216479156166
4,1024,22.25,0.015551138494629413
4,1024,23.25,0.015559861960355192
4,1024,24.25,0.015539029031060636
4,1024,25.25,0.015396278526168317
4,1024,26.25,0.015571796975564212
4,1024,27.25,0.015396223519928753
4,1024,28.25,0.014870020444504917
4,1024,29.25,0.015600119542796165
4,1024,30.25,0.015472484461497515
4,1024,31.25,0.015597894962411374
4,1024,32.25,0.015443037496879697
4,1024,33.25,0.015458625508472323
4,1024,34.25,0.015182243951130658
4,1024,35.25,0.01535625202814117
4,1024,36.25,0.01566628401633352
4,1024,37.25,0.015200037509202957
4,1024,38.25,0.01564125600270927
4,1024,39.25,0.015157949994318187
4,1024,40.25,0.015563903492875397
4,1024,41.25,0.015451258514076471
4,1024,42.25,0.015626012987922877
4,1024,43.25,0.014848585531581193
4,1024,44.25,0.015997189038898796
4,1024,45.25,0.015519547974690795
4,1024,46.25,0.015039271500427276
4,1024,47.25,0.015537912957370281
4,1024,48.25,0.015158327005337924
4,1024,49.25,0.015716829511802644
4,1024,50.25,0.015290576498955488
4,1024,51.25,0.015288138994947076
4,1024,52.25,0.015468842990230769
4,1024,53.25,0.01537985447794199
4,1024,54.25,0.01560172945028171
4,1024,55.25,0.015115703048650175
4,1024,56.25,0.01546091353520751
4,1024,57.25,0.015373396512586623
4,1024,58.25,0.015499753470066935
4,1024,59.25,0.015534047444816679
4,1024,60.25,0.015270552539732307
4,1024,61.25,0.015089482942130417
4,1024,62.25,0.015674925060011446
4,1024,63.25,0.015269441006239504
4,1024,64.25,0.015380132477730513
4,1024,65.25,0.01544970745453611
4,1024,66.25,0.015434943023137748
4,1024,67.25,0.015445786528289318
4,1024,68.25,0.01537208049558103
4,1024,69.25,0.015493971528485417
4,1024,70.25,0.015071095956955105
4,1024,71.25,0.015911997528746724
4,1024,72.25,0.015091686975210905
4,1024,73.25,0.015729890496004373
4,1024,74.25,0.015202587470412254
4,1024,75.25,0.015488263044971973
4,1024,76.25,0.015205416013486683
4,1024,77.25,0.01544803543947637
4,1024,78.25,0.015573451004456729
4,1024,79.25,0.015435876499395818
4,1024,80.25,0.015283610031474382
4,1024,81.25,0.015480857924558222
4,1024,82.25,0.015426026075147092
4,1024,83.25,0.015274886973202229
4,1024,84.25,0.01557421701727435
4,1024,85.25,0.015404500532895327
4,1024,86.25,0.015583900501951575
4,1024,87.25,0.015576978970784694
4,1024,88.25,0.015238218009471893
4,1024,89.25,0.015562186948955059
4,1024,90.25,0.015659872035030276
4,1024,91.25,0.01522795797791332
4,1024,92.25,0.015210072044283152
4,1024,93.25,0.015656687959562987
4,1024,94.25,0.015254137513693422
4,1024,95.25,0.015523396548815072
4,1024,96.25,0.015325349930208176
4,1024,97.25,0.0156779260141775
4,1024,98.25,0.01526298449607566
4,1024,99.25,0.015378305513877422
4,1024,100.25,0.01514376001432538
4,1024,101.25,0.015546486480161548
4,1024,102.25,0.01530416903551668
4,1024,103.25,0.015672208508476615
4,1024,104.25,0.015113701461814344
4,1024,105.25,0.015748097037430853
4,1024,106.25,0.015288394468370825
4,1024,107.25,0.015135263500269502
4,1024,108.25,0.015680293494369835
4,1024,109.25,0.015331331465858966
4,1024,110.25,0.015558331040665507
4,1024,111.25,0.015468288504052907
4,1024,112.25,0.01550035848049447
4,1024,113.25,0.015314193500671536
4,1024,114.25,0.015221146983094513
4,1024,115.25,0.01533760002348572
4,1024,116.25,0.01568289549322799
4,1024,117.25,0.015324077452532947
4,1024,118.25,0.015038578014355153
4,1024,119.25,0.01572752749780193
4,1024,120.25,0.015114813984837383
4,1024,121.25,0.015706774487625808
4,1024,122.25,0.01531044306466356
4,1024,123.25,0.01559523050673306
4,1024,124.25,0.015519880456849933
4,1024,125.25,0.015202369482722133
4,1024,126.25,0.015461214003153145
4,1024,127.25,0.015311020542867482
4,1024,128.25,0.015275006473530084
4,1024,129.25,0.015595167526043952
4,1024,130.25,0.015520530985668302
4,1024,131.25,0.015417188522405922
4,1024,132.25,0.01565554999979213
4,1024,133.25,0.014957576990127563
4,1024,134.25,0.015514981932938099
4,1024,135.25,0.01543354248860851
4,1024,136.25,0.015575345023535192
4,1024,137.25,0.01519168249797076
4,1024,138.25,0.015183886978775263
4,1024,139.25,0.01597647852031514
4,1024,140.25,0.01520911353873089
4,1024,141.25,0.015753019484691322
4,1024,142.25,0.015208697004709393
4,1024,143.25,0.01538575894664973
4,1024,144.25,0.015791141020599753
4,1024,145.25,0.015143340511713177
4,1024,146.25,0.01526041200850159
4,1024,147.25,0.015235974453389645
4,1024,148.25,0.01578054850688204
4,1024,149.25,0.015622541541233659
4,1024,150.25,0.015728454920463264
4,1024,151.25,0.015130880987271667
4,1024,152.25,0.015538497013039887
4,1024,153.25,0.014955265505705029
4,1024,154.25,0.01577084098244086
4,1024,155.25,0.015247121045831591
4,1024,156.25,0.01576274394756183
4,1024,157.25,0.015304390050005168
4,1024,158.25,0.01550463296007365
4,1024,159.25,0.014988857554271817
4,1024,160.25,0.015219582477584481
4,1024,161.25,0.015417643531691283
4,1024,162.25,0.016030158440116793
4,1024,163.25,0.015337740536779165
4,1024,164.25,0.015363611455541104
4,1024,165.25,0.015736046014353633
4,1024,166.25,0.01464817498344928
4,1024,167.25,0.015849811024963856
4,1024,168.25,0.015174350526649505
4,1024,169.25,0.015681399032473564
4,1024,170.25,0.015721616451628506
4,1024,171.25,0.015318508492782712
4,1024,172.25,0.015220370958559215
4,1024,173.25,0.015207420045044273
4,1024,174.25,0.015269020979758352
4,1024,175.25,0.015901895007118583
4,1024,176.25,0.01569106348324567
4,1024,177.25,0.015190282021649182
4,1024,178.25,0.0152038634987548
4,1024,179.25,0.015229740005452186
4,1024,180.25,0.015652574482373893
4,1024,181.25,0.015187311510089785
4,1024,182.25,0.01577224297216162
4,1024,183.25,0.015723793010693043
4,1024,184.25,0.015272821532562375
4,1024,185.25,0.01508163200924173
4,1024,186.25,0.015013374970294535
4,1024,187.25,0.015706057019997388
4,1024,188.25,0.015539396496023983
4,1024,189.25,0.015490068006329238
4,1024,190.25,0.015317165001761168
4,1024,191.25,0.015493239974603057
4,1024,192.25,0.015423302014824003
4,1024,193.25,0.01518306601792574
4,1024,194.25,0.01554633752675727
4,1024,195.25,0.015856667479965836
4,1024,196.25,0.015369669941719621
4,1024,197.25,0.015454282518476248
4,1024,198.25,0.015092894493136555
4,1024,199.25,0.015337644494138658
4,1024,200.25,0.015549284464213997
4,1024,201.25,0.015124742989428341
4,1024,202.25,0.015520045009907335
4,1024,203.25,0.015815988997928798
4,1024,204.25,0.0153114665299654
4,1024,205.25,0.01518935151398182
4,1024,206.25,0.01559744798578322
4,1024,207.25,0.015322939434554428
4,1024,208.25,0.015568195492960513
4,1024,209.25,0.015485023031942546
4,1024,210.25,0.015447728452272713
4,1024,211.25,0.015462685551028699
4,1024,212.25,0.014959948020987213
4,1024,213.25,0.015546944458037615
4,1024,214.25,0.015565870446152985
4,1024,215.25,0.015612578426953405
4,1024,216.25,0.015273598488420248
4,1024,217.25,0.015592594514600933
4,1024,218.25,0.015083567530382425
4,1024,219.25,0.015583614993374795
4,1024,220.25,0.015293742006178945
4,1024,221.25,0.015759057423565537
4,1024,222.25,0.015300061029847711
4,1024,223.25,0.01550067198695615
4,1024,224.25,0.015227989002596587
4,1024,225.25,0.015571494470350444
4,1024,226.25,0.015093714522663504
4,1024,227.25,0.015450439939741045
4,1024,228.25,0.015470036480110139
4,1024,229.25,0.015862547035794705
4,1024,230.25,0.015060599951539189
4,1024,231.25,0.015729973500128835
4,1024,232.25,0.015289191505871713
4,1024,233.25,0.01519629399990663
4,1024,234.25,0.015572922537103295
4,1024,235.25,0.01548041304340586
4,1024,236.25,0.015581410960294306
4,1024,237.25,0.02113784448010847
4,1024,238.25,0.009935944515746087
4,1024,239.25,0.014977717481087893
4,1024,240.25,0.015501387068070471
4,1024,241.25,0.015684947022236884
4,1024,242.25,0.015379174961708486
4,1024,243.25,0.01534513896331191
4,1024,244.25,0.015345173073001206
4,1024,245.25,0.015468554920516908
4,1024,246.25,0.015434969507623464
4,1024,247.25,0.01555856701452285
4,1024,248.25,0.015320667065680027
4,1024,249.25,0.015508509473875165
4,1024,250.25,0.015402705001179129
4,1024,251.25,0.01548047550022602
4,1024,252.25,0.015369621978607029
4,1024,253.25,0.015557038539554924
4,1024,254.25,0.01553162798518315
4,4096,5.75,0.016163339954800904
4,4096,6.75,0.016022692958358675
4,4096,7.75,0.015675902483053505
4,4096,8.75,0.01617095246911049
4,4096,9.75,0.015417286951560527
4,4096,10.75,0.016133066499605775
4,4096,11.75,0.01572566502727568
4,4096,12.75,0.015982012497261167
4,4096,13.75,0.015708094520960003
4,4096,14.75,0.015856674464885145
4,4096,15.75,0.015861338994000107
4,4096,16.75,0.015850670053623617
4,4096,17.75,0.015736552537418902
4,4096,18.75,0.015830612974241376
4,4096,19.75,0.015861319028772414
4,4096,20.75,0.015839561470784247
4,4096,21.75,0.015684229496400803
4,4096,22.75,0.016402946028392762
4,4096,23.75,0.015367871965281665
4,4096,24.75,0.016053165483754128
4,4096,25.75,0.015754949999973178
4,4096,26.75,0.015661116514820606
4,4096,27.75,0.016006950521841645
4,4096,28.75,0.01564362901262939
4,4096,29.75,0.015734758984763175
4,4096,30.75,0.015730967512354255
4,4096,31.75,0.016112572455313057
4,4096,32.75,0.01564457651693374
4,4096,33.75,0.016012163425330073
4,4096,34.75,0.015805848001036793
4,4096,35.75,0.01558316103182733
4,4096,36.75,0.016409246425610036
4,4096,37.75,0.015166158555075526
4,4096,38.75,0.015910915448330343
4,4096,39.75,0.015701071999501437
4,4096,40.75,0.01611822098493576
4,4096,41.75,0.015852098527830094
4,4096,42.75,0.015920059464406222
4,4096,43.75,0.015832211065571755
4,4096,44.75,0.016084690461866558
4,4096,45.75,0.015435327019076794
4,4096,46.75,0.01576528901932761
4,4096,47.75,0.015848173992708325
4,4096,48.75,0.01594153349287808
4,4096,49.75,0.01593737700022757
4,4096,50.75,0.015717770031187683
4,4096,51.75,0.015334471012465656
4,4096,52.75,0.016369229997508228
4,4096,53.75,0.015938991506118327
4,4096,54.75,0.01593528251396492
4,4096,55.75,0.01582443353254348
4,4096,56.75,0.015593903488479555
4,4096,57.75,0.015895813470706344
4,4096,58.75,0.015480956004466861
4,4096,59.75,0.016302995034493506
4,4096,60.75,0.015863929002080113
4,4096,61.75,0.015238138556014746
4,4096,62.75,0.01618726394372061
4,4096,63.75,0.015529194031842053
4,4096,64.75,0.01601307949749753
4,4096,65.75,0.01551228400785476
4,4096,66.75,0.0160304659511894
4,4096,67.75,0.015767173026688397
4,4096,68.75,0.015764528012368828
4,4096,69.75,0.015421880991198123
4,4096,70.75,0.016122760018333793
4,4096,71.75,0.01615482207853347
4,4096,72.75,0.01572116045281291
4,4096,73.75,0.01568588853115216
4,4096,74.75,0.015580234001390636
4,4096,75.75,0.016248958476353437
4,4096,76.75,0.015539432468358427
4,4096,77.75,0.016048517485614866
4,4096,78.75,0.01588845200603828
4,4096,79.75,0.015569014009088278
4,4096,80.75,0.015863053034991026
4,4096,81.75,0.01594041648786515
4,4096,82.75,0.015852804528549314
4,4096,83.75,0.015745365992188454
4,4096,84.75,0.015751326456665993
4,4096,85.75,0.01580231200205162
4,4096,86.75,0.015830771531909704
4,4096,87.75,0.01587616396136582
4,4096,88.75,0.015592268493492156
4,4096,89.75,0.016029177990276366
4,4096,90.75,0.01575175899779424
4,4096,91.75,0.015907792025245726
4,4096,92.75,0.015612629009410739
4,4096,93.75,0.015894129523076117
4,4096,94.75,0.015883114945609123
4,4096,95.75,0.01606046501547098
4,4096,96.75,0.015631187008693814
4,4096,97.75,0.015627528948243707
4,4096,98.75,0.01609609497245401
4,4096,99.75,0.0158644380280748
4,4096,100.75,0.015574815450236201
4,4096,101.75,0.015926966501865536
4,4096,102.75,0.016001837502699345
4,4096,103.75,0.015439757495187223
4,4096,104.75,0.016022458497900516
4,4096,105.75,0.015869080496486276
4,4096,106.75,0.016044399526435882
4,4096,107.75,0.015454811975359917
4,4096,108.75,0.01605660904897377
4,4096,109.75,0.015895402000751346
4,4096,110.75,0.015751308004837483
4,4096,111.75,0.015530874487012625
4,4096,112.75,0.01610110350884497
4,4096,113.75,0.015606925473548472
4,4096,114.75,0.01563400949817151
4,4096,115.75,0.01613862148951739
4,4096,116.75,0.015792943071573973
4,4096,117.75,0.01584483846090734
4,4096,118.75,0.01613442151574418
4,4096,119.75,0.01565889804624021
4,4096,120.75,0.015677650924772024
4,4096,121.75,0.01638147805351764
4,4096,122.75,0.015306484012398869
4,4096,123.75,0.015929385495837778
4,4096,124.75,0.01620229403488338
4,4096,125.75,0.015560121450107545
4,4096,126.75,0.015995106485206634
4,4096,127.75,0.015636572032235563
4,4096,128.75,0.015955118520651013
4,4096,129.75,0.015597522957250476
4,4096,130.75,0.016007309954147786
4,4096,131.75,0.015967289044056088
4,4096,132.75,0.01581176446052268
4,4096,133.75,0.015617000521160662
4,4096,134.75,0.015807206509634852
4,4096,135.75,0.015554142475593835
4,4096,136.75,0.01589490647893399
4,4096,137.75,0.015838975552469492
4,4096,138.75,0.01612477801973
4,4096,139.75,0.015740977425593883
4,4096,140.75,0.015785557043273002
4,4096,141.75,0.01589237293228507
4,4096,142.75,0.016389306518249214
4,4096,143.75,0.015347613487392664
4,4096,144.75,0.01552204304607585
4,4096,145.75,0.01585703797172755
4,4096,146.75,0.015864699555095285
4,4096,147.75,0.016027234436478466
4,4096,148.75,0.0155684890341945
4,4096,149.75,0.015849128481931984
4,4096,150.75,0.01596239150967449
4,4096,151.75,0.01569476001895964
4,4096,152.75,0.015816558443475515
4,4096,153.75,0.016064671508502215
4,4096,154.75,0.015696651011239737
4,4096,155.75,0.015976041555404663
4,4096,156.75,0.015764252981171012
4,4096,157.75,0.015722063020803034
4,4096,158.75,0.016388598480261862
4,4096,159.75,0.015648043539840728
4,4096,160.75,0.015556789061520249
4,4096,161.75,0.015967568499036133
4,4096,162.75,0.015595008444506675
4,4096,163.75,0.016249358013737947
4,4096,164.75,0.015987419988960028
4,4096,165.75,0.015614134026691318
4,4096,166.75,0.01631458051269874
4,4096,167.75,0.015065075014717877
4,4096,168.75,0.01590551796834916
4,4096,169.75,0.015844113542698324
4,4096,170.75,0.01615311746718362
4,4096,171.75,0.015922243474051356
4,4096,172.75,0.015566314454190433
4,4096,173.75,0.015815771534107625
4,4096,174.75,0.016747040033806115
4,4096,175.75,0.015508499462157488
4,4096,176.75,0.015529854514170438
4,4096,177.75,0.015933229005895555
4,4096,178.75,0.01582313299877569
4,4096,179.75,0.015832805016543716
4,4096,180.75,0.015377617964986712
4,4096,181.75,0.016076764499302953
4,4096,182.75,0.01602068345528096
4,4096,183.75,0.01586870598839596
4,4096,184.75,0.015737192996311933
4,4096,185.75,0.015635240473784506
4,4096,186.75,0.01588920154608786
4,4096,187.75,0.01576656592078507
4,4096,188.75,0.01630539254983887
4,4096,189.75,0.01520940801128745
4,4096,190.75,0.016010718536563218
4,4096,191.75,0.015959555050358176
4,4096,192.75,0.01563095347955823
4,4096,193.75,0.017259320011362433
4,4096,194.75,0.014670236967504025
4,4096,195.75,0.01566334196832031
4,4096,196.75,0.0159662485239096
4,4096,197.75,0.015861000458244234
4,4096,198.75,0.015557412058115005
4,4096,199.75,0.016161189472768456
4,4096,200.75,0.015664072008803487
4,4096,201.75,0.016141930012963712
4,4096,202.75,0.015551208460237831
4,4096,203.75,0.01586325600510463
4,4096,204.75,0.016048102523200214
4,4096,205.75,0.01566168898716569
4,4096,206.75,0.016123372537549585
4,4096,207.75,0.015272532007656991
4,4096,208.75,0.01577632548287511
4,4096,209.75,0.016592083498835564
4,4096,210.75,0.01605586352525279
4,4096,211.75,0.015490295947529376
4,4096,212.75,0.016038361005485058
4,4096,213.75,0.015500934037845582
4,4096,214.75,0.01576802000636235
4,4096,215.75,0.015884651453234255
4,4096,216.75,0.015761714021209627
4,4096,217.75,0.015949545544572175
4,4096,218.75,0.01565049251075834
4,4096,219.75,0.015856513928156346
4,4096,220.75,0.016211738053243607
4,4096,221.75,0.015667134954128414
4,4096,222.75,0.015896139084361494
4,4096,223.75,0.015599299920722842
4,4096,224.75,0.01574935851385817
4,4096,225.75,0.01593317254446447
4,4096,226.75,0.015805796487256885
4,4096,227.75,0.016043230483774096
4,4096,228.75,0.0160054030129686
4,4096,229.75,0.015990533458534628
4,4096,230.75,0.01572487998055294
4,4096,231.75,0.016141639498528093
4,4096,232.75,0.015065151441376656
4,4096,233.75,0.01623102551093325
4,4096,234.75,0.01572164800018072
4,4096,235.75,0.016217203461565077
4,4096,236.75,0.015401309065055102
4,4096,237.75,0.01591674447990954
4,4096,238.75,0.015870704082772136
4,4096,239.75,0.016129952971823514
4,4096,240.75,0.0156061154557392
4,4096,241.75,0.016067971533630043
4,4096,242.75,0.015802541049197316
4,4096,243.75,0.015800627938006073
4,4096,244.75,0.015725378994829953
4,4096,245.75,0.015986529528163373
4,4096,246.75,0.015811978024430573
4,4096,247.75,0.016008033941034228
4,4096,248.75,0.01574635598808527
4,4096,249.75,0.015382345532998443
4,4096,250.75,0.01583910151384771
4,4096,251.75,0.016210927511565387
4,4096,252.75,0.015712231979705393
4,4096,253.75,0.016020033042877913
4,6144,6.5,0.0160260820412077
4,6144,7.5,0.016050992533564568
4,6144,8.5,0.016296180489007384
4,6144,9.5,0.01608673296868801
4,6144,10.5,0.016436232486739755
4,6144,11.5,0.015923781495075673
4,6144,12.5,0.016057816974353045
4,6144,13.5,0.016142056556418538
4,6144,14.5,0.015703746990766376
4,6144,15.5,0.016331983963027596
4,6144,16.5,0.01653836149489507
4,6144,17.5,0.015462807496078312
4,6144,18.5,0.016399532498326153
4,6144,19.5,0.016020620008930564
4,6144,20.5,0.01601361099164933
4,6144,21.5,0.015951700042933226
4,6144,22.5,0.016106010472867638
4,6144,23.5,0.0160473600262776
4,6144,24.5,0.01615359098650515
4,6144,25.5,0.016041685012169182
4,6144,26.5,0.01594324252801016
4,6144,27.5,0.015961983997840434
4,6144,28.5,0.016121951513923705
4,6144,29.5,0.016092982492409647
4,6144,30.5,0.015894622541964054
4,6144,31.5,0.016091190453153104
4,6144,32.5,0.01631991600152105
4,6144,33.5,0.015771833481267095
4,6144,34.5,0.016099874512292445
4,6144,35.5,0.01631803048076108
4,6144,36.5,0.0162932260427624
4,6144,37.5,0.015802108973730356
4,6144,38.5,0.016191370028536767
4,6144,39.5,0.015660158009268343
4,6144,40.5,0.016562636010348797
4,6144,41.5,0.01611900597345084
4,6144,42.5,0.015562394459266216
4,6144,43.5,0.015976344468072057
4,6144,44.5,0.01621226849965751
4,6144,45.5,0.016058177512604743
4,6144,46.5,0.01612754655070603
4,6144,47.5,0.01612796843983233
4,6144,48.5,0.015950356551911682
4,6144,49.5,0.016334343003109097
4,6144,50.5,0.01619324047351256
4,6144,51.5,0.015633790520951152
4,6144,52.5,0.016023238480556756
4,6144,53.5,0.016086483956314623
4,6144,54.5,0.016030132537707686
4,6144,55.5,0.016431667958386242
4,6144,56.5,0.01575655851047486
4,6144,57.5,0.016125681926496327
4,6144,58.5,0.015826568007469177
4,6144,59.5,0.016207107983063906
4,6144,60.5,0.016124641057103872
4,6144,61.5,0.016388395975809544
4,6144,62.5,0.015933874994516373
4,6144,63.5,0.01608131401007995
4,6144,64.5,0.01593500899616629
4,6144,65.5,0.015816424041986465
4,6144,66.5,0.016028398007620126
4,6144,67.5,0.01677246199687943
4,6144,68.5,0.015939736971631646
4,6144,69.5,0.01563823304604739
4,6144,70.5,0.016573920962400734
4,6144,71.5,0.01562730100704357
4,6144,72.5,0.01665427553234622
4,6144,73.5,0.01584489591186866
4,6144,74.5,0.01582761708414182
4,6144,75.5,0.016155500954482704
4,6144,76.5,0.01611692295409739
4,6144,77.5,0.015571017458569258
4,6144,78.5,0.016587602091021836
4,6144,79.5,0.01577071094652638
4,6144,80.5,0.016327836026903242
4,6144,81.5,0.01590021251467988
4,6144,82.5,0.016164166503585875
4,6144,83.5,0.016040435002651066
4,6144,84.5,0.01626071851933375
4,6144,85.5,0.015994418994523585
4,6144,86.5,0.01590375497471541
4,6144,87.5,0.01621811097720638
4,6144,88.5,0.015780549496412277
4,6144,89.5,0.01603106502443552
4,6144,90.5,0.016192445473279804
4,6144,91.5,0.016318536479957402
4,6144,92.5,0.01596483599860221
4,6144,93.5,0.015964649501256645
4,6144,94.5,0.015959975484292954
4,6144,95.5,0.016271691012661904
4,6144,96.5,0.01563921949127689
4,6144,97.5,0.01658730546478182
4,6144,98.5,0.01554933749139309
4,6144,99.5,0.01644668000517413
4,6144,100.5,0.015820680535398424
4,6144,101.5,0.016079743509180844
4,6144,102.5,0.015816992439795285
4,6144,103.5,0.01675460604019463
4,6144,104.5,0.01576555852079764
4,6144,105.5,0.015925002051517367
4,6144,106.5,0.015997235488612205
4,6144,107.5,0.01619178050896153
4,6144,108.5,0.015901452978141606
4,6144,109.5,0.016046533011831343
4,6144,110.5,0.016150881943758577
4,6144,111.5,0.015954743488691747
4,6144,112.5,0.016154030978213996
4,6144,113.5,0.01602362300036475
4,6144,114.5,0.016137223516125232
4,6144,115.5,0.015819279477000237
4,6144,116.5,0.01607321749906987
4,6144,117.5,0.016261827491689473
4,6144,118.5,0.015881375526078045
4,6144,119.5,0.01624196150805801
4,6144,120.5,0.01615931751439348
4,6144,121.5,0.0158095890074037
4,6144,122.5,0.016248357540462166
4,6144,123.5,0.015906827989965677
4,6144,124.5,0.01641128899063915
4,6144,125.5,0.015924538485705853
4,6144,126.5,0.01604632003000006
4,6144,127.5,0.01602584950160235
4,6144,128.5,0.016111619013827294
4,6144,129.5,0.01592000899836421
4,6144,130.5,0.016117007529828697
4,6144,131.5,0.01601263548946008
4,6144,132.5,0.01648726750863716
4,6144,133.5,0.0159561104956083
4,6144,134.5,0.01595372799783945
4,6144,135.5,0.01603259996045381
4,6144,136.5,0.016070895013399422
4,6144,137.5,0.01628096296917647
4,6144,138.5,0.01584097952581942
4,6144,139.5,0.016097422514576465
4,6144,140.5,0.015895536984317005
4,6144,141.5,0.016202150960452855
4,6144,142.5,0.015911925060208887
4,6144,143.5,0.01646001695189625
4,6144,144.5,0.015835817030165344
4,6144,145.5,0.016283510020002723
4,6144,146.5,0.01576195750385523
4,6144,147.5,0.016438455553725362
4,6144,148.5,0.01581710297614336
4,6144,149.5,0.016353174520190805
4,6144,150.5,0.015764791460242122
4,6144,151.5,0.01617443998111412
4,6144,152.5,0.01627840200671926
4,6144,153.5,0.01590683654649183
4,6144,154.5,0.015997282462194562
4,6144,155.5,0.015940769982989877
4,6144,156.5,0.016084537492133677
4,6144,157.5,0.016223243495915085
4,6144,158.5,0.01638195343548432
4,6144,159.5,0.01563960697967559
4,6144,160.5,0.01625782100018114
4,6144,161.5,0.015995988505892456
4,6144,162.5,0.0161017679492943
4,6144,163.5,0.015869703085627407
4,6144,164.5,0.016253212932497263
4,6144,165.5,0.015902052517049015
4,6144,166.5,0.016179918020498008
4,6144,167.5,0.016334214014932513
4,6144,168.5,0.015718411013949662
4,6144,169.5,0.01596784999128431
4,6144,170.5,0.016509889508597553
4,6144,171.5,0.0161154119996354
4,6144,172.5,0.01640991197200492
4,6144,173.5,0.015339915989898145
4,6144,174.5,0.016727143025491387
4,6144,175.5,0.015710501465946436
4,6144,176.5,0.016137954546138644
4,6144,177.5,0.016135072510223836
4,6144,178.5,0.016058688517659903
4,6144,179.5,0.015694294474087656
4,6144,180.5,0.016755672986619174
4,6144,181.5,0.016058557492215186
4,6144,182.5,0.015623311512172222
4,6144,183.5,0.016211697016842663
4,6144,184.5,0.015816272527445108
4,6144,185.5,0.015980227501131594
4,6144,186.5,0.016483027022331953
4,6144,187.5,0.016252333007287234
4,6144,188.5,0.015517760533839464
4,6144,189.5,0.016561920463573188
4,6144,190.5,0.015844552486669272
4,6144,191.5,0.01610796805471182
4,6144,192.5,0.015871336974669248
4,6144,193.5,0.016202151484321803
4,6144,194.5,0.01596887147752568
4,6144,195.5,0.016267012455500662
4,6144,196.5,0.01651365344878286
4,6144,197.5,0.015717302507255226
4,6144,198.5,0.015674682043027133
4,6144,199.5,0.016403885034378618
4,6144,200.5,0.015999127470422536
4,6144,201.5,0.01638912153430283
4,6144,202.5,0.015919828438200057
4,6144,203.5,0.015862264554016292
4,6144,204.5,0.016054081497713923
4,6144,205.5,0.01666073000524193
4,6144,206.5,0.015751570463180542
4,6144,207.5,0.01577128004282713
4,6144,208.5,0.016445546061731875
4,6144,209.5,0.015656068979296833
4,6144,210.5,0.016250558954197913
4,6144,211.5,0.01617480255663395
4,6144,212.5,0.015929551445879042
4,6144,213.5,0.01592167204944417
4,6144,214.5,0.016446640016511083
4,6144,215.5,0.016133442986756563
4,6144,216.5,0.016114193538669497
4,6144,217.5,0.015524529968388379
4,6144,218.5,0.016201774997171015
4,6144,219.5,0.016046719043515623
4,6144,220.5,0.01593542902264744
4,6144,221.5,0.016187158995307982
4,6144,222.5,0.016063178540207446
4,6144,223.5,0.01610531593905762
4,6144,224.5,0.016426951973699033
4,6144,225.5,0.01604194997344166
4,6144,226.5,0.01573500403901562
4,6144,227.5,0.016255984490271658
4,6144,228.5,0.015859192004427314
4,6144,229.5,0.01607739203609526
4,6144,230.5,0.01662118051899597
4,6144,231.5,0.015612991992384195
4,6144,232.5,0.0159763689734973
4,6144,233.5,0.01608396298252046
4,6144,234.5,0.015981107018887997
4,6144,235.5,0.01634484250098467
4,6144,236.5,0.015999917464796454
4,6144,237.5,0.016423906025011092
4,6144,238.5,0.015845826943404973
4,6144,239.5,0.016148292052093893
4,6144,240.5,0.016069796518422663
4,6144,241.5,0.01616622495930642
4,6144,242.5,0.015621457016095519
4,6144,243.5,0.01623018446844071
4,6144,244.5,0.017389889515470713
4,6144,245.5,0.015036001976113766
4,6144,246.5,0.015913233917672187
4,6144,247.5,0.01607676752610132
4,6144,248.5,0.016285652527585626
4,6144,249.5,0.0161020050290972
4,6144,250.5,0.015625549480319023
4,6144,251.5,0.016085575975012034
4,6144,252.5,0.01660553552210331
8,64,5.25,0.014928462042007595
8,64,6.25,0.015463479969184846
8,64,7.25,0.01525151199894026
8,64,8.25,0.015330298978369683
8,64,9.25,0.01538496755529195
8,64,10.25,0.015113888483028859
8,64,11.25,0.015318256453610957
8,64,12.25,0.015790336532518268
8,64,13.25,0.015059330500662327
8,64,14.25,0.01559145504143089
8,64,15.25,0.014798177522607148
8,64,16.25,0.015384975471533835
8,64,17.25,0.015144114557188004
8,64,18.25,0.015580688021145761
8,64,19.25,0.014885423064697534
8,64,20.25,0.015580974461045116
8,64,21.25,0.014883635041769594
8,64,22.25,0.015296484460122883
8,64,23.25,0.015432677522767335
8,64,24.25,0.01508526800898835
8,64,25.25,0.01527996693039313
8,64,26.25,0.01571554847760126
8,64,27.25,0.015078014985192567
8,64,28.25,0.015284292516298592
8,64,29.25,0.014900575508363545
8,64,30.25,0.015295215009246022
8,64,31.25,0.015540000982582569
8,64,32.25,0.015091157518327236
8,64,33.25,0.015362053469289094
8,64,34.25,0.01518048852449283
8,64,35.25,0.015022591513115913
8,64,36.25,0.015057665994390845
8,64,37.25,0.01525828952435404
8,64,38.25,0.015572317992337048
8,64,39.25,0.015391660970635712
8,64,40.25,0.015203342016320676
8,64,41.25,0.015290864510461688
8,64,42.25,0.015192976978141814
8,64,43.25,0.015029535454232246
8,64,44.25,0.01556731597520411
8,64,45.25,0.015142599935643375
8,64,46.25,0.015413174463901669
8,64,47.25,0.015364879567641765
8,64,48.25,0.014879108523018658
8,64,49.25,0.015099472424481064
8,64,50.25,0.015742544550448656
8,64,51.25,0.014945991453714669
8,64,52.25,0.01517151400912553
8,64,53.25,0.01535261154640466
8,64,54.25,0.015122549026273191
8,64,55.25,0.015160923532675952
8,64,56.25,0.015297979523893446
8,64,57.25,0.015182506525889039
8,64,58.25,0.015572567004710436
8,64,59.25,0.0148667759494856
8,64,60.25,0.015585231070872396
8,64,61.25,0.014976139005739242
8,64,62.25,0.015517146443016827
8,64,63.25,0.015140070579946041
8,64,64.25,0.015376149967778474
8,64,65.25,0.015116206428501755
8,64,66.25,0.015738155983854085
8,64,67.25,0.01496573502663523
8,64,68.25,0.015135949477553368
8,64,69.25,0.015536433493252844
8,64,70.25,0.015566851536277682
8,64,71.25,0.014934662962332368
8,64,72.25,0.01554351847153157
8,64,73.25,0.015131116553675383
8,64,74.25,0.015595862991176546
8,64,75.25,0.015442844480276108
8,64,76.25,0.014814196561928838
8,64,77.25,0.015609271940775216
8,64,78.25,0.01530605397420004
8,64,79.25,0.015469287463929504
8,64,80.25,0.01541681052185595
8,64,81.25,0.015151428524404764
8,64,82.25,0.01516155549325049
8,64,83.25,0.01562710799043998
8,64,84.25,0.015271165466401726
8,64,85.25,0.015268851479049772
8,64,86.25,0.01542587549192831
8,64,87.25,0.015452035528142005
8,64,88.25,0.014817377494182438
8,64,89.25,0.015352393966168165
8,64,90.25,0.015750592981930822
8,64,91.25,0.01528833550401032
8,64,92.25,0.015187459532171488
8,64,93.25,0.015413732442539185
8,64,94.25,0.015100526507012546
8,64,95.25,0.015496718464419246
8,64,96.25,0.015634966490324587
8,64,97.25,0.014935927989427
8,64,98.25,0.01553732855245471
8,64,99.25,0.015485302486922592
8,64,100.25,0.015282230509910733
8,64,101.25,0.014740840066224337
8,64,102.25,0.015562633518129587
8,64,103.25,0.015575337049085647
8,64,104.25,0.015659895492717624
8,64,105.25,0.01490915595786646
8,64,106.25,0.015522656496614218
8,64,107.25,0.015367145941127092
8,64,108.25,0.014969810494221747
8,64,109.25,0.015184383490122855
8,64,110.25,0.015551808581221849
8,64,111.25,0.015265765483491123
8,64,112.25,0.0154967664857395
8,64,113.25,0.01528533804230392
8,64,114.25,0.0152916184742935
8,64,115.25,0.015250971540808678
8,64,116.25,0.015573287033475935
8,64,117.25,0.015219569962937385
8,64,118.25,0.015289172006305307
8,64,119.25,0.015369430999271572
8,64,120.25,0.015276662481483072
8,64,121.25,0.015401982527691871
8,64,122.25,0.014944960013963282
8,64,123.25,0.015880033490248024
8,64,124.25,0.015028185036499053
8,64,125.25,0.015587634523399174
8,64,126.25,0.015472786501049995
8,64,127.25,0.014845787023659796
8,64,128.25,0.015363729500677437
8,64,129.25,0.015516861516516656
8,64,130.25,0.015187648998107761
8,64,131.25,0.015452803520020097
8,64,132.25,0.015233646496199071
8,64,133.25,0.015386456507258117
8,64,134.25,0.014955115446355194
8,64,135.25,0.015288673050235957
8,64,136.25,0.015494857041630894
8,64,137.25,0.015431051491759717
8,64,138.25,0.015374879469163716
8,64,139.25,0.015188716002739966
8,64,140.25,0.01562016102252528
8,64,141.25,0.015278437524102628
8,64,142.25,0.01490264298627153
8,64,143.25,0.015600536949932575
8,64,144.25,0.015432537475135177
8,64,145.25,0.015320014499593526
8,64,146.25,0.015589001995977014
8,64,147.25,0.014962924469728023
8,64,148.25,0.015132912551052868
8,64,149.25,0.015688308456446975
8,64,150.25,0.015188267978373915
8,64,151.25,0.015490944555494934
8,64,152.25,0.015281597501598299
8,64,153.25,0.015244069451000541
8,64,154.25,0.015508634503930807
8,64,155.25,0.014853648550342768
8,64,156.25,0.015619197918567806
8,64,157.25,0.01532392401713878
8,64,158.25,0.015737210982479155
8,64,159.25,0.01520650100428611
8,64,160.25,0.020771971030626446
8,64,161.25,0.021463413489982486
8,64,162.25,0.023598945001140237
8,64,163.25,0.011041915509849787
8,64,164.25,0.009422094968613237
8,64,165.25,0.015093315509147942
8,64,166.25,0.014965916983783245
8,64,167.25,0.015224108006805182
8,64,168.25,0.015419876959640533
8,64,169.25,0.015560927451588213
8,64,170.25,0.015155619010329247
8,64,171.25,0.015291185001842678
8,64,172.25,0.01532807550393045
8,64,173.25,0.01520681253168732
8,64,174.25,0.015396884467918426
8,64,175.25,0.015479278983548284
8,64,176.25,0.01515969802858308
8,64,177.25,0.015295716468244791
8,64,178.25,0.015478913497645408
8,64,179.25,0.015273830504156649
8,64,180.25,0.015517765481490642
8,64,181.25,0.015292921510990709
8,64,182.25,0.015135464491322637
8,64,183.25,0.015139958471991122
8,64,184.25,0.015744327509310097
8,64,185.25,0.015090312983375043
8,64,186.25,0.015351659036241472
8,64,187.25,0.015127707505598664
8,64,188.25,0.015438539965543896
8,64,189.25,0.015372546506114304
8,64,190.25,0.01558939553797245
8,64,191.25,0.01576610648771748
8,64,192.25,0.01502885454101488
8,64,193.25,0.015023941989056766
8,64,194.25,0.015323962492402643
8,64,195.25,0.015401573502458632
8,64,196.25,0.01541229704162106
8,64,197.25,0.015376969473436475
8,64,198.25,0.015176488494034857
8,64,199.25,0.015677051967941225
8,64,200.25,0.015013520023785532
8,64,201.25,0.015460743976291269
8,64,202.25,0.01524482003878802
8,64,203.25,0.0156577235320583
8,64,204.25,0.015343499486334622
8,64,205.25,0.01513391500338912
8,64,206.25,0.015425892022904009
8,64,207.25,0.015126374433748424
8,64,208.25,0.015694758505560458
8,64,209.25,0.015236977953463793
8,64,210.25,0.015518679516389966
8,64,211.25,0.01516926201293245
8,64,212.25,0.015571657568216324
8,64,213.25,0.015344822953920811
8,64,214.25,0.014983937027864158
8,64,215.25,0.015349633991718292
8,64,216.25,0.0156812344212085
8,64,217.25,0.015392938512377441
8,64,218.25,0.015567632450256497
8,64,219.25,0.014824792509898543
8,64,220.25,0.015305950946640223
8,64,221.25,0.015643515973351896
8,64,222.25,0.015206739481072873
8,64,223.25,0.015715970483142883
8,64,224.25,0.01562564302003011
8,64,225.25,0.015257268503773957
8,64,226.25,0.01501789694884792
8,64,227.25,0.015139760507736355
8,64,228.25,0.015724110999144614
8,64,229.25,0.01524085394339636
8,64,230.25,0.015375691058579832
8,64,231.25,0.015278354927431792
8,64,232.25,0.015191379003226757
8,64,233.25,0.01518021646188572
8,64,234.25,0.01573463500244543
8,64,235.25,0.014938820444513112
8,64,236.25,0.015673462476115674
8,64,237.25,0.015366595529485494
8,64,238.25,0.015211674966849387
8,64,239.25,0.01554367900826037
8,64,240.25,0.01510754250921309
8,64,241.25,0.015403321536723524
8,64,242.25,0.015556773520074785
8,64,243.25,0.015472807514015585
8,64,244.25,0.015069165034219623
8,64,245.25,0.015415214467793703
8,64,246.25,0.015319104073569179
8,64,247.25,0.015336033538915217
8,64,248.25,0.015225146489683539
8,64,249.25,0.015606874017976224
8,64,250.25,0.015295817924197763
8,64,251.25,0.015216488507576287
8,64,252.25,0.015067734057083726
8,64,253.25,0.01608529343502596
8,256,5.5,0.015720707015134394
8,256,6.5,0.015297108504455537
8,256,7.5,0.015311582013964653
8,256,8.5,0.015528768475633115
8,256,9.5,0.01556755747878924
8,256,10.5,0.015237717016134411
8,256,11.5,0.015354026982095093
8,256,12.5,0.01535621500806883
8,256,13.5,0.015484942530747503
8,256,14.5,0.015309119480662048
8,256,15.5,0.015592134033795446
8,256,16.5,0.01532447402132675
8,256,17.5,0.015249581541866064
8,256,18.5,0.015729246544651687
8,256,19.5,0.01531113451346755
8,256,20.5,0.015067594009451568
8,256,21.5,0.01521251245867461
8,256,22.5,0.015564695524517447
8,256,23.5,0.015366136969532818
8,256,24.5,0.015295686956960708
8,256,25.5,0.015473910490982234
8,256,26.5,0.01547557400772348
8,256,27.5,0.015275729005225003
8,256,28.5,0.015601671999320388
8,256,29.5,0.015002638509031385
8,256,30.5,0.015471950056962669
8,256,31.5,0.015308980480767787
8,256,32.5,0.015033306437544525
8,256,33.5,0.015424125536810607
8,256,34.5,0.015274957055225968
8,256,35.5,0.015724466531537473
8,256,36.5,0.014938944485038519
8,256,37.5,0.015513788966927677
8,256,38.5,0.015125926991458982
8,256,39.5,0.015710120555013418
8,256,40.5,0.014973381999880075
8,256,41.5,0.01558925147401169
8,256,42.5,0.015181714959908277
8,256,43.5,0.015396406524814665
8,256,44.5,0.01559146452927962
8,256,45.5,0.015135844005271792
8,256,46.5,0.015420956944581121
8,256,47.5,0.015473391045816243
8,256,48.5,0.015201626520138234
8,256,49.5,0.015407939965371042
8,256,50.5,0.015353567025158554
8,256,51.5,0.015553610923234373
8,256,52.5,0.015199858520645648
8,256,53.5,0.0149739149492234
8,256,54.5,0.01571264903759584
8,256,55.5,0.015258594998158514
8,256,56.5,0.015541795524768531
8,256,57.5,0.015241251501720399
8,256,58.5,0.015480451518669724
8,256,59.5,0.015088055981323123
8,256,60.5,0.015246691997162998
8,256,61.5,0.015479919500648975
8,256,62.5,0.015621766971889883
8,256,63.5,0.015309157490264624
8,256,64.5,0.015480840462259948
8,256,65.5,0.014939399028662592
8,256,66.5,0.015334628522396088
8,256,67.5,0.015947277017403394
8,256,68.5,0.014981354004703462
8,256,69.5,0.015357506519649178
8,256,70.5,0.015541209024377167
8,256,71.5,0.015302331477869302
8,256,72.5,0.01525193004636094
8,256,73.5,0.01520161802181974
8,256,74.5,0.015592968964483589
8,256,75.5,0.015281481493730098
8,256,76.5,0.015426418511196971
8,256,77.5,0.015215466439258307
8,256,78.5,0.015372131485491991
8,256,79.5,0.015378358075395226
8,256,80.5,0.01561376400059089
8,256,81.5,0.015403978992253542
8,256,82.5,0.015036255994345993
8,256,83.5,0.015456351975444704
8,256,84.5,0.01504349592141807
8,256,85.5,0.015589753980748355
8,256,86.5,0.014964930538553745
8,256,87.5,0.015809334465302527
8,256,88.5,0.015401976532302797
8,256,89.5,0.015421336982399225
8,256,90.5,0.014947609975934029
8,256,91.5,0.015731701510958374
8,256,92.5,0.015212711005005985
8,256,93.5,0.015061355545185506
8,256,94.5,0.015551552933175117
8,256,95.5,0.01575194048928097
8,256,96.5,0.014910296944435686
8,256,97.5,0.015361350902821869
8,256,98.5,0.015091474517248571
8,256,99.5,0.015354057482909411
8,256,100.5,0.016181092069018632
8,256,101.5,0.014794847986195236
8,256,102.5,0.015117653529159725
8,256,103.5,0.015589622431434691
8,256,104.5,0.01510193053400144
8,256,105.5,0.015369284490589052
8,256,106.5,0.015133443986997008
8,256,107.5,0.01586168905487284
8,256,108.5,0.015192415507044643
8,256,109.5,0.015418149996548891
8,256,110.5,0.015675717499107122
8,256,111.5,0.014747913053724915
8,256,112.5,0.015209391945973039
8,256,113.5,0.01585164648713544
8,256,114.5,0.015208144031930715
8,256,115.5,0.015195683983620256
8,256,116.5,0.015700651973020285
8,256,117.5,0.015143907570745796
8,256,118.5,0.015339307021349669
8,256,119.5,0.015033814997877926
8,256,120.5,0.015919254045002162
8,256,121.5,0.015477250970434397
8,256,122.5,0.015009888506028801
8,256,123.5,0.0150059160660021
8,256,124.5,0.015575316036120057
8,256,125.5,0.015082269499544054
8,256,126.5,0.01572031795512885
8,256,127.5,0.015383129997644573
8,256,128.5,0.015343031496740878
8,256,129.5,0.015319489466492087
8,256,130.5,0.01540895749349147
8,256,131.5,0.015159495000261813
8,256,132.5,0.015433192485943437
8,256,133.5,0.01570144551806152
8,256,134.5,0.015120077994652092
8,256,135.5,0.01522587047656998
8,256,136.5,0.01530742400791496
8,256,137.5,0.015354556089732796
8,256,138.5,0.01522037002723664
8,256,139.5,0.015812659461516887
8,256,140.5,0.015616909076925367
8,256,141.5,0.015373651986010373
8,256,142.5,0.015588010486681014
8,256,143.5,0.014625182026065886
8,256,144.5,0.015214948041830212
8,256,145.5,0.015281849482562393
8,256,146.5,0.016270425461698323
8,256,147.5,0.015251504024490714
8,256,148.5,0.014794414979405701
8,256,149.5,0.015796072024386376
8,256,150.5,0.01570988050661981
8,256,151.5,0.014465412474237382
8,256,152.5,0.015473588020540774
8,256,153.5,0.015925804967992008
8,256,154.5,0.01544706552522257
8,256,155.5,0.015019348997157067
8,256,156.5,0.01516398397507146
8,256,157.5,0.01543577847769484
8,256,158.5,0.015148889448028058
8,256,159.5,0.015925492567475885
8,256,160.5,0.015688874991610646
8,256,161.5,0.014769063564017415
8,256,162.5,0.01510976196732372
8,256,163.5,0.015374538488686085
8,256,164.5,0.015426872938405722
8,256,165.5,0.015323937055654824
8,256,166.5,0.015772721963003278
8,256,167.5,0.015863892040215433
8,256,168.5,0.014435350487474352
8,256,169.5,0.015324179490562528
8,256,170.5,0.015874568023718894
8,256,171.5,0.015023659449070692
8,256,172.5,0.015225381532218307
8,256,173.5,0.015805002010893077
8,256,174.5,0.01511117402696982
8,256,175.5,0.015544842521194369
8,256,176.5,0.015049432520754635
8,256,177.5,0.0155408899881877
8,256,178.5,0.01530236896360293
8,256,179.5,0.015380612458102405
8,256,180.5,0.015135347028262913
8,256,181.5,0.015834018005989492
8,256,182.5,0.01534766994882375
8,256,183.5,0.015437354042660445
8,256,184.5,0.01489541499176994
8,256,185.5,0.01566085044760257
8,256,186.5,0.01567198900738731
8,256,187.5,0.015430957020726055
8,256,188.5,0.015100436517968774
8,256,189.5,0.015495804487727582
8,256,190.5,0.014878332032822073
8,256,191.5,0.015448760008439422
8,256,192.5,0.016026893514208496
8,256,193.5,0.015172154002357274
8,256,194.5,0.014943721471354365
8,256,195.5,0.01502552698366344
8,256,196.5,0.015822405519429594
8,256,197.5,0.015354954521171749
8,256,198.5,0.0151231384370476
8,256,199.5,0.015871114504989237
8,256,200.5,0.01582009345293045
8,256,201.5,0.014625779469497502
8,256,202.5,0.015444390999618918
8,256,203.5,0.015192322025541216
8,256,204.5,0.015321622020564973
8,256,205.5,0.015584737004246563
8,256,206.5,0.015366187028121203
8,256,207.5,0.015155538567341864
8,256,208.5,0.01582403847714886
8,256,209.5,0.015070367488078773
8,256,210.5,0.015249550517182797
8,256,211.5,0.015594871540088207
8,256,212.5,0.015702684002462775
8,256,213.5,0.015706182981375605
8,256,214.5,0.014969611540436745
8,256,215.5,0.015046297980006784
8,256,216.5,0.015347419015597552
8,256,217.5,0.015226425020955503
8,256,218.5,0.01538638345664367
8,256,219.5,0.015517803025431931
8,256,220.5,0.0151892330031842
8,256,221.5,0.015137012989725918
8,256,222.5,0.015713836008217186
8,256,223.5,0.014966579503379762
8,256,224.5,0.01548586948774755
8,256,225.5,0.01583323598606512
8,256,226.5,0.015295852033887058
8,256,227.5,0.015141818963456899
8,256,228.5,0.015282984008081257
8,256,229.5,0.015845584508497268
8,256,230.5,0.015205147035885602
8,256,231.5,0.01533931348240003
8,256,232.5,0.015277544502168894
8,256,233.5,0.015427377540618181
8,256,234.5,0.015154941473156214
8,256,235.5,0.015985560952685773
8,256,236.5,0.014840583549812436
8,256,237.5,0.015185708471108228
8,256,238.5,0.01576347800437361
8,256,239.5,0.015409536485094577
8,256,240.5,0.015543196466751397
8,256,241.5,0.01487953047035262
8,256,242.5,0.015565635985694826
8,256,243.5,0.01556092599639669
8,256,244.5,0.015132632513996214
8,256,245.5,0.015093052468728274
8,256,246.5,0.015528534015174955
8,256,247.5,0.015159085509367287
8,256,248.5,0.01552282547345385
8,256,249.5,0.01535703003173694
8,256,250.5,0.01563510950654745
8,256,251.5,0.01567937299842015
8,256,252.5,0.01499135949416086
8,256,253.5,0.016376409970689565
8,1024,5.375,0.01562937902053818
8,1024,6.375,0.01594804198248312
8,1024,7.375,0.015207011019811034
8,1024,8.375,0.015566226444207132
8,1024,9.375,0.015407421567942947
8,1024,10.375,0.015983971999958158
8,1024,11.375,0.015145433484576643
8,1024,12.375,0.015813013480510563
8,1024,13.375,0.01544448349159211
8,1024,14.375,0.015460173483006656
8,1024,15.375,0.015888763417024165
8,1024,16.375,0.015103800513315946
8,1024,17.375,0.01570535101927817
8,1024,18.375,0.015421767020598054
8,1024,19.375,0.015497195010539144
8,1024,20.375,0.01579908304847777
8,1024,21.375,0.015367393498308957
8,1024,22.375,0.015571628522593528
8,1024,23.375,0.015720288967713714
8,1024,24.375,0.015183754963800311
8,1024,25.375,0.015785184456035495
8,1024,26.375,0.015326887543778867
8,1024,27.375,0.015526311006397009
8,1024,28.375,0.015745012497063726
8,1024,29.375,0.015725439006928355
8,1024,30.375,0.015158275433350354
8,1024,31.375,0.01577013055793941
8,1024,32.375,0.015540038468316197
8,1024,33.375,0.015460401482414454
8,1024,34.375,0.015334859432186931
8,1024,35.375,0.015624731953721493
8,1024,36.375,0.015495591971557587
8,1024,37.375,0.01542172348126769
8,1024,38.375,0.01572366349864751
8,1024,39.375,0.01542797894217074
8,1024,40.375,0.01547550648683682
8,1024,41.375,0.015382968471385539
8,1024,42.375,0.015871062991209328
8,1024,43.375,0.015205650532152504
8,1024,44.375,0.015813947946298867
8,1024,45.375,0.015217470994684845
8,1024,46.375,0.015533627476543188
8,1024,47.375,0.015302321000490338
8,1024,48.375,0.015846040507312864
8,1024,49.375,0.015358978533186018
8,1024,50.375,0.015583473956212401
8,1024,51.375,0.015670843538828194
8,1024,52.375,0.015482846007216722
8,1024,53.375,0.015506159979850054
8,1024,54.375,0.015320295526180416
8,1024,55.375,0.015776911459397525
8,1024,56.375,0.015336475044023246
8,1024,57.375,0.015883299463894218
8,1024,58.375,0.015295426535885781
8,1024,59.375,0.015636982570867985
8,1024,60.375,0.015181182941887528
8,1024,61.375,0.015728839032817632
8,1024,62.375,0.015439623035490513
8,1024,63.375,0.015811258053872734
8,1024,64.375,0.015640773519407958
8,1024,65.375,0.015063256956636906
8,1024,66.375,0.015500203997362405
8,1024,67.375,0.015444352990016341
8,1024,68.375,0.01603373303078115
8,1024,69.375,0.01535099494503811
8,1024,70.375,0.015396545000839978
8,1024,71.375,0.01569555001333356
8,1024,72.375,0.015520186512731016
8,1024,73.375,0.015186654985882342
8,1024,74.375,0.01565465598832816
8,1024,75.375,0.01582388102542609
8,1024,76.375,0.015234734048135579
8,1024,77.375,0.01568105403566733
8,1024,78.375,0.015228983480483294
8,1024,79.375,0.015758756489958614
8,1024,80.375,0.015395878464914858
8,1024,81.375,0.01583186350762844
8,1024,82.375,0.015470727463252842
8,1024,83.375,0.015302135492675006
8,1024,84.375,0.015520645480137318
8,1024,85.375,0.015749171026982367
8,1024,86.375,0.015189423924311996
8,1024,87.375,0.015424018551129848
8,1024,88.375,0.015850454510655254
8,1024,89.375,0.015504097566008568
8,1024,90.375,0.015546022972557694
8,1024,91.375,0.015439003007486463
8,1024,92.375,0.01566420600283891
8,1024,93.375,0.01543096691602841
8,1024,94.375,0.0156331155449152
8,1024,95.375,0.015120022464543581
8,1024,96.375,0.01587594550801441
8,1024,97.375,0.015432888467330486
8,1024,98.375,0.015475326508749276
8,1024,99.375,0.015257963968906552
8,1024,100.375,0.015961547498591244
8,1024,101.375,0.015386754414066672
8,1024,102.375,0.015707081533037126
8,1024,103.375,0.015237492974847555
8,1024,104.375,0.01577411696780473
8,1024,105.375,0.015590089024044573
8,1024,106.375,0.01559039152925834
8,1024,107.375,0.015526047500316054
8,1024,108.375,0.015148570004384965
8,1024,109.375,0.01571162248728797
8,1024,110.375,0.015521984954830259
8,1024,111.375,0.01517726544989273
8,1024,112.375,0.01550099451560527
8,1024,113.375,0.015941317018587142
8,1024,114.375,0.015253264456987381
8,1024,115.375,0.015416016452945769
8,1024,116.375,0.015547530550975353
8,1024,117.375,0.01575680944370106
8,1024,118.375,0.015550149022601545
8,1024,119.375,0.015537849511019886
8,1024,120.375,0.01557549403514713
8,1024,121.375,0.015393264533486217
8,1024,122.375,0.015731327468529344
8,1024,123.375,0.0155957224778831
8,1024,124.375,0.015491590544115752
8,1024,125.375,0.01526138506596908
8,1024,126.375,0.015740763454232365
8,1024,127.375,0.015546513546723872
8,1024,128.375,0.01564980746479705
8,1024,129.375,0.01520723948488012
8,1024,130.375,0.015499460510909557
8,1024,131.375,0.015312201459892094
8,1024,132.375,0.015921210986562073
8,1024,133.375,0.015285479021258652
8,1024,134.375,0.01577217149315402
8,1024,135.375,0.015416332986205816
8,1024,136.375,0.015715584973804653
8,1024,137.375,0.015621298516634852
8,1024,138.375,0.015159979986492544
8,1024,139.375,0.01586147549096495
8,1024,140.375,0.015525200520642102
8,1024,141.375,0.01542188652092591
8,1024,142.375,0.015347309468779713
8,1024,143.375,0.015799973509274423
8,1024,144.375,0.015217251027934253
8,1024,145.375,0.015967248007655144
8,1024,146.375,0.01533656456740573
8,1024,147.375,0.015420425508636981
8,1024,148.375,0.015553120989352465
8,1024,149.375,0.015620403981301934
8,1024,150.375,0.01528413052437827
8,1024,151.375,0.0155532595817931
8,1024,152.375,0.015884519030805677
8,1024,153.375,0.015389387030154467
8,1024,154.375,0.015511780977249146
8,1024,155.375,0.015503025962971151
8,1024,156.375,0.015278284496162087
8,1024,157.375,0.01580829848535359
8,1024,158.375,0.015597074525430799
8,1024,159.375,0.015648733475245535
8,1024,160.375,0.015396612463518977
8,1024,161.375,0.015450371021870524
8,1024,162.375,0.015646007494069636
8,1024,163.375,0.0155403699609451
8,1024,164.375,0.015284541004803032
8,1024,165.375,0.01557520852657035
8,1024,166.375,0.01616537745576352
8,1024,167.375,0.01521323446650058
8,1024,168.375,0.015433190506882966
8,1024,169.375,0.01550745900021866
8,1024,170.375,0.015621987986378372
8,1024,171.375,0.015470007958356291
8,1024,172.375,0.01563809346407652
8,1024,173.375,0.015894115553237498
8,1024,174.375,0.015157465008087456
8,1024,175.375,0.015522302477620542
8,1024,176.375,0.015664221020415425
8,1024,177.375,0.015223403519485146
8,1024,178.375,0.015927324537187815
8,1024,179.375,0.015263622452039272
8,1024,180.375,0.0160580855445005
8,1024,181.375,0.015159882488660514
8,1024,182.375,0.015516605984885246
8,1024,183.375,0.015290779992938042
8,1024,184.375,0.016012439504265785
8,1024,185.375,0.01519300596555695
8,1024,186.375,0.01593812700593844
8,1024,187.375,0.015120131021831185
8,1024,188.375,0.01544170203851536
8,1024,189.375,0.015955176029819995
8,1024,190.375,0.014894144027493894
8,1024,191.375,0.015944681537803262
8,1024,192.375,0.015586901514325291
8,1024,193.375,0.015822207555174828
8,1024,194.375,0.015070310502778739
8,1024,195.375,0.015458898968063295
8,1024,196.375,0.015531348530203104
8,1024,197.375,0.015301263483706862
8,1024,198.375,0.015702759032137692
8,1024,199.375,0.015987771446816623
8,1024,200.375,0.015146488498430699
8,1024,201.375,0.015759991016238928
8,1024,202.375,0.01583663100609556
8,1024,203.375,0.0149500499246642
8,1024,204.375,0.015565002511721104
8,1024,205.375,0.015489401994273067
8,1024,206.375,0.015897284436505288
8,1024,207.375,0.015543042973149568
8,1024,208.375,0.015290023002307862
8,1024,209.375,0.01569960650522262
8,1024,210.375,0.015642691985704005
8,1024,211.375,0.015368980530183762
8,1024,212.375,0.015572860545944422
8,1024,213.375,0.015522873436566442
8,1024,214.375,0.015517431020271033
8,1024,215.375,0.015674138558097184
8,1024,216.375,0.01526137493783608
8,1024,217.375,0.015751646482385695
8,1024,218.375,0.015332109993323684
8,1024,219.375,0.015676695969887078
8,1024,220.375,0.015759699046611786
8,1024,221.375,0.01520976994652301
8,1024,222.375,0.015512358513660729
8,1024,223.375,0.015818361018318683
8,1024,224.375,0.015510366996750236
8,1024,225.375,0.01576636848039925
8,1024,226.375,0.01764427003217861
8,1024,227.375,0.013200811401475221
8,1024,228.375,0.01578512549167499
8,1024,229.375,0.015139095019549131
8,1024,230.375,0.016001454030629247
8,1024,231.375,0.015507842996157706
8,1024,232.375,0.015410456515382975
8,1024,233.375,0.01572568848496303
8,1024,234.375,0.015192409977316856
8,1024,235.375,0.016064321564044803
8,1024,236.375,0.0150183315272443
8,1024,237.375,0.015523044508881867
8,1024,238.375,0.015471607446670532
8,1024,239.375,0.015715101966634393
8,1024,240.375,0.015224997536279261
8,1024,241.375,0.01563618500949815
8,1024,242.375,0.016132784017827362
8,1024,243.375,0.015223836002405733
8,1024,244.375,0.015314504038542509
8,1024,245.375,0.015593019954394549
8,1024,246.375,0.01548036903841421
8,1024,247.375,0.015521929482929409
8,1024,248.375,0.01575660950038582
8,1024,249.375,0.015390702523291111
8,1024,250.375,0.015932773472741246
8,1024,251.375,0.015245142509229481
8,1024,252.375,0.01565294701140374
8,1024,253.375,0.015664924925658852
8,4096,7.0,0.016311527986545116
8,4096,8.0,0.016118377563543618
8,4096,9.0,0.016756994416937232
8,4096,10.0,0.01589781400980428
8,4096,11.0,0.016177830519154668
8,4096,12.0,0.016654831531923264
8,4096,13.0,0.01587246498093009
8,4096,14.0,0.016811363981105387
8,4096,15.0,0.016047868062742054
8,4096,16.0,0.016347041993867606
8,4096,17.0,0.016192337032407522
8,4096,18.0,0.016080407018307596
8,4096,19.0,0.016338960034772754
8,4096,20.0,0.016314063977915794
8,4096,21.0,0.016320249473210424
8,4096,22.0,0.01674438896588981
8,4096,23.0,0.015968453546520323
8,4096,24.0,0.016369219520129263
8,4096,25.0,0.016113252961076796
8,4096,26.0,0.016310865990817547
8,4096,27.0,0.01644446048885584
8,4096,28.0,0.0161588549381122
8,4096,29.0,0.01595402049133554
8,4096,30.0,0.01681668998207897
8,4096,31.0,0.016075720952358097
8,4096,32.0,0.016115111473482102
8,4096,33.0,0.016455745964776725
8,4096,34.0,0.01625976205104962
8,4096,35.0,0.016205227992031723
8,4096,36.0,0.01668103493284434
8,4096,37.0,0.015902974002528936
8,4096,38.0,0.01634674350498244
8,4096,39.0,0.01653074100613594
8,4096,40.0,0.0161626769695431
8,4096,41.0,0.016075280494987965
8,4096,42.0,0.01626664644572884
8,4096,43.0,0.01612540555652231
8,4096,44.0,0.01625714253168553
8,4096,45.0,0.01626024703728035
8,4096,46.0,0.016647192009259015
8,4096,47.0,0.01657623494975269
8,4096,48.0,0.015812419063877314
8,4096,49.0,0.01610771653940901
8,4096,50.0,0.01640220347326249
8,4096,51.0,0.01622973004123196
8,4096,52.0,0.016366846452001482
8,4096,53.0,0.016571970016229898
8,4096,54.0,0.015993795997928828
8,4096,55.0,0.01651387650053948
8,4096,56.0,0.016089105047285557
8,4096,57.0,0.016233269008807838
8,4096,58.0,0.016377696476411074
8,4096,59.0,0.016372448531910777
8,4096,60.0,0.016066517506260425
8,4096,61.0,0.016595754015725106
8,4096,62.0,0.01612115348689258
8,4096,63.0,0.016344482952263206
8,4096,64.0,0.016728178947232664
8,4096,65.0,0.015948226035106927
8,4096,66.0,0.016202625527512282
8,4096,67.0,0.016107844014186412
8,4096,68.0,0.016280254465527833
8,4096,69.0,0.016499464982189238
8,4096,70.0,0.016445287503302097
8,4096,71.0,0.016239824006333947
8,4096,72.0,0.016152718977537006
8,4096,73.0,0.0161141324788332
8,4096,74.0,0.01634238997939974
8,4096,75.0,0.016363766510039568
8,4096,76.0,0.0165822395356372
8,4096,77.0,0.016282543016131967
8,4096,78.0,0.016378463536966592
8,4096,79.0,0.015855347039178014
8,4096,80.0,0.01625425595557317
8,4096,81.0,0.016227456973865628
8,4096,82.0,0.016701615997590125
8,4096,83.0,0.016223821963649243
8,4096,84.0,0.016738707956392318
8,4096,85.0,0.015949326509144157
8,4096,86.0,0.015879182901699096
8,4096,87.0,0.016487065004184842
8,4096,88.0,0.016267754486761987
8,4096,89.0,0.016641495458316058
8,4096,90.0,0.01621799048734829
8,4096,91.0,0.01588368002558127
8,4096,92.0,0.016460881510283798
8,4096,93.0,0.016478326986543834
8,4096,94.0,0.016335293010342866
8,4096,95.0,0.016822735487949103
8,4096,96.0,0.01576414704322815
8,4096,97.0,0.016505131497979164
8,4096,98.0,0.016099783475510776
8,4096,99.0,0.016641323047224432
8,4096,100.0,0.016110625059809536
8,4096,101.0,0.016482508508488536
8,4096,102.0,0.01616013201419264
8,4096,103.0,0.016195793519727886
8,4096,104.0,0.016288954997435212
8,4096,105.0,0.016297065012622625
8,4096,106.0,0.01627506798831746
8,4096,107.0,0.016265544982161373
8,4096,108.0,0.016912565974052995
8,4096,109.0,0.01606428052764386
8,4096,110.0,0.015995401481632143
8,4096,111.0,0.016399203974287957
8,4096,112.0,0.016274400055408478
8,4096,113.0,0.016506828484125435
8,4096,114.0,0.016485746949911118
8,4096,115.0,0.016154740995261818
8,4096,116.0,0.016009627492167056
8,4096,117.0,0.016382363508455455
8,4096,118.0,0.016135162499267608
8,4096,119.0,0.01676382397999987
8,4096,120.0,0.01611752453027293
8,4096,121.0,0.016519613505806774
8,4096,122.0,0.016018929018173367
8,4096,123.0,0.016317783039994538
8,4096,124.0,0.016612007457297295
8,4096,125.0,0.01612566993571818
8,4096,126.0,0.016322367533575743
8,4096,127.0,0.016345727955922484
8,4096,128.0,0.016522491991054267
8,4096,129.0,0.015954908507410437
8,4096,130.0,0.01626137795392424
8,4096,131.0,0.01636789256008342
8,4096,132.0,0.016305566939990968
8,4096,133.0,0.016286957543343306
8,4096,134.0,0.016451693954877555
8,4096,135.0,0.016251736495178193
8,4096,136.0,0.01655865996144712
8,4096,137.0,0.01646777003770694
8,4096,138.0,0.016077234991826117
8,4096,139.0,0.016087689029518515
8,4096,140.0,0.016537116491235793
8,4096,141.0,0.01608638052130118
8,4096,142.0,0.016509017965290695
8,4096,143.0,0.016821718483697623
8,4096,144.0,0.015588592970743775
8,4096,145.0,0.016459724050946534
8,4096,146.0,0.016230394481681287
8,4096,147.0,0.016650491452310234
8,4096,148.0,0.01632707950193435
8,4096,149.0,0.016240342578385025
8,4096,150.0,0.016339046007487923
8,4096,151.0,0.01599031500518322
8,4096,152.0,0.016560621501412243
8,4096,153.0,0.016343608498573303
8,4096,154.0,0.016166859481018037
8,4096,155.0,0.016243546968325973
8,4096,156.0,0.016554971982259303
8,4096,157.0,0.016529670043382794
8,4096,158.0,0.016048772959038615
8,4096,159.0,0.016572718566749245
8,4096,160.0,0.015993854496628046
8,4096,161.0,0.016282607975881547
8,4096,162.0,0.01632624602643773
8,4096,163.0,0.016287242993712425
8,4096,164.0,0.01637085055699572
8,4096,165.0,0.016493603528942913
8,4096,166.0,0.01628116297069937
8,4096,167.0,0.01645776501391083
8,4096,168.0,0.016101307002827525
8,4096,169.0,0.016263144556432962
8,4096,170.0,0.016510805522557348
8,4096,171.0,0.01629923499422148
8,4096,172.0,0.01613752346020192
8,4096,173.0,0.016390390519518405
8,4096,174.0,0.01661074295407161
8,4096,175.0,0.015981893928255886
8,4096,176.0,0.01629153301473707
8,4096,177.0,0.01668440503999591
8,4096,178.0,0.016331615566741675
8,4096,179.0,0.01612505951197818
8,4096,180.0,0.016354171035345644
8,4096,181.0,0.016308508988004178
8,4096,182.0,0.016465477994643152
8,4096,183.0,0.016276200476568192
8,4096,184.0,0.016319754533469677
8,4096,185.0,0.01621243852423504
8,4096,186.0,0.016937450505793095
8,4096,187.0,0.015952854009810835
8,4096,188.0,0.016282481548842043
8,4096,189.0,0.01607861852971837
8,4096,190.0,0.016520311473868787
8,4096,191.0,0.016244817001279444
8,4096,192.0,0.01618433353723958
8,4096,193.0,0.016571267507970333
8,4096,194.0,0.01625748153310269
8,4096,195.0,0.016249019012320787
8,4096,196.0,0.016351028520148247
8,4096,197.0,0.016364496550522745
8,4096,198.0,0.016402588051278144
8,4096,199.0,0.01619364001089707
8,4096,200.0,0.016280744515825063
8,4096,201.0,0.016475955955684185
8,4096,202.0,0.016181873041205108
8,4096,203.0,0.016168334987014532
8,4096,204.0,0.016555809997953475
8,4096,205.0,0.016254123474936932
8,4096,206.0,0.016367596515920013
8,4096,207.0,0.016283103555906564
8,4096,208.0,0.01638445956632495
8,4096,209.0,0.016385938972234726
8,4096,210.0,0.016401831526309252
8,4096,211.0,0.016326453012879938
8,4096,212.0,0.016106048540677875
8,4096,213.0,0.016397639003116637
8,4096,214.0,0.016231346991844475
8,4096,215.0,0.016339080466423184
8,4096,216.0,0.01632341556251049
8,4096,217.0,0.01654010993661359
8,4096,218.0,0.016125168011058122
8,4096,219.0,0.01632914546644315
8,4096,220.0,0.01640186447184533
8,4096,221.0,0.016276479000225663
8,4096,222.0,0.016336662985850126
8,4096,223.0,0.016303385491482913
8,4096,224.0,0.01631212799111381
8,4096,225.0,0.016362480586394668
8,4096,226.0,0.016439157479908317
8,4096,227.0,0.01625100994715467
8,4096,228.0,0.016278694558423012
8,4096,229.0,0.017298316990491003
8,4096,230.0,0.015992059488780797
8,4096,231.0,0.015853713499382138
8,4096,232.0,0.016288768965750933
8,4096,233.0,0.01633743103593588
8,4096,234.0,0.016223023470956832
8,4096,235.0,0.016238501470070332
8,4096,236.0,0.016704834008123726
8,4096,237.0,0.01603816100396216
8,4096,238.0,0.016479331476148218
8,4096,239.0,0.016422270506154746
8,4096,240.0,0.01614258997142315
8,4096,241.0,0.016154220036696643
8,4096,242.0,0.016620338428765535
8,4096,243.0,0.016157920996192843
8,4096,244.0,0.016212833987083286
8,4096,245.0,0.01662158250110224
8,4096,246.0,0.015878030040767044
8,4096,247.0,0.01641456800280139
8,4096,248.0,0.016440374485682696
8,4096,249.0,0.016475971962790936
8,4096,250.0,0.016418082057498395
8,4096,251.0,0.01613753952551633
8,4096,252.0,0.01625458395574242
8,4096,253.0,0.017118426971137524
8,6144,7.5,0.016847479972057045
8,6144,8.5,0.016957787447609007
8,6144,9.5,0.016941052046604455
8,6144,10.5,0.016625161457341164
8,6144,11.5,0.016667245072312653
8,6144,12.5,0.016666009498294443
8,6144,13.5,0.016750454029534012
8,6144,14.5,0.016813364520203322
8,6144,15.5,0.016776293457951397
8,6144,16.5,0.01672795054037124
8,6144,17.5,0.016783877043053508
8,6144,18.5,0.016839405987411737
8,6144,19.5,0.01656060549430549
8,6144,20.5,0.01669174199923873
8,6144,21.5,0.016749248490668833
8,6144,22.5,0.01695130148436874
8,6144,23.5,0.01658096699975431
8,6144,24.5,0.01668911095475778
8,6144,25.5,0.016587417048867792
8,6144,26.5,0.016675013466738164
8,6144,27.5,0.016672734986059368
8,6144,28.5,0.017050419468432665
8,6144,29.5,0.01650606852490455
8,6144,30.5,0.016566964448429644
8,6144,31.5,0.016569239494856447
8,6144,32.5,0.017166802019346505
8,6144,33.5,0.016641083522699773
8,6144,34.5,0.016691288503352553
8,6144,35.5,0.016649307450279593
8,6144,36.5,0.01657661609351635
8,6144,37.5,0.016820529475808144
8,6144,38.5,0.01653634151443839
8,6144,39.5,0.016812397981993854
8,6144,40.5,0.01664295798400417
8,6144,41.5,0.01670255756471306
8,6144,42.5,0.016954346967395395
8,6144,43.5,0.01633043249603361
8,6144,44.5,0.016750029986724257
8,6144,45.5,0.016758812533225864
8,6144,46.5,0.01680297200800851
8,6144,47.5,0.01682654896285385
8,6144,48.5,0.01653714751591906
8,6144,49.5,0.016843328019604087
8,6144,50.5,0.01646467298269272
8,6144,51.5,0.01673001004382968
8,6144,52.5,0.017060575482901186
8,6144,53.5,0.016773743962403387
8,6144,54.5,0.016417942009866238
8,6144,55.5,0.016739030019380152
8,6144,56.5,0.016784216510131955
8,6144,57.5,0.016699038038495928
8,6144,58.5,0.016761942475568503
8,6144,59.5,0.016679670952726156
8,6144,60.5,0.016658580978401005
8,6144,61.5,0.01653561706189066
8,6144,62.5,0.016959550965111703
8,6144,63.5,0.016830381006002426
8,6144,64.5,0.01648390805348754
8,6144,65.5,0.016685352951753885
8,6144,66.5,0.016763273044489324
8,6144,67.5,0.016838678042404354
8,6144,68.5,0.016890628030523658
8,6144,69.5,0.016400919994339347
8,6144,70.5,0.016525998536963016
8,6144,71.5,0.016670100041665137
8,6144,72.5,0.016750050941482186
8,6144,73.5,0.01676876755664125
8,6144,74.5,0.016634934465400875
8,6144,75.5,0.016858451534062624
8,6144,76.5,0.016878643014933914
8,6144,77.5,0.01641310448758304
8,6144,78.5,0.01681935350643471
8,6144,79.5,0.01678247144445777
8,6144,80.5,0.01655085850507021
8,6144,81.5,0.016724659537430853
8,6144,82.5,0.01668419048655778
8,6144,83.5,0.016761804523412138
8,6144,84.5,0.016676112019922584
8,6144,85.5,0.016758621437475085
8,6144,86.5,0.016632900456897914
8,6144,87.5,0.016877925489097834
8,6144,88.5,0.016786738007795066
8,6144,89.5,0.016881607996765524
8,6144,90.5,0.016704865032806993
8,6144,91.5,0.01641336496686563
8,6144,92.5,0.016863572469446808
8,6144,93.5,0.016777254990302026
8,6144,94.5,0.016710007970687002
8,6144,95.5,0.017078884004149586
8,6144,96.5,0.01624387298943475
8,6144,97.5,0.016729142982512712
8,6144,98.5,0.01698977197520435
8,6144,99.5,0.016721018007956445
8,6144,100.5,0.01637301896698773
8,6144,101.5,0.016743106534704566
8,6144,102.5,0.016692922508809716
8,6144,103.5,0.016721668478567153
8,6144,104.5,0.016631455917377025
8,6144,105.5,0.017458877060562372
8,6144,106.5,0.016467327950522304
8,6144,107.5,0.01619058655342087
8,6144,108.5,0.01669300044886768
8,6144,109.5,0.01677359250606969
8,6144,110.5,0.01685594755690545
8,6144,111.5,0.016932772006839514
8,6144,112.5,0.016520837496500462
8,6144,113.5,0.016452820447739214
8,6144,114.5,0.01674126903526485
8,6144,115.5,0.016723012493457645
8,6144,116.5,0.01686204900033772
8,6144,117.5,0.016633254941552877
8,6144,118.5,0.016686038521584123
8,6144,119.5,0.016637385997455567
8,6144,120.5,0.016675031511113048
8,6144,121.5,0.01679621747462079
8,6144,122.5,0.017163501936011016
8,6144,123.5,0.016339081048499793
8,6144,124.5,0.016719070030376315
8,6144,125.5,0.016710200463421643
8,6144,126.5,0.01696046401048079
8,6144,127.5,0.01667814899701625
8,6144,128.5,0.0167066230205819
8,6144,129.5,0.01678849954623729
8,6144,130.5,0.01672795444028452
8,6144,131.5,0.016675605962518603
8,6144,132.5,0.0166906249942258
8,6144,133.5,0.0167459174990654
8,6144,134.5,0.01676204748218879
8,6144,135.5,0.016836622497066855
8,6144,136.5,0.017140483541879803
8,6144,137.5,0.016417829494457692
8,6144,138.5,0.016943392460234463
8,6144,139.5,0.0165574109996669
8,6144,140.5,0.016553681518416852
8,6144,141.5,0.01697676000185311
8,6144,142.5,0.016884546959772706
8,6144,143.5,0.01663459202973172
8,6144,144.5,0.016860998061019927
8,6144,145.5,0.016793813498225063
8,6144,146.5,0.016610238468274474
8,6144,147.5,0.01703683304367587
8,6144,148.5,0.016550782485865057
8,6144,149.5,0.016565794008783996
8,6144,150.5,0.0168681904906407
8,6144,151.5,0.016807954525575042
8,6144,152.5,0.016525176470167935
8,6144,153.5,0.0167411639704369
8,6144,154.5,0.016859521507285535
8,6144,155.5,0.016906775010284036
8,6144,156.5,0.016728947521187365
8,6144,157.5,0.016803017584607005
8,6144,158.5,0.016586777986958623
8,6144,159.5,0.016843430465087295
8,6144,160.5,0.016832286026328802
8,6144,161.5,0.016675370512530208
8,6144,162.5,0.016752645024098456
8,6144,163.5,0.016672877070959657
8,6144,164.5,0.01682251045713201
8,6144,165.5,0.016762807499617338
8,6144,166.5,0.016807187988888472
8,6144,167.5,0.016932547034230083
8,6144,168.5,0.016671952500473708
8,6144,169.5,0.01667610404547304
8,6144,170.5,0.016659326502121985
8,6144,171.5,0.016957356478087604
8,6144,172.5,0.016868261038325727
8,6144,173.5,0.016778956982307136
8,6144,174.5,0.016756283526774496
8,6144,175.5,0.016629599034786224
8,6144,176.5,0.016702455992344767
8,6144,177.5,0.01675238594179973
8,6144,178.5,0.017246478470042348
8,6144,179.5,0.01635388605063781
8,6144,180.5,0.016679355408996344
8,6144,181.5,0.016721751540899277
8,6144,182.5,0.01683575997594744
8,6144,183.5,0.01680595800280571
8,6144,184.5,0.01701255445368588
8,6144,185.5,0.016748371010180563
8,6144,186.5,0.016539532516617328
8,6144,187.5,0.01709155598655343
8,6144,188.5,0.016447357018478215
8,6144,189.5,0.017027845489792526
8,6144,190.5,0.016475901007652283
8,6144,191.5,0.01722864992916584
8,6144,192.5,0.016714480007067323
8,6144,193.5,0.01674168196041137
8,6144,194.5,0.016986847505904734
8,6144,195.5,0.016231743502430618
8,6144,196.5,0.01706393202766776
8,6144,197.5,0.01677333057159558
8,6144,198.5,0.01649097551126033
8,6144,199.5,0.017077784053981304
8,6144,200.5,0.0212524919770658
8,6144,201.5,0.012249656487256289
8,6144,202.5,0.016765940003097057
8,6144,203.5,0.01680628297617659
8,6144,204.5,0.016782691003754735
8,6144,205.5,0.016714545956347138
8,6144,206.5,0.016819510550703853
8,6144,207.5,0.01681926049059257
8,6144,208.5,0.016700987529475242
8,6144,209.5,0.01666677149478346
8,6144,210.5,0.016785716521553695
8,6144,211.5,0.017028906557243317
8,6144,212.5,0.01633811794454232
8,6144,213.5,0.016949499025940895
8,6144,214.5,0.016770119545981288
8,6144,215.5,0.017124445002991706
8,6144,216.5,0.01639916154090315
8,6144,217.5,0.01686285901814699
8,6144,218.5,0.016763253544922918
8,6144,219.5,0.016772632487118244
8,6144,220.5,0.016632454004138708
8,6144,221.5,0.017223998031113297
8,6144,222.5,0.016467948502395302
8,6144,223.5,0.016859970521181822
8,6144,224.5,0.016496033465955406
8,6144,225.5,0.017018642043694854
8,6144,226.5,0.016664664435666054
8,6144,227.5,0.016862923512235284
8,6144,228.5,0.016758559038862586
8,6144,229.5,0.017032065021339804
8,6144,230.5,0.016392813937272877
8,6144,231.5,0.016884999989997596
8,6144,232.5,0.016650298493914306
8,6144,233.5,0.016966478491667658
8,6144,234.5,0.016683260502759367
8,6144,235.5,0.016835014976095408
8,6144,236.5,0.01670737750828266
8,6144,237.5,0.016850716550834477
8,6144,238.5,0.01653571252245456
8,6144,239.5,0.016928937984630466
8,6144,240.5,0.01680187095189467
8,6144,241.5,0.01682990399422124
8,6144,242.5,0.01664127199910581
8,6144,243.5,0.016850688494741917
8,6144,244.5,0.01651350047904998
8,6144,245.5,0.01688323199050501
8,6144,246.5,0.016825705068185925
8,6144,247.5,0.01676073099952191
8,6144,248.5,0.016964187030680478
8,6144,249.5,0.016801998543087393
8,6144,250.5,0.016943524940870702
8,6144,251.5,0.017170707520563155
8,6144,252.5,0.01670958352042362
16,64,5.5,0.016027550504077226
16,64,6.5,0.01603175501804799
16,64,7.5,0.016069656470790505
16,64,8.5,0.015810520038940012
16,64,9.5,0.015652436995878816
16,64,10.5,0.016141292988322675
16,64,11.5,0.015680518990848213
16,64,12.5,0.015965654980391264
16,64,13.5,0.015927727916277945
16,64,14.5,0.016464072512462735
16,64,15.5,0.015569378505460918
16,64,16.5,0.015451202460099012
16,64,17.5,0.016054775973316282
16,64,18.5,0.015594330965541303
16,64,19.5,0.015966942999511957
16,64,20.5,0.015979915973730385
16,64,21.5,0.015771547972690314
16,64,22.5,0.015860051498748362
16,64,23.5,0.015984121069777757
16,64,24.5,0.015813596022780985
16,64,25.5,0.015787823067512363
16,64,26.5,0.015873900498263538
16,64,27.5,0.01597856148146093
16,64,28.5,0.01565216400194913
16,64,29.5,0.015671120025217533
16,64,30.5,0.015817517531104386
16,64,31.5,0.016018854454159737
16,64,32.5,0.015725268458481878
16,64,33.5,0.015986626502126455
16,64,34.5,0.01574848301243037
16,64,35.5,0.01579634752124548
16,64,36.5,0.015961103548761457
16,64,37.5,0.015932416019495577
16,64,38.5,0.01573266799096018
16,64,39.5,0.01583827898139134
16,64,40.5,0.015946928528137505
16,64,41.5,0.015923944010864943
16,64,42.5,0.01562299596844241
16,64,43.5,0.015918435528874397
16,64,44.5,0.016117260500323027
16,64,45.5,0.015483221039175987
16,64,46.5,0.01580485951853916
16,64,47.5,0.015890213544480503
16,64,48.5,0.015930541034322232
16,64,49.5,0.015798129490576684
16,64,50.5,0.015849033487029374
16,64,51.5,0.015879738959483802
16,64,52.5,0.015757972025312483
16,64,53.5,0.01596696302294731
16,64,54.5,0.015793095517437905
16,64,55.5,0.015626573527697474
16,64,56.5,0.015871105948463082
16,64,57.5,0.015867875423282385
16,64,58.5,0.015871549025177956
16,64,59.5,0.01593403797596693
16,64,60.5,0.01585786446230486
16,64,61.5,0.015630602021701634
16,64,62.5,0.016027430014219135
16,64,63.5,0.016169369977433234
16,64,64.5,0.015918903052806854
16,64,65.5,0.015703044540714473
16,64,66.5,0.015732966479845345
16,64,67.5,0.015857538499403745
16,64,68.5,0.015916127420496196
16,64,69.5,0.015748578996863216
16,64,70.5,0.01602172350976616
16,64,71.5,0.016238172014709562
16,64,72.5,0.015556152968201786
16,64,73.5,0.015846638940274715
16,64,74.5,0.016073188453447074
16,64,75.5,0.01582102751126513
16,64,76.5,0.016092287958599627
16,64,77.5,0.01565164705971256
16,64,78.5,0.016043142008129507
16,64,79.5,0.015708499471656978
16,64,80.5,0.01610153150977567
16,64,81.5,0.01582496298942715
16,64,82.5,0.015726936515420675
16,64,83.5,0.01605439151171595
16,64,84.5,0.015780568006448448
16,64,85.5,0.016180907026864588
16,64,86.5,0.015751625003758818
16,64,87.5,0.015916183008812368
16,64,88.5,0.015970442967955023
16,64,89.5,0.015980828960891813
16,64,90.5,0.01607494748895988
16,64,91.5,0.015610739937983453
16,64,92.5,0.01593163702636957
16,64,93.5,0.016085654497146606
16,64,94.5,0.015756836510263383
16,64,95.5,0.015955826500430703
16,64,96.5,0.015687691571656615
16,64,97.5,0.016123549488838762
16,64,98.5,0.015995217545423657
16,64,99.5,0.01594885200029239
16,64,100.5,0.01590616797329858
16,64,101.5,0.016068641445599496
16,64,102.5,0.01582027447875589
16,64,103.5,0.015576904988847673
16,64,104.5,0.016509925422724336
16,64,105.5,0.015545203059446067
16,64,106.5,0.016222607984673232
16,64,107.5,0.01571498700650409
16,64,108.5,0.015660601027775556
16,64,109.5,0.016359421017114073
16,64,110.5,0.015974512440152466
16,64,111.5,0.015383142977952957
16,64,112.5,0.015954989939928055
16,64,113.5,0.015959363023284823
16,64,114.5,0.01577678701141849
16,64,115.5,0.016238718992099166
16,64,116.5,0.016108321957290173
16,64,117.5,0.015396320493891835
16,64,118.5,0.015952460409607738
16,64,119.5,0.016262245480902493
16,64,120.5,0.01557936955941841
16,64,121.5,0.015929060522466898
16,64,122.5,0.01636627601692453
16,64,123.5,0.015514791011810303
16,64,124.5,0.01581694046035409
16,64,125.5,0.016103347472380847
16,64,126.5,0.015815809543710202
16,64,127.5,0.016183975036256015
16,64,128.5,0.01605022297007963
16,64,129.5,0.015689432504586875
16,64,130.5,0.015685584454331547
16,64,131.5,0.016086121497210115
16,64,132.5,0.015606571978423744
16,64,133.5,0.01605860551353544
16,64,134.5,0.01591868803370744
16,64,135.5,0.015834523481316864
16,64,136.5,0.01593324146233499
16,64,137.5,0.01607316598528996
16,64,138.5,0.01591412752168253
16,64,139.5,0.015796573949046433
16,64,140.5,0.01589825947303325
16,64,141.5,0.015729004982858896
16,64,142.5,0.01587747549638152
16,64,143.5,0.015979270974639803
16,64,144.5,0.01582738052820787
16,64,145.5,0.01624167402042076
16,64,146.5,0.01611802401021123
16,64,147.5,0.016046516539063305
16,64,148.5,0.015355119539890438
16,64,149.5,0.01633317698724568
16,64,150.5,0.015653496491722763
16,64,151.5,0.01595401403028518
16,64,152.5,0.015904777974355966
16,64,153.5,0.01585446496028453
16,64,154.5,0.015717573987785727
16,64,155.5,0.016271930537186563
16,64,156.5,0.015724340570159256
16,64,157.5,0.016228953027166426
16,64,158.5,0.015806725481525064
16,64,159.5,0.01580544002354145
16,64,160.5,0.016042415983974934
16,64,161.5,0.015938541502691805
16,64,162.5,0.01567387254908681
16,64,163.5,0.0161068020388484
16,64,164.5,0.015811747463885695
16,64,165.5,0.01588235649978742
16,64,166.5,0.016206694999709725
16,64,167.5,0.015531991492025554
16,64,168.5,0.01630025403574109
16,64,169.5,0.015774375991895795
16,64,170.5,0.015942694037221372
16,64,171.5,0.015870650473516434
16,64,172.5,0.015870814968366176
16,64,173.5,0.016048460034653544
16,64,174.5,0.015616563498042524
16,64,175.5,0.015998165006749332
16,64,176.5,0.016086088551674038
16,64,177.5,0.01622598950052634
16,64,178.5,0.015606453001964837
16,64,179.5,0.015691255510319024
16,64,180.5,0.01608406996820122
16,64,181.5,0.015910501475445926
16,64,182.5,0.015990174550097436
16,64,183.5,0.01599444996099919
16,64,184.5,0.015717726026196033
16,64,185.5,0.01798918202985078
16,64,186.5,0.013977608468849212
16,64,187.5,0.01614000351401046
16,64,188.5,0.015435197448823601
16,64,189.5,0.01623529352946207
16,64,190.5,0.01621079392498359
16,64,191.5,0.015703490062151104
16,64,192.5,0.016097408952191472
16,64,193.5,0.015612320508807898
16,64,194.5,0.016109117481391877
16,64,195.5,0.015627995948307216
16,64,196.5,0.016626143013127148
16,64,197.5,0.015543452464044094
16,64,198.5,0.015776655462104827
16,64,199.5,0.015668379550334066
16,64,200.5,0.01607457554200664
16,64,201.5,0.015990466461516917
16,64,202.5,0.015885794535279274
16,64,203.5,0.015718946990091354
16,64,204.5,0.016663533519022167
16,64,205.5,0.01531333097955212
16,64,206.5,0.016257257026154548
16,64,207.5,0.0160784509498626
16,64,208.5,0.01592880202224478
16,64,209.5,0.01575081195915118
16,64,210.5,0.016113348479848355
16,64,211.5,0.01567261852324009
16,64,212.5,0.015963827550876886
16,64,213.5,0.015616235497873276
16,64,214.5,0.016036445507779717
16,64,215.5,0.01591519295470789
16,64,216.5,0.016105618968140334
16,64,217.5,0.01596829399932176
16,64,218.5,0.015921770536806434
16,64,219.5,0.015737230016384274
16,64,220.5,0.016107699484564364
16,64,221.5,0.01591157796792686
16,64,222.5,0.016361288027837873
16,64,223.5,0.015697437047492713
16,64,224.5,0.01606040447950363
16,64,225.5,0.015686657454352826
16,64,226.5,0.015714996494352818
16,64,227.5,0.015908918459899724
16,64,228.5,0.015976008493453264
16,64,229.5,0.015947600069921464
16,64,230.5,0.015960913500748575
16,64,231.5,0.015840975509490818
16,64,232.5,0.016045770549681038
16,64,233.5,0.01575788896298036
16,64,234.5,0.016088970995042473
16,64,235.5,0.01605433999793604
16,64,236.5,0.01582793501438573
16,64,237.5,0.01619980693794787
16,64,238.5,0.015899490972515196
16,64,239.5,0.015594574564602226
16,64,240.5,0.015980089956428856
16,64,241.5,0.016175671014934778
16,64,242.5,0.01597321347799152
16,64,243.5,0.01570813951548189
16,64,244.5,0.015656453499104828
16,64,245.5,0.016098716529086232
16,64,246.5,0.01601846650009975
16,64,247.5,0.015906733518932015
16,64,248.5,0.01613338349852711
16,64,249.5,0.01586882001720369
16,64,250.5,0.015584216045681387
16,64,251.5,0.01614480052376166
16,64,252.5,0.015797518484760076
16,64,253.5,0.01683018502080813
16,256,5.1875,0.016301006951835006
16,256,6.1875,0.015695590467657894
16,256,7.1875,0.016123588546179235
16,256,8.1875,0.016119530948344618
16,256,9.1875,0.01588985597481951
16,256,10.1875,0.015992668515536934
16,256,11.1875,0.016042510978877544
16,256,12.1875,0.015715146553702652
16,256,13.1875,0.016039889480452985
16,256,14.1875,0.015809689473826438
16,256,15.1875,0.016314160486217588
16,256,16.1875,0.015864731976762414
16,256,17.1875,0.01599628949770704
16,256,18.1875,0.01597822899930179
16,256,19.1875,0.015863589535001665
16,256,20.1875,0.015882416511885822
16,256,21.1875,0.016273536486551166
16,256,22.1875,0.015677626011893153
16,256,23.1875,0.015911623020656407
16,256,24.1875,0.015647293534129858
16,256,25.1875,0.01596146944211796
16,256,26.1875,0.016295050969347358
16,256,27.1875,0.015685360005591065
16,256,28.1875,0.015714085951913148
16,256,29.1875,0.01613338600145653
16,256,30.1875,0.01596518000587821
16,256,31.1875,0.01573665748583153
16,256,32.1875,0.01623067504260689
16,256,33.1875,0.01579132443293929
16,256,34.1875,0.016002974472939968
16,256,35.1875,0.015900132013484836
16,256,36.1875,0.01603938650805503
16,256,37.1875,0.015599632519297302
16,256,38.1875,0.01612756249960512
16,256,39.1875,0.01610946742584929
16,256,40.1875,0.01565831300104037
16,256,41.1875,0.01594236952951178
16,256,42.1875,0.01595117850229144
16,256,43.1875,0.01608327846042812
16,256,44.1875,0.0156939594889991
16,256,45.1875,0.01596895494731143
16,256,46.1875,0.01591634750366211
16,256,47.1875,0.015984678466338664
16,256,48.1875,0.01583208900410682
16,256,49.1875,0.016720130981411785
16,256,50.1875,0.01546749152475968
16,256,51.1875,0.015825463517103344
16,256,52.1875,0.016051573446020484
16,256,53.1875,0.01572173007298261
16,256,54.1875,0.016420390515122563
16,256,55.1875,0.01559731102315709
16,256,56.1875,0.016329246980603784
16,256,57.1875,0.015521000022999942
16,256,58.1875,0.01590619550552219
16,256,59.1875,0.015919494500849396
16,256,60.1875,0.015892256516963243
16,256,61.1875,0.01587641704827547
16,256,62.1875,0.015850963012780994
16,256,63.1875,0.01657714298926294
16,256,64.1875,0.015444117947481573
16,256,65.1875,0.016392897989135236
16,256,66.1875,0.01565954799298197
16,256,67.1875,0.01585180452093482
16,256,68.1875,0.01629078102996573
16,256,69.1875,0.015524227463174611
16,256,70.1875,0.016033988038543612
16,256,71.1875,0.015743091993499547
16,256,72.1875,0.016181647428311408
16,256,73.1875,0.016270530526526272
16,256,74.1875,0.015638000972103328
16,256,75.1875,0.01571729948045686
16,256,76.1875,0.01615351054351777
16,256,77.1875,0.01569956651655957
16,256,78.1875,0.016216441988945007
16,256,79.1875,0.015563744469545782
16,256,80.1875,0.016256614471785724
16,256,81.1875,0.015830390970222652
16,256,82.1875,0.015855420962907374
16,256,83.1875,0.015963309968356043
16,256,84.1875,0.01583276450401172
16,256,85.1875,0.016022547031752765
16,256,86.1875,0.016158708545845002
16,256,87.1875,0.015796212013810873
16,256,88.1875,0.01612479897448793
16,256,89.1875,0.01567100954707712
16,256,90.1875,0.016633039980661124
16,256,91.1875,0.015435404959134758
16,256,92.1875,0.01637016300810501
16,256,93.1875,0.015482713934034109
16,256,94.1875,0.016166722984053195
16,256,95.1875,0.015684048528783023
16,256,96.1875,0.016224400489591062
16,256,97.1875,0.015727473015431315
16,256,98.1875,0.01575264398707077
16,256,99.1875,0.01613015145994723
16,256,100.1875,0.01611240248894319
16,256,101.1875,0.015641967998817563
16,256,102.1875,0.015960275486577302
16,256,103.1875,0.015964341000653803
16,256,104.1875,0.015968281019013375
16,256,105.1875,0.015771278995089233
16,256,106.1875,0.016577105037868023
16,256,107.1875,0.015578339516650885
16,256,108.1875,0.01602050196379423
16,256,109.1875,0.01599124795757234
16,256,110.1875,0.015752371517010033
16,256,111.1875,0.01601815246976912
16,256,112.1875,0.01630720100365579
16,256,113.1875,0.015807159536052495
16,256,114.1875,0.01586948655312881
16,256,115.1875,0.016016013512853533
16,256,116.1875,0.015637153992429376
16,256,117.1875,0.0159237029729411
16,256,118.1875,0.016137055994477123
16,256,119.1875,0.015826624003238976
16,256,120.1875,0.015935453469865024
16,256,121.1875,0.015977069444488734
16,256,122.1875,0.015984875499270856
16,256,123.1875,0.015816493018064648
16,256,124.1875,0.016000762057956308
16,256,125.1875,0.016112790966872126
16,256,126.1875,0.01597450446570292
16,256,127.1875,0.016127689508721232
16,256,128.1875,0.01616880699293688
16,256,129.1875,0.015979131567291915
16,256,130.1875,0.01577106845797971
16,256,131.1875,0.01604847493581474
16,256,132.1875,0.015909806010313332
16,256,133.1875,0.01608521048910916
16,256,134.1875,0.016329834528733045
16,256,135.1875,0.01587618049234152
16,256,136.1875,0.015880838502198458
16,256,137.1875,0.01611419953405857
16,256,138.1875,0.015858382044825703
16,256,139.1875,0.016207823005970567
16,256,140.1875,0.016075489984359592
16,256,141.1875,0.015915586962364614
16,256,142.1875,0.015977229515556246
16,256,143.1875,0.015951948473230004
16,256,144.1875,0.016116412996780127
16,256,145.1875,0.016083258495200425
16,256,146.1875,0.01605022099101916
16,256,147.1875,0.01585005543893203
16,256,148.1875,0.016072429018095136
16,256,149.1875,0.016222084930632263
16,256,150.1875,0.015989500505384058
16,256,151.1875,0.015920316567644477
16,256,152.1875,0.015888069989159703
16,256,153.1875,0.016756260534748435
16,256,154.1875,0.015627855551429093
16,256,155.1875,0.01615008997032419
16,256,156.1875,0.015888332505710423
16,256,157.1875,0.015774489962495863
16,256,158.1875,0.01616667298367247
16,256,159.1875,0.01617861050181091
16,256,160.1875,0.01578334008809179
16,256,161.1875,0.016148544498719275
16,256,162.1875,0.01607673749094829
16,256,163.1875,0.0160504414816387
16,256,164.1875,0.01593283750116825
16,256,165.1875,0.01603598252404481
16,256,166.1875,0.015986941929440945
16,256,167.1875,0.01601288706297055
16,256,168.1875,0.0161273599951528
16,256,169.1875,0.01594335597474128
16,256,170.1875,0.015876974444836378
16,256,171.1875,0.01596328301820904
16,256,172.1875,0.016320193535648286
16,256,173.1875,0.0159495904808864
16,256,174.1875,0.016057956498116255
16,256,175.1875,0.01596207049442455
16,256,176.1875,0.015992884524166584
16,256,177.1875,0.016062659968156368
16,256,178.1875,0.01632422598777339
16,256,179.1875,0.015678032010328025
16,256,180.1875,0.01597030000993982
16,256,181.1875,0.016167725960258394
16,256,182.1875,0.015799597487784922
16,256,183.1875,0.016267078462988138
16,256,184.1875,0.01607040350791067
16,256,185.1875,0.01599007297772914
16,256,186.1875,0.016104138456285
16,256,187.1875,0.016042007016949356
16,256,188.1875,0.015837291546631604
16,256,189.1875,0.015995164052583277
16,256,190.1875,0.016218076460063457
16,256,191.1875,0.0164115495281294
16,256,192.1875,0.01583276648307219
16,256,193.1875,0.015936600044369698
16,256,194.1875,0.016094040009193122
16,256,195.1875,0.015871212992351502
16,256,196.1875,0.01601491100154817
16,256,197.1875,0.01634752401150763
16,256,198.1875,0.016248070576693863
16,256,199.1875,0.015467964054550976
16,256,200.1875,0.016017057467252016
16,256,201.1875,0.016158736951183528
16,256,202.1875,0.015771177073474973
16,256,203.1875,0.016142480948474258
16,256,204.1875,0.016045436437707394
16,256,205.1875,0.01602921198355034
16,256,206.1875,0.01591445249505341
16,256,207.1875,0.01624142349464819
16,256,208.1875,0.01582562952535227
16,256,209.1875,0.016370883502531797
16,256,210.1875,0.0160329130012542
16,256,211.1875,0.01591943495441228
16,256,212.1875,0.015969795582350343
16,256,213.1875,0.016140561492647976
16,256,214.1875,0.01562687347177416
16,256,215.1875,0.01614206947851926
16,256,216.1875,0.016273384040687233
16,256,217.1875,0.016077092965133488
16,256,218.1875,0.015944697544910014
16,256,219.1875,0.016007605998311192
16,256,220.1875,0.01589565147878602
16,256,221.1875,0.016247714520432055
16,256,222.1875,0.01630341401323676
16,256,223.1875,0.015684029494877905
16,256,224.1875,0.01603235345100984
16,256,225.1875,0.0160630049649626
16,256,226.1875,0.015950103057548404
16,256,227.1875,0.016153560020029545
16,256,228.1875,0.016169328533578664
16,256,229.1875,0.01590600749477744
16,256,230.1875,0.016152582538779825
16,256,231.1875,0.015862069558352232
16,256,232.1875,0.01607641950249672
16,256,233.1875,0.015887565445154905
16,256,234.1875,0.016269265033770353
16,256,235.1875,0.016255374532192945
16,256,236.1875,0.015919656492769718
16,256,237.1875,0.015976345515809953
16,256,238.1875,0.016035297012422234
16,256,239.1875,0.015950557542964816
16,256,240.1875,0.01605199696496129
16,256,241.1875,0.016138548497110605
16,256,242.1875,0.015900992031674832
16,256,243.1875,0.015935695555526763
16,256,244.1875,0.015996557020116597
16,256,245.1875,0.0159789000172168
16,256,246.1875,0.016156087047420442
16,256,247.1875,0.01586108305491507
16,256,248.1875,0.016299587034154683
16,256,249.1875,0.015965632046572864
16,256,250.1875,0.01602112245745957
16,256,251.1875,0.01639118097955361
16,256,252.1875,0.016126470000017434
16,256,253.1875,0.01634309603832662
16,256,254.1875,0.016616389504633844
16,1024,6.375,0.016509700508322567
16,1024,7.375,0.016115052974782884
16,1024,8.375,0.016579818562604487
16,1024,9.375,0.016112847486510873
16,1024,10.375,0.016470914997626096
16,1024,11.375,0.016434521006885916
16,1024,12.375,0.016127325012348592
16,1024,13.375,0.016439814993645996
16,1024,14.375,0.016456215467769653
16,1024,15.375,0.016146666021086276
16,1024,16.375,0.016590320970863104
16,1024,17.375,0.01581710297614336
16,1024,18.375,0.016517748008482158
16,1024,19.375,0.01626285002566874
16,1024,20.375,0.016562516044359654
16,1024,21.375,0.016037240508012474
16,1024,22.375,0.016717124439310282
16,1024,23.375,0.015999513503629714
16,1024,24.375,0.01639823947334662
16,1024,25.375,0.016337954555638134
16,1024,26.375,0.016622628492768854
16,1024,27.375,0.016007379454094917
16,1024,28.375,0.016405348025728017
16,1024,29.375,0.016293509514071047
16,1024,30.375,0.01630988996475935
16,1024,31.375,0.016347620985470712
16,1024,32.375,0.016308399033732712
16,1024,33.375,0.016316806024406105
16,1024,34.375,0.01645646645920351
16,1024,35.375,0.01625496003543958
16,1024,36.375,0.01617453945800662
16,1024,37.375,0.016420053027104586
16,1024,38.375,0.016353708459064364
16,1024,39.375,0.016244566533714533
16,1024,40.375,0.016156620462425053
16,1024,41.375,0.016559413983486593
16,1024,42.375,0.0162101510213688
16,1024,43.375,0.01649715448729694
16,1024,44.375,0.016154753044247627
16,1024,45.375,0.01620744343381375
16,1024,46.375,0.016739878978114575
16,1024,47.375,0.016266172926407307
16,1024,48.375,0.01613030949374661
16,1024,49.375,0.016185305023100227
16,1024,50.375,0.016653806495014578
16,1024,51.375,0.01618053001584485
16,1024,52.375,0.016285476507619023
16,1024,53.375,0.016499239020049572
16,1024,54.375,0.016088297532405704
16,1024,55.375,0.017803270020522177
16,1024,56.375,0.015103194513358176
16,1024,57.375,0.016301515977829695
16,1024,58.375,0.016468219982925802
16,1024,59.375,0.016257546958513558
16,1024,60.375,0.016688496456481516
16,1024,61.375,0.01630453101824969
16,1024,62.375,0.015813383972272277
16,1024,63.375,0.0165513230022043
16,1024,64.375,0.016413657984230667
16,1024,65.375,0.01612722553545609
16,1024,66.375,0.016324274067301303
16,1024,67.375,0.016324496536981314
16,1024,68.375,0.016502071463037282
16,1024,69.375,0.016446221503429115
16,1024,70.375,0.016001619515009224
16,1024,71.375,0.01635003596311435
16,1024,72.375,0.016398088540881872
16,1024,73.375,0.016156975005287677
16,1024,74.375,0.01662174245575443
16,1024,75.375,0.01628135796636343
16,1024,76.375,0.016370898520108312
16,1024,77.375,0.01654011447681114
16,1024,78.375,0.01587004552129656
16,1024,79.375,0.01685314002679661
16,1024,80.375,0.01576440647477284
16,1024,81.375,0.016361728543415666
16,1024,82.375,0.016598176502157003
16,1024,83.375,0.01592239399906248
16,1024,84.375,0.016516065516043454
16,1024,85.375,0.016597537498455495
16,1024,86.375,0.016561670054215938
16,1024,87.375,0.01598300354089588
16,1024,88.375,0.016203998995479196
16,1024,89.375,0.01640149048762396
16,1024,90.375,0.01657893107039854
16,1024,91.375,0.016436673002317548
16,1024,92.375,0.01637822244083509
16,1024,93.375,0.01615457801381126
16,1024,94.375,0.01611690450226888
16,1024,95.375,0.01656090101459995
16,1024,96.375,0.016339809459168464
16,1024,97.375,0.01647077506640926
16,1024,98.375,0.01654684852110222
16,1024,99.375,0.015449622471351177
16,1024,100.375,0.01654092501848936
16,1024,101.375,0.01632450893521309
16,1024,102.375,0.01630913803819567
16,1024,103.375,0.01646940049249679
16,1024,104.375,0.016361208516173065
16,1024,105.375,0.015978242445271462
16,1024,106.375,0.01659759652102366
16,1024,107.375,0.016175120952539146
16,1024,108.375,0.016613695479463786
16,1024,109.375,0.016281503485515714
16,1024,110.375,0.016226154926698655
16,1024,111.375,0.016423682973254472
16,1024,112.375,0.01632197346771136
16,1024,113.375,0.016221395053435117
16,1024,114.375,0.016780062986072153
16,1024,115.375,0.016089820535853505
16,1024,116.375,0.01656494749477133
16,1024,117.375,0.016181346029043198
16,1024,118.375,0.016479456971865147
16,1024,119.375,0.016274626541417092
16,1024,120.375,0.016466538480017334
16,1024,121.375,0.016144975961651653
16,1024,122.375,0.016696420032531023
16,1024,123.375,0.016206992557272315
16,1024,124.375,0.016379038512241095
16,1024,125.375,0.016149401490110904
16,1024,126.375,0.016331056540366262
16,1024,127.375,0.01654096902348101
16,1024,128.375,0.016223710495978594
16,1024,129.375,0.01652581407688558
16,1024,130.375,0.01653561694547534
16,1024,131.375,0.016199924517422915
16,1024,132.375,0.016710856987629086
16,1024,133.375,0.016071787453256547
16,1024,134.375,0.016426900983788073
16,1024,135.375,0.01654946996131912
16,1024,136.375,0.01638296351302415
16,1024,137.375,0.016267548489850014
16,1024,138.375,0.016377262421883643
16,1024,139.375,0.01594108500285074
16,1024,140.375,0.016471042472403497
16,1024,141.375,0.016379224020056427
16,1024,142.375,0.016322620504070073
16,1024,143.375,0.01674212102079764
16,1024,144.375,0.016091241443064064
16,1024,145.375,0.016226136533077806
16,1024,146.375,0.016487804474309087
16,1024,147.375,0.01687990699429065
16,1024,148.375,0.01650451705791056
16,1024,149.375,0.015967195970006287
16,1024,150.375,0.016478318022564054
16,1024,151.375,0.016418657964095473
16,1024,152.375,0.0164220699807629
16,1024,153.375,0.016506517538800836
16,1024,154.375,0.01617317897034809
16,1024,155.375,0.016657628468237817
16,1024,156.375,0.015970187494531274
16,1024,157.375,0.016355048515833914
16,1024,158.375,0.016558912466280162
16,1024,159.375,0.016397422004956752
16,1024,160.375,0.01692826795624569
16,1024,161.375,0.01627087453380227
16,1024,162.375,0.01631138945231214
16,1024,163.375,0.016191768983844668
16,1024,164.375,0.016087998053990304
16,1024,165.375,0.016573934466578066
16,1024,166.375,0.016584686003625393
16,1024,167.375,0.016075720021035522
16,1024,168.375,0.017088351014535874
16,1024,169.375,0.015941959456540644
16,1024,170.375,0.016121742490213364
16,1024,171.375,0.0167202249285765
16,1024,172.375,0.016507507069036365
16,1024,173.375,0.016538943513296545
16,1024,174.375,0.016537394491024315
16,1024,175.375,0.015840211999602616
16,1024,176.375,0.01666360499802977
16,1024,177.375,0.016472506045829505
16,1024,178.375,0.015931245987303555
16,1024,179.375,0.016787072469014674
16,1024,180.375,0.016207152511924505
16,1024,181.375,0.0164004085236229
16,1024,182.375,0.01639854453969747
16,1024,183.375,0.01618364203022793
16,1024,184.375,0.01693154952954501
16,1024,185.375,0.015986394486390054
16,1024,186.375,0.016406177019234747
16,1024,187.375,0.016491957008838654
16,1024,188.375,0.016302461503073573
16,1024,189.375,0.016411782475188375
16,1024,190.375,0.01644621801096946
16,1024,191.375,0.016303726995829493
16,1024,192.375,0.016642818576656282
16,1024,193.375,0.01644899748498574
16,1024,194.375,0.016189662041142583
16,1024,195.375,0.01674142200499773
16,1024,196.375,0.016199267003685236
16,1024,197.375,0.01619276951532811
16,1024,198.375,0.01668342499760911
16,1024,199.375,0.01632345060352236
16,1024,200.375,0.016355335479602218
16,1024,201.375,0.016499707475304604
16,1024,202.375,0.01633508747909218
16,1024,203.375,0.01647491002222523
16,1024,204.375,0.016386238974519074
16,1024,205.375,0.016488818044308573
16,1024,206.375,0.016372831538319588
16,1024,207.375,0.01622814650181681
16,1024,208.375,0.016395533515606076
16,1024,209.375,0.016777519951574504
16,1024,210.375,0.016057199449278414
16,1024,211.375,0.016588089521974325
16,1024,212.375,0.01646190951578319
16,1024,213.375,0.016159095452167094
16,1024,214.375,0.01657593355048448
16,1024,215.375,0.016545844031497836
16,1024,216.375,0.01623155747074634
16,1024,217.375,0.016581817530095577
16,1024,218.375,0.016287185018882155
16,1024,219.375,0.016387880488764495
16,1024,220.375,0.016622484428808093
16,1024,221.375,0.01649677351815626
16,1024,222.375,0.0164157705148682
16,1024,223.375,0.016463144042063504
16,1024,224.375,0.016152861528098583
16,1024,225.375,0.016540370474103838
16,1024,226.375,0.016593014996033162
16,1024,227.375,0.016358340973965824
16,1024,228.375,0.016769035020843148
16,1024,229.375,0.015771231497637928
16,1024,230.375,0.01649058097973466
16,1024,231.375,0.01660875097149983
16,1024,232.375,0.016248976986389607
16,1024,233.375,0.016927214979659766
16,1024,234.375,0.016311098472215235
16,1024,235.375,0.016020251030568033
16,1024,236.375,0.016580833005718887
16,1024,237.375,0.016229239059612155
16,1024,238.375,0.01647243252955377
16,1024,239.375,0.017002763459458947
16,1024,240.375,0.0162830320186913
16,1024,241.375,0.016132324060890824
16,1024,242.375,0.01623347500571981
16,1024,243.375,0.0166854290291667
16,1024,244.375,0.01684326701797545
16,1024,245.375,0.016050372971221805
16,1024,246.375,0.016506657004356384
16,1024,247.375,0.0163040179759264
16,1024,248.375,0.016176680510398
16,1024,249.375,0.01665628101909533
16,1024,250.375,0.01657720998628065
16,1024,251.375,0.01623421796830371
16,1024,252.375,0.016804647515527904
16,1024,253.375,0.01704656903166324
16,4096,8.5,0.017864580499008298
16,4096,9.5,0.01794938847888261
16,4096,10.5,0.017798326502088457
16,4096,11.5,0.017494693456683308
16,4096,12.5,0.017831784498412162
16,4096,13.5,0.017605766013730317
16,4096,14.5,0.017733191431034356
16,4096,15.5,0.017810213030315936
16,4096,16.5,0.01804268005071208
16,4096,17.5,0.01768062508199364
16,4096,18.5,0.017696342954877764
16,4096,19.5,0.017682320962194353
16,4096,20.5,0.01757568900939077
16,4096,21.5,0.017772664956282824
16,4096,22.5,0.01794402953237295
16,4096,23.5,0.01733275898732245
16,4096,24.5,0.021787627949379385
16,4096,25.5,0.013978137518279254
16,4096,26.5,0.017557192011736333
16,4096,27.5,0.01756738795666024
16,4096,28.5,0.017825291492044926
16,4096,29.5,0.01745057851076126
16,4096,30.5,0.017567860952112824
16,4096,31.5,0.01814571797149256
16,4096,32.5,0.017550871998537332
16,4096,33.5,0.017769141064491123
16,4096,34.5,0.01760470902081579
16,4096,35.5,0.0178943729843013
16,4096,36.5,0.01765823148889467
16,4096,37.5,0.0176568225142546
16,4096,38.5,0.01803588552866131
16,4096,39.5,0.017134759458713233
16,4096,40.5,0.017778316047042608
16,4096,41.5,0.017555286001879722
16,4096,42.5,0.018228618544526398
16,4096,43.5,0.01732569106388837
16,4096,44.5,0.017928960965946317
16,4096,45.5,0.017731831525452435
16,4096,46.5,0.017823455506004393
16,4096,47.5,0.01750174252083525
16,4096,48.5,0.01782484498107806
16,4096,49.5,0.01750881999032572
16,4096,50.5,0.017864492430817336
16,4096,51.5,0.0174324840772897
16,4096,52.5,0.017800558067392558
16,4096,53.5,0.017723610042594373
16,4096,54.5,0.01784861698979512
16,4096,55.5,0.017750422994140536
16,4096,56.5,0.01743150653783232
16,4096,57.5,0.017635473981499672
16,4096,58.5,0.01795855851378292
16,4096,59.5,0.017578106024302542
16,4096,60.5,0.018015353940427303
16,4096,61.5,0.01766109495656565
16,4096,62.5,0.0175587855046615
16,4096,63.5,0.017857031023595482
16,4096,64.5,0.017441120464354753
16,4096,65.5,0.01787638897076249
16,4096,66.5,0.017873004486318678
16,4096,67.5,0.0173684959881939
16,4096,68.5,0.01770781649975106
16,4096,69.5,0.017788849072530866
16,4096,70.5,0.017505023977719247
16,4096,71.5,0.017976309056393802
16,4096,72.5,0.017620817001443356
16,4096,73.5,0.01806624699383974
16,4096,74.5,0.017422612523660064
16,4096,75.5,0.017750812461599708
16,4096,76.5,0.017659988545347005
16,4096,77.5,0.01766188198234886
16,4096,78.5,0.01757950847968459
16,4096,79.5,0.017805082025006413
16,4096,80.5,0.017911300994455814
16,4096,81.5,0.017428291961550713
16,4096,82.5,0.01801805046852678
16,4096,83.5,0.017713901470415294
16,4096,84.5,0.017521555011626333
16,4096,85.5,0.017628878995310515
16,4096,86.5,0.01778777752770111
16,4096,87.5,0.017703951452858746
16,4096,88.5,0.017787135497201234
16,4096,89.5,0.017563057539518923
16,4096,90.5,0.01775203150464222
16,4096,91.5,0.017785725533030927
16,4096,92.5,0.017534981481730938
16,4096,93.5,0.017752368468791246
16,4096,94.5,0.017991291475482285
16,4096,95.5,0.017244187940377742
16,4096,96.5,0.018019450013525784
16,4096,97.5,0.01774990849662572
16,4096,98.5,0.018011389998719096
16,4096,99.5,0.01754742453340441
16,4096,100.5,0.017612425494007766
16,4096,101.5,0.01743064698530361
16,4096,102.5,0.01796855655265972
16,4096,103.5,0.017538175045046955
16,4096,104.5,0.01803148799808696
16,4096,105.5,0.017965768522117287
16,4096,106.5,0.01739754603477195
16,4096,107.5,0.017896258912514895
16,4096,108.5,0.017590886971447617
16,4096,109.5,0.017593006952665746
16,4096,110.5,0.01782347250264138
16,4096,111.5,0.017860433901660144
16,4096,112.5,0.017592438496649265
16,4096,113.5,0.017715650494210422
16,4096,114.5,0.017689058964606375
16,4096,115.5,0.017896930570714176
16,4096,116.5,0.018009706516750157
16,4096,117.5,0.01726731297094375
16,4096,118.5,0.01746926549822092
16,4096,119.5,0.01790459401672706
16,4096,120.5,0.01777667796704918
16,4096,121.5,0.01771353551885113
16,4096,122.5,0.01801743049873039
16,4096,123.5,0.01770206744549796
16,4096,124.5,0.017749793943949044
16,4096,125.5,0.01762147748377174
16,4096,126.5,0.017669151537120342
16,4096,127.5,0.017673788010142744
16,4096,128.5,0.017919876496307552
16,4096,129.5,0.017706558981444687
16,4096,130.5,0.01747085648821667
16,4096,131.5,0.017713197448756546
16,4096,132.5,0.01780694955959916
16,4096,133.5,0.01770494703669101
16,4096,134.5,0.01782750803977251
16,4096,135.5,0.017518058011773974
16,4096,136.5,0.017721745476592332
16,4096,137.5,0.01795381697593257
16,4096,138.5,0.01778445701347664
16,4096,139.5,0.017644594016019255
16,4096,140.5,0.017894305987283587
16,4096,141.5,0.017407171486411244
16,4096,142.5,0.01819865801371634
16,4096,143.5,0.01730152254458517
16,4096,144.5,0.017891717550810426
16,4096,145.5,0.017667458450887352
16,4096,146.5,0.0179988740128465
16,4096,147.5,0.017481097020208836
16,4096,148.5,0.017817306506913155
16,4096,149.5,0.017698958981782198
16,4096,150.5,0.017735167522914708
16,4096,151.5,0.0178363059530966
16,4096,152.5,0.01764906500466168
16,4096,153.5,0.0178493345156312
16,4096,154.5,0.01790046296082437
16,4096,155.5,0.017647856031544507
16,4096,156.5,0.017792579426895827
16,4096,157.5,0.01756242848932743
16,4096,158.5,0.017687867977656424
16,4096,159.5,0.018082373484503478
16,4096,160.5,0.017490162572357804
16,4096,161.5,0.017792717495467514
16,4096,162.5,0.017747878504451364
16,4096,163.5,0.017656062031164765
16,4096,164.5,0.017917183984536678
16,4096,165.5,0.0175710849580355
16,4096,166.5,0.017916207027155906
16,4096,167.5,0.017747706966474652
16,4096,168.5,0.017864913039375097
16,4096,169.5,0.01738786301575601
16,4096,170.5,0.017751131497789174
16,4096,171.5,0.018145740556064993
16,4096,172.5,0.017469951941166073
16,4096,173.5,0.017841575434431434
16,4096,174.5,0.017589611001312733
16,4096,175.5,0.017664219019934535
16,4096,176.5,0.01812672900268808
16,4096,177.5,0.017431574466172606
16,4096,178.5,0.017846446484327316
16,4096,179.5,0.01784332498209551
16,4096,180.5,0.017961472971364856
16,4096,181.5,0.017448789556510746
16,4096,182.5,0.017705465957988054
16,4096,183.5,0.01773701945785433
16,4096,184.5,0.017946151026990265
16,4096,185.5,0.017823350499384105
16,4096,186.5,0.01770044199656695
16,4096,187.5,0.018209974514320493
16,4096,188.5,0.017286798974964768
16,4096,189.5,0.017833902034908533
16,4096,190.5,0.017786424490623176
16,4096,191.5,0.017891956493258476
16,4096,192.5,0.01790662604616955
16,4096,193.5,0.017507843498606235
16,4096,194.5,0.017782868002541363
16,4096,195.5,0.01821359753375873
16,4096,196.5,0.017459315480664372
16,4096,197.5,0.017834958503954113
16,4096,198.5,0.01783252094173804
16,4096,199.5,0.01772756944410503
16,4096,200.5,0.017738425987772644
16,4096,201.5,0.017672322457656264
16,4096,202.5,0.017695861461106688
16,4096,203.5,0.017786988988518715
16,4096,204.5,0.01798055600374937
16,4096,205.5,0.017468715028371662
16,4096,206.5,0.018326774996239692
16,4096,207.5,0.017500742978882045
16,4096,208.5,0.017586765461601317
16,4096,209.5,0.017823692527599633
16,4096,210.5,0.017884392000269145
16,4096,211.5,0.01776291651185602
16,4096,212.5,0.01772760204039514
16,4096,213.5,0.017853270983323455
16,4096,214.5,0.01772592746419832
16,4096,215.5,0.017612376541364938
16,4096,216.5,0.017815128026995808
16,4096,217.5,0.017841516993939877
16,4096,218.5,0.01791199145372957
16,4096,219.5,0.017518097476568073
16,4096,220.5,0.017881050531286746
16,4096,221.5,0.018149007519241422
16,4096,222.5,0.01748626696644351
16,4096,223.5,0.01784901600331068
16,4096,224.5,0.017641085491050035
16,4096,225.5,0.01779228146187961
16,4096,226.5,0.01790304249152541
16,4096,227.5,0.017421887954697013
16,4096,228.5,0.01783472002716735
16,4096,229.5,0.0177730469731614
16,4096,230.5,0.01790987199638039
16,4096,231.5,0.017663289501797408
16,4096,232.5,0.017779192538000643
16,4096,233.5,0.017700336466077715
16,4096,234.5,0.01778467500116676
16,4096,235.5,0.01768046146025881
16,4096,236.5,0.01766687852796167
16,4096,237.5,0.018026712001301348
16,4096,238.5,0.01788316247984767
16,4096,239.5,0.017550936492625624
16,4096,240.5,0.017933853494469076
16,4096,241.5,0.01779231650289148
16,4096,242.5,0.017723146069329232
16,4096,243.5,0.0178538384498097
16,4096,244.5,0.01764508947962895
16,4096,245.5,0.01786212151637301
16,4096,246.5,0.017635446973145008
16,4096,247.5,0.017812862526625395
16,4096,248.5,0.018161663960199803
16,4096,249.5,0.018159600964281708
16,6144,10.3125,0.018728230032138526
16,6144,11.3125,0.018840009986888617
16,6144,12.3125,0.018555581977125257
16,6144,13.3125,0.018446144997142255
16,6144,14.3125,0.01858225994510576
16,6144,15.3125,0.01861437497427687
16,6144,16.3125,0.01848604902625084
16,6144,17.3125,0.018564170051831752
16,6144,18.3125,0.018581687472760677
16,6144,19.3125,0.018591557047329843
16,6144,20.3125,0.018623290990944952
16,6144,21.3125,0.018518051481805742
16,6144,22.3125,0.01868368953000754
16,6144,23.3125,0.018619687529280782
16,6144,24.3125,0.01857373001985252
16,6144,25.3125,0.0185802704654634
16,6144,26.3125,0.0185161474510096
16,6144,27.3125,0.018647161952685565
16,6144,28.3125,0.018645870499312878
16,6144,29.3125,0.0183463329449296
16,6144,30.3125,0.01851381250889972
16,6144,31.3125,0.01860391750233248
16,6144,32.3125,0.018397479958366603
16,6144,33.3125,0.018541808531153947
16,6144,34.3125,0.018647138494998217
16,6144,35.3125,0.018531769048422575
16,6144,36.3125,0.01853792101610452
16,6144,37.3125,0.018837355077266693
16,6144,38.3125,0.018563343561254442
16,6144,39.3125,0.01835638895863667
16,6144,40.3125,0.018598631431814283
16,6144,41.3125,0.018579739495180547
16,6144,42.3125,0.018518364464398474
16,6144,43.3125,0.0184944705106318
16,6144,44.3125,0.01859523047460243
16,6144,45.3125,0.01858050998998806
16,6144,46.3125,0.018423983943648636
16,6144,47.3125,0.018475613498594612
16,6144,48.3125,0.01860873296391219
16,6144,49.3125,0.01851156901102513
16,6144,50.3125,0.018570056068710983
16,6144,51.3125,0.01866201643133536
16,6144,52.3125,0.018679775530472398
16,6144,53.3125,0.018469822010956705
16,6144,54.3125,0.01848969655111432
16,6144,55.3125,0.018552924506366253
16,6144,56.3125,0.01860847504576668
16,6144,57.3125,0.018632141523994505
16,6144,58.3125,0.01855809602420777
16,6144,59.3125,0.018751185503788292
16,6144,60.3125,0.018539122480433434
16,6144,61.3125,0.01847626594826579
16,6144,62.3125,0.018701035471167415
16,6144,63.3125,0.01869120105402544
16,6144,64.3125,0.018602019466925412
16,6144,65.3125,0.018718580482527614
16,6144,66.3125,0.01841980603057891
16,6144,67.3125,0.018438644998241216
16,6144,68.3125,0.018663590017240494
16,6144,69.3125,0.01875033148098737
16,6144,70.3125,0.018484789005015045
16,6144,71.3125,0.01824563747504726
16,6144,72.3125,0.018553455942310393
16,6144,73.3125,0.018731857067905366
16,6144,74.3125,0.018591888423543423
16,6144,75.3125,0.018597591028083116
16,6144,76.3125,0.018834680900909007
16,6144,77.3125,0.018566465005278587
16,6144,78.3125,0.018445788009557873
16,6144,79.3125,0.0186839239904657
16,6144,80.3125,0.018539354030508548
16,6144,81.3125,0.01841017894912511
16,6144,82.3125,0.018619928508996964
16,6144,83.3125,0.018777181510813534
16,6144,84.3125,0.01858074002666399
16,6144,85.3125,0.018322302028536797
16,6144,86.3125,0.018459148006513715
16,6144,87.3125,0.01871986751211807
16,6144,88.3125,0.01863376295659691
16,6144,89.3125,0.01857869850937277
16,6144,90.3125,0.018668623466510326
16,6144,91.3125,0.0185064424877055
16,6144,92.3125,0.018578597984742373
16,6144,93.3125,0.018564069003332406
16,6144,94.3125,0.018704614543821663
16,6144,95.3125,0.018571125983726233
16,6144,96.3125,0.018189522030297667
16,6144,97.3125,0.018531128531321883
16,6144,98.3125,0.018814390990883112
16,6144,99.3125,0.018601764051709324
16,6144,100.3125,0.01852313452400267
16,6144,101.3125,0.01865536900004372
16,6144,102.3125,0.018416565435472876
16,6144,103.3125,0.01844499644357711
16,6144,104.3125,0.018516733485739678
16,6144,105.3125,0.01875820104032755
16,6144,106.3125,0.018808188557159156
16,6144,107.3125,0.018409931508358568
16,6144,108.3125,0.01840536849340424
16,6144,109.3125,0.018665891489945352
16,6144,110.3125,0.018666127522010356
16,6144,111.3125,0.018569824926089495
16,6144,112.3125,0.018659075489267707
16,6144,113.3125,0.018510672030970454
16,6144,114.3125,0.018512726994231343
16,6144,115.3125,0.018572955508716404
16,6144,116.3125,0.018562917481176555
16,6144,117.3125,0.018773087998852134
16,6144,118.3125,0.01858385599916801
16,6144,119.3125,0.01853547152131796
16,6144,120.3125,0.018783569510560483
16,6144,121.3125,0.018689439981244504
16,6144,122.3125,0.018654946994502097
16,6144,123.3125,0.018677416956052184
16,6144,124.3125,0.018457198981195688
16,6144,125.3125,0.018456317484378815
16,6144,126.3125,0.018615034932736307
16,6144,127.3125,0.018617726513184607
16,6144,128.3125,0.01870394597062841
16,6144,129.3125,0.018524457525927573
16,6144,130.3125,0.018485822016373277
16,6144,131.3125,0.01871665648650378
16,6144,132.3125,0.018539640470407903
16,6144,133.3125,0.01863475947175175
16,6144,134.3125,0.01861045154510066
16,6144,135.3125,0.01841703796526417
16,6144,136.3125,0.018901981005910784
16,6144,137.3125,0.018838182499166578
16,6144,138.3125,0.01823479705490172
16,6144,139.3125,0.01858708745567128
16,6144,140.3125,0.018654149549547583
16,6144,141.3125,0.01860639953520149
16,6144,142.3125,0.01865949999773875
16,6144,143.3125,0.018672564008738846
16,6144,144.3125,0.01859025500016287
16,6144,145.3125,0.018483434978406876
16,6144,146.3125,0.018723457003943622
16,6144,147.3125,0.018809770524967462
16,6144,148.3125,0.018831844499800354
16,6144,149.3125,0.018616732500959188
16,6144,150.3125,0.018385663046501577
16,6144,151.3125,0.01856679649790749
16,6144,152.3125,0.018647050485014915
16,6144,153.3125,0.018598878988996148
16,6144,154.3125,0.018516347045078874
16,6144,155.3125,0.018690572527702898
16,6144,156.3125,0.018575014430098236
16,6144,157.3125,0.01855843502562493
16,6144,158.3125,0.018660752510186285
16,6144,159.3125,0.01863527746172622
16,6144,160.3125,0.01875237055355683
16,6144,161.3125,0.01860169303836301
16,6144,162.3125,0.01853550598025322
16,6144,163.3125,0.018703014007769525
16,6144,164.3125,0.01874231843976304
16,6144,165.3125,0.018682043009903282
16,6144,166.3125,0.018623675510752946
16,6144,167.3125,0.018662324524484575
16,6144,168.3125,0.018489414011128247
16,6144,169.3125,0.018398039566818625
16,6144,170.3125,0.01861480699153617
16,6144,171.3125,0.01881185598904267
16,6144,172.3125,0.018753542564809322
16,6144,173.3125,0.018503816972952336
16,6144,174.3125,0.018493985931854695
16,6144,175.3125,0.018682687485124916
16,6144,176.3125,0.018627613491844386
16,6144,177.3125,0.018613293999806046
16,6144,178.3125,0.018631315033417195
16,6144,179.3125,0.01850322401151061
16,6144,180.3125,0.018705456517636776
16,6144,181.3125,0.018714135512709618
16,6144,182.3125,0.018531751993577927
16,6144,183.3125,0.018626891018357128
16,6144,184.3125,0.01850535802077502
16,6144,185.3125,0.018653380451723933
16,6144,186.3125,0.01870465202955529
16,6144,187.3125,0.01866132247960195
16,6144,188.3125,0.018533504975493997
16,6144,189.3125,0.018631179991643876
16,6144,190.3125,0.018660248490050435
16,6144,191.3125,0.018610463477671146
16,6144,192.3125,0.01865841797553003
16,6144,193.3125,0.018679777975194156
16,6144,194.3125,0.01866652356693521
16,6144,195.3125,0.01870244345627725
16,6144,196.3125,0.018744978529866785
16,6144,197.3125,0.018523245002143085
16,6144,198.3125,0.01862528355559334
16,6144,199.3125,0.018614236498251557
16,6144,200.3125,0.018522287427913398
16,6144,201.3125,0.018579389550723135
16,6144,202.3125,0.018581904005259275
16,6144,203.3125,0.018559673451818526
16,6144,204.3125,0.01873141451505944
16,6144,205.3125,0.018715551472269
16,6144,206.3125,0.018680641485843807
16,6144,207.3125,0.018694128026254475
16,6144,208.3125,0.01870447996770963
16,6144,209.3125,0.018653872015420347
16,6144,210.3125,0.018565376463811845
16,6144,211.3125,0.0186377844074741
16,6144,212.3125,0.018626759527251124
16,6144,213.3125,0.01858627947513014
16,6144,214.3125,0.0185988059383817
16,6144,215.3125,0.018644208495970815
16,6144,216.3125,0.018687603063881397
16,6144,217.3125,0.018828205473255366
16,6144,218.3125,0.018661471433006227
16,6144,219.3125,0.018547131563536823
16,6144,220.3125,0.018583956582006067
16,6144,221.3125,0.01868970599025488
16,6144,222.3125,0.018628732999786735
16,6144,223.3125,0.01867692801170051
16,6144,224.3125,0.018797591503243893
16,6144,225.3125,0.018671233498025686
16,6144,226.3125,0.018668533535674214
16,6144,227.3125,0.01874061650596559
16,6144,228.3125,0.018556383962277323
16,6144,229.3125,0.018548533495049924
16,6144,230.3125,0.018605613033287227
16,6144,231.3125,0.018636919965501875
16,6144,232.3125,0.01873612147755921
16,6144,233.3125,0.018616519519127905
16,6144,234.3125,0.018645541043952107
16,6144,235.3125,0.018636919441632926
16,6144,236.3125,0.01872081501642242
16,6144,237.3125,0.018662585935089737
16,6144,238.3125,0.01855484751285985
16,6144,239.3125,0.018685416027437896
16,6144,240.3125,0.018645357515197247
16,6144,241.3125,0.018807175511028618
16,6144,242.3125,0.018610788509249687
16,6144,243.3125,0.01849148649489507
16,6144,244.3125,0.018652349477633834
16,6144,245.3125,0.018880065996199846
16,6144,246.3125,0.018722445471212268
16,6144,247.3125,0.018471084535121918
16,6144,248.3125,0.018871903012041003
32,64,5.09375,0.015466066484805197
32,64,6.09375,0.015948991000186652
32,64,7.09375,0.016175505006685853
32,64,8.09375,0.01590684097027406
32,64,9.09375,0.01589842897374183
32,64,10.09375,0.01612386596389115
32,64,11.09375,0.01566501200431958
32,64,12.09375,0.015739713970106095
32,64,13.09375,0.016137841972522438
32,64,14.09375,0.01601476554060355
32,64,15.09375,0.016140761028509587
32,64,16.09375,0.015732889529317617
32,64,17.09375,0.01599899650318548
32,64,18.09375,0.01592914148932323
32,64,19.09375,0.01592932705534622
32,64,20.09375,0.015792359074112028
32,64,21.09375,0.01570296351565048
32,64,22.09375,0.01598685496719554
32,64,23.09375,0.016240898985415697
32,64,24.09375,0.015571587020531297
32,64,25.09375,0.015751958009786904
32,64,26.09375,0.01608779502566904
32,64,27.09375,0.01607601501746103
32,64,28.09375,0.015802194480784237
32,64,29.09375,0.01582790305837989
32,64,30.09375,0.015891682007350028
32,64,31.09375,0.015682880475651473
32,64,32.09375,0.01603146898560226
32,64,33.09375,0.015939324512146413
32,64,34.09375,0.015999796043615788
32,64,35.09375,0.015739218972157687
32,64,36.09375,0.015920137520879507
32,64,37.09375,0.01569565146928653
32,64,38.09375,0.016068994475062937
32,64,39.09375,0.016131943557411432
32,64,40.09375,0.015653853421099484
32,64,41.09375,0.01607846945989877
32,64,42.09375,0.01566046301741153
32,64,43.09375,0.016267504484858364
32,64,44.09375,0.015476767963264138
32,64,45.09375,0.016289943538140506
32,64,46.09375,0.015732485975604504
32,64,47.09375,0.015883577929344028
32,64,48.09375,0.01582883350783959
32,64,49.09375,0.015627837972715497
32,64,50.09375,0.015958486939780414
32,64,51.09375,0.016056787979323417
32,64,52.09375,0.015966460516210645
32,64,53.09375,0.015565829526167363
32,64,54.09375,0.01601982646388933
32,64,55.09375,0.016005168959964067
32,64,56.09375,0.015966709528584033
32,64,57.09375,0.015713992528617382
32,64,58.09375,0.016275702510029078
32,64,59.09375,0.015350578527431935
32,64,60.09375,0.01646072301082313
32,64,61.09375,0.015809088537935168
32,64,62.09375,0.01567036152118817
32,64,63.09375,0.015986179991159588
32,64,64.09375,0.016037975496146828
32,64,65.09375,0.015992639935575426
32,64,66.09375,0.01593981951009482
32,64,67.09375,0.01590573351131752
32,64,68.09375,0.016031948965974152
32,64,69.09375,0.01579463150119409
32,64,70.09375,0.016323435527738184
32,64,71.09375,0.015881621453445405
32,64,72.09375,0.015854465018492192
32,64,73.09375,0.016259649011772126
32,64,74.09375,0.015674034017138183
32,64,75.09375,0.016209599503781646
32,64,76.09375,0.016085904033388942
32,64,77.09375,0.0157441149931401
32,64,78.09375,0.016070015029981732
32,64,79.09375,0.015970558510161936
32,64,80.09375,0.01620579801965505
32,64,81.09375,0.016098178981337696
32,64,82.09375,0.015682274010032415
32,64,83.09375,0.015931127010844648
32,64,84.09375,0.016117253515403718
32,64,85.09375,0.015823377936612815
32,64,86.09375,0.01607840257929638
32,64,87.09375,0.015832371020223945
32,64,88.09375,0.016067123971879482
32,64,89.09375,0.01610145199811086
32,64,90.09375,0.01583186100469902
32,64,91.09375,0.015937159478198737
32,64,92.09375,0.01626544602913782
32,64,93.09375,0.01589962496655062
32,64,94.09375,0.01605220598867163
32,64,95.09375,0.01586633751867339
32,64,96.09375,0.016214858507737517
32,64,97.09375,0.016029555001296103
32,64,98.09375,0.01618239446543157
32,64,99.09375,0.01590713649056852
32,64,100.09375,0.016089973563794047
32,64,101.09375,0.01573201996507123
32,64,102.09375,0.016051835962571204
32,64,103.09375,0.016123718000017107
32,64,104.09375,0.016098963445983827
32,64,105.09375,0.015898172452580184
32,64,106.09375,0.01599793997593224
32,64,107.09375,0.01562646502861753
32,64,108.09375,0.016035330947488546
32,64,109.09375,0.016130649019032717
32,64,110.09375,0.01595959992846474
32,64,111.09375,0.016047058044932783
32,64,112.09375,0.0157760739675723
32,64,113.09375,0.01594238798134029
32,64,114.09375,0.015901023987680674
32,64,115.09375,0.016062703973148018
32,64,116.09375,0.015888758993241936
32,64,117.09375,0.015833385463338345
32,64,118.09375,0.016106825962197036
32,64,119.09375,0.01604139298433438
32,64,120.09375,0.01595763798104599
32,64,121.09375,0.01580696349265054
32,64,122.09375,0.01649053901201114
32,64,123.09375,0.015624804014805704
32,64,124.09375,0.016016180510632694
32,64,125.09375,0.01595792651642114
32,64,126.09375,0.015990708023309708
32,64,127.09375,0.016135852434672415
32,64,128.09375,0.016044085030443966
32,64,129.09375,0.015973442466929555
32,64,130.09375,0.01619732694234699
32,64,131.09375,0.015449706988874823
32,64,132.09375,0.016057108936365694
32,64,133.09375,0.015932198439259082
32,64,134.09375,0.016035465465392917
32,64,135.09375,0.016184179519768804
32,64,136.09375,0.015782022441271693
32,64,137.09375,0.015893976553343236
32,64,138.09375,0.016116290469653904
32,64,139.09375,0.0159922304446809
32,64,140.09375,0.016287610516883433
32,64,141.09375,0.01563361700391397
32,64,142.09375,0.016404106514528394
32,64,143.09375,0.015933003451209515
32,64,144.09375,0.015974091016687453
32,64,145.09375,0.015990009531378746
32,64,146.09375,0.016107921488583088
32,64,147.09375,0.01602493046084419
32,64,148.09375,0.01602036494296044
32,64,149.09375,0.01578926749061793
32,64,150.09375,0.015917036042083055
32,64,151.09375,0.015788828022778034
32,64,152.09375,0.01642188150435686
32,64,153.09375,0.01573323254706338
32,64,154.09375,0.015989991487003863
32,64,155.09375,0.01607574400259182
32,64,156.09375,0.015969992033205926
32,64,157.09375,0.015886320499703288
32,64,158.09375,0.016020604991354048
32,64,159.09375,0.01631606149021536
32,64,160.09375,0.015915908967144787
32,64,161.09375,0.015944029961246997
32,64,162.09375,0.015835385536774993
32,64,163.09375,0.01611493300879374
32,64,164.09375,0.015899085032287985
32,64,165.09375,0.01639520254684612
32,64,166.09375,0.0157061125501059
32,64,167.09375,0.01594585395650938
32,64,168.09375,0.01605136349098757
32,64,169.09375,0.01596660551149398
32,64,170.09375,0.016027624486014247
32,64,171.09375,0.016077170439530164
32,64,172.09375,0.015931958972942084
32,64,173.09375,0.01598502794513479
32,64,174.09375,0.016179639496840537
32,64,175.09375,0.016186952532734722
32,64,176.09375,0.01587907300563529
32,64,177.09375,0.016002051008399576
32,64,178.09375,0.01594817597651854
32,64,179.09375,0.016099365486297756
32,64,180.09375,0.01587730902247131
32,64,181.09375,0.016140059975441545
32,64,182.09375,0.015823141497094184
32,64,183.09375,0.01609374355757609
32,64,184.09375,0.015773923485539854
32,64,185.09375,0.015949395019561052
32,64,186.09375,0.016380620538257062
32,64,187.09375,0.015990801504813135
32,64,188.09375,0.016122384986374527
32,64,189.09375,0.015604057000018656
32,64,190.09375,0.016225915518589318
32,64,191.09375,0.01627971901325509
32,64,192.09375,0.015752985433209687
32,64,193.09375,0.015951859939377755
32,64,194.09375,0.01624102349160239
32,64,195.09375,0.016212326067034155
32,64,196.09375,0.016415822494309396
32,64,197.09375,0.015587965957820415
32,64,198.09375,0.01662908704020083
32,64,199.09375,0.01579116703942418
32,64,200.09375,0.01683485647663474
32,64,201.09375,0.01538071152754128
32,64,202.09375,0.01633689145091921
32,64,203.09375,0.01599939400330186
32,64,204.09375,0.016458420548588037
32,64,205.09375,0.015806195442564785
32,64,206.09375,0.016441803541965783
32,64,207.09375,0.016201792052015662
32,64,208.09375,0.01605421252315864
32,64,209.09375,0.015943233447615057
32,64,210.09375,0.016019802482333034
32,64,211.09375,0.016191807517316192
32,64,212.09375,0.016018552472814918
32,64,213.09375,0.016630469530355185
32,64,214.09375,0.0157521374640055
32,64,215.09375,0.01620651298435405
32,64,216.09375,0.016207385517191142
32,64,217.09375,0.01600865798536688
32,64,218.09375,0.016270172549411654
32,64,219.09375,0.01595762197393924
32,64,220.09375,0.016092987498268485
32,64,221.09375,0.016216474468819797
32,64,222.09375,0.016134369070641696
32,64,223.09375,0.016208423941861838
32,64,224.09375,0.016118113999255
32,64,225.09375,0.016291511012241244
32,64,226.09375,0.01615981600480154
32,64,227.09375,0.01616132154595107
32,64,228.09375,0.015945005521643907
32,64,229.09375,0.016179595550056547
32,64,230.09375,0.015944294922519475
32,64,231.09375,0.016207177541218698
32,64,232.09375,0.01653855451149866
32,64,233.09375,0.016146811074577272
32,64,234.09375,0.015999333991203457
32,64,235.09375,0.016428104951046407
32,64,236.09375,0.016172040021046996
32,64,237.09375,0.016054478590376675
32,64,238.09375,0.01644321344792843
32,64,239.09375,0.015937542484607548
32,64,240.09375,0.0161093229544349
32,64,241.09375,0.01619792904239148
32,64,242.09375,0.01636452547973022
32,64,243.09375,0.016094777500256896
32,64,244.09375,0.01632540498394519
32,64,245.09375,0.01608301850501448
32,64,246.09375,0.016230656998232007
32,64,247.09375,0.016417549981269985
32,64,248.09375,0.015724312514066696
32,64,249.09375,0.016473850468173623
32,64,250.09375,0.01603787048952654
32,64,251.09375,0.01613125845324248
32,64,252.09375,0.016207868000492454
32,64,253.09375,0.016284736047964543
32,256,5.03125,0.016290186962578446
32,256,6.03125,0.01652527693659067
32,256,7.03125,0.01640461792703718
32,256,8.03125,0.01584891602396965
32,256,9.03125,0.01635726954555139
32,256,10.03125,0.01606797700515017
32,256,11.03125,0.015849176968913525
32,256,12.03125,0.01647796295583248
32,256,13.03125,0.01613152847858146
32,256,14.03125,0.016511022520717233
32,256,15.03125,0.015895629534497857
32,256,16.03125,0.016264557489193976
32,256,17.03125,0.01581059949239716
32,256,18.03125,0.016223659564275295
32,256,19.03125,0.01614253397565335
32,256,20.03125,0.016090291959699243
32,256,21.03125,0.01642895396798849
32,256,22.03125,0.015802800480742007
32,256,23.03125,0.01623146899510175
32,256,24.03125,0.01619303651386872
32,256,25.03125,0.01631712296511978
32,256,26.03125,0.01644235703861341
32,256,27.03125,0.016102377965580672
32,256,28.03125,0.015713084547314793
32,256,29.03125,0.01668521750252694
32,256,30.03125,0.016044419026002288
32,256,31.03125,0.01604166644392535
32,256,32.03125,0.016190210008062422
32,256,33.03125,0.015929639514070004
32,256,34.03125,0.016304680495522916
32,256,35.03125,0.016370445548091084
32,256,36.03125,0.015873266966082156
32,256,37.03125,0.0164601985597983
32,256,38.03125,0.01572178554488346
32,256,39.03125,0.01649134245235473
32,256,40.03125,0.015782217553351074
32,256,41.03125,0.016242889571003616
32,256,42.03125,0.016038226545788348
32,256,43.03125,0.016249435546342283
32,256,44.03125,0.016158440557774156
32,256,45.03125,0.016146204492542893
32,256,46.03125,0.016063180519267917
32,256,47.03125,0.01629372499883175
32,256,48.03125,0.01599473151145503
32,256,49.03125,0.016050958016421646
32,256,50.03125,0.016278837458230555
32,256,51.03125,0.01607304747449234
32,256,52.03125,0.01626878749812022
32,256,53.03125,0.01619321951875463
32,256,54.03125,0.016118119470775127
32,256,55.03125,0.01626986247720197
32,256,56.03125,0.016067407035734504
32,256,57.03125,0.01625988446176052
32,256,58.03125,0.016376917017623782
32,256,59.03125,0.015837147482670844
32,256,60.03125,0.01632529147900641
32,256,61.03125,0.0158497360534966
32,256,62.03125,0.01656305999495089
32,256,63.03125,0.016257671057246625
32,256,64.03125,0.01582630001939833
32,256,65.03125,0.016424746485427022
32,256,66.03125,0.01596212649019435
32,256,67.03125,0.016274357039947063
32,256,68.03125,0.01619200996356085
32,256,69.03125,0.015914700517896563
32,256,70.03125,0.016580856987275183
32,256,71.03125,0.015864470973610878
32,256,72.03125,0.01640818902524188
32,256,73.03125,0.015975309419445693
32,256,74.03125,0.016182782012037933
32,256,75.03125,0.016310314065776765
32,256,76.03125,0.01630033098626882
32,256,77.03125,0.016089430020656437
32,256,78.03125,0.01597771397791803
32,256,79.03125,0.016415834485087544
32,256,80.03125,0.016149087517987937
32,256,81.03125,0.01617665297817439
32,256,82.03125,0.0159498555585742
32,256,83.03125,0.016406848968472332
32,256,84.03125,0.01633444195613265
32,256,85.03125,0.016094566497486085
32,256,86.03125,0.015868950518779457
32,256,87.03125,0.01652482443023473
32,256,88.03125,0.01592876249924302
32,256,89.03125,0.016369330522138625
32,256,90.03125,0.01614732900634408
32,256,91.03125,0.01598006096901372
32,256,92.03125,0.015962664503604174
32,256,93.03125,0.016283253498841077
32,256,94.03125,0.01626062800642103
32,256,95.03125,0.01612615754129365
32,256,96.03125,0.016575905960053205
32,256,97.03125,0.016029201506171376
32,256,98.03125,0.01633566548116505
32,256,99.03125,0.01590135699370876
32,256,100.03125,0.01620110106887296
32,256,101.03125,0.016248121566604823
32,256,102.03125,0.016058054054155946
32,256,103.03125,0.016230618057306856
32,256,104.03125,0.01631867594551295
32,256,105.03125,0.015840290463529527
32,256,106.03125,0.01625737000722438
32,256,107.03125,0.016095476457849145
32,256,108.03125,0.016716304467990994
32,256,109.03125,0.01618906849762425
32,256,110.03125,0.015886974579188973
32,256,111.03125,0.016282246040645987
32,256,112.03125,0.016099037951789796
32,256,113.03125,0.01630841352744028
32,256,114.03125,0.016298444010317326
32,256,115.03125,0.01608205953380093
32,256,116.03125,0.01631625200388953
32,256,117.03125,0.015917084005195647
32,256,118.03125,0.016329243022482842
32,256,119.03125,0.016020998533349484
32,256,120.03125,0.01660799200180918
32,256,121.03125,0.016123600478749722
32,256,122.03125,0.016179289435967803
32,256,123.03125,0.016084900009445846
32,256,124.03125,0.01649966195691377
32,256,125.03125,0.01612068753456697
32,256,126.03125,0.015963734476827085
32,256,127.03125,0.016702783992514014
32,256,128.03125,0.01608527050120756
32,256,129.03125,0.01617721503134817
32,256,130.03125,0.016073404462076724
32,256,131.03125,0.016147387446835637
32,256,132.03125,0.01607547904131934
32,256,133.03125,0.016344198491424322
32,256,134.03125,0.01610919152153656
32,256,135.03125,0.016327589517459273
32,256,136.03125,0.01603501453064382
32,256,137.03125,0.01642789802281186
32,256,138.03125,0.01596786151640117
32,256,139.03125,0.016646105446852744
32,256,140.03125,0.016253747511655092
32,256,141.03125,0.016438096994534135
32,256,142.03125,0.015751764993183315
32,256,143.03125,0.01654031896032393
32,256,144.03125,0.016198450524825603
32,256,145.03125,0.01626012200722471
32,256,146.03125,0.01626935350941494
32,256,147.03125,0.01609916496090591
32,256,148.03125,0.016091308556497097
32,256,149.03125,0.01629510847851634
32,256,150.03125,0.016188875073567033
32,256,151.03125,0.01639065647032112
32,256,152.03125,0.016041141469031572
32,256,153.03125,0.01650245045311749
32,256,154.03125,0.01604021550156176
32,256,155.03125,0.016046401986386627
32,256,156.03125,0.016246893967036158
32,256,157.03125,0.016321650007739663
32,256,158.03125,0.016365576535463333
32,256,159.03125,0.01652154402108863
32,256,160.03125,0.015920265461318195
32,256,161.03125,0.01601810654392466
32,256,162.03125,0.01667174801696092
32,256,163.03125,0.01600387302460149
32,256,164.03125,0.016097533516585827
32,256,165.03125,0.016584959055762738
32,256,166.03125,0.016150738520082086
32,256,167.03125,0.01578850153600797
32,256,168.03125,0.016521436511538923
32,256,169.03125,0.016226454987190664
32,256,170.03125,0.01612132997252047
32,256,171.03125,0.016535335511434823
32,256,172.03125,0.01622399198822677
32,256,173.03125,0.016307914978824556
32,256,174.03125,0.016218077042140067
32,256,175.03125,0.01618322596186772
32,256,176.03125,0.016221709025558084
32,256,177.03125,0.01634972298052162
32,256,178.03125,0.01626108051277697
32,256,179.03125,0.016242426994722337
32,256,180.03125,0.015908998029772192
32,256,181.03125,0.01657088752835989
32,256,182.03125,0.01637173956260085
32,256,183.03125,0.016041791473980993
32,256,184.03125,0.0160825839266181
32,256,185.03125,0.016314828535541892
32,256,186.03125,0.016193340998142958
32,256,187.03125,0.01627308299066499
32,256,188.03125,0.01628015690948814
32,256,189.03125,0.016223462007474154
32,256,190.03125,0.016339257534127682
32,256,191.03125,0.01634585193824023
32,256,192.03125,0.015950979490298778
32,256,193.03125,0.01642722898395732
32,256,194.03125,0.01640968001447618
32,256,195.03125,0.016033196996431798
32,256,196.03125,0.0163417540024966
32,256,197.03125,0.0163716955576092
32,256,198.03125,0.01627415546681732
32,256,199.03125,0.01638831605669111
32,256,200.03125,0.016206445987336338
32,256,201.03125,0.016237542498856783
32,256,202.03125,0.016200899495743215
32,256,203.03125,0.01624690496828407
32,256,204.03125,0.01631794503191486
32,256,205.03125,0.016348042467143387
32,256,206.03125,0.016041320050135255
32,256,207.03125,0.016304882999975234
32,256,208.03125,0.016312510473653674
32,256,209.03125,0.016154110489878803
32,256,210.03125,0.016361653979402035
32,256,211.03125,0.016460298968013376
32,256,212.03125,0.015986329468432814
32,256,213.03125,0.016323479474522173
32,256,214.03125,0.01653906248975545
32,256,215.03125,0.015999826486222446
32,256,216.03125,0.016642942442558706
32,256,217.03125,0.015896881988737732
32,256,218.03125,0.016418807965237647
32,256,219.03125,0.01626761897932738
32,256,220.03125,0.016224791994318366
32,256,221.03125,0.01621864759363234
32,256,222.03125,0.016163189487997442
32,256,223.03125,0.01664515951415524
32,256,224.03125,0.016226141480728984
32,256,225.03125,0.0163450840045698
32,256,226.03125,0.016204784507863224
32,256,227.03125,0.016309772967360914
32,256,228.03125,0.01662285445490852
32,256,229.03125,0.01588467141846195
32,256,230.03125,0.01612710446352139
32,256,231.03125,0.016463321051560342
32,256,232.03125,0.016187946021091193
32,256,233.03125,0.016394697478972375
32,256,234.03125,0.01649735152022913
32,256,235.03125,0.016075447492767125
32,256,236.03125,0.016186150955036283
32,256,237.03125,0.016398411011323333
32,256,238.03125,0.016079444030765444
32,256,239.03125,0.016660343506373465
32,256,240.03125,0.016075877472758293
32,256,241.03125,0.01623778004432097
32,256,242.03125,0.016531178494915366
32,256,243.03125,0.016307569458149374
32,256,244.03125,0.016016567475162446
32,256,245.03125,0.016462999919895083
32,256,246.03125,0.016116092505399138
32,256,247.03125,0.01644711452536285
32,256,248.03125,0.016232080524787307
32,256,249.03125,0.01628549548331648
32,256,250.03125,0.01620215649018064
32,256,251.03125,0.016508493979927152
32,256,252.03125,0.016298170434311032
32,256,253.03125,0.016750135051552206
32,1024,6.375,0.01731945003848523
32,1024,7.375,0.01684177847346291
32,1024,8.375,0.017308816022705287
32,1024,9.375,0.016715526464395225
32,1024,10.375,0.01686080702347681
32,1024,11.375,0.0167506264988333
32,1024,12.375,0.017148043494671583
32,1024,13.375,0.016874955501407385
32,1024,14.375,0.017589803494047374
32,1024,15.375,0.01635105547029525
32,1024,16.375,0.01679700647946447
32,1024,17.375,0.01657984551275149
32,1024,18.375,0.017193270497955382
32,1024,19.375,0.016864071018062532
32,1024,20.375,0.017126113059930503
32,1024,21.375,0.016488798486534506
32,1024,22.375,0.01693755097221583
32,1024,23.375,0.016824344522319734
32,1024,24.375,0.01739372400334105
32,1024,25.375,0.016437077953014523
32,1024,26.375,0.017143987060990185
32,1024,27.375,0.016703266999684274
32,1024,28.375,0.01680787856457755
32,1024,29.375,0.016935104446019977
32,1024,30.375,0.016984662564937025
32,1024,31.375,0.016972725046798587
32,1024,32.375,0.016939175955485553
32,1024,33.375,0.016953023034147918
32,1024,34.375,0.016765246517024934
32,1024,35.375,0.016615021449979395
32,1024,36.375,0.017227660049684346
32,1024,37.375,0.016673081554472446
32,1024,38.375,0.01718116196570918
32,1024,39.375,0.016801210527773947
32,1024,40.375,0.016759908525273204
32,1024,41.375,0.016788386972621083
32,1024,42.375,0.017260678461752832
32,1024,43.375,0.016969460994005203
32,1024,44.375,0.01697498298017308
32,1024,45.375,0.016497631033416837
32,1024,46.375,0.017018541984725744
32,1024,47.375,0.016780640988145024
32,1024,48.375,0.017196854983922094
32,1024,49.375,0.016617447428870946
32,1024,50.375,0.017094212991651148
32,1024,51.375,0.016720323998015374
32,1024,52.375,0.01703634299337864
32,1024,53.375,0.01661550294375047
32,1024,54.375,0.01715104002505541
32,1024,55.375,0.01666704600211233
32,1024,56.375,0.017051273433025926
32,1024,57.375,0.01656299695605412
32,1024,58.375,0.017185028933454305
32,1024,59.375,0.016957966494373977
32,1024,60.375,0.017011062998790294
32,1024,61.375,0.016865375044289976
32,1024,62.375,0.01678236498264596
32,1024,63.375,0.01682648400310427
32,1024,64.375,0.01717872900189832
32,1024,65.375,0.016878686496056616
32,1024,66.375,0.01681467395974323
32,1024,67.375,0.01681839453522116
32,1024,68.375,0.01699150149943307
32,1024,69.375,0.016695328464265913
32,1024,70.375,0.017398654541466385
32,1024,71.375,0.016629447985906154
32,1024,72.375,0.017099999997299165
32,1024,73.375,0.01671871996950358
32,1024,74.375,0.01700915052788332
32,1024,75.375,0.01669272198341787
32,1024,76.375,0.01687233045231551
32,1024,77.375,0.016880712006241083
32,1024,78.375,0.01719576754840091
32,1024,79.375,0.016705123940482736
32,1024,80.375,0.017067669483367354
32,1024,81.375,0.0167611840297468
32,1024,82.375,0.016918915032874793
32,1024,83.375,0.01704132097074762
32,1024,84.375,0.01698656246298924
32,1024,85.375,0.016891487990505993
32,1024,86.375,0.016887691570445895
32,1024,87.375,0.016883039032109082
32,1024,88.375,0.016872011998202652
32,1024,89.375,0.017077923461329192
32,1024,90.375,0.016902448027394712
32,1024,91.375,0.01689892401918769
32,1024,92.375,0.01687963545555249
32,1024,93.375,0.017057196993846446
32,1024,94.375,0.016674629063345492
32,1024,95.375,0.017842875968199223
32,1024,96.375,0.01625230850186199
32,1024,97.375,0.016812865040265024
32,1024,98.375,0.016812705027405173
32,1024,99.375,0.01692368049407378
32,1024,100.375,0.017015448480378836
32,1024,101.375,0.01700161350890994
32,1024,102.375,0.016901141963899136
32,1024,103.375,0.016905027499888092
32,1024,104.375,0.016929390549194068
32,1024,105.375,0.016870163090061396
32,1024,106.375,0.016839181480463594
32,1024,107.375,0.017209581972565502
32,1024,108.375,0.016987158043775707
32,1024,109.375,0.01693269901443273
32,1024,110.375,0.017008162976708263
32,1024,111.375,0.016727534006349742
32,1024,112.375,0.01701003353809938
32,1024,113.375,0.017095964518375695
32,1024,114.375,0.016827546001877636
32,1024,115.375,0.01681751903379336
32,1024,116.375,0.017051097529474646
32,1024,117.375,0.016771629510913044
32,1024,118.375,0.016966604511253536
32,1024,119.375,0.016913569997996092
32,1024,120.375,0.016968893934972584
32,1024,121.375,0.01696207554778084
32,1024,122.375,0.017176980443764478
32,1024,123.375,0.016912701015826315
32,1024,124.375,0.01680120755918324
32,1024,125.375,0.017167803016491234
32,1024,126.375,0.016737445956096053
32,1024,127.375,0.017378796997945756
32,1024,128.375,0.0167350695701316
32,1024,129.375,0.016775297583080828
32,1024,130.375,0.017005004512611777
32,1024,131.375,0.01715367700671777
32,1024,132.375,0.016849171021021903
32,1024,133.375,0.01698797004064545
32,1024,134.375,0.017209770972840488
32,1024,135.375,0.016542463505174965
32,1024,136.375,0.016992789052892476
32,1024,137.375,0.017083913495298475
32,1024,138.375,0.016867621976416558
32,1024,139.375,0.0171827474841848
32,1024,140.375,0.01706095552071929
32,1024,141.375,0.016798797470983118
32,1024,142.375,0.017056988028343767
32,1024,143.375,0.017054044466931373
32,1024,144.375,0.016915414948016405
32,1024,145.375,0.01699025701964274
32,1024,146.375,0.017038111516740173
32,1024,147.375,0.01671596703818068
32,1024,148.375,0.01707207754952833
32,1024,149.375,0.017149691469967365
32,1024,150.375,0.016783131519332528
32,1024,151.375,0.017292621021624655
32,1024,152.375,0.016819166485220194
32,1024,153.375,0.016879166068974882
32,1024,154.375,0.016989747993648052
32,1024,155.375,0.0171301374793984
32,1024,156.375,0.01669778802897781
32,1024,157.375,0.01740168099058792
32,1024,158.375,0.016697654966264963
32,1024,159.375,0.017005488043650985
32,1024,160.375,0.017055261007044464
32,1024,161.375,0.017186316021252424
32,1024,162.375,0.016675660444889218
32,1024,163.375,0.0173210310167633
32,1024,164.375,0.016723304928746074
32,1024,165.375,0.016940391971729696
32,1024,166.375,0.017074903997126967
32,1024,167.375,0.017071195994503796
32,1024,168.375,0.0170650674845092
32,1024,169.375,0.017044907493982464
32,1024,170.375,0.017150720464996994
32,1024,171.375,0.016859897004906088
32,1024,172.375,0.016953336948063225
32,1024,173.375,0.017244664952158928
32,1024,174.375,0.016695146972779185
32,1024,175.375,0.017174967448227108
32,1024,176.375,0.016949679993558675
32,1024,177.375,0.016967357019893825
32,1024,178.375,0.01682403404265642
32,1024,179.375,0.01729152345797047
32,1024,180.375,0.01699238602304831
32,1024,181.375,0.016808380954898894
32,1024,182.375,0.017227458010893315
32,1024,183.375,0.016960044507868588
32,1024,184.375,0.017040051461663097
32,1024,185.375,0.017221248475834727
32,1024,186.375,0.016793827002402395
32,1024,187.375,0.01703530747909099
32,1024,188.375,0.016907706449273974
32,1024,189.375,0.017176443070638925
32,1024,190.375,0.016955803497694433
32,1024,191.375,0.01721557747805491
32,1024,192.375,0.016966270515695214
32,1024,193.375,0.01708581647835672
32,1024,194.375,0.016694488062057644
32,1024,195.375,0.017195325519423932
32,1024,196.375,0.01697857049293816
32,1024,197.375,0.017012390482705086
32,1024,198.375,0.016867550497408956
32,1024,199.375,0.017363731982186437
32,1024,200.375,0.016712827957235277
32,1024,201.375,0.01716532598948106
32,1024,202.375,0.017316528013907373
32,1024,203.375,0.016777022508904338
32,1024,204.375,0.016652536462061107
32,1024,205.375,0.017346369044389576
32,1024,206.375,0.01693828246789053
32,1024,207.375,0.017095533024985343
32,1024,208.375,0.01721015095245093
32,1024,209.375,0.01710033748531714
32,1024,210.375,0.016773578012362123
32,1024,211.375,0.01709973899414763
32,1024,212.375,0.01693596749100834
32,1024,213.375,0.01708246598718688
32,1024,214.375,0.01723114843480289
32,1024,215.375,0.016972218523733318
32,1024,216.375,0.016802863974589854
32,1024,217.375,0.017157876980490983
32,1024,218.375,0.017179800022859126
32,1024,219.375,0.017015799530781806
32,1024,220.375,0.017041529470589012
32,1024,221.375,0.016979512467514724
32,1024,222.375,0.01716989546548575
32,1024,223.375,0.016874470515176654
32,1024,224.375,0.017076302494388074
32,1024,225.375,0.016933898499701172
32,1024,226.375,0.016973580000922084
32,1024,227.375,0.01683399104513228
32,1024,228.375,0.01716089650290087
32,1024,229.375,0.01701564999530092
32,1024,230.375,0.017103429534472525
32,1024,231.375,0.01693881646497175
32,1024,232.375,0.01708828692790121
32,1024,233.375,0.016992941906210035
32,1024,234.375,0.01726754254195839
32,1024,235.375,0.01685282902326435
32,1024,236.375,0.017150477971881628
32,1024,237.375,0.01677303551696241
32,1024,238.375,0.017019521503243595
32,1024,239.375,0.017219693516381085
32,1024,240.375,0.017026415967848152
32,1024,241.375,0.016956590523477644
32,1024,242.375,0.017130816006101668
32,1024,243.375,0.017032299016136676
32,1024,244.375,0.017169009486678988
32,1024,245.375,0.017125300015322864
32,1024,246.375,0.016964209033176303
32,1024,247.375,0.01682267797878012
32,1024,248.375,0.017059721518307924
32,1024,249.375,0.01702286856016144
32,1024,250.375,0.01725106901722029
32,1024,251.375,0.017711408028844744
32,4096,12.5,0.019101852492894977
32,4096,13.5,0.019814969564322382
32,4096,14.5,0.019592671014834195
32,4096,15.5,0.01951210998231545
32,4096,16.5,0.019778250483796
32,4096,17.5,0.01932129805209115
32,4096,18.5,0.019671848975121975
32,4096,19.5,0.01961962750647217
32,4096,20.5,0.019537600979674608
32,4096,21.5,0.019744223507586867
32,4096,22.5,0.01932618796126917
32,4096,23.5,0.019910807022824883
32,4096,24.5,0.019578066014219075
32,4096,25.5,0.019683414488099515
32,4096,26.5,0.019588556489907205
32,4096,27.5,0.019363459025043994
32,4096,28.5,0.019468159473035485
32,4096,29.5,0.019862968008965254
32,4096,30.5,0.019587007525842637
32,4096,31.5,0.019574696489144117
32,4096,32.5,0.019647445995360613
32,4096,33.5,0.019503578543663025
32,4096,34.5,0.019624098495114595
32,4096,35.5,0.019474122032988816
32,4096,36.5,0.01962492649909109
32,4096,37.5,0.019658546545542777
32,4096,38.5,0.021433961461298168
32,4096,39.5,0.017790269979741424
32,4096,40.5,0.019516514032147825
32,4096,41.5,0.019336563535034657
32,4096,42.5,0.01959674450336024
32,4096,43.5,0.01923258200986311
32,4096,44.5,0.01983845146605745
32,4096,45.5,0.019658847071696073
32,4096,46.5,0.019632176961749792
32,4096,47.5,0.01976000046124682
32,4096,48.5,0.019257192965596914
32,4096,49.5,0.019632057985290885
32,4096,50.5,0.019621897023171186
32,4096,51.5,0.01957459596451372
32,4096,52.5,0.019694936519954354
32,4096,53.5,0.01945118699222803
32,4096,54.5,0.01964574051089585
32,4096,55.5,0.019369047484360635
32,4096,56.5,0.019680262019392103
32,4096,57.5,0.019831549550872296
32,4096,58.5,0.01939420052804053
32,4096,59.5,0.019798348541371524
32,4096,60.5,0.01935044303536415
32,4096,61.5,0.019556260958779603
32,4096,62.5,0.0197063444647938
32,4096,63.5,0.019508800993207842
32,4096,64.5,0.01976130553521216
32,4096,65.5,0.019515182997565717
32,4096,66.5,0.01955153449671343
32,4096,67.5,0.01980858197202906
32,4096,68.5,0.019181546464096755
32,4096,69.5,0.019651594979222864
32,4096,70.5,0.02004671801114455
32,4096,71.5,0.019586545997299254
32,4096,72.5,0.019419420510530472
32,4096,73.5,0.01950371148996055
32,4096,74.5,0.019419914053287357
32,4096,75.5,0.01964106800733134
32,4096,76.5,0.019724354438949376
32,4096,77.5,0.01968790852697566
32,4096,78.5,0.01964260800741613
32,4096,79.5,0.01950360299088061
32,4096,80.5,0.019637300458271056
32,4096,81.5,0.01963703497312963
32,4096,82.5,0.01979935501003638
32,4096,83.5,0.019686547573655844
32,4096,84.5,0.01941195601830259
32,4096,85.5,0.019511710503138602
32,4096,86.5,0.0196032720268704
32,4096,87.5,0.019655645068269223
32,4096,88.5,0.01983831450343132
32,4096,89.5,0.019372158974874765
32,4096,90.5,0.01979895046679303
32,4096,91.5,0.019544016453437507
32,4096,92.5,0.019392673508264124
32,4096,93.5,0.020049739978276193
32,4096,94.5,0.019365874060895294
32,4096,95.5,0.01963495946256444
32,4096,96.5,0.01952383149182424
32,4096,97.5,0.019508765486534685
32,4096,98.5,0.01955305051524192
32,4096,99.5,0.019617391983047128
32,4096,100.5,0.019654552510473877
32,4096,101.5,0.019680336525198072
32,4096,102.5,0.019693274050951004
32,4096,103.5,0.019663517945446074
32,4096,104.5,0.019801891525276005
32,4096,105.5,0.019515830965247005
32,4096,106.5,0.01946966047398746
32,4096,107.5,0.019468297017738223
32,4096,108.5,0.019823596929199994
32,4096,109.5,0.019824759976472706
32,4096,110.5,0.019571541459299624
32,4096,111.5,0.019573752535507083
32,4096,112.5,0.0195155234541744
32,4096,113.5,0.01953691302333027
32,4096,114.5,0.01971524691907689
32,4096,115.5,0.019283493573311716
32,4096,116.5,0.0198877994553186
32,4096,117.5,0.01956658100243658
32,4096,118.5,0.019607588998042047
32,4096,119.5,0.019917906494811177
32,4096,120.5,0.01909206702839583
32,4096,121.5,0.020182831038255244
32,4096,122.5,0.019452679494861513
32,4096,123.5,0.019780998467467725
32,4096,124.5,0.019838008447550237
32,4096,125.5,0.019480455026496202
32,4096,126.5,0.019699651515111327
32,4096,127.5,0.01969234348507598
32,4096,128.5,0.019559430016670376
32,4096,129.5,0.01969182601897046
32,4096,130.5,0.019278888939879835
32,4096,131.5,0.020210184040479362
32,4096,132.5,0.01933856849791482
32,4096,133.5,0.028919231961481273
32,4096,134.5,0.010528006008826196
32,4096,135.5,0.01953872200101614
32,4096,136.5,0.019410942506510764
32,4096,137.5,0.01984978246036917
32,4096,138.5,0.019534672028385103
32,4096,139.5,0.019654878473374993
32,4096,140.5,0.019512220460455865
32,4096,141.5,0.019608077476732433
32,4096,142.5,0.019784028525464237
32,4096,143.5,0.019527593452949077
32,4096,144.5,0.019478351052384824
32,4096,145.5,0.01985008001793176
32,4096,146.5,0.01956675451947376
32,4096,147.5,0.019731184525880963
32,4096,148.5,0.019689409586135298
32,4096,149.5,0.01940600003581494
32,4096,150.5,0.019854649959597737
32,4096,151.5,0.019455606467090547
32,4096,152.5,0.0197537264903076
32,4096,153.5,0.019712781941052526
32,4096,154.5,0.01963730901479721
32,4096,155.5,0.01960229646647349
32,4096,156.5,0.01953875954495743
32,4096,157.5,0.019781658484134823
32,4096,158.5,0.019712019013240933
32,4096,159.5,0.019461764488369226
32,4096,160.5,0.019726895494386554
32,4096,161.5,0.019543126050848514
32,4096,162.5,0.01961264299461618
32,4096,163.5,0.01981249504024163
32,4096,164.5,0.01956714049447328
32,4096,165.5,0.0196936700376682
32,4096,166.5,0.019704569480381906
32,4096,167.5,0.02001936547458172
32,4096,168.5,0.019439824507571757
32,4096,169.5,0.01953193952795118
32,4096,170.5,0.019489286991301924
32,4096,171.5,0.020698187523521483
32,4096,172.5,0.01874110201606527
32,4096,173.5,0.019684896513354033
32,4096,174.5,0.01991147198714316
32,4096,175.5,0.019466186000499874
32,4096,176.5,0.019745022465940565
32,4096,177.5,0.019771077553741634
32,4096,178.5,0.019315834972076118
32,4096,179.5,0.019878665450960398
32,4096,180.5,0.01952160248765722
32,4096,181.5,0.019644937478005886
32,4096,182.5,0.01957070652861148
32,4096,183.5,0.019637186429463327
32,4096,184.5,0.019818718545138836
32,4096,185.5,0.01955230050953105
32,4096,186.5,0.019829072058200836
32,4096,187.5,0.019693779991939664
32,4096,188.5,0.01969781646039337
32,4096,189.5,0.019668387016281486
32,4096,190.5,0.019586674985475838
32,4096,191.5,0.01966732699656859
32,4096,192.5,0.01966708607506007
32,4096,193.5,0.01974246051395312
32,4096,194.5,0.019739148439839482
32,4096,195.5,0.019611602008808404
32,4096,196.5,0.019783288007602096
32,4096,197.5,0.019727842533029616
32,4096,198.5,0.01971945894183591
32,4096,199.5,0.01970755949150771
32,4096,200.5,0.021106822998262942
32,4096,201.5,0.018621543480549008
32,4096,202.5,0.019662308564875275
32,4096,203.5,0.01971299055730924
32,4096,204.5,0.019708518986590207
32,4096,205.5,0.019386972533538938
32,4096,206.5,0.01992466050432995
32,4096,207.5,0.01930901996092871
32,4096,208.5,0.019699707976542413
32,4096,209.5,0.020038970978930593
32,4096,210.5,0.01982618198962882
32,4096,211.5,0.019504288968164474
32,4096,212.5,0.019495928019750863
32,4096,213.5,0.019752553023863584
32,4096,214.5,0.01960403297562152
32,4096,215.5,0.019631974573712796
32,4096,216.5,0.01968494604807347
32,4096,217.5,0.01960949948988855
32,4096,218.5,0.019608323462307453
32,4096,219.5,0.019611529482062906
32,4096,220.5,0.01976422854932025
32,4096,221.5,0.019662674516439438
32,4096,222.5,0.019656884483993053
32,4096,223.5,0.019681150035467
32,4096,224.5,0.019719833973795176
32,4096,225.5,0.019842283509206027
32,4096,226.5,0.019592114549595863
32,4096,227.5,0.019744026532862335
32,4096,228.5,0.019800034468062222
32,4096,229.5,0.019509642967022955
32,4096,230.5,0.02002523053670302
32,4096,231.5,0.019508715020492673
32,4096,232.5,0.019377889460884035
32,4096,233.5,0.019813246501144022
32,4096,234.5,0.01944840548094362
32,4096,235.5,0.02014983503613621
32,4096,236.5,0.019151907530613244
32,4096,237.5,0.019686012994498014
32,4096,238.5,0.01984594954410568
32,4096,239.5,0.019852130964864045
32,4096,240.5,0.019898553495295346
32,4096,241.5,0.019269346026703715
32,4096,242.5,0.01962121349060908
32,4096,243.5,0.01988433243241161
32,4096,244.5,0.019713005458470434
32,4096,245.5,0.019758868031203747
32,4096,246.5,0.01982609851984307
32,4096,247.5,0.020025624486152083
32,6144,16.9375,0.021661624952685088
32,6144,17.9375,0.021089672984089702
32,6144,18.9375,0.02135459746932611
32,6144,19.9375,0.021469736995641142
32,6144,20.9375,0.02103473449824378
32,6144,21.9375,0.02151093748398125
32,6144,22.9375,0.021275399019941688
32,6144,23.9375,0.02117250656010583
32,6144,24.9375,0.02140377601608634
32,6144,25.9375,0.02142158249625936
32,6144,26.9375,0.021303968504071236
32,6144,27.9375,0.02134441153611988
32,6144,28.9375,0.021857568994164467
32,6144,29.9375,0.0207133149378933
32,6144,30.9375,0.021382415085099638
32,6144,31.9375,0.022067704994697124
32,6144,32.9375,0.02044644800480455
32,6144,33.9375,0.021569434960838407
32,6144,34.9375,0.02098506852053106
32,6144,35.9375,0.021475846006069332
32,6144,36.9375,0.021365084976423532
32,6144,37.9375,0.021176340524107218
32,6144,38.9375,0.024361108953598887
32,6144,39.9375,0.018128976982552558
32,6144,40.9375,0.02159918349934742
32,6144,41.9375,0.021374249481596053
32,6144,42.9375,0.021272577461786568
32,6144,43.9375,0.021454147470649332
32,6144,44.9375,0.0213263490004465
32,6144,45.9375,0.0215291305212304
32,6144,46.9375,0.020841313526034355
32,6144,47.9375,0.021530636004172266
32,6144,48.9375,0.02112438902258873
32,6144,49.9375,0.02144433604553342
32,6144,50.9375,0.021024074056185782
32,6144,51.9375,0.02136360004078597
32,6144,52.9375,0.021514089487027377
32,6144,53.9375,0.020968434982933104
32,6144,54.9375,0.021661579958163202
32,6144,55.9375,0.02110722049837932
32,6144,56.9375,0.021338907536119223
32,6144,57.9375,0.02116672700503841
32,6144,58.9375,0.021315005025826395
32,6144,59.9375,0.02128984354203567
32,6144,60.9375,0.02129393006907776
32,6144,61.9375,0.021314069046638906
32,6144,62.9375,0.021318010985851288
32,6144,63.9375,0.021548226475715637
32,6144,64.9375,0.02120010246289894
32,6144,65.9375,0.021463807963300496
32,6144,66.9375,0.020986229937989265
32,6144,67.9375,0.021231662947684526
32,6144,68.9375,0.021511748025659472
32,6144,69.9375,0.021393588511273265
32,6144,70.9375,0.02117956051370129
32,6144,71.9375,0.021573260019067675
32,6144,72.9375,0.021158916468266398
32,6144,73.9375,0.021388654480688274
32,6144,74.9375,0.021177990071009845
32,6144,75.9375,0.021338066027965397
32,6144,76.9375,0.02120591647690162
32,6144,77.9375,0.02126677246997133
32,6144,78.9375,0.021474592038430274
32,6144,79.9375,0.02144124446203932
32,6144,80.9375,0.021069260546937585
32,6144,81.9375,0.021492284489795566
32,6144,82.9375,0.02132582600461319
32,6144,83.9375,0.021553304977715015
32,6144,84.9375,0.021493935550097376
32,6144,85.9375,0.02083216095343232
32,6144,86.9375,0.021378247009124607
32,6144,87.9375,0.021398529468569905
32,6144,88.9375,0.021375659969635308
32,6144,89.9375,0.021245232550427318
32,6144,90.9375,0.02157589449780062
32,6144,91.9375,0.021040925988927484
32,6144,92.9375,0.021498447516933084
32,6144,93.9375,0.021364982530940324
32,6144,94.9375,0.021284721966367215
32,6144,95.9375,0.02174377447227016
32,6144,96.9375,0.021062474988866597
32,6144,97.9375,0.021629384020343423
32,6144,98.9375,0.021159585972782224
32,6144,99.9375,0.021193016495089978
32,6144,100.9375,0.021087611559778452
32,6144,101.9375,0.021552654972765595
32,6144,102.9375,0.021687237487640232
32,6144,103.9375,0.02134480350650847
32,6144,104.9375,0.021067249588668346
32,6144,105.9375,0.021124108519870788
32,6144,106.9375,0.021509805461391807
32,6144,107.9375,0.02154234005138278
32,6144,108.9375,0.020948400953784585
32,6144,109.9375,0.021597591519821435
32,6144,110.9375,0.02137954847421497
32,6144,111.9375,0.02152102650143206
32,6144,112.9375,0.021110330009832978
32,6144,113.9375,0.02145253703929484
32,6144,114.9375,0.021475873014423996
32,6144,115.9375,0.02147192449774593
32,6144,116.9375,0.021550720441155136
32,6144,117.9375,0.02100917202187702
32,6144,118.9375,0.021440404001623392
32,6144,119.9375,0.0210319014149718
32,6144,120.9375,0.021377896482590586
32,6144,121.9375,0.021653213072568178
32,6144,122.9375,0.021278067491948605
32,6144,123.9375,0.021152529981918633
32,6144,124.9375,0.02177831798326224
32,6144,125.9375,0.02104120049625635
32,6144,126.9375,0.02177038200898096
32,6144,127.9375,0.020828445500228554
32,6144,128.9375,0.02153785596601665
32,6144,129.9375,0.021387219021562487
32,6144,130.9375,0.021547590964473784
32,6144,131.9375,0.02096779749263078
32,6144,132.9375,0.02133011451223865
32,6144,133.9375,0.021678346034605056
32,6144,134.9375,0.021038987557403743
32,6144,135.9375,0.022050009458325803
32,6144,136.9375,0.020778472942765802
32,6144,137.9375,0.021283306530676782
32,6144,138.9375,0.02151763398433104
32,6144,139.9375,0.021187998005189
32,6144,140.9375,0.02150765503756702
32,6144,141.9375,0.0217642750358209
32,6144,142.9375,0.021525874035432935
32,6144,143.9375,0.02089738001814112
32,6144,144.9375,0.021790885424707085
32,6144,145.9375,0.021223152056336403
32,6144,146.9375,0.021604709036182612
32,6144,147.9375,0.021281190507579595
32,6144,148.9375,0.020965992473065853
32,6144,149.9375,0.021579591964837164
32,6144,150.9375,0.021325461042579263
32,6144,151.9375,0.021251318510621786
32,6144,152.9375,0.02134770102566108
32,6144,153.9375,0.021566110488492996
32,6144,154.9375,0.021725111466366798
32,6144,155.9375,0.021126867504790425
32,6144,156.9375,0.02160506200743839
32,6144,157.9375,0.02130712353391573
32,6144,158.9375,0.021008370036724955
32,6144,159.9375,0.021487933525349945
32,6144,160.9375,0.021418775955680758
32,6144,161.9375,0.021632838528603315
32,6144,162.9375,0.020906815538182855
32,6144,163.9375,0.021819073532242328
32,6144,164.9375,0.021229763515293598
32,6144,165.9375,0.021420573524665087
32,6144,166.9375,0.021174443536438048
32,6144,167.9375,0.021488381957169622
32,6144,168.9375,0.02176791150122881
32,6144,169.9375,0.02115158998640254
32,6144,170.9375,0.021412695001345128
32,6144,171.9375,0.021237299079075456
32,6144,172.9375,0.021183840464800596
32,6144,173.9375,0.021672704431694
32,6144,174.9375,0.021528399491216987
32,6144,175.9375,0.021497597452253103
32,6144,176.9375,0.02150339400395751
32,6144,177.9375,0.021072875009849668
32,6144,178.9375,0.021591801021713763
32,6144,179.9375,0.021720031974837184
32,6144,180.9375,0.021171949978452176
32,6144,181.9375,0.021099245466757566
32,6144,182.9375,0.021297318977303803
32,6144,183.9375,0.021780149487312883
32,6144,184.9375,0.02139553747838363
32,6144,185.9375,0.021442750527057797
32,6144,186.9375,0.02141039102571085
32,6144,187.9375,0.021205952565651387
32,6144,188.9375,0.02152859146008268
32,6144,189.9375,0.021419362514279783
32,6144,190.9375,0.02152852201834321
32,6144,191.9375,0.021237739536445588
32,6144,192.9375,0.021445544552989304
32,6144,193.9375,0.021417091484181583
32,6144,194.9375,0.02146961254766211
32,6144,195.9375,0.02131162805017084
32,6144,196.9375,0.021478867973200977
32,6144,197.9375,0.021324932982679456
32,6144,198.9375,0.021800777001772076
32,6144,199.9375,0.021279663546010852
32,6144,200.9375,0.02114631951553747
32,6144,201.9375,0.021612204960547388
32,6144,202.9375,0.0210359999909997
32,6144,203.9375,0.02192655042745173
32,6144,204.9375,0.021359070553444326
32,6144,205.9375,0.021263582515530288
32,6144,206.9375,0.021240166970528662
32,6144,207.9375,0.02121629106113687
32,6144,208.9375,0.02168187452480197
32,6144,209.9375,0.021689640008844435
32,6144,210.9375,0.02099294401705265
32,6144,211.9375,0.021453621506225318
32,6144,212.9375,0.02161577349761501
32,6144,213.9375,0.021568210038822144
32,6144,214.9375,0.021079272497445345
32,6144,215.9375,0.021601164480671287
32,6144,216.9375,0.02165166800841689
32,6144,217.9375,0.02125500241527334
32,6144,218.9375,0.021179264003876597
32,6144,219.9375,0.021457485505379736
32,6144,220.9375,0.021368418936617672
32,6144,221.9375,0.02140437951311469
32,6144,222.9375,0.021539150504395366
32,6144,223.9375,0.02166571852285415
32,6144,224.9375,0.02132542448816821
32,6144,225.9375,0.02114915946731344
32,6144,226.9375,0.02179682144196704
32,6144,227.9375,0.02132502500899136
32,6144,228.9375,0.02154823753517121
32,6144,229.9375,0.021331205556634814
32,6144,230.9375,0.021709016000386328
32,6144,231.9375,0.02116478601237759
32,6144,232.9375,0.021680013509467244
32,6144,233.9375,0.02122171950759366
32,6144,234.9375,0.02147315494948998
32,6144,235.9375,0.021707630483433604
32,6144,236.9375,0.02150454098591581
32,6144,237.9375,0.021336555539164692
32,6144,238.9375,0.021219892019871622
32,6144,239.9375,0.02129441051511094
32,6144,240.9375,0.021666666492819786
32,6144,241.9375,0.02124984050169587
32,6144,242.9375,0.02235882548848167
64,64,5.78125,0.01669631851837039
64,64,6.78125,0.016934310493525118
64,64,7.78125,0.017286851536482573
64,64,8.78125,0.016479918034747243
64,64,9.78125,0.01691322447732091
64,64,10.78125,0.016638315049931407
64,64,11.78125,0.017182307492475957
64,64,12.78125,0.016741104540415108
64,64,13.78125,0.016787931555882096
64,64,14.78125,0.018594784545712173
64,64,15.78125,0.015907256049104035
64,64,16.78125,0.016783302009571344
64,64,17.78125,0.01655584597028792
64,64,18.78125,0.017021982523147017
64,64,19.78125,0.016707754519302398
64,64,20.78125,0.01684679399477318
64,64,21.78125,0.016804716491606086
64,64,22.78125,0.017281933513004333
64,64,23.78125,0.016447840549517423
64,64,24.78125,0.01679476397112012
64,64,25.78125,0.016709618968889117
64,64,26.78125,0.016817140975035727
64,64,27.78125,0.016950472490862012
64,64,28.78125,0.016820053046103567
64,64,29.78125,0.01684985449537635
64,64,30.78125,0.016837415983900428
64,64,31.78125,0.017101790523156524
64,64,32.78125,0.016405984002631158
64,64,33.78125,0.016876114532351494
64,64,34.78125,0.0169601995148696
64,64,35.78125,0.016938710468821228
64,64,36.78125,0.016566434525884688
64,64,37.78125,0.017082380480132997
64,64,38.78125,0.016566988546401262
64,64,39.78125,0.016854951973073184
64,64,40.78125,0.017117558047175407
64,64,41.78125,0.016830792068503797
64,64,42.78125,0.01688655454199761
64,64,43.78125,0.016926550481002778
64,64,44.78125,0.016639248467981815
64,64,45.78125,0.016961291490588337
64,64,46.78125,0.016967219533398747
64,64,47.78125,0.01683175447396934
64,64,48.78125,0.016847530496306717
64,64,49.78125,0.01685543853091076
64,64,50.78125,0.016771210939623415
64,64,51.78125,0.016860493982676417
64,64,52.78125,0.016813141468446702
64,64,53.78125,0.016320210532285273
64,64,54.78125,0.01700718846404925
64,64,55.78125,0.017022687999997288
64,64,56.78125,0.016740888939239085
64,64,57.78125,0.016837012954056263
64,64,58.78125,0.01687450153985992
64,64,59.78125,0.016982177970930934
64,64,60.78125,0.016753567499108613
64,64,61.78125,0.017028942005708814
64,64,62.78125,0.016720688028726727
64,64,63.78125,0.017425135534722358
64,64,64.78125,0.016759845486376435
64,64,65.78125,0.0169718720135279
64,64,66.78125,0.016908327001146972
64,64,67.78125,0.016791455447673798
64,64,68.78125,0.016739782062359154
64,64,69.78125,0.017160987481474876
64,64,70.78125,0.01729118451476097
64,64,71.78125,0.016901533002965152
64,64,72.78125,0.01712509145727381
64,64,73.78125,0.016686450981069356
64,64,74.78125,0.01710352802183479
64,64,75.78125,0.017486812022980303
64,64,76.78125,0.016543943958822638
64,64,77.78125,0.01710204198025167
64,64,78.78125,0.01704888098174706
64,64,79.78125,0.017117121489718556
64,64,80.78125,0.016845599515363574
64,64,81.78125,0.0172616284689866
64,64,82.78125,0.016737152938731015
64,64,83.78125,0.017017322010360658
64,64,84.78125,0.0171887640026398
64,64,85.78125,0.017051372036803514
64,64,86.78125,0.01665114751085639
64,64,87.78125,0.01702863647369668
64,64,88.78125,0.017046135501004755
64,64,89.78125,0.01724464853759855
64,64,90.78125,0.01692276552785188
64,64,91.78125,0.016956254024989903
64,64,92.78125,0.01674455846659839
64,64,93.78125,0.01740830799099058
64,64,94.78125,0.01699331746203825
64,64,95.78125,0.016922351496759802
64,64,96.78125,0.016981298511382192
64,64,97.78125,0.016832347493618727
64,64,98.78125,0.017017072008457035
64,64,99.78125,0.017131780448835343
64,64,100.78125,0.017178685520775616
64,64,101.78125,0.016885842545889318
64,64,102.78125,0.017359493009280413
64,64,103.78125,0.017223635921254754
64,64,104.78125,0.016772073518950492
64,64,105.78125,0.017222063499502838
64,64,106.78125,0.017035191471222788
64,64,107.78125,0.016950986988376826
64,64,108.78125,0.017022382467985153
64,64,109.78125,0.01697329297894612
64,64,110.78125,0.01709224743535742
64,64,111.78125,0.01715874846559018
64,64,112.78125,0.01694840897107497
64,64,113.78125,0.017003474466037005
64,64,114.78125,0.016893974971026182
64,64,115.78125,0.01722266396973282
64,64,116.78125,0.016919301473535597
64,64,117.78125,0.01706561096943915
64,64,118.78125,0.017290862509980798
64,64,119.78125,0.017001367988996208
64,64,120.78125,0.016878811467904598
64,64,121.78125,0.01708913006586954
64,64,122.78125,0.016807667445391417
64,64,123.78125,0.01720461348304525
64,64,124.78125,0.01730759599013254
64,64,125.78125,0.016967631003353745
64,64,126.78125,0.01685504097258672
64,64,127.78125,0.017336905526462942
64,64,128.78125,0.017197321518324316
64,64,129.78125,0.016951997007708997
64,64,130.78125,0.01699676545104012
64,64,131.78125,0.01699291547993198
64,64,132.78125,0.017216760490555316
64,64,133.78125,0.01685753947822377
64,64,134.78125,0.01705125893931836
64,64,135.78125,0.017115724564064294
64,64,136.78125,0.016986846982035786
64,64,137.78125,0.016832607507240027
64,64,138.78125,0.017367394466418773
64,64,139.78125,0.01682452898239717
64,64,140.78125,0.01724088448099792
64,64,141.78125,0.016834718466270715
64,64,142.78125,0.01736031554173678
64,64,143.78125,0.017037253477610648
64,64,144.78125,0.017163188545964658
64,64,145.78125,0.01671648200135678
64,64,146.78125,0.017164833494462073
64,64,147.78125,0.017407877021469176
64,64,148.78125,0.016648146498482674
64,64,149.78125,0.017459448019508272
64,64,150.78125,0.017055452975910157
64,64,151.78125,0.01674557849764824
64,64,152.78125,0.017509763478301466
64,64,153.78125,0.017116830975282937
64,64,154.78125,0.016789034998510033
64,64,155.78125,0.016888752987142652
64,64,156.78125,0.017193744017276913
64,64,157.78125,0.016671901452355087
64,64,158.78125,0.01786168647231534
64,64,159.78125,0.016346998512744904
64,64,160.78125,0.017248609568923712
64,64,161.78125,0.017344575957395136
64,64,162.78125,0.016918166424147785
64,64,163.78125,0.017207100056111813
64,64,164.78125,0.017037693061865866
64,64,165.78125,0.016941716545261443
64,64,166.78125,0.017508809512946755
64,64,167.78125,0.016995071491692215
64,64,168.78125,0.016566367936320603
64,64,169.78125,0.01716841949382797
64,64,170.78125,0.016913429484702647
64,64,171.78125,0.016850460960995406
64,64,172.78125,0.017632328032050282
64,64,173.78125,0.0169867574586533
64,64,174.78125,0.01704932050779462
64,64,175.78125,0.017241319466847926
64,64,176.78125,0.016789447516202927
64,64,177.78125,0.017109626554884017
64,64,178.78125,0.01741541497176513
64,64,179.78125,0.016998935025185347
64,64,180.78125,0.016950000484939665
64,64,181.78125,0.017314475495368242
64,64,182.78125,0.017211074999067932
64,64,183.78125,0.01729485351825133
64,64,184.78125,0.016826867999043316
64,64,185.78125,0.017325073014944792
64,64,186.78125,0.01686756598064676
64,64,187.78125,0.017266633978579193
64,64,188.78125,0.01684210606617853
64,64,189.78125,0.017618592944927514
64,64,190.78125,0.01703851349884644
64,64,191.78125,0.017295707541052252
64,64,192.78125,0.016743464046157897
64,64,193.78125,0.01722828997299075
64,64,194.78125,0.017764576012268662
64,64,195.78125,0.01736833300674334
64,64,196.78125,0.016972100478596985
64,64,197.78125,0.017207927478011698
64,64,198.78125,0.01690705999499187
64,64,199.78125,0.0175255864742212
64,64,200.78125,0.016826774983201176
64,64,201.78125,0.01759728748584166
64,64,202.78125,0.017024804023094475
64,64,203.78125,0.01754394150339067
64,64,204.78125,0.01718334452016279
64,64,205.78125,0.017207315017003566
64,64,206.78125,0.017012702010106295
64,64,207.78125,0.017579974024556577
64,64,208.78125,0.016885956982150674
64,64,209.78125,0.017275257501751184
64,64,210.78125,0.01739420701051131
64,64,211.78125,0.017357761040329933
64,64,212.78125,0.016875115979928523
64,64,213.78125,0.017615394957829267
64,64,214.78125,0.017259319487493485
64,64,215.78125,0.017334634496364743
64,64,216.78125,0.017426252481527627
64,64,217.78125,0.016840764961671084
64,64,218.78125,0.017068271001335233
64,64,219.78125,0.017478487046901137
64,64,220.78125,0.01732105598784983
64,64,221.78125,0.017201266018673778
64,64,222.78125,0.017277385049965233
64,64,223.78125,0.017087222018744797
64,64,224.78125,0.01747122558299452
64,64,225.78125,0.01760756195290014
64,64,226.78125,0.017540844506584108
64,64,227.78125,0.017067590495571494
64,64,228.78125,0.017455270513892174
64,64,229.78125,0.016835970513056964
64,64,230.78125,0.017325777444057167
64,64,231.78125,0.017419105977751315
64,64,232.78125,0.017263270041439682
64,64,233.78125,0.016810520086437464
64,64,234.78125,0.017821903980802745
64,64,235.78125,0.016847914026584476
64,64,236.78125,0.017704862460959703
64,64,237.78125,0.01722995250020176
64,64,238.78125,0.01735125097911805
64,64,239.78125,0.01686151255853474
64,64,240.78125,0.0176318334415555
64,64,241.78125,0.016881265037227422
64,64,242.78125,0.01757383643416688
64,64,243.78125,0.017136595502961427
64,64,244.78125,0.017248830059543252
64,64,245.78125,0.01692279049893841
64,64,246.78125,0.017364045488648117
64,64,247.78125,0.01705272198887542
64,64,248.78125,0.017461021954659373
64,64,249.78125,0.017260039574466646
64,64,250.78125,0.01750345603795722
64,64,251.78125,0.017743797972798347
64,64,252.78125,0.017404512036591768
64,256,5.515625,0.016448661976028234
64,256,6.515625,0.017918549478054047
64,256,7.515625,0.017087490006815642
64,256,8.515625,0.017308207519818097
64,256,9.515625,0.016781387967057526
64,256,10.515625,0.01748995599336922
64,256,11.515625,0.017154199013020843
64,256,12.515625,0.017129291023593396
64,256,13.515625,0.017487330944277346
64,256,14.515625,0.01749010052299127
64,256,15.515625,0.017171879473607987
64,256,16.515625,0.017292753502260894
64,256,17.515625,0.01704007398802787
64,256,18.515625,0.017625614476855844
64,256,19.515625,0.01712431403575465
64,256,20.515625,0.01717589655891061
64,256,21.515625,0.017456494562793523
64,256,22.515625,0.01736625947523862
64,256,23.515625,0.017054606461897492
64,256,24.515625,0.017524222494103014
64,256,25.515625,0.016978076950181276
64,256,26.515625,0.016978973522782326
64,256,27.515625,0.01758449146291241
64,256,28.515625,0.017328799003735185
64,256,29.515625,0.01715875352965668
64,256,30.515625,0.01720721396850422
64,256,31.515625,0.01743326405994594
64,256,32.515625,0.01684813597239554
64,256,33.515625,0.017781130503863096
64,256,34.515625,0.017358791490551084
64,256,35.515625,0.017048575507942587
64,256,36.515625,0.017169994011055678
64,256,37.515625,0.017295339494012296
64,256,38.515625,0.016861054464243352
64,256,39.515625,0.01754418050404638
64,256,40.515625,0.01713096344610676
64,256,41.515625,0.017430303036235273
64,256,42.515625,0.017270584008656442
64,256,43.515625,0.01746446604374796
64,256,44.515625,0.016886888479348272
64,256,45.515625,0.01752177200978622
64,256,46.515625,0.016880349081475288
64,256,47.515625,0.017674089991487563
64,256,48.515625,0.016865012468770146
64,256,49.515625,0.017488943471107632
64,256,50.515625,0.01700108451768756
64,256,51.515625,0.01797461905516684
64,256,52.515625,0.01684683293569833
64,256,53.515625,0.017561679473146796
64,256,54.515625,0.017556420469190925
64,256,55.515625,0.01751361199421808
64,256,56.515625,0.017395570466760546
64,256,57.515625,0.016909991565626115
64,256,58.515625,0.0170820684870705
64,256,59.515625,0.01757665950572118
64,256,60.515625,0.01739186205668375
64,256,61.515625,0.016984042536932975
64,256,62.515625,0.017391199013218284
64,256,63.515625,0.017397547489963472
64,256,64.515625,0.01734936604043469
64,256,65.515625,0.017171254032291472
64,256,66.515625,0.017412567452993244
64,256,67.515625,0.01691664499230683
64,256,68.515625,0.017833318503107876
64,256,69.515625,0.01716504798969254
64,256,70.515625,0.016881457006093115
64,256,71.515625,0.017621626029722393
64,256,72.515625,0.017474340449552983
64,256,73.515625,0.01685230649309233
64,256,74.515625,0.017923154460731894
64,256,75.515625,0.01721342548262328
64,256,76.515625,0.01717216451652348
64,256,77.515625,0.01741839002352208
64,256,78.515625,0.0173556205118075
64,256,79.515625,0.016885666525922716
64,256,80.515625,0.017678406496997923
64,256,81.515625,0.017180524533614516
64,256,82.515625,0.01732991699827835
64,256,83.515625,0.017390014021657407
64,256,84.515625,0.01742002449464053
64,256,85.515625,0.017035969940479845
64,256,86.515625,0.01774153800215572
64,256,87.515625,0.016948119562584907
64,256,88.515625,0.017340164515189826
64,256,89.515625,0.017568086565006524
64,256,90.515625,0.016923206916544586
64,256,91.515625,0.017525655450299382
64,256,92.515625,0.01786725246347487
64,256,93.515625,0.016643957991618663
64,256,94.515625,0.018111806537490338
64,256,95.515625,0.01717830344568938
64,256,96.515625,0.01675243047066033
64,256,97.515625,0.017548774019815028
64,256,98.515625,0.017762265459168702
64,256,99.515625,0.017219448927789927
64,256,100.515625,0.017115089984145015
64,256,101.515625,0.017750084516592324
64,256,102.515625,0.01645681948866695
64,256,103.515625,0.017753815511241555
64,256,104.515625,0.017304845503531396
64,256,105.515625,0.017275017453357577
64,256,106.515625,0.017613718984648585
64,256,107.515625,0.017292163975071162
64,256,108.515625,0.016840369498822838
64,256,109.515625,0.017752232030034065
64,256,110.515625,0.017570968018844724
64,256,111.515625,0.017227977514266968
64,256,112.515625,0.01758073049131781
64,256,113.515625,0.017051429487764835
64,256,114.515625,0.017566916474606842
64,256,115.515625,0.017615050950553268
64,256,116.515625,0.017393678484950215
64,256,117.515625,0.01689014647854492
64,256,118.515625,0.01785074599320069
64,256,119.515625,0.01720948750153184
64,256,120.515625,0.017503617971669883
64,256,121.515625,0.017375997500494123
64,256,122.515625,0.01704473700374365
64,256,123.515625,0.017156921967398375
64,256,124.515625,0.018129347474314272
64,256,125.515625,0.01666096947155893
64,256,126.515625,0.017820373992435634
64,256,127.515625,0.017786492535378784
64,256,128.515625,0.016659434011671692
64,256,129.515625,0.01782007998554036
64,256,130.515625,0.01738566701533273
64,256,131.515625,0.01755778503138572
64,256,132.515625,0.017340796592179686
64,256,133.515625,0.01764559594448656
64,256,134.515625,0.017347708984743804
64,256,135.515625,0.01753411698155105
64,256,136.515625,0.0175208100117743
64,256,137.515625,0.0172978580230847
64,256,138.515625,0.01802503049839288
64,256,139.515625,0.01730407850118354
64,256,140.515625,0.017416486516594887
64,256,141.515625,0.017681554541923106
64,256,142.515625,0.01781386899529025
64,256,143.515625,0.017371555499266833
64,256,144.515625,0.01741688750917092
64,256,145.515625,0.01763404702069238
64,256,146.515625,0.01736850751331076
64,256,147.515625,0.017472217557951808
64,256,148.515625,0.017480451962910593
64,256,149.515625,0.018318910035304725
64,256,150.515625,0.017482494993600994
64,256,151.515625,0.016881434537936002
64,256,152.515625,0.01756420952733606
64,256,153.515625,0.01770950498757884
64,256,154.515625,0.01695724349701777
64,256,155.515625,0.017975590948481113
64,256,156.515625,0.017566416529007256
64,256,157.515625,0.017138484923634678
64,256,158.515625,0.01770138496067375
64,256,159.515625,0.0174445349839516
64,256,160.515625,0.017856961057987064
64,256,161.515625,0.017277711012866348
64,256,162.515625,0.01785082498099655
64,256,163.515625,0.01744039700133726
64,256,164.515625,0.01754986197920516
64,256,165.515625,0.017475670494604856
64,256,166.515625,0.017483286501374096
64,256,167.515625,0.017618904472328722
64,256,168.515625,0.017460119968745857
64,256,169.515625,0.018079746514558792
64,256,170.515625,0.01681324647506699
64,256,171.515625,0.01824140944518149
64,256,172.515625,0.017582751461304724
64,256,173.515625,0.016809051972813904
64,256,174.515625,0.017984156496822834
64,256,175.515625,0.017569330520927906
64,256,176.515625,0.017304669483564794
64,256,177.515625,0.017788119497708976
64,256,178.515625,0.017390591034200042
64,256,179.515625,0.017751354491338134
64,256,180.515625,0.017236749932635576
64,256,181.515625,0.017715233494527638
64,256,182.515625,0.01722206547856331
64,256,183.515625,0.017509977507870644
64,256,184.515625,0.01784716796828434
64,256,185.515625,0.017520247551146895
64,256,186.515625,0.0174925085157156
64,256,187.515625,0.017637736978940666
64,256,188.515625,0.01785585400648415
64,256,189.515625,0.017116845003329217
64,256,190.515625,0.017690245003905147
64,256,191.515625,0.017718082468491048
64,256,192.515625,0.017235730483662337
64,256,193.515625,0.01757175847887993
64,256,194.515625,0.017934543488081545
64,256,195.515625,0.017649092013016343
64,256,196.515625,0.01709651103010401
64,256,197.515625,0.017545790527947247
64,256,198.515625,0.017766638018656522
64,256,199.515625,0.022011879947967827
64,256,200.515625,0.013324336498044431
64,256,201.515625,0.01806715299608186
64,256,202.515625,0.016831114538945258
64,256,203.515625,0.017560312058776617
64,256,204.515625,0.017801726469770074
64,256,205.515625,0.017250928445719182
64,256,206.515625,0.017685367492958903
64,256,207.515625,0.017676476039923728
64,256,208.515625,0.01730636297725141
64,256,209.515625,0.017682042496744543
64,256,210.515625,0.017696772993076593
64,256,211.515625,0.017473316460382193
64,256,212.515625,0.017788540513720363
64,256,213.515625,0.01734628004487604
64,256,214.515625,0.017548699455801398
64,256,215.515625,0.01808509649708867
64,256,216.515625,0.016917567001655698
64,256,217.515625,0.018098580418154597
64,256,218.515625,0.017623693507630378
64,256,219.515625,0.01720748346997425
64,256,220.515625,0.017923881008755416
64,256,221.515625,0.01776460197288543
64,256,222.515625,0.017511593992821872
64,256,223.515625,0.017469657526817173
64,256,224.515625,0.017735187022481114
64,256,225.515625,0.017346989479847252
64,256,226.515625,0.01781524153193459
64,256,227.515625,0.01732456748140976
64,256,228.515625,0.0177255654707551
64,256,229.515625,0.01737275900086388
64,256,230.515625,0.017966279003303498
64,256,231.515625,0.01767147850478068
64,256,232.515625,0.01752238697372377
64,256,233.515625,0.017085499013774097
64,256,234.515625,0.017947413551155478
64,256,235.515625,0.017490878992248327
64,256,236.515625,0.017597021535038948
64,256,237.515625,0.01777749852044508
64,256,238.515625,0.017676335002761334
64,256,239.515625,0.017399959499016404
64,256,240.515625,0.01791164855239913
64,256,241.515625,0.01770707848481834
64,256,242.515625,0.017130384512711316
64,256,243.515625,0.01781563152326271
64,256,244.515625,0.017630309041123837
64,256,245.515625,0.01780553295975551
64,256,246.515625,0.017570113006513566
64,256,247.515625,0.017611104005482048
64,256,248.515625,0.017489678983110934
64,256,249.515625,0.017937834025360644
64,256,250.515625,0.017278183542657644
64,256,251.515625,0.017706643498968333
64,256,252.515625,0.017794424027670175
64,1024,8.390625,0.018685148505028337
64,1024,9.390625,0.01871741598006338
64,1024,10.390625,0.018718599516432732
64,1024,11.390625,0.018773224961478263
64,1024,12.390625,0.018548647465649992
64,1024,13.390625,0.01874019845854491
64,1024,14.390625,0.017977717972826213
64,1024,15.390625,0.018775796983391047
64,1024,16.390625,0.01881558448076248
64,1024,17.390625,0.018831682042218745
64,1024,18.390625,0.018231198948342353
64,1024,19.390625,0.017978353484068066
64,1024,20.390625,0.019157886505126953
64,1024,21.390625,0.01845253648934886
64,1024,22.390625,0.018900862953159958
64,1024,23.390625,0.017949604080058634
64,1024,24.390625,0.019091216498054564
64,1024,25.390625,0.018234597460832447
64,1024,26.390625,0.018693248042836785
64,1024,27.390625,0.018527247477322817
64,1024,28.390625,0.018447113456204534
64,1024,29.390625,0.0187922979821451
64,1024,30.390625,0.018125372531358153
64,1024,31.390625,0.019260590022895485
64,1024,32.390625,0.018016760936006904
64,1024,33.390625,0.0188613110803999
64,1024,34.390625,0.01825830904999748
64,1024,35.390625,0.0189206434879452
64,1024,36.390625,0.018716232501901686
64,1024,37.390625,0.01827974955085665
64,1024,38.390625,0.019022540538571775
64,1024,39.390625,0.017702024488244206
64,1024,40.390625,0.019021467480342835
64,1024,41.390625,0.017885004985146224
64,1024,42.390625,0.0186836079810746
64,1024,43.390625,0.01844324852572754
64,1024,44.390625,0.018788377521559596
64,1024,45.390625,0.01838725246489048
64,1024,46.390625,0.019115589966531843
64,1024,47.390625,0.018505871994420886
64,1024,48.390625,0.018283770012203604
64,1024,49.390625,0.018374342005699873
64,1024,50.390625,0.018395171035081148
64,1024,51.390625,0.019073530042078346
64,1024,52.390625,0.018017784517724067
64,1024,53.390625,0.01847334305057302
64,1024,54.390625,0.018805190979037434
64,1024,55.390625,0.018741370004136115
64,1024,56.390625,0.018010496976785362
64,1024,57.390625,0.018581159005407244
64,1024,58.390625,0.01905533205717802
64,1024,59.390625,0.01845680852420628
64,1024,60.390625,0.018501835060305893
64,1024,61.390625,0.018335425527766347
64,1024,62.390625,0.018684700480662286
64,1024,63.390625,0.018188451474998146
64,1024,64.390625,0.019008796487469226
64,1024,65.390625,0.018089627497829497
64,1024,66.390625,0.01884689793223515
64,1024,67.390625,0.01865841750986874
64,1024,68.390625,0.018216981494333595
64,1024,69.390625,0.018731917487457395
64,1024,70.390625,0.01833402446936816
64,1024,71.390625,0.018940058012958616
64,1024,72.390625,0.018269305059220642
64,1024,73.390625,0.018765207030810416
64,1024,74.390625,0.01843785948585719
64,1024,75.390625,0.01900334155652672
64,1024,76.390625,0.01847699750214815
64,1024,77.390625,0.01811966556124389
64,1024,78.390625,0.019100373436231166
64,1024,79.390625,0.018196285527665168
64,1024,80.390625,0.018530955945607275
64,1024,81.390625,0.01854734803782776
64,1024,82.390625,0.0188382004853338
64,1024,83.390625,0.01819824200356379
64,1024,84.390625,0.019040811457671225
64,1024,85.390625,0.01839495252352208
64,1024,86.390625,0.018783698964398354
64,1024,87.390625,0.01868589298101142
64,1024,88.390625,0.01811911101685837
64,1024,89.390625,0.018475912453141063
64,1024,90.390625,0.018918493995442986
64,1024,91.390625,0.01889061351539567
64,1024,92.390625,0.01836316450498998
64,1024,93.390625,0.018759055470582098
64,1024,94.390625,0.01857558049960062
64,1024,95.390625,0.01823639852227643
64,1024,96.390625,0.018911036488134414
64,1024,97.390625,0.018312286003492773
64,1024,98.390625,0.018848193518351763
64,1024,99.390625,0.018056868517305702
64,1024,100.390625,0.018950967059936374
64,1024,101.390625,0.01837572397198528
64,1024,102.390625,0.018905996053945273
64,1024,103.390625,0.01837805047398433
64,1024,104.390625,0.01876538951182738
64,1024,105.390625,0.018719674029853195
64,1024,106.390625,0.018486173066776246
64,1024,107.390625,0.01867453451268375
64,1024,108.390625,0.01884478348074481
64,1024,109.390625,0.018459139042533934
64,1024,110.390625,0.018530230969190598
64,1024,111.390625,0.018530488072428852
64,1024,112.390625,0.018485819513443857
64,1024,113.390625,0.01900490396656096
64,1024,114.390625,0.01837387849809602
64,1024,115.390625,0.018681865534745157
64,1024,116.390625,0.01854203047696501
64,1024,117.390625,0.018507261003833264
64,1024,118.390625,0.018856222042813897
64,1024,119.390625,0.018493684998247772
64,1024,120.390625,0.018786119995638728
64,1024,121.390625,0.018329228507354856
64,1024,122.390625,0.018783927022013813
64,1024,123.390625,0.018594173539895564
64,1024,124.390625,0.018828880041837692
64,1024,125.390625,0.018279657524544746
64,1024,126.390625,0.018334533495362848
64,1024,127.390625,0.019287921953946352
64,1024,128.390625,0.01826354197692126
64,1024,129.390625,0.01889177499106154
64,1024,130.390625,0.01872085646027699
64,1024,131.390625,0.018371192447375506
64,1024,132.390625,0.019305108464322984
64,1024,133.390625,0.01835921104066074
64,1024,134.390625,0.018733361444901675
64,1024,135.390625,0.01897134497994557
64,1024,136.390625,0.018754365504719317
64,1024,137.390625,0.018505454529076815
64,1024,138.390625,0.01899678452173248
64,1024,139.390625,0.018505814543459564
64,1024,140.390625,0.019184424949344248
64,1024,141.390625,0.018305228499229997
64,1024,142.390625,0.018659493420273066
64,1024,143.390625,0.01885427994420752
64,1024,144.390625,0.018717305501922965
64,1024,145.390625,0.01873162144329399
64,1024,146.390625,0.018744590983260423
64,1024,147.390625,0.01868959952844307
64,1024,148.390625,0.01865818304941058
64,1024,149.390625,0.018999903579242527
64,1024,150.390625,0.01892920647514984
64,1024,151.390625,0.01838309405138716
64,1024,152.390625,0.018764692009426653
64,1024,153.390625,0.018742602551355958
64,1024,154.390625,0.0189687330275774
64,1024,155.390625,0.01847037300467491
64,1024,156.390625,0.01874638203298673
64,1024,157.390625,0.018876420974265784
64,1024,158.390625,0.01858672604430467
64,1024,159.390625,0.019071927992627025
64,1024,160.390625,0.018488666450139135
64,1024,161.390625,0.018737111473456025
64,1024,162.390625,0.019103556987829506
64,1024,163.390625,0.018507539993152022
64,1024,164.390625,0.01871280901832506
64,1024,165.390625,0.01895888353465125
64,1024,166.390625,0.018603827455081046
64,1024,167.390625,0.0188303614850156
64,1024,168.390625,0.018531778536271304
64,1024,169.390625,0.019186659017577767
64,1024,170.390625,0.018812617054209113
64,1024,171.390625,0.018522115016821772
64,1024,172.390625,0.01863984251394868
64,1024,173.390625,0.019253340549767017
64,1024,174.390625,0.018521562044043094
64,1024,175.390625,0.01893704797839746
64,1024,176.390625,0.01817749097244814
64,1024,177.390625,0.01917468651663512
64,1024,178.390625,0.018857158487662673
64,1024,179.390625,0.018525997002143413
64,1024,180.390625,0.018810364475939423
64,1024,181.390625,0.018838210962712765
64,1024,182.390625,0.018540933029726148
64,1024,183.390625,0.018700429005548358
64,1024,184.390625,0.018971528974361718
64,1024,185.390625,0.018651524966116995
64,1024,186.390625,0.018697359482757747
64,1024,187.390625,0.018902147945482284
64,1024,188.390625,0.018527930486015975
64,1024,189.390625,0.019186626479495317
64,1024,190.390625,0.018779245496261865
64,1024,191.390625,0.018369467987213284
64,1024,192.390625,0.01868380355881527
64,1024,193.390625,0.018877675000112504
64,1024,194.390625,0.018913408974185586
64,1024,195.390625,0.018617792520672083
64,1024,196.390625,0.018853218003641814
64,1024,197.390625,0.01897763804299757
64,1024,198.390625,0.018651480495464057
64,1024,199.390625,0.018735242076218128
64,1024,200.390625,0.01887208200059831
64,1024,201.390625,0.018873186432756484
64,1024,202.390625,0.01871045446023345
64,1024,203.390625,0.018623716081492603
64,1024,204.390625,0.018837159033864737
64,1024,205.390625,0.018951010482851416
64,1024,206.390625,0.018243432510644197
64,1024,207.390625,0.018931724422145635
64,1024,208.390625,0.01894711802015081
64,1024,209.390625,0.018802513484843075
64,1024,210.390625,0.018712454475462437
64,1024,211.390625,0.018819779041223228
64,1024,212.390625,0.01881754898931831
64,1024,213.390625,0.018952903512399644
64,1024,214.390625,0.01866761001292616
64,1024,215.390625,0.01884140248876065
64,1024,216.390625,0.01881887804483995
64,1024,217.390625,0.019080886500887573
64,1024,218.390625,0.01814813952660188
64,1024,219.390625,0.019011830037925392
64,1024,220.390625,0.01901317003648728
64,1024,221.390625,0.01886424550320953
64,1024,222.390625,0.018464960041455925
64,1024,223.390625,0.018776609504129738
64,1024,224.390625,0.018699263979215175
64,1024,225.390625,0.01887321047252044
64,1024,226.390625,0.018636240507476032
64,1024,227.390625,0.019090482557658106
64,1024,228.390625,0.018829510430805385
64,1024,229.390625,0.018736790458206087
64,1024,230.390625,0.018642567447386682
64,1024,231.390625,0.018845686980057508
64,1024,232.390625,0.01864270999794826
64,1024,233.390625,0.01913579151732847
64,1024,234.390625,0.018945335526950657
64,1024,235.390625,0.018837192503269762
64,1024,236.390625,0.018436454993207008
64,1024,237.390625,0.018930941994767636
64,1024,238.390625,0.019097283482551575
64,1024,239.390625,0.018454968521837145
64,1024,240.390625,0.01904652250232175
64,1024,241.390625,0.018657227978110313
64,1024,242.390625,0.018715722020715475
64,1024,243.390625,0.018949799006804824
64,1024,244.390625,0.019254892482422292
64,1024,245.390625,0.018748270522337407
64,1024,246.390625,0.018563057470601052
64,1024,247.390625,0.018888482940383255
64,1024,248.390625,0.018927697034087032
64,1024,249.390625,0.0191908334963955
64,4096,20.296875,0.023764380486682057
64,4096,21.296875,0.02392877999227494
64,4096,22.296875,0.02385323849739507
64,4096,23.296875,0.02393784048035741
64,4096,24.296875,0.0235552639933303
64,4096,25.296875,0.023940672515891492
64,4096,26.296875,0.02403452998260036
64,4096,27.296875,0.023770601488649845
64,4096,28.296875,0.023558380489703268
64,4096,29.296875,0.023873602505773306
64,4096,30.296875,0.023658006510231644
64,4096,31.296875,0.02465479902457446
64,4096,32.296875,0.02345789549872279
64,4096,33.296875,0.02385963295819238
64,4096,34.296875,0.024053720000665635
64,4096,35.296875,0.024035327485762537
64,4096,36.296875,0.023655094031710178
64,4096,37.296875,0.02389552997192368
64,4096,38.296875,0.023536367516499013
64,4096,39.296875,0.02388752397382632
64,4096,40.296875,0.024435587460175157
64,4096,41.296875,0.023514222470112145
64,4096,42.296875,0.023767831502482295
64,4096,43.296875,0.02380630699917674
64,4096,44.296875,0.02401798649225384
64,4096,45.296875,0.023810973507352173
64,4096,46.296875,0.024283809994813055
64,4096,47.296875,0.023373893462121487
64,4096,48.296875,0.02393354446394369
64,4096,49.296875,0.02371579094324261
64,4096,50.296875,0.023828229517675936
64,4096,51.296875,0.023552089522127062
64,4096,52.296875,0.023671085480600595
64,4096,53.296875,0.02427933004219085
64,4096,54.296875,0.02375814545666799
64,4096,55.296875,0.0236663079704158
64,4096,56.296875,0.02428219048306346
64,4096,57.296875,0.023818591027520597
64,4096,58.296875,0.023359558486845344
64,4096,59.296875,0.024150996934622526
64,4096,60.296875,0.023954747477546334
64,4096,61.296875,0.023833528044633567
64,4096,62.296875,0.023624575522262603
64,4096,63.296875,0.0239966434892267
64,4096,64.296875,0.02367513143690303
64,4096,65.296875,0.023798274982254952
64,4096,66.296875,0.02412407350493595
64,4096,67.296875,0.023610067029949278
64,4096,68.296875,0.02371034596581012
64,4096,69.296875,0.023660271079279482
64,4096,70.296875,0.023890568467322737
64,4096,71.296875,0.02391349198296666
64,4096,72.296875,0.024169849464669824
64,4096,73.296875,0.023927908507175744
64,4096,74.296875,0.02356647700071335
64,4096,75.296875,0.023906978545710444
64,4096,76.296875,0.023777679482009262
64,4096,77.296875,0.023826390563044697
64,4096,78.296875,0.02372753998497501
64,4096,79.296875,0.02393951651174575
64,4096,80.296875,0.02438962901942432
64,4096,81.296875,0.023491772008128464
64,4096,82.296875,0.02361600351287052
64,4096,83.296875,0.024062768963631243
64,4096,84.296875,0.023668013513088226
64,4096,85.296875,0.024246687476988882
64,4096,86.296875,0.02395918156253174
64,4096,87.296875,0.02381787699414417
64,4096,88.296875,0.023351261450443417
64,4096,89.296875,0.024021658522542566
64,4096,90.296875,0.02377278998028487
64,4096,91.296875,0.023818039568141103
64,4096,92.296875,0.023763484961818904
64,4096,93.296875,0.024192012031562626
64,4096,94.296875,0.023949938535224646
64,4096,95.296875,0.023539018467999995
64,4096,96.296875,0.02403958246577531
64,4096,97.296875,0.024368840036913753
64,4096,98.296875,0.02346826152643189
64,4096,99.296875,0.024136792460922152
64,4096,100.296875,0.02380306605482474
64,4096,101.296875,0.02402496093418449
64,4096,102.296875,0.023683456529397517
64,4096,103.296875,0.024258722958620638
64,4096,104.296875,0.02334666543174535
64,4096,105.296875,0.024261945975013077
64,4096,106.296875,0.023614913050550967
64,4096,107.296875,0.023907141527161002
64,4096,108.296875,0.023749165469780564
64,4096,109.296875,0.024359029543120414
64,4096,110.296875,0.023265640484169126
64,4096,111.296875,0.024033533525653183
64,4096,112.296875,0.023841708491090685
64,4096,113.296875,0.023767151520587504
64,4096,114.296875,0.02366881794296205
64,4096,115.296875,0.024301438010297716
64,4096,116.296875,0.023332086973823607
64,4096,117.296875,0.023768986051436514
64,4096,118.296875,0.023778778966516256
64,4096,119.296875,0.024270754016470164
64,4096,120.296875,0.023792066029272974
64,4096,121.296875,0.024246043001767248
64,4096,122.296875,0.023555332969408482
64,4096,123.296875,0.02425776101881638
64,4096,124.296875,0.02374400442931801
64,4096,125.296875,0.024051386513747275
64,4096,126.296875,0.023790602572262287
64,4096,127.296875,0.02418859099270776
64,4096,128.296875,0.023813938023522496
64,4096,129.296875,0.024152759986463934
64,4096,130.296875,0.02385656745173037
64,4096,131.296875,0.023981488484423608
64,4096,132.296875,0.0239485414349474
64,4096,133.296875,0.023909126524813473
64,4096,134.296875,0.02392791403690353
64,4096,135.296875,0.023979827528819442
64,4096,136.296875,0.023856933985371143
64,4096,137.296875,0.02420471201185137
64,4096,138.296875,0.023771282518282533
64,4096,139.296875,0.02456206554779783
64,4096,140.296875,0.023458365525584668
64,4096,141.296875,0.02415717445546761
64,4096,142.296875,0.02418646845035255
64,4096,143.296875,0.024057413975242525
64,4096,144.296875,0.023832019534893334
64,4096,145.296875,0.02405053999973461
64,4096,146.296875,0.024035977490711957
64,4096,147.296875,0.023855852079577744
64,4096,148.296875,0.02412045549135655
64,4096,149.296875,0.024449873017147183
64,4096,150.296875,0.02399764594156295
64,4096,151.296875,0.024105653050355613
64,4096,152.296875,0.024158945539966226
64,4096,153.296875,0.024121153459418565
64,4096,154.296875,0.02401013852795586
64,4096,155.296875,0.024085576995275915
64,4096,156.296875,0.024175629019737244
64,4096,157.296875,0.024029147054534405
64,4096,158.296875,0.023934671480674297
64,4096,159.296875,0.02352391602471471
64,4096,160.296875,0.023827833007089794
64,4096,161.296875,0.024520846433006227
64,4096,162.296875,0.023447269573807716
64,4096,163.296875,0.024217098485678434
64,4096,164.296875,0.024145959469024092
64,4096,165.296875,0.023952296003699303
64,4096,166.296875,0.024522727529983968
64,4096,167.296875,0.02396317955572158
64,4096,168.296875,0.02378297649556771
64,4096,169.296875,0.02401596849085763
64,4096,170.296875,0.024500022002030164
64,4096,171.296875,0.023713788541499525
64,4096,172.296875,0.024058043025434017
64,4096,173.296875,0.023998200485948473
64,4096,174.296875,0.024270459543913603
64,4096,175.296875,0.023620938474778086
64,4096,176.296875,0.024005166487768292
64,4096,177.296875,0.02442112349672243
64,4096,178.296875,0.023916553531307727
64,4096,179.296875,0.023982440994586796
64,4096,180.296875,0.024116448999848217
64,4096,181.296875,0.023854214465245605
64,4096,182.296875,0.023970300506334752
64,4096,183.296875,0.024509862472768873
64,4096,184.296875,0.02380868251202628
64,4096,185.296875,0.02402914548292756
64,4096,186.296875,0.023736980510875583
64,4096,187.296875,0.024101210001390427
64,4096,188.296875,0.024497624021023512
64,4096,189.296875,0.02387746801832691
64,4096,190.296875,0.024117607506923378
64,4096,191.296875,0.02393131295684725
64,4096,192.296875,0.02437302900943905
64,4096,193.296875,0.024172272998839617
64,4096,194.296875,0.02382013254100457
64,4096,195.296875,0.024029796943068504
64,4096,196.296875,0.024186680442653596
64,4096,197.296875,0.023821306007448584
64,4096,198.296875,0.02418075647437945
64,4096,199.296875,0.023683037026785314
64,4096,200.296875,0.02469041495351121
64,4096,201.296875,0.0235426765284501
64,4096,202.296875,0.02398584596812725
64,4096,203.296875,0.024265924002975225
64,4096,204.296875,0.024259683035779744
64,4096,205.296875,0.02413486101431772
64,4096,206.296875,0.02355683851055801
64,4096,207.296875,0.024200163024943322
64,4096,208.296875,0.024073390406556427
64,4096,209.296875,0.023875938495621085
64,4096,210.296875,0.024137037515174598
64,4096,211.296875,0.024150344484951347
64,4096,212.296875,0.024019093019887805
64,4096,213.296875,0.024415725492872298
64,4096,214.296875,0.024078308488242328
64,4096,215.296875,0.024270171532407403
64,4096,216.296875,0.02360755647532642
64,4096,217.296875,0.02410857001086697
64,4096,218.296875,0.024131322046741843
64,4096,219.296875,0.023827058030292392
64,4096,220.296875,0.02416063693817705
64,4096,221.296875,0.024413143983110785
64,4096,222.296875,0.023831387457903475
64,4096,223.296875,0.023869834025390446
64,4096,224.296875,0.024324306461494416
64,4096,225.296875,0.02417078398866579
64,4096,226.296875,0.023844481504056603
64,4096,227.296875,0.024181158980354667
64,4096,228.296875,0.024040350515861064
64,4096,229.296875,0.023936900484841317
64,4096,230.296875,0.024181622953619808
64,4096,231.296875,0.024290607019793242
64,4096,232.296875,0.02394066151464358
64,4096,233.296875,0.023901469074189663
64,4096,234.296875,0.02432681800564751
64,4096,235.296875,0.02404875255888328
64,4096,236.296875,0.024133336497470737
64,4096,237.296875,0.02418092603329569
64,6144,28.296875,0.027667696995195
64,6144,29.296875,0.026909481966868043
64,6144,30.296875,0.027520283008925617
64,6144,31.296875,0.02683739800704643
64,6144,32.296875,0.027399718994274735
64,6144,33.296875,0.027102469059173018
64,6144,34.296875,0.027382211468648165
64,6144,35.296875,0.027822939038742334
64,6144,36.296875,0.026698606030549854
64,6144,37.296875,0.027062817534897476
64,6144,38.296875,0.02746727003250271
64,6144,39.296875,0.02752154500922188
64,6144,40.296875,0.027248430473264307
64,6144,41.296875,0.027282284456305206
64,6144,42.296875,0.027362591470591724
64,6144,43.296875,0.02739614702295512
64,6144,44.296875,0.027198521071113646
64,6144,45.296875,0.027189645974431187
64,6144,46.296875,0.027319609478581697
64,6144,47.296875,0.027011784492060542
64,6144,48.296875,0.027324335533194244
64,6144,49.296875,0.027269815444014966
64,6144,50.296875,0.02714913903037086
64,6144,51.296875,0.027424417494330555
64,6144,52.296875,0.027309641533065587
64,6144,53.296875,0.026907988474704325
64,6144,54.296875,0.02725390944397077
64,6144,55.296875,0.02737754851114005
64,6144,56.296875,0.02734078699722886
64,6144,57.296875,0.026906014478299767
64,6144,58.296875,0.027199749543797225
64,6144,59.296875,0.027384279004763812
64,6144,60.296875,0.027434274496044964
64,6144,61.296875,0.02716043998952955
64,6144,62.296875,0.02690291655017063
64,6144,63.296875,0.027527188532985747
64,6144,64.296875,0.027221501572057605
64,6144,65.296875,0.02715346950571984
64,6144,66.296875,0.027150281006470323
64,6144,67.296875,0.027309017546940595
64,6144,68.296875,0.02741328248521313
64,6144,69.296875,0.02720421605044976
64,6144,70.296875,0.026997381530236453
64,6144,71.296875,0.02774102397961542
64,6144,72.296875,0.02719910495216027
64,6144,73.296875,0.027141664002556354
64,6144,74.296875,0.027099581027869135
64,6144,75.296875,0.027253543492406607
64,6144,76.296875,0.027374723460525274
64,6144,77.296875,0.027126518019940704
64,6144,78.296875,0.027272765524685383
64,6144,79.296875,0.027153145929332823
64,6144,80.296875,0.027167291031219065
64,6144,81.296875,0.027418596553616226
64,6144,82.296875,0.027420673053711653
64,6144,83.296875,0.027561290480662137
64,6144,84.296875,0.02708251547301188
64,6144,85.296875,0.02713403053348884
64,6144,86.296875,0.0271442310186103
64,6144,87.296875,0.027466801460832357
64,6144,88.296875,0.027175364550203085
64,6144,89.296875,0.027202788915019482
64,6144,90.296875,0.027419063029810786
64,6144,91.296875,0.027394973498303443
64,6144,92.296875,0.027127421519253403
64,6144,93.296875,0.027120046492200345
64,6144,94.296875,0.027389175491407514
64,6144,95.296875,0.02737080695806071
64,6144,96.296875,0.027331396471709013
64,6144,97.296875,0.02731130347819999
64,6144,98.296875,0.027364235545974225
64,6144,99.296875,0.027547432982828468
64,6144,100.296875,0.026802354026585817
64,6144,101.296875,0.02747803897364065
64,6144,102.296875,0.027266617980785668
64,6144,103.296875,0.02731300500454381
64,6144,104.296875,0.027447367028798908
64,6144,105.296875,0.02772194496355951
64,6144,106.296875,0.026923692494165152
64,6144,107.296875,0.027132663584779948
64,6144,108.296875,0.027228554477915168
64,6144,109.296875,0.027486677514389157
64,6144,110.296875,0.02747423597611487
64,6144,111.296875,0.027491382032167166
64,6144,112.296875,0.027393573545850813
64,6144,113.296875,0.027097384503576905
64,6144,114.296875,0.02734355954453349
64,6144,115.296875,0.027226012491155416
64,6144,116.296875,0.02743587555596605
64,6144,117.296875,0.027462569007184356
64,6144,118.296875,0.027426660468336195
64,6144,119.296875,0.027231873013079166
64,6144,120.296875,0.027364099980331957
64,6144,121.296875,0.027329052449204028
64,6144,122.296875,0.027598488552030176
64,6144,123.296875,0.027265366981737316
64,6144,124.296875,0.02751350949984044
64,6144,125.296875,0.02741915499791503
64,6144,126.296875,0.027278379478957504
64,6144,127.296875,0.02768897998612374
64,6144,128.296875,0.02702751394826919
64,6144,129.296875,0.02759247407084331
64,6144,130.296875,0.027346638962626457
64,6144,131.296875,0.02744898496894166
64,6144,132.296875,0.027428011992014945
64,6144,133.296875,0.027513941982761025
64,6144,134.296875,0.02729723451193422
64,6144,135.296875,0.027732806047424674
64,6144,136.296875,0.02750110544729978
64,6144,137.296875,0.027339278953149915
64,6144,138.296875,0.027381180494558066
64,6144,139.296875,0.02751238999189809
64,6144,140.296875,0.027313877420965582
64,6144,141.296875,0.027418605575803667
64,6144,142.296875,0.02764950750861317
64,6144,143.296875,0.027063379995524883
64,6144,144.296875,0.02749621996190399
64,6144,145.296875,0.027405183529481292
64,6144,146.296875,0.027441755519248545
64,6144,147.296875,0.027460503508336842
64,6144,148.296875,0.02749680308625102
64,6144,149.296875,0.02750021847896278
64,6144,150.296875,0.027343358495272696
64,6144,151.296875,0.027428055531345308
64,6144,152.296875,0.027406448032706976
64,6144,153.296875,0.027502188517246395
64,6144,154.296875,0.02746060851495713
64,6144,155.296875,0.027445476967841387
64,6144,156.296875,0.027568457007873803
64,6144,157.296875,0.027129094989504665
64,6144,158.296875,0.027423892461229116
64,6144,159.296875,0.027489759493619204
64,6144,160.296875,0.0276179175125435
64,6144,161.296875,0.027591324993409216
64,6144,162.296875,0.027507184480782598
64,6144,163.296875,0.02749404200585559
64,6144,164.296875,0.027309720986522734
64,6144,165.296875,0.027209824416786432
64,6144,166.296875,0.02720588108059019
64,6144,167.296875,0.027286776981782168
64,6144,168.296875,0.02758713747607544
64,6144,169.296875,0.027258654532488436
64,6144,170.296875,0.02764328953344375
64,6144,171.296875,0.027375419449526817
64,6144,172.296875,0.027362740540411323
64,6144,173.296875,0.02750455104978755
64,6144,174.296875,0.0276175964390859
64,6144,175.296875,0.02737030800199136
64,6144,176.296875,0.027426236541941762
64,6144,177.296875,0.02769775700289756
64,6144,178.296875,0.026964946009684354
64,6144,179.296875,0.027782445948105305
64,6144,180.296875,0.02733031945535913
64,6144,181.296875,0.027730850037187338
64,6144,182.296875,0.027052426477894187
64,6144,183.296875,0.027561876049730927
64,6144,184.296875,0.027720469515770674
64,6144,185.296875,0.027530009974725544
64,6144,186.296875,0.02736909646773711
64,6144,187.296875,0.027350955992005765
64,6144,188.296875,0.0276730700279586
64,6144,189.296875,0.02749162749387324
64,6144,190.296875,0.0277529030572623
64,6144,191.296875,0.027276666020043194
64,6144,192.296875,0.02726055955281481
64,6144,193.296875,0.027652754506561905
64,6144,194.296875,0.027703801984898746
64,6144,195.296875,0.027869654062669724
64,6144,196.296875,0.0275582154863514
64,6144,197.296875,0.027185463986825198
64,6144,198.296875,0.02721924753859639
64,6144,199.296875,0.027838327456265688
64,6144,200.296875,0.02726714499294758
64,6144,201.296875,0.027795336965937167
64,6144,202.296875,0.027490014035720378
64,6144,203.296875,0.027365310001187027
64,6144,204.296875,0.027258493995759636
64,6144,205.296875,0.02783027704572305
64,6144,206.296875,0.027858087967615575
64,6144,207.296875,0.02753009053412825
64,6144,208.296875,0.02728412946453318
64,6144,209.296875,0.027636542043183
64,6144,210.296875,0.027622007997706532
64,6144,211.296875,0.027353702986147255
64,6144,212.296875,0.02776425494812429
64,6144,213.296875,0.02729442750569433
64,6144,214.296875,0.027302463015075773
64,6144,215.296875,0.027738071570638567
64,6144,216.296875,0.027623429952654988
64,6144,217.296875,0.02755780250299722
64,6144,218.296875,0.02748031949158758
64,6144,219.296875,0.027486392064020038
64,6144,220.296875,0.027431059046648443
64,6144,221.296875,0.02745840500574559
64,6144,222.296875,0.027307733485940844
64,6144,223.296875,0.027670407958794385
64,6144,224.296875,0.027524383971467614
64,6144,225.296875,0.02732597046997398
64,6144,226.296875,0.027696364501025528
64,6144,227.296875,0.02757494553225115
64,6144,228.296875,0.027722848462872207
64,6144,229.296875,0.02791157300816849
