B,repeat,stream_index,k,start_minus_fire,end_minus_fire,t_iter_observed,injection_ttft
4,0,0,2,-0.438335666898638,0.1328241580631584,0.5711598249617964,2.070686330087483
4,0,0,3,0.1328241580631584,0.14771633001510054,0.014892171951942146,2.070686330087483
4,0,0,4,0.14771633001510054,0.7078868590760976,0.5601705290609971,2.070686330087483
4,0,0,5,0.7078868590760976,1.3680089220870286,0.660122063010931,2.070686330087483
4,0,0,6,1.3680089220870286,2.0709996190853417,0.7029906969983131,2.070686330087483
4,0,1,2,-0.43846352596301585,0.1322714160196483,0.5707349419826642,2.070686330087483
4,0,1,3,0.1322714160196483,0.14721259707584977,0.014941181056201458,2.070686330087483
4,0,1,4,0.14721259707584977,0.7077367440797389,0.5605241470038891,2.070686330087483
4,0,1,5,0.7077367440797389,1.3678476430941373,0.6601108990143985,2.070686330087483
4,0,1,6,1.3678476430941373,2.0711816010298207,0.7033339579356834,2.070686330087483
4,0,2,1,0.14765077410265803,0.7076011380413547,0.5599503639386967,2.070686330087483
4,0,2,2,0.7076011380413547,1.3677182480460033,0.6601171100046486,2.070686330087483
4,0,2,3,1.3677182480460033,2.070895409095101,0.7031771610490978,2.070686330087483
4,0,3,1,0.13273662503343076,0.147298802039586,0.014562177006155252,2.070686330087483
4,0,3,2,0.147298802039586,0.7078093350864947,0.5605105330469087,2.070686330087483
4,0,3,3,0.7078093350864947,1.3679206219967455,0.6601112869102508,2.070686330087483
4,0,3,4,1.3679206219967455,2.0710981000447646,0.7031774780480191,2.070686330087483
4,1,0,1,0.13985789893195033,0.6963813789188862,0.5565234799869359,2.0545628790277988
4,1,0,2,0.6963813789188862,1.3594194089528173,0.6630380300339311,2.0545628790277988
4,1,0,3,1.3594194089528173,2.053049003938213,0.6936295949853957,2.0545628790277988
4,1,0,4,2.053049003938213,2.055413171998225,0.0023641680600121617,2.0545628790277988
4,1,1,1,-0.44357692799530923,0.125018497928977,0.5685954259242862,2.0545628790277988
4,1,1,2,0.125018497928977,0.13991553394589573,0.014897036016918719,2.0545628790277988
4,1,1,3,0.13991553394589573,0.6964782120194286,0.5565626780735329,2.0545628790277988
4,1,1,4,0.6964782120194286,1.3594886140199378,0.6630104020005092,2.0545628790277988
4,1,1,5,1.3594886140199378,2.052846094011329,0.6933574799913913,2.0545628790277988
4,1,1,6,2.052846094011329,2.0554726999253035,0.0026266059139743447,2.0545628790277988
4,1,2,1,0.12531899602618068,0.13998724496923387,0.014668248943053186,2.0545628790277988
4,1,2,2,0.13998724496923387,0.6965467819245532,0.5565595369553193,2.0545628790277988
4,1,2,3,0.6965467819245532,1.3595516260247678,0.6630048441002145,2.0545628790277988
4,1,2,4,1.3595516260247678,2.052923208917491,0.6933715828927234,2.0545628790277988
4,1,2,5,2.052923208917491,2.0555296989623457,0.0026064900448545814,2.0545628790277988
4,1,3,1,-0.44399283605162054,0.12483942694962025,0.5688322630012408,2.0545628790277988
4,1,3,2,0.12483942694962025,0.13956224895082414,0.014722822001203895,2.0545628790277988
4,1,3,3,0.13956224895082414,0.6962125250138342,0.5566502760630101,2.0545628790277988
4,1,3,4,0.6962125250138342,1.3592761419713497,0.6630636169575155,2.0545628790277988
4,1,3,5,1.3592761419713497,2.0529878749512136,0.6937117329798639,2.0545628790277988
4,1,3,6,2.0529878749512136,2.055326608940959,0.0023387339897453785,2.0545628790277988
4,2,0,1,0.1352148789446801,0.15021765499841422,0.015002776053734124,2.0659578730119392
4,2,0,2,0.15021765499841422,0.7091647350462154,0.5589470800478011,2.0659578730119392
4,2,0,3,0.7091647350462154,1.3703645119676366,0.6611997769214213,2.0659578730119392
4,2,0,4,1.3703645119676366,2.064389233943075,0.6940247219754383,2.0659578730119392
4,2,0,5,2.064389233943075,2.066841944004409,0.0024527100613340735,2.0659578730119392
4,2,1,1,0.15055131202097982,0.7089261489454657,0.5583748369244859,2.0659578730119392
4,2,1,2,0.7089261489454657,1.3701388789340854,0.6612127299886197,2.0659578730119392
4,2,1,3,1.3701388789340854,2.0645481089595705,0.6944092300254852,2.0659578730119392
4,2,1,4,2.0645481089595705,2.0667041819542646,0.0021560729946941137,2.0659578730119392
4,2,2,2,-0.43658646405674517,0.13529859704431146,0.5718850611010566,2.0659578730119392
4,2,2,3,0.13529859704431146,0.15027455403469503,0.014975956990383565,2.0659578730119392
4,2,2,4,0.15027455403469503,0.7092283510137349,0.5589537969790399,2.0659578730119392
4,2,2,5,0.7092283510137349,1.3704384439624846,0.6612100929487497,2.0659578730119392
4,2,2,6,1.3704384439624846,2.0644818620057777,0.6940434180432931,2.0659578730119392
4,2,2,7,2.0644818620057777,2.0669009289704263,0.002419066964648664,2.0659578730119392
4,2,3,2,-0.43668250599876046,0.13486137194558978,0.5715438779443502,2.0659578730119392
4,2,3,3,0.13486137194558978,0.15013952599838376,0.01527815405279398,2.0659578730119392
4,2,3,4,0.15013952599838376,0.7090809890069067,0.558941463008523,2.0659578730119392
4,2,3,5,0.7090809890069067,1.3702881319914013,0.6612071429844946,2.0659578730119392
4,2,3,6,1.3702881319914013,2.0646121989702806,0.6943240669788793,2.0659578730119392
4,2,3,7,2.0646121989702806,2.066782239940949,0.0021700409706681967,2.0659578730119392
4,3,0,1,0.12209064199123532,0.13626623095478863,0.01417558896355331,2.054504369967617
4,3,0,2,0.13626623095478863,0.6934118339559063,0.5571456030011177,2.054504369967617
4,3,0,3,0.6934118339559063,1.357429797993973,0.6640179640380666,2.054504369967617
4,3,0,4,1.357429797993973,2.053071539965458,0.6956417419714853,2.054504369967617
4,3,0,5,2.053071539965458,2.0570049070520326,0.003933367086574435,2.054504369967617
4,3,1,1,-0.44432163902092725,0.1217960009817034,0.5661176400026307,2.054504369967617
4,3,1,2,0.1217960009817034,0.1363971879472956,0.014601186965592206,2.054504369967617
4,3,1,3,0.1363971879472956,0.6936280919471756,0.55723090399988,2.054504369967617
4,3,1,4,0.6936280919471756,1.3576514429878443,0.6640233510406688,2.054504369967617
4,3,1,5,1.3576514429878443,2.0530130269471556,0.6953615839593112,2.054504369967617
4,3,1,6,2.0530130269471556,2.0571538360090926,0.004140809061937034,2.054504369967617
4,3,2,1,-0.4447407010011375,0.12168011395260692,0.5664208149537444,2.054504369967617
4,3,2,2,0.12168011395260692,0.13634527300018817,0.014665159047581255,2.054504369967617
4,3,2,3,0.13634527300018817,0.6935466009890661,0.5572013279888779,2.054504369967617
4,3,2,4,0.6935466009890661,1.3575713760219514,0.6640247750328854,2.054504369967617
4,3,2,5,1.3575713760219514,2.05284048197791,0.6952691059559584,2.054504369967617
4,3,2,6,2.05284048197791,2.05709336604923,0.004252884071320295,2.054504369967617
4,3,3,1,0.13667105103377253,0.6937388059450313,0.5570677549112588,2.054504369967617
4,3,3,2,0.6937388059450313,1.3577132859500125,0.6639744800049812,2.054504369967617
4,3,3,3,1.3577132859500125,2.0529491290217265,0.695235843071714,2.054504369967617
4,3,3,4,2.0529491290217265,2.057209996972233,0.004260867950506508,2.054504369967617
4,4,0,1,0.14569512894377112,0.7037198710022494,0.5580247420584783,2.0794232949847355
4,4,0,2,0.7037198710022494,1.365858823992312,0.6621389529900625,2.0794232949847355
4,4,0,3,1.365858823992312,2.075015399022959,0.7091565750306472,2.0794232949847355
4,4,0,4,2.075015399022959,2.0805820010136813,0.00556660199072212,2.0794232949847355
4,4,1,1,0.13145008101128042,0.1454022149555385,0.013952133944258094,2.0794232949847355
4,4,1,2,0.1454022149555385,0.7035422589397058,0.5581400439841673,2.0794232949847355
4,4,1,3,0.7035422589397058,1.3657095819944516,0.6621673230547458,2.0794232949847355
4,4,1,4,1.3657095819944516,2.074935238924809,0.7092256569303572,2.0794232949847355
4,4,1,5,2.074935238924809,2.0797584919491783,0.004823253024369478,2.0794232949847355
4,4,2,2,-0.438507757964544,0.13105775997973979,0.5695655179442838,2.0794232949847355
4,4,2,3,0.13105775997973979,0.14575156196951866,0.014693801989778876,2.0794232949847355
4,4,2,4,0.14575156196951866,0.7037914670072496,0.5580399050377309,2.0794232949847355
4,4,2,5,0.7037914670072496,1.3659421260235831,0.6621506590163335,2.0794232949847355
4,4,2,6,1.3659421260235831,2.0750790809979662,0.7091369549743831,2.0794232949847355
4,4,2,7,2.0750790809979662,2.0806551319546998,0.005576050956733525,2.0794232949847355
4,4,3,1,-0.4381402899743989,0.1311816789675504,0.5693219689419493,2.0794232949847355
4,4,3,2,0.1311816789675504,0.14580348902381957,0.014621810056269169,2.0794232949847355
4,4,3,3,0.14580348902381957,0.7038532899459824,0.5580498009221628,2.0794232949847355
4,4,3,4,0.7038532899459824,1.3660042940173298,0.6621510040713474,2.0794232949847355
4,4,3,5,1.3660042940173298,2.0751398670254275,0.7091355730080977,2.0794232949847355
4,4,3,6,2.0751398670254275,2.0807124170241877,0.005572549998760223,2.0794232949847355
4,5,0,1,0.14109281403943896,0.15214651206042618,0.011053698020987213,2.0770115450723097
4,5,0,2,0.15214651206042618,0.7101537199923769,0.5580072079319507,2.0770115450723097
4,5,0,3,0.7101537199923769,1.371948304004036,0.661794584011659,2.0770115450723097
4,5,0,4,1.371948304004036,2.0753222400089726,0.7033739360049367,2.0770115450723097
4,5,0,5,2.0753222400089726,2.0779552520252764,0.0026330120163038373,2.0770115450723097
4,5,1,2,-0.16580301092471927,0.140740703092888,0.30654371401760727,2.0770115450723097
4,5,1,3,0.140740703092888,0.15200929599814117,0.011268592905253172,2.0770115450723097
4,5,1,4,0.15200929599814117,0.710013200994581,0.5580039049964398,2.0770115450723097
4,5,1,5,0.710013200994581,1.3718011040473357,0.6617879030527547,2.0770115450723097
4,5,1,6,1.3718011040473357,2.0756195810390636,0.703818476991728,2.0770115450723097
4,5,1,7,2.0756195810390636,2.0778280780650675,0.002208497026003897,2.0770115450723097
4,5,2,2,-0.16568778199143708,0.14080415305215865,0.30649193504359573,2.0770115450723097
4,5,2,3,0.14080415305215865,0.15207479905802757,0.011270646005868912,2.0770115450723097
4,5,2,4,0.15207479905802757,0.7100908580468968,0.5580160589888692,2.0770115450723097
4,5,2,5,0.7100908580468968,1.371877301018685,0.6617864429717883,2.0770115450723097
4,5,2,6,1.371877301018685,2.0752459689974785,0.7033686679787934,2.0770115450723097
4,5,2,7,2.0752459689974785,2.0778952999971807,0.002649330999702215,2.0770115450723097
4,5,3,1,-0.16594268090557307,0.14062141999602318,0.30656410090159625,2.0770115450723097
4,5,3,2,0.14062141999602318,0.15148322598543018,0.010861805989407003,2.0770115450723097
4,5,3,3,0.15148322598543018,0.7098981760209426,0.5584149500355124,2.0770115450723097
4,5,3,4,0.7098981760209426,1.3716781770344824,0.6617800010135397,2.0770115450723097
4,5,3,5,1.3716781770344824,2.0753874480724335,0.7037092710379511,2.0770115450723097
4,5,3,6,2.0753874480724335,2.0777469530003145,0.002359504927881062,2.0770115450723097
4,6,0,1,-0.444017763948068,0.12182089302223176,0.5658386569702998,2.0590131900971755
4,6,0,2,0.12182089302223176,0.13630179106257856,0.014480898040346801,2.0590131900971755
4,6,0,3,0.13630179106257856,0.6940120690269396,0.557710277964361,2.0590131900971755
4,6,0,4,0.6940120690269396,1.36187390005216,0.6678618310252205,2.0590131900971755
4,6,0,5,1.36187390005216,2.0593145340681076,0.6974406340159476,2.0590131900971755
4,6,1,1,-0.4435273800045252,0.12193388701416552,0.5654612670186907,2.0590131900971755
4,6,1,2,0.12193388701416552,0.13635618204716593,0.01442229503300041,2.0590131900971755
4,6,1,3,0.13635618204716593,0.6940757730044425,0.5577195909572765,2.0590131900971755
4,6,1,4,0.6940757730044425,1.3619392180116847,0.6678634450072423,2.0590131900971755
4,6,1,5,1.3619392180116847,2.0595106590772048,0.69757144106552,2.0590131900971755
4,6,2,1,0.13624243205413222,0.6939359570387751,0.5576935249846429,2.0590131900971755
4,6,2,2,0.6939359570387751,1.3617968109901994,0.6678608539514244,2.0590131900971755
4,6,2,3,1.3617968109901994,2.059420549077913,0.6976237380877137,2.0590131900971755
4,6,3,1,0.12163304700516164,0.13593613007105887,0.014303083065897226,2.0590131900971755
4,6,3,2,0.13593613007105887,0.6937472870340571,0.5578111569629982,2.0590131900971755
4,6,3,3,0.6937472870340571,1.361707924050279,0.6679606370162219,2.0590131900971755
4,6,3,4,1.361707924050279,2.0591926880879328,0.6974847640376538,2.0590131900971755
4,7,0,1,-0.4446704420261085,0.12056710198521614,0.5652375440113246,2.0601792270317674
4,7,0,2,0.12056710198521614,0.135426783002913,0.014859681017696857,2.0601792270317674
4,7,0,3,0.135426783002913,0.6927587679820135,0.5573319849791005,2.0601792270317674
4,7,0,4,0.6927587679820135,1.360030438983813,0.6672716710017994,2.0601792270317674
4,7,0,5,1.360030438983813,2.060548424953595,0.7005179859697819,2.0601792270317674
4,7,1,1,0.12102622096426785,0.13585216004867107,0.014825939084403217,2.0601792270317674
4,7,1,2,0.13585216004867107,0.6930896759731695,0.5572375159244984,2.0601792270317674
4,7,1,3,0.6930896759731695,1.3602781520457938,0.6671884760726243,2.0601792270317674
4,7,1,4,1.3602781520457938,2.060629770043306,0.7003516179975122,2.0601792270317674
4,7,2,1,0.13572559598833323,0.6929500750266016,0.5572244790382683,2.0601792270317674
4,7,2,2,0.6929500750266016,1.3601526080165058,0.6672025329899043,2.0601792270317674
4,7,2,3,1.3601526080165058,2.060462240013294,0.7003096319967881,2.0601792270317674
4,7,3,1,-0.44427664298564196,0.12073668197263032,0.5650133249582723,2.0601792270317674
4,7,3,2,0.12073668197263032,0.13578042096924037,0.015043738996610045,2.0601792270317674
4,7,3,3,0.13578042096924037,0.6930260580265895,0.5572456370573491,2.0601792270317674
4,7,3,4,0.6930260580265895,1.3602178009459749,0.6671917429193854,2.0601792270317674
4,7,3,5,1.3602178009459749,2.060349731007591,0.700131930061616,2.0601792270317674
4,8,0,2,-0.4374459689715877,0.13574283104389906,0.5731888000154868,2.0694431730080396
4,8,0,3,0.13574283104389906,0.15132986707612872,0.015587036032229662,2.0694431730080396
4,8,0,4,0.15132986707612872,0.708725837059319,0.5573959699831903,2.0694431730080396
4,8,0,5,0.708725837059319,1.3720482300268486,0.6633223929675296,2.0694431730080396
4,8,0,6,1.3720482300268486,2.068019921076484,0.6959716910496354,2.0694431730080396
4,8,0,7,2.068019921076484,2.070358079043217,0.002338157966732979,2.0694431730080396
4,8,1,1,0.15121259400621057,0.708580945036374,0.5573683510301635,2.0694431730080396
4,8,1,2,0.708580945036374,1.371915769064799,0.6633348240284249,2.0694431730080396
4,8,1,3,1.371915769064799,2.067957171006128,0.6960414019413292,2.0694431730080396
4,8,1,4,2.067957171006128,2.0702400939771906,0.002282922971062362,2.0694431730080396
4,8,2,2,-0.4375494569540024,0.13567397405859083,0.5732234310125932,2.0694431730080396
4,8,2,3,0.13567397405859083,0.1512689400697127,0.015594966011121869,2.0694431730080396
4,8,2,4,0.1512689400697127,0.7086623379727826,0.5573933979030699,2.0694431730080396
4,8,2,5,0.7086623379727826,1.3719822500133887,0.6633199120406061,2.0694431730080396
4,8,2,6,1.3719822500133887,2.0678913830779493,0.6959091330645606,2.0694431730080396
4,8,2,7,2.0678913830779493,2.0703007159754634,0.002409332897514105,2.0694431730080396
4,8,3,1,0.13600215397309512,0.15094225702341646,0.01494010305032134,2.0694431730080396
4,8,3,2,0.15094225702341646,0.7084307860350236,0.5574885290116072,2.0694431730080396
4,8,3,3,0.7084307860350236,1.3718048050068319,0.6633740189718083,2.0694431730080396
4,8,3,4,1.3718048050068319,2.0678150759777054,0.6960102709708735,2.0694431730080396
4,8,3,5,2.0678150759777054,2.0701619050232694,0.0023468290455639362,2.0694431730080396
4,9,0,1,0.1356961369747296,0.692033665953204,0.5563375289784744,2.053874482982792
4,9,0,2,0.692033665953204,1.3550136869307607,0.6629800209775567,2.053874482982792
4,9,0,3,1.3550136869307607,2.052289819926955,0.6972761329961941,2.053874482982792
4,9,0,4,2.052289819926955,2.0546936959726736,0.002403876045718789,2.053874482982792
4,9,1,1,-0.4459861130453646,0.12084538594353944,0.5668314989889041,2.053874482982792
4,9,1,2,0.12084538594353944,0.13527150196023285,0.014426116016693413,2.053874482982792
4,9,1,3,0.13527150196023285,0.6918298699893057,0.5565583680290729,2.053874482982792
4,9,1,4,0.6918298699893057,1.3548945819493383,0.6630647119600326,2.053874482982792
4,9,1,5,1.3548945819493383,2.0523528659250587,0.6974582839757204,2.053874482982792
4,9,1,6,2.0523528659250587,2.0546174698974937,0.0022646039724349976,2.053874482982792
4,9,2,1,-0.44557427102699876,0.12101322994567454,0.5665875009726733,2.053874482982792
4,9,2,2,0.12101322994567454,0.13576541491784155,0.014752184972167015,2.053874482982792
4,9,2,3,0.13576541491784155,0.692144438973628,0.5563790240557864,2.053874482982792
4,9,2,4,0.692144438973628,1.355085265939124,0.6629408269654959,2.053874482982792
4,9,2,5,1.355085265939124,2.0522139579989016,0.6971286920597777,2.053874482982792
4,9,2,6,2.0522139579989016,2.054753855918534,0.0025398979196324944,2.053874482982792
4,9,3,1,0.1214092728914693,0.13586152694188058,0.014452254050411284,2.053874482982792
4,9,3,2,0.13586152694188058,0.6922296399716288,0.5563681130297482,2.053874482982792
4,9,3,3,0.6922296399716288,1.3551500209141523,0.6629203809425235,2.053874482982792
4,9,3,4,1.3551500209141523,2.052415142999962,0.6972651220858097,2.053874482982792
4,9,3,5,2.052415142999962,2.0548123059561476,0.002397162956185639,2.053874482982792
8,0,0,1,1.540047434042208,2.15579880902078,0.6157513749785721,3.2039606040343642
8,0,0,2,2.15579880902078,2.839996312977746,0.6841975039569661,3.2039606040343642
8,0,0,3,2.839996312977746,3.2023772180546075,0.3623809050768614,3.2039606040343642
8,0,0,4,3.2023772180546075,3.2048550189938396,0.002477800939232111,3.2039606040343642
8,0,1,3,-0.15036569896619767,0.4245481960242614,0.5749138949904591,3.2039606040343642
8,0,1,4,0.4245481960242614,0.9811923280358315,0.55664413201157,3.2039606040343642
8,0,1,5,0.9811923280358315,1.5395845110761002,0.5583921830402687,3.2039606040343642
8,0,1,6,1.5395845110761002,2.1556626330129802,0.61607812193688,3.2039606040343642
8,0,1,7,2.1556626330129802,2.839898199075833,0.6842355660628527,3.2039606040343642
8,0,1,8,2.839898199075833,3.2023082160158083,0.3624100169399753,3.2039606040343642
8,0,1,9,3.2023082160158083,3.2047941560158506,0.0024859400000423193,3.2039606040343642
8,0,2,1,-0.15001800493337214,0.4246539920568466,0.5746719969902188,3.2039606040343642
8,0,2,2,0.4246539920568466,0.9816712699830532,0.5570172779262066,3.2039606040343642
8,0,2,3,0.9816712699830532,1.5407196640735492,0.559048394090496,3.2039606040343642
8,0,2,4,1.5407196640735492,2.1560825100168586,0.6153628459433094,3.2039606040343642
8,0,2,5,2.1560825100168586,2.8402568710735068,0.6841743610566482,3.2039606040343642
8,0,2,6,2.8402568710735068,3.202623234014027,0.36236636294052005,3.2039606040343642
8,0,2,7,3.202623234014027,3.20508027006872,0.0024570360546931624,3.2039606040343642
8,0,3,1,0.9815015640342608,1.5401919820578769,0.5586904180236161,3.2039606040343642
8,0,3,2,1.5401919820578769,2.1558663030155003,0.6156743209576234,3.2039606040343642
8,0,3,3,2.1558663030155003,2.8400763580575585,0.6842100550420582,3.2039606040343642
8,0,3,4,2.8400763580575585,3.202437426079996,0.3623610680224374,3.2039606040343642
8,0,3,5,3.202437426079996,3.204911958076991,0.0024745319969952106,3.2039606040343642
8,0,4,1,0.9819298300426453,1.5408362710149959,0.5589064409723505,3.2039606040343642
8,0,4,2,1.5408362710149959,2.1561477170325816,0.6153114460175857,3.2039606040343642
8,0,4,3,2.1561477170325816,2.840313606080599,0.6841658890480176,3.2039606040343642
8,0,4,4,2.840313606080599,3.202701220056042,0.36238761397544295,3.2039606040343642
8,0,4,5,3.202701220056042,3.2051324059721082,0.0024311859160661697,3.2039606040343642
8,0,5,1,0.4244591110618785,0.9816102830227464,0.5571511719608679,3.2039606040343642
8,0,5,2,0.9816102830227464,1.5406376640312374,0.5590273810084909,3.2039606040343642
8,0,5,3,1.5406376640312374,2.1560144550167024,0.615376790985465,3.2039606040343642
8,0,5,4,2.1560144550167024,2.8401985380332917,0.6841840830165893,3.2039606040343642
8,0,5,5,2.8401985380332917,3.2025656669866294,0.36236712895333767,3.2039606040343642
8,0,5,6,3.2025656669866294,3.2050186640117317,0.002452997025102377,3.2039606040343642
8,0,6,1,0.42411887599155307,0.9810470520751551,0.556928176083602,3.2039606040343642
8,0,6,2,0.9810470520751551,1.539415113045834,0.5583680609706789,3.2039606040343642
8,0,6,3,1.539415113045834,2.1555175080429763,0.6161023949971423,3.2039606040343642
8,0,6,4,2.1555175080429763,2.839770509977825,0.6842530019348487,3.2039606040343642
8,0,6,5,2.839770509977825,3.202237294986844,0.3624667850090191,3.2039606040343642
8,0,6,6,3.202237294986844,3.204711413010955,0.002474118024110794,3.2039606040343642
8,0,7,1,1.5405603690305725,2.1559553970582783,0.6153950280277058,3.2039606040343642
8,0,7,2,2.1559553970582783,2.840139984036796,0.6841845869785175,3.2039606040343642
8,0,7,3,2.840139984036796,3.2024954960215837,0.3623555119847879,3.2039606040343642
8,0,7,4,3.2024954960215837,3.204966266057454,0.0024707700358703732,3.2039606040343642
8,1,0,2,-0.42495689599309117,0.1415458150440827,0.5665027110371739,3.180828765965998
8,1,0,3,0.1415458150440827,0.6917805089615285,0.5502346939174458,3.180828765965998
8,1,0,4,0.6917805089615285,1.2612016670173034,0.5694211580557749,3.180828765965998
8,1,0,5,1.2612016670173034,1.8279809820232913,0.5667793150059879,3.180828765965998
8,1,0,6,1.8279809820232913,2.4829682480776682,0.654987266054377,3.180828765965998
8,1,0,7,2.4829682480776682,3.179394440026954,0.6964261919492856,3.180828765965998
8,1,0,8,3.179394440026954,3.181956075015478,0.0025616349885240197,3.180828765965998
8,1,1,1,1.260760362027213,1.8273761139716953,0.5666157519444823,3.180828765965998
8,1,1,2,1.8273761139716953,2.482629823964089,0.6552537099923939,3.180828765965998
8,1,1,3,2.482629823964089,3.1791005070554093,0.6964706830913201,3.180828765965998
8,1,1,4,3.1791005070554093,3.181733286008239,0.0026327789528295398,3.180828765965998
8,1,2,1,-0.42457132996059954,0.1416642019758001,0.5662355319363996,3.180828765965998
8,1,2,2,0.1416642019758001,0.6916183040011674,0.5499541020253673,3.180828765965998
8,1,2,3,0.6916183040011674,1.2603979960549623,0.5687796920537949,3.180828765965998
8,1,2,4,1.2603979960549623,1.8272624630481005,0.5668644669931382,3.180828765965998
8,1,2,5,1.8272624630481005,2.482563575031236,0.6553011119831353,3.180828765965998
8,1,2,6,2.482563575031236,3.1790372850373387,0.6964737100061029,3.180828765965998
8,1,2,7,3.1790372850373387,3.1816771830199286,0.0026398979825899005,3.180828765965998
8,1,3,1,0.6915183539967984,1.2603212940739468,0.5688029400771484,3.180828765965998
8,1,3,2,1.2603212940739468,1.827175811980851,0.5668545179069042,3.180828765965998
8,1,3,3,1.827175811980851,2.4824896439677104,0.6553138319868594,3.180828765965998
8,1,3,4,2.4824896439677104,3.178944875020534,0.6964552310528234,3.180828765965998
8,1,3,5,3.178944875020534,3.181618497008458,0.0026736219879239798,3.180828765965998
8,1,4,1,0.14142489701043814,0.6917158319847658,0.5502909349743277,3.180828765965998
8,1,4,2,0.6917158319847658,1.260855169966817,0.5691393379820511,3.180828765965998
8,1,4,3,1.260855169966817,1.827835060073994,0.5669798901071772,3.180828765965998
8,1,4,4,1.827835060073994,2.4828432850772515,0.6550082250032574,3.180828765965998
8,1,4,5,2.4828432850772515,3.1792309189913794,0.696387633914128,3.180828765965998
8,1,4,6,3.1792309189913794,3.1818455250468105,0.002614606055431068,3.180828765965998
8,1,5,1,1.8277612390229478,2.482756690005772,0.654995450982824,3.180828765965998
8,1,5,2,2.482756690005772,3.1791611569933593,0.6964044669875875,3.180828765965998
8,1,5,3,3.1791611569933593,3.1817889449885115,0.0026277879951521754,3.180828765965998
8,1,6,1,0.6911202049814165,1.2601378379622474,0.569017632980831,3.180828765965998
8,1,6,2,1.2601378379622474,1.8270330900559202,0.5668952520936728,3.180828765965998
8,1,6,3,1.8270330900559202,2.4823405320057645,0.6553074419498444,3.180828765965998
8,1,6,4,2.4823405320057645,3.17875244806055,0.6964119160547853,3.180828765965998
8,1,6,5,3.17875244806055,3.1815462399972603,0.002793791936710477,3.180828765965998
8,1,7,1,1.2611290359636769,1.8279199240496382,0.5667908880859613,3.180828765965998
8,1,7,2,1.8279199240496382,2.4829082649666816,0.6549883409170434,3.180828765965998
8,1,7,3,2.4829082649666816,3.1793350260704756,0.696426761103794,3.180828765965998
8,1,7,4,3.1793350260704756,3.1819010250037536,0.002565998933278024,3.180828765965998
8,2,0,1,1.2475250160787255,1.8156394690740854,0.5681144529953599,3.168748624040745
8,2,0,2,1.8156394690740854,2.4689652629895136,0.6533257939154282,3.168748624040745
8,2,0,3,2.4689652629895136,3.1691244260873646,0.700159163097851,3.168748624040745
8,2,1,1,0.1284890240058303,0.6782964180456474,0.5498073940398172,3.168748624040745
8,2,1,2,0.6782964180456474,1.2476476180600002,0.5693512000143528,3.168748624040745
8,2,1,3,1.2476476180600002,1.815712001058273,0.5680643829982728,3.168748624040745
8,2,1,4,1.815712001058273,2.469058652059175,0.6533466510009021,3.168748624040745
8,2,1,5,2.469058652059175,3.1692057750187814,0.7001471229596063,3.168748624040745
8,2,2,1,-0.43911914993077517,0.12867465405724943,0.5677938039880246,3.168748624040745
8,2,2,2,0.12867465405724943,0.6787369960220531,0.5500623419648036,3.168748624040745
8,2,2,3,0.6787369960220531,1.248134432011284,0.5693974359892309,3.168748624040745
8,2,2,4,1.248134432011284,1.8159300360130146,0.5677956040017307,3.168748624040745
8,2,2,5,1.8159300360130146,2.469247297034599,0.6533172610215843,3.168748624040745
8,2,2,6,2.469247297034599,3.1694898640271276,0.7002425669925287,3.168748624040745
8,2,3,1,1.247942378045991,1.815803640987724,0.567861262941733,3.168748624040745
8,2,3,2,1.815803640987724,2.469129570061341,0.6533259290736169,3.168748624040745
8,2,3,3,2.469129570061341,3.169286323012784,0.7001567529514432,3.168748624040745
8,2,4,1,-0.4387326770229265,0.1287845530314371,0.5675172300543636,3.168748624040745
8,2,4,2,0.1287845530314371,0.6781455520540476,0.5493609990226105,3.168748624040745
8,2,4,3,0.6781455520540476,1.247084144037217,0.5689385919831693,3.168748624040745
8,2,4,4,1.247084144037217,1.815499168005772,0.568415023968555,3.168748624040745
8,2,4,5,1.815499168005772,2.4688858720473945,0.6533867040416226,3.168748624040745
8,2,4,6,2.4688858720473945,3.169030375080183,0.7001445030327886,3.168748624040745
8,2,5,1,0.6790152720641345,1.2482301089912653,0.5692148369271308,3.168748624040745
8,2,5,2,1.2482301089912653,1.8159920510370284,0.5677619420457631,3.168748624040745
8,2,5,3,1.8159920510370284,2.469304498983547,0.6533124479465187,3.168748624040745
8,2,5,4,2.469304498983547,3.1695679830154404,0.7002634840318933,3.168748624040745
8,2,6,1,1.8153054020367563,2.468743068049662,0.6534376660129055,3.168748624040745
8,2,6,2,2.468743068049662,3.168936535017565,0.7001934669679031,3.168748624040745
8,2,7,1,0.6786477100104094,1.2480623150477186,0.5694146050373092,3.168748624040745
8,2,7,2,1.2480623150477186,1.815867350087501,0.5678050350397825,3.168748624040745
8,2,7,3,1.815867350087501,2.4691891859984025,0.6533218359109014,3.168748624040745
8,2,7,4,2.4691891859984025,3.16941090405453,0.7002217180561274,3.168748624040745
8,3,0,1,1.5323436979670078,2.143077911925502,0.6107342139584944,3.186474267975427
8,3,0,2,2.143077911925502,2.830567093915306,0.6874891819898039,3.186474267975427
8,3,0,3,2.830567093915306,3.1849370499840006,0.3543699560686946,3.186474267975427
8,3,0,4,3.1849370499840006,3.1874098329572007,0.0024727829732000828,3.186474267975427
8,3,1,3,-0.15564492309931666,0.4167683649575338,0.5724132880568504,3.186474267975427
8,3,1,4,0.4167683649575338,0.9733216079184785,0.5565532429609448,3.186474267975427
8,3,1,5,0.9733216079184785,1.5319342379225418,0.5586126300040632,3.186474267975427
8,3,1,6,1.5319342379225418,2.142922231927514,0.6109879940049723,3.186474267975427
8,3,1,7,2.142922231927514,2.8304215850075707,0.6874993530800566,3.186474267975427
8,3,1,8,2.8304215850075707,3.1847800329560414,0.3543584479484707,3.186474267975427
8,3,1,9,3.1847800329560414,3.187301202910021,0.002521169953979552,3.186474267975427
8,3,2,1,0.4173908749362454,0.9734525739913806,0.5560616990551353,3.186474267975427
8,3,2,2,0.9734525739913806,1.5320001589134336,0.5585475849220529,3.186474267975427
8,3,2,3,1.5320001589134336,2.1429855049354956,0.610985346022062,3.186474267975427
8,3,2,4,2.1429855049354956,2.8305059779668227,0.6875204730313271,3.186474267975427
8,3,2,5,2.8305059779668227,3.184839616995305,0.35433363902848214,3.186474267975427
8,3,2,6,3.184839616995305,3.18735558190383,0.0025159649085253477,3.186474267975427
8,3,3,1,1.532832904951647,2.1433434559730813,0.6105105510214344,3.186474267975427
8,3,3,2,2.1433434559730813,2.830735303927213,0.6873918479541317,3.186474267975427
8,3,3,3,2.830735303927213,3.1851166199194267,0.3543813159922138,3.186474267975427
8,3,3,4,3.1851166199194267,3.187569456989877,0.0024528370704501867,3.186474267975427
8,3,4,1,0.9738638940034434,1.5324907129397616,0.5586268189363182,3.186474267975427
8,3,4,2,1.5324907129397616,2.1431656029308215,0.6106748899910599,3.186474267975427
8,3,4,3,2.1431656029308215,2.8306227769935504,0.6874571740627289,3.186474267975427
8,3,4,4,2.8306227769935504,3.1850054209353402,0.35438264394178987,3.186474267975427
8,3,4,5,3.1850054209353402,3.1874629330122843,0.0024575120769441128,3.186474267975427
8,3,5,1,0.9732365149538964,1.5318578169681132,0.5586213020142168,3.186474267975427
8,3,5,2,1.5318578169681132,2.142851598910056,0.6109937819419429,3.186474267975427
8,3,5,3,2.142851598910056,2.83035345596727,0.6875018570572138,3.186474267975427
8,3,5,4,2.83035345596727,3.1847091160016134,0.3543556600343436,3.186474267975427
8,3,5,5,3.1847091160016134,3.187243803986348,0.0025346879847347736,3.186474267975427
8,3,6,1,0.4178004489513114,0.9727618369506672,0.5549613879993558,3.186474267975427
8,3,6,2,0.9727618369506672,1.5317066319985315,0.5589447950478643,3.186474267975427
8,3,6,3,1.5317066319985315,2.1427355949999765,0.6110289630014449,3.186474267975427
8,3,6,4,2.1427355949999765,2.8302318359492347,0.6874962409492582,3.186474267975427
8,3,6,5,2.8302318359492347,3.184640397899784,0.3544085619505495,3.186474267975427
8,3,6,6,3.184640397899784,3.187168933916837,0.0025285360170528293,3.186474267975427
8,3,7,1,-0.15524160605855286,0.4169831359758973,0.5722247420344502,3.186474267975427
8,3,7,2,0.4169831359758973,0.9739507449558005,0.5569676089799032,3.186474267975427
8,3,7,3,0.9739507449558005,1.532552266959101,0.5586015220033005,3.186474267975427
8,3,7,4,1.532552266959101,2.1432341459440067,0.6106818789849058,3.186474267975427
8,3,7,5,2.1432341459440067,2.8306789919734,0.6874448460293934,3.186474267975427
8,3,7,6,2.8306789919734,3.185061997966841,0.35438300599344075,3.186474267975427
8,3,7,7,3.185061997966841,3.1875143739162013,0.0024523759493604302,3.186474267975427
8,4,0,1,0.979929990018718,1.5390755200060084,0.5591455299872905,3.195851983036846
8,4,0,2,1.5390755200060084,2.153392896987498,0.6143173769814894,3.195851983036846
8,4,0,3,2.153392896987498,2.8377837070729584,0.6843908100854605,3.195851983036846
8,4,0,4,2.8377837070729584,3.196168787078932,0.3583850800059736,3.195851983036846
8,4,1,1,0.4240688420832157,0.9787346620578319,0.5546658199746162,3.195851983036846
8,4,1,2,0.9787346620578319,1.5381743010366336,0.5594396389788017,3.195851983036846
8,4,1,3,1.5381743010366336,2.1528977709822357,0.6147234699456021,3.195851983036846
8,4,1,4,2.1528977709822357,2.8373787939781323,0.6844810229958966,3.195851983036846
8,4,1,5,2.8373787939781323,3.1940959789790213,0.356717185000889,3.195851983036846
8,4,1,6,3.1940959789790213,3.1967244839761406,0.0026285049971193075,3.195851983036846
8,4,2,3,-0.15339033491909504,0.4246492920210585,0.5780396269401535,3.195851983036846
8,4,2,4,0.4246492920210585,0.9789862150792032,0.5543369230581447,3.195851983036846
8,4,2,5,0.9789862150792032,1.53835002402775,0.5593638089485466,3.195851983036846
8,4,2,6,1.53835002402775,2.1530365210492164,0.6146864970214665,3.195851983036846
8,4,2,7,2.1530365210492164,2.8375178040005267,0.6844812829513103,3.195851983036846
8,4,2,8,2.8375178040005267,3.1942188440589234,0.35670104005839676,3.195851983036846
8,4,2,9,3.1942188440589234,3.196841174038127,0.0026223299792036414,3.195851983036846
8,4,3,1,1.5380043460754678,2.1527713980758563,0.6147670520003885,3.195851983036846
8,4,3,2,2.1527713980758563,2.8372310190461576,0.6844596209703013,3.195851983036846
8,4,3,3,2.8372310190461576,3.194025711971335,0.3567946929251775,3.195851983036846
8,4,3,4,3.194025711971335,3.19665627006907,0.0026305580977350473,3.195851983036846
8,4,4,1,1.538966367021203,2.1533264169702306,0.6143600499490276,3.195851983036846
8,4,4,2,2.1533264169702306,2.8377251520287246,0.6843987350584939,3.195851983036846
8,4,4,3,2.8377251520287246,3.1944504160201177,0.35672526399139315,3.195851983036846
8,4,4,4,3.1944504160201177,3.1970165129750967,0.0025660969549790025,3.195851983036846
8,4,5,1,-0.1528700520284474,0.4247847080696374,0.5776547600980848,3.195851983036846
8,4,5,2,0.4247847080696374,0.9790938830701634,0.554309175000526,3.195851983036846
8,4,5,3,0.9790938830701634,1.5384678720729426,0.5593739890027791,3.195851983036846
8,4,5,4,1.5384678720729426,2.15310259105172,0.6146347189787775,3.195851983036846
8,4,5,5,2.15310259105172,2.8376031670486555,0.6845005759969354,3.195851983036846
8,4,5,6,2.8376031670486555,3.1943311750655994,0.35672800801694393,3.195851983036846
8,4,5,7,3.1943311750655994,3.1969044799916446,0.002573304926045239,3.195851983036846
8,4,6,1,0.9795561280334368,1.5386015080148354,0.5590453799813986,3.195851983036846
8,4,6,2,1.5386015080148354,2.153166344971396,0.6145648369565606,3.195851983036846
8,4,6,3,2.153166344971396,2.8376657110638916,0.6844993660924956,3.195851983036846
8,4,6,4,2.8376657110638916,3.194392201025039,0.3567264899611473,3.195851983036846
8,4,6,5,3.194392201025039,3.196962082060054,0.002569881035014987,3.195851983036846
8,4,7,1,0.4245327740209177,0.9789065059740096,0.5543737319530919,3.195851983036846
8,4,7,2,0.9789065059740096,1.538263502996415,0.5593569970224053,3.195851983036846
8,4,7,3,1.538263502996415,2.1529713020427153,0.6147077990463004,3.195851983036846
8,4,7,4,2.1529713020427153,2.8374514780007303,0.684480175958015,3.195851983036846
8,4,7,5,2.8374514780007303,3.1941580179845914,0.35670653998386115,3.195851983036846
8,4,7,6,3.1941580179845914,3.1967834200477228,0.0026254020631313324,3.195851983036846
8,5,0,1,1.5262565009761602,2.13818960392382,0.6119331029476598,3.186941584921442
8,5,0,2,2.13818960392382,2.821150043979287,0.6829604400554672,3.186941584921442
8,5,0,3,2.821150043979287,3.184805196011439,0.3636551520321518,3.186941584921442
8,5,0,4,3.184805196011439,3.1881967230001464,0.003391526988707483,3.186941584921442
8,5,1,2,-0.1666272960137576,0.41347749694250524,0.5801047929562628,3.186941584921442
8,5,1,3,0.41347749694250524,0.968006205977872,0.5545287090353668,3.186941584921442
8,5,1,4,0.968006205977872,1.5258200669195503,0.5578138609416783,3.186941584921442
8,5,1,5,1.5258200669195503,2.137944460962899,0.6121243940433487,3.186941584921442
8,5,1,6,2.137944460962899,2.8209370019612834,0.6829925409983844,3.186941584921442
8,5,1,7,2.8209370019612834,3.184582294896245,0.3636452929349616,3.186941584921442
8,5,1,8,3.184582294896245,3.1879855459555984,0.0034032510593533516,3.186941584921442
8,5,2,1,-0.1662291440879926,0.4135993719100952,0.5798285159980878,3.186941584921442
8,5,2,2,0.4135993719100952,0.9678706919075921,0.5542713199974969,3.186941584921442
8,5,2,3,0.9678706919075921,1.5253032519249246,0.5574325600173324,3.186941584921442
8,5,2,4,1.5253032519249246,2.1377152529312298,0.6124120010063052,3.186941584921442
8,5,2,5,2.1377152529312298,2.820748387952335,0.6830331350211054,3.186941584921442
8,5,2,6,2.820748387952335,3.1843902699183673,0.3636418819660321,3.186941584921442
8,5,2,7,3.1843902699183673,3.1878334030043334,0.0034431330859661102,3.186941584921442
8,5,3,1,0.4133870810037479,0.9688511069398373,0.5554640259360895,3.186941584921442
8,5,3,2,0.9688511069398373,1.526434600003995,0.5575834930641577,3.186941584921442
8,5,3,3,1.526434600003995,2.1383186649763957,0.6118840649724007,3.186941584921442
8,5,3,4,2.1383186649763957,2.821303922915831,0.6829852579394355,3.186941584921442
8,5,3,5,2.821303922915831,3.1849413249874488,0.36363740207161754,3.186941584921442
8,5,3,6,3.1849413249874488,3.1883276120061055,0.0033862870186567307,3.186941584921442
8,5,4,1,1.5256951099727303,2.137869886937551,0.6121747769648209,3.186941584921442
8,5,4,2,2.137869886937551,2.8208665009588003,0.6829966140212491,3.186941584921442
8,5,4,3,2.8208665009588003,3.1844709559809417,0.36360445502214134,3.186941584921442
8,5,4,4,3.1844709559809417,3.1879188949242234,0.0034479389432817698,3.186941584921442
8,5,5,1,0.4138669859385118,0.9684830839978531,0.5546160980593413,3.186941584921442
8,5,5,2,0.9684830839978531,1.5259722089394927,0.5574891249416396,3.186941584921442
8,5,5,3,1.5259722089394927,2.138101071002893,0.6121288620634004,3.186941584921442
8,5,5,4,2.138101071002893,2.8210660410113633,0.6829649700084701,3.186941584921442
8,5,5,5,2.8210660410113633,3.1847263769013807,0.36366033589001745,3.186941584921442
8,5,5,6,3.1847263769013807,3.188134155003354,0.0034077781019732356,3.186941584921442
8,5,6,1,0.9683380789356306,1.5259109499165788,0.5575728709809482,3.186941584921442
8,5,6,2,1.5259109499165788,2.1380350010003895,0.6121240510838106,3.186941584921442
8,5,6,3,2.1380350010003895,2.821004136931151,0.6829691359307617,3.186941584921442
8,5,6,4,2.821004136931151,3.1846616979455575,0.3636575610144064,3.186941584921442
8,5,6,5,3.1846616979455575,3.188048100913875,0.0033864029683172703,3.186941584921442
8,5,7,1,0.9687664529774338,1.5263754179468378,0.557608964969404,3.186941584921442
8,5,7,2,1.5263754179468378,2.138258846011013,0.611883428064175,3.186941584921442
8,5,7,3,2.138258846011013,2.8212147869635373,0.6829559409525245,3.186941584921442
8,5,7,4,2.8212147869635373,3.1848689869511873,0.3636541999876499,3.186941584921442
8,5,7,5,3.1848689869511873,3.1882646619342268,0.0033956749830394983,3.186941584921442
8,6,0,1,1.5408817139687017,2.156636408995837,0.6157546950271353,3.205484195961617
8,6,0,2,2.156636408995837,2.8404711249750108,0.6838347159791738,3.205484195961617
8,6,0,3,2.8404711249750108,3.2057723379693925,0.3653012129943818,3.205484195961617
8,6,1,1,1.541340965894051,2.156886713928543,0.6155457480344921,3.205484195961617
8,6,1,2,2.156886713928543,2.840676003950648,0.683789290022105,3.205484195961617
8,6,1,3,2.840676003950648,3.2060214430093765,0.3653454390587285,3.205484195961617
8,6,2,3,-0.1502366519998759,0.4260916080093011,0.576328260009177,3.205484195961617
8,6,2,4,0.4260916080093011,0.9801282169064507,0.5540366088971496,3.205484195961617
8,6,2,5,0.9801282169064507,1.5404810099862516,0.5603527930798009,3.205484195961617
8,6,2,6,1.5404810099862516,2.156456306925975,0.6159752969397232,3.205484195961617
8,6,2,7,2.156456306925975,2.8403203539783135,0.6838640470523387,3.205484195961617
8,6,2,8,2.8403203539783135,3.2056862330064178,0.36536587902810425,3.205484195961617
8,6,3,1,0.42578052496537566,0.9803177489666268,0.5545372240012512,3.205484195961617
8,6,3,2,0.9803177489666268,1.5409963799174875,0.5606786309508607,3.205484195961617
8,6,3,3,1.5409963799174875,2.156709923991002,0.6157135440735146,3.205484195961617
8,6,3,4,2.156709923991002,2.8405461439397186,0.6838362199487165,3.205484195961617
8,6,3,5,2.8405461439397186,3.205850517959334,0.36530437401961535,3.205484195961617
8,6,4,1,0.9811819340102375,1.5415953559568152,0.5604134219465777,3.205484195961617
8,6,4,2,1.5415953559568152,2.157067163963802,0.615471808006987,3.205484195961617
8,6,4,3,2.157067163963802,2.840892265900038,0.683825101936236,3.205484195961617
8,6,4,4,2.840892265900038,3.2062456579878926,0.36535339208785444,3.205484195961617
8,6,5,1,0.9807850508950651,1.541450485936366,0.560665435041301,3.205484195961617
8,6,5,2,1.541450485936366,2.156949678901583,0.6154991929652169,3.205484195961617
8,6,5,3,2.156949678901583,2.840757785947062,0.6838081070454791,3.205484195961617
8,6,5,4,2.840757785947062,3.2060955750057474,0.3653377890586853,3.205484195961617
8,6,6,1,-0.1503679930465296,0.42600781691726297,0.5763758099637926,3.205484195961617
8,6,6,2,0.42600781691726297,0.9809006178984419,0.5548928009811789,3.205484195961617
8,6,6,3,0.9809006178984419,1.5415122109698132,0.5606115930713713,3.205484195961617
8,6,6,4,1.5415122109698132,2.157008223934099,0.6154960129642859,3.205484195961617
8,6,6,5,2.157008223934099,2.840821162913926,0.6838129389798269,3.205484195961617
8,6,6,6,2.840821162913926,3.20617246592883,0.36535130301490426,3.205484195961617
8,6,7,1,0.4265022629406303,0.9804596579633653,0.553957395022735,3.205484195961617
8,6,7,2,0.9804596579633653,1.5410653229337186,0.5606056649703532,3.205484195961617
8,6,7,3,1.5410653229337186,2.1567730659153312,0.6157077429816127,3.205484195961617
8,6,7,4,2.1567730659153312,2.840612996951677,0.6838399310363457,3.205484195961617
8,6,7,5,2.840612996951677,3.2059413199312985,0.3653283229796216,3.205484195961617
8,7,0,3,-0.15266232495196164,0.425009579048492,0.5776719040004537,3.1938681700266898
8,7,0,4,0.425009579048492,0.9821829739958048,0.5571733949473128,3.1938681700266898
8,7,0,5,0.9821829739958048,1.541258187033236,0.5590752130374312,3.1938681700266898
8,7,0,6,1.541258187033236,2.152391359093599,0.611133172060363,3.1938681700266898
8,7,0,7,2.152391359093599,2.836385583039373,0.6839942239457741,3.1938681700266898
8,7,0,8,2.836385583039373,3.1923005430726334,0.3559149600332603,3.1938681700266898
8,7,0,9,3.1923005430726334,3.1949799170251936,0.0026793739525601268,3.1938681700266898
8,7,1,1,0.9824849030701444,1.541360005037859,0.5588751019677147,3.1938681700266898
8,7,1,2,1.541360005037859,2.1524569910252467,0.6110969859873876,3.1938681700266898
8,7,1,3,2.1524569910252467,2.8364616250619292,0.6840046340366825,3.1938681700266898
8,7,1,4,2.8364616250619292,3.1923910510959104,0.35592942603398114,3.1938681700266898
8,7,1,5,3.1923910510959104,3.1950360730988905,0.002645022002980113,3.1938681700266898
8,7,2,1,1.5407116890419275,2.1521045910194516,0.6113929019775242,3.1938681700266898
8,7,2,2,2.1521045910194516,2.8361904120538384,0.6840858210343868,3.1938681700266898
8,7,2,3,2.8361904120538384,3.1921226440463215,0.35593223199248314,3.1938681700266898
8,7,2,4,3.1921226440463215,3.194812020054087,0.0026893760077655315,3.1938681700266898
8,7,3,1,0.42553495708853006,0.9816491000819951,0.5561141429934651,3.1938681700266898
8,7,3,2,0.9816491000819951,1.5402516690082848,0.5586025689262897,3.1938681700266898
8,7,3,3,1.5402516690082848,2.1519017410464585,0.6116500720381737,3.1938681700266898
8,7,3,4,2.1519017410464585,2.8360465590376407,0.6841448179911822,3.1938681700266898
8,7,3,5,2.8360465590376407,3.191998988040723,0.3559524290030822,3.1938681700266898
8,7,3,6,3.191998988040723,3.1946942600188777,0.0026952719781547785,3.1938681700266898
8,7,4,1,0.9821052950574085,1.5411909080576152,0.5590856130002066,3.1938681700266898
8,7,4,2,1.5411909080576152,2.1523234440246597,0.6111325359670445,3.1938681700266898
8,7,4,3,2.1523234440246597,2.8363196660066023,0.6839962219819427,3.1938681700266898
8,7,4,4,2.8363196660066023,3.192239579046145,0.35591991303954273,3.1938681700266898
8,7,4,5,3.192239579046145,3.194922279100865,0.002682700054720044,3.1938681700266898
8,7,5,1,-0.15215685695875436,0.4251981939887628,0.5773550509475172,3.1938681700266898
8,7,5,2,0.4251981939887628,0.9814416660228744,0.5562434720341116,3.1938681700266898
8,7,5,3,0.9814416660228744,1.5401205000234768,0.5586788340006024,3.1938681700266898
8,7,5,4,1.5401205000234768,2.1517678370000795,0.6116473369766027,3.1938681700266898
8,7,5,5,2.1517678370000795,2.835915877018124,0.6841480400180444,3.1938681700266898
8,7,5,6,2.835915877018124,3.1919273420935497,0.3560114650754258,3.1938681700266898
8,7,5,7,3.1919273420935497,3.194620199035853,0.0026928569423034787,3.1938681700266898
8,7,6,1,0.42583721003029495,0.9817753550596535,0.5559381450293586,3.1938681700266898
8,7,6,2,0.9817753550596535,1.540330051095225,0.5585546960355714,3.1938681700266898
8,7,6,3,1.540330051095225,2.151978782028891,0.6116487309336662,3.1938681700266898
8,7,6,4,2.151978782028891,2.8361207460984588,0.6841419640695676,3.1938681700266898
8,7,6,5,2.8361207460984588,3.1920618200674653,0.35594107396900654,3.1938681700266898
8,7,6,6,3.1920618200674653,3.194753602030687,0.002691781963221729,3.1938681700266898
8,7,7,1,1.5410669620614499,2.1522266070824116,0.6111596450209618,3.1938681700266898
8,7,7,2,2.1522266070824116,2.8362575620412827,0.684030954958871,3.1938681700266898
8,7,7,3,2.8362575620412827,3.1921822760486975,0.3559247140074149,3.1938681700266898
8,7,7,4,3.1921822760486975,3.194866919075139,0.0026846430264413357,3.1938681700266898
8,8,0,1,0.42055830999743193,0.9806895799702033,0.5601312699727714,3.194780151010491
8,8,0,2,0.9806895799702033,1.5382100089918822,0.5575204290216789,3.194780151010491
8,8,0,3,1.5382100089918822,2.1517080849735066,0.6134980759816244,3.194780151010491
8,8,0,4,2.1517080849735066,2.8375098400283605,0.6858017550548539,3.194780151010491
8,8,0,5,2.8375098400283605,3.193335390998982,0.3558255509706214,3.194780151010491
8,8,0,6,3.193335390998982,3.195855763973668,0.0025203729746863246,3.194780151010491
8,8,1,3,-0.15263326396234334,0.42068155598826706,0.5733148199506104,3.194780151010491
8,8,1,4,0.42068155598826706,0.9810346739832312,0.5603531179949641,3.194780151010491
8,8,1,5,0.9810346739832312,1.53834399394691,0.5573093199636787,3.194780151010491
8,8,1,6,1.53834399394691,2.1518307089572772,0.6134867150103673,3.194780151010491
8,8,1,7,2.1518307089572772,2.837623878964223,0.6857931700069457,3.194780151010491
8,8,1,8,2.837623878964223,3.1934554140316322,0.3558315350674093,3.194780151010491
8,8,1,9,3.1934554140316322,3.1959698509890586,0.002514436957426369,3.194780151010491
8,8,2,1,1.5377380560385063,2.1514512059511617,0.6137131499126554,3.194780151010491
8,8,2,2,2.1514512059511617,2.8373174930457026,0.6858662870945409,3.194780151010491
8,8,2,3,2.8373174930457026,3.193151445942931,0.3558339528972283,3.194780151010491
8,8,2,4,3.193151445942931,3.195683805970475,0.0025323600275442004,3.194780151010491
8,8,3,1,-0.1522475080564618,0.4210985159734264,0.5733460240298882,3.194780151010491
8,8,3,2,0.4210985159734264,0.9802297489950433,0.5591312330216169,3.194780151010491
8,8,3,3,0.9802297489950433,1.5374513829592615,0.5572216339642182,3.194780151010491
8,8,3,4,1.5374513829592615,2.151352323940955,0.6139009409816936,3.194780151010491
8,8,3,5,2.151352323940955,2.837249757954851,0.6858974340138957,3.194780151010491
8,8,3,6,2.837249757954851,3.1930847680196166,0.3558350100647658,3.194780151010491
8,8,3,7,3.1930847680196166,3.1956201900029555,0.0025354219833388925,3.194780151010491
8,8,4,1,0.42096438503358513,0.9800819089869037,0.5591175239533186,3.194780151010491
8,8,4,2,0.9800819089869037,1.5373101229779422,0.5572282139910385,3.194780151010491
8,8,4,3,1.5373101229779422,2.15120886801742,0.6138987450394779,3.194780151010491
8,8,4,4,2.15120886801742,2.837119220988825,0.6859103529714048,3.194780151010491
8,8,4,5,2.837119220988825,3.1929611189989373,0.35584189801011235,3.194780151010491
8,8,4,6,3.1929611189989373,3.1955372400116175,0.0025761210126802325,3.194780151010491
8,8,5,1,0.9805784779600799,1.537872010958381,0.5572935329983011,3.194780151010491
8,8,5,2,1.537872010958381,2.151516743004322,0.613644732045941,3.194780151010491
8,8,5,3,2.151516743004322,2.8373756300425157,0.6858588870381936,3.194780151010491
8,8,5,4,2.8373756300425157,3.1932138700503856,0.3558382400078699,3.194780151010491
8,8,5,5,3.1932138700503856,3.1957419969839975,0.0025281269336119294,3.194780151010491
8,8,6,1,0.9809560209978372,1.5382861039834097,0.5573300829855725,3.194780151010491
8,8,6,2,1.5382861039834097,2.151770232943818,0.6134841289604083,3.194780151010491
8,8,6,3,2.151770232943818,2.837566816015169,0.685796583071351,3.194780151010491
8,8,6,4,2.837566816015169,3.193396840011701,0.35583002399653196,3.194780151010491
8,8,6,5,3.193396840011701,3.195913410047069,0.002516570035368204,3.194780151010491
8,8,7,1,1.538151758024469,2.151627516024746,0.613475758000277,3.194780151010491
8,8,7,2,2.151627516024746,2.8374335980042815,0.6858060819795355,3.194780151010491
8,8,7,3,2.8374335980042815,3.193274370045401,0.35584077204111964,3.194780151010491
8,8,7,4,3.193274370045401,3.1957971759838983,0.0025228059384971857,3.194780151010491
8,9,0,2,-0.167411822010763,0.4106816300190985,0.5780934520298615,3.187668979051523
8,9,0,3,0.4106816300190985,0.9698001540964469,0.5591185240773484,3.187668979051523
8,9,0,4,0.9698001540964469,1.5297300310339779,0.5599298769375309,3.187668979051523
8,9,0,5,1.5297300310339779,2.1467035150853917,0.6169734840514138,3.187668979051523
8,9,0,6,2.1467035150853917,2.8284053640672937,0.681701848981902,3.187668979051523
8,9,0,7,2.8284053640672937,3.1863344070734456,0.3579290430061519,3.187668979051523
8,9,0,8,3.1863344070734456,3.188795119058341,0.0024607119848951697,3.187668979051523
8,9,1,1,0.41142834501806647,0.9692995049990714,0.5578711599810049,3.187668979051523
8,9,1,2,0.9692995049990714,1.5288480190793052,0.5595485140802339,3.187668979051523
8,9,1,3,1.5288480190793052,2.1462412860710174,0.6173932669917122,3.187668979051523
8,9,1,4,2.1462412860710174,2.8280381750082597,0.6817968889372423,3.187668979051523
8,9,1,5,2.8280381750082597,3.1860096210148185,0.35797144600655884,3.187668979051523
8,9,1,6,3.1860096210148185,3.1885178820230067,0.0025082610081881285,3.187668979051523
8,9,2,1,0.4110358130419627,0.9697360870195553,0.5587002739775926,3.187668979051523
8,9,2,2,0.9697360870195553,1.5293798370985314,0.5596437500789762,3.187668979051523
8,9,2,3,1.5293798370985314,2.146539557026699,0.6171597199281678,3.187668979051523
8,9,2,4,2.146539557026699,2.8282781000016257,0.6817385429749265,3.187668979051523
8,9,2,5,2.8282781000016257,3.186223009019159,0.35794490901753306,3.187668979051523
8,9,2,6,3.186223009019159,3.188689287053421,0.002466278034262359,3.187668979051523
8,9,3,1,0.9696406330913305,1.5290082440478727,0.5593676109565422,3.187668979051523
8,9,3,2,1.5290082440478727,2.146351312054321,0.6173430680064484,3.187668979051523
8,9,3,3,2.146351312054321,2.828146569081582,0.681795257027261,3.187668979051523
8,9,3,4,2.828146569081582,3.1860684599960223,0.35792189091444016,3.187668979051523
8,9,3,5,3.1860684599960223,3.1885755850235,0.0025071250274777412,3.187668979051523
8,9,4,1,0.9691166840493679,1.5287054090294987,0.5595887249801308,3.187668979051523
8,9,4,2,1.5287054090294987,2.14610538398847,0.6173999749589711,3.187668979051523
8,9,4,3,2.14610538398847,2.8279077790211886,0.6818023950327188,3.187668979051523
8,9,4,4,2.8279077790211886,3.1859451700001955,0.3580373909790069,3.187668979051523
8,9,4,5,3.1859451700001955,3.188450822024606,0.002505652024410665,3.187668979051523
8,9,5,1,-0.16706161201000214,0.41115347703453153,0.5782150890445337,3.187668979051523
8,9,5,2,0.41115347703453153,0.9698608630569652,0.5587073860224336,3.187668979051523
8,9,5,3,0.9698608630569652,1.5297929650405422,0.559932101983577,3.187668979051523
8,9,5,4,1.5297929650405422,2.146759702009149,0.6169667369686067,3.187668979051523
8,9,5,5,2.146759702009149,2.8284637180622667,0.6817040160531178,3.187668979051523
8,9,5,6,2.8284637180622667,3.1879765240009874,0.3595128059387207,3.187668979051523
8,9,6,1,1.5296652870019898,2.146640603081323,0.6169753160793334,3.187668979051523
8,9,6,2,2.146640603081323,2.828336284030229,0.6816956809489056,3.187668979051523
8,9,6,3,2.828336284030229,3.186279481044039,0.3579431970138103,3.187668979051523
8,9,6,4,3.186279481044039,3.1887418490368873,0.002462367992848158,3.187668979051523
8,9,7,1,1.529309660079889,2.1464724329998717,0.6171627729199827,3.187668979051523
8,9,7,2,2.1464724329998717,2.8282153110485524,0.6817428780486807,3.187668979051523
8,9,7,3,2.8282153110485524,3.1861268260981888,0.35791151504963636,3.187668979051523
8,9,7,4,3.1861268260981888,3.1886357920011505,0.0025089659029617906,3.187668979051523
16,0,0,1,3.228004574077204,3.782742262003012,0.5547376879258081,5.443425488076173
16,0,0,2,3.782742262003012,4.3935222800355405,0.6107800180325285,5.443425488076173
16,0,0,3,4.3935222800355405,5.080649652052671,0.6871273720171303,5.443425488076173
16,0,0,4,5.080649652052671,5.44194257108029,0.36129291902761906,5.443425488076173
16,0,0,5,5.44194257108029,5.444737427053042,0.002794855972751975,5.443425488076173
16,0,1,2,-0.15052923001348972,0.4255530210211873,0.576082251034677,5.443425488076173
16,0,1,3,0.4255530210211873,0.9806266210507601,0.5550736000295728,5.443425488076173
16,0,1,4,0.9806266210507601,1.5449334969744086,0.5643068759236485,5.443425488076173
16,0,1,5,1.5449334969744086,2.108377482043579,0.5634439850691706,5.443425488076173
16,0,1,6,2.108377482043579,2.6615634890040383,0.553186006960459,5.443425488076173
16,0,1,7,2.6615634890040383,3.2290862570516765,0.5675227680476382,5.443425488076173
16,0,1,8,3.2290862570516765,3.783907948061824,0.5548216910101473,5.443425488076173
16,0,1,9,3.783907948061824,4.394469476072118,0.6105615280102938,5.443425488076173
16,0,1,10,4.394469476072118,5.081468756077811,0.6869992800056934,5.443425488076173
16,0,1,11,5.081468756077811,5.444468833040446,0.3630000769626349,5.443425488076173
16,0,2,1,0.4253384730545804,0.9805003070505336,0.5551618339959532,5.443425488076173
16,0,2,2,0.9805003070505336,1.5441358720418066,0.563635564991273,5.443425488076173
16,0,2,3,1.5441358720418066,2.107464694068767,0.5633288220269606,5.443425488076173
16,0,2,4,2.107464694068767,2.6612356969853863,0.5537710029166192,5.443425488076173
16,0,2,5,2.6612356969853863,3.2284748980309814,0.5672392010455951,5.443425488076173
16,0,2,6,3.2284748980309814,3.78311407007277,0.5546391720417887,5.443425488076173
16,0,2,7,3.78311407007277,4.393951712991111,0.6108376429183409,5.443425488076173
16,0,2,8,4.393951712991111,5.081005136016756,0.6870534230256453,5.443425488076173
16,0,2,9,5.081005136016756,5.443916463991627,0.3629113279748708,5.443425488076173
16,0,3,1,-0.1507176859304309,0.42547231598291546,0.5761900019133464,5.443425488076173
16,0,3,2,0.42547231598291546,0.9805628129979596,0.5550904970150441,5.443425488076173
16,0,3,3,0.9805628129979596,1.5448688759934157,0.5643060629954562,5.443425488076173
16,0,3,4,1.5448688759934157,2.108320076018572,0.5634512000251561,5.443425488076173
16,0,3,5,2.108320076018572,2.661507798009552,0.5531877219909802,5.443425488076173
16,0,3,6,2.661507798009552,3.2290246720658615,0.5675168740563095,5.443425488076173
16,0,3,7,3.2290246720658615,3.783846789970994,0.5548221179051325,5.443425488076173
16,0,3,8,3.783846789970994,4.3943901910679415,0.6105434010969475,5.443425488076173
16,0,3,9,4.3943901910679415,5.081409201025963,0.6870190099580213,5.443425488076173
16,0,3,10,5.081409201025963,5.444393004057929,0.3629838030319661,5.443425488076173
16,0,4,1,0.42495125404093415,0.9804038240108639,0.5554525699699298,5.443425488076173
16,0,4,2,0.9804038240108639,1.544028726988472,0.5636249029776081,5.443425488076173
16,0,4,3,1.544028726988472,2.1074052420444787,0.5633765150560066,5.443425488076173
16,0,4,4,2.1074052420444787,2.6611749060684815,0.5537696640240029,5.443425488076173
16,0,4,5,2.6611749060684815,3.2283738560508937,0.5671989499824122,5.443425488076173
16,0,4,6,3.2283738560508937,3.7830540200229734,0.5546801639720798,5.443425488076173
16,0,4,7,3.7830540200229734,4.393888466991484,0.6108344469685107,5.443425488076173
16,0,4,8,4.393888466991484,5.08091990405228,0.6870314370607957,5.443425488076173
16,0,4,9,5.08091990405228,5.443837343016639,0.36291743896435946,5.443425488076173
16,0,5,1,1.5445086309919134,2.10818029101938,0.5636716600274667,5.443425488076173
16,0,5,2,2.10818029101938,2.6613691720413044,0.5531888810219243,5.443425488076173
16,0,5,3,2.6613691720413044,3.2289092970313504,0.567540124990046,5.443425488076173
16,0,5,4,3.2289092970313504,3.783728442969732,0.5548191459383816,5.443425488076173
16,0,5,5,3.783728442969732,4.394256098079495,0.6105276551097631,5.443425488076173
16,0,5,6,4.394256098079495,5.081289794063196,0.6870336959837005,5.443425488076173
16,0,5,7,5.081289794063196,5.444239148055203,0.3629493539920077,5.443425488076173
16,0,6,1,1.5447999560274184,2.108262423076667,0.5634624670492485,5.443425488076173
16,0,6,2,2.108262423076667,2.6614439650438726,0.5531815419672057,5.443425488076173
16,0,6,3,2.6614439650438726,3.228965895017609,0.5675219299737364,5.443425488076173
16,0,6,4,3.228965895017609,3.783785342006013,0.5548194469884038,5.443425488076173
16,0,6,5,3.783785342006013,4.3943187589757144,0.6105334169697016,5.443425488076173
16,0,6,6,4.3943187589757144,5.0813491740264,0.6870304150506854,5.443425488076173
16,0,6,7,5.0813491740264,5.444316326989792,0.36296715296339244,5.443425488076173
16,0,7,1,0.9799174569780007,1.5437797060003504,0.5638622490223497,5.443425488076173
16,0,7,2,1.5437797060003504,2.107276958064176,0.5634972520638257,5.443425488076173
16,0,7,3,2.107276958064176,2.6606821620371193,0.5534052039729431,5.443425488076173
16,0,7,4,2.6606821620371193,3.228148985072039,0.5674668230349198,5.443425488076173
16,0,7,5,3.228148985072039,3.7828190070576966,0.5546700219856575,5.443425488076173
16,0,7,6,3.7828190070576966,4.393609190010466,0.6107901829527691,5.443425488076173
16,0,7,7,4.393609190010466,5.080731741036288,0.6871225510258228,5.443425488076173
16,0,7,8,5.080731741036288,5.442011417006142,0.361279675969854,5.443425488076173
16,0,7,9,5.442011417006142,5.4447919720551,0.002780555048957467,5.443425488076173
16,0,8,1,3.784254498081282,4.394654528005049,0.6104000299237669,5.443425488076173
16,0,8,2,4.394654528005049,5.081604424980469,0.6869498969754204,5.443425488076173
16,0,8,3,5.081604424980469,5.444630466983654,0.36302604200318456,5.443425488076173
16,0,9,1,3.2287846270482987,3.7835623549763113,0.5547777279280126,5.443425488076173
16,0,9,2,3.7835623549763113,4.394121065037325,0.6105587100610137,5.443425488076173
16,0,9,3,4.394121065037325,5.081171781057492,0.6870507160201669,5.443425488076173
16,0,9,4,5.081171781057492,5.444082034053281,0.36291025299578905,5.443425488076173
16,0,10,1,2.1077746640658006,2.6605531950481236,0.552778530982323,5.443425488076173
16,0,10,2,2.6605531950481236,3.227412319974974,0.5668591249268502,5.443425488076173
16,0,10,3,3.227412319974974,3.782568856026046,0.5551565360510722,5.443425488076173
16,0,10,4,3.782568856026046,4.393358821049333,0.6107899650232866,5.443425488076173
16,0,10,5,4.393358821049333,5.080464428057894,0.6871056070085615,5.443425488076173
16,0,10,6,5.080464428057894,5.441866604029201,0.36140217597130686,5.443425488076173
16,0,10,7,5.441866604029201,5.444683715002611,0.0028171109734103084,5.443425488076173
16,0,11,1,3.7834558070171624,4.394051467068493,0.6105956600513309,5.443425488076173
16,0,11,2,4.394051467068493,5.081105884979479,0.6870544179109856,5.443425488076173
16,0,11,3,5.081105884979479,5.443999542971142,0.3628936579916626,5.443425488076173
16,0,12,1,2.6618574489839375,3.22916701505892,0.5673095660749823,5.443425488076173
16,0,12,2,3.22916701505892,3.7839668670203537,0.5547998519614339,5.443425488076173
16,0,12,3,3.7839668670203537,4.394557005027309,0.6105901380069554,5.443425488076173
16,0,12,4,4.394557005027309,5.081536423997022,0.6869794189697132,5.443425488076173
16,0,12,5,5.081536423997022,5.444553218083456,0.36301679408643395,5.443425488076173
16,0,13,1,2.66110787098296,3.228310361970216,0.5672024909872562,5.443425488076173
16,0,13,2,3.228310361970216,3.7829923450481147,0.5546819830778986,5.443425488076173
16,0,13,3,3.7829923450481147,4.393818150041625,0.6108258049935102,5.443425488076173
16,0,13,4,4.393818150041625,5.08085657004267,0.6870384200010449,5.443425488076173
16,0,13,5,5.08085657004267,5.443755186977796,0.3628986169351265,5.443425488076173
16,0,14,1,2.108074789051898,2.6613117289962247,0.5532369399443269,5.443425488076173
16,0,14,2,2.6613117289962247,3.2288481420837343,0.5675364130875096,5.443425488076173
16,0,14,3,3.2288481420837343,3.783663072041236,0.5548149299575016,5.443425488076173
16,0,14,4,3.783663072041236,4.394186023971997,0.6105229519307613,5.443425488076173
16,0,14,5,4.394186023971997,5.081230801064521,0.6870447770925239,5.443425488076173
16,0,14,6,5.081230801064521,5.44415806804318,0.36292726697865874,5.443425488076173
16,0,15,1,0.9802932019811124,1.5439526110421866,0.5636594090610743,5.443425488076173
16,0,15,2,1.5439526110421866,2.107345171039924,0.5633925599977374,5.443425488076173
16,0,15,3,2.107345171039924,2.66078647703398,0.5534413059940562,5.443425488076173
16,0,15,4,2.66078647703398,3.2282207420794293,0.5674342650454491,5.443425488076173
16,0,15,5,3.2282207420794293,3.782927977037616,0.5547072349581867,5.443425488076173
16,0,15,6,3.782927977037616,4.393738067010418,0.6108100899728015,5.443425488076173
16,0,15,7,4.393738067010418,5.08079533604905,0.6870572690386325,5.443425488076173
16,0,15,8,5.08079533604905,5.443583136075176,0.3627878000261262,5.443425488076173
16,1,0,1,3.5173797809984535,4.093615508987568,0.5762357279891148,5.4492364439647645
16,1,0,2,4.093615508987568,4.737076638964936,0.6434611299773678,5.4492364439647645
16,1,0,3,4.737076638964936,5.451148320920765,0.7140716819558293,5.4492364439647645
16,1,1,1,2.9542755889706314,3.5165682419901714,0.56229265301954,5.4492364439647645
16,1,1,2,3.5165682419901714,4.093292973935604,0.5767247319454327,5.4492364439647645
16,1,1,3,4.093292973935604,4.736808446934447,0.6435154729988426,5.4492364439647645
16,1,1,4,4.736808446934447,5.450807280023582,0.7139988330891356,5.4492364439647645
16,1,2,1,1.273435057955794,1.825963055016473,0.5525279970606789,5.4492364439647645
16,1,2,2,1.825963055016473,2.396013041958213,0.5700499869417399,5.4492364439647645
16,1,2,3,2.396013041958213,2.9534524870105088,0.5574394450522959,5.4492364439647645
16,1,2,4,2.9534524870105088,3.5162081859307364,0.5627556989202276,5.4492364439647645
16,1,2,5,3.5162081859307364,4.092684431932867,0.5764762460021302,5.4492364439647645
16,1,2,6,4.092684431932867,4.736362772993743,0.6436783410608768,5.4492364439647645
16,1,2,7,4.736362772993743,5.4503291139844805,0.7139663409907371,5.4492364439647645
16,1,3,1,2.3963312819832936,2.9535389950033277,0.5572077130200341,5.4492364439647645
16,1,3,2,2.9535389950033277,3.516271000029519,0.5627320050261915,5.4492364439647645
16,1,3,3,3.516271000029519,4.092746841954067,0.5764758419245481,5.4492364439647645
16,1,3,4,4.092746841954067,4.736423269961961,0.6436764280078933,5.4492364439647645
16,1,3,5,4.736423269961961,5.450408229953609,0.7139849599916488,5.4492364439647645
16,1,4,1,1.2738014559727162,1.8263834599638358,0.5525820039911196,5.4492364439647645
16,1,4,2,1.8263834599638358,2.3968297919491306,0.5704463319852948,5.4492364439647645
16,1,4,3,2.3968297919491306,2.9544362829765305,0.5576064910273999,5.4492364439647645
16,1,4,4,2.9544362829765305,3.5170190149219707,0.5625827319454402,5.4492364439647645
16,1,4,5,3.5170190149219707,4.093481639982201,0.5764626250602305,5.4492364439647645
16,1,4,6,4.093481639982201,4.736968240933493,0.6434866009512916,5.4492364439647645
16,1,4,7,4.736968240933493,5.4510352639481425,0.7140670230146497,5.4492364439647645
16,1,5,1,4.093115172930993,4.736627838923596,0.6435126659926027,5.4492364439647645
16,1,5,2,4.736627838923596,5.45056372100953,0.7139358820859343,5.4492364439647645
16,1,6,1,3.5169514719164,4.093426920939237,0.576475449022837,5.4492364439647645
16,1,6,2,4.093426920939237,4.736915439949371,0.643488519010134,5.4492364439647645
16,1,6,3,4.736915439949371,5.450961309019476,0.7140458690701053,5.4492364439647645
16,1,7,1,2.9538658020319417,3.5163602100219578,0.562494407990016,5.4492364439647645
16,1,7,2,3.5163602100219578,4.0928091909736395,0.5764489809516817,5.4492364439647645
16,1,7,3,4.0928091909736395,4.736539860023186,0.6437306690495461,5.4492364439647645
16,1,7,4,4.736539860023186,5.450487112975679,0.7139472529524937,5.4492364439647645
16,1,8,1,2.396767630940303,2.9543617429444566,0.5575941120041534,5.4492364439647645
16,1,8,2,2.9543617429444566,3.5166265009902418,0.5622647580457851,5.4492364439647645
16,1,8,3,3.5166265009902418,4.093348486931063,0.5767219859408215,5.4492364439647645
16,1,8,4,4.093348486931063,4.73686138400808,0.6435128970770165,5.4492364439647645
16,1,8,5,4.73686138400808,5.45088456897065,0.7140231849625707,5.4492364439647645
16,1,9,1,0.6989108580164611,1.272916218964383,0.5740053609479219,5.4492364439647645
16,1,9,2,1.272916218964383,1.825715932995081,0.5527997140306979,5.4492364439647645
16,1,9,3,1.825715932995081,2.395759896025993,0.570043963030912,5.4492364439647645
16,1,9,4,2.395759896025993,2.9532104149693623,0.5574505189433694,5.4492364439647645
16,1,9,5,2.9532104149693623,3.5159568689996377,0.5627464540302753,5.4492364439647645
16,1,9,6,3.5159568689996377,4.092433959944174,0.576477090944536,5.4492364439647645
16,1,9,7,4.092433959944174,4.736169236013666,0.6437352760694921,5.4492364439647645
16,1,9,8,4.736169236013666,5.449663795996457,0.7134945599827915,5.4492364439647645
16,1,10,1,-0.4187514600344002,0.14968471601605415,0.5684361760504544,5.4492364439647645
16,1,10,2,0.14968471601605415,0.6995040769688785,0.5498193609528244,5.4492364439647645
16,1,10,3,0.6995040769688785,1.2738593069370836,0.5743552299682051,5.4492364439647645
16,1,10,4,1.2738593069370836,1.8264396809972823,0.5525803740601987,5.4492364439647645
16,1,10,5,1.8264396809972823,2.396886768983677,0.5704470879863948,5.4492364439647645
16,1,10,6,2.396886768983677,2.9544952180003747,0.5576084490166977,5.4492364439647645
16,1,10,7,2.9544952180003747,3.5170792649732903,0.5625840469729155,5.4492364439647645
16,1,10,8,3.5170792649732903,4.093536388943903,0.5764571239706129,5.4492364439647645
16,1,10,9,4.093536388943903,4.7370232419343665,0.6434868529904634,5.4492364439647645
16,1,10,10,4.7370232419343665,5.451091937022284,0.7140686950879171,5.4492364439647645
16,1,11,1,0.6994386849692091,1.273523938958533,0.574085253989324,5.4492364439647645
16,1,11,2,1.273523938958533,1.8260207989951596,0.5524968600366265,5.4492364439647645
16,1,11,3,1.8260207989951596,2.396396351978183,0.5703755529830232,5.4492364439647645
16,1,11,4,2.396396351978183,2.953934925957583,0.5575385739794001,5.4492364439647645
16,1,11,5,2.953934925957583,3.5164232270326465,0.5624883010750636,5.4492364439647645
16,1,11,6,3.5164232270326465,4.093178033013828,0.5767548059811816,5.4492364439647645
16,1,11,7,4.093178033013828,4.7366953829769045,0.6435173499630764,5.4492364439647645
16,1,11,8,4.7366953829769045,5.450641894945875,0.7139465119689703,5.4492364439647645
16,1,12,2,-0.41859992197714746,0.15012786397710443,0.5687277859542519,5.4492364439647645
16,1,12,3,0.15012786397710443,0.6991576459258795,0.549029781948775,5.4492364439647645
16,1,12,4,0.6991576459258795,1.2731074079638347,0.5739497620379552,5.4492364439647645
16,1,12,5,1.2731074079638347,1.8258800329640508,0.5527726250002161,5.4492364439647645
16,1,12,6,1.8258800329640508,2.395945276017301,0.57006524305325,5.4492364439647645
16,1,12,7,2.395945276017301,2.95338865602389,0.557443380006589,5.4492364439647645
16,1,12,8,2.95338865602389,3.516142314998433,0.5627536589745432,5.4492364439647645
16,1,12,9,3.516142314998433,4.0925643149530515,0.5764219999546185,5.4492364439647645
16,1,12,10,4.0925643149530515,4.736302605015226,0.6437382900621742,5.4492364439647645
16,1,12,11,4.736302605015226,5.450245657935739,0.7139430529205129,5.4492364439647645
16,1,13,1,0.15003891801461577,0.6990647079655901,0.5490257899509743,5.4492364439647645
16,1,13,2,0.6990647079655901,1.2730412459932268,0.5739765380276367,5.4492364439647645
16,1,13,3,1.2730412459932268,1.8258173880167305,0.5527761420235038,5.4492364439647645
16,1,13,4,1.8258173880167305,2.39583459100686,0.5700172029901296,5.4492364439647645
16,1,13,5,2.39583459100686,2.9532794050173834,0.5574448140105233,5.4492364439647645
16,1,13,6,2.9532794050173834,3.5160248979227617,0.5627454929053783,5.4492364439647645
16,1,13,7,3.5160248979227617,4.092502075014636,0.5764771770918742,5.4492364439647645
16,1,13,8,4.092502075014636,4.736238304991275,0.6437362299766392,5.4492364439647645
16,1,13,9,4.736238304991275,5.450151697965339,0.7139133929740638,5.4492364439647645
16,1,14,1,1.825578007963486,2.3955925150075927,0.5700145070441067,5.4492364439647645
16,1,14,2,2.3955925150075927,2.9530783069785684,0.5574857919709757,5.4492364439647645
16,1,14,3,2.9530783069785684,3.515822369023226,0.5627440620446578,5.4492364439647645
16,1,14,4,3.515822369023226,4.092289787018672,0.5764674179954454,5.4492364439647645
16,1,14,5,4.092289787018672,4.736030469997786,0.6437406829791144,5.4492364439647645
16,1,14,6,4.736030469997786,5.447850566939451,0.7118200969416648,5.4492364439647645
16,1,14,7,5.447850566939451,5.451201513991691,0.0033509470522403717,5.4492364439647645
16,1,15,1,1.8262999689904973,2.396480133989826,0.5701801649993286,5.4492364439647645
16,1,15,2,2.396480133989826,2.953997307922691,0.5575171739328653,5.4492364439647645
16,1,15,3,2.953997307922691,3.516483549028635,0.5624862411059439,5.4492364439647645
16,1,15,4,3.516483549028635,4.0932356680277735,0.5767521189991385,5.4492364439647645
16,1,15,5,4.0932356680277735,4.736751755001023,0.6435160869732499,5.4492364439647645
16,1,15,6,4.736751755001023,5.450727976975031,0.7139762219740078,5.4492364439647645
16,2,0,1,2.1015225389273837,2.659453858039342,0.5579313191119581,5.437553060008213
16,2,0,2,2.659453858039342,3.227803161018528,0.5683493029791862,5.437553060008213
16,2,0,3,3.227803161018528,3.7793530570343137,0.5515498960157856,5.437553060008213
16,2,0,4,3.7793530570343137,4.39185463602189,0.6125015789875761,5.437553060008213
16,2,0,5,4.39185463602189,5.077389662037604,0.6855350260157138,5.437553060008213
16,2,0,6,5.077389662037604,5.439264482003637,0.3618748199660331,5.437553060008213
16,2,1,1,3.226532554021105,3.777788038016297,0.5512554839951918,5.437553060008213
16,2,1,2,3.777788038016297,4.39071727800183,0.6129292399855331,5.437553060008213
16,2,1,3,4.39071727800183,5.076410562964156,0.6856932849623263,5.437553060008213
16,2,1,4,5.076410562964156,5.436055085039698,0.3596445220755413,5.437553060008213
16,2,1,5,5.436055085039698,5.439391389954835,0.003336304915137589,5.437553060008213
16,2,2,1,1.5377886550268158,2.100463210954331,0.562674555927515,5.437553060008213
16,2,2,2,2.100463210954331,2.658223135978915,0.5577599250245839,5.437553060008213
16,2,2,3,2.658223135978915,3.2266667110379785,0.5684435750590637,5.437553060008213
16,2,2,4,3.2266667110379785,3.7783310170052573,0.5516643059672788,5.437553060008213
16,2,2,5,3.7783310170052573,4.390994957997464,0.6126639409922063,5.437553060008213
16,2,2,6,4.390994957997464,5.07661161897704,0.6856166609795764,5.437553060008213
16,2,2,7,5.07661161897704,5.436195992981084,0.35958437400404364,5.437553060008213
16,2,2,8,5.436195992981084,5.439501901972108,0.003305908991023898,5.437553060008213
16,2,3,2,-0.15427503606770188,0.4227352630114183,0.5770102990791202,5.437553060008213
16,2,3,3,0.4227352630114183,0.9827823890373111,0.5600471260258928,5.437553060008213
16,2,3,4,0.9827823890373111,1.5384389290120453,0.5556565399747342,5.437553060008213
16,2,3,5,1.5384389290120453,2.101179971010424,0.5627410419983789,5.437553060008213
16,2,3,6,2.101179971010424,2.659308449947275,0.558128478936851,5.437553060008213
16,2,3,7,2.659308449947275,3.2273542819311842,0.568045831983909,5.437553060008213
16,2,3,8,3.2273542819311842,3.778862967970781,0.5515086860395968,5.437553060008213
16,2,3,9,3.778862967970781,4.391552904970013,0.6126899369992316,5.437553060008213
16,2,3,10,4.391552904970013,5.0771537410328165,0.6856008360628039,5.437553060008213
16,2,3,11,5.0771537410328165,5.438952752039768,0.36179901100695133,5.437553060008213
16,2,4,1,0.9820861809421331,1.537349956925027,0.555263775982894,5.437553060008213
16,2,4,2,1.537349956925027,2.100308442953974,0.5629584860289469,5.437553060008213
16,2,4,3,2.100308442953974,2.6580805180128664,0.5577720750588924,5.437553060008213
16,2,4,4,2.6580805180128664,3.2260724420193583,0.5679919240064919,5.437553060008213
16,2,4,5,3.2260724420193583,3.7775915879756212,0.551519145956263,5.437553060008213
16,2,4,6,3.7775915879756212,4.390544435940683,0.6129528479650617,5.437553060008213
16,2,4,7,4.390544435940683,5.076263000024483,0.6857185640837997,5.437553060008213
16,2,4,8,5.076263000024483,5.435925352037884,0.3596623520134017,5.437553060008213
16,2,4,9,5.435925352037884,5.439337429939769,0.0034120779018849134,5.437553060008213
16,2,5,1,0.4233478920068592,0.9822967909276485,0.5589488989207894,5.437553060008213
16,2,5,2,0.9822967909276485,1.5379142409656197,0.5556174500379711,5.437553060008213
16,2,5,3,1.5379142409656197,2.100574105978012,0.5626598650123924,5.437553060008213
16,2,5,4,2.100574105978012,2.658674055011943,0.5580999490339309,5.437553060008213
16,2,5,5,2.658674055011943,3.2268539340002462,0.5681798789883032,5.437553060008213
16,2,5,6,3.2268539340002462,3.7784630559617653,0.5516091219615191,5.437553060008213
16,2,5,7,3.7784630559617653,4.391145064961165,0.6126820089993998,5.437553060008213
16,2,5,8,4.391145064961165,5.0767422339413315,0.6855971689801663,5.437553060008213
16,2,5,9,5.0767422339413315,5.438064998015761,0.36132276407442987,5.437553060008213
16,2,6,1,3.2276718619978055,3.7789546019630507,0.5512827399652451,5.437553060008213
16,2,6,2,3.7789546019630507,4.391617604997009,0.6126630030339584,5.437553060008213
16,2,6,3,4.391617604997009,5.077217158977874,0.6855995539808646,5.437553060008213
16,2,6,4,5.077217158977874,5.439030890003778,0.3618137310259044,5.437553060008213
16,2,7,1,-0.15445328003261238,0.4226228230400011,0.5770761030726135,5.437553060008213
16,2,7,2,0.4226228230400011,0.9828463789308444,0.5602235558908433,5.437553060008213
16,2,7,3,0.9828463789308444,1.5385003329720348,0.5556539540411904,5.437553060008213
16,2,7,4,1.5385003329720348,2.1012383709894493,0.5627380380174145,5.437553060008213
16,2,7,5,2.1012383709894493,2.659364889957942,0.5581265189684927,5.437553060008213
16,2,7,6,2.659364889957942,3.2277397599536926,0.5683748699957505,5.437553060008213
16,2,7,7,3.2277397599536926,3.779293952975422,0.5515541930217296,5.437553060008213
16,2,7,8,3.779293952975422,4.39178078295663,0.6124868299812078,5.437553060008213
16,2,7,9,4.39178078295663,5.077332149026915,0.6855513660702854,5.437553060008213
16,2,7,10,5.077332149026915,5.43919118703343,0.3618590380065143,5.437553060008213
16,2,8,1,0.9826951449504122,1.5380821080179885,0.5553869630675763,5.437553060008213
16,2,8,2,1.5380821080179885,2.1010242459597066,0.5629421379417181,5.437553060008213
16,2,8,3,2.1010242459597066,2.658882810967043,0.5578585650073364,5.437553060008213
16,2,8,4,2.658882810967043,3.2271091720322147,0.5682263610651717,5.437553060008213
16,2,8,5,3.2271091720322147,3.778651708038524,0.5515425360063091,5.437553060008213
16,2,8,6,3.778651708038524,4.391357284039259,0.6127055760007352,5.437553060008213
16,2,8,7,4.391357284039259,5.076936485012993,0.6855792009737343,5.437553060008213
16,2,8,8,5.076936485012993,5.4383208099752665,0.36138432496227324,5.437553060008213
16,2,9,1,2.6586022899718955,3.2267849619966,0.5681826720247045,5.437553060008213
16,2,9,2,3.2267849619966,3.7783974719932303,0.5516125099966303,5.437553060008213
16,2,9,3,3.7783974719932303,4.391068098018877,0.6126706260256469,5.437553060008213
16,2,9,4,4.391068098018877,5.076676339958794,0.6856082419399172,5.437553060008213
16,2,9,5,5.076676339958794,5.43787905597128,0.3612027160124853,5.437553060008213
16,2,10,1,3.7782448469661176,4.390905580017716,0.6126607330515981,5.437553060008213
16,2,10,2,4.390905580017716,5.076538422028534,0.6856328420108184,5.437553060008213
16,2,10,3,5.076538422028534,5.436122549930587,0.3595841279020533,5.437553060008213
16,2,10,4,5.436122549930587,5.439446607022546,0.003324057091958821,5.437553060008213
16,2,11,1,2.1009594430215657,2.658822054974735,0.5578626119531691,5.437553060008213
16,2,11,2,2.658822054974735,3.227044321014546,0.5682222660398111,5.437553060008213
16,2,11,3,3.227044321014546,3.778591239009984,0.551546917995438,5.437553060008213
16,2,11,4,3.778591239009984,4.3912916500121355,0.6127004110021517,5.437553060008213
16,2,11,5,4.3912916500121355,5.076875507947989,0.6855838579358533,5.437553060008213
16,2,11,6,5.076875507947989,5.438240894000046,0.36136538605205715,5.437553060008213
16,2,12,1,0.42304758494719863,0.9824045980349183,0.5593570130877197,5.437553060008213
16,2,12,2,0.9824045980349183,1.537985062925145,0.5555804648902267,5.437553060008213
16,2,12,3,1.537985062925145,2.1006380999460816,0.5626530370209366,5.437553060008213
16,2,12,4,2.1006380999460816,2.658736653975211,0.5580985540291294,5.437553060008213
16,2,12,5,2.658736653975211,3.226973389973864,0.5682367359986529,5.437553060008213
16,2,12,6,3.226973389973864,3.7785275449277833,0.5515541549539194,5.437553060008213
16,2,12,7,3.7785275449277833,4.391223961953074,0.6126964170252904,5.437553060008213
16,2,12,8,4.391223961953074,5.076805479009636,0.685581517056562,5.437553060008213
16,2,12,9,5.076805479009636,5.438158588949591,0.3613531099399552,5.437553060008213
16,2,13,1,2.6592444659909233,3.2272891589673236,0.5680446929764003,5.437553060008213
16,2,13,2,3.2272891589673236,3.778770657023415,0.5514814980560914,5.437553060008213
16,2,13,3,3.778770657023415,4.391488641966134,0.6127179849427193,5.437553060008213
16,2,13,4,4.391488641966134,5.077060260926373,0.685571618960239,5.437553060008213
16,2,13,5,5.077060260926373,5.438867814955302,0.3618075540289283,5.437553060008213
16,2,14,1,1.5383745250292122,2.101110831950791,0.5627363069215789,5.437553060008213
16,2,14,2,2.101110831950791,2.6589419409865513,0.5578311090357602,5.437553060008213
16,2,14,3,2.6589419409865513,3.227182555012405,0.5682406140258536,5.437553060008213
16,2,14,4,3.227182555012405,3.778710176004097,0.551527620991692,5.437553060008213
16,2,14,5,3.778710176004097,4.391421439941041,0.6127112639369443,5.437553060008213
16,2,14,6,4.391421439941041,5.076998629025184,0.6855771890841424,5.437553060008213
16,2,14,7,5.076998629025184,5.438778629992157,0.3617800009669736,5.437553060008213
16,2,15,1,3.779232584987767,4.391719061997719,0.6124864770099521,5.437553060008213
16,2,15,2,4.391719061997719,5.077275599935092,0.6855565379373729,5.437553060008213
16,2,15,3,5.077275599935092,5.4391078220214695,0.36183222208637744,5.437553060008213
16,3,0,3,-0.15426676895003766,0.42578680801671,0.5800535769667476,5.449535086052492
16,3,0,4,0.42578680801671,0.9808633800130337,0.5550765719963238,5.449535086052492
16,3,0,5,0.9808633800130337,1.5410120619926602,0.5601486819796264,5.449535086052492
16,3,0,6,1.5410120619926602,2.1080148270120844,0.5670027650194243,5.449535086052492
16,3,0,7,2.1080148270120844,2.6651498189894482,0.5571349919773638,5.449535086052492
16,3,0,8,2.6651498189894482,3.2318693440174684,0.5667195250280201,5.449535086052492
16,3,0,9,3.2318693440174684,3.785349110024981,0.5534797660075128,5.449535086052492
16,3,0,10,3.785349110024981,4.399530263035558,0.614181153010577,5.449535086052492
16,3,0,11,4.399530263035558,5.089156792033464,0.6896265289979056,5.449535086052492
16,3,0,12,5.089156792033464,5.447627215995453,0.3584704239619896,5.449535086052492
16,3,0,13,5.447627215995453,5.45160177804064,0.003974562045186758,5.449535086052492
16,3,1,1,3.7858298210194334,4.399688777979463,0.6138589569600299,5.449535086052492
16,3,1,2,4.399688777979463,5.089300755993463,0.6896119780139998,5.449535086052492
16,3,1,3,5.089300755993463,5.449923258041963,0.3606225020484999,5.449535086052492
16,3,2,1,-0.15376255102455616,0.4265698429662734,0.5803323939908296,5.449535086052492
16,3,2,2,0.4265698429662734,0.9801533359568566,0.5535834929905832,5.449535086052492
16,3,2,3,0.9801533359568566,1.540419791941531,0.5602664559846744,5.449535086052492
16,3,2,4,1.540419791941531,2.107726651011035,0.5673068590695038,5.449535086052492
16,3,2,5,2.107726651011035,2.664577823947184,0.5568511729361489,5.449535086052492
16,3,2,6,2.664577823947184,3.2309093669755384,0.5663315430283546,5.449535086052492
16,3,2,7,3.2309093669755384,3.7843266170239076,0.5534172500483692,5.449535086052492
16,3,2,8,3.7843266170239076,4.398854961968027,0.6145283449441195,5.449535086052492
16,3,2,9,4.398854961968027,5.08851725095883,0.6896622889908031,5.449535086052492
16,3,2,10,5.08851725095883,5.4469770030118525,0.3584597520530224,5.449535086052492
16,3,2,11,5.4469770030118525,5.451066434965469,0.00408943195361644,5.449535086052492
16,3,3,1,2.6654144369531423,3.231957191019319,0.5665427540661767,5.449535086052492
16,3,3,2,3.231957191019319,3.7854554899968207,0.5534982989775017,5.449535086052492
16,3,3,3,3.7854554899968207,4.399598686955869,0.6141431969590485,5.449535086052492
16,3,3,4,4.399598686955869,5.089222850976512,0.6896241640206426,5.449535086052492
16,3,3,5,5.089222850976512,5.447694703005254,0.35847185202874243,5.449535086052492
16,3,3,6,5.447694703005254,5.4516705960268155,0.003975893021561205,5.449535086052492
16,3,4,1,0.426455624983646,0.9809567159973085,0.5545010910136625,5.449535086052492
16,3,4,2,0.9809567159973085,1.5410669039702043,0.5601101879728958,5.449535086052492
16,3,4,3,1.5410669039702043,2.108355944044888,0.5672890400746837,5.449535086052492
16,3,4,4,2.108355944044888,2.6655528870178387,0.5571969429729506,5.449535086052492
16,3,4,5,2.6655528870178387,3.2321040550014004,0.5665511679835618,5.449535086052492
16,3,4,6,3.2321040550014004,3.7859722620341927,0.5538682070327923,5.449535086052492
16,3,4,7,3.7859722620341927,4.39981752296444,0.6138452609302476,5.449535086052492
16,3,4,8,4.39981752296444,5.0894330750452355,0.6896155520807952,5.449535086052492
16,3,4,9,5.0894330750452355,5.450207688030787,0.36077461298555136,5.449535086052492
16,3,5,1,2.1086096819490194,2.6643776920391247,0.5557680100901052,5.449535086052492
16,3,5,2,2.6643776920391247,3.230685390997678,0.5663076989585534,5.449535086052492
16,3,5,3,3.230685390997678,3.78413157700561,0.5534461860079318,5.449535086052492
16,3,5,4,3.78413157700561,4.39862006297335,0.6144884859677404,5.449535086052492
16,3,5,5,4.39862006297335,5.08826167404186,0.6896416110685095,5.449535086052492
16,3,5,6,5.08826167404186,5.446817231015302,0.35855555697344244,5.449535086052492
16,3,5,7,5.446817231015302,5.450906903948635,0.004089672933332622,5.449535086052492
16,3,6,1,1.5409393690060824,2.10794908599928,0.5670097169931978,5.449535086052492
16,3,6,2,2.10794908599928,2.6647888099541888,0.5568397239549085,5.449535086052492
16,3,6,3,2.6647888099541888,3.231091529945843,0.5663027199916542,5.449535086052492
16,3,6,4,3.231091529945843,3.7845891680335626,0.5534976380877197,5.449535086052492
16,3,6,5,3.7845891680335626,4.399142371024936,0.6145532029913738,5.449535086052492
16,3,6,6,4.399142371024936,5.08879596402403,0.6896535929990932,5.449535086052492
16,3,6,7,5.08879596402403,5.447202916024253,0.3584069520002231,5.449535086052492
16,3,6,8,5.447202916024253,5.451267946977168,0.004065030952915549,5.449535086052492
16,3,7,1,3.231501528993249,3.7847681699786335,0.5532666409853846,5.449535086052492
16,3,7,2,3.7847681699786335,4.399290643050335,0.6145224730717018,5.449535086052492
16,3,7,3,4.399290643050335,5.088933025021106,0.6896423819707707,5.449535086052492
16,3,7,4,5.088933025021106,5.447338107042015,0.3584050820209086,5.449535086052492
16,3,7,5,5.447338107042015,5.451394158997573,0.00405605195555836,5.449535086052492
16,3,8,1,0.4261558239813894,0.9800287439720705,0.5538729199906811,5.449535086052492
16,3,8,2,0.9800287439720705,1.5402968700509518,0.5602681260788813,5.449535086052492
16,3,8,3,1.5402968700509518,2.107666703988798,0.5673698339378461,5.449535086052492
16,3,8,4,2.107666703988798,2.664511173032224,0.5568444690434262,5.449535086052492
16,3,8,5,2.664511173032224,3.230803856975399,0.5662926839431748,5.449535086052492
16,3,8,6,3.230803856975399,3.784255923004821,0.553452066029422,5.449535086052492
16,3,8,7,3.784255923004821,4.398772894986905,0.6145169719820842,5.449535086052492
16,3,8,8,4.398772894986905,5.088437402038835,0.6896645070519298,5.449535086052492
16,3,8,9,5.088437402038835,5.446904128999449,0.3584667269606143,5.449535086052492
16,3,8,10,5.446904128999449,5.450992194004357,0.004088065004907548,5.449535086052492
16,3,9,1,0.9808006100356579,1.5406076830113307,0.5598070729756728,5.449535086052492
16,3,9,2,1.5406076830113307,2.1078682399820536,0.567260556970723,5.449535086052492
16,3,9,3,2.1078682399820536,2.6647317019524053,0.5568634619703516,5.449535086052492
16,3,9,4,2.6647317019524053,3.2310345410369337,0.5663028390845284,5.449535086052492
16,3,9,5,3.2310345410369337,3.7845266410149634,0.5534920999780297,5.449535086052492
16,3,9,6,3.7845266410149634,4.399080184055492,0.6145535430405289,5.449535086052492
16,3,9,7,4.399080184055492,5.08872803801205,0.6896478539565578,5.449535086052492
16,3,9,8,5.08872803801205,5.4471342579927295,0.35840621998067945,5.449535086052492
16,3,9,9,5.4471342579927295,5.451205270015635,0.004071012022905052,5.449535086052492
16,3,10,1,3.7852658439660445,4.399462801055051,0.6141969570890069,5.449535086052492
16,3,10,2,4.399462801055051,5.089087549946271,0.6896247488912195,5.449535086052492
16,3,10,3,5.089087549946271,5.447550661046989,0.3584631111007184,5.449535086052492
16,3,10,4,5.447550661046989,5.451527192024514,0.003976530977524817,5.449535086052492
16,3,11,1,2.1082991620060056,2.6654971149982885,0.5571979529922828,5.449535086052492
16,3,11,2,2.6654971149982885,3.2320385290076956,0.5665414140094072,5.449535086052492
16,3,11,3,3.2320385290076956,3.785906633012928,0.5538681040052325,5.449535086052492
16,3,11,4,3.785906633012928,4.399757229024544,0.6138505960116163,5.449535086052492
16,3,11,5,4.399757229024544,5.089363035978749,0.689605806954205,5.449535086052492
16,3,11,6,5.089363035978749,5.450017694034614,0.3606546580558643,5.449535086052492
16,3,12,1,2.665080011007376,3.231173665029928,0.5660936540225521,5.449535086052492
16,3,12,2,3.231173665029928,3.7846658970229328,0.5534922319930047,5.449535086052492
16,3,12,3,3.7846658970229328,4.399217561003752,0.6145516639808193,5.449535086052492
16,3,12,4,4.399217561003752,5.088868843042292,0.6896512820385396,5.449535086052492
16,3,12,5,5.088868843042292,5.4472720209741965,0.3584031779319048,5.449535086052492
16,3,12,6,5.4472720209741965,5.451331416028552,0.004059395054355264,5.449535086052492
16,3,13,1,0.9805228559998795,1.5405195020139217,0.5599966460140422,5.449535086052492
16,3,13,2,1.5405195020139217,2.1077818609774113,0.5672623589634895,5.449535086052492
16,3,13,3,2.1077818609774113,2.664636380970478,0.5568545199930668,5.449535086052492
16,3,13,4,2.664636380970478,3.2309722820064053,0.5663359010359272,5.449535086052492
16,3,13,5,3.2309722820064053,3.784462086041458,0.5534898040350527,5.449535086052492
16,3,13,6,3.784462086041458,4.398997901007533,0.6145358149660751,5.449535086052492
16,3,13,7,4.398997901007533,5.0885882780421525,0.6895903770346195,5.449535086052492
16,3,13,8,5.0885882780421525,5.4470688729779795,0.35848059493582696,5.449535086052492
16,3,13,9,5.4470688729779795,5.451144514023326,0.004075641045346856,5.449535086052492
16,3,14,1,1.5413343970431015,2.1086807389510795,0.5673463419079781,5.449535086052492
16,3,14,2,2.1086807389510795,2.665604425012134,0.5569236860610545,5.449535086052492
16,3,14,3,2.665604425012134,3.2321595980320126,0.5665551730198786,5.449535086052492
16,3,14,4,3.2321595980320126,3.7860423480160534,0.5538827499840409,5.449535086052492
16,3,14,5,3.7860423480160534,4.399873364949599,0.6138310169335455,5.449535086052492
16,3,14,6,4.399873364949599,5.089494653046131,0.6896212880965322,5.449535086052492
16,3,14,7,5.089494653046131,5.450312539003789,0.3608178859576583,5.449535086052492
16,3,15,1,3.2318075810326263,3.7848579259589314,0.5530503449263051,5.449535086052492
16,3,15,2,3.7848579259589314,4.399356150999665,0.6144982250407338,5.449535086052492
16,3,15,3,4.399356150999665,5.089010803028941,0.6896546520292759,5.449535086052492
16,3,15,4,5.089010803028941,5.4474813039414585,0.3584705009125173,5.449535086052492
16,3,15,5,5.4474813039414585,5.451458923052996,0.003977619111537933,5.449535086052492
16,4,0,1,0.9822650330606848,1.5431076399981976,0.5608426069375128,5.447279143962078
16,4,0,2,1.5431076399981976,2.106549039017409,0.5634413990192115,5.447279143962078
16,4,0,3,2.106549039017409,2.6618445380590856,0.5552954990416765,5.447279143962078
16,4,0,4,2.6618445380590856,3.2283432449912652,0.5664987069321796,5.447279143962078
16,4,0,5,3.2283432449912652,3.783777073957026,0.5554338289657608,5.447279143962078
16,4,0,6,3.783777073957026,4.399618013063446,0.6158409391064197,5.447279143962078
16,4,0,7,4.399618013063446,5.087406172067858,0.6877881590044126,5.447279143962078
16,4,0,8,5.087406172067858,5.44787512300536,0.3604689509375021,5.447279143962078
16,4,1,1,3.7836312600411475,4.39850087906234,0.6148696190211922,5.447279143962078
16,4,1,2,4.39850087906234,5.086472005001269,0.6879711259389296,5.447279143962078
16,4,1,3,5.086472005001269,5.4452832660172135,0.3588112610159442,5.447279143962078
16,4,1,4,5.4452832660172135,5.448684812989086,0.003401546971872449,5.447279143962078
16,4,2,1,1.5428877839585766,2.1058568430598825,0.5629690591013059,5.447279143962078
16,4,2,2,2.1058568430598825,2.661261304980144,0.5554044619202614,5.447279143962078
16,4,2,3,2.661261304980144,3.227694210014306,0.5664329050341621,5.447279143962078
16,4,2,4,3.227694210014306,3.7831478889565915,0.5554536789422855,5.447279143962078
16,4,2,5,3.7831478889565915,4.399222756037489,0.6160748670808971,5.447279143962078
16,4,2,6,4.399222756037489,5.087064131977968,0.6878413759404793,5.447279143962078
16,4,2,7,5.087064131977968,5.445742613053881,0.3586784810759127,5.447279143962078
16,4,2,8,5.445742613053881,5.449040321051143,0.003297707997262478,5.447279143962078
16,4,3,3,-0.15243257803376764,0.4250640000682324,0.5774965781020001,5.447279143962078
16,4,3,4,0.4250640000682324,0.9818215899867937,0.5567575899185613,5.447279143962078
16,4,3,5,0.9818215899867937,1.542982290033251,0.5611607000464574,5.447279143962078
16,4,3,6,1.542982290033251,2.1064662639983,0.5634839739650488,5.447279143962078
16,4,3,7,2.1064662639983,2.661779112997465,0.555312848999165,5.447279143962078
16,4,3,8,2.661779112997465,3.22828112100251,0.5665020080050454,5.447279143962078
16,4,3,9,3.22828112100251,3.783695206977427,0.5554140859749168,5.447279143962078
16,4,3,10,3.783695206977427,4.399544454063289,0.6158492470858619,5.447279143962078
16,4,3,11,4.399544454063289,5.087338919052854,0.6877944649895653,5.447279143962078
16,4,3,12,5.087338919052854,5.447791571961716,0.36045265290886164,5.447279143962078
16,4,4,1,0.42583568196278065,0.9827335820300505,0.5568979000672698,5.447279143962078
16,4,4,2,0.9827335820300505,1.543300444027409,0.5605668619973585,5.447279143962078
16,4,4,3,1.543300444027409,2.1066861039726064,0.5633856599451974,5.447279143962078
16,4,4,4,2.1066861039726064,2.6620026510208845,0.5553165470482782,5.447279143962078
16,4,4,5,2.6620026510208845,3.2284658700227737,0.5664632190018892,5.447279143962078
16,4,4,6,3.2284658700227737,3.7838932459708303,0.5554273759480566,5.447279143962078
16,4,4,7,3.7838932459708303,4.399767547030933,0.6158743010601029,5.447279143962078
16,4,4,8,4.399767547030933,5.087533044046722,0.6877654970157892,5.447279143962078
16,4,4,9,5.087533044046722,5.448040478979237,0.360507434932515,5.447279143962078
16,4,5,1,0.9826363070169464,1.5432326740119606,0.5605963669950143,5.447279143962078
16,4,5,2,1.5432326740119606,2.1066180299967527,0.5633853559847921,5.447279143962078
16,4,5,3,2.1066180299967527,2.661936625954695,0.5553185959579423,5.447279143962078
16,4,5,4,2.661936625954695,3.2284036820055917,0.5664670560508966,5.447279143962078
16,4,5,5,3.2284036820055917,3.7838367010699585,0.5554330190643668,5.447279143962078
16,4,5,6,3.7838367010699585,4.399689409066923,0.6158527079969645,5.447279143962078
16,4,5,7,4.399689409066923,5.087469313992187,0.6877799049252644,5.447279143962078
16,4,5,8,5.087469313992187,5.447960761957802,0.3604914479656145,5.447279143962078
16,4,6,1,2.6617092119995505,3.228213449008763,0.5665042370092124,5.447279143962078
16,4,6,2,3.228213449008763,3.783356923959218,0.5551434749504551,5.447279143962078
16,4,6,3,3.783356923959218,4.399467697017826,0.6161107730586082,5.447279143962078
16,4,6,4,4.399467697017826,5.087274090969004,0.6878063939511776,5.447279143962078
16,4,6,5,5.087274090969004,5.447609878028743,0.36033578705973923,5.447279143962078
16,4,7,1,2.107145047048107,2.6621830579824746,0.5550380109343678,5.447279143962078
16,4,7,2,2.6621830579824746,3.228589083068073,0.5664060250855982,5.447279143962078
16,4,7,3,3.228589083068073,3.7840199220227078,0.555430838954635,5.447279143962078
16,4,7,4,3.7840199220227078,4.399899602984078,0.6158796809613705,5.447279143962078
16,4,7,5,4.399899602984078,5.0876596389571205,0.6877600359730422,5.447279143962078
16,4,7,6,5.0876596389571205,5.448203961015679,0.36054432205855846,5.447279143962078
16,4,8,1,0.42547192401252687,0.9816965899663046,0.5562246659537777,5.447279143962078
16,4,8,2,0.9816965899663046,1.5419321290683001,0.5602355391019955,5.447279143962078
16,4,8,3,1.5419321290683001,2.10553634702228,0.56360421795398,5.447279143962078
16,4,8,4,2.10553634702228,2.660669789998792,0.555133442976512,5.447279143962078
16,4,8,5,2.660669789998792,3.226924363989383,0.5662545739905909,5.447279143962078
16,4,8,6,3.226924363989383,3.7824881880078465,0.5555638240184635,5.447279143962078
16,4,8,7,3.7824881880078465,4.398684074054472,0.6161958860466257,5.447279143962078
16,4,8,8,4.398684074054472,5.0866527809994295,0.6879687069449574,5.447279143962078
16,4,8,9,5.0866527809994295,5.445357745978981,0.35870496497955173,5.447279143962078
16,4,8,10,5.445357745978981,5.448753464967012,0.003395718988031149,5.447279143962078
16,4,9,1,3.227368663996458,3.782596993027255,0.5552283290307969,5.447279143962078
16,4,9,2,3.782596993027255,4.3987686859909445,0.6161716929636896,5.447279143962078
16,4,9,3,4.3987686859909445,5.086733984993771,0.6879652990028262,5.447279143962078
16,4,9,4,5.086733984993771,5.4454935870599,0.35875960206612945,5.447279143962078
16,4,9,5,5.4454935870599,5.448811765993014,0.0033181789331138134,5.447279143962078
16,4,10,1,-0.15198596694972366,0.4249843240249902,0.5769702909747139,5.447279143962078
16,4,10,2,0.4249843240249902,0.9827971180202439,0.5578127939952537,5.447279143962078
16,4,10,3,0.9827971180202439,1.5433781070169061,0.5605809889966622,5.447279143962078
16,4,10,4,1.5433781070169061,2.1067503610393032,0.5633722540223971,5.447279143962078
16,4,10,5,2.1067503610393032,2.662068270961754,0.5553179099224508,5.447279143962078
16,4,10,6,2.662068270961754,3.2285272979643196,0.5664590270025656,5.447279143962078
16,4,10,7,3.2285272979643196,3.7839630430098623,0.5554357450455427,5.447279143962078
16,4,10,8,3.7839630430098623,4.399833339033648,0.6158702960237861,5.447279143962078
16,4,10,9,4.399833339033648,5.087599909049459,0.6877665700158104,5.447279143962078
16,4,10,10,5.087599909049459,5.448119948036037,0.3605200389865786,5.447279143962078
16,4,11,1,2.1063363240100443,2.661412965040654,0.5550766410306096,5.447279143962078
16,4,11,2,2.661412965040654,3.227758797002025,0.566345831961371,5.447279143962078
16,4,11,3,3.227758797002025,3.783217831980437,0.5554590349784121,5.447279143962078
16,4,11,4,3.783217831980437,4.399323238991201,0.6161054070107639,5.447279143962078
16,4,11,5,4.399323238991201,5.08712787006516,0.6878046310739592,5.447279143962078
16,4,11,6,5.08712787006516,5.445802272064611,0.3586744019994512,5.447279143962078
16,4,11,7,5.445802272064611,5.449094165000133,0.0032918929355219007,5.447279143962078
16,4,12,1,3.2280391310341656,3.7832983259577304,0.5552591949235648,5.447279143962078
16,4,12,2,3.7832983259577304,4.399391243001446,0.6160929170437157,5.447279143962078
16,4,12,3,4.399391243001446,5.0872071529738605,0.6878159099724144,5.447279143962078
16,4,12,4,5.0872071529738605,5.445858092978597,0.3586509400047362,5.447279143962078
16,4,12,5,5.445858092978597,5.449149101041257,0.003291008062660694,5.447279143962078
16,4,13,1,1.5424283950123936,2.105745065957308,0.5633166709449142,5.447279143962078
16,4,13,2,2.105745065957308,2.6608026049798355,0.5550575390225276,5.447279143962078
16,4,13,3,2.6608026049798355,3.227517538005486,0.5667149330256507,5.447279143962078
16,4,13,4,3.227517538005486,3.7830258749891073,0.5555083369836211,5.447279143962078
16,4,13,5,3.7830258749891073,4.399061543052085,0.6160356680629775,5.447279143962078
16,4,13,6,4.399061543052085,5.0868682930013165,0.6878067499492317,5.447279143962078
16,4,13,7,5.0868682930013165,5.445624544052407,0.35875625105109066,5.447279143962078
16,4,13,8,5.445624544052407,5.448929187026806,0.00330464297439903,5.447279143962078
16,4,14,1,3.7829524939879775,4.398917914018966,0.6159654200309888,5.447279143962078
16,4,14,2,4.398917914018966,5.086802075966261,0.6878841619472951,5.447279143962078
16,4,14,3,5.086802075966261,5.445559798972681,0.35875772300641984,5.447279143962078
16,4,14,4,5.445559798972681,5.448871965054423,0.0033121660817414522,5.447279143962078
16,4,15,1,2.6611751610180363,3.2276274020550773,0.566452241037041,5.447279143962078
16,4,15,2,3.2276274020550773,3.7830874630017206,0.5554600609466434,5.447279143962078
16,4,15,3,3.7830874630017206,4.399139031069353,0.6160515680676326,5.447279143962078
16,4,15,4,4.399139031069353,5.086995146004483,0.6878561149351299,5.447279143962078
16,4,15,5,5.086995146004483,5.445682669058442,0.358687523053959,5.447279143962078
16,4,15,6,5.445682669058442,5.448985649971291,0.003302980912849307,5.447279143962078
16,5,0,1,0.41870079399086535,0.9769096280215308,0.5582088340306655,5.454688176047057
16,5,0,2,0.9769096280215308,1.5374481440521777,0.5605385160306469,5.454688176047057
16,5,0,3,1.5374481440521777,2.1039718850515783,0.5665237409994006,5.454688176047057
16,5,0,4,2.1039718850515783,2.663026452064514,0.5590545670129359,5.454688176047057
16,5,0,5,2.663026452064514,3.22801384201739,0.5649873899528757,5.454688176047057
16,5,0,6,3.22801384201739,3.78283626108896,0.55482241907157,5.454688176047057
16,5,0,7,3.78283626108896,4.401899621007033,0.6190633599180728,5.454688176047057
16,5,0,8,4.401899621007033,5.092270296066999,0.6903706750599667,5.454688176047057
16,5,0,9,5.092270296066999,5.452593950089067,0.3603236540220678,5.454688176047057
16,5,0,10,5.452593950089067,5.456072099041194,0.003478148952126503,5.454688176047057
16,5,1,1,0.9760083929868415,1.536648969980888,0.5606405769940466,5.454688176047057
16,5,1,2,1.536648969980888,2.1028014990733936,0.5661525290925056,5.454688176047057
16,5,1,3,2.1028014990733936,2.6618365600006655,0.5590350609272718,5.454688176047057
16,5,1,4,2.6618365600006655,3.22642231406644,0.5645857540657744,5.454688176047057
16,5,1,5,3.22642231406644,3.7814347250387073,0.5550124109722674,5.454688176047057
16,5,1,6,3.7814347250387073,4.400846229982562,0.6194115049438551,5.454688176047057
16,5,1,7,4.400846229982562,5.0912058050744236,0.6903595750918612,5.454688176047057
16,5,1,8,5.0912058050744236,5.451390602975152,0.3601847979007289,5.454688176047057
16,5,1,9,5.451390602975152,5.455269097001292,0.0038784940261393785,5.454688176047057
16,5,2,1,-0.15605390397831798,0.41820735204964876,0.5742612560279667,5.454688176047057
16,5,2,2,0.41820735204964876,0.9767799810506403,0.5585726290009916,5.454688176047057
16,5,2,3,0.9767799810506403,1.5373858870007098,0.5606059059500694,5.454688176047057
16,5,2,4,1.5373858870007098,2.103900965070352,0.5665150780696422,5.454688176047057
16,5,2,5,2.103900965070352,2.6629584890324622,0.5590575239621103,5.454688176047057
16,5,2,6,2.6629584890324622,3.2279478199779987,0.5649893309455365,5.454688176047057
16,5,2,7,3.2279478199779987,3.782766790012829,0.5548189700348303,5.454688176047057
16,5,2,8,3.782766790012829,4.401830315007828,0.6190635249949992,5.454688176047057
16,5,2,9,4.401830315007828,5.092202897067182,0.6903725820593536,5.454688176047057
16,5,2,10,5.092202897067182,5.4525189130799845,0.3603160160128027,5.454688176047057
16,5,2,11,5.4525189130799845,5.456007027998567,0.0034881149185821414,5.454688176047057
16,5,3,2,-0.15582752891350538,0.41922740906011313,0.5750549379736185,5.454688176047057
16,5,3,3,0.41922740906011313,0.9763118639821187,0.5570844549220055,5.454688176047057
16,5,3,4,0.9763118639821187,1.5368611990706995,0.5605493350885808,5.454688176047057
16,5,3,5,1.5368611990706995,2.103023122996092,0.5661619239253923,5.454688176047057
16,5,3,6,2.103023122996092,2.662114865030162,0.5590917420340702,5.454688176047057
16,5,3,7,2.662114865030162,3.2266528060426936,0.5645379410125315,5.454688176047057
16,5,3,8,3.2266528060426936,3.7816737160319462,0.5550209099892527,5.454688176047057
16,5,3,9,3.7816737160319462,4.401090112980455,0.6194163969485089,5.454688176047057
16,5,3,10,4.401090112980455,5.091502727009356,0.6904126140289009,5.454688176047057
16,5,3,11,5.091502727009356,5.45185933704488,0.36035661003552377,5.454688176047057
16,5,3,12,5.45185933704488,5.4554216300603,0.003562293015420437,5.454688176047057
16,5,4,1,0.9766875640489161,1.5373249570839107,0.5606373930349946,5.454688176047057
16,5,4,2,1.5373249570839107,2.1035596249857917,0.566234667901881,5.454688176047057
16,5,4,3,2.1035596249857917,2.6627814850071445,0.5592218600213528,5.454688176047057
16,5,4,4,2.6627814850071445,3.2278027910506353,0.5650213060434908,5.454688176047057
16,5,4,5,3.2278027910506353,3.7826396770542488,0.5548368860036135,5.454688176047057
16,5,4,6,3.7826396770542488,4.4016979050356895,0.6190582279814407,5.454688176047057
16,5,4,7,4.4016979050356895,5.09203071705997,0.6903328120242804,5.454688176047057
16,5,4,8,5.09203071705997,5.452359177987091,0.36032846092712134,5.454688176047057
16,5,4,9,5.452359177987091,5.45587907906156,0.0035199010744690895,5.454688176047057
16,5,5,1,0.41913787100929767,0.9762230340857059,0.5570851630764082,5.454688176047057
16,5,5,2,0.9762230340857059,1.5367874960647896,0.5605644619790837,5.454688176047057
16,5,5,3,1.5367874960647896,2.1029478090349585,0.5661603129701689,5.454688176047057
16,5,5,4,2.1029478090349585,2.6619792790152133,0.5590314699802548,5.454688176047057
16,5,5,5,2.6619792790152133,3.2265699370764196,0.5645906580612063,5.454688176047057
16,5,5,6,3.2265699370764196,3.7815972020616755,0.5550272649852559,5.454688176047057
16,5,5,7,3.7815972020616755,4.401011331006885,0.6194141289452091,5.454688176047057
16,5,5,8,4.401011331006885,5.091365844011307,0.6903545130044222,5.454688176047057
16,5,5,9,5.091365844011307,5.451702745980583,0.36033690196927637,5.454688176047057
16,5,5,10,5.451702745980583,5.455354459001683,0.0036517130210995674,5.454688176047057
16,5,6,1,1.5377215000335127,2.10405714600347,0.5663356459699571,5.454688176047057
16,5,6,2,2.10405714600347,2.6631102360552177,0.5590530900517479,5.454688176047057
16,5,6,3,2.6631102360552177,3.2280925090890378,0.5649822730338201,5.454688176047057
16,5,6,4,3.2280925090890378,3.782913614064455,0.5548211049754173,5.454688176047057
16,5,6,5,3.782913614064455,4.402009644079953,0.6190960300154984,5.454688176047057
16,5,6,6,4.402009644079953,5.092345896991901,0.6903362529119477,5.454688176047057
16,5,6,7,5.092345896991901,5.4526767580537125,0.36033086106181145,5.454688176047057
16,5,6,8,5.4526767580537125,5.45614831103012,0.0034715529764071107,5.454688176047057
16,5,7,1,2.1034892320167273,2.6622902610106394,0.558801028993912,5.454688176047057
16,5,7,2,2.6622902610106394,3.226879151072353,0.5645888900617138,5.454688176047057
16,5,7,3,3.226879151072353,3.781906682997942,0.5550275319255888,5.454688176047057
16,5,7,4,3.781906682997942,4.401294803014025,0.6193881200160831,5.454688176047057
16,5,7,5,4.401294803014025,5.091662181075662,0.6903673780616373,5.454688176047057
16,5,7,6,5.091662181075662,5.452019258984365,0.3603570779087022,5.454688176047057
16,5,7,7,5.452019258984365,5.455547352088615,0.003528093104250729,5.454688176047057
16,5,8,1,2.1038382520200685,2.6628865390084684,0.5590482869883999,5.454688176047057
16,5,8,2,2.6628865390084684,3.227865429013036,0.5649788900045678,5.454688176047057
16,5,8,3,3.227865429013036,3.7827032840577886,0.5548378550447524,5.454688176047057
16,5,8,4,3.7827032840577886,4.401767418021336,0.6190641339635476,5.454688176047057
16,5,8,5,4.401767418021336,5.092105780029669,0.6903383620083332,5.454688176047057
16,5,8,6,5.092105780029669,5.4524477570084855,0.3603419769788161,5.454688176047057
16,5,8,7,5.4524477570084855,5.4559428109787405,0.0034950539702549577,5.454688176047057
16,5,9,1,1.5372326680226251,2.1031719490420073,0.5659392810193822,5.454688176047057
16,5,9,2,2.1031719490420073,2.6621916070580482,0.5590196580160409,5.454688176047057
16,5,9,3,2.6621916070580482,3.2267842059955,0.5645925989374518,5.454688176047057
16,5,9,4,3.2267842059955,3.7818242660723627,0.5550400600768626,5.454688176047057
16,5,9,5,3.7818242660723627,4.4012197910342366,0.6193955249618739,5.454688176047057
16,5,9,6,4.4012197910342366,5.091577911982313,0.6903581209480762,5.454688176047057
16,5,9,7,5.091577911982313,5.451942185987718,0.3603642740054056,5.454688176047057
16,5,9,8,5.451942185987718,5.45548443205189,0.003542246064171195,5.454688176047057
16,5,10,1,2.663496419088915,3.2281891820020974,0.5646927629131824,5.454688176047057
16,5,10,2,3.2281891820020974,3.783370605087839,0.5551814230857417,5.454688176047057
16,5,10,3,3.783370605087839,4.402173779089935,0.6188031740020961,5.454688176047057
16,5,10,4,4.402173779089935,5.092473746975884,0.6902999678859487,5.454688176047057
16,5,10,5,5.092473746975884,5.452804562984966,0.3603308160090819,5.454688176047057
16,5,10,6,5.452804562984966,5.456268068985082,0.0034635060001164675,5.454688176047057
16,5,11,1,3.783284348086454,4.402102226042189,0.6188178779557347,5.454688176047057
16,5,11,2,4.402102226042189,5.0924092379864305,0.6903070119442418,5.454688176047057
16,5,11,3,5.0924092379864305,5.45274037506897,0.3603311370825395,5.454688176047057
16,5,11,4,5.45274037506897,5.456209199037403,0.0034688239684328437,5.454688176047057
16,5,12,1,3.782568481983617,4.401631799060851,0.6190633170772344,5.454688176047057
16,5,12,2,4.401631799060851,5.091964096063748,0.6903322970028967,5.454688176047057
16,5,12,3,5.091964096063748,5.452292160014622,0.3603280639508739,5.454688176047057
16,5,12,4,5.452292160014622,5.455819937051274,0.003527777036651969,5.454688176047057
16,5,13,1,2.662696750019677,3.2269835990155116,0.5642868489958346,5.454688176047057
16,5,13,2,3.2269835990155116,3.781980021041818,0.5549964220263064,5.454688176047057
16,5,13,3,3.781980021041818,4.401367326034233,0.619387304992415,5.454688176047057
16,5,13,4,4.401367326034233,5.091729597072117,0.6903622710378841,5.454688176047057
16,5,13,5,5.091729597072117,5.452088355086744,0.3603587580146268,5.454688176047057
16,5,13,6,5.452088355086744,5.4556251670001075,0.0035368119133636355,5.454688176047057
16,5,14,1,3.2273692480521277,3.782082032994367,0.5547127849422395,5.454688176047057
16,5,14,2,3.782082032994367,4.40143774705939,0.6193557140650228,5.454688176047057
16,5,14,3,4.40143774705939,5.091797271976247,0.6903595249168575,5.454688176047057
16,5,14,4,5.091797271976247,5.452163564041257,0.3603662920650095,5.454688176047057
16,5,14,5,5.452163564041257,5.455687166075222,0.0035236020339652896,5.454688176047057
16,5,15,1,3.227728296071291,3.782175620086491,0.5544473240152001,5.454688176047057
16,5,15,2,3.782175620086491,4.401515044039115,0.6193394239526242,5.454688176047057
16,5,15,3,4.401515044039115,5.091887274058536,0.6903722300194204,5.454688176047057
16,5,15,4,5.091887274058536,5.452228196081705,0.3603409220231697,5.454688176047057
16,5,15,5,5.452228196081705,5.455747734988108,0.003519538906402886,5.454688176047057
16,6,0,1,-0.15508515399415046,0.4241394849959761,0.5792246389901266,5.4426552740624174
16,6,0,2,0.4241394849959761,0.9804638270288706,0.5563243420328945,5.4426552740624174
16,6,0,3,0.9804638270288706,1.5359140200307593,0.5554501930018887,5.4426552740624174
16,6,0,4,1.5359140200307593,2.098010277026333,0.5620962569955736,5.4426552740624174
16,6,0,5,2.098010277026333,2.6537005690624937,0.5556902920361608,5.4426552740624174
16,6,0,6,2.6537005690624937,3.2185782360611483,0.5648776669986546,5.4426552740624174
16,6,0,7,3.2185782360611483,3.773346879053861,0.5547686429927126,5.4426552740624174
16,6,0,8,3.773346879053861,4.3896470030304044,0.6163001239765435,5.4426552740624174
16,6,0,9,4.3896470030304044,5.0768596060806885,0.6872126030502841,5.4426552740624174
16,6,0,10,5.0768596060806885,5.440778302028775,0.3639186959480867,5.4426552740624174
16,6,0,11,5.440778302028775,5.444197491975501,0.0034191899467259645,5.4426552740624174
16,6,1,1,3.773982800077647,4.3898930250434205,0.6159102249657735,5.4426552740624174
16,6,1,2,4.3898930250434205,5.077113341074437,0.6872203160310164,5.4426552740624174
16,6,1,3,5.077113341074437,5.442949336022139,0.3658359949477017,5.4426552740624174
16,6,2,2,-0.1554136680206284,0.423998857033439,0.5794125250540674,5.4426552740624174
16,6,2,3,0.423998857033439,0.9798231039894745,0.5558242469560355,5.4426552740624174
16,6,2,4,0.9798231039894745,1.5356273200595751,0.5558042160701007,5.4426552740624174
16,6,2,5,1.5356273200595751,2.097785547026433,0.5621582269668579,5.4426552740624174
16,6,2,6,2.097785547026433,2.653409174992703,0.5556236279662699,5.4426552740624174
16,6,2,7,2.653409174992703,3.2183277070289478,0.5649185320362449,5.4426552740624174
16,6,2,8,3.2183277070289478,3.7731231870129704,0.5547954799840227,5.4426552740624174
16,6,2,9,3.7731231870129704,4.389392139040865,0.6162689520278946,5.4426552740624174
16,6,2,10,4.389392139040865,5.07663147803396,0.6872393389930949,5.4426552740624174
16,6,2,11,5.07663147803396,5.440618811058812,0.363987333024852,5.4426552740624174
16,6,2,12,5.440618811058812,5.4440713439835235,0.0034525329247117043,5.4426552740624174
16,6,3,1,0.4234642239753157,0.9809884330024943,0.5575242090271786,5.4426552740624174
16,6,3,2,0.9809884330024943,1.5365634110057727,0.5555749780032784,5.4426552740624174
16,6,3,3,1.5365634110057727,2.098774436977692,0.5622110259719193,5.4426552740624174
16,6,3,4,2.098774436977692,2.654856602079235,0.5560821651015431,5.4426552740624174
16,6,3,5,2.654856602079235,3.219542825012468,0.5646862229332328,5.4426552740624174
16,6,3,6,3.219542825012468,3.774406995042227,0.5548641700297594,5.4426552740624174
16,6,3,7,3.774406995042227,4.390188548015431,0.6157815529732034,5.4426552740624174
16,6,3,8,4.390188548015431,5.0774437540676445,0.6872552060522139,5.4426552740624174
16,6,3,9,5.0774437540676445,5.443521911976859,0.3660781579092145,5.4426552740624174
16,6,4,1,0.9803671300178394,1.5358334080083296,0.5554662779904902,5.4426552740624174
16,6,4,2,1.5358334080083296,2.097933931974694,0.5621005239663646,5.4426552740624174
16,6,4,3,2.097933931974694,2.653557150042616,0.5556232180679217,5.4426552740624174
16,6,4,4,2.653557150042616,3.2184918420389295,0.5649346919963136,5.4426552740624174
16,6,4,5,3.2184918420389295,3.7732653389684856,0.5547734969295561,5.4426552740624174
16,6,4,6,3.7732653389684856,4.389526042970829,0.6162607040023431,5.4426552740624174
16,6,4,7,4.389526042970829,5.076771551044658,0.6872455080738291,5.4426552740624174
16,6,4,8,5.076771551044658,5.440703432075679,0.3639318810310215,5.4426552740624174
16,6,4,9,5.440703432075679,5.4441362579818815,0.003432825906202197,5.4426552740624174
16,6,5,1,0.4239033149788156,0.9810909919906408,0.5571876770118251,5.4426552740624174
16,6,5,2,0.9810909919906408,1.5370113200042397,0.5559203280135989,5.4426552740624174
16,6,5,3,1.5370113200042397,2.0989405129803345,0.5619291929760948,5.4426552740624174
16,6,5,4,2.0989405129803345,2.6549992280779406,0.5560587150976062,5.4426552740624174
16,6,5,5,2.6549992280779406,3.219675529981032,0.5646763019030914,5.4426552740624174
16,6,5,6,3.219675529981032,3.7749890650156885,0.5553135350346565,5.4426552740624174
16,6,5,7,3.7749890650156885,4.390432668034919,0.6154436030192301,5.4426552740624174
16,6,5,8,4.390432668034919,5.0776768560754135,0.6872441880404949,5.4426552740624174
16,6,5,9,5.0776768560754135,5.443810194032267,0.3661333379568532,5.4426552740624174
16,6,6,1,1.5369371609995142,2.098874188028276,0.5619370270287618,5.4426552740624174
16,6,6,2,2.098874188028276,2.654923671972938,0.5560494839446619,5.4426552740624174
16,6,6,3,2.654923671972938,3.219605781021528,0.5646821090485901,5.4426552740624174
16,6,6,4,3.219605781021528,3.7749224790604785,0.5553166980389506,5.4426552740624174
16,6,6,5,3.7749224790604785,4.390372717985883,0.6154502389254048,5.4426552740624174
16,6,6,6,4.390372717985883,5.077610205044039,0.6872374870581552,5.4426552740624174
16,6,6,7,5.077610205044039,5.443706962047145,0.3660967570031062,5.4426552740624174
16,6,7,1,0.9808715620310977,1.53649456507992,0.5556230030488223,5.4426552740624174
16,6,7,2,1.53649456507992,2.0986982780741528,0.5622037129942328,5.4426552740624174
16,6,7,3,2.0986982780741528,2.654388410039246,0.5556901319650933,5.4426552740624174
16,6,7,4,2.654388410039246,3.2189760580658913,0.5645876480266452,5.4426552740624174
16,6,7,5,3.2189760580658913,3.7741306989919394,0.5551546409260482,5.4426552740624174
16,6,7,6,3.7741306989919394,4.390009135007858,0.6158784360159189,5.4426552740624174
16,6,7,7,4.390009135007858,5.077248904039152,0.6872397690312937,5.4426552740624174
16,6,7,8,5.077248904039152,5.443254229030572,0.3660053249914199,5.4426552740624174
16,6,8,1,2.654758325079456,3.2190823960117996,0.5643240709323436,5.4426552740624174
16,6,8,2,3.2190823960117996,3.774190762080252,0.5551083660684526,5.4426552740624174
16,6,8,3,3.774190762080252,4.390066756051965,0.6158759939717129,5.4426552740624174
16,6,8,4,4.390066756051965,5.07731457403861,0.6872478179866448,5.4426552740624174
16,6,8,5,5.07731457403861,5.443345266976394,0.3660306929377839,5.4426552740624174
16,6,9,1,1.5363719200249761,2.098161988076754,0.5617900680517778,5.4426552740624174
16,6,9,2,2.098161988076754,2.6537833539769053,0.5556213659001514,5.4426552740624174
16,6,9,3,2.6537833539769053,3.2186651550000533,0.564881801023148,5.4426552740624174
16,6,9,4,3.2186651550000533,3.773509113001637,0.5548439580015838,5.4426552740624174
16,6,9,5,3.773509113001637,4.3897124350769445,0.6162033220753074,5.4426552740624174
16,6,9,6,4.3897124350769445,5.07693218300119,0.6872197479242459,5.4426552740624174
16,6,9,7,5.07693218300119,5.440891838050447,0.363959655049257,5.4426552740624174
16,6,9,8,5.440891838050447,5.444256526068784,0.003364688018336892,5.4426552740624174
16,6,10,1,2.099318241002038,2.655115570058115,0.5557973290560767,5.4426552740624174
16,6,10,2,2.655115570058115,3.2201108779991046,0.5649953079409897,5.4426552740624174
16,6,10,3,3.2201108779991046,3.7751675120089203,0.5550566340098158,5.4426552740624174
16,6,10,4,3.7751675120089203,4.390551064978354,0.6153835529694334,5.4426552740624174
16,6,10,5,4.390551064978354,5.077816647011787,0.687265582033433,5.4426552740624174
16,6,10,6,5.077816647011787,5.443983900011517,0.3661672529997304,5.4426552740624174
16,6,11,1,2.654192858026363,3.2188324470771477,0.5646395890507847,5.4426552740624174
16,6,11,2,3.2188324470771477,3.7735769890714437,0.554744541994296,5.4426552740624174
16,6,11,3,3.7735769890714437,4.3897741209948435,0.6161971319233999,5.4426552740624174
16,6,11,4,4.3897741209948435,5.077000305056572,0.6872261840617284,5.4426552740624174
16,6,11,5,5.077000305056572,5.442839763010852,0.3658394579542801,5.4426552740624174
16,6,12,1,3.2194683820707723,3.7743358709849417,0.5548674889141694,5.4426552740624174
16,6,12,2,3.7743358709849417,4.390128822997212,0.6157929520122707,5.4426552740624174
16,6,12,3,4.390128822997212,5.07737930805888,0.6872504850616679,5.4426552740624174
16,6,12,4,5.07737930805888,5.443434466025792,0.3660551579669118,5.4426552740624174
16,6,13,1,3.77484072803054,4.390291759045795,0.6154510310152546,5.4426552740624174
16,6,13,2,4.390291759045795,5.077542779967189,0.6872510209213942,5.4426552740624174
16,6,13,3,5.077542779967189,5.44361935404595,0.36607657407876104,5.4426552740624174
16,6,14,1,2.098612940055318,2.6543238590238616,0.5557109189685434,5.4426552740624174
16,6,14,2,2.6543238590238616,3.2189072270412,0.5645833680173382,5.4426552740624174
16,6,14,3,3.2189072270412,3.7740694449748844,0.5551622179336846,5.4426552740624174
16,6,14,4,3.7740694449748844,4.389952871017158,0.6158834260422736,5.4426552740624174
16,6,14,5,4.389952871017158,5.077183373039588,0.6872305020224303,5.4426552740624174
16,6,14,6,5.077183373039588,5.443152363994159,0.36596899095457047,5.4426552740624174
16,6,15,1,3.220028067007661,3.7751009319908917,0.5550728649832308,5.4426552740624174
16,6,15,2,3.7751009319908917,4.390494192019105,0.6153932600282133,5.4426552740624174
16,6,15,3,4.390494192019105,5.077743533998728,0.6872493419796228,5.4426552740624174
16,6,15,4,5.077743533998728,5.443892323062755,0.36614878906402737,5.4426552740624174
16,7,0,1,3.7838458539918065,4.395108432974666,0.6112625789828598,5.444799653021619
16,7,0,2,4.395108432974666,5.085624350933358,0.6905159179586917,5.444799653021619
16,7,0,3,5.085624350933358,5.441326922969893,0.35570257203653455,5.444799653021619
16,7,0,4,5.441326922969893,5.442577892914414,0.0012509699445217848,5.444799653021619
16,7,0,5,5.442577892914414,5.458286989945918,0.015709097031503916,5.444799653021619
16,7,1,1,3.228846238926053,3.7841968529392034,0.5553506140131503,5.444799653021619
16,7,1,2,3.7841968529392034,4.395400997018442,0.6112041440792382,5.444799653021619
16,7,1,3,4.395400997018442,5.085986846941523,0.6905858499230817,5.444799653021619
16,7,1,4,5.085986846941523,5.4416643580188975,0.3556775110773742,5.444799653021619
16,7,1,5,5.4416643580188975,5.442859189002775,0.001194830983877182,5.444799653021619
16,7,1,6,5.442859189002775,5.458592025912367,0.01573283690959215,5.444799653021619
16,7,2,1,0.9859181569190696,1.5451327100163326,0.559214553097263,5.444799653021619
16,7,2,2,1.5451327100163326,2.113959742942825,0.5688270329264924,5.444799653021619
16,7,2,3,2.113959742942825,2.664564359933138,0.5506046169903129,5.444799653021619
16,7,2,4,2.664564359933138,3.2289086210075766,0.5643442610744387,5.444799653021619
16,7,2,5,3.2289086210075766,3.784538228996098,0.5556296079885215,5.444799653021619
16,7,2,6,3.784538228996098,4.395564418984577,0.611026189988479,5.444799653021619
16,7,2,7,4.395564418984577,5.086136015946977,0.6905715969623998,5.444799653021619
16,7,2,8,5.086136015946977,5.441814607009292,0.3556785910623148,5.444799653021619
16,7,2,9,5.441814607009292,5.442985930014402,0.0011713230051100254,5.444799653021619
16,7,2,10,5.442985930014402,5.458718409994617,0.01573247998021543,5.444799653021619
16,7,3,1,3.2278478880180046,3.783119490952231,0.5552716029342264,5.444799653021619
16,7,3,2,3.783119490952231,4.394644115003757,0.6115246240515262,5.444799653021619
16,7,3,3,4.394644115003757,5.085120297968388,0.6904761829646304,5.444799653021619
16,7,3,4,5.085120297968388,5.440794633002952,0.35567433503456414,5.444799653021619
16,7,3,5,5.440794633002952,5.442200270015746,0.0014056370127946138,5.444799653021619
16,7,3,6,5.442200270015746,5.457877674023621,0.01567740400787443,5.444799653021619
16,7,4,1,0.4283341260161251,0.9848923939280212,0.5565582679118961,5.444799653021619
16,7,4,2,0.9848923939280212,1.5442160599632189,0.5593236660351977,5.444799653021619
16,7,4,3,1.5442160599632189,2.1132217400008813,0.5690056800376624,5.444799653021619
16,7,4,4,2.1132217400008813,2.6634330309461802,0.550211290945299,5.444799653021619
16,7,4,5,2.6634330309461802,3.227987046004273,0.5645540150580928,5.444799653021619
16,7,4,6,3.227987046004273,3.7831891189562157,0.5552020729519427,5.444799653021619
16,7,4,7,3.7831891189562157,4.39471906691324,0.611529947957024,5.444799653021619
16,7,4,8,4.39471906691324,5.085195782943629,0.6904767160303891,5.444799653021619
16,7,4,9,5.085195782943629,5.4408647869713604,0.3556690040277317,5.444799653021619
16,7,4,10,5.4408647869713604,5.4422575869830325,0.0013928000116720796,5.444799653021619
16,7,4,11,5.4422575869830325,5.457945609930903,0.015688022947870195,5.444799653021619
16,7,5,1,2.664504643995315,3.228546101017855,0.5640414570225403,5.444799653021619
16,7,5,2,3.228546101017855,3.7840930469101295,0.5555469458922744,5.444799653021619
16,7,5,3,3.7840930469101295,4.3953446969389915,0.6112516500288621,5.444799653021619
16,7,5,4,4.3953446969389915,5.085923161939718,0.6905784650007263,5.444799653021619
16,7,5,5,5.085923161939718,5.441586917964742,0.35566375602502376,5.444799653021619
16,7,5,6,5.441586917964742,5.442804678925313,0.0012177609605714679,5.444799653021619
16,7,5,7,5.442804678925313,5.458522188011557,0.01571750908624381,5.444799653021619
16,7,6,1,2.66404425597284,3.228279532981105,0.5642352770082653,5.444799653021619
16,7,6,2,3.228279532981105,3.7834989849943668,0.5552194520132616,5.444799653021619
16,7,6,3,3.7834989849943668,4.3950112669263035,0.6115122819319367,5.444799653021619
16,7,6,4,4.3950112669263035,5.085552774951793,0.6905415080254897,5.444799653021619
16,7,6,5,5.085552774951793,5.441241008928046,0.3556882339762524,5.444799653021619
16,7,6,6,5.441241008928046,5.44249972992111,0.001258720993064344,5.444799653021619
16,7,6,7,5.44249972992111,5.458206285955384,0.0157065560342744,5.444799653021619
16,7,7,3,-0.14937764301430434,0.42873381392564625,0.5781114569399506,5.444799653021619
16,7,7,4,0.42873381392564625,0.9851762190228328,0.5564424050971866,5.444799653021619
16,7,7,5,0.9851762190228328,1.5448398699518293,0.5596636509289965,5.444799653021619
16,7,7,6,1.5448398699518293,2.113774601952173,0.5689347320003435,5.444799653021619
16,7,7,7,2.113774601952173,2.664108217926696,0.5503336159745231,5.444799653021619
16,7,7,8,2.664108217926696,3.2283400680171326,0.5642318500904366,5.444799653021619
16,7,7,9,3.2283400680171326,3.783917295979336,0.5555772279622033,5.444799653021619
16,7,7,10,3.783917295979336,4.395170038915239,0.6112527429359034,5.444799653021619
16,7,7,11,4.395170038915239,5.085700016003102,0.6905299770878628,5.444799653021619
16,7,7,12,5.085700016003102,5.441392045933753,0.3556920299306512,5.444799653021619
16,7,7,13,5.441392045933753,5.44263547193259,0.0012434259988367558,5.444799653021619
16,7,7,14,5.44263547193259,5.458346200990491,0.015710729057900608,5.444799653021619
16,7,8,1,2.113707658019848,2.6637133319163695,0.5500056738965213,5.444799653021619
16,7,8,2,2.6637133319163695,3.2281752940034494,0.5644619620870799,5.444799653021619
16,7,8,3,3.2281752940034494,3.7834375629900023,0.555262268986553,5.444799653021619
16,7,8,4,3.7834375629900023,4.394952715025283,0.6115151520352811,5.444799653021619
16,7,8,5,4.394952715025283,5.085480380919762,0.6905276658944786,5.444799653021619
16,7,8,6,5.085480380919762,5.441070599947125,0.35559021902736276,5.444799653021619
16,7,8,7,5.441070599947125,5.442444917978719,0.0013743180315941572,5.444799653021619
16,7,8,8,5.442444917978719,5.458145410986617,0.01570049300789833,5.444799653021619
16,7,9,1,-0.14954283100087196,0.427909996942617,0.577452827943489,5.444799653021619
16,7,9,2,0.427909996942617,0.98524535598699,0.557335359044373,5.444799653021619
16,7,9,3,0.98524535598699,1.544906500959769,0.5596611449727789,5.444799653021619
16,7,9,4,1.544906500959769,2.1138346439693123,0.5689281430095434,5.444799653021619
16,7,9,5,2.1138346439693123,2.6641668030060828,0.5503321590367705,5.444799653021619
16,7,9,6,2.6641668030060828,3.2283994839526713,0.5642326809465885,5.444799653021619
16,7,9,7,3.2283994839526713,3.7839777970220894,0.5555783130694181,5.444799653021619
16,7,9,8,3.7839777970220894,4.3952279730001464,0.6112501759780571,5.444799653021619
16,7,9,9,4.3952279730001464,5.085771380923688,0.690543407923542,5.444799653021619
16,7,9,10,5.085771380923688,5.441454738960601,0.355683358036913,5.444799653021619
16,7,9,11,5.441454738960601,5.442694964935072,0.001240225974470377,5.444799653021619
16,7,9,12,5.442694964935072,5.458405397948809,0.0157104330137372,5.444799653021619
16,7,10,1,0.9856192920124158,1.545027254964225,0.5594079629518092,5.444799653021619
16,7,10,2,1.545027254964225,2.113894897978753,0.5688676430145279,5.444799653021619
16,7,10,3,2.113894897978753,2.664224721956998,0.5503298239782453,5.444799653021619
16,7,10,4,2.664224721956998,3.22845548694022,0.5642307649832219,5.444799653021619
16,7,10,5,3.22845548694022,3.784035866963677,0.5555803800234571,5.444799653021619
16,7,10,6,3.784035866963677,4.395287043997087,0.6112511770334095,5.444799653021619
16,7,10,7,4.395287043997087,5.085855742916465,0.6905686989193782,5.444799653021619
16,7,10,8,5.085855742916465,5.441515794023871,0.3556600511074066,5.444799653021619
16,7,10,9,5.441515794023871,5.442750002024695,0.0012342080008238554,5.444799653021619
16,7,10,10,5.442750002024695,5.458464424009435,0.0157144219847396,5.444799653021619
16,7,11,1,1.544620021013543,2.1133355159545317,0.5687154949409887,5.444799653021619
16,7,11,2,2.1133355159545317,2.663555913954042,0.5502203979995102,5.444799653021619
16,7,11,3,2.663555913954042,3.2280546879628673,0.5644987740088254,5.444799653021619
16,7,11,4,3.2280546879628673,3.783313720021397,0.5552590320585296,5.444799653021619
16,7,11,5,3.783313720021397,4.394781852024607,0.6114681320032105,5.444799653021619
16,7,11,6,4.394781852024607,5.085266622016206,0.690484769991599,5.444799653021619
16,7,11,7,5.085266622016206,5.440940932021476,0.35567431000526994,5.444799653021619
16,7,11,8,5.440940932021476,5.4423204879276454,0.0013795559061691165,5.444799653021619
16,7,11,9,5.4423204879276454,5.458019676967524,0.015699189039878547,5.444799653021619
16,7,12,1,3.784476189990528,4.395504995016381,0.6110288050258532,5.444799653021619
16,7,12,2,4.395504995016381,5.086062770918943,0.6905577759025618,5.444799653021619
16,7,12,3,5.086062770918943,5.441742738010362,0.3556799670914188,5.444799653021619
16,7,12,4,5.441742738010362,5.442930195014924,0.0011874570045620203,5.444799653021619
16,7,12,5,5.442930195014924,5.458648627973162,0.015718432958237827,5.444799653021619
16,7,13,1,1.544046728988178,2.112534628016874,0.5684878990286961,5.444799653021619
16,7,13,2,2.112534628016874,2.663175371941179,0.5506407439243048,5.444799653021619
16,7,13,3,2.663175371941179,3.2273332870099694,0.5641579150687903,5.444799653021619
16,7,13,4,3.2273332870099694,3.7828523200005293,0.5555190329905599,5.444799653021619
16,7,13,5,3.7828523200005293,4.394414260983467,0.6115619409829378,5.444799653021619
16,7,13,6,4.394414260983467,5.084820769960061,0.6904065089765936,5.444799653021619
16,7,13,7,5.084820769960061,5.440446598920971,0.35562582896091044,5.444799653021619
16,7,13,8,5.440446598920971,5.442069044918753,0.0016224459977820516,5.444799653021619
16,7,13,9,5.442069044918753,5.45760776498355,0.015538720064796507,5.444799653021619
16,7,14,1,0.4286491979146376,0.9850925049977377,0.5564433070831001,5.444799653021619
16,7,14,2,0.9850925049977377,1.5447536259889603,0.5596611209912226,5.444799653021619
16,7,14,3,1.5447536259889603,2.1134024639613926,0.5686488379724324,5.444799653021619
16,7,14,4,2.1134024639613926,2.6636219340143725,0.5502194700529799,5.444799653021619
16,7,14,5,2.6636219340143725,3.2281149650225416,0.564493031008169,5.444799653021619
16,7,14,6,3.2281149650225416,3.7833789229625836,0.555263957940042,5.444799653021619
16,7,14,7,3.7833789229625836,4.394892512937076,0.6115135899744928,5.444799653021619
16,7,14,8,4.394892512937076,5.085408141021617,0.6905156280845404,5.444799653021619
16,7,14,9,5.085408141021617,5.441007499000989,0.35559935797937214,5.444799653021619
16,7,14,10,5.441007499000989,5.4423912519123405,0.0013837529113516212,5.444799653021619
16,7,14,11,5.4423912519123405,5.458085248945281,0.015693997032940388,5.444799653021619
16,7,15,1,2.113079329021275,2.6633546230150387,0.5502752939937636,5.444799653021619
16,7,15,2,2.6633546230150387,3.2274796039564535,0.5641249809414148,5.444799653021619
16,7,15,3,3.2274796039564535,3.783005440956913,0.5555258370004594,5.444799653021619
16,7,15,4,3.783005440956913,4.394571968005039,0.6115665270481259,5.444799653021619
16,7,15,5,4.394571968005039,5.085028212983161,0.6904562449781224,5.444799653021619
16,7,15,6,5.085028212983161,5.440667166025378,0.3556389530422166,5.444799653021619
16,7,15,7,5.440667166025378,5.442139626014978,0.0014724599895998836,5.444799653021619
16,7,15,8,5.442139626014978,5.457741171005182,0.015601544990204275,5.444799653021619
16,8,0,1,1.2668870829511434,1.8169201409909874,0.550033058039844,5.43677976296749
16,8,0,2,1.8169201409909874,2.3862624489702284,0.569342307979241,5.43677976296749
16,8,0,3,2.3862624489702284,2.942120327032171,0.5558578780619428,5.43677976296749
16,8,0,4,2.942120327032171,3.5050188809400424,0.5628985539078712,5.43677976296749
16,8,0,5,3.5050188809400424,4.0830529279774055,0.578034047037363,5.43677976296749
16,8,0,6,4.0830529279774055,4.728099222993478,0.6450462950160727,5.43677976296749
16,8,0,7,4.728099222993478,5.438433025032282,0.7103338020388037,5.43677976296749
16,8,1,1,3.5042211019899696,4.082166351960041,0.577945249970071,5.43677976296749
16,8,1,2,4.082166351960041,4.7274762720335275,0.6453099200734869,5.43677976296749
16,8,1,3,4.7274762720335275,5.437599273980595,0.7101230019470677,5.43677976296749
16,8,2,1,4.0826884949347,4.727736636996269,0.6450481420615688,5.43677976296749
16,8,2,2,4.727736636996269,5.437973188003525,0.7102365510072559,5.43677976296749
16,8,3,1,-0.42350980802439153,0.14126203604973853,0.5647718440741301,5.43677976296749
16,8,3,2,0.14126203604973853,0.6948317600181326,0.5535697239683941,5.43677976296749
16,8,3,3,0.6948317600181326,1.266436510020867,0.5716047500027344,5.43677976296749
16,8,3,4,1.266436510020867,1.8167225909419358,0.5502860809210688,5.43677976296749
16,8,3,5,1.8167225909419358,2.385786294937134,0.569063703995198,5.43677976296749
16,8,3,6,2.385786294937134,2.9418721710098907,0.556085876072757,5.43677976296749
16,8,3,7,2.9418721710098907,3.504529563942924,0.5626573929330334,5.43677976296749
16,8,3,8,3.504529563942924,4.082760205026716,0.5782306410837919,5.43677976296749
16,8,3,9,4.082760205026716,4.727804437978193,0.6450442329514772,5.43677976296749
16,8,3,10,4.727804437978193,5.438072270015255,0.7102678320370615,5.43677976296749
16,8,4,1,-0.42304122901987284,0.1414090859470889,0.5644503149669617,5.43677976296749
16,8,4,2,0.1414090859470889,0.6949196089990437,0.5535105230519548,5.43677976296749
16,8,4,3,0.6949196089990437,1.2665074409451336,0.5715878319460899,5.43677976296749
16,8,4,4,1.2665074409451336,1.8167883140267804,0.5502808730816469,5.43677976296749
16,8,4,5,1.8167883140267804,2.385855301981792,0.5690669879550114,5.43677976296749
16,8,4,6,2.385855301981792,2.94193940598052,0.5560841039987281,5.43677976296749
16,8,4,7,2.94193940598052,3.504593875957653,0.562654469977133,5.43677976296749
16,8,4,8,3.504593875957653,4.082821198971942,0.5782273230142891,5.43677976296749
16,8,4,9,4.082821198971942,4.72788394195959,0.6450627429876477,5.43677976296749
16,8,4,10,4.72788394195959,5.438159676035866,0.7102757340762764,5.43677976296749
16,8,5,1,1.8166405749507248,2.3853190570371225,0.5686784820863977,5.43677976296749
16,8,5,2,2.3853190570371225,2.9409091499401256,0.5555900929030031,5.43677976296749
16,8,5,3,2.9409091499401256,3.503758438047953,0.5628492881078273,5.43677976296749
16,8,5,4,3.503758438047953,4.081969034974463,0.5782105969265103,5.43677976296749
16,8,5,5,4.081969034974463,4.727330427034758,0.6453613920602947,5.43677976296749
16,8,5,6,4.727330427034758,5.437410281971097,0.710079854936339,5.43677976296749
16,8,6,1,0.6947520870016888,1.2658564519369975,0.5711043649353087,5.43677976296749
16,8,6,2,1.2658564519369975,1.816112739033997,0.5502562870969996,5.43677976296749
16,8,6,3,1.816112739033997,2.3850830260198563,0.5689702869858593,5.43677976296749
16,8,6,4,2.3850830260198563,2.9407302379840985,0.5556472119642422,5.43677976296749
16,8,6,5,2.9407302379840985,3.50355626095552,0.5628260229714215,5.43677976296749
16,8,6,6,3.50355626095552,4.08178977901116,0.5782335180556402,5.43677976296749
16,8,6,7,4.08178977901116,4.727075556991622,0.6452857779804617,5.43677976296749
16,8,6,8,4.727075556991622,5.437223081011325,0.7101475240197033,5.43677976296749
16,8,7,1,0.14173522393684834,0.694332338985987,0.5525971150491387,5.43677976296749
16,8,7,2,0.694332338985987,1.2656842769356444,0.5713519379496574,5.43677976296749
16,8,7,3,1.2656842769356444,1.8160233680391684,0.550339091103524,5.43677976296749
16,8,7,4,1.8160233680391684,2.3849901639623567,0.5689667959231883,5.43677976296749
16,8,7,5,2.3849901639623567,2.9406544850207865,0.5556643210584298,5.43677976296749
16,8,7,6,2.9406544850207865,3.5034681760007516,0.562813690979965,5.43677976296749
16,8,7,7,3.5034681760007516,4.081712390994653,0.5782442149939016,5.43677976296749
16,8,7,8,4.081712390994653,4.726979580009356,0.645267189014703,5.43677976296749
16,8,7,9,4.726979580009356,5.4371164289768785,0.7101368489675224,5.43677976296749
16,8,8,1,1.2663373049581423,1.8162874029949307,0.5499500980367884,5.43677976296749
16,8,8,2,1.8162874029949307,2.385190746979788,0.5689033439848572,5.43677976296749
16,8,8,3,2.385190746979788,2.9408406959846616,0.5556499490048736,5.43677976296749
16,8,8,4,2.9408406959846616,3.503633816028014,0.5627931200433522,5.43677976296749
16,8,8,5,3.503633816028014,4.08189951593522,0.578265699907206,5.43677976296749
16,8,8,6,4.08189951593522,4.727181095047854,0.6452815791126341,5.43677976296749
16,8,8,7,4.727181095047854,5.437317318981513,0.7101362239336595,5.43677976296749
16,8,9,1,2.3861936789471656,2.942046573967673,0.5558528950205073,5.43677976296749
16,8,9,2,2.942046573967673,3.5049552490236238,0.5629086750559509,5.43677976296749
16,8,9,3,3.5049552490236238,4.082993483985774,0.5780382349621505,5.43677976296749
16,8,9,4,4.082993483985774,4.728027499979362,0.6450340159935877,5.43677976296749
16,8,9,5,4.728027499979362,5.438342227949761,0.710314727970399,5.43677976296749
16,8,10,1,1.8172215259401128,2.386380385956727,0.5691588600166142,5.43677976296749
16,8,10,2,2.386380385956727,2.942182215047069,0.5558018290903419,5.43677976296749
16,8,10,3,2.942182215047069,3.505087769939564,0.5629055548924953,5.43677976296749
16,8,10,4,3.505087769939564,4.083119331044145,0.5780315611045808,5.43677976296749
16,8,10,5,4.083119331044145,4.728169861016795,0.6450505299726501,5.43677976296749
16,8,10,6,4.728169861016795,5.438515458023176,0.7103455970063806,5.43677976296749
16,8,11,1,2.9418034739792347,3.504463325953111,0.5626598519738764,5.43677976296749
16,8,11,2,3.504463325953111,4.0823528789915144,0.5778895530384034,5.43677976296749
16,8,11,3,4.0823528789915144,4.727635412942618,0.6452825339511037,5.43677976296749
16,8,11,4,4.727635412942618,5.437863163999282,0.7102277510566637,5.43677976296749
16,8,12,1,2.941313241957687,3.5038636239478365,0.5625503819901496,5.43677976296749
16,8,12,2,3.5038636239478365,4.082034133956768,0.5781705100089312,5.43677976296749
16,8,12,3,4.082034133956768,4.727405276033096,0.6453711420763284,5.43677976296749
16,8,12,4,4.727405276033096,5.437500827014446,0.7100955509813502,5.43677976296749
16,8,13,1,0.6940744329476729,1.26551216293592,0.5714377299882472,5.43677976296749
16,8,13,2,1.26551216293592,1.8158826699946076,0.5503705070586875,5.43677976296749
16,8,13,3,1.8158826699946076,2.384849122026935,0.5689664520323277,5.43677976296749
16,8,13,4,2.384849122026935,2.940511632943526,0.5556625109165907,5.43677976296749
16,8,13,5,2.940511632943526,3.503205095999874,0.5626934630563483,5.43677976296749
16,8,13,6,3.503205095999874,4.081578069017269,0.5783729730173945,5.43677976296749
16,8,13,7,4.081578069017269,4.726770036970265,0.6451919679529965,5.43677976296749
16,8,13,8,4.726770036970265,5.436997764976695,0.71022772800643,5.43677976296749
16,8,14,1,3.5048903439892456,4.082933112047613,0.5780427680583671,5.43677976296749
16,8,14,2,4.082933112047613,4.727965238969773,0.6450321269221604,5.43677976296749
16,8,14,3,4.727965238969773,5.438244579010643,0.71027934004087,5.43677976296749
16,8,15,1,2.385664645000361,2.94151025894098,0.5558456139406189,5.43677976296749
16,8,15,2,2.94151025894098,3.504342274973169,0.5628320160321891,5.43677976296749
16,8,15,3,3.504342274973169,4.082286142976955,0.5779438680037856,5.43677976296749
16,8,15,4,4.082286142976955,4.727557852049358,0.6452717090724036,5.43677976296749
16,8,15,5,4.727557852049358,5.437769855954684,0.7102120039053261,5.43677976296749
16,9,0,1,2.117517584003508,2.6732867090031505,0.5557691249996424,5.460336780990474
16,9,0,2,2.6732867090031505,3.239532999927178,0.5662462909240276,5.460336780990474
16,9,0,3,3.239532999927178,3.7920815019169822,0.5525485019898042,5.460336780990474
16,9,0,4,3.7920815019169822,4.407487716991454,0.6154062150744721,5.460336780990474
16,9,0,5,4.407487716991454,5.094815568998456,0.6873278520070016,5.460336780990474
16,9,0,6,5.094815568998456,5.458443642011844,0.3636280730133876,5.460336780990474
16,9,0,7,5.458443642011844,5.461949799908325,0.0035061578964814544,5.460336780990474
16,9,1,1,-0.1438419760670513,0.43772604898549616,0.5815680250525475,5.460336780990474
16,9,1,2,0.43772604898549616,0.9943847879767418,0.5566587389912456,5.460336780990474
16,9,1,3,0.9943847879767418,1.555234233965166,0.5608494459884241,5.460336780990474
16,9,1,4,1.555234233965166,2.116613060934469,0.5613788269693032,5.460336780990474
16,9,1,5,2.116613060934469,2.674520978005603,0.5579079170711339,5.460336780990474
16,9,1,6,2.674520978005603,3.2401387149002403,0.5656177368946373,5.460336780990474
16,9,1,7,3.2401387149002403,3.792580114910379,0.5524414000101388,5.460336780990474
16,9,1,8,3.792580114910379,4.407903522951528,0.6153234080411494,5.460336780990474
16,9,1,9,4.407903522951528,5.095246677985415,0.6873431550338864,5.460336780990474
16,9,1,10,5.095246677985415,5.45886655698996,0.3636198790045455,5.460336780990474
16,9,1,11,5.45886655698996,5.4622585870092735,0.003392030019313097,5.460336780990474
16,9,2,1,1.555056466953829,2.1160128269111738,0.5609563599573448,5.460336780990474
16,9,2,2,2.1160128269111738,2.673942972905934,0.5579301459947601,5.460336780990474
16,9,2,3,2.673942972905934,3.2398332059383392,0.5658902330324054,5.460336780990474
16,9,2,4,3.2398332059383392,3.7923213449539617,0.5524881390156224,5.460336780990474
16,9,2,5,3.7923213449539617,4.40769314696081,0.6153718020068482,5.460336780990474
16,9,2,6,4.40769314696081,5.095018327003345,0.6873251800425351,5.460336780990474
16,9,2,7,5.095018327003345,5.458657295908779,0.363638968905434,5.460336780990474
16,9,2,8,5.458657295908779,5.462086068931967,0.003428773023188114,5.460336780990474
16,9,3,1,3.7932238769717515,4.40815886692144,0.6149349899496883,5.460336780990474
16,9,3,2,4.40815886692144,5.0953764989972115,0.6872176320757717,5.460336780990474
16,9,3,3,5.0953764989972115,5.4606700639706105,0.36529356497339904,5.460336780990474
16,9,4,1,0.4375440370058641,0.9952593239722773,0.5577152869664133,5.460336780990474
16,9,4,2,0.9952593239722773,1.555949822999537,0.5606904990272596,5.460336780990474
16,9,4,3,1.555949822999537,2.1169893729966134,0.5610395499970764,5.460336780990474
16,9,4,4,2.1169893729966134,2.6748211949598044,0.557831821963191,5.460336780990474
16,9,4,5,2.6748211949598044,3.240790089010261,0.5659688940504566,5.460336780990474
16,9,4,6,3.240790089010261,3.7936555359046906,0.5528654468944296,5.460336780990474
16,9,4,7,3.7936555359046906,4.4085025519598275,0.6148470160551369,5.460336780990474
16,9,4,8,4.4085025519598275,5.0957164079882205,0.6872138560283929,5.460336780990474
16,9,4,9,5.0957164079882205,5.461215479997918,0.36549907200969756,5.460336780990474
16,9,5,1,0.9949797249864787,1.5558037959272042,0.5608240709407255,5.460336780990474
16,9,5,2,1.5558037959272042,2.1168534859316424,0.5610496900044382,5.460336780990474
16,9,5,3,2.1168534859316424,2.6746643689693883,0.557810883037746,5.460336780990474
16,9,5,4,2.6746643689693883,3.2402682839892805,0.5656039150198922,5.460336780990474
16,9,5,5,3.2402682839892805,3.7933570339810103,0.5530887499917299,5.460336780990474
16,9,5,6,3.7933570339810103,4.408285491983406,0.6149284580023959,5.460336780990474
16,9,5,7,4.408285491983406,5.0954997659428045,0.6872142739593983,5.460336780990474
16,9,5,8,5.0954997659428045,5.46096527192276,0.3654655059799552,5.460336780990474
16,9,6,1,0.9955546970013529,1.5560401139082387,0.5604854169068858,5.460336780990474
16,9,6,2,1.5560401139082387,2.1170723569812253,0.5610322430729866,5.460336780990474
16,9,6,3,2.1170723569812253,2.674881780985743,0.5578094240045175,5.460336780990474
16,9,6,4,2.674881780985743,3.2408511789981276,0.5659693980123848,5.460336780990474
16,9,6,5,3.2408511789981276,3.7937166299670935,0.5528654509689659,5.460336780990474
16,9,6,6,3.7937166299670935,4.408563368953764,0.614846738986671,5.460336780990474
16,9,6,7,4.408563368953764,5.095782600925304,0.6872192319715396,5.460336780990474
16,9,6,8,5.095782600925304,5.461298770969734,0.3655161700444296,5.460336780990474
16,9,7,1,0.4369472019607201,0.995119723957032,0.5581725219963118,5.460336780990474
16,9,7,2,0.995119723957032,1.5558801019797102,0.5607603780226782,5.460336780990474
16,9,7,3,1.5558801019797102,2.1169221909949556,0.5610420890152454,5.460336780990474
16,9,7,4,2.1169221909949556,2.674730649916455,0.5578084589214996,5.460336780990474
16,9,7,5,2.674730649916455,3.240329578984529,0.5655989290680736,5.460336780990474
16,9,7,6,3.240329578984529,3.793453063000925,0.5531234840163961,5.460336780990474
16,9,7,7,3.793453063000925,4.4083462519338354,0.6148931889329106,5.460336780990474
16,9,7,8,4.4083462519338354,5.095589758944698,0.6872435070108622,5.460336780990474
16,9,7,9,5.095589758944698,5.4610480749979615,0.36545831605326384,5.460336780990474
16,9,8,3,-0.1443755900254473,0.43713930901139975,0.581514899036847,5.460336780990474
16,9,8,4,0.43713930901139975,0.9956280599581078,0.558488750946708,5.460336780990474
16,9,8,5,0.9956280599581078,1.5561357759870589,0.5605077160289511,5.460336780990474
16,9,8,6,1.5561357759870589,2.117143000010401,0.5610072240233421,5.460336780990474
16,9,8,7,2.117143000010401,2.67494774190709,0.5578047418966889,5.460336780990474
16,9,8,8,2.67494774190709,3.240939463954419,0.565991722047329,5.460336780990474
16,9,8,9,3.240939463954419,3.793791212956421,0.5528517490020022,5.460336780990474
16,9,8,10,3.793791212956421,4.408624208997935,0.614832996041514,5.460336780990474
16,9,8,11,4.408624208997935,5.095843000919558,0.687218791921623,5.460336780990474
16,9,8,12,5.095843000919558,5.461378403007984,0.36553540208842605,5.460336780990474
16,9,9,1,1.555612261989154,2.1167673629242927,0.5611551009351388,5.460336780990474
16,9,9,2,2.1167673629242927,2.674594233976677,0.5578268710523844,5.460336780990474
16,9,9,3,2.674594233976677,3.2402055389247835,0.5656113049481064,5.460336780990474
16,9,9,4,3.2402055389247835,3.7932912779506296,0.5530857390258461,5.460336780990474
16,9,9,5,3.7932912779506296,4.408223312930204,0.6149320349795744,5.460336780990474
16,9,9,6,4.408223312930204,5.0954390339320526,0.6872157210018486,5.460336780990474
16,9,9,7,5.0954390339320526,5.460876329918392,0.36543729598633945,5.460336780990474
16,9,10,1,3.7929370099445805,4.408049940015189,0.6151129300706089,5.460336780990474
16,9,10,2,4.408049940015189,5.095314275007695,0.6872643349925056,5.460336780990474
16,9,10,3,5.095314275007695,5.458930449909531,0.3636161749018356,5.460336780990474
16,9,10,4,5.458930449909531,5.462316270917654,0.0033858210081234574,5.460336780990474
16,9,11,1,3.2407060499535874,3.7935905730118975,0.5528845230583102,5.460336780990474
16,9,11,2,3.7935905730118975,4.408436549012549,0.6148459760006517,5.460336780990474
16,9,11,3,4.408436549012549,5.095654085977003,0.6872175369644538,5.460336780990474
16,9,11,4,5.095654085977003,5.461130455951206,0.3654763699742034,5.460336780990474
16,9,12,1,2.116518303984776,2.6740762379486114,0.5575579339638352,5.460336780990474
16,9,12,2,2.6740762379486114,3.2399011260131374,0.565824888064526,5.460336780990474
16,9,12,3,3.2399011260131374,3.7924442109651864,0.552543084952049,5.460336780990474
16,9,12,4,3.7924442109651864,4.407770577934571,0.6153263669693843,5.460336780990474
16,9,12,5,4.407770577934571,5.095082029001787,0.6873114510672167,5.460336780990474
16,9,12,6,5.095082029001787,5.458726117969491,0.3636440889677033,5.460336780990474
16,9,12,7,5.458726117969491,5.462146439938806,0.0034203219693154097,5.460336780990474
16,9,13,1,3.2412241289857775,3.793892881949432,0.5526687529636547,5.460336780990474
16,9,13,2,3.793892881949432,4.408686460927129,0.6147935789776966,5.460336780990474
16,9,13,3,4.408686460927129,5.095905244001187,0.6872187830740586,5.460336780990474
16,9,13,4,5.095905244001187,5.46145694993902,0.3655517059378326,5.460336780990474
16,9,14,1,2.674447385012172,3.2400690939975902,0.5656217089854181,5.460336780990474
16,9,14,2,3.2400690939975902,3.7925142789026722,0.552445184905082,5.460336780990474
16,9,14,3,3.7925142789026722,4.407838232931681,0.6153239540290087,5.460336780990474
16,9,14,4,4.407838232931681,5.095145087921992,0.687306854990311,5.460336780990474
16,9,14,5,5.095145087921992,5.45880160597153,0.36365651804953814,5.460336780990474
16,9,14,6,5.45880160597153,5.4622034669155255,0.003401860943995416,5.460336780990474
16,9,15,1,2.6737758509116247,3.239748753956519,0.5659729030448943,5.460336780990474
16,9,15,2,3.239748753956519,3.7922435039654374,0.5524947500089183,5.460336780990474
16,9,15,3,3.7922435039654374,4.407616020995192,0.6153725170297548,5.460336780990474
16,9,15,4,4.407616020995192,5.094946097931825,0.6873300769366324,5.460336780990474
16,9,15,5,5.094946097931825,5.458520266925916,0.36357416899409145,5.460336780990474
16,9,15,6,5.458520266925916,5.462018906953745,0.0034986400278285146,5.460336780990474
32,0,0,2,-0.38825852994341403,0.17827924306038767,0.5665377730038017,9.983528351061977
32,0,0,3,0.17827924306038767,0.7312040920369327,0.552924848976545,9.983528351061977
32,0,0,4,0.7312040920369327,1.2993120279861614,0.5681079359492287,9.983528351061977
32,0,0,5,1.2993120279861614,1.8505489269737154,0.551236898987554,9.983528351061977
32,0,0,6,1.8505489269737154,2.4206212559947744,0.570072329021059,9.983528351061977
32,0,0,7,2.4206212559947744,2.9778551310300827,0.5572338750353083,9.983528351061977
32,0,0,8,2.9778551310300827,3.5398502469761297,0.561995115946047,9.983528351061977
32,0,0,9,3.5398502469761297,4.100705006043427,0.560854759067297,9.983528351061977
32,0,0,10,4.100705006043427,4.6588578909868374,0.5581528849434108,9.983528351061977
32,0,0,11,4.6588578909868374,5.224570126039907,0.5657122350530699,9.983528351061977
32,0,0,12,5.224570126039907,5.7808099570684135,0.5562398310285062,9.983528351061977
32,0,0,13,5.7808099570684135,6.346136693027802,0.5653267359593883,9.983528351061977
32,0,0,14,6.346136693027802,6.904385092086159,0.5582483990583569,9.983528351061977
32,0,0,15,6.904385092086159,7.4688512270804495,0.5644661349942908,9.983528351061977
32,0,0,16,7.4688512270804495,8.031640521017835,0.5627892939373851,9.983528351061977
32,0,0,17,8.031640521017835,8.605254715075716,0.5736141940578818,9.983528351061977
32,0,0,18,8.605254715075716,9.256269701989368,0.6510149869136512,9.983528351061977
32,0,0,19,9.256269701989368,9.984471137984656,0.7282014359952882,9.983528351061977
32,0,1,1,0.1787282320437953,0.7301590060815215,0.5514307740377262,9.983528351061977
32,0,1,2,0.7301590060815215,1.2980787010164931,0.5679196949349716,9.983528351061977
32,0,1,3,1.2980787010164931,1.8494116499787197,0.5513329489622265,9.983528351061977
32,0,1,4,1.8494116499787197,2.4198967380216345,0.5704850880429149,9.983528351061977
32,0,1,5,2.4198967380216345,2.977036376018077,0.5571396379964426,9.983528351061977
32,0,1,6,2.977036376018077,3.5384650620399043,0.5614286860218272,9.983528351061977
32,0,1,7,3.5384650620399043,4.099510755040683,0.5610456930007786,9.983528351061977
32,0,1,8,4.099510755040683,4.6581122850766405,0.5586015300359577,9.983528351061977
32,0,1,9,4.6581122850766405,5.2242032560752705,0.5660909709986299,9.983528351061977
32,0,1,10,5.2242032560752705,5.77998494298663,0.5557816869113594,9.983528351061977
32,0,1,11,5.77998494298663,6.345630438998342,0.5656454960117117,9.983528351061977
32,0,1,12,6.345630438998342,6.9038538980530575,0.5582234590547159,9.983528351061977
32,0,1,13,6.9038538980530575,7.468315050005913,0.5644611519528553,9.983528351061977
32,0,1,14,7.468315050005913,8.031112237018533,0.5627971870126203,9.983528351061977
32,0,1,15,8.031112237018533,8.604775403975509,0.5736631669569761,9.983528351061977
32,0,1,16,8.604775403975509,9.255829300032929,0.6510538960574195,9.983528351061977
32,0,1,17,9.255829300032929,9.982128306059167,0.7262990060262382,9.983528351061977
32,0,1,18,9.982128306059167,9.986726285074838,0.004597979015670717,9.983528351061977
32,0,2,1,-0.3884633439593017,0.17812882200814784,0.5665921659674495,9.983528351061977
32,0,2,2,0.17812882200814784,0.7307315500220284,0.5526027280138806,9.983528351061977
32,0,2,3,0.7307315500220284,1.298326401039958,0.5675948510179296,9.983528351061977
32,0,2,4,1.298326401039958,1.8502734130015597,0.5519470119616017,9.983528351061977
32,0,2,5,1.8502734130015597,2.4203584380447865,0.5700850250432268,9.983528351061977
32,0,2,6,2.4203584380447865,2.9776257229968905,0.5572672849521041,9.983528351061977
32,0,2,7,2.9776257229968905,3.5395777489757165,0.561952025978826,9.983528351061977
32,0,2,8,3.5395777489757165,4.100446096039377,0.5608683470636606,9.983528351061977
32,0,2,9,4.100446096039377,4.659535877988674,0.5590897819492966,9.983528351061977
32,0,2,10,4.659535877988674,5.225235681049526,0.565699803060852,9.983528351061977
32,0,2,11,5.225235681049526,5.781758442055434,0.5565227610059083,9.983528351061977
32,0,2,12,5.781758442055434,6.347499445080757,0.5657410030253232,9.983528351061977
32,0,2,13,6.347499445080757,6.906046300078742,0.5585468549979851,9.983528351061977
32,0,2,14,6.906046300078742,7.4703117810422555,0.5642654809635133,9.983528351061977
32,0,2,15,7.4703117810422555,8.032564372988418,0.5622525919461623,9.983528351061977
32,0,2,16,8.032564372988418,8.605989144998603,0.5734247720101848,9.983528351061977
32,0,2,17,8.605989144998603,9.256973504088819,0.6509843590902165,9.983528351061977
32,0,2,18,9.256973504088819,9.98551692708861,0.7285434229997918,9.983528351061977
32,0,3,1,0.730647218064405,1.2982536640483886,0.5676064459839836,9.983528351061977
32,0,3,2,1.2982536640483886,1.849894552025944,0.5516408879775554,9.983528351061977
32,0,3,3,1.849894552025944,2.4201501699863,0.5702556179603562,9.983528351061977
32,0,3,4,2.4201501699863,2.977500326000154,0.5573501560138538,9.983528351061977
32,0,3,5,2.977500326000154,3.539162461995147,0.5616621359949932,9.983528351061977
32,0,3,6,3.539162461995147,4.099891639081761,0.5607291770866141,9.983528351061977
32,0,3,7,4.099891639081761,4.659041078062728,0.5591494389809668,9.983528351061977
32,0,3,8,4.659041078062728,5.225031694048084,0.5659906159853563,9.983528351061977
32,0,3,9,5.225031694048084,5.781116152065806,0.5560844580177218,9.983528351061977
32,0,3,10,5.781116152065806,6.346406774013303,0.5652906219474971,9.983528351061977
32,0,3,11,6.346406774013303,6.905103289987892,0.5586965159745887,9.983528351061977
32,0,3,12,6.905103289987892,7.469786325003952,0.5646830350160599,9.983528351061977
32,0,3,13,7.469786325003952,8.032104408019222,0.5623180830152705,9.983528351061977
32,0,3,14,8.032104408019222,8.60559548297897,0.5734910749597475,9.983528351061977
32,0,3,15,8.60559548297897,9.25659101002384,0.65099552704487,9.983528351061977
32,0,3,16,9.25659101002384,9.984968465054408,0.7283774550305679,9.983528351061977
32,0,4,1,1.2987267409916967,1.8503548860317096,0.5516281450400129,9.983528351061977
32,0,4,2,1.8503548860317096,2.42042299406603,0.5700681080343202,9.983528351061977
32,0,4,3,2.42042299406603,2.977682529017329,0.5572595349512994,9.983528351061977
32,0,4,4,2.977682529017329,3.5396522760856897,0.5619697470683604,9.983528351061977
32,0,4,5,3.5396522760856897,4.100508179049939,0.5608559029642493,9.983528351061977
32,0,4,6,4.100508179049939,4.658794292015955,0.5582861129660159,9.983528351061977
32,0,4,7,4.658794292015955,5.224514460074715,0.5657201680587605,9.983528351061977
32,0,4,8,5.224514460074715,5.780742321978323,0.5562278619036078,9.983528351061977
32,0,4,9,5.780742321978323,6.34607455402147,0.5653322320431471,9.983528351061977
32,0,4,10,6.34607455402147,6.904306764015928,0.5582322099944577,9.983528351061977
32,0,4,11,6.904306764015928,7.468773517990485,0.5644667539745569,9.983528351061977
32,0,4,12,7.468773517990485,8.03149534703698,0.5627218290464953,9.983528351061977
32,0,4,13,8.03149534703698,8.605191969079897,0.5736966220429167,9.983528351061977
32,0,4,14,8.605191969079897,9.25621232308913,0.6510203540092334,9.983528351061977
32,0,4,15,9.25621232308913,9.984385221032426,0.7281728979432955,9.983528351061977
32,0,5,1,1.299238570034504,1.8504892539931461,0.5512506839586422,9.983528351061977
32,0,5,2,1.8504892539931461,2.420545760076493,0.5700565060833469,9.983528351061977
32,0,5,3,2.420545760076493,2.977799838059582,0.5572540779830888,9.983528351061977
32,0,5,4,2.977799838059582,3.53977928601671,0.5619794479571283,9.983528351061977
32,0,5,5,3.53977928601671,4.100638782023452,0.5608594960067421,9.983528351061977
32,0,5,6,4.100638782023452,4.65798157104291,0.557342789019458,9.983528351061977
32,0,5,7,4.65798157104291,5.223059262032621,0.5650776909897104,9.983528351061977
32,0,5,8,5.223059262032621,5.779648279072717,0.5565890170400962,9.983528351061977
32,0,5,9,5.779648279072717,6.34531063598115,0.5656623569084331,9.983528351061977
32,0,5,10,6.34531063598115,6.903528970084153,0.5582183341030031,9.983528351061977
32,0,5,11,6.903528970084153,7.468084015999921,0.5645550459157676,9.983528351061977
32,0,5,12,7.468084015999921,8.030900023994036,0.5628160079941154,9.983528351061977
32,0,5,13,8.030900023994036,8.604269898030907,0.5733698740368709,9.983528351061977
32,0,5,14,8.604269898030907,9.255574353039265,0.6513044550083578,9.983528351061977
32,0,5,15,9.255574353039265,9.981860242085531,0.7262858890462667,9.983528351061977
32,0,5,16,9.981860242085531,9.986494824057445,0.004634581971913576,9.983528351061977
32,0,6,1,0.7311284770257771,1.2988547310233116,0.5677262539975345,9.983528351061977
32,0,6,2,1.2988547310233116,1.8504125910112634,0.5515578599879518,9.983528351061977
32,0,6,3,1.8504125910112634,2.4204851450631395,0.5700725540518761,9.983528351061977
32,0,6,4,2.4204851450631395,2.9777375829871744,0.5572524379240349,9.983528351061977
32,0,6,5,2.9777375829871744,3.5397154790116474,0.561977896024473,9.983528351061977
32,0,6,6,3.5397154790116474,4.100568021996878,0.5608525429852307,9.983528351061977
32,0,6,7,4.100568021996878,4.657913611037657,0.5573455890407786,9.983528351061977
32,0,6,8,4.657913611037657,5.222995214047842,0.5650816030101851,9.983528351061977
32,0,6,9,5.222995214047842,5.779562711017206,0.5565674969693646,9.983528351061977
32,0,6,10,5.779562711017206,6.3452350430889055,0.5656723320716992,9.983528351061977
32,0,6,11,6.3452350430889055,6.903456515981816,0.5582214728929102,9.983528351061977
32,0,6,12,6.903456515981816,7.467918885988183,0.5644623700063676,9.983528351061977
32,0,6,13,7.467918885988183,8.030812825076282,0.5628939390880987,9.983528351061977
32,0,6,14,8.030812825076282,8.604211988043971,0.5733991629676893,9.983528351061977
32,0,6,15,8.604211988043971,9.255519132013433,0.6513071439694613,9.983528351061977
32,0,6,16,9.255519132013433,9.981704484089278,0.726185352075845,9.983528351061977
32,0,6,17,9.981704484089278,9.986436126986519,0.0047316428972408175,9.983528351061977
32,0,7,1,7.470740471035242,8.03265469498001,0.5619142239447683,9.983528351061977
32,0,7,2,8.03265469498001,8.606059503974393,0.5734048089943826,9.983528351061977
32,0,7,3,8.606059503974393,9.257039880030788,0.6509803760563955,9.983528351061977
32,0,7,4,9.257039880030788,9.985595836071298,0.728555956040509,9.983528351061977
32,0,8,1,1.8497836280148476,2.420074049034156,0.5702904210193083,9.983528351061977
32,0,8,2,2.420074049034156,2.9771540600340813,0.5570800109999254,9.983528351061977
32,0,8,3,2.9771540600340813,3.538544455077499,0.5613903950434178,9.983528351061977
32,0,8,4,3.538544455077499,4.099584397044964,0.561039941967465,9.983528351061977
32,0,8,5,4.099584397044964,4.658175770076923,0.5585913730319589,9.983528351061977
32,0,8,6,4.658175770076923,5.224273076048121,0.5660973059711978,9.983528351061977
32,0,8,7,5.224273076048121,5.780061172088608,0.5557880960404873,9.983528351061977
32,0,8,8,5.780061172088608,6.34570916602388,0.5656479939352721,9.983528351061977
32,0,8,9,6.34570916602388,6.903925433987752,0.5582162679638714,9.983528351061977
32,0,8,10,6.903925433987752,7.468410436064005,0.5644850020762533,9.983528351061977
32,0,8,11,7.468410436064005,8.031174557982013,0.5627641219180077,9.983528351061977
32,0,8,12,8.031174557982013,8.604834028985351,0.5736594710033387,9.983528351061977
32,0,8,13,8.604834028985351,9.255886028055102,0.6510519990697503,9.983528351061977
32,0,8,14,9.255886028055102,9.982193607022054,0.7263075789669529,9.983528351061977
32,0,8,15,9.982193607022054,9.986783807980828,0.004590200958773494,9.983528351061977
32,0,9,1,3.539445791975595,4.099980422062799,0.5605346300872043,9.983528351061977
32,0,9,2,4.099980422062799,4.657715699984692,0.5577352779218927,9.983528351061977
32,0,9,3,4.657715699984692,5.222770848078653,0.5650551480939612,9.983528351061977
32,0,9,4,5.222770848078653,5.77928110701032,0.5565102589316666,9.983528351061977
32,0,9,5,5.77928110701032,6.344974525040016,0.5656934180296957,9.983528351061977
32,0,9,6,6.344974525040016,6.903185875038616,0.5582113499986008,9.983528351061977
32,0,9,7,6.903185875038616,7.46765808807686,0.5644722130382434,9.983528351061977
32,0,9,8,7.46765808807686,8.02946782798972,0.5618097399128601,9.983528351061977
32,0,9,9,8.02946782798972,8.603751081041992,0.5742832530522719,9.983528351061977
32,0,9,10,8.603751081041992,9.255143152084202,0.6513920710422099,9.983528351061977
32,0,9,11,9.255143152084202,9.981399504002184,0.7262563519179821,9.983528351061977
32,0,9,12,9.981399504002184,9.986192335025407,0.004792831023223698,9.983528351061977
32,0,10,1,2.421224066056311,2.978018010035157,0.5567939439788461,9.983528351061977
32,0,10,2,2.978018010035157,3.5399789860239252,0.561960975988768,9.983528351061977
32,0,10,3,3.5399789860239252,4.100825347006321,0.5608463609823957,9.983528351061977
32,0,10,4,4.100825347006321,4.658047198085114,0.5572218510787934,9.983528351061977
32,0,10,5,4.658047198085114,5.2235256370622665,0.5654784389771521,9.983528351061977
32,0,10,6,5.2235256370622665,5.779916231986135,0.5563905949238688,9.983528351061977
32,0,10,7,5.779916231986135,6.34555944101885,0.5656432090327144,9.983528351061977
32,0,10,8,6.34555944101885,6.9037743450608104,0.5582149040419608,9.983528351061977
32,0,10,9,6.9037743450608104,7.468226823024452,0.5644524779636413,9.983528351061977
32,0,10,10,7.468226823024452,8.031045800074935,0.5628189770504832,9.983528351061977
32,0,10,11,8.031045800074935,8.604391250992194,0.5733454509172589,9.983528351061977
32,0,10,12,8.604391250992194,9.25569102098234,0.6512997699901462,9.983528351061977
32,0,10,13,9.25569102098234,9.981995869078673,0.7263048480963334,9.983528351061977
32,0,10,14,9.981995869078673,9.986612537992187,0.004616668913513422,9.983528351061977
32,0,11,1,5.781684136018157,6.3474353910423815,0.5657512550242245,9.983528351061977
32,0,11,2,6.3474353910423815,6.905979898059741,0.5585445070173591,9.983528351061977
32,0,11,3,6.905979898059741,7.470224261982366,0.5642443639226258,9.983528351061977
32,0,11,4,7.470224261982366,8.032502057030797,0.5622777950484306,9.983528351061977
32,0,11,5,8.032502057030797,8.605933370999992,0.5734313139691949,9.983528351061977
32,0,11,6,8.605933370999992,9.256920346990228,0.6509869759902358,9.983528351061977
32,0,11,7,9.256920346990228,9.985439802054316,0.7285194550640881,9.983528351061977
32,0,12,1,3.539080735994503,4.099821239011362,0.5607405030168593,9.983528351061977
32,0,12,2,4.099821239011362,4.657839318038896,0.5580180790275335,9.983528351061977
32,0,12,3,4.657839318038896,5.22292423597537,0.5650849179364741,9.983528351061977
32,0,12,4,5.22292423597537,5.779478381038643,0.5565541450632736,9.983528351061977
32,0,12,5,5.779478381038643,6.3451577390078455,0.5656793579692021,9.983528351061977
32,0,12,6,6.3451577390078455,6.903375060064718,0.5582173210568726,9.983528351061977
32,0,12,7,6.903375060064718,7.467816665070131,0.5644416050054133,9.983528351061977
32,0,12,8,7.467816665070131,8.029626306029968,0.5618096409598365,9.983528351061977
32,0,12,9,8.029626306029968,8.603884974028915,0.5742586679989472,9.983528351061977
32,0,12,10,8.603884974028915,9.255269318004139,0.6513843439752236,9.983528351061977
32,0,12,11,9.255269318004139,9.981479456066154,0.7262101380620152,9.983528351061977
32,0,12,12,9.981479456066154,9.986261383048259,0.004781926982104778,9.983528351061977
32,0,13,1,1.8502094499999657,2.4202430340228602,0.5700335840228945,9.983528351061977
32,0,13,2,2.4202430340228602,2.9775600970024243,0.5573170629795641,9.983528351061977
32,0,13,3,2.9775600970024243,3.5395120470784605,0.5619519500760362,9.983528351061977
32,0,13,4,3.5395120470784605,4.100383538054302,0.5608714909758419,9.983528351061977
32,0,13,5,4.100383538054302,4.658340424997732,0.5579568869434297,9.983528351061977
32,0,13,6,4.658340424997732,5.224385590059683,0.5660451650619507,9.983528351061977
32,0,13,7,5.224385590059683,5.7805932960473,0.5562077059876174,9.983528351061977
32,0,13,8,5.7805932960473,6.345930726034567,0.5653374299872667,9.983528351061977
32,0,13,9,6.345930726034567,6.904137431993149,0.5582067059585825,9.983528351061977
32,0,13,10,6.904137431993149,7.46864318207372,0.5645057500805706,9.983528351061977
32,0,13,11,7.46864318207372,8.031367197050713,0.5627240149769932,9.983528351061977
32,0,13,12,8.031367197050713,8.605009356047958,0.5736421589972451,9.983528351061977
32,0,13,13,8.605009356047958,9.256048283074051,0.651038927026093,9.983528351061977
32,0,13,14,9.256048283074051,9.984203309984878,0.7281550269108266,9.983528351061977
32,0,14,1,5.224971115007065,5.781048618024215,0.5560775030171499,9.983528351061977
32,0,14,2,5.781048618024215,6.346345068071969,0.5652964500477538,9.983528351061977
32,0,14,3,6.346345068071969,6.905009750975296,0.558664682903327,9.983528351061977
32,0,14,4,6.905009750975296,7.4691950540291145,0.5641853030538186,9.983528351061977
32,0,14,5,7.4691950540291145,8.031940916087478,0.5627458620583639,9.983528351061977
32,0,14,6,8.031940916087478,8.605480008060113,0.5735390919726342,9.983528351061977
32,0,14,7,8.605480008060113,9.256484386045486,0.6510043779853731,9.983528351061977
32,0,14,8,9.256484386045486,9.984806883032434,0.728322496986948,9.983528351061977
32,0,15,1,2.977436372078955,3.5386615860043094,0.5612252139253542,9.983528351061977
32,0,15,2,3.5386615860043094,4.099663021042943,0.5610014350386336,9.983528351061977
32,0,15,3,4.099663021042943,4.65897915198002,0.5593161309370771,9.983528351061977
32,0,15,4,4.65897915198002,5.224685502005741,0.5657063500257209,9.983528351061977
32,0,15,5,5.224685502005741,5.780949508072808,0.5562640060670674,9.983528351061977
32,0,15,6,5.780949508072808,6.346262170001864,0.565312661929056,9.983528351061977
32,0,15,7,6.346262170001864,6.904945085057989,0.5586829150561243,9.983528351061977
32,0,15,8,6.904945085057989,7.4691308720503,0.5641857869923115,9.983528351061977
32,0,15,9,7.4691308720503,8.031858214060776,0.5627273420104757,9.983528351061977
32,0,15,10,8.031858214060776,8.605426019988954,0.5735678059281781,9.983528351061977
32,0,15,11,8.605426019988954,9.256431728019379,0.651005708030425,9.983528351061977
32,0,15,12,9.256431728019379,9.98472526599653,0.7282935379771516,9.983528351061977
32,0,16,1,5.223452732083388,5.779840403003618,0.5563876709202304,9.983528351061977
32,0,16,2,5.779840403003618,6.345488996012136,0.5656485930085182,9.983528351061977
32,0,16,3,6.345488996012136,6.903700098046102,0.5582111020339653,9.983528351061977
32,0,16,4,6.903700098046102,7.468155005015433,0.5644549069693312,9.983528351061977
32,0,16,5,7.468155005015433,8.030964540084824,0.5628095350693911,9.983528351061977
32,0,16,6,8.030964540084824,8.604329188005067,0.5733646479202434,9.983528351061977
32,0,16,7,8.604329188005067,9.2556360270828,0.6513068390777335,9.983528351061977
32,0,16,8,9.2556360270828,9.98193012503907,0.72629409795627,9.983528351061977
32,0,16,9,9.98193012503907,9.986550262081437,0.004620137042365968,9.983528351061977
32,0,17,1,2.4209427289897576,2.977936655981466,0.5569939269917086,9.983528351061977
32,0,17,2,2.977936655981466,3.5399160200031474,0.5619793640216812,9.983528351061977
32,0,17,3,3.5399160200031474,4.100766530027613,0.5608505100244656,9.983528351061977
32,0,17,4,4.100766530027613,4.658918537083082,0.5581520070554689,9.983528351061977
32,0,17,5,4.658918537083082,5.2246318040415645,0.5657132669584826,9.983528351061977
32,0,17,6,5.2246318040415645,5.780876015080139,0.5562442110385746,9.983528351061977
32,0,17,7,5.780876015080139,6.3461994209792465,0.5653234058991075,9.983528351061977
32,0,17,8,6.3461994209792465,6.9044470969820395,0.558247676002793,9.983528351061977
32,0,17,9,6.9044470969820395,7.468949655070901,0.5645025580888614,9.983528351061977
32,0,17,10,7.468949655070901,8.031723906984553,0.5627742519136518,9.983528351061977
32,0,17,11,8.031723906984553,8.6053129080683,0.5735890010837466,9.983528351061977
32,0,17,12,8.6053129080683,9.256323519977741,0.6510106119094416,9.983528351061977
32,0,17,13,9.256323519977741,9.984554626978934,0.7282311070011929,9.983528351061977
32,0,18,1,2.976896933047101,3.5382926440797746,0.5613957110326737,9.983528351061977
32,0,18,2,3.5382926440797746,4.099350992008112,0.5610583479283378,9.983528351061977
32,0,18,3,4.099350992008112,4.6595941439736634,0.5602431519655511,9.983528351061977
32,0,18,4,4.6595941439736634,5.225287617067806,0.565693473094143,9.983528351061977
32,0,18,5,5.225287617067806,5.781824544072151,0.5565369270043448,9.983528351061977
32,0,18,6,5.781824544072151,6.347579882014543,0.5657553379423916,9.983528351061977
32,0,18,7,6.347579882014543,6.906111508025788,0.558531626011245,9.983528351061977
32,0,18,8,6.906111508025788,7.470825157011859,0.5647136489860713,9.983528351061977
32,0,18,9,7.470825157011859,8.032713719992898,0.5618885629810393,9.983528351061977
32,0,18,10,8.032713719992898,8.606115419999696,0.5734017000067979,9.983528351061977
32,0,18,11,8.606115419999696,9.257093094987795,0.6509776749880984,9.983528351061977
32,0,18,12,9.257093094987795,9.985677763004787,0.7285846680169925,9.983528351061977
32,0,19,1,6.347320710076019,6.9054897270398214,0.5581690169638023,9.983528351061977
32,0,19,2,6.9054897270398214,7.470064484979957,0.5645747579401359,9.983528351061977
32,0,19,3,7.470064484979957,8.03236585308332,0.5623013681033626,9.983528351061977
32,0,19,4,8.03236585308332,8.605821171076968,0.5734553179936484,9.983528351061977
32,0,19,5,8.605821171076968,9.256813019048423,0.6509918479714543,9.983528351061977
32,0,19,6,9.256813019048423,9.985285746050067,0.7284727270016447,9.983528351061977
32,0,20,1,4.658717642072588,5.224457930075005,0.5657402880024165,9.983528351061977
32,0,20,2,5.224457930075005,5.780676076072268,0.5562181459972635,9.983528351061977
32,0,20,3,5.780676076072268,6.346011152025312,0.565335075953044,9.983528351061977
32,0,20,4,6.346011152025312,6.904209581087343,0.5581984290620312,9.983528351061977
32,0,20,5,6.904209581087343,7.4687085640616715,0.5644989829743281,9.983528351061977
32,0,20,6,7.4687085640616715,8.031429833034053,0.562721268972382,9.983528351061977
32,0,20,7,8.031429833034053,8.605132798082195,0.5737029650481418,9.983528351061977
32,0,20,8,8.605132798082195,9.256101723061875,0.6509689249796793,9.983528351061977
32,0,20,9,9.256101723061875,9.984296208014712,0.7281944849528372,9.983528351061977
32,0,21,1,5.780450891004875,6.345804905984551,0.5653540149796754,9.983528351061977
32,0,21,2,6.345804905984551,6.903996705077589,0.5581917990930378,9.983528351061977
32,0,21,3,6.903996705077589,7.468478124006651,0.5644814189290628,9.983528351061977
32,0,21,4,7.468478124006651,8.03124566806946,0.5627675440628082,9.983528351061977
32,0,21,5,8.03124566806946,8.604893024079502,0.5736473560100421,9.983528351061977
32,0,21,6,8.604893024079502,9.255939061986282,0.6510460379067808,9.983528351061977
32,0,21,7,9.255939061986282,9.983862971072085,0.7279239090858027,9.983528351061977
32,0,22,1,4.101123457076028,4.659464096999727,0.5583406399236992,9.983528351061977
32,0,22,2,4.659464096999727,5.225179183995351,0.565715086995624,9.983528351061977
32,0,22,3,5.225179183995351,5.781295057036914,0.5561158730415627,9.983528351061977
32,0,22,4,5.781295057036914,6.346939429990016,0.565644372953102,9.983528351061977
32,0,22,5,6.346939429990016,6.905399831011891,0.5584604010218754,9.983528351061977
32,0,22,6,6.905399831011891,7.469997641979717,0.5645978109678254,9.983528351061977
32,0,22,7,7.469997641979717,8.032305823056959,0.5623081810772419,9.983528351061977
32,0,22,8,8.032305823056959,8.605765308020636,0.5734594849636778,9.983528351061977
32,0,22,9,8.605765308020636,9.25676082901191,0.6509955209912732,9.983528351061977
32,0,22,10,9.25676082901191,9.985206337063573,0.7284455080516636,9.983528351061977
32,0,23,1,6.346861598081887,6.905322034028359,0.558460435946472,9.983528351061977
32,0,23,2,6.905322034028359,7.469935085973702,0.5646130519453436,9.983528351061977
32,0,23,3,7.469935085973702,8.032239380059764,0.5623042940860614,9.983528351061977
32,0,23,4,8.032239380059764,8.605710410978645,0.5734710309188813,9.983528351061977
32,0,23,5,8.605710410978645,9.256707695079967,0.6509972841013223,9.983528351061977
32,0,23,6,9.256707695079967,9.985127681051381,0.7284199859714136,9.983528351061977
32,0,24,1,4.100314335082658,4.658274699002504,0.5579603639198467,9.983528351061977
32,0,24,2,4.658274699002504,5.22433021699544,0.5660555179929361,9.983528351061977
32,0,24,3,5.22433021699544,5.780526302056387,0.5561960850609466,9.983528351061977
32,0,24,4,5.780526302056387,6.345870012999512,0.5653437109431252,9.983528351061977
32,0,24,5,6.345870012999512,6.904068067087792,0.5581980540882796,9.983528351061977
32,0,24,6,6.904068067087792,7.468542788061313,0.5644747209735215,9.983528351061977
32,0,24,7,7.468542788061313,8.03130664001219,0.5627638519508764,9.983528351061977
32,0,24,8,8.03130664001219,8.604950180044398,0.573643540032208,9.983528351061977
32,0,24,9,8.604950180044398,9.2559943679953,0.6510441879509017,9.983528351061977
32,0,24,10,9.2559943679953,9.983950619003735,0.7279562510084361,9.983528351061977
32,0,25,1,4.659362065023743,5.225101266987622,0.5657392019638792,9.983528351061977
32,0,25,2,5.225101266987622,5.781225000973791,0.5561237339861691,9.983528351061977
32,0,25,3,5.781225000973791,6.346467619994655,0.5652426190208644,9.983528351061977
32,0,25,4,6.346467619994655,6.905168603989296,0.5587009839946404,9.983528351061977
32,0,25,5,6.905168603989296,7.469851725036278,0.5646831210469827,9.983528351061977
32,0,25,6,7.469851725036278,8.03216435201466,0.5623126269783825,9.983528351061977
32,0,25,7,8.03216435201466,8.60565577307716,0.5734914210624993,9.983528351061977
32,0,25,8,8.60565577307716,9.25665445998311,0.6509986869059503,9.983528351061977
32,0,25,9,9.25665445998311,9.985049161012284,0.728394701029174,9.983528351061977
32,0,26,1,8.030717177083716,8.604146094061434,0.5734289169777185,9.983528351061977
32,0,26,2,8.604146094061434,9.255457872059196,0.651311777997762,9.983528351061977
32,0,26,3,9.255457872059196,9.981636055978015,0.7261781839188188,9.983528351061977
32,0,26,4,9.981636055978015,9.986379339010455,0.004743283032439649,9.983528351061977
32,0,27,1,6.904863381991163,7.469064595061354,0.5642012130701914,9.983528351061977
32,0,27,2,7.469064595061354,8.031795533024706,0.5627309379633516,9.983528351061977
32,0,27,3,8.031795533024706,8.605370249017142,0.5735747159924358,9.983528351061977
32,0,27,4,8.605370249017142,9.256379259983078,0.6510090109659359,9.983528351061977
32,0,27,5,9.256379259983078,9.984643320087343,0.7282640601042658,9.983528351061977
32,0,28,1,6.905892602051608,7.470157113973983,0.5642645119223744,9.983528351061977
32,0,28,2,7.470157113973983,8.03242904797662,0.5622719340026379,9.983528351061977
32,0,28,3,8.03242904797662,8.605876661022194,0.5734476130455732,9.983528351061977
32,0,28,4,8.605876661022194,9.256866330979392,0.6509896699571982,9.983528351061977
32,0,28,5,9.256866330979392,9.985363193089142,0.7284968621097505,9.983528351061977
32,0,29,1,8.604709335020743,9.255774253979325,0.651064918958582,9.983528351061977
32,0,29,2,9.255774253979325,9.982062040013261,0.7262877860339358,9.983528351061977
32,0,29,3,9.982062040013261,9.986668072990142,0.00460603297688067,9.983528351061977
32,0,30,1,7.469687015051022,8.032033139024861,0.562346123973839,9.983528351061977
32,0,30,2,8.032033139024861,8.605537244002335,0.5735041049774736,9.983528351061977
32,0,30,3,8.605537244002335,9.256537068984471,0.6509998249821365,9.983528351061977
32,0,30,4,9.256537068984471,9.98488756106235,0.7283504920778796,9.983528351061977
32,0,31,1,8.030062192003243,8.603984234039672,0.573922042036429,9.983528351061977
32,0,31,2,8.603984234039672,9.2553369080415,0.6513526740018278,9.983528351061977
32,0,31,3,9.2553369080415,9.981550598051399,0.7262136900098994,9.983528351061977
32,0,31,4,9.981550598051399,9.98632002202794,0.0047694239765405655,9.983528351061977
32,1,0,1,8.343235358013771,8.951448617968708,0.6082132599549368,10.028786972980015
32,1,0,2,8.951448617968708,9.642941924976185,0.6914933070074767,10.028786972980015
32,1,0,3,9.642941924976185,10.026572267059237,0.3836303420830518,10.028786972980015
32,1,0,4,10.026572267059237,10.031432055984624,0.004859788925386965,10.028786972980015
32,1,1,1,2.706663378048688,3.2771605770103633,0.5704971989616752,10.028786972980015
32,1,1,2,3.2771605770103633,3.832704989006743,0.5555444119963795,10.028786972980015
32,1,1,3,3.832704989006743,4.395762910949998,0.5630579219432548,10.028786972980015
32,1,1,4,4.395762910949998,4.956031317007728,0.5602684060577303,10.028786972980015
32,1,1,5,4.956031317007728,5.520326566998847,0.5642952499911189,10.028786972980015
32,1,1,6,5.520326566998847,6.084072525030933,0.5637459580320865,10.028786972980015
32,1,1,7,6.084072525030933,6.647099787951447,0.5630272629205137,10.028786972980015
32,1,1,8,6.647099787951447,7.210855899960734,0.5637561120092869,10.028786972980015
32,1,1,9,7.210855899960734,7.775577469030395,0.5647215690696612,10.028786972980015
32,1,1,10,7.775577469030395,8.342238030978478,0.5666605619480833,10.028786972980015
32,1,1,11,8.342238030978478,8.951099319034256,0.6088612880557775,10.028786972980015
32,1,1,12,8.951099319034256,9.642654663999565,0.6915553449653089,10.028786972980015
32,1,1,13,9.642654663999565,10.026311201043427,0.38365653704386204,10.028786972980015
32,1,1,14,10.026311201043427,10.031154043972492,0.0048428429290652275,10.028786972980015
32,1,2,1,5.519841775065288,6.083924085018225,0.5640823099529371,10.028786972980015
32,1,2,2,6.083924085018225,6.6469831459689885,0.5630590609507635,10.028786972980015
32,1,2,3,6.6469831459689885,7.210738094057888,0.5637549480888993,10.028786972980015
32,1,2,4,7.210738094057888,7.775076317950152,0.5643382238922641,10.028786972980015
32,1,2,5,7.775076317950152,8.342018504976295,0.5669421870261431,10.028786972980015
32,1,2,6,8.342018504976295,8.95090951595921,0.6088910109829158,10.028786972980015
32,1,2,7,8.95090951595921,9.64246020896826,0.6915506930090487,10.028786972980015
32,1,2,8,9.64246020896826,10.026015523006208,0.38355531403794885,10.028786972980015
32,1,2,9,10.026015523006208,10.030967689002864,0.004952165996655822,10.028786972980015
32,1,3,1,-0.10459911299403757,0.4727150819962844,0.577314194990322,10.028786972980015
32,1,3,2,0.4727150819962844,1.0307189470622689,0.5580038650659844,10.028786972980015
32,1,3,3,1.0307189470622689,1.5905942290555686,0.5598752819932997,10.028786972980015
32,1,3,4,1.5905942290555686,2.152424186002463,0.5618299569468945,10.028786972980015
32,1,3,5,2.152424186002463,2.7069608840392902,0.5545366980368271,10.028786972980015
32,1,3,6,2.7069608840392902,3.2774090910097584,0.5704482069704682,10.028786972980015
32,1,3,7,3.2774090910097584,3.8337784820469096,0.5563693910371512,10.028786972980015
32,1,3,8,3.8337784820469096,4.397102563991211,0.5633240819443017,10.028786972980015
32,1,3,9,4.397102563991211,4.956175517058,0.5590729530667886,10.028786972980015
32,1,3,10,4.956175517058,5.520460368017666,0.5642848509596661,10.028786972980015
32,1,3,11,5.520460368017666,6.08423150703311,0.5637711390154436,10.028786972980015
32,1,3,12,6.08423150703311,6.647221741033718,0.5629902340006083,10.028786972980015
32,1,3,13,6.647221741033718,7.210978372953832,0.5637566319201142,10.028786972980015
32,1,3,14,7.210978372953832,7.775726708001457,0.564748335047625,10.028786972980015
32,1,3,15,7.775726708001457,8.342804344021715,0.5670776360202581,10.028786972980015
32,1,3,16,8.342804344021715,8.951328366063535,0.60852402204182,10.028786972980015
32,1,3,17,8.951328366063535,9.642862704000436,0.6915343379369006,10.028786972980015
32,1,3,18,9.642862704000436,10.026498971972615,0.38363626797217876,10.028786972980015
32,1,3,19,10.026498971972615,10.031350829987787,0.0048518580151721835,10.028786972980015
32,1,4,1,8.342664018971846,8.95119083696045,0.6085268179886043,10.028786972980015
32,1,4,2,8.95119083696045,9.642723193974234,0.6915323570137843,10.028786972980015
32,1,4,3,9.642723193974234,10.026376595022157,0.38365340104792267,10.028786972980015
32,1,4,4,10.026376595022157,10.031213375041261,0.004836780019104481,10.028786972980015
32,1,5,1,4.956766281975433,5.52080225397367,0.5640359719982371,10.028786972980015
32,1,5,2,5.52080225397367,6.0847474170150235,0.5639451630413532,10.028786972980015
32,1,5,3,6.0847474170150235,6.6481626180466264,0.5634152010316029,10.028786972980015
32,1,5,4,6.6481626180466264,7.211478461045772,0.5633158429991454,10.028786972980015
32,1,5,5,7.211478461045772,7.776197924045846,0.564719463000074,10.028786972980015
32,1,5,6,7.776197924045846,8.343718679039739,0.5675207549938932,10.028786972980015
32,1,5,7,8.343718679039739,8.951942726969719,0.6082240479299799,10.028786972980015
32,1,5,8,8.951942726969719,9.643381276982836,0.6914385500131175,10.028786972980015
32,1,5,9,9.643381276982836,10.027018244960345,0.3836369679775089,10.028786972980015
32,1,5,10,10.027018244960345,10.031864003045484,0.004845758085139096,10.028786972980015
32,1,6,1,7.210497225984,7.774198014987633,0.563700789003633,10.028786972980015
32,1,6,2,7.774198014987633,8.34161797806155,0.5674199630739167,10.028786972980015
32,1,6,3,8.34161797806155,8.950493860989809,0.6088758829282597,10.028786972980015
32,1,6,4,8.950493860989809,9.642025012057275,0.6915311510674655,10.028786972980015
32,1,6,5,9.642025012057275,10.025702357990667,0.38367734593339264,10.028786972980015
32,1,6,6,10.025702357990667,10.030636850045994,0.0049344920553267,10.028786972980015
32,1,7,1,1.5900975039694458,2.151244273991324,0.5611467700218782,10.028786972980015
32,1,7,2,2.151244273991324,2.7057059289654717,0.5544616549741477,10.028786972980015
32,1,7,3,2.7057059289654717,3.2766526009654626,0.5709466719999909,10.028786972980015
32,1,7,4,3.2766526009654626,3.832256118999794,0.5556035180343315,10.028786972980015
32,1,7,5,3.832256118999794,4.395294800982811,0.5630386819830164,10.028786972980015
32,1,7,6,4.395294800982811,4.955068505019881,0.5597737040370703,10.028786972980015
32,1,7,7,4.955068505019881,5.518930524005555,0.5638620189856738,10.028786972980015
32,1,7,8,5.518930524005555,6.083477383013815,0.5645468590082601,10.028786972980015
32,1,7,9,6.083477383013815,6.6464466790203005,0.5629692960064858,10.028786972980015
32,1,7,10,6.6464466790203005,7.2099476989824325,0.563501019962132,10.028786972980015
32,1,7,11,7.2099476989824325,7.773882101057097,0.5639344020746648,10.028786972980015
32,1,7,12,7.773882101057097,8.341237502987497,0.5673554019303992,10.028786972980015
32,1,7,13,8.341237502987497,8.950139779015444,0.6089022760279477,10.028786972980015
32,1,7,14,8.950139779015444,9.64169809804298,0.6915583190275356,10.028786972980015
32,1,7,15,9.64169809804298,10.025278907967731,0.3835808099247515,10.028786972980015
32,1,7,16,10.025278907967731,10.03037744096946,0.005098533001728356,10.028786972980015
32,1,8,1,0.47300081595312804,1.030640296987258,0.5576394810341299,10.028786972980015
32,1,8,2,1.030640296987258,1.5905263549648225,0.5598860579775646,10.028786972980015
32,1,8,3,1.5905263549648225,2.152050966047682,0.5615246110828593,10.028786972980015
32,1,8,4,2.152050966047682,2.7067640339955688,0.5547130679478869,10.028786972980015
32,1,8,5,2.7067640339955688,3.2772374160122126,0.5704733820166439,10.028786972980015
32,1,8,6,3.2772374160122126,3.832775403978303,0.5555379879660904,10.028786972980015
32,1,8,7,3.832775403978303,4.395830168039538,0.5630547640612349,10.028786972980015
32,1,8,8,4.395830168039538,4.95610842294991,0.5602782549103722,10.028786972980015
32,1,8,9,4.95610842294991,5.520395435043611,0.5642870120937005,10.028786972980015
32,1,8,10,5.520395435043611,6.084171317983419,0.5637758829398081,10.028786972980015
32,1,8,11,6.084171317983419,6.647162102977745,0.5629907849943265,10.028786972980015
32,1,8,12,6.647162102977745,7.210918892058544,0.5637567890807986,10.028786972980015
32,1,8,13,7.210918892058544,7.77564742800314,0.5647285359445959,10.028786972980015
32,1,8,14,7.77564742800314,8.34274005703628,0.5670926290331408,10.028786972980015
32,1,8,15,8.34274005703628,8.951266814954579,0.6085267579182982,10.028786972980015
32,1,8,16,8.951266814954579,9.642797300009988,0.6915304850554094,10.028786972980015
32,1,8,17,9.642797300009988,10.02643614995759,0.38363884994760156,10.028786972980015
32,1,8,18,10.02643614995759,10.03128832404036,0.004852174082770944,10.028786972980015
32,1,9,1,1.031097827013582,1.590993170044385,0.5598953430308029,10.028786972980015
32,1,9,2,1.590993170044385,2.1525980880251154,0.5616049179807305,10.028786972980015
32,1,9,3,2.1525980880251154,2.70744372298941,0.5548456349642947,10.028786972980015
32,1,9,4,2.70744372298941,3.2780891970032826,0.5706454740138724,10.028786972980015
32,1,9,5,3.2780891970032826,3.8341179710114375,0.5560287740081549,10.028786972980015
32,1,9,6,3.8341179710114375,4.397405192023143,0.5632872210117057,10.028786972980015
32,1,9,7,4.397405192023143,4.954913677996956,0.5575084859738126,10.028786972980015
32,1,9,8,4.954913677996956,5.518789798952639,0.5638761209556833,10.028786972980015
32,1,9,9,5.518789798952639,6.083353184978478,0.5645633860258386,10.028786972980015
32,1,9,10,6.083353184978478,6.646312981960364,0.562959796981886,10.028786972980015
32,1,9,11,6.646312981960364,7.20977583900094,0.5634628570405766,10.028786972980015
32,1,9,12,7.20977583900094,7.773745496058837,0.5639696570578963,10.028786972980015
32,1,9,13,7.773745496058837,8.341056933044456,0.5673114369856194,10.028786972980015
32,1,9,14,8.341056933044456,8.95000966405496,0.6089527310105041,10.028786972980015
32,1,9,15,8.95000966405496,9.641565587022342,0.6915559229673818,10.028786972980015
32,1,9,16,9.641565587022342,10.025157439056784,0.3835918520344421,10.028786972980015
32,1,9,17,10.025157439056784,10.03024324902799,0.00508580997120589,10.028786972980015
32,1,10,1,1.030349422013387,1.590357359033078,0.5600079370196909,10.028786972980015
32,1,10,2,1.590357359033078,2.1515318560414016,0.5611744970083237,10.028786972980015
32,1,10,3,2.1515318560414016,2.705960607039742,0.5544287509983405,10.028786972980015
32,1,10,4,2.705960607039742,3.2768205939792097,0.5708599869394675,10.028786972980015
32,1,10,5,3.2768205939792097,3.832476568990387,0.5556559750111774,10.028786972980015
32,1,10,6,3.832476568990387,4.395535237970762,0.5630586689803749,10.028786972980015
32,1,10,7,4.395535237970762,4.956241918960586,0.5607066809898242,10.028786972980015
32,1,10,8,4.956241918960586,5.520524534047581,0.5642826150869951,10.028786972980015
32,1,10,9,5.520524534047581,6.084573758998886,0.5640492249513045,10.028786972980015
32,1,10,10,6.084573758998886,6.647710115998052,0.5631363569991663,10.028786972980015
32,1,10,11,6.647710115998052,7.211187268025242,0.5634771520271897,10.028786972980015
32,1,10,12,7.211187268025242,7.775931357056834,0.564744089031592,10.028786972980015
32,1,10,13,7.775931357056834,8.343440536991693,0.5675091799348593,10.028786972980015
32,1,10,14,8.343440536991693,8.951652855961584,0.6082123189698905,10.028786972980015
32,1,10,15,8.951652855961584,9.643131364020519,0.6914785080589354,10.028786972980015
32,1,10,16,9.643131364020519,10.026769855059683,0.38363849103916436,10.028786972980015
32,1,10,17,10.026769855059683,10.031612068065442,0.004842213005758822,10.028786972980015
32,1,11,1,2.1523505620425567,2.7068747529992834,0.5545241909567267,10.028786972980015
32,1,11,2,2.7068747529992834,3.2773266050498933,0.5704518520506099,10.028786972980015
32,1,11,3,3.2773266050498933,3.8332951710326597,0.5559685659827664,10.028786972980015
32,1,11,4,3.8332951710326597,4.396917324047536,0.563622153014876,10.028786972980015
32,1,11,5,4.396917324047536,4.955902168061584,0.5589848440140486,10.028786972980015
32,1,11,6,4.955902168061584,5.519398613949306,0.5634964458877221,10.028786972980015
32,1,11,7,5.519398613949306,6.083777655032463,0.5643790410831571,10.028786972980015
32,1,11,8,6.083777655032463,6.6467947530327365,0.5630170980002731,10.028786972980015
32,1,11,9,6.6467947530327365,7.2106194329680875,0.563824679935351,10.028786972980015
32,1,11,10,7.2106194329680875,7.774855419062078,0.5642359860939905,10.028786972980015
32,1,11,11,7.774855419062078,8.341859481064603,0.5670040620025247,10.028786972980015
32,1,11,12,8.341859481064603,8.950770457973704,0.608910976909101,10.028786972980015
32,1,11,13,8.950770457973704,9.64231269794982,0.6915422399761155,10.028786972980015
32,1,11,14,9.64231269794982,10.025891961995512,0.383579264045693,10.028786972980015
32,1,11,15,10.025891961995512,10.030849845032208,0.004957883036695421,10.028786972980015
32,1,12,1,6.647642084979452,7.211128109949641,0.5634860249701887,10.028786972980015
32,1,12,2,7.211128109949641,7.7758622609544545,0.5647341510048136,10.028786972980015
32,1,12,3,7.7758622609544545,8.343377979006618,0.5675157180521637,10.028786972980015
32,1,12,4,8.343377979006618,8.951589056989178,0.6082110779825598,10.028786972980015
32,1,12,5,8.951589056989178,9.643070521997288,0.6914814650081098,10.028786972980015
32,1,12,6,9.643070521997288,10.026689660036936,0.38361913803964853,10.028786972980015
32,1,12,7,10.026689660036936,10.03155313897878,0.004863478941842914,10.028786972980015
32,1,13,1,3.833702099043876,4.397033722954802,0.5633316239109263,10.028786972980015
32,1,13,2,4.397033722954802,4.956381262978539,0.5593475400237367,10.028786972980015
32,1,13,3,4.956381262978539,5.520689754048362,0.5643084910698235,10.028786972980015
32,1,13,4,5.520689754048362,6.084689783980139,0.5640000299317762,10.028786972980015
32,1,13,5,6.084689783980139,6.648093078052625,0.5634032940724865,10.028786972980015
32,1,13,6,6.648093078052625,7.211421151063405,0.5633280730107799,10.028786972980015
32,1,13,7,7.211421151063405,7.776135983061977,0.5647148319985718,10.028786972980015
32,1,13,8,7.776135983061977,8.343656789977103,0.5675208069151267,10.028786972980015
32,1,13,9,8.343656789977103,8.951870660996065,0.6082138710189611,10.028786972980015
32,1,13,10,8.951870660996065,9.643317184061743,0.6914465230656788,10.028786972980015
32,1,13,11,9.643317184061743,10.026960310991853,0.38364312693011016,10.028786972980015
32,1,13,12,10.026960310991853,10.03179605200421,0.004835741012357175,10.028786972980015
32,1,14,1,0.47253250901121646,1.0305021910462528,0.5579696820350364,10.028786972980015
32,1,14,2,1.0305021910462528,1.5904279069509357,0.5599257159046829,10.028786972980015
32,1,14,3,1.5904279069509357,2.151984208030626,0.5615563010796905,10.028786972980015
32,1,14,4,2.151984208030626,2.706228640046902,0.5542444320162758,10.028786972980015
32,1,14,5,2.706228640046902,3.277036451967433,0.5708078119205311,10.028786972980015
32,1,14,6,3.277036451967433,3.832630148041062,0.555593696073629,10.028786972980015
32,1,14,7,3.832630148041062,4.395684776012786,0.5630546279717237,10.028786972980015
32,1,14,8,4.395684776012786,4.956310341018252,0.5606255650054663,10.028786972980015
32,1,14,9,4.956310341018252,5.520620080991648,0.5643097399733961,10.028786972980015
32,1,14,10,5.520620080991648,6.084630817989819,0.5640107369981706,10.028786972980015
32,1,14,11,6.084630817989819,6.647768681985326,0.5631378639955074,10.028786972980015
32,1,14,12,6.647768681985326,7.211245017009787,0.5634763350244612,10.028786972980015
32,1,14,13,7.211245017009787,7.775996276061051,0.5647512590512633,10.028786972980015
32,1,14,14,7.775996276061051,8.343506686971523,0.5675104109104723,10.028786972980015
32,1,14,15,8.343506686971523,8.951723961043172,0.6082172740716487,10.028786972980015
32,1,14,16,8.951723961043172,9.643194142961875,0.691470181918703,10.028786972980015
32,1,14,17,9.643194142961875,10.026829367969185,0.3836352250073105,10.028786972980015
32,1,14,18,10.026829367969185,10.031670170952566,0.004840802983380854,10.028786972980015
32,1,15,3,-0.10446504596620798,0.4730724369874224,0.5775374829536304,10.028786972980015
32,1,15,4,0.4730724369874224,1.0298330209916458,0.5567605840042233,10.028786972980015
32,1,15,5,1.0298330209916458,1.5902337840525433,0.5604007630608976,10.028786972980015
32,1,15,6,1.5902337840525433,2.1514055490260944,0.561171764973551,10.028786972980015
32,1,15,7,2.1514055490260944,2.705867204000242,0.5544616549741477,10.028786972980015
32,1,15,8,2.705867204000242,3.276745782000944,0.570878578000702,10.028786972980015
32,1,15,9,3.276745782000944,3.83239247801248,0.5556466960115358,10.028786972980015
32,1,15,10,3.83239247801248,4.395456644007936,0.5630641659954563,10.028786972980015
32,1,15,11,4.395456644007936,4.95513707306236,0.5596804290544242,10.028786972980015
32,1,15,12,4.95513707306236,5.518997768056579,0.5638606949942186,10.028786972980015
32,1,15,13,5.518997768056579,6.083536867052317,0.5645390989957377,10.028786972980015
32,1,15,14,6.083536867052317,6.6465117880143225,0.5629749209620059,10.028786972980015
32,1,15,15,6.6465117880143225,7.2100084309931844,0.5634966429788619,10.028786972980015
32,1,15,16,7.2100084309931844,7.773967346991412,0.5639589159982279,10.028786972980015
32,1,15,17,7.773967346991412,8.341303008026443,0.5673356610350311,10.028786972980015
32,1,15,18,8.341303008026443,8.950270461966284,0.6089674539398402,10.028786972980015
32,1,15,19,8.950270461966284,9.641822410048917,0.6915519480826333,10.028786972980015
32,1,15,20,9.641822410048917,10.025345440022647,0.38352302997373044,10.028786972980015
32,1,15,21,10.025345440022647,10.030445649987087,0.005100209964439273,10.028786972980015
32,1,16,1,6.084513074019924,6.647314751986414,0.5628016779664904,10.028786972980015
32,1,16,2,6.647314751986414,7.211035468033515,0.5637207160471007,10.028786972980015
32,1,16,3,7.211035468033515,7.77579537499696,0.5647599069634452,10.028786972980015
32,1,16,4,7.77579537499696,8.343308198964223,0.5675128239672631,10.028786972980015
32,1,16,5,8.343308198964223,8.951522535993718,0.6082143370294943,10.028786972980015
32,1,16,6,8.951522535993718,9.643008091952652,0.6914855559589341,10.028786972980015
32,1,16,7,9.643008091952652,10.026631206972525,0.3836231150198728,10.028786972980015
32,1,16,8,10.026631206972525,10.031494789989665,0.004863583017140627,10.028786972980015
32,1,17,1,4.396840739995241,4.954590960987844,0.5577502209926024,10.028786972980015
32,1,17,2,4.954590960987844,5.518538665026426,0.5639477040385827,10.028786972980015
32,1,17,3,5.518538665026426,6.082713017007336,0.5641743519809097,10.028786972980015
32,1,17,4,6.082713017007336,6.645963413990103,0.5632503969827667,10.028786972980015
32,1,17,5,6.645963413990103,7.209129831986502,0.5631664179963991,10.028786972980015
32,1,17,6,7.209129831986502,7.773260916001163,0.5641310840146616,10.028786972980015
32,1,17,7,7.773260916001163,8.3406504340237,0.5673895180225372,10.028786972980015
32,1,17,8,8.3406504340237,8.949561057961546,0.6089106239378452,10.028786972980015
32,1,17,9,8.949561057961546,9.64111046702601,0.6915494090644643,10.028786972980015
32,1,17,10,9.64111046702601,10.024743507965468,0.3836330409394577,10.028786972980015
32,1,17,11,10.024743507965468,10.029916408006102,0.0051729000406339765,10.028786972980015
32,1,18,1,7.209641742054373,7.773525701020844,0.5638839589664713,10.028786972980015
32,1,18,2,7.773525701020844,8.340921591967344,0.5673958909465,10.028786972980015
32,1,18,3,8.340921591967344,8.949858766049147,0.6089371740818024,10.028786972980015
32,1,18,4,8.949858766049147,9.641418176004663,0.6915594099555165,10.028786972980015
32,1,18,5,9.641418176004663,10.025023304042406,0.38360512803774327,10.028786972980015
32,1,18,6,10.025023304042406,10.03011070995126,0.005087405908852816,10.028786972980015
32,1,19,1,1.5908733480609953,2.152532733976841,0.5616593859158456,10.028786972980015
32,1,19,2,2.152532733976841,2.707366175018251,0.55483344104141,10.028786972980015
32,1,19,3,2.707366175018251,3.278022133046761,0.5706559580285102,10.028786972980015
32,1,19,4,3.278022133046761,3.8340458320453763,0.5560236989986151,10.028786972980015
32,1,19,5,3.8340458320453763,4.3973412229679525,0.5632953909225762,10.028786972980015
32,1,19,6,4.3973412229679525,4.9559676490025595,0.558626426034607,10.028786972980015
32,1,19,7,4.9559676490025595,5.519461694988422,0.5634940459858626,10.028786972980015
32,1,19,8,5.519461694988422,6.083833710057661,0.5643720150692388,10.028786972980015
32,1,19,9,6.083833710057661,6.646921957028098,0.5630882469704375,10.028786972980015
32,1,19,10,6.646921957028098,7.21067778300494,0.5637558259768412,10.028786972980015
32,1,19,11,7.21067778300494,7.775005306000821,0.5643275229958817,10.028786972980015
32,1,19,12,7.775005306000821,8.341941331978887,0.566936025978066,10.028786972980015
32,1,19,13,8.341941331978887,8.950848584063351,0.6089072520844638,10.028786972980015
32,1,19,14,8.950848584063351,9.642382976016961,0.6915343919536099,10.028786972980015
32,1,19,15,9.642382976016961,10.025952185038477,0.38356920902151614,10.028786972980015
32,1,19,16,10.025952185038477,10.030910238041542,0.004958053003065288,10.028786972980015
32,1,20,1,7.77550422702916,8.342175491969101,0.5666712649399415,10.028786972980015
32,1,20,2,8.342175491969101,8.951038153958507,0.6088626619894058,10.028786972980015
32,1,20,3,8.951038153958507,9.642592501011677,0.6915543470531702,10.028786972980015
32,1,20,4,9.642592501011677,10.026236635982059,0.38364413497038186,10.028786972980015
32,1,20,5,10.026236635982059,10.031081303022802,0.004844667040742934,10.028786972980015
32,1,21,1,4.955702943960205,5.518366522039287,0.5626635780790821,10.028786972980015
32,1,21,2,5.518366522039287,6.082592844963074,0.5642263229237869,10.028786972980015
32,1,21,3,6.082592844963074,6.645817960030399,0.5632251150673255,10.028786972980015
32,1,21,4,6.645817960030399,7.208986912039109,0.5631689520087093,10.028786972980015
32,1,21,5,7.208986912039109,7.77309334196616,0.5641064299270511,10.028786972980015
32,1,21,6,7.77309334196616,8.34050788206514,0.5674145400989801,10.028786972980015
32,1,21,7,8.34050788206514,8.949388068984263,0.6088801869191229,10.028786972980015
32,1,21,8,8.949388068984263,9.640950878034346,0.6915628090500832,10.028786972980015
32,1,21,9,9.640950878034346,10.024484351975843,0.3835334739414975,10.028786972980015
32,1,21,10,10.024484351975843,10.029831608058885,0.0053472560830414295,10.028786972980015
32,1,22,1,2.7072799269808456,3.2775128999492154,0.5702329729683697,10.028786972980015
32,1,22,2,3.2775128999492154,3.8338537940289825,0.5563408940797672,10.028786972980015
32,1,22,3,3.8338537940289825,4.397169545060024,0.5633157510310411,10.028786972980015
32,1,22,4,4.397169545060024,4.954767146031372,0.5575976009713486,10.028786972980015
32,1,22,5,4.954767146031372,5.518638164969161,0.5638710189377889,10.028786972980015
32,1,22,6,5.518638164969161,6.082785335020162,0.564147170051001,10.028786972980015
32,1,22,7,6.082785335020162,6.6460836849873886,0.5632983499672264,10.028786972980015
32,1,22,8,6.6460836849873886,7.209242212004028,0.5631585270166397,10.028786972980015
32,1,22,9,7.209242212004028,7.773355540004559,0.5641133280005306,10.028786972980015
32,1,22,10,7.773355540004559,8.340779697988182,0.5674241579836234,10.028786972980015
32,1,22,11,8.340779697988182,8.949695935007185,0.6089162370190024,10.028786972980015
32,1,22,12,8.949695935007185,9.641232896014117,0.691536961006932,10.028786972980015
32,1,22,13,9.641232896014117,10.024893137044273,0.3836602410301566,10.028786972980015
32,1,22,14,10.024893137044273,10.029979404993355,0.005086267949081957,10.028786972980015
32,1,23,1,3.8332148019690067,4.395944537012838,0.5627297350438312,10.028786972980015
32,1,23,2,4.395944537012838,4.955827865051106,0.5598833280382678,10.028786972980015
32,1,23,3,4.955827865051106,5.5193281300598755,0.5635002650087699,10.028786972980015
32,1,23,4,5.5193281300598755,6.083716882974841,0.5643887529149652,10.028786972980015
32,1,23,5,6.083716882974841,6.646734651061706,0.5630177680868655,10.028786972980015
32,1,23,6,6.646734651061706,7.210561853018589,0.5638272019568831,10.028786972980015
32,1,23,7,7.210561853018589,7.774282076046802,0.5637202230282128,10.028786972980015
32,1,23,8,7.774282076046802,8.341691843001172,0.5674097669543698,10.028786972980015
32,1,23,9,8.341691843001172,8.950562666985206,0.6088708239840344,10.028786972980015
32,1,23,10,8.950562666985206,9.642089167959057,0.6915265009738505,10.028786972980015
32,1,23,11,9.642089167959057,10.025765532045625,0.38367636408656836,10.028786972980015
32,1,23,12,10.025765532045625,10.030704159056768,0.004938627011142671,10.028786972980015
32,1,24,1,3.2784272850258276,3.8320940090343356,0.553666724008508,10.028786972980015
32,1,24,2,3.8320940090343356,4.395147501025349,0.5630534919910133,10.028786972980015
32,1,24,3,4.395147501025349,4.9549895860254765,0.5598420850001276,10.028786972980015
32,1,24,4,4.9549895860254765,5.5188643709989265,0.56387478497345,10.028786972980015
32,1,24,5,5.5188643709989265,6.083418717025779,0.5645543460268527,10.028786972980015
32,1,24,6,6.083418717025779,6.646384248044342,0.5629655310185626,10.028786972980015
32,1,24,7,6.646384248044342,7.209881899994798,0.5634976519504562,10.028786972980015
32,1,24,8,7.209881899994798,7.773815497988835,0.563933597994037,10.028786972980015
32,1,24,9,7.773815497988835,8.341132548986934,0.5673170509980991,10.028786972980015
32,1,24,10,8.341132548986934,8.950074600987136,0.6089420520002022,10.028786972980015
32,1,24,11,8.950074600987136,9.64163444598671,0.6915598449995741,10.028786972980015
32,1,24,12,9.64163444598671,10.025219094008207,0.38358464802149683,10.028786972980015
32,1,24,13,10.025219094008207,10.030306405038573,0.005087311030365527,10.028786972980015
32,1,25,1,6.648033536039293,7.211360663059168,0.5633271270198748,10.028786972980015
32,1,25,2,7.211360663059168,7.776071642991155,0.5647109799319878,10.028786972980015
32,1,25,3,7.776071642991155,8.343594392994419,0.5675227500032634,10.028786972980015
32,1,25,4,8.343594392994419,8.951786234974861,0.6081918419804424,10.028786972980015
32,1,25,5,8.951786234974861,9.64325722004287,0.6914709850680083,10.028786972980015
32,1,25,6,9.64325722004287,10.026900572003797,0.38364335196092725,10.028786972980015
32,1,25,7,10.026900572003797,10.031727612949908,0.004827040946111083,10.028786972980015
32,1,26,1,4.396403777063824,4.955317405052483,0.5589136279886588,10.028786972980015
32,1,26,2,4.955317405052483,5.519247633987106,0.5639302289346233,10.028786972980015
32,1,26,3,5.519247633987106,6.083655153983273,0.5644075199961662,10.028786972980015
32,1,26,4,6.083655153983273,6.646670293062925,0.5630151390796527,10.028786972980015
32,1,26,5,6.646670293062925,7.210207119002007,0.5635368259390816,10.028786972980015
32,1,26,6,7.210207119002007,7.77410165395122,0.5638945349492133,10.028786972980015
32,1,26,7,7.77410165395122,8.341449604951777,0.5673479510005563,10.028786972980015
32,1,26,8,8.341449604951777,8.950428753974847,0.6089791490230709,10.028786972980015
32,1,26,9,8.950428753974847,9.641961741028354,0.6915329870535061,10.028786972980015
32,1,26,10,9.641961741028354,10.02549079398159,0.3835290529532358,10.028786972980015
32,1,26,11,10.02549079398159,10.030573180061765,0.005082386080175638,10.028786972980015
32,1,27,1,3.277943738969043,3.833977301022969,0.5560335620539263,10.028786972980015
32,1,27,2,3.833977301022969,4.397269065026194,0.5632917640032247,10.028786972980015
32,1,27,3,4.397269065026194,4.95484432799276,0.5575752629665658,10.028786972980015
32,1,27,4,4.95484432799276,5.518717615981586,0.5638732879888266,10.028786972980015
32,1,27,5,5.518717615981586,6.082889026030898,0.5641714100493118,10.028786972980015
32,1,27,6,6.082889026030898,6.646152370958589,0.5632633449276909,10.028786972980015
32,1,27,7,6.646152370958589,7.209312809980474,0.5631604390218854,10.028786972980015
32,1,27,8,7.209312809980474,7.773426076979376,0.564113266998902,10.028786972980015
32,1,27,9,7.773426076979376,8.340854680049233,0.5674286030698568,10.028786972980015
32,1,27,10,8.340854680049233,8.949773116968572,0.608918436919339,10.028786972980015
32,1,27,11,8.949773116968572,9.641330471960828,0.6915573549922556,10.028786972980015
32,1,27,12,9.641330471960828,10.024961048038676,0.3836305760778487,10.028786972980015
32,1,27,13,10.024961048038676,10.030038969009183,0.005077920970506966,10.028786972980015
32,1,28,1,7.774761155014858,8.341797464061528,0.5670363090466708,10.028786972980015
32,1,28,2,8.341797464061528,8.950705487048253,0.608908022986725,10.028786972980015
32,1,28,3,8.950705487048253,9.642248408985324,0.6915429219370708,10.028786972980015
32,1,28,4,9.642248408985324,10.02583159902133,0.38358319003600627,10.028786972980015
32,1,28,5,10.02583159902133,10.030767360003665,0.004935760982334614,10.028786972980015
32,1,29,1,2.1519056219840422,2.7061521830037236,0.5542465610196814,10.028786972980015
32,1,29,2,2.7061521830037236,3.276888292049989,0.5707361090462655,10.028786972980015
32,1,29,3,3.276888292049989,3.8325491710565984,0.5556608790066093,10.028786972980015
32,1,29,4,3.8325491710565984,4.395615376997739,0.5630662059411407,10.028786972980015
32,1,29,5,4.395615376997739,4.955202877987176,0.5595875009894371,10.028786972980015
32,1,29,6,4.955202877987176,5.519101993064396,0.5638991150772199,10.028786972980015
32,1,29,7,5.519101993064396,6.0835965409642085,0.5644945478998125,10.028786972980015
32,1,29,8,6.0835965409642085,6.646573656005785,0.5629771150415763,10.028786972980015
32,1,29,9,6.646573656005785,7.210142742958851,0.5635690869530663,10.028786972980015
32,1,29,10,7.210142742958851,7.774034118978307,0.5638913760194555,10.028786972980015
32,1,29,11,7.774034118978307,8.341380552970804,0.5673464339924976,10.028786972980015
32,1,29,12,8.341380552970804,8.950350668979809,0.6089701160090044,10.028786972980015
32,1,29,13,8.950350668979809,9.641890670987777,0.6915400020079687,10.028786972980015
32,1,29,14,9.641890670987777,10.025406892993487,0.38351622200571,10.028786972980015
32,1,29,15,10.025406892993487,10.030509548960254,0.005102655966766179,10.028786972980015
32,1,30,1,6.083207895047963,6.64624744898174,0.5630395539337769,10.028786972980015
32,1,30,2,6.64624744898174,7.209712060983293,0.5634646120015532,10.028786972980015
32,1,30,3,7.209712060983293,7.7736229749862105,0.5639109140029177,10.028786972980015
32,1,30,4,7.7736229749862105,8.340988927986473,0.5673659530002624,10.028786972980015
32,1,30,5,8.340988927986473,8.949924938031472,0.6089360100449994,10.028786972980015
32,1,30,6,8.949924938031472,9.641486956039444,0.6915620180079713,10.028786972980015
32,1,30,7,9.641486956039444,10.025087040034123,0.38360008399467915,10.028786972980015
32,1,30,8,10.025087040034123,10.03018127498217,0.0050942349480465055,10.028786972980015
32,1,31,1,5.520257786032744,6.084015507949516,0.5637577219167724,10.028786972980015
32,1,31,2,6.084015507949516,6.647040573996492,0.5630250660469756,10.028786972980015
32,1,31,3,6.647040573996492,7.21079623803962,0.5637556640431285,10.028786972980015
32,1,31,4,7.21079623803962,7.775140117970295,0.564343879930675,10.028786972980015
32,1,31,5,7.775140117970295,8.342085725977086,0.5669456080067903,10.028786972980015
32,1,31,6,8.342085725977086,8.950977614964359,0.608891888987273,10.028786972980015
32,1,31,7,8.950977614964359,9.64252314902842,0.6915455340640619,10.028786972980015
32,1,31,8,9.64252314902842,10.026172004989348,0.3836488559609279,10.028786972980015
32,1,31,9,10.026172004989348,10.031024822965264,0.004852817975915968,10.028786972980015
32,2,0,1,0.46529728698078543,1.0224126219982281,0.5571153350174427,9.995144283981062
32,2,0,2,1.0224126219982281,1.582046814961359,0.5596341929631308,9.995144283981062
32,2,0,3,1.582046814961359,2.147955834050663,0.5659090190893039,9.995144283981062
32,2,0,4,2.147955834050663,2.701908609014936,0.553952774964273,9.995144283981062
32,2,0,5,2.701908609014936,3.271158545045182,0.5692499360302463,9.995144283981062
32,2,0,6,3.271158545045182,3.8246096950024366,0.5534511499572545,9.995144283981062
32,2,0,7,3.8246096950024366,4.393578691990115,0.5689689969876781,9.995144283981062
32,2,0,8,4.393578691990115,4.952388464938849,0.5588097729487345,9.995144283981062
32,2,0,9,4.952388464938849,5.511706187040545,0.5593177221016958,9.995144283981062
32,2,0,10,5.511706187040545,6.073357934947126,0.5616517479065806,9.995144283981062
32,2,0,11,6.073357934947126,6.632220629951917,0.558862695004791,9.995144283981062
32,2,0,12,6.632220629951917,7.196742928004824,0.564522298052907,9.995144283981062
32,2,0,13,7.196742928004824,7.753802238032222,0.5570593100273982,9.995144283981062
32,2,0,14,7.753802238032222,8.321452283998951,0.5676500459667295,9.995144283981062
32,2,0,15,8.321452283998951,8.926494925050065,0.6050426410511136,9.995144283981062
32,2,0,16,8.926494925050065,9.614238510024734,0.6877435849746689,9.995144283981062
32,2,0,17,9.614238510024734,9.995991004048847,0.3817524940241128,9.995144283981062
32,2,1,1,2.149640221032314,2.702926535042934,0.5532863140106201,9.995144283981062
32,2,1,2,2.702926535042934,3.272576038958505,0.5696495039155707,9.995144283981062
32,2,1,3,3.272576038958505,3.8262805100530386,0.5537044710945338,9.995144283981062
32,2,1,4,3.8262805100530386,4.3953957699704915,0.5691152599174529,9.995144283981062
32,2,1,5,4.3953957699704915,4.953198264003731,0.5578024940332398,9.995144283981062
32,2,1,6,4.953198264003731,5.512236170005053,0.559037906001322,9.995144283981062
32,2,1,7,5.512236170005053,6.074252645019442,0.5620164750143886,9.995144283981062
32,2,1,8,6.074252645019442,6.632794720004313,0.5585420749848709,9.995144283981062
32,2,1,9,6.632794720004313,7.197521790047176,0.5647270700428635,9.995144283981062
32,2,1,10,7.197521790047176,7.754344949964434,0.5568231599172577,9.995144283981062
32,2,1,11,7.754344949964434,8.322014078032225,0.5676691280677915,9.995144283981062
32,2,1,12,8.322014078032225,8.927034899941646,0.6050208219094202,9.995144283981062
32,2,1,13,8.927034899941646,9.614813082967885,0.6877781830262393,9.995144283981062
32,2,1,14,9.614813082967885,9.996444895979948,0.3816318130120635,9.995144283981062
32,2,2,1,2.703285855939612,3.2727324339793995,0.5694465780397877,9.995144283981062
32,2,2,2,3.2727324339793995,3.8264031029539183,0.5536706689745188,9.995144283981062
32,2,2,3,3.8264031029539183,4.3955168389948085,0.5691137360408902,9.995144283981062
32,2,2,4,4.3955168389948085,4.952327513950877,0.5568106749560684,9.995144283981062
32,2,2,5,4.952327513950877,5.511646716040559,0.5593192020896822,9.995144283981062
32,2,2,6,5.511646716040559,6.073292310000397,0.5616455939598382,9.995144283981062
32,2,2,7,6.073292310000397,6.632154976017773,0.5588626660173759,9.995144283981062
32,2,2,8,6.632154976017773,7.196689549018629,0.5645345730008557,9.995144283981062
32,2,2,9,7.196689549018629,7.753714403021149,0.5570248540025204,9.995144283981062
32,2,2,10,7.753714403021149,8.321396445971914,0.5676820429507643,9.995144283981062
32,2,2,11,8.321396445971914,8.926430508960038,0.6050340629881248,9.995144283981062
32,2,2,12,8.926430508960038,9.614157828036696,0.6877273190766573,9.995144283981062
32,2,2,13,9.614157828036696,9.995934417005628,0.38177658896893263,9.995144283981062
32,2,3,1,2.7025233870372176,3.2718212429899722,0.5692978559527546,9.995144283981062
32,2,3,2,3.2718212429899722,3.8250308700371534,0.5532096270471811,9.995144283981062
32,2,3,3,3.8250308700371534,4.393966741976328,0.5689358719391748,9.995144283981062
32,2,3,4,4.393966741976328,4.9534394619986415,0.5594727200223133,9.995144283981062
32,2,3,5,4.9534394619986415,5.512925687013194,0.5594862250145525,9.995144283981062
32,2,3,6,5.512925687013194,6.074987589032389,0.5620619020191953,9.995144283981062
32,2,3,7,6.074987589032389,6.633207772974856,0.558220183942467,9.995144283981062
32,2,3,8,6.633207772974856,7.197848603944294,0.564640830969438,9.995144283981062
32,2,3,9,7.197848603944294,7.755250927992165,0.5574023240478709,9.995144283981062
32,2,3,10,7.755250927992165,8.323079093941487,0.5678281659493223,9.995144283981062
32,2,3,11,8.323079093941487,8.927855130983517,0.6047760370420292,9.995144283981062
32,2,3,12,8.927855130983517,9.615516189020127,0.6876610580366105,9.995144283981062
32,2,3,13,9.615516189020127,9.997002518037334,0.381486329017207,9.995144283981062
32,2,4,1,5.512781645054929,6.074837559950538,0.562055914895609,9.995144283981062
32,2,4,2,6.074837559950538,6.63307620503474,0.5582386450842023,9.995144283981062
32,2,4,3,6.63307620503474,7.197741828975268,0.5646656239405274,9.995144283981062
32,2,4,4,7.197741828975268,7.754582991008647,0.5568411620333791,9.995144283981062
32,2,4,5,7.754582991008647,8.322794310981408,0.568211319972761,9.995144283981062
32,2,4,6,8.322794310981408,8.927577596041374,0.6047832850599661,9.995144283981062
32,2,4,7,8.927577596041374,9.61520348105114,0.6876258850097656,9.995144283981062
32,2,4,8,9.61520348105114,9.996783277951181,0.3815797969000414,9.995144283981062
32,2,5,1,1.0229843369452283,1.583001650054939,0.5600173131097108,9.995144283981062
32,2,5,2,1.583001650054939,2.149133665021509,0.5661320149665698,9.995144283981062
32,2,5,3,2.149133665021509,2.7027818700298667,0.5536482050083578,9.995144283981062
32,2,5,4,2.7027818700298667,3.272112441016361,0.5693305709864944,9.995144283981062
32,2,5,5,3.272112441016361,3.8260275550419465,0.5539151140255854,9.995144283981062
32,2,5,6,3.8260275550419465,4.394924354040995,0.5688967989990488,9.995144283981062
32,2,5,7,4.394924354040995,4.951830173027702,0.5569058189867064,9.995144283981062
32,2,5,8,4.951830173027702,5.510893107042648,0.5590629340149462,9.995144283981062
32,2,5,9,5.510893107042648,6.072913698037155,0.5620205909945071,9.995144283981062
32,2,5,10,6.072913698037155,6.631514250999317,0.5586005529621616,9.995144283981062
32,2,5,11,6.631514250999317,7.196382466005161,0.5648682150058448,9.995144283981062
32,2,5,12,7.196382466005161,7.7534295689547434,0.557047102949582,9.995144283981062
32,2,5,13,7.7534295689547434,8.321094074985012,0.567664506030269,9.995144283981062
32,2,5,14,8.321094074985012,8.925958920037374,0.6048648450523615,9.995144283981062
32,2,5,15,8.925958920037374,9.613649614038877,0.6876906940015033,9.995144283981062
32,2,5,16,9.613649614038877,9.995643262984231,0.3819936489453539,9.995144283981062
32,2,6,1,-0.11279674200341105,0.464901368948631,0.577698110952042,9.995144283981062
32,2,6,2,0.464901368948631,1.0230520239565521,0.5581506550079212,9.995144283981062
32,2,6,3,1.0230520239565521,1.583060648990795,0.5600086250342429,9.995144283981062
32,2,6,4,1.583060648990795,2.1492019039578736,0.5661412549670786,9.995144283981062
32,2,6,5,2.1492019039578736,2.7028409600025043,0.5536390560446307,9.995144283981062
32,2,6,6,2.7028409600025043,3.272506852983497,0.5696658929809928,9.995144283981062
32,2,6,7,3.272506852983497,3.8262113759992644,0.5537045230157673,9.995144283981062
32,2,6,8,3.8262113759992644,4.395333635970019,0.5691222599707544,9.995144283981062
32,2,6,9,4.395333635970019,4.953653468983248,0.5583198330132291,9.995144283981062
32,2,6,10,4.953653468983248,5.51312604395207,0.5594725749688223,9.995144283981062
32,2,6,11,5.51312604395207,6.07517775404267,0.5620517100906,9.995144283981062
32,2,6,12,6.07517775404267,6.633421372040175,0.5582436179975048,9.995144283981062
32,2,6,13,6.633421372040175,7.198010329040699,0.5645889570005238,9.995144283981062
32,2,6,14,7.198010329040699,7.755419892957434,0.5574095639167354,9.995144283981062
32,2,6,15,7.755419892957434,8.323242948041297,0.5678230550838634,9.995144283981062
32,2,6,16,8.323242948041297,8.92805164004676,0.604808692005463,9.995144283981062
32,2,6,17,8.92805164004676,9.615725020994432,0.6876733809476718,9.995144283981062
32,2,6,18,9.615725020994432,9.99717025400605,0.38144523301161826,9.995144283981062
32,2,7,1,1.5824369359761477,2.1481764720520005,0.5657395360758528,9.995144283981062
32,2,7,2,2.1481764720520005,2.7020407479722053,0.5538642759202048,9.995144283981062
32,2,7,3,2.7020407479722053,3.2712955760071054,0.5692548280349001,9.995144283981062
32,2,7,4,3.2712955760071054,3.824739236966707,0.5534436609596014,9.995144283981062
32,2,7,5,3.824739236966707,4.393708119052462,0.5689688820857555,9.995144283981062
32,2,7,6,4.393708119052462,4.953262811992317,0.5595546929398552,9.995144283981062
32,2,7,7,4.953262811992317,5.512310580001213,0.5590477680088952,9.995144283981062
32,2,7,8,5.512310580001213,6.074685181025416,0.562374601024203,9.995144283981062
32,2,7,9,6.074685181025416,6.6329496840480715,0.5582645030226558,9.995144283981062
32,2,7,10,6.6329496840480715,7.197631568997167,0.5646818849490955,9.995144283981062
32,2,7,11,7.197631568997167,7.754474436980672,0.5568428679835051,9.995144283981062
32,2,7,12,7.754474436980672,8.322428337996826,0.5679539010161534,9.995144283981062
32,2,7,13,8.322428337996826,8.927272376022302,0.604844038025476,9.995144283981062
32,2,7,14,8.927272376022302,9.61501548299566,0.6877431069733575,9.995144283981062
32,2,7,15,9.61501548299566,9.996615650947206,0.3816001679515466,9.995144283981062
32,2,8,1,5.511511672986671,6.07312200195156,0.561610328964889,9.995144283981062
32,2,8,2,6.07312200195156,6.63164667005185,0.55852466810029,9.995144283981062
32,2,8,3,6.63164667005185,7.1964958580210805,0.5648491879692301,9.995144283981062
32,2,8,4,7.1964958580210805,7.7535422400105745,0.557046381989494,9.995144283981062
32,2,8,5,7.7535422400105745,8.321215827018023,0.5676735870074481,9.995144283981062
32,2,8,6,8.321215827018023,8.926208019023761,0.6049921920057386,9.995144283981062
32,2,8,7,8.926208019023761,9.613801634986885,0.6875936159631237,9.995144283981062
32,2,8,8,9.613801634986885,9.99576115095988,0.38195951597299427,9.995144283981062
32,2,9,1,4.395200471975841,4.953595219994895,0.5583947480190545,9.995144283981062
32,2,9,2,4.953595219994895,5.513060925994068,0.5594657059991732,9.995144283981062
32,2,9,3,5.513060925994068,6.075119553948753,0.5620586279546842,9.995144283981062
32,2,9,4,6.075119553948753,6.63336040196009,0.5582408480113372,9.995144283981062
32,2,9,5,6.63336040196009,7.1979556230362505,0.5645952210761607,9.995144283981062
32,2,9,6,7.1979556230362505,7.755366859957576,0.5574112369213253,9.995144283981062
32,2,9,7,7.755366859957576,8.32319031294901,0.5678234529914334,9.995144283981062
32,2,9,8,8.32319031294901,8.927984546986409,0.6047942340373993,9.995144283981062
32,2,9,9,8.927984546986409,9.615662473952398,0.6876779269659892,9.995144283981062
32,2,9,10,9.615662473952398,9.997114939964376,0.3814524660119787,9.995144283981062
32,2,10,1,3.272437745006755,3.826148038962856,0.5537102939561009,9.995144283981062
32,2,10,2,3.826148038962856,4.395271720015444,0.5691236810525879,9.995144283981062
32,2,10,3,4.395271720015444,4.953381058992818,0.5581093389773741,9.995144283981062
32,2,10,4,4.953381058992818,5.512853321037255,0.5594722620444372,9.995144283981062
32,2,10,5,5.512853321037255,6.074896521051414,0.5620432000141591,9.995144283981062
32,2,10,6,6.074896521051414,6.633136715972796,0.5582401949213818,9.995144283981062
32,2,10,7,6.633136715972796,7.197794334962964,0.564657618990168,9.995144283981062
32,2,10,8,7.197794334962964,7.754635668010451,0.5568413330474868,9.995144283981062
32,2,10,9,7.754635668010451,8.322851605014876,0.5682159370044246,9.995144283981062
32,2,10,10,8.322851605014876,8.927648399956524,0.6047967949416488,9.995144283981062
32,2,10,11,8.927648399956524,9.615292925969698,0.6876445260131732,9.995144283981062
32,2,10,12,9.615292925969698,9.99683763901703,0.38154471304733306,9.995144283981062
32,2,11,1,4.952731283963658,5.511786625953391,0.5590553419897333,9.995144283981062
32,2,11,2,5.511786625953391,6.073426975985058,0.5616403500316665,9.995144283981062
32,2,11,3,6.073426975985058,6.632348258048296,0.5589212820632383,9.995144283981062
32,2,11,4,6.632348258048296,7.196798266028054,0.5644500079797581,9.995144283981062
32,2,11,5,7.196798266028054,7.753856986993924,0.5570587209658697,9.995144283981062
32,2,11,6,7.753856986993924,8.321509356959723,0.5676523699657992,9.995144283981062
32,2,11,7,8.321509356959723,8.9265581270447,0.6050487700849771,9.995144283981062
32,2,11,8,8.9265581270447,9.614317456958815,0.6877593299141154,9.995144283981062
32,2,11,9,9.614317456958815,9.996046578045934,0.381729121087119,9.995144283981062
32,2,12,1,2.1486956359585747,2.7022105950163677,0.553514959057793,9.995144283981062
32,2,12,2,2.7022105950163677,3.2713714899728075,0.5691608949564397,9.995144283981062
32,2,12,3,3.2713714899728075,3.8248149399878457,0.5534434500150383,9.995144283981062
32,2,12,4,3.8248149399878457,4.393783778999932,0.5689688390120864,9.995144283981062
32,2,12,5,4.393783778999932,4.952800574945286,0.5590167959453538,9.995144283981062
32,2,12,6,4.952800574945286,5.511845672968775,0.5590450980234891,9.995144283981062
32,2,12,7,5.511845672968775,6.073489389964379,0.5616437169956043,9.995144283981062
32,2,12,8,6.073489389964379,6.63241233502049,0.5589229450561106,9.995144283981062
32,2,12,9,6.63241233502049,7.1968519520014524,0.5644396169809625,9.995144283981062
32,2,12,10,7.1968519520014524,7.753911077044904,0.5570591250434518,9.995144283981062
32,2,12,11,7.753911077044904,8.321565320016816,0.567654242971912,9.995144283981062
32,2,12,12,8.321565320016816,8.92662076302804,0.6050554430112243,9.995144283981062
32,2,12,13,8.92662076302804,9.614391105016693,0.687770341988653,9.995144283981062
32,2,12,14,9.614391105016693,9.996103910030797,0.38171280501410365,9.995144283981062
32,2,13,1,8.322369497036561,8.927195438998751,0.60482594196219,9.995144283981062
32,2,13,2,8.927195438998751,9.614950404968113,0.6877549659693614,9.995144283981062
32,2,13,3,9.614950404968113,9.996559528051876,0.3816091230837628,9.995144283981062
32,2,14,1,0.46569059300236404,1.022651663981378,0.556961070979014,9.995144283981062
32,2,14,2,1.022651663981378,1.5826228039804846,0.5599711399991065,9.995144283981062
32,2,14,3,1.5826228039804846,2.148942532017827,0.5663197280373424,9.995144283981062
32,2,14,4,2.148942532017827,2.702656641951762,0.5537141099339351,9.995144283981062
32,2,14,5,2.702656641951762,3.2719880619551986,0.5693314200034365,9.995144283981062
32,2,14,6,3.2719880619551986,3.825898502022028,0.5539104400668293,9.995144283981062
32,2,14,7,3.825898502022028,4.394418466952629,0.5685199649306014,9.995144283981062
32,2,14,8,4.394418466952629,4.953137423959561,0.5587189570069313,9.995144283981062
32,2,14,9,4.953137423959561,5.512165918014944,0.5590284940553829,9.995144283981062
32,2,14,10,5.512165918014944,6.074145084014162,0.5619791659992188,9.995144283981062
32,2,14,11,6.074145084014162,6.632683139992878,0.5585380559787154,9.995144283981062
32,2,14,12,6.632683139992878,7.197464287048206,0.5647811470553279,9.995144283981062
32,2,14,13,7.197464287048206,7.754289839998819,0.5568255529506132,9.995144283981062
32,2,14,14,7.754289839998819,8.321891024941579,0.5676011849427596,9.995144283981062
32,2,14,15,8.321891024941579,8.92696889094077,0.605077865999192,9.995144283981062
32,2,14,16,8.92696889094077,9.61473497201223,0.6877660810714588,9.995144283981062
32,2,14,17,9.61473497201223,9.99638921301812,0.38165424100589007,9.995144283981062
32,2,15,1,1.0233294270001352,1.5831403969787061,0.5598109699785709,9.995144283981062
32,2,15,2,1.5831403969787061,2.149732594960369,0.566592197981663,9.995144283981062
32,2,15,3,2.149732594960369,2.7030071549816057,0.5532745600212365,9.995144283981062
32,2,15,4,2.7030071549816057,3.272636336972937,0.5696291819913313,9.995144283981062
32,2,15,5,3.272636336972937,3.826340432977304,0.5537040960043669,9.995144283981062
32,2,15,6,3.826340432977304,4.395454462966882,0.5691140299895778,9.995144283981062
32,2,15,7,4.395454462966882,4.952241256949492,0.5567867939826101,9.995144283981062
32,2,15,8,4.952241256949492,5.511582551989704,0.5593412950402126,9.995144283981062
32,2,15,9,5.511582551989704,6.0731915780343115,0.5616090260446072,9.995144283981062
32,2,15,10,6.0731915780343115,6.631710642948747,0.5585190649144351,9.995144283981062
32,2,15,11,6.631710642948747,7.19655195705127,0.564841314102523,9.995144283981062
32,2,15,12,7.19655195705127,7.7536000000545755,0.5570480430033058,9.995144283981062
32,2,15,13,7.7536000000545755,8.321279980009422,0.5676799799548462,9.995144283981062
32,2,15,14,8.321279980009422,8.926290247007273,0.6050102669978514,9.995144283981062
32,2,15,15,8.926290247007273,9.61399890598841,0.687708658981137,9.995144283981062
32,2,15,16,9.61399890598841,9.995820663985796,0.38182175799738616,9.995144283981062
32,2,16,1,3.825389261939563,4.394074394949712,0.568685133010149,9.995144283981062
32,2,16,2,4.394074394949712,4.953321728040464,0.5592473330907524,9.995144283981062
32,2,16,3,4.953321728040464,5.5124085049610585,0.5590867769205943,9.995144283981062
32,2,16,4,5.5124085049610585,6.0747462779982015,0.562337773037143,9.995144283981062
32,2,16,5,6.0747462779982015,6.633013193961233,0.5582669159630314,9.995144283981062
32,2,16,6,6.633013193961233,7.197686617961153,0.5646734239999205,9.995144283981062
32,2,16,7,7.197686617961153,7.75452853704337,0.5568419190822169,9.995144283981062
32,2,16,8,7.75452853704337,8.322740062954836,0.5682115259114653,9.995144283981062
32,2,16,9,8.322740062954836,8.927499949000776,0.6047598860459402,9.995144283981062
32,2,16,10,8.927499949000776,9.615141429007053,0.6876414800062776,9.995144283981062
32,2,16,11,9.615141429007053,9.996728428988717,0.3815869999816641,9.995144283981062
32,2,17,1,7.198282925994135,7.7554979850538075,0.5572150590596721,9.995144283981062
32,2,17,2,7.7554979850538075,8.323309445986524,0.5678114609327167,9.995144283981062
32,2,17,3,8.323309445986524,8.928121389006265,0.6048119430197403,9.995144283981062
32,2,17,4,8.928121389006265,9.615789678995498,0.687668289989233,9.995144283981062
32,2,17,5,9.615789678995498,9.997224890976213,0.3814352119807154,9.995144283981062
32,2,18,1,7.197297677048482,7.754174281028099,0.5568766039796174,9.995144283981062
32,2,18,2,7.754174281028099,8.321780396974646,0.5676061159465462,9.995144283981062
32,2,18,3,8.321780396974646,8.92684539000038,0.605064993025735,9.995144283981062
32,2,18,4,8.92684539000038,9.614597853971645,0.6877524639712647,9.995144283981062
32,2,18,5,9.614597853971645,9.99627760401927,0.3816797500476241,9.995144283981062
32,2,19,1,3.8257550100097433,4.394188037025742,0.568433027015999,9.995144283981062
32,2,19,2,4.394188037025742,4.9529707479523495,0.5587827109266073,9.995144283981062
32,2,19,3,4.9529707479523495,5.511969925020821,0.5589991770684719,9.995144283981062
32,2,19,4,5.511969925020821,6.073991294950247,0.5620213699294254,9.995144283981062
32,2,19,5,6.073991294950247,6.632547729997896,0.5585564350476488,9.995144283981062
32,2,19,6,6.632547729997896,7.197005345951766,0.5644576159538701,9.995144283981062
32,2,19,7,7.197005345951766,7.754091794951819,0.5570864490000531,9.995144283981062
32,2,19,8,7.754091794951819,8.321720052976161,0.5676282580243424,9.995144283981062
32,2,19,9,8.321720052976161,8.926759995054454,0.6050399420782924,9.995144283981062
32,2,19,10,8.926759995054454,9.614528944017366,0.687768948962912,9.995144283981062
32,2,19,11,9.614528944017366,9.996215975959785,0.3816870319424197,9.995144283981062
32,2,20,1,1.5828982900129631,2.149051640997641,0.5661533509846777,9.995144283981062
32,2,20,2,2.149051640997641,2.7027213850524276,0.5536697440547869,9.995144283981062
32,2,20,3,2.7027213850524276,3.27205213799607,0.5693307529436424,9.995144283981062
32,2,20,4,3.27205213799607,3.825965116964653,0.553912978968583,9.995144283981062
32,2,20,5,3.825965116964653,4.3944887990364805,0.5685236820718274,9.995144283981062
32,2,20,6,4.3944887990364805,4.95170821796637,0.5572194189298898,9.995144283981062
32,2,20,7,4.95170821796637,5.5107119110180065,0.5590036930516362,9.995144283981062
32,2,20,8,5.5107119110180065,6.072827919968404,0.5621160089503974,9.995144283981062
32,2,20,9,6.072827919968404,6.631438171956688,0.5586102519882843,9.995144283981062
32,2,20,10,6.631438171956688,7.196321628987789,0.564883457031101,9.995144283981062
32,2,20,11,7.196321628987789,7.753367861965671,0.557046232977882,9.995144283981062
32,2,20,12,7.753367861965671,8.32102826202754,0.5676604000618681,9.995144283981062
32,2,20,13,8.32102826202754,8.925861031981185,0.6048327699536458,9.995144283981062
32,2,20,14,8.925861031981185,9.613550181034952,0.6876891490537673,9.995144283981062
32,2,20,15,9.613550181034952,9.995448744972236,0.38189856393728405,9.995144283981062
32,2,21,1,6.07460596493911,6.632889688946307,0.5582837240071967,9.995144283981062
32,2,21,2,6.632889688946307,7.197578652994707,0.5646889640484005,9.995144283981062
32,2,21,3,7.197578652994707,7.754420266021043,0.5568416130263358,9.995144283981062
32,2,21,4,7.754420266021043,8.322074873023666,0.5676546070026234,9.995144283981062
32,2,21,5,8.322074873023666,8.927097760955803,0.6050228879321367,9.995144283981062
32,2,21,6,8.927097760955803,9.61487416503951,0.6877764040837064,9.995144283981062
32,2,21,7,9.61487416503951,9.99650124704931,0.3816270820097998,9.995144283981062
32,2,22,3,-0.11264093697536737,0.4654060760512948,0.5780470130266622,9.995144283981062
32,2,22,4,0.4654060760512948,1.0225541359977797,0.5571480599464849,9.995144283981062
32,2,22,5,1.0225541359977797,1.582555172033608,0.5600010360358283,9.995144283981062
32,2,22,6,1.582555172033608,2.148862784029916,0.566307611996308,9.995144283981062
32,2,22,7,2.148862784029916,2.702592608053237,0.5537298240233213,9.995144283981062
32,2,22,8,2.702592608053237,3.271920799044892,0.569328190991655,9.995144283981062
32,2,22,9,3.271920799044892,3.825830684043467,0.5539098849985749,9.995144283981062
32,2,22,10,3.825830684043467,4.394349850947037,0.5685191669035703,9.995144283981062
32,2,22,11,4.394349850947037,4.953499575029127,0.55914972408209,9.995144283981062
32,2,22,12,4.953499575029127,5.512988999020308,0.559489423991181,9.995144283981062
32,2,22,13,5.512988999020308,6.075058785034344,0.5620697860140353,9.995144283981062
32,2,22,14,6.075058785034344,6.633279299014248,0.5582205139799044,9.995144283981062
32,2,22,15,6.633279299014248,7.197902102023363,0.5646228030091152,9.995144283981062
32,2,22,16,7.197902102023363,7.7553123199613765,0.5574102179380134,9.995144283981062
32,2,22,17,7.7553123199613765,8.323135838960297,0.5678235189989209,9.995144283981062
32,2,22,18,8.323135838960297,8.927920426009223,0.6047845870489255,9.995144283981062
32,2,22,19,8.927920426009223,9.615582486032508,0.6876620600232854,9.995144283981062
32,2,22,20,9.615582486032508,9.99705962697044,0.38147714093793184,9.995144283981062
32,2,23,1,3.2716916990466416,3.8249196800170466,0.553227980970405,9.995144283981062
32,2,23,2,3.8249196800170466,4.393895272980444,0.5689755929633975,9.995144283981062
32,2,23,3,4.393895272980444,4.952862565987743,0.5589672930072993,9.995144283981062
32,2,23,4,4.952862565987743,5.511902490048669,0.5590399240609258,9.995144283981062
32,2,23,5,5.511902490048669,6.0738973369589075,0.5619948469102383,9.995144283981062
32,2,23,6,6.0738973369589075,6.632479293039069,0.558581956080161,9.995144283981062
32,2,23,7,6.632479293039069,7.196947033982724,0.5644677409436554,9.995144283981062
32,2,23,8,7.196947033982724,7.754035493009724,0.5570884590269998,9.995144283981062
32,2,23,9,7.754035493009724,8.321661173948087,0.5676256809383631,9.995144283981062
32,2,23,10,8.321661173948087,8.926697573973797,0.6050364000257105,9.995144283981062
32,2,23,11,8.926697573973797,9.614454022957943,0.6877564489841461,9.995144283981062
32,2,23,12,9.614454022957943,9.99616141396109,0.38170739100314677,9.995144283981062
32,2,24,1,8.322684495011345,8.927363328053616,0.6046788330422714,9.995144283981062
32,2,24,2,8.927363328053616,9.615078457980417,0.6877151299268007,9.995144283981062
32,2,24,3,9.615078457980417,9.996671266970225,0.38159280898980796,9.995144283981062
32,2,25,1,4.394853909034282,4.953077787999064,0.5582238789647818,9.995144283981062
32,2,25,2,4.953077787999064,5.512036190950312,0.558958402951248,9.995144283981062
32,2,25,3,5.512036190950312,6.0740580869605765,0.5620218960102648,9.995144283981062
32,2,25,4,6.0740580869605765,6.6326148740481585,0.558556787087582,9.995144283981062
32,2,25,5,6.6326148740481585,7.197358204983175,0.5647433309350163,9.995144283981062
32,2,25,6,7.197358204983175,7.7542274839943275,0.5568692790111527,9.995144283981062
32,2,25,7,7.7542274839943275,8.321835262002423,0.5676077780080959,9.995144283981062
32,2,25,8,8.321835262002423,8.92690699303057,0.605071731028147,9.995144283981062
32,2,25,9,8.92690699303057,9.614670319017023,0.6877633259864524,9.995144283981062
32,2,25,10,9.614670319017023,9.996333134942688,0.3816628159256652,9.995144283981062
32,2,26,1,6.073828425025567,6.6313458839431405,0.5575174589175731,9.995144283981062
32,2,26,2,6.6313458839431405,7.196207131026313,0.5648612470831722,9.995144283981062
32,2,26,3,7.196207131026313,7.753291132044978,0.5570840010186657,9.995144283981062
32,2,26,4,7.753291132044978,8.320907728048041,0.567616596003063,9.995144283981062
32,2,26,5,8.320907728048041,8.925775849958882,0.6048681219108403,9.995144283981062
32,2,26,6,8.925775849958882,9.613451433018781,0.6876755830598995,9.995144283981062
32,2,26,7,9.613451433018781,9.995387317962013,0.38193588494323194,9.995144283981062
32,2,27,1,7.75491862394847,8.322939272038639,0.5680206480901688,9.995144283981062
32,2,27,2,8.322939272038639,8.927714542020112,0.6047752699814737,9.995144283981062
32,2,27,3,8.927714542020112,9.615354817011394,0.6876402749912813,9.995144283981062
32,2,27,4,9.615354817011394,9.99689158203546,0.38153676502406597,9.995144283981062
32,2,28,1,6.631152843940072,7.196084090974182,0.5649312470341101,9.995144283981062
32,2,28,2,7.196084090974182,7.753125977003947,0.557041886029765,9.995144283981062
32,2,28,3,7.753125977003947,8.320778412045911,0.567652435041964,9.995144283981062
32,2,28,4,8.320778412045911,8.925583436037414,0.6048050239915028,9.995144283981062
32,2,28,5,8.925583436037414,9.613208477967419,0.687625041930005,9.995144283981062
32,2,28,6,9.613208477967419,9.99531847203616,0.3821099940687418,9.995144283981062
32,2,29,1,6.632081608986482,7.196636107983068,0.5645544989965856,9.995144283981062
32,2,29,2,7.196636107983068,7.7536599319428205,0.5570238239597529,9.995144283981062
32,2,29,3,7.7536599319428205,8.32133961794898,0.5676796860061586,9.995144283981062
32,2,29,4,8.32133961794898,8.92635856801644,0.6050189500674605,9.995144283981062
32,2,29,5,8.92635856801644,9.61407304997556,0.6877144819591194,9.995144283981062
32,2,29,6,9.61407304997556,9.995878034969792,0.38180498499423265,9.995144283981062
32,2,30,1,4.9521576119586825,5.511029951041564,0.5588723390828818,9.995144283981062
32,2,30,2,5.511029951041564,6.073002230026759,0.5619722789851949,9.995144283981062
32,2,30,3,6.073002230026759,6.631581221008673,0.5585789909819141,9.995144283981062
32,2,30,4,6.631581221008673,7.196439711027779,0.5648584900191054,9.995144283981062
32,2,30,5,7.196439711027779,7.753485093940981,0.557045382913202,9.995144283981062
32,2,30,6,7.753485093940981,8.32115606998559,0.5676709760446101,9.995144283981062
32,2,30,7,8.32115606998559,8.926031170994975,0.6048751010093838,9.995144283981062
32,2,30,8,8.926031170994975,9.613724712980911,0.6876935419859365,9.995144283981062
32,2,30,9,9.613724712980911,9.995703603955917,0.3819788909750059,9.995144283981062
32,2,31,1,7.755193343968131,8.32302192505449,0.5678285810863599,9.995144283981062
32,2,31,2,8.32302192505449,8.92778859497048,0.604766669915989,9.995144283981062
32,2,31,3,8.92778859497048,9.615452319034375,0.6876637240638956,9.995144283981062
32,2,31,4,9.615452319034375,9.99694714997895,0.38149483094457537,9.995144283981062
32,3,0,1,3.8120088459691033,4.377788531011902,0.5657796850427985,9.991536299930885
32,3,0,2,4.377788531011902,4.934072447940707,0.5562839169288054,9.991536299930885
32,3,0,3,4.934072447940707,5.499313800944947,0.5652413530042395,9.991536299930885
32,3,0,4,5.499313800944947,6.059744167025201,0.5604303660802543,9.991536299930885
32,3,0,5,6.059744167025201,6.622126991976984,0.5623828249517828,9.991536299930885
32,3,0,6,6.622126991976984,7.187931081978604,0.5658040900016204,9.991536299930885
32,3,0,7,7.187931081978604,7.748169534956105,0.5602384529775009,9.991536299930885
32,3,0,8,7.748169534956105,8.310670127975754,0.5625005930196494,9.991536299930885
32,3,0,9,8.310670127975754,8.91732981603127,0.6066596880555153,9.991536299930885
32,3,0,10,8.91732981603127,9.608303109998815,0.690973293967545,9.991536299930885
32,3,0,11,9.608303109998815,9.993308634031564,0.38500552403274924,9.991536299930885
32,3,1,2,-0.1216598809696734,0.4551454270258546,0.576805307995528,9.991536299930885
32,3,1,3,0.4551454270258546,1.0114202899858356,0.556274862959981,9.991536299930885
32,3,1,4,1.0114202899858356,1.5740232239477336,0.5626029339618981,9.991536299930885
32,3,1,5,1.5740232239477336,2.1363549230154604,0.5623316990677267,9.991536299930885
32,3,1,6,2.1363549230154604,2.6905358559451997,0.5541809329297394,9.991536299930885
32,3,1,7,2.6905358559451997,3.2589936449658126,0.5684577890206128,9.991536299930885
32,3,1,8,3.2589936449658126,3.8123738770373166,0.553380232071504,9.991536299930885
32,3,1,9,3.8123738770373166,4.378302173921838,0.5659282968845218,9.991536299930885
32,3,1,10,4.378302173921838,4.93417987797875,0.5558777040569112,9.991536299930885
32,3,1,11,4.93417987797875,5.49946193699725,0.5652820590185001,9.991536299930885
32,3,1,12,5.49946193699725,6.060183134977706,0.560721197980456,9.991536299930885
32,3,1,13,6.060183134977706,6.622352577978745,0.5621694430010393,9.991536299930885
32,3,1,14,6.622352577978745,7.188152908929624,0.5658003309508786,9.991536299930885
32,3,1,15,7.188152908929624,7.74837425199803,0.560221343068406,9.991536299930885
32,3,1,16,7.74837425199803,8.31088744092267,0.5625131889246404,9.991536299930885
32,3,1,17,8.31088744092267,8.917551544029266,0.6066641031065956,9.991536299930885
32,3,1,18,8.917551544029266,9.60850475600455,0.6909532119752839,9.991536299930885
32,3,1,19,9.60850475600455,9.99353863694705,0.3850338809425011,9.991536299930885
32,3,2,1,1.5739372739335522,2.1362816559849307,0.5623443820513785,9.991536299930885
32,3,2,2,2.1362816559849307,2.6904740310274065,0.5541923750424758,9.991536299930885
32,3,2,3,2.6904740310274065,3.258915690938011,0.5684416599106044,9.991536299930885
32,3,2,4,3.258915690938011,3.812316332012415,0.5534006410744041,9.991536299930885
32,3,2,5,3.812316332012415,4.378252411959693,0.5659360799472779,9.991536299930885
32,3,2,6,4.378252411959693,4.934018741012551,0.555766329052858,9.991536299930885
32,3,2,7,4.934018741012551,5.498829549993388,0.5648108089808375,9.991536299930885
32,3,2,8,5.498829549993388,6.059560355963185,0.5607308059697971,9.991536299930885
32,3,2,9,6.059560355963185,6.622009912971407,0.5624495570082217,9.991536299930885
32,3,2,10,6.622009912971407,7.187751371995546,0.5657414590241387,9.991536299930885
32,3,2,11,7.187751371995546,7.748035894939676,0.56028452294413,9.991536299930885
32,3,2,12,7.748035894939676,8.3105385589879,0.5625026640482247,9.991536299930885
32,3,2,13,8.3105385589879,8.91720152599737,0.6066629670094699,9.991536299930885
32,3,2,14,8.91720152599737,9.608172817970626,0.6909712919732556,9.991536299930885
32,3,2,15,9.608172817970626,9.993153029005043,0.38498021103441715,9.991536299930885
32,3,3,1,6.060117034940049,6.622292808024213,0.5621757730841637,9.991536299930885
32,3,3,2,6.622292808024213,7.188084573019296,0.5657917649950832,9.991536299930885
32,3,3,3,7.188084573019296,7.748304634937085,0.5602200619177893,9.991536299930885
32,3,3,4,7.748304634937085,8.310801547020674,0.5624969120835885,9.991536299930885
32,3,3,5,8.310801547020674,8.917490066960454,0.6066885199397802,9.991536299930885
32,3,3,6,8.917490066960454,9.608433953952044,0.6909438869915903,9.991536299930885
32,3,3,7,9.608433953952044,9.993462875951082,0.38502892199903727,9.991536299930885
32,3,4,1,5.499216780997813,6.059682642924599,0.5604658619267866,9.991536299930885
32,3,4,2,6.059682642924599,6.622068936936557,0.5623862940119579,9.991536299930885
32,3,4,3,6.622068936936557,7.187860262929462,0.5657913259929046,9.991536299930885
32,3,4,4,7.187860262929462,7.748103574034758,0.560243311105296,9.991536299930885
32,3,4,5,7.748103574034758,8.310604639002122,0.5625010649673641,9.991536299930885
32,3,4,6,8.310604639002122,8.917266311007552,0.6066616720054299,9.991536299930885
32,3,4,7,8.917266311007552,9.608238263987005,0.6909719529794529,9.991536299930885
32,3,4,8,9.608238263987005,9.993230390013196,0.3849921260261908,9.991536299930885
32,3,5,1,7.1864136619260535,7.7459006059216335,0.5594869439955801,9.991536299930885
32,3,5,2,7.7459006059216335,8.308116580010392,0.5622159740887582,9.991536299930885
32,3,5,3,8.308116580010392,8.91556439397391,0.6074478139635175,9.991536299930885
32,3,5,4,8.91556439397391,9.606594802928157,0.6910304089542478,9.991536299930885
32,3,5,5,9.606594802928157,9.990111934952438,0.3835171320242807,9.991536299930885
32,3,5,6,9.990111934952438,9.994285978958942,0.0041740440065041184,9.991536299930885
32,3,6,1,1.5735599539475515,2.1361838849261403,0.5626239309785888,9.991536299930885
32,3,6,2,2.1361838849261403,2.6901248649228364,0.5539409799966961,9.991536299930885
32,3,6,3,2.6901248649228364,3.2583585439715534,0.568233679048717,9.991536299930885
32,3,6,4,3.2583585439715534,3.812109002028592,0.5537504580570385,9.991536299930885
32,3,6,5,3.812109002028592,4.377843459020369,0.5657344569917768,9.991536299930885
32,3,6,6,4.377843459020369,4.934126642998308,0.5562831839779392,9.991536299930885
32,3,6,7,4.934126642998308,5.499403598019853,0.5652769550215453,9.991536299930885
32,3,6,8,5.499403598019853,6.059806433971971,0.560402835952118,9.991536299930885
32,3,6,9,6.059806433971971,6.6221847790293396,0.5623783450573683,9.991536299930885
32,3,6,10,6.6221847790293396,7.188016055035405,0.5658312760060653,9.991536299930885
32,3,6,11,7.188016055035405,7.748239413951524,0.5602233589161187,9.991536299930885
32,3,6,12,7.748239413951524,8.310735604027286,0.5624961900757626,9.991536299930885
32,3,6,13,8.310735604027286,8.917414417024702,0.6066788129974157,9.991536299930885
32,3,6,14,8.917414417024702,9.608369768946432,0.6909553519217297,9.991536299930885
32,3,6,15,9.608369768946432,9.99338518793229,0.38501541898585856,9.991536299930885
32,3,7,1,6.6216507779899985,7.187300386023708,0.5656496080337092,9.991536299930885
32,3,7,2,7.187300386023708,7.747127237962559,0.5598268519388512,9.991536299930885
32,3,7,3,7.747127237962559,8.310005903011188,0.562878665048629,9.991536299930885
32,3,7,4,8.310005903011188,8.916688569937833,0.6066826669266447,9.991536299930885
32,3,7,5,8.916688569937833,9.607680396991782,0.6909918270539492,9.991536299930885
32,3,7,6,9.607680396991782,9.992541276034899,0.38486087904311717,9.991536299930885
32,3,8,1,2.1360475359251723,2.690062482957728,0.5540149470325559,9.991536299930885
32,3,8,2,2.690062482957728,3.2582841649418697,0.5682216819841415,9.991536299930885
32,3,8,3,3.2582841649418697,3.811722396989353,0.5534382320474833,9.991536299930885
32,3,8,4,3.811722396989353,4.377397636999376,0.5656752400100231,9.991536299930885
32,3,8,5,4.377397636999376,4.932868454954587,0.5554708179552108,9.991536299930885
32,3,8,6,4.932868454954587,5.49761830503121,0.5647498500766233,9.991536299930885
32,3,8,7,5.49761830503121,6.058793555013835,0.5611752499826252,9.991536299930885
32,3,8,8,6.058793555013835,6.6210657430347055,0.5622721880208701,9.991536299930885
32,3,8,9,6.6210657430347055,7.186811993946321,0.5657462509116158,9.991536299930885
32,3,8,10,7.186811993946321,7.746710108942352,0.5598981149960309,9.991536299930885
32,3,8,11,7.746710108942352,8.309477117960341,0.562767009017989,9.991536299930885
32,3,8,12,8.309477117960341,8.916211418923922,0.6067343009635806,9.991536299930885
32,3,8,13,8.916211418923922,9.607171321986243,0.6909599030623212,9.991536299930885
32,3,8,14,9.607171321986243,9.9921757329721,0.38500441098585725,9.991536299930885
32,3,9,1,7.185709006036632,7.745530223939568,0.559821217902936,9.991536299930885
32,3,9,2,7.745530223939568,8.307740150019526,0.5622099260799587,9.991536299930885
32,3,9,3,8.307740150019526,8.915251040016301,0.6075108899967745,9.991536299930885
32,3,9,4,8.915251040016301,9.606259383028373,0.6910083430120721,9.991536299930885
32,3,9,5,9.606259383028373,9.989862186950631,0.3836028039222583,9.991536299930885
32,3,9,6,9.989862186950631,9.994119124952704,0.004256938002072275,9.991536299930885
32,3,10,1,6.058529737987556,6.620877046952955,0.5623473089653999,9.991536299930885
32,3,10,2,6.620877046952955,7.18657553801313,0.565698491060175,9.991536299930885
32,3,10,3,7.18657553801313,7.746489388984628,0.5599138509714976,9.991536299930885
32,3,10,4,7.746489388984628,8.30885244300589,0.5623630540212616,9.991536299930885
32,3,10,5,8.30885244300589,8.915894435951486,0.6070419929455966,9.991536299930885
32,3,10,6,8.915894435951486,9.6068768450059,0.6909824090544134,9.991536299930885
32,3,10,7,9.6068768450059,9.991918461979367,0.38504161697346717,9.991536299930885
32,3,11,1,3.257787356036715,3.8110551920253783,0.5532678359886631,9.991536299930885
32,3,11,2,3.8110551920253783,4.377007536939345,0.565952344913967,9.991536299930885
32,3,11,3,4.377007536939345,4.933321767952293,0.5563142310129479,9.991536299930885
32,3,11,4,4.933321767952293,5.49829380097799,0.5649720330256969,9.991536299930885
32,3,11,5,5.49829380097799,6.059098719037138,0.5608049180591479,9.991536299930885
32,3,11,6,6.059098719037138,6.621303570922464,0.5622048518853262,9.991536299930885
32,3,11,7,6.621303570922464,7.1871174819534644,0.5658139110310003,9.991536299930885
32,3,11,8,7.1871174819534644,7.746991790947504,0.5598743089940399,9.991536299930885
32,3,11,9,7.746991790947504,8.309758535935543,0.5627667449880391,9.991536299930885
32,3,11,10,8.309758535935543,8.91648599493783,0.6067274590022862,9.991536299930885
32,3,11,11,8.91648599493783,9.607475997996517,0.6909900030586869,9.991536299930885
32,3,11,12,9.607475997996517,9.992421792005189,0.38494579400867224,9.991536299930885
32,3,12,1,8.309320335974917,8.916082918993197,0.6067625830182806,9.991536299930885
32,3,12,2,8.916082918993197,9.607027316931635,0.6909443979384378,9.991536299930885
32,3,12,3,9.607027316931635,9.992053192923777,0.38502587599214166,9.991536299930885
32,3,13,1,3.2588179879821837,3.812257735989988,0.5534397480078042,9.991536299930885
32,3,13,2,3.812257735989988,4.378203401924111,0.5659456659341231,9.991536299930885
32,3,13,3,4.378203401924111,4.932562503963709,0.5543591020395979,9.991536299930885
32,3,13,4,4.932562503963709,5.497198153985664,0.5646356500219554,9.991536299930885
32,3,13,5,5.497198153985664,6.058111174032092,0.5609130200464278,9.991536299930885
32,3,13,6,6.058111174032092,6.620620177011006,0.5625090029789135,9.991536299930885
32,3,13,7,6.620620177011006,7.186005863943137,0.5653856869321316,9.991536299930885
32,3,13,8,7.186005863943137,7.745781993959099,0.5597761300159618,9.991536299930885
32,3,13,9,7.745781993959099,8.308040053932928,0.5622580599738285,9.991536299930885
32,3,13,10,8.308040053932928,8.915492970030755,0.6074529160978273,9.991536299930885
32,3,13,11,8.915492970030755,9.606498957960866,0.6910059879301116,9.991536299930885
32,3,13,12,9.606498957960866,9.990052549983375,0.3835535920225084,9.991536299930885
32,3,13,13,9.990052549983375,9.994231435935944,0.004178885952569544,9.991536299930885
32,3,14,1,0.4559439260046929,1.0108155850321054,0.5548716590274125,9.991536299930885
32,3,14,2,1.0108155850321054,1.572867744951509,0.5620521599194035,9.991536299930885
32,3,14,3,1.572867744951509,2.1354165750090033,0.5625488300574943,9.991536299930885
32,3,14,4,2.1354165750090033,2.6898373139556497,0.5544207389466465,9.991536299930885
32,3,14,5,2.6898373139556497,3.258061444037594,0.5682241300819442,9.991536299930885
32,3,14,6,3.258061444037594,3.8115464570000768,0.5534850129624829,9.991536299930885
32,3,14,7,3.8115464570000768,4.377214821986854,0.5656683649867773,9.991536299930885
32,3,14,8,4.377214821986854,4.932355856988579,0.555141035001725,9.991536299930885
32,3,14,9,4.932355856988579,5.496897961013019,0.56454210402444,9.991536299930885
32,3,14,10,5.496897961013019,6.057899103034288,0.5610011420212686,9.991536299930885
32,3,14,11,6.057899103034288,6.620469794957899,0.5625706919236109,9.991536299930885
32,3,14,12,6.620469794957899,7.18523947102949,0.5647696760715917,9.991536299930885
32,3,14,13,7.18523947102949,7.745378236984834,0.5601387659553438,9.991536299930885
32,3,14,14,7.745378236984834,8.307631140924059,0.5622529039392248,9.991536299930885
32,3,14,15,8.307631140924059,8.91517216397915,0.6075410230550915,9.991536299930885
32,3,14,16,8.91517216397915,9.60617462801747,0.6910024640383199,9.991536299930885
32,3,14,17,9.60617462801747,9.989798065973446,0.38362343795597553,9.991536299930885
32,3,14,18,9.989798065973446,9.994062562007457,0.004264496034011245,9.991536299930885
32,3,15,1,6.620255290996283,7.184968865010887,0.5647135740146041,9.991536299930885
32,3,15,2,7.184968865010887,7.745162570034154,0.5601937050232664,9.991536299930885
32,3,15,3,7.745162570034154,8.307428007945418,0.5622654379112646,9.991536299930885
32,3,15,4,8.307428007945418,8.914977409993298,0.60754940204788,9.991536299930885
32,3,15,5,8.914977409993298,9.605985178030096,0.6910077680367976,9.991536299930885
32,3,15,6,9.605985178030096,9.989729017950594,0.38374383992049843,9.991536299930885
32,3,15,7,9.989729017950594,9.993996551027521,0.004267533076927066,9.991536299930885
32,3,16,1,8.308769586961716,8.915825373027474,0.6070557860657573,9.991536299930885
32,3,16,2,8.915825373027474,9.60680291603785,0.6909775430103764,9.991536299930885
32,3,16,3,9.60680291603785,9.991856476990506,0.38505356095265597,9.991536299930885
32,3,17,1,7.747874801978469,8.31039423495531,0.5625194329768419,9.991536299930885
32,3,17,2,8.31039423495531,8.917058742023073,0.6066645070677623,9.991536299930885
32,3,17,3,8.917058742023073,9.608037550933659,0.6909788089105859,9.991536299930885
32,3,17,4,9.608037550933659,9.99299570301082,0.3849581520771608,9.991536299930885
32,3,18,1,4.377672577975318,4.933584925951436,0.5559123479761183,9.991536299930885
32,3,18,2,4.933584925951436,5.498588767950423,0.5650038419989869,9.991536299930885
32,3,18,3,5.498588767950423,6.059337159967981,0.5607483920175582,9.991536299930885
32,3,18,4,6.059337159967981,6.62183215492405,0.5624949949560687,9.991536299930885
32,3,18,5,6.62183215492405,7.187536558951251,0.5657044040272012,9.991536299930885
32,3,18,6,7.187536558951251,7.747410858981311,0.5598743000300601,9.991536299930885
32,3,18,7,7.747410858981311,8.310206220950931,0.56279536196962,9.991536299930885
32,3,18,8,8.310206220950931,8.916905913036317,0.6066996920853853,9.991536299930885
32,3,18,9,8.916905913036317,9.607900887029245,0.6909949739929289,9.991536299930885
32,3,18,10,9.607900887029245,9.992830293951556,0.3849294069223106,9.991536299930885
32,3,19,1,1.0112506409641355,1.5730666209710762,0.5618159800069407,9.991536299930885
32,3,19,2,1.5730666209710762,2.135500201024115,0.5624335800530389,9.991536299930885
32,3,19,3,2.135500201024115,2.6899057049304247,0.5544055039063096,9.991536299930885
32,3,19,4,2.6899057049304247,3.2581365020014346,0.5682307970710099,9.991536299930885
32,3,19,5,3.2581365020014346,3.811603595968336,0.5534670939669013,9.991536299930885
32,3,19,6,3.811603595968336,4.377267622970976,0.5656640270026401,9.991536299930885
32,3,19,7,4.377267622970976,4.932810329017229,0.5555427060462534,9.991536299930885
32,3,19,8,4.932810329017229,5.497532952926122,0.5647226239088923,9.991536299930885
32,3,19,9,5.497532952926122,6.05867702094838,0.5611440680222586,9.991536299930885
32,3,19,10,6.05867702094838,6.621005757013336,0.5623287360649556,9.991536299930885
32,3,19,11,6.621005757013336,7.186727456981316,0.5657216999679804,9.991536299930885
32,3,19,12,7.186727456981316,7.746621729922481,0.5598942729411647,9.991536299930885
32,3,19,13,7.746621729922481,8.309410026995465,0.5627882970729843,9.991536299930885
32,3,19,14,8.309410026995465,8.916146895033307,0.6067368680378422,9.991536299930885
32,3,19,15,8.916146895033307,9.60710513300728,0.6909582379739732,9.991536299930885
32,3,19,16,9.60710513300728,9.99211548594758,0.3850103529402986,9.991536299930885
32,3,20,1,-0.12126859906129539,0.4556381009751931,0.5769067000364885,9.991536299930885
32,3,20,2,0.4556381009751931,1.0106363149825484,0.5549982140073553,9.991536299930885
32,3,20,3,1.0106363149825484,1.5727174759376794,0.562081160955131,9.991536299930885
32,3,20,4,1.5727174759376794,2.1352514169411734,0.562533941003494,9.991536299930885
32,3,20,5,2.1352514169411734,2.689712967025116,0.5544615500839427,9.991536299930885
32,3,20,6,2.689712967025116,3.257978454930708,0.5682654879055917,9.991536299930885
32,3,20,7,3.257978454930708,3.811484555946663,0.5535061010159552,9.991536299930885
32,3,20,8,3.811484555946663,4.377160880947486,0.5656763250008225,9.991536299930885
32,3,20,9,4.377160880947486,4.933489001938142,0.5563281209906563,9.991536299930885
32,3,20,10,4.933489001938142,5.498523987014778,0.5650349850766361,9.991536299930885
32,3,20,11,5.498523987014778,6.059275703970343,0.5607517169555649,9.991536299930885
32,3,20,12,6.059275703970343,6.621773077989928,0.5624973740195855,9.991536299930885
32,3,20,13,6.621773077989928,7.187449348974042,0.5656762709841132,9.991536299930885
32,3,20,14,7.187449348974042,7.747340005938895,0.5598906569648534,9.991536299930885
32,3,20,15,7.747340005938895,8.310139360954054,0.5627993550151587,9.991536299930885
32,3,20,16,8.310139360954054,8.916840430931188,0.6067010699771345,9.991536299930885
32,3,20,17,8.916840430931188,9.607836804934777,0.6909963740035892,9.991536299930885
32,3,20,18,9.607836804934777,9.992746121948585,0.3849093170138076,9.991536299930885
32,3,21,1,2.690407271962613,3.258450543973595,0.568043272010982,9.991536299930885
32,3,21,2,3.258450543973595,3.8121729999547824,0.5537224559811875,9.991536299930885
32,3,21,3,3.8121729999547824,4.377894571982324,0.5657215720275417,9.991536299930885
32,3,21,4,4.377894571982324,4.932491750922054,0.5545971789397299,9.991536299930885
32,3,21,5,4.932491750922054,5.497099966974929,0.5646082160528749,9.991536299930885
32,3,21,6,5.497099966974929,6.058038324001245,0.5609383570263162,9.991536299930885
32,3,21,7,6.058038324001245,6.620551693951711,0.5625133699504659,9.991536299930885
32,3,21,8,6.620551693951711,7.185795038938522,0.5652433449868113,9.991536299930885
32,3,21,9,7.185795038938522,7.745605645002797,0.5598106060642749,9.991536299930885
32,3,21,10,7.745605645002797,8.307828450924717,0.5622228059219196,9.991536299930885
32,3,21,11,8.307828450924717,8.915322059998289,0.6074936090735719,9.991536299930885
32,3,21,12,8.915322059998289,9.606332006980665,0.6910099469823763,9.991536299930885
32,3,21,13,9.606332006980665,9.989986581960693,0.383654574980028,9.991536299930885
32,3,21,14,9.989986581960693,9.99417507997714,0.004188498016446829,9.991536299930885
32,3,22,1,4.378150989999995,4.933263372979127,0.5551123829791322,9.991536299930885
32,3,22,2,4.933263372979127,5.4982287449529395,0.5649653719738126,9.991536299930885
32,3,22,3,5.4982287449529395,6.059040589956567,0.5608118450036272,9.991536299930885
32,3,22,4,6.059040589956567,6.621247277013026,0.5622066870564595,9.991536299930885
32,3,22,5,6.621247277013026,7.187032419955358,0.5657851429423317,9.991536299930885
32,3,22,6,7.187032419955358,7.746915063937195,0.5598826439818367,9.991536299930885
32,3,22,7,7.746915063937195,8.30969186394941,0.562776800012216,9.991536299930885
32,3,22,8,8.30969186394941,8.916422153939493,0.6067302899900824,9.991536299930885
32,3,22,9,8.916422153939493,9.607381336973049,0.6909591830335557,9.991536299930885
32,3,22,10,9.607381336973049,9.992361173033714,0.38497983606066555,9.991536299930885
32,3,23,1,3.8114172969944775,4.377104119979776,0.5656868229852989,9.991536299930885
32,3,23,2,4.377104119979776,4.932748683961108,0.5556445639813319,9.991536299930885
32,3,23,3,4.932748683961108,5.49736647203099,0.5646177880698815,9.991536299930885
32,3,23,4,5.49736647203099,6.058612803928554,0.5612463318975642,9.991536299930885
32,3,23,5,6.058612803928554,6.62093916896265,0.5623263650340959,9.991536299930885
32,3,23,6,6.62093916896265,7.186658579972573,0.5657194110099226,9.991536299930885
32,3,23,7,7.186658579972573,7.746556759928353,0.5598981799557805,9.991536299930885
32,3,23,8,7.746556759928353,8.308919262024574,0.5623625020962209,9.991536299930885
32,3,23,9,8.308919262024574,8.915985042927787,0.6070657809032127,9.991536299930885
32,3,23,10,8.915985042927787,9.606948100961745,0.6909630580339581,9.991536299930885
32,3,23,11,9.606948100961745,9.991990546928719,0.3850424459669739,9.991536299930885
32,3,24,1,1.0117933449801058,1.5741384309949353,0.5623450860148296,9.991536299930885
32,3,24,2,1.5741384309949353,2.1364318289561197,0.5622933979611844,9.991536299930885
32,3,24,3,2.1364318289561197,2.6905950240325183,0.5541631950763986,9.991536299930885
32,3,24,4,2.6905950240325183,3.2590597990201786,0.5684647749876603,9.991536299930885
32,3,24,5,3.2590597990201786,3.8124308719998226,0.5533710729796439,9.991536299930885
32,3,24,6,3.8124308719998226,4.378354048007168,0.5659231760073453,9.991536299930885
32,3,24,7,4.378354048007168,4.932681445963681,0.5543273979565129,9.991536299930885
32,3,24,8,4.932681445963681,5.497283342992887,0.5646018970292062,9.991536299930885
32,3,24,9,5.497283342992887,6.0581761909415945,0.5608928479487076,9.991536299930885
32,3,24,10,6.0581761909415945,6.620685903006233,0.5625097120646387,9.991536299930885
32,3,24,11,6.620685903006233,7.186504930024967,0.5658190270187333,9.991536299930885
32,3,24,12,7.186504930024967,7.746419977978803,0.5599150479538366,9.991536299930885
32,3,24,13,7.746419977978803,8.308348341961391,0.561928363982588,9.991536299930885
32,3,24,14,8.308348341961391,8.915701346937567,0.6073530049761757,9.991536299930885
32,3,24,15,8.915701346937567,9.6067346209893,0.6910332740517333,9.991536299930885
32,3,24,16,9.6067346209893,9.991785863996483,0.3850512430071831,9.991536299930885
32,3,25,1,5.498151381965727,6.058978903922252,0.5608275219565257,9.991536299930885
32,3,25,2,6.058978903922252,6.621187962940894,0.5622090590186417,9.991536299930885
32,3,25,3,6.621187962940894,7.186966334003955,0.5657783710630611,9.991536299930885
32,3,25,4,7.186966334003955,7.746850777999498,0.5598844439955428,9.991536299930885
32,3,25,5,7.746850777999498,8.30962474399712,0.5627739659976214,9.991536299930885
32,3,25,6,8.30962474399712,8.91635099297855,0.6067262489814311,9.991536299930885
32,3,25,7,8.91635099297855,9.607316993991844,0.6909660010132939,9.991536299930885
32,3,25,8,9.607316993991844,9.992299161967821,0.38498216797597706,9.991536299930885
32,3,26,1,0.45551109802909195,1.0113527169451118,0.5558416189160198,9.991536299930885
32,3,26,2,1.0113527169451118,1.5731415139744058,0.5617887970292941,9.991536299930885
32,3,26,3,1.5731415139744058,2.135571507969871,0.5624299939954653,9.991536299930885
32,3,26,4,2.135571507969871,2.6899793120101094,0.5544078040402383,9.991536299930885
32,3,26,5,2.6899793120101094,3.2582003260031343,0.5682210139930248,9.991536299930885
32,3,26,6,3.2582003260031343,3.8116616889601573,0.5534613629570231,9.991536299930885
32,3,26,7,3.8116616889601573,4.377319079940207,0.56565739098005,9.991536299930885
32,3,26,8,4.377319079940207,4.93367643293459,0.5563573529943824,9.991536299930885
32,3,26,9,4.93367643293459,5.498650355031714,0.5649739220971242,9.991536299930885
32,3,26,10,5.498650355031714,6.059439098928124,0.5607887438964099,9.991536299930885
32,3,26,11,6.059439098928124,6.621890477021225,0.5624513780931011,9.991536299930885
32,3,26,12,6.621890477021225,7.187606521998532,0.5657160449773073,9.991536299930885
32,3,26,13,7.187606521998532,7.747475196956657,0.5598686749581248,9.991536299930885
32,3,26,14,7.747475196956657,8.310273215989582,0.5627980190329254,9.991536299930885
32,3,26,15,8.310273215989582,8.91699569602497,0.606722480035387,9.991536299930885
32,3,26,16,8.91699569602497,9.60797042795457,0.6909747319296002,9.991536299930885
32,3,26,17,9.60797042795457,9.9929111659294,0.38494073797482997,9.991536299930885
32,3,27,1,2.6895604809978977,3.2572009819559753,0.5676405009580776,9.991536299930885
32,3,27,2,3.2572009819559753,3.810885055921972,0.5536840739659965,9.991536299930885
32,3,27,3,3.810885055921972,4.376879304996692,0.5659942490747198,9.991536299930885
32,3,27,4,4.376879304996692,4.933433844940737,0.5565545399440452,9.991536299930885
32,3,27,5,4.933433844940737,5.498432570951991,0.5649987260112539,9.991536299930885
32,3,27,6,5.498432570951991,6.059215235989541,0.56078266503755,9.991536299930885
32,3,27,7,6.059215235989541,6.621713910950348,0.562498674960807,9.991536299930885
32,3,27,8,6.621713910950348,7.187371204025112,0.5656572930747643,9.991536299930885
32,3,27,9,7.187371204025112,7.747264464967884,0.559893260942772,9.991536299930885
32,3,27,10,7.747264464967884,8.310072858002968,0.562808393035084,9.991536299930885
32,3,27,11,8.310072858002968,8.916770027950406,0.6066971699474379,9.991536299930885
32,3,27,12,8.916770027950406,9.60776735295076,0.6909973250003532,9.991536299930885
32,3,27,13,9.60776735295076,9.992600761004724,0.3848334080539644,9.991536299930885
32,3,28,1,7.746334073017351,8.308257507975213,0.5619234349578619,9.991536299930885
32,3,28,2,8.308257507975213,8.91563458100427,0.6073770730290562,9.991536299930885
32,3,28,3,8.91563458100427,9.606664575985633,0.6910299949813634,9.991536299930885
32,3,28,4,9.606664575985633,9.991644541965798,0.3849799659801647,9.991536299930885
32,3,29,1,2.136807353934273,2.690711371949874,0.5539040180156007,9.991536299930885
32,3,29,2,2.690711371949874,3.259121896000579,0.5684105240507051,9.991536299930885
32,3,29,3,3.259121896000579,3.8124890099279583,0.5533671139273793,9.991536299930885
32,3,29,4,3.8124890099279583,4.378403858980164,0.5659148490522057,9.991536299930885
32,3,29,5,4.378403858980164,4.9333772589452565,0.5549733999650925,9.991536299930885
32,3,29,6,4.9333772589452565,5.498355380957946,0.5649781220126897,9.991536299930885
32,3,29,7,5.498355380957946,6.059156753937714,0.5608013729797676,9.991536299930885
32,3,29,8,6.059156753937714,6.621361018973403,0.5622042650356889,9.991536299930885
32,3,29,9,6.621361018973403,7.187191572971642,0.5658305539982393,9.991536299930885
32,3,29,10,7.187191572971642,7.747060945024714,0.5598693720530719,9.991536299930885
32,3,29,11,7.747060945024714,8.309914986020885,0.5628540409961715,9.991536299930885
32,3,29,12,8.309914986020885,8.916621422977187,0.6067064369563013,9.991536299930885
32,3,29,13,8.916621422977187,9.607612338033505,0.690990915056318,9.991536299930885
32,3,29,14,9.607612338033505,9.992480854969472,0.3848685169359669,9.991536299930885
32,3,30,1,4.933171781012788,5.497714375960641,0.5645425949478522,9.991536299930885
32,3,30,2,5.497714375960641,6.058858340955339,0.5611439649946988,9.991536299930885
32,3,30,3,6.058858340955339,6.621127399033867,0.5622690580785275,9.991536299930885
32,3,30,4,6.621127399033867,7.186892434023321,0.5657650349894539,9.991536299930885
32,3,30,5,7.186892434023321,7.746783441980369,0.5598910079570487,9.991536299930885
32,3,30,6,7.746783441980369,8.30955740797799,0.5627739659976214,9.991536299930885
32,3,30,7,8.30955740797799,8.916288811014965,0.6067314030369744,9.991536299930885
32,3,30,8,8.916288811014965,9.607250171946362,0.6909613609313965,9.991536299930885
32,3,30,9,9.607250171946362,9.992237746948376,0.38498757500201464,9.991536299930885
32,3,31,1,4.933953876956366,5.498764485004358,0.564810608047992,9.991536299930885
32,3,31,2,5.498764485004358,6.05950200301595,0.5607375180115923,9.991536299930885
32,3,31,3,6.05950200301595,6.621947575011291,0.5624455719953403,9.991536299930885
32,3,31,4,6.621947575011291,7.187685854034498,0.5657382790232077,9.991536299930885
32,3,31,5,7.187685854034498,7.747954117949121,0.5602682639146224,9.991536299930885
32,3,31,6,7.747954117949121,8.310470513999462,0.5625163960503414,9.991536299930885
32,3,31,7,8.310470513999462,8.917122291983105,0.6066517779836431,9.991536299930885
32,3,31,8,8.917122291983105,9.608101111021824,0.6909788190387189,9.991536299930885
32,3,31,9,9.608101111021824,9.993074312922545,0.3849732019007206,9.991536299930885
32,4,0,1,7.201784927980043,7.76551615295466,0.5637312249746174,10.011647030012682
32,4,0,2,7.76551615295466,8.329635699978098,0.5641195470234379,10.011647030012682
32,4,0,3,8.329635699978098,8.936836553970352,0.6072008539922535,10.011647030012682
32,4,0,4,8.936836553970352,9.629262762959115,0.6924262089887634,10.011647030012682
32,4,0,5,9.629262762959115,10.008200948941521,0.37893818598240614,10.011647030012682
32,4,0,6,10.008200948941521,10.01277296594344,0.004572017001919448,10.011647030012682
32,4,1,1,-0.12609889497980475,0.4549942009616643,0.5810930959414691,10.011647030012682
32,4,1,2,0.4549942009616643,1.014612914994359,0.5596187140326947,10.011647030012682
32,4,1,3,1.014612914994359,1.5748083679936826,0.5601954529993236,10.011647030012682
32,4,1,4,1.5748083679936826,2.141475138021633,0.5666667700279504,10.011647030012682
32,4,1,5,2.141475138021633,2.6951571060344577,0.5536819680128247,10.011647030012682
32,4,1,6,2.6951571060344577,3.2649437269428745,0.5697866209084168,10.011647030012682
32,4,1,7,3.2649437269428745,3.818864900036715,0.5539211730938405,10.011647030012682
32,4,1,8,3.818864900036715,4.389118195977062,0.570253295940347,10.011647030012682
32,4,1,9,4.389118195977062,4.946005166973919,0.5568869709968567,10.011647030012682
32,4,1,10,4.946005166973919,5.5115718400338665,0.5655666730599478,10.011647030012682
32,4,1,11,5.5115718400338665,6.074781078961678,0.5632092389278114,10.011647030012682
32,4,1,12,6.074781078961678,6.637395938974805,0.5626148600131273,10.011647030012682
32,4,1,13,6.637395938974805,7.202444643015042,0.5650487040402368,10.011647030012682
32,4,1,14,7.202444643015042,7.766605381038971,0.5641607380239293,10.011647030012682
32,4,1,15,7.766605381038971,8.33084965904709,0.5642442780081183,10.011647030012682
32,4,1,16,8.33084965904709,8.937771884026006,0.6069222249789163,10.011647030012682
32,4,1,17,8.937771884026006,9.630238735931925,0.6924668519059196,10.011647030012682
32,4,1,18,9.630238735931925,10.009181794943288,0.3789430590113625,10.011647030012682
32,4,1,19,10.009181794943288,10.014019201043993,0.004837406100705266,10.011647030012682
32,4,2,1,3.819234229042195,4.3892611899646,0.5700269609224051,10.011647030012682
32,4,2,2,4.3892611899646,4.945393068017438,0.5561318780528381,10.011647030012682
32,4,2,3,4.945393068017438,5.510519139934331,0.5651260719168931,10.011647030012682
32,4,2,4,5.510519139934331,6.073633768945001,0.5631146290106699,10.011647030012682
32,4,2,5,6.073633768945001,6.6366754659684375,0.5630416970234364,10.011647030012682
32,4,2,6,6.6366754659684375,7.201475868932903,0.5648004029644653,10.011647030012682
32,4,2,7,7.201475868932903,7.765418573981151,0.5639427050482482,10.011647030012682
32,4,2,8,7.765418573981151,8.329561028047465,0.5641424540663138,10.011647030012682
32,4,2,9,8.329561028047465,8.93676673900336,0.6072057109558955,10.011647030012682
32,4,2,10,8.93676673900336,9.6291944909608,0.6924277519574389,10.011647030012682
32,4,2,11,9.6291944909608,10.00810839200858,0.3789139010477811,10.011647030012682
32,4,2,12,10.00810839200858,10.012705157045275,0.0045967650366947055,10.011647030012682
32,4,3,1,0.4548028300050646,1.014149692025967,0.5593468620209023,10.011647030012682
32,4,3,2,1.014149692025967,1.5746536719379947,0.5605039799120277,10.011647030012682
32,4,3,3,1.5746536719379947,2.1413109130226076,0.5666572410846129,10.011647030012682
32,4,3,4,2.1413109130226076,2.695034043979831,0.5537231309572235,10.011647030012682
32,4,3,5,2.695034043979831,3.2645474360324442,0.5695133920526132,10.011647030012682
32,4,3,6,3.2645474360324442,3.81865985004697,0.5541124140145257,10.011647030012682
32,4,3,7,3.81865985004697,4.388901195954531,0.5702413459075615,10.011647030012682
32,4,3,8,4.388901195954531,4.945778543944471,0.5568773479899392,10.011647030012682
32,4,3,9,4.945778543944471,5.5107245210092515,0.5649459770647809,10.011647030012682
32,4,3,10,5.5107245210092515,6.074123897938989,0.5633993769297376,10.011647030012682
32,4,3,11,6.074123897938989,6.636958637973294,0.5628347400343046,10.011647030012682
32,4,3,12,6.636958637973294,7.202084698015824,0.5651260600425303,10.011647030012682
32,4,3,13,7.202084698015824,7.766214492963627,0.564129794947803,10.011647030012682
32,4,3,14,7.766214492963627,8.330432328977622,0.5642178360139951,10.011647030012682
32,4,3,15,8.330432328977622,8.937376913032494,0.6069445840548724,10.011647030012682
32,4,3,16,8.937376913032494,9.629841645946726,0.6924647329142317,10.011647030012682
32,4,3,17,9.629841645946726,10.008617431973107,0.37877578602638096,10.011647030012682
32,4,3,18,10.008617431973107,10.01316312502604,0.00454569305293262,10.011647030012682
32,4,4,1,4.389543173019774,4.946322742966004,0.5567795699462295,10.011647030012682
32,4,4,2,4.946322742966004,5.511887243017554,0.5655645000515506,10.011647030012682
32,4,4,3,5.511887243017554,6.075107006006874,0.5632197629893199,10.011647030012682
32,4,4,4,6.075107006006874,6.6377166910097,0.5626096850028262,10.011647030012682
32,4,4,5,6.6377166910097,7.203051054966636,0.5653343639569357,10.011647030012682
32,4,4,6,7.203051054966636,7.767294866032898,0.5642438110662624,10.011647030012682
32,4,4,7,7.767294866032898,8.331442781025544,0.5641479149926454,10.011647030012682
32,4,4,8,8.331442781025544,8.938303319970146,0.606860538944602,10.011647030012682
32,4,4,9,8.938303319970146,9.630720598972403,0.6924172790022567,10.011647030012682
32,4,4,10,9.630720598972403,10.009661998017691,0.37894139904528856,10.011647030012682
32,4,4,11,10.009661998017691,10.014502690988593,0.004840692970901728,10.011647030012682
32,4,5,1,1.0148891189601272,1.5748971400316805,0.5600080210715532,10.011647030012682
32,4,5,2,1.5748971400316805,2.142097607953474,0.5672004679217935,10.011647030012682
32,4,5,3,2.142097607953474,2.6956893249880522,0.5535917170345783,10.011647030012682
32,4,5,4,2.6956893249880522,3.26521555299405,0.5695262280059978,10.011647030012682
32,4,5,5,3.26521555299405,3.8194207049673423,0.5542051519732922,10.011647030012682
32,4,5,6,3.8194207049673423,4.3897186539834365,0.5702979490160942,10.011647030012682
32,4,5,7,4.3897186539834365,4.946117216954008,0.5563985629705712,10.011647030012682
32,4,5,8,4.946117216954008,5.511685814009979,0.5655685970559716,10.011647030012682
32,4,5,9,5.511685814009979,6.074934988981113,0.5632491749711335,10.011647030012682
32,4,5,10,6.074934988981113,6.637514595990069,0.5625796070089564,10.011647030012682
32,4,5,11,6.637514595990069,7.202600589953363,0.5650859939632937,10.011647030012682
32,4,5,12,7.202600589953363,7.767012046999298,0.5644114570459351,10.011647030012682
32,4,5,13,7.767012046999298,8.33115161000751,0.5641395630082116,10.011647030012682
32,4,5,14,8.33115161000751,8.9380197590217,0.6068681490141898,10.011647030012682
32,4,5,15,8.9380197590217,9.630450989934616,0.6924312309129164,10.011647030012682
32,4,5,16,9.630450989934616,10.009392585954629,0.3789415960200131,10.011647030012682
32,4,5,17,10.009392585954629,10.01422597200144,0.004833386046811938,10.011647030012682
32,4,6,1,1.5744769510347396,2.14116026496049,0.5666833139257506,10.011647030012682
32,4,6,2,2.14116026496049,2.694544894970022,0.553384630009532,10.011647030012682
32,4,6,3,2.694544894970022,3.263944093021564,0.569399198051542,10.011647030012682
32,4,6,4,3.263944093021564,3.8183136199368164,0.5543695269152522,10.011647030012682
32,4,6,5,3.8183136199368164,4.388647121028043,0.5703335010912269,10.011647030012682
32,4,6,6,4.388647121028043,4.945836564991623,0.5571894439635798,10.011647030012682
32,4,6,7,4.945836564991623,5.511391488020308,0.5655549230286852,10.011647030012682
32,4,6,8,5.511391488020308,6.074334381031804,0.5629428930114955,10.011647030012682
32,4,6,9,6.074334381031804,6.637131187948398,0.5627968069165945,10.011647030012682
32,4,6,10,6.637131187948398,7.2022051570238546,0.5650739690754563,10.011647030012682
32,4,6,11,7.2022051570238546,7.766354631981812,0.5641494749579579,10.011647030012682
32,4,6,12,7.766354631981812,8.330575495958328,0.5642208639765158,10.011647030012682
32,4,6,13,8.330575495958328,8.937507180031389,0.6069316840730608,10.011647030012682
32,4,6,14,8.937507180031389,9.62997219094541,0.6924650109140202,10.011647030012682
32,4,6,15,9.62997219094541,10.008839683025144,0.3788674920797348,10.011647030012682
32,4,6,16,10.008839683025144,10.013286378001794,0.004446694976650178,10.011647030012682
32,4,7,1,3.819683281937614,4.389801351935603,0.5701180699979886,10.011647030012682
32,4,7,2,4.389801351935603,4.946433853940107,0.5566325020045042,10.011647030012682
32,4,7,3,4.946433853940107,5.511999867972918,0.5655660140328109,10.011647030012682
32,4,7,4,5.511999867972918,6.0752139169489965,0.5632140489760786,10.011647030012682
32,4,7,5,6.0752139169489965,6.638121802941896,0.5629078859928995,10.011647030012682
32,4,7,6,6.638121802941896,7.203250829945318,0.5651290270034224,10.011647030012682
32,4,7,7,7.203250829945318,7.767502786940895,0.5642519569955766,10.011647030012682
32,4,7,8,7.767502786940895,8.331677461043,0.5641746741021052,10.011647030012682
32,4,7,9,8.331677461043,8.9384942749748,0.6068168139318004,10.011647030012682
32,4,7,10,8.9384942749748,9.63092472893186,0.6924304539570585,10.011647030012682
32,4,7,11,9.63092472893186,10.009857501019724,0.3789327720878646,10.011647030012682
32,4,7,12,10.009857501019724,10.014687865972519,0.0048303649527952075,10.011647030012682
32,4,8,1,2.142037419951521,2.6953558729728684,0.5533184530213475,10.011647030012682
32,4,8,2,2.6953558729728684,3.2650662240339443,0.5697103510610759,10.011647030012682
32,4,8,3,3.2650662240339443,3.819302528980188,0.5542363049462438,10.011647030012682
32,4,8,4,3.819302528980188,4.3896047179587185,0.5703021889785305,10.011647030012682
32,4,8,5,4.3896047179587185,4.946061791037209,0.5564570730784908,10.011647030012682
32,4,8,6,4.946061791037209,5.511628255015239,0.5655664639780298,10.011647030012682
32,4,8,7,5.511628255015239,6.074877094943076,0.5632488399278373,10.011647030012682
32,4,8,8,6.074877094943076,6.637454440933652,0.5625773459905759,10.011647030012682
32,4,8,9,6.637454440933652,7.202502351021394,0.5650479100877419,10.011647030012682
32,4,8,10,7.202502351021394,7.766951148980297,0.564448797958903,10.011647030012682
32,4,8,11,7.766951148980297,8.33106857794337,0.5641174289630726,10.011647030012682
32,4,8,12,8.33106857794337,8.937913420959376,0.606844843016006,10.011647030012682
32,4,8,13,8.937913420959376,9.630387702025473,0.6924742810660973,10.011647030012682
32,4,8,14,9.630387702025473,10.009312498033978,0.3789247960085049,10.011647030012682
32,4,8,15,10.009312498033978,10.014165192958899,0.004852694924920797,10.011647030012682
32,4,9,1,4.945719228009693,5.510666396934539,0.5649471689248458,10.011647030012682
32,4,9,2,5.510666396934539,6.073762706946582,0.5630963100120425,10.011647030012682
32,4,9,3,6.073762706946582,6.6367954859742895,0.5630327790277079,10.011647030012682
32,4,9,4,6.6367954859742895,7.201911201002076,0.5651157150277868,10.011647030012682
32,4,9,5,7.201911201002076,7.7660141120431945,0.5641029110411182,10.011647030012682
32,4,9,6,7.7660141120431945,8.330260875984095,0.5642467639409006,10.011647030012682
32,4,9,7,8.330260875984095,8.937178205000237,0.6069173290161416,10.011647030012682
32,4,9,8,8.937178205000237,9.629637110047042,0.6924589050468057,10.011647030012682
32,4,9,9,9.629637110047042,10.008459373028018,0.3788222629809752,10.011647030012682
32,4,9,10,10.008459373028018,10.01302324293647,0.004563869908452034,10.011647030012682
32,4,10,1,3.2648801100440323,3.81880080094561,0.5539206909015775,10.011647030012682
32,4,10,2,3.81880080094561,4.389058572938666,0.5702577719930559,10.011647030012682
32,4,10,3,4.389058572938666,4.945951065979898,0.5568924930412322,10.011647030012682
32,4,10,4,4.945951065979898,5.511512310942635,0.565561244962737,10.011647030012682
32,4,10,5,5.511512310942635,6.074720081989653,0.5632077710470185,10.011647030012682
32,4,10,6,6.074720081989653,6.637337484047748,0.5626174020580947,10.011647030012682
32,4,10,7,6.637337484047748,7.202385082026012,0.5650475979782641,10.011647030012682
32,4,10,8,7.202385082026012,7.766541357035749,0.5641562750097364,10.011647030012682
32,4,10,9,7.766541357035749,8.330773044959642,0.5642316879238933,10.011647030012682
32,4,10,10,8.330773044959642,8.937708523939364,0.6069354789797217,10.011647030012682
32,4,10,11,8.937708523939364,9.630175243946724,0.69246672000736,10.011647030012682
32,4,10,12,9.630175243946724,10.009121736045927,0.37894649209920317,10.011647030012682
32,4,10,13,10.009121736045927,10.013473212951794,0.004351476905867457,10.011647030012682
32,4,11,1,1.0145111079327762,1.5747422650456429,0.5602311571128666,10.011647030012682
32,4,11,2,1.5747422650456429,2.1414073490304872,0.5666650839848444,10.011647030012682
32,4,11,3,2.1414073490304872,2.6950962690170854,0.5536889199865982,10.011647030012682
32,4,11,4,2.6950962690170854,3.2646093589719385,0.5695130899548531,10.011647030012682
32,4,11,5,3.2646093589719385,3.8187182979891077,0.5541089390171692,10.011647030012682
32,4,11,6,3.8187182979891077,4.388958335970528,0.5702400379814208,10.011647030012682
32,4,11,7,4.388958335970528,4.945452898973599,0.5564945630030707,10.011647030012682
32,4,11,8,4.945452898973599,5.510580093017779,0.5651271940441802,10.011647030012682
32,4,11,9,5.510580093017779,6.0736966310068965,0.5631165379891172,10.011647030012682
32,4,11,10,6.0736966310068965,6.636735412990674,0.5630387819837779,10.011647030012682
32,4,11,11,6.636735412990674,7.2018499539699405,0.5651145409792662,10.011647030012682
32,4,11,12,7.2018499539699405,7.7655843700049445,0.563734416035004,10.011647030012682
32,4,11,13,7.7655843700049445,8.32970566500444,0.5641212949994951,10.011647030012682
32,4,11,14,8.32970566500444,8.936904186033644,0.6071985210292041,10.011647030012682
32,4,11,15,8.936904186033644,9.62939761893358,0.692493432899937,10.011647030012682
32,4,11,16,9.62939761893358,10.00826464802958,0.3788670290959999,10.011647030012682
32,4,11,17,10.00826464802958,10.012837574002333,0.004572925972752273,10.011647030012682
32,4,12,1,2.6948568739462644,3.264046687982045,0.5691898140357807,10.011647030012682
32,4,12,2,3.264046687982045,3.818388488027267,0.554341800045222,10.011647030012682
32,4,12,3,3.818388488027267,4.38871604797896,0.5703275599516928,10.011647030012682
32,4,12,4,4.38871604797896,4.9453344870125875,0.5566184390336275,10.011647030012682
32,4,12,5,4.9453344870125875,5.510457259952091,0.5651227729395032,10.011647030012682
32,4,12,6,5.510457259952091,6.0735722199315205,0.5631149599794298,10.011647030012682
32,4,12,7,6.0735722199315205,6.63661493093241,0.5630427110008895,10.011647030012682
32,4,12,8,6.63661493093241,7.201414776965976,0.5647998460335657,10.011647030012682
32,4,12,9,7.201414776965976,7.765355109004304,0.563940332038328,10.011647030012682
32,4,12,10,7.765355109004304,8.329474144033156,0.5641190350288525,10.011647030012682
32,4,12,11,8.329474144033156,8.936686353990808,0.6072122099576518,10.011647030012682
32,4,12,12,8.936686353990808,9.629132615984417,0.6924462619936094,10.011647030012682
32,4,12,13,9.629132615984417,10.008048597956076,0.37891598197165877,10.011647030012682
32,4,12,14,10.008048597956076,10.012639418011531,0.004590820055454969,10.011647030012682
32,4,13,1,6.636464118026197,7.201230081031099,0.564765963004902,10.011647030012682
32,4,13,2,7.201230081031099,7.765217405045405,0.5639873240143061,10.011647030012682
32,4,13,3,7.765217405045405,8.329342460958287,0.5641250559128821,10.011647030012682
32,4,13,4,8.329342460958287,8.936542782001197,0.6072003210429102,10.011647030012682
32,4,13,5,8.936542782001197,9.629001594963484,0.6924588129622862,10.011647030012682
32,4,13,6,9.629001594963484,10.00791616900824,0.3789145740447566,10.011647030012682
32,4,13,7,10.00791616900824,10.012515601003543,0.004599431995302439,10.011647030012682
32,4,14,1,5.510989070986398,6.07305872195866,0.562069650972262,10.011647030012682
32,4,14,2,6.07305872195866,6.63576395099517,0.56270522903651,10.011647030012682
32,4,14,3,6.63576395099517,7.200778595986776,0.5650146449916065,10.011647030012682
32,4,14,4,7.200778595986776,7.764873506966978,0.5640949109802023,10.011647030012682
32,4,14,5,7.764873506966978,8.328969241934828,0.5640957349678501,10.011647030012682
32,4,14,6,8.328969241934828,8.936225801007822,0.6072565590729937,10.011647030012682
32,4,14,7,8.936225801007822,9.628711996949278,0.6924861959414557,10.011647030012682
32,4,14,8,9.628711996949278,10.007599842967466,0.3788878460181877,10.011647030012682
32,4,14,9,10.007599842967466,10.012289179954678,0.0046893369872123,10.011647030012682
32,4,15,1,0.4553048809757456,1.0149985030293465,0.5596936220536008,10.011647030012682
32,4,15,2,1.0149985030293465,1.574956182972528,0.5599576799431816,10.011647030012682
32,4,15,3,1.574956182972528,2.1421568429796025,0.5672006600070745,10.011647030012682
32,4,15,4,2.1421568429796025,2.6957498639822006,0.5535930210025981,10.011647030012682
32,4,15,5,2.6957498639822006,3.265285581932403,0.5695357179502025,10.011647030012682
32,4,15,6,3.265285581932403,3.8197563480352983,0.5544707661028951,10.011647030012682
32,4,15,7,3.8197563480352983,4.389856991940178,0.5701006439048797,10.011647030012682
32,4,15,8,4.389856991940178,4.946173566975631,0.5563165750354528,10.011647030012682
32,4,15,9,4.946173566975631,5.511767721967772,0.5655941549921408,10.011647030012682
32,4,15,10,5.511767721967772,6.0749920749804005,0.5632243530126289,10.011647030012682
32,4,15,11,6.0749920749804005,6.637572712963447,0.5625806379830465,10.011647030012682
32,4,15,12,6.637572712963447,7.202661716961302,0.5650890039978549,10.011647030012682
32,4,15,13,7.202661716961302,7.767074269009754,0.5644125520484522,10.011647030012682
32,4,15,14,7.767074269009754,8.331217249040492,0.5641429800307378,10.011647030012682
32,4,15,15,8.331217249040492,8.938084059976973,0.6068668109364808,10.011647030012682
32,4,15,16,8.938084059976973,9.630525554995984,0.6924414950190112,10.011647030012682
32,4,15,17,9.630525554995984,10.009461913025007,0.3789363580290228,10.011647030012682
32,4,15,18,10.009461913025007,10.014307220932096,0.004845307907089591,10.011647030012682
32,4,16,1,1.5741162019548938,2.140989420004189,0.5668732180492952,10.011647030012682
32,4,16,2,2.140989420004189,2.694386319955811,0.5533968999516219,10.011647030012682
32,4,16,3,2.694386319955811,3.263775693019852,0.5693893730640411,10.011647030012682
32,4,16,4,3.263775693019852,3.8181217539822683,0.5543460609624162,10.011647030012682
32,4,16,5,3.8181217539822683,4.387954078032635,0.5698323240503669,10.011647030012682
32,4,16,6,4.387954078032635,4.946487416047603,0.5585333380149677,10.011647030012682
32,4,16,7,4.946487416047603,5.512056268984452,0.565568852936849,10.011647030012682
32,4,16,8,5.512056268984452,6.075276392046362,0.5632201230619103,10.011647030012682
32,4,16,9,6.075276392046362,6.638180857989937,0.5629044659435749,10.011647030012682
32,4,16,10,6.638180857989937,7.203313529957086,0.5651326719671488,10.011647030012682
32,4,16,11,7.203313529957086,7.767562716035172,0.5642491860780865,10.011647030012682
32,4,16,12,7.767562716035172,8.331742102047428,0.5641793860122561,10.011647030012682
32,4,16,13,8.331742102047428,8.93855518696364,0.6068130849162117,10.011647030012682
32,4,16,14,8.93855518696364,9.630986353033222,0.6924311660695821,10.011647030012682
32,4,16,15,9.630986353033222,10.00991665897891,0.378930305945687,10.011647030012682
32,4,16,16,10.00991665897891,10.014748835004866,0.004832176025956869,10.011647030012682
32,4,17,1,7.202990237972699,7.7672286570305005,0.5642384190578014,10.011647030012682
32,4,17,2,7.7672286570305005,8.331378301954828,0.5641496449243277,10.011647030012682
32,4,17,3,8.331378301954828,8.938237661961466,0.6068593600066379,10.011647030012682
32,4,17,4,8.938237661961466,9.63065856101457,0.6924208990531042,10.011647030012682
32,4,17,5,9.63065856101457,10.009601676953025,0.37894311593845487,10.011647030012682
32,4,17,6,10.009601676953025,10.014442862011492,0.00484118505846709,10.011647030012682
32,4,18,1,3.2644790220074356,3.818594789947383,0.5541157679399475,10.011647030012682
32,4,18,2,3.818594789947383,4.388841858017258,0.5702470680698752,10.011647030012682
32,4,18,3,4.388841858017258,4.945894627948292,0.5570527699310333,10.011647030012682
32,4,18,4,4.945894627948292,5.511451761005446,0.5655571330571547,10.011647030012682
32,4,18,5,5.511451761005446,6.07439462095499,0.5629428599495441,10.011647030012682
32,4,18,6,6.07439462095499,6.637190544046462,0.5627959230914712,10.011647030012682
32,4,18,7,6.637190544046462,7.202261895989068,0.5650713519426063,10.011647030012682
32,4,18,8,7.202261895989068,7.766416408936493,0.5641545129474252,10.011647030012682
32,4,18,9,7.766416408936493,8.330641975044273,0.5642255661077797,10.011647030012682
32,4,18,10,8.330641975044273,8.937568909022957,0.6069269339786842,10.011647030012682
32,4,18,11,8.937568909022957,9.630047700018622,0.6924787909956649,10.011647030012682
32,4,18,12,9.630047700018622,10.008988613029942,0.37894091301131994,10.011647030012682
32,4,18,13,10.008988613029942,10.01335648400709,0.004367870977148414,10.011647030012682
32,4,19,1,6.074059235979803,6.636897810967639,0.5628385749878362,10.011647030012682
32,4,19,2,6.636897810967639,7.202021397999488,0.5651235870318487,10.011647030012682
32,4,19,3,7.202021397999488,7.7660775820259005,0.5640561840264127,10.011647030012682
32,4,19,4,7.7660775820259005,8.330346049973741,0.5642684679478407,10.011647030012682
32,4,19,5,8.330346049973741,8.937245575943962,0.6068995259702206,10.011647030012682
32,4,19,6,8.937245575943962,9.629701273981482,0.69245569803752,10.011647030012682
32,4,19,7,9.629701273981482,10.008546828990802,0.3788455550093204,10.011647030012682
32,4,19,8,10.008546828990802,10.013092753011733,0.004545924020931125,10.011647030012682
32,4,20,1,2.141767128952779,2.695259036961943,0.553491908009164,10.011647030012682
32,4,20,2,2.695259036961943,3.2650051510427147,0.5697461140807718,10.011647030012682
32,4,20,3,3.2650051510427147,3.818926419946365,0.5539212689036503,10.011647030012682
32,4,20,4,3.818926419946365,4.38917699502781,0.5702505750814453,10.011647030012682
32,4,20,5,4.38917699502781,4.9463787119602785,0.5572017169324681,10.011647030012682
32,4,20,6,4.9463787119602785,5.511943020042963,0.5655643080826849,10.011647030012682
32,4,20,7,5.511943020042963,6.075161017011851,0.5632179969688877,10.011647030012682
32,4,20,8,6.075161017011851,6.637777223018929,0.5626162060070783,10.011647030012682
32,4,20,9,6.637777223018929,7.203108620014973,0.5653313969960436,10.011647030012682
32,4,20,10,7.203108620014973,7.767355207004584,0.5642465869896114,10.011647030012682
32,4,20,11,7.767355207004584,8.33150572096929,0.5641505139647052,10.011647030012682
32,4,20,12,8.33150572096929,8.93836512195412,0.6068594009848312,10.011647030012682
32,4,20,13,8.93836512195412,9.630781281972304,0.6924161600181833,10.011647030012682
32,4,20,14,9.630781281972304,10.009738720953465,0.3789574389811605,10.011647030012682
32,4,20,15,10.009738720953465,10.014562117983587,0.004823397030122578,10.011647030012682
32,4,21,1,6.638058798038401,7.203192419954576,0.5651336219161749,10.011647030012682
32,4,21,2,7.203192419954576,7.76744109694846,0.5642486769938841,10.011647030012682
32,4,21,3,7.76744109694846,8.331610211986117,0.5641691150376573,10.011647030012682
32,4,21,4,8.331610211986117,8.938427670975216,0.6068174589890987,10.011647030012682
32,4,21,5,8.938427670975216,9.630860970937647,0.6924332999624312,10.011647030012682
32,4,21,6,9.630860970937647,10.009797947946936,0.37893697700928897,10.011647030012682
32,4,21,7,10.009797947946936,10.014626855961978,0.004828908015042543,10.011647030012682
32,4,22,2,-0.12592722196131945,0.45538010995369405,0.5813073319150135,10.011647030012682
32,4,22,3,0.45538010995369405,1.0139730699593201,0.5585929600056261,10.011647030012682
32,4,22,4,1.0139730699593201,1.5745840290328488,0.5606109590735286,10.011647030012682
32,4,22,5,1.5745840290328488,2.1412319919327274,0.5666479628998786,10.011647030012682
32,4,22,6,2.1412319919327274,2.694969267002307,0.5537372750695795,10.011647030012682
32,4,22,7,2.694969267002307,3.2641152479918674,0.5691459809895605,10.011647030012682
32,4,22,8,3.2641152479918674,3.8184504739474505,0.5543352259555832,10.011647030012682
32,4,22,9,3.8184504739474505,4.3887775969924405,0.57032712304499,10.011647030012682
32,4,22,10,4.3887775969924405,4.946229522000067,0.5574519250076264,10.011647030012682
32,4,22,11,4.946229522000067,5.51182851602789,0.5655989940278232,10.011647030012682
32,4,22,12,5.51182851602789,6.075050106970593,0.5632215909427032,10.011647030012682
32,4,22,13,6.075050106970593,6.637629788951017,0.5625796819804236,10.011647030012682
32,4,22,14,6.637629788951017,7.202722289948724,0.5650925009977072,10.011647030012682
32,4,22,15,7.202722289948724,7.767136511974968,0.5644142220262438,10.011647030012682
32,4,22,16,7.767136511974968,8.331300313933752,0.5641638019587845,10.011647030012682
32,4,22,17,8.331300313933752,8.938175595016219,0.6068752810824662,10.011647030012682
32,4,22,18,8.938175595016219,9.630587609950453,0.6924120149342343,10.011647030012682
32,4,22,19,9.630587609950453,10.009522823966108,0.3789352140156552,10.011647030012682
32,4,22,20,10.009522823966108,10.014367835014127,0.004845011048018932,10.011647030012682
32,4,23,1,8.330186396022327,8.937111211940646,0.6069248159183189,10.011647030012682
32,4,23,2,8.937111211940646,9.629531309939921,0.6924200979992747,10.011647030012682
32,4,23,3,9.629531309939921,10.008396024000831,0.37886471406091005,10.011647030012682
32,4,23,4,10.008396024000831,10.012963874964043,0.00456785096321255,10.011647030012682
32,4,24,1,5.511328766937368,6.074212951003574,0.5628841840662062,10.011647030012682
32,4,24,2,6.074212951003574,6.637069604941644,0.5628566539380699,10.011647030012682
32,4,24,3,6.637069604941644,7.202144064940512,0.5650744599988684,10.011647030012682
32,4,24,4,7.202144064940512,7.766290717991069,0.5641466530505568,10.011647030012682
32,4,24,5,7.766290717991069,8.33049852901604,0.5642078110249713,10.011647030012682
32,4,24,6,8.33049852901604,8.937443476985209,0.6069449479691684,10.011647030012682
32,4,24,7,8.937443476985209,9.629905881010927,0.6924624040257186,10.011647030012682
32,4,24,8,9.629905881010927,10.008680519997142,0.378774638986215,10.011647030012682
32,4,24,9,10.008680519997142,10.013221767963842,0.004541247966699302,10.011647030012682
32,4,25,1,2.695625748950988,3.265153720974922,0.5695279720239341,10.011647030012682
32,4,25,2,3.265153720974922,3.819363447953947,0.5542097269790247,10.011647030012682
32,4,25,3,3.819363447953947,4.389661028981209,0.5702975810272619,10.011647030012682
32,4,25,4,4.389661028981209,4.94516472495161,0.5555036959704012,10.011647030012682
32,4,25,5,4.94516472495161,5.510289372992702,0.5651246480410919,10.011647030012682
32,4,25,6,5.510289372992702,6.073400359950028,0.5631109869573265,10.011647030012682
32,4,25,7,6.073400359950028,6.636026641936041,0.562626281986013,10.011647030012682
32,4,25,8,6.636026641936041,7.201048924936913,0.5650222830008715,10.011647030012682
32,4,25,9,7.201048924936913,7.765142582939006,0.5640936580020934,10.011647030012682
32,4,25,10,7.765142582939006,8.329262897023,0.5641203140839934,10.011647030012682
32,4,25,11,8.329262897023,8.93647079996299,0.6072079029399902,10.011647030012682
32,4,25,12,8.93647079996299,9.628921873983927,0.6924510740209371,10.011647030012682
32,4,25,13,9.628921873983927,10.007733260979876,0.37881138699594885,10.011647030012682
32,4,25,14,10.007733260979876,10.01245254301466,0.0047192820347845554,10.011647030012682
32,4,26,1,4.944949108990841,5.5101255599875,0.5651764509966597,10.011647030012682
32,4,26,2,5.5101255599875,6.073232572991401,0.5631070130039006,10.011647030012682
32,4,26,3,6.073232572991401,6.635933561017737,0.5627009880263358,10.011647030012682
32,4,26,4,6.635933561017737,7.200955274980515,0.5650217139627784,10.011647030012682
32,4,26,5,7.200955274980515,7.765025138040073,0.564069863059558,10.011647030012682
32,4,26,6,7.765025138040073,8.329171090037562,0.5641459519974887,10.011647030012682
32,4,26,7,8.329171090037562,8.936315438011661,0.6071443479740992,10.011647030012682
32,4,26,8,8.936315438011661,9.628849501954392,0.6925340639427304,10.011647030012682
32,4,26,9,9.628849501954392,10.007669974933378,0.3788204729789868,10.011647030012682
32,4,26,10,10.007669974933378,10.012382603948936,0.004712629015557468,10.011647030012682
32,4,27,1,8.328748906962574,8.936050622956827,0.6073017159942538,10.011647030012682
32,4,27,2,8.936050622956827,9.628534040995874,0.6924834180390462,10.011647030012682
32,4,27,3,9.628534040995874,10.007328471983783,0.37879443098790944,10.011647030012682
32,4,27,4,10.007328471983783,10.012200583005324,0.004872111021541059,10.011647030012682
32,4,28,1,7.766887336038053,8.330949735012837,0.5640623989747837,10.011647030012682
32,4,28,2,8.330949735012837,8.937841029954143,0.6068912949413061,10.011647030012682
32,4,28,3,8.937841029954143,9.630324166966602,0.6924831370124593,10.011647030012682
32,4,28,4,9.630324166966602,10.00924150494393,0.3789173379773274,10.011647030012682
32,4,28,5,10.00924150494393,10.014102722983807,0.004861218039877713,10.011647030012682
32,4,29,1,4.388508007046767,4.945264074020088,0.5567560669733211,10.011647030012682
32,4,29,2,4.945264074020088,5.510381122934632,0.5651170489145443,10.011647030012682
32,4,29,3,5.510381122934632,6.073491140035912,0.5631100171012804,10.011647030012682
32,4,29,4,6.073491140035912,6.636551399948075,0.563060259912163,10.011647030012682
32,4,29,5,6.636551399948075,7.20133402000647,0.564782620058395,10.011647030012682
32,4,29,6,7.20133402000647,7.76528947497718,0.56395545497071,10.011647030012682
32,4,29,7,7.76528947497718,8.32940842199605,0.5641189470188692,10.011647030012682
32,4,29,8,8.32940842199605,8.936621894943528,0.6072134729474783,10.011647030012682
32,4,29,9,8.936621894943528,9.629069012938999,0.6924471179954708,10.011647030012682
32,4,29,10,9.629069012938999,10.00798556394875,0.37891655100975186,10.011647030012682
32,4,29,11,10.00798556394875,10.012579245958477,0.004593682009726763,10.011647030012682
32,4,30,1,7.765945454011671,8.329816709971055,0.5638712559593841,10.011647030012682
32,4,30,2,8.329816709971055,8.936979606980458,0.6071628970094025,10.011647030012682
32,4,30,3,8.936979606980458,9.62946504901629,0.6924854420358315,10.011647030012682
32,4,30,4,9.62946504901629,10.008333945996128,0.3788688969798386,10.011647030012682
32,4,30,5,10.008333945996128,10.012905827024952,0.0045718810288235545,10.011647030012682
32,4,31,1,6.074658961966634,6.637278295005672,0.5626193330390379,10.011647030012682
32,4,31,2,6.637278295005672,7.202327672042884,0.5650493770372123,10.011647030012682
32,4,31,3,7.202327672042884,7.766478006960824,0.5641503349179402,10.011647030012682
32,4,31,4,7.766478006960824,8.330705321975984,0.5642273150151595,10.011647030012682
32,4,31,5,8.330705321975984,8.937645321944728,0.6069399999687448,10.011647030012682
32,4,31,6,8.937645321944728,9.630109400954098,0.692464079009369,10.011647030012682
32,4,31,7,9.630109400954098,10.009059687028639,0.3789502860745415,10.011647030012682
32,4,31,8,10.009059687028639,10.013413902022876,0.004354214994236827,10.011647030012682
32,5,0,1,4.130354403983802,4.687691612984054,0.5573372090002522,10.017663232050836
32,5,0,2,4.687691612984054,5.254003343987279,0.5663117310032248,10.017663232050836
32,5,0,3,5.254003343987279,5.810282701044343,0.5562793570570648,10.017663232050836
32,5,0,4,5.810282701044343,6.376420504995622,0.5661378039512783,10.017663232050836
32,5,0,5,6.376420504995622,6.93847493105568,0.5620544260600582,10.017663232050836
32,5,0,6,6.93847493105568,7.505779310013168,0.5673043789574876,10.017663232050836
32,5,0,7,7.505779310013168,8.067070065997541,0.5612907559843734,10.017663232050836
32,5,0,8,8.067070065997541,8.645048720063642,0.5779786540661007,10.017663232050836
32,5,0,9,8.645048720063642,9.293943642056547,0.6488949219929054,10.017663232050836
32,5,0,10,9.293943642056547,10.019769369973801,0.725825727917254,10.017663232050836
32,5,1,1,7.505046720965765,8.066021744976752,0.5609750240109861,10.017663232050836
32,5,1,2,8.066021744976752,8.64397163898684,0.5779498940100893,10.017663232050836
32,5,1,3,8.64397163898684,9.293068072991446,0.6490964340046048,10.017663232050836
32,5,1,4,9.293068072991446,10.018966629984789,0.7258985569933429,10.017663232050836
32,5,2,1,1.328086024033837,1.8758211829699576,0.5477351589361206,10.017663232050836
32,5,2,2,1.8758211829699576,2.444096037070267,0.5682748541003093,10.017663232050836
32,5,2,3,2.444096037070267,3.0044565070420504,0.5603604699717835,10.017663232050836
32,5,2,4,3.0044565070420504,3.565561015973799,0.5611045089317486,10.017663232050836
32,5,2,5,3.565561015973799,4.128997249994427,0.563436234020628,10.017663232050836
32,5,2,6,4.128997249994427,4.685713815968484,0.5567165659740567,10.017663232050836
32,5,2,7,4.685713815968484,5.251957196043804,0.5662433800753206,10.017663232050836
32,5,2,8,5.251957196043804,5.808088197023608,0.5561310009798035,10.017663232050836
32,5,2,9,5.808088197023608,6.37440260197036,0.5663144049467519,10.017663232050836
32,5,2,10,6.37440260197036,6.936152353067882,0.5617497510975227,10.017663232050836
32,5,2,11,6.936152353067882,7.50340943003539,0.5672570769675076,10.017663232050836
32,5,2,12,7.50340943003539,8.06394896900747,0.5605395389720798,10.017663232050836
32,5,2,13,8.06394896900747,8.64274651906453,0.578797550057061,10.017663232050836
32,5,2,14,8.64274651906453,9.291920838993974,0.6491743199294433,10.017663232050836
32,5,2,15,9.291920838993974,10.018005765974522,0.7260849269805476,10.017663232050836
32,5,3,1,0.20064325304701924,0.7526573750656098,0.5520141220185906,10.017663232050836
32,5,3,2,0.7526573750656098,1.3282475039595738,0.575590128893964,10.017663232050836
32,5,3,3,1.3282475039595738,1.8759617350297049,0.5477142310701311,10.017663232050836
32,5,3,4,1.8759617350297049,2.444671059027314,0.5687093239976093,10.017663232050836
32,5,3,5,2.444671059027314,3.005572139052674,0.56090108002536,10.017663232050836
32,5,3,6,3.005572139052674,3.566846066969447,0.5612739279167727,10.017663232050836
32,5,3,7,3.566846066969447,4.129651297000237,0.56280523003079,10.017663232050836
32,5,3,8,4.129651297000237,4.685851125977933,0.5561998289776966,10.017663232050836
32,5,3,9,4.685851125977933,5.252093757037073,0.56624263105914,10.017663232050836
32,5,3,10,5.252093757037073,5.80827182601206,0.5561780689749867,10.017663232050836
32,5,3,11,5.80827182601206,6.374526228988543,0.5662544029764831,10.017663232050836
32,5,3,12,6.374526228988543,6.936756921000779,0.5622306920122355,10.017663232050836
32,5,3,13,6.936756921000779,7.503732796991244,0.5669758759904653,10.017663232050836
32,5,3,14,7.503732796991244,8.064856023993343,0.5611232270020992,10.017663232050836
32,5,3,15,8.064856023993343,8.643083723960444,0.5782276999671012,10.017663232050836
32,5,3,16,8.643083723960444,9.292247256962582,0.6491635330021381,10.017663232050836
32,5,3,17,9.292247256962582,10.018202784005553,0.7259555270429701,10.017663232050836
32,5,4,1,1.8762904490577057,2.4447786749806255,0.5684882259229198,10.017663232050836
32,5,4,2,2.4447786749806255,3.0056416110601276,0.5608629360795021,10.017663232050836
32,5,4,3,3.0056416110601276,3.5669114680495113,0.5612698569893837,10.017663232050836
32,5,4,4,3.5669114680495113,4.129714253009297,0.5628027849597856,10.017663232050836
32,5,4,5,4.129714253009297,4.685926688020118,0.5562124350108206,10.017663232050836
32,5,4,6,4.685926688020118,5.252169038983993,0.5662423509638757,10.017663232050836
32,5,4,7,5.252169038983993,5.808348638005555,0.5561795990215614,10.017663232050836
32,5,4,8,5.808348638005555,6.37463655101601,0.5662879130104557,10.017663232050836
32,5,4,9,6.37463655101601,6.936824403004721,0.5621878519887105,10.017663232050836
32,5,4,10,6.936824403004721,7.5037989190313965,0.5669745160266757,10.017663232050836
32,5,4,11,7.5037989190313965,8.064942697063088,0.5611437780316919,10.017663232050836
32,5,4,12,8.064942697063088,8.643147143069655,0.5782044460065663,10.017663232050836
32,5,4,13,8.643147143069655,9.292312899022363,0.6491657559527084,10.017663232050836
32,5,4,14,9.292312899022363,10.01826558005996,0.7259526810375974,10.017663232050836
32,5,5,1,0.7523404610110447,1.3276899399934337,0.575349478982389,10.017663232050836
32,5,5,2,1.3276899399934337,1.8756932079559192,0.5480032679624856,10.017663232050836
32,5,5,3,1.8756932079559192,2.4440204850398004,0.5683272770838812,10.017663232050836
32,5,5,4,2.4440204850398004,3.0043704140698537,0.5603499290300533,10.017663232050836
32,5,5,5,3.0043704140698537,3.5654727100627497,0.561102295992896,10.017663232050836
32,5,5,6,3.5654727100627497,4.1289212859701365,0.5634485759073868,10.017663232050836
32,5,5,7,4.1289212859701365,4.686056834994815,0.5571355490246788,10.017663232050836
32,5,5,8,4.686056834994815,5.252304321969859,0.566247486975044,10.017663232050836
32,5,5,9,5.252304321969859,5.808957864996046,0.5566535430261865,10.017663232050836
32,5,5,10,5.808957864996046,6.37516631395556,0.5662084489595145,10.017663232050836
32,5,5,11,6.37516631395556,6.937104296055622,0.5619379821000621,10.017663232050836
32,5,5,12,6.937104296055622,7.50403773796279,0.5669334419071674,10.017663232050836
32,5,5,13,7.50403773796279,8.06524545501452,0.5612077170517296,10.017663232050836
32,5,5,14,8.06524545501452,8.643394323065877,0.5781488680513576,10.017663232050836
32,5,5,15,8.643394323065877,9.292559760971926,0.6491654379060492,10.017663232050836
32,5,5,16,9.292559760971926,10.018504681997001,0.725944921025075,10.017663232050836
32,5,6,2,-0.3685574650298804,0.20090308401267976,0.5694605490425602,10.017663232050836
32,5,6,3,0.20090308401267976,0.752737679053098,0.5518345950404182,10.017663232050836
32,5,6,4,0.752737679053098,1.3286831270670518,0.5759454480139539,10.017663232050836
32,5,6,5,1.3286831270670518,1.8764697350561619,0.54778660798911,10.017663232050836
32,5,6,6,1.8764697350561619,2.4449084589723498,0.5684387239161879,10.017663232050836
32,5,6,7,2.4449084589723498,3.005763489054516,0.5608550300821662,10.017663232050836
32,5,6,8,3.005763489054516,3.567038357956335,0.561274868901819,10.017663232050836
32,5,6,9,3.567038357956335,4.13048902398441,0.5634506660280749,10.017663232050836
32,5,6,10,4.13048902398441,4.687380368006416,0.5568913440220058,10.017663232050836
32,5,6,11,4.687380368006416,5.253764291992411,0.5663839239859954,10.017663232050836
32,5,6,12,5.253764291992411,5.809727409039624,0.555963117047213,10.017663232050836
32,5,6,13,5.809727409039624,6.376125412993133,0.566398003953509,10.017663232050836
32,5,6,14,6.376125412993133,6.938196846982464,0.5620714339893311,10.017663232050836
32,5,6,15,6.938196846982464,7.505517345038243,0.5673204980557784,10.017663232050836
32,5,6,16,7.505517345038243,8.066486577037722,0.5609692319994792,10.017663232050836
32,5,6,17,8.066486577037722,8.644354104064405,0.5778675270266831,10.017663232050836
32,5,6,18,8.644354104064405,9.2935126980301,0.6491585939656943,10.017663232050836
32,5,6,19,9.2935126980301,10.019369313959032,0.725856615928933,10.017663232050836
32,5,7,1,6.375763908959925,6.937549985013902,0.561786076053977,10.017663232050836
32,5,7,2,6.937549985013902,7.504764509038068,0.5672145240241662,10.017663232050836
32,5,7,3,7.504764509038068,8.065913610043935,0.5611491010058671,10.017663232050836
32,5,7,4,8.065913610043935,8.643914346001111,0.5780007359571755,10.017663232050836
32,5,7,5,8.643914346001111,9.29301124799531,0.6490969019941986,10.017663232050836
32,5,7,6,9.29301124799531,10.018908233032562,0.7258969850372523,10.017663232050836
32,5,8,1,1.3286101369885728,1.8764039010275155,0.5477937640389428,10.017663232050836
32,5,8,2,1.8764039010275155,2.4448417800012976,0.5684378789737821,10.017663232050836
32,5,8,3,2.4448417800012976,3.0057028270093724,0.5608610470080748,10.017663232050836
32,5,8,4,3.0057028270093724,3.5669745940249413,0.5612717670155689,10.017663232050836
32,5,8,5,3.5669745940249413,4.130419758963399,0.5634451649384573,10.017663232050836
32,5,8,6,4.130419758963399,4.6866561480565,0.556236389093101,10.017663232050836
32,5,8,7,4.6866561480565,5.252999040065333,0.5663428920088336,10.017663232050836
32,5,8,8,5.252999040065333,5.809250785037875,0.5562517449725419,10.017663232050836
32,5,8,9,5.809250785037875,6.3754305499605834,0.5661797649227083,10.017663232050836
32,5,8,10,6.3754305499605834,6.937324827071279,0.5618942771106958,10.017663232050836
32,5,8,11,6.937324827071279,7.504644989967346,0.5673201628960669,10.017663232050836
32,5,8,12,7.504644989967346,8.065671755000949,0.5610267650336027,10.017663232050836
32,5,8,13,8.065671755000949,8.643801458994858,0.5781297039939091,10.017663232050836
32,5,8,14,8.643801458994858,9.292895858059637,0.6490943990647793,10.017663232050836
32,5,8,15,9.292895858059637,10.018798395060003,0.7259025370003656,10.017663232050836
32,5,9,1,6.937950232997537,7.505249641020782,0.5672994080232456,10.017663232050836
32,5,9,2,7.505249641020782,8.06623101606965,0.5609813750488684,10.017663232050836
32,5,9,3,8.06623101606965,8.644134960020892,0.5779039439512417,10.017663232050836
32,5,9,4,8.644134960020892,9.293233243981376,0.649098283960484,10.017663232050836
32,5,9,5,9.293233243981376,10.01913886400871,0.7259056200273335,10.017663232050836
32,5,10,1,4.687210327014327,5.253640757058747,0.5664304300444201,10.017663232050836
32,5,10,2,5.253640757058747,5.809603872010484,0.5559631149517372,10.017663232050836
32,5,10,3,5.809603872010484,6.376020831055939,0.5664169590454549,10.017663232050836
32,5,10,4,6.376020831055939,6.938078592997044,0.5620577619411051,10.017663232050836
32,5,10,5,6.938078592997044,7.505405458039604,0.5673268650425598,10.017663232050836
32,5,10,6,7.505405458039604,8.066363311023451,0.5609578529838473,10.017663232050836
32,5,10,7,8.066363311023451,8.6442428950686,0.5778795840451494,10.017663232050836
32,5,10,8,8.6442428950686,9.29339051397983,0.6491476189112291,10.017663232050836
32,5,10,9,9.29339051397983,10.019255833001807,0.7258653190219775,10.017663232050836
32,5,11,1,8.64497136103455,9.293878940981813,0.648907579947263,10.017663232050836
32,5,11,2,9.293878940981813,10.01971321401652,0.7258342730347067,10.017663232050836
32,5,12,1,0.7531349019845948,1.3287785860011354,0.5756436840165406,10.017663232050836
32,5,12,2,1.3287785860011354,1.876541798003018,0.5477632120018825,10.017663232050836
32,5,12,3,1.876541798003018,2.4449716300005093,0.5684298319974914,10.017663232050836
32,5,12,4,2.4449716300005093,3.0058257749769837,0.5608541449764743,10.017663232050836
32,5,12,5,3.0058257749769837,3.56710101000499,0.5612752350280061,10.017663232050836
32,5,12,6,3.56710101000499,4.1305514220148325,0.5634504120098427,10.017663232050836
32,5,12,7,4.1305514220148325,4.6859953900566325,0.5554439680418,10.017663232050836
32,5,12,8,4.6859953900566325,5.2522389240330085,0.5662435339763761,10.017663232050836
32,5,12,9,5.2522389240330085,5.808891577995382,0.5566526539623737,10.017663232050836
32,5,12,10,5.808891577995382,6.374793582013808,0.5659020040184259,10.017663232050836
32,5,12,11,6.374793582013808,6.936950527015142,0.562156945001334,10.017663232050836
32,5,12,12,6.936950527015142,7.50391882006079,0.5669682930456474,10.017663232050836
32,5,12,13,7.50391882006079,8.065097182057798,0.5611783619970083,10.017663232050836
32,5,12,14,8.065097182057798,8.643276510061696,0.5781793280038983,10.017663232050836
32,5,12,15,8.643276510061696,9.292433131020516,0.64915662095882,10.017663232050836
32,5,12,16,9.292433131020516,10.018386031966656,0.7259529009461403,10.017663232050836
32,5,13,1,5.8102154430234805,6.376366748008877,0.5661513049853966,10.017663232050836
32,5,13,2,6.376366748008877,6.938419562065974,0.5620528140570968,10.017663232050836
32,5,13,3,6.938419562065974,7.505728901014663,0.5673093389486894,10.017663232050836
32,5,13,4,7.505728901014663,8.067016549990512,0.5612876489758492,10.017663232050836
32,5,13,5,8.067016549990512,8.644665839034133,0.5776492890436202,10.017663232050836
32,5,13,6,8.644665839034133,9.293791532050818,0.6491256930166855,10.017663232050836
32,5,13,7,9.293791532050818,10.019655943033285,0.7258644109824672,10.017663232050836
32,5,14,1,2.445258646970615,3.005927368067205,0.5606687210965902,10.017663232050836
32,5,14,2,3.005927368067205,3.5671625999966636,0.5612352319294587,10.017663232050836
32,5,14,3,3.5671625999966636,4.130615342059173,0.5634527420625091,10.017663232050836
32,5,14,4,4.130615342059173,4.687443061033264,0.5568277189740911,10.017663232050836
32,5,14,5,4.687443061033264,5.253826268017292,0.5663832069840282,10.017663232050836
32,5,14,6,5.253826268017292,5.809787431033328,0.5559611630160362,10.017663232050836
32,5,14,7,5.809787431033328,6.376177916070446,0.5663904850371182,10.017663232050836
32,5,14,8,6.376177916070446,6.938251510960981,0.5620735948905349,10.017663232050836
32,5,14,9,6.938251510960981,7.505571485962719,0.5673199750017375,10.017663232050836
32,5,14,10,7.505571485962719,8.066551801981404,0.5609803160186857,10.017663232050836
32,5,14,11,8.066551801981404,8.644409502041526,0.5778577000601217,10.017663232050836
32,5,14,12,8.644409502041526,9.293568748049438,0.6491592460079119,10.017663232050836
32,5,14,13,9.293568748049438,10.019427209044807,0.7258584609953687,10.017663232050836
32,5,15,1,6.9366026549832895,7.503595200018026,0.5669925450347364,10.017663232050836
32,5,15,2,7.503595200018026,8.064126329962164,0.5605311299441382,10.017663232050836
32,5,15,3,8.064126329962164,8.642878192011267,0.5787518620491028,10.017663232050836
32,5,15,4,8.642878192011267,9.292061385000125,0.6491831929888576,10.017663232050836
32,5,15,5,9.292061385000125,10.018080587964505,0.7260192029643804,10.017663232050836
32,5,16,1,-0.3687447119737044,0.2008251000661403,0.5695698120398447,10.017663232050836
32,5,16,2,0.2008251000661403,0.7525290689663962,0.5517039689002559,10.017663232050836
32,5,16,3,0.7525290689663962,1.3281783040147275,0.5756492350483313,10.017663232050836
32,5,16,4,1.3281783040147275,1.8758960369741544,0.5477177329594269,10.017663232050836
32,5,16,5,1.8758960369741544,2.4445637660101056,0.5686677290359512,10.017663232050836
32,5,16,6,2.4445637660101056,3.0051461319671944,0.5605823659570888,10.017663232050836
32,5,16,7,3.0051461319671944,3.5663179870462045,0.5611718550790101,10.017663232050836
32,5,16,8,3.5663179870462045,4.1294023339869455,0.5630843469407409,10.017663232050836
32,5,16,9,4.1294023339869455,4.687578186974861,0.5581758529879153,10.017663232050836
32,5,16,10,4.687578186974861,5.253945225966163,0.5663670389913023,10.017663232050836
32,5,16,11,5.253945225966163,5.809902896056883,0.5559576700907201,10.017663232050836
32,5,16,12,5.809902896056883,6.376281365985051,0.5663784699281678,10.017663232050836
32,5,16,13,6.376281365985051,6.93836323695723,0.5620818709721789,10.017663232050836
32,5,16,14,6.93836323695723,7.505677481065504,0.5673142441082746,10.017663232050836
32,5,16,15,7.505677481065504,8.06666266801767,0.5609851869521663,10.017663232050836
32,5,16,16,8.06666266801767,8.64453135302756,0.5778686850098893,10.017663232050836
32,5,16,17,8.64453135302756,9.293680781964213,0.6491494289366528,10.017663232050836
32,5,16,18,9.293680781964213,10.019544412032701,0.7258636300684884,10.017663232050836
32,5,17,1,3.005065770004876,3.566242872038856,0.5611771020339802,10.017663232050836
32,5,17,2,3.566242872038856,4.12933194602374,0.5630890739848837,10.017663232050836
32,5,17,3,4.12933194602374,4.686592373996973,0.5572604279732332,10.017663232050836
32,5,17,4,4.686592373996973,5.252931899973191,0.5663395259762183,10.017663232050836
32,5,17,5,5.252931899973191,5.80918517196551,0.5562532719923183,10.017663232050836
32,5,17,6,5.80918517196551,6.375332165975124,0.566146994009614,10.017663232050836
32,5,17,7,6.375332165975124,6.937270718044601,0.5619385520694777,10.017663232050836
32,5,17,8,6.937270718044601,7.504207425983623,0.5669367079390213,10.017663232050836
32,5,17,9,7.504207425983623,8.06546638906002,0.5612589630763978,10.017663232050836
32,5,17,10,8.06546638906002,8.643617789959535,0.5781514008995146,10.017663232050836
32,5,17,11,8.643617789959535,9.29272651602514,0.6491087260656059,10.017663232050836
32,5,17,12,9.29272651602514,10.018681109067984,0.725954593042843,10.017663232050836
32,5,18,1,6.375105972983874,6.9370439109625295,0.5619379379786551,10.017663232050836
32,5,18,2,6.9370439109625295,7.503979022032581,0.5669351110700518,10.017663232050836
32,5,18,3,7.503979022032581,8.065174111048691,0.5611950890161097,10.017663232050836
32,5,18,4,8.065174111048691,8.643336351960897,0.5781622409122065,10.017663232050836
32,5,18,5,8.643336351960897,9.292502947966568,0.6491665960056707,10.017663232050836
32,5,18,6,9.292502947966568,10.018443932989612,0.725940985023044,10.017663232050836
32,5,19,1,5.252801422029734,5.809121662983671,0.5563202409539372,10.017663232050836
32,5,19,2,5.809121662983671,6.375278842053376,0.5661571790697053,10.017663232050836
32,5,19,3,6.375278842053376,6.937216534046456,0.5619376919930801,10.017663232050836
32,5,19,4,6.937216534046456,7.504152356064878,0.5669358220184222,10.017663232050836
32,5,19,5,7.504152356064878,8.065396071062423,0.5612437149975449,10.017663232050836
32,5,19,6,8.065396071062423,8.643562257057056,0.5781661859946325,10.017663232050836
32,5,19,7,8.643562257057056,9.292672790004872,0.649110532947816,10.017663232050836
32,5,19,8,9.292672790004872,10.01862191001419,0.725949120009318,10.017663232050836
32,5,20,1,8.064655345049687,8.643013673019595,0.5783583279699087,10.017663232050836
32,5,20,2,8.643013673019595,9.292134513962083,0.6491208409424871,10.017663232050836
32,5,20,3,9.292134513962083,10.018143916036934,0.7260094020748511,10.017663232050836
32,5,21,1,7.504529400961474,8.065592151018791,0.5610627500573173,10.017663232050836
32,5,21,2,8.065592151018791,8.64367461099755,0.5780824599787593,10.017663232050836
32,5,21,3,8.64367461099755,9.292829027050175,0.6491544160526246,10.017663232050836
32,5,21,4,9.292829027050175,10.0187409670325,0.7259119399823248,10.017663232050836
32,5,22,1,3.00550112396013,3.5664431389886886,0.5609420150285587,10.017663232050836
32,5,22,2,3.5664431389886886,4.129470961983316,0.5630278229946271,10.017663232050836
32,5,22,3,4.129470961983316,4.686718955053948,0.5572479930706322,10.017663232050836
32,5,22,4,4.686718955053948,5.253060961025767,0.5663420059718192,10.017663232050836
32,5,22,5,5.253060961025767,5.809314236976206,0.5562532759504393,10.017663232050836
32,5,22,6,5.809314236976206,6.375493708066642,0.566179471090436,10.017663232050836
32,5,22,7,6.375493708066642,6.937447107047774,0.5619533989811316,10.017663232050836
32,5,22,8,6.937447107047774,7.504706998006441,0.5672598909586668,10.017663232050836
32,5,22,9,7.504706998006441,8.065746200969443,0.561039202963002,10.017663232050836
32,5,22,10,8.065746200969443,8.643860009964556,0.5781138089951128,10.017663232050836
32,5,22,11,8.643860009964556,9.292956409975886,0.6490964000113308,10.017663232050836
32,5,22,12,9.292956409975886,10.01885419106111,0.725897781085223,10.017663232050836
32,5,23,1,1.8755319269839674,2.443870897986926,0.5683389710029587,10.017663232050836
32,5,23,2,2.443870897986926,3.0041888039559126,0.5603179059689865,10.017663232050836
32,5,23,3,3.0041888039559126,3.565329901059158,0.5611410971032456,10.017663232050836
32,5,23,4,3.565329901059158,4.128741694032215,0.5634117929730564,10.017663232050836
32,5,23,5,4.128741694032215,4.687752339988947,0.5590106459567323,10.017663232050836
32,5,23,6,4.687752339988947,5.2540632570162416,0.5663109170272946,10.017663232050836
32,5,23,7,5.2540632570162416,5.810340606956743,0.5562773499405012,10.017663232050836
32,5,23,8,5.810340606956743,6.376471656025387,0.5661310490686446,10.017663232050836
32,5,23,9,6.376471656025387,6.938534763990901,0.5620631079655141,10.017663232050836
32,5,23,10,6.938534763990901,7.505837060045451,0.5673022960545495,10.017663232050836
32,5,23,11,7.505837060045451,8.067122300970368,0.5612852409249172,10.017663232050836
32,5,23,12,8.067122300970368,8.645107854972593,0.5779855540022254,10.017663232050836
32,5,23,13,8.645107854972593,9.29399990697857,0.6488920520059764,10.017663232050836
32,5,23,14,9.29399990697857,10.019826180068776,0.7258262730902061,10.017663232050836
32,5,24,1,3.5667456859955564,4.129586467053741,0.5628407810581848,10.017663232050836
32,5,24,2,4.129586467053741,4.686889540986158,0.5573030739324167,10.017663232050836
32,5,24,3,4.686889540986158,5.25354080600664,0.5666512650204822,10.017663232050836
32,5,24,4,5.25354080600664,5.809544640011154,0.5560038340045139,10.017663232050836
32,5,24,5,5.809544640011154,6.375966549036093,0.5664219090249389,10.017663232050836
32,5,24,6,6.375966549036093,6.938010980957188,0.5620444319210947,10.017663232050836
32,5,24,7,6.938010980957188,7.505352623062208,0.5673416421050206,10.017663232050836
32,5,24,8,7.505352623062208,8.066298593999818,0.5609459709376097,10.017663232050836
32,5,24,9,8.066298593999818,8.644189301063307,0.5778907070634887,10.017663232050836
32,5,24,10,8.644189301063307,9.293334617977962,0.6491453169146553,10.017663232050836
32,5,24,11,9.293334617977962,10.01919798599556,0.725863368017599,10.017663232050836
32,5,25,1,5.25341915898025,5.8094708090648055,0.5560516500845551,10.017663232050836
32,5,25,2,5.8094708090648055,6.3758763710502535,0.566405561985448,10.017663232050836
32,5,25,3,6.3758763710502535,6.937662102049217,0.5617857309989631,10.017663232050836
32,5,25,4,6.937662102049217,7.5051658529555425,0.5675037509063259,10.017663232050836
32,5,25,5,7.5051658529555425,8.066171779995784,0.5610059270402417,10.017663232050836
32,5,25,6,8.066171779995784,8.644080469966866,0.5779086899710819,10.017663232050836
32,5,25,7,8.644080469966866,9.293178754043765,0.6490982840768993,10.017663232050836
32,5,25,8,9.293178754043765,10.019080808968283,0.7259020549245179,10.017663232050836
32,5,26,1,5.8087263610213995,6.374732036958449,0.5660056759370491,10.017663232050836
32,5,26,2,6.374732036958449,6.936887477058917,0.5621554401004687,10.017663232050836
32,5,26,3,6.936887477058917,7.503861058037728,0.5669735809788108,10.017663232050836
32,5,26,4,7.503861058037728,8.06501985504292,0.5611587970051914,10.017663232050836
32,5,26,5,8.06501985504292,8.643206067965366,0.5781862129224464,10.017663232050836
32,5,26,6,8.643206067965366,9.292373965028673,0.6491678970633075,10.017663232050836
32,5,26,7,9.292373965028673,10.018324982956983,0.7259510179283097,10.017663232050836
32,5,27,1,4.686505394987762,5.252413501031697,0.5659081060439348,10.017663232050836
32,5,27,2,5.252413501031697,5.809020656044595,0.5566071550128981,10.017663232050836
32,5,27,3,5.809020656044595,6.375223261071369,0.5662026050267741,10.017663232050836
32,5,27,4,6.375223261071369,6.93716116505675,0.5619379039853811,10.017663232050836
32,5,27,5,6.93716116505675,7.50409480498638,0.5669336399296299,10.017663232050836
32,5,27,6,7.50409480498638,8.065321883070283,0.5612270780839026,10.017663232050836
32,5,27,7,8.065321883070283,8.643501518061385,0.5781796349911019,10.017663232050836
32,5,27,8,8.643501518061385,9.292616129969247,0.6491146119078621,10.017663232050836
32,5,27,9,9.292616129969247,10.018565354985185,0.7259492250159383,10.017663232050836
32,5,28,1,2.444470055983402,3.004578017978929,0.5601079619955271,10.017663232050836
32,5,28,2,3.004578017978929,3.5656325579620898,0.5610545399831608,10.017663232050836
32,5,28,3,3.5656325579620898,4.129067142028362,0.5634345840662718,10.017663232050836
32,5,28,4,4.129067142028362,4.686780488002114,0.5577133459737524,10.017663232050836
32,5,28,5,4.686780488002114,5.253121510031633,0.5663410220295191,10.017663232050836
32,5,28,6,5.253121510031633,5.80937300005462,0.5562514900229871,10.017663232050836
32,5,28,7,5.80937300005462,6.3758220670279115,0.5664490669732913,10.017663232050836
32,5,28,8,6.3758220670279115,6.937605894985609,0.5617838279576972,10.017663232050836
32,5,28,9,6.937605894985609,7.5051092490321025,0.5675033540464938,10.017663232050836
32,5,28,10,7.5051092490321025,8.06610096397344,0.5609917149413377,10.017663232050836
32,5,28,11,8.06610096397344,8.644025612971745,0.5779246489983052,10.017663232050836
32,5,28,12,8.644025612971745,9.293124743970111,0.6490991309983656,10.017663232050836
32,5,28,13,9.293124743970111,10.019023558008485,0.7258988140383735,10.017663232050836
32,5,29,1,8.06695521203801,8.644610867020674,0.5776556549826637,10.017663232050836
32,5,29,2,8.644610867020674,9.293734680046327,0.6491238130256534,10.017663232050836
32,5,29,3,9.293734680046327,10.01959954504855,0.7258648650022224,10.017663232050836
32,5,30,1,3.566097154049203,4.129181546042673,0.5630843919934705,10.017663232050836
32,5,30,2,4.129181546042673,4.68751467904076,0.5583331329980865,10.017663232050836
32,5,30,3,4.68751467904076,5.2538848529802635,0.5663701739395037,10.017663232050836
32,5,30,4,5.2538848529802635,5.809843783034012,0.5559589300537482,10.017663232050836
32,5,30,5,5.809843783034012,6.376229507965036,0.566385724931024,10.017663232050836
32,5,30,6,6.376229507965036,6.938306545023806,0.5620770370587707,10.017663232050836
32,5,30,7,6.938306545023806,7.505623067962006,0.5673165229381993,10.017663232050836
32,5,30,8,7.505623067962006,8.066606304957531,0.5609832369955257,10.017663232050836
32,5,30,9,8.066606304957531,8.644464293960482,0.5778579890029505,10.017663232050836
32,5,30,10,8.644464293960482,9.29362312098965,0.6491588270291686,10.017663232050836
32,5,30,11,9.29362312098965,10.019488173071295,0.7258650520816445,10.017663232050836
32,5,31,1,4.130066500976682,4.687316801049747,0.5572503000730649,10.017663232050836
32,5,31,2,4.687316801049747,5.253701834008098,0.5663850329583511,10.017663232050836
32,5,31,3,5.253701834008098,5.80966313299723,0.555961298989132,10.017663232050836
32,5,31,4,5.80966313299723,6.376073274994269,0.5664101419970393,10.017663232050836
32,5,31,5,6.376073274994269,6.9381376809906214,0.5620644059963524,10.017663232050836
32,5,31,6,6.9381376809906214,7.5054582570446655,0.5673205760540441,10.017663232050836
32,5,31,7,7.5054582570446655,8.066422283067368,0.5609640260227025,10.017663232050836
32,5,31,8,8.066422283067368,8.644298352999613,0.5778760699322447,10.017663232050836
32,5,31,9,8.644298352999613,9.293444958981127,0.6491466059815139,10.017663232050836
32,5,31,10,9.293444958981127,10.019312840071507,0.7258678810903803,10.017663232050836
32,6,0,1,3.0000463488977402,3.5576158550102264,0.5575695061124861,10.030483840964735
32,6,0,2,3.5576158550102264,4.125537129002623,0.5679212739923969,10.030483840964735
32,6,0,3,4.125537129002623,4.682090835995041,0.5565537069924176,10.030483840964735
32,6,0,4,4.682090835995041,5.248316286946647,0.566225450951606,10.030483840964735
32,6,0,5,5.248316286946647,5.807023143977858,0.5587068570312113,10.030483840964735
32,6,0,6,5.807023143977858,6.374877334921621,0.5678541909437627,10.030483840964735
32,6,0,7,6.374877334921621,6.936606946983375,0.5617296120617539,10.030483840964735
32,6,0,8,6.936606946983375,7.505346367950551,0.5687394209671766,10.030483840964735
32,6,0,9,7.505346367950551,8.07212134997826,0.5667749820277095,10.030483840964735
32,6,0,10,8.07212134997826,8.646693871007301,0.5745725210290402,10.030483840964735
32,6,0,11,8.646693871007301,9.30096203298308,0.6542681619757786,10.030483840964735
32,6,0,12,9.30096203298308,10.03178483294323,0.7308227999601513,10.030483840964735
32,6,1,1,2.434758262941614,2.99939731892664,0.5646390559850261,10.030483840964735
32,6,1,2,2.99939731892664,3.5570885979104787,0.5576912789838389,10.030483840964735
32,6,1,3,3.5570885979104787,4.125293438904919,0.56820484099444,10.030483840964735
32,6,1,4,4.125293438904919,4.682898220955394,0.5576047820504755,10.030483840964735
32,6,1,5,4.682898220955394,5.2488813939271495,0.5659831729717553,10.030483840964735
32,6,1,6,5.2488813939271495,5.807897184975445,0.5590157910482958,10.030483840964735
32,6,1,7,5.807897184975445,6.375413003959693,0.5675158189842477,10.030483840964735
32,6,1,8,6.375413003959693,6.9374867680016905,0.5620737640419975,10.030483840964735
32,6,1,9,6.9374867680016905,7.50636500690598,0.5688782389042899,10.030483840964735
32,6,1,10,7.50636500690598,8.073520520934835,0.5671555140288547,10.030483840964735
32,6,1,11,8.073520520934835,8.6474604109535,0.5739398900186643,10.030483840964735
32,6,1,12,8.6474604109535,9.301837107981555,0.6543766970280558,10.030483840964735
32,6,1,13,9.301837107981555,10.032528968993574,0.7306918610120192,10.030483840964735
32,6,2,1,0.7369675619993359,1.3116375129902735,0.5746699509909377,10.030483840964735
32,6,2,2,1.3116375129902735,1.8641341889742762,0.5524966759840026,10.030483840964735
32,6,2,3,1.8641341889742762,2.4348251229384914,0.5706909339642152,10.030483840964735
32,6,2,4,2.4348251229384914,3.000111519009806,0.5652863960713148,10.030483840964735
32,6,2,5,3.000111519009806,3.5579886389896274,0.5578771199798211,10.030483840964735
32,6,2,6,3.5579886389896274,4.126360023976304,0.5683713849866763,10.030483840964735
32,6,2,7,4.126360023976304,4.681269116001204,0.5549090920249,10.030483840964735
32,6,2,8,4.681269116001204,5.24714277300518,0.5658736570039764,10.030483840964735
32,6,2,9,5.24714277300518,5.8063348239520565,0.5591920509468764,10.030483840964735
32,6,2,10,5.8063348239520565,6.373605013010092,0.5672701890580356,10.030483840964735
32,6,2,11,6.373605013010092,6.935447953990661,0.5618429409805685,10.030483840964735
32,6,2,12,6.935447953990661,7.504425183986314,0.568977229995653,10.030483840964735
32,6,2,13,7.504425183986314,8.071276207920164,0.5668510239338502,10.030483840964735
32,6,2,14,8.071276207920164,8.645240198005922,0.5739639900857583,10.030483840964735
32,6,2,15,8.645240198005922,9.299954532994889,0.6547143349889666,10.030483840964735
32,6,2,16,9.299954532994889,10.030913550988771,0.7309590179938823,10.030483840964735
32,6,3,1,0.7364137569675222,1.3110458289738744,0.5746320720063522,10.030483840964735
32,6,3,2,1.3110458289738744,1.8632173369405791,0.5521715079667047,10.030483840964735
32,6,3,3,1.8632173369405791,2.434056280995719,0.57083894405514,10.030483840964735
32,6,3,4,2.434056280995719,2.9989346109796315,0.5648783299839124,10.030483840964735
32,6,3,5,2.9989346109796315,3.5567037129076198,0.5577691019279882,10.030483840964735
32,6,3,6,3.5567037129076198,4.124881931929849,0.5681782190222293,10.030483840964735
32,6,3,7,4.124881931929849,4.682620237930678,0.5577383060008287,10.030483840964735
32,6,3,8,4.682620237930678,5.24864693696145,0.5660266990307719,10.030483840964735
32,6,3,9,5.24864693696145,5.807302127941512,0.5586551909800619,10.030483840964735
32,6,3,10,5.807302127941512,6.375106042949483,0.5678039150079712,10.030483840964735
32,6,3,11,6.375106042949483,6.93690589198377,0.561799849034287,10.030483840964735
32,6,3,12,6.93690589198377,7.5055947579676285,0.5686888659838587,10.030483840964735
32,6,3,13,7.5055947579676285,8.072421845979989,0.56682708801236,10.030483840964735
32,6,3,14,8.072421845979989,8.646925861947238,0.5745040159672499,10.030483840964735
32,6,3,15,8.646925861947238,9.30123298696708,0.6543071250198409,10.030483840964735
32,6,3,16,9.30123298696708,10.032015140983276,0.7307821540161967,10.030483840964735
32,6,4,1,6.937423191964626,7.506304494920187,0.5688813029555604,10.030483840964735
32,6,4,2,7.506304494920187,8.073172885924578,0.566868391004391,10.030483840964735
32,6,4,3,8.073172885924578,8.647331685991958,0.5741588000673801,10.030483840964735
32,6,4,4,8.647331685991958,9.301706848898903,0.6543751629069448,10.030483840964735
32,6,4,5,9.301706848898903,10.032410016981885,0.7307031680829823,10.030483840964735
32,6,5,1,8.072947989916429,8.647166217910126,0.5742182279936969,10.030483840964735
32,6,5,2,8.647166217910126,9.301491040969267,0.6543248230591416,10.030483840964735
32,6,5,3,9.301491040969267,10.032239059917629,0.7307480189483613,10.030483840964735
32,6,6,1,4.682550712954253,5.248588024987839,0.5660373120335862,10.030483840964735
32,6,6,2,5.248588024987839,5.807245292933658,0.5586572679458186,10.030483840964735
32,6,6,3,5.807245292933658,6.375048779998906,0.5678034870652482,10.030483840964735
32,6,6,4,6.375048779998906,6.936848036944866,0.5617992569459602,10.030483840964735
32,6,6,5,6.936848036944866,7.5055352909257635,0.5686872539808974,10.030483840964735
32,6,6,6,7.5055352909257635,8.0723611949943,0.5668259040685371,10.030483840964735
32,6,6,7,8.0723611949943,8.646868834970519,0.5745076399762183,10.030483840964735
32,6,6,8,8.646868834970519,9.301167696947232,0.6542988619767129,10.030483840964735
32,6,6,9,9.301167696947232,10.031957490951754,0.7307897940045223,10.030483840964735
32,6,7,1,6.936538741923869,7.505286482977681,0.5687477410538122,10.030483840964735
32,6,7,2,7.505286482977681,8.072064657928422,0.5667781749507412,10.030483840964735
32,6,7,3,8.072064657928422,8.646615018951707,0.5745503610232845,10.030483840964735
32,6,7,4,8.646615018951707,9.300806725979783,0.654191707028076,10.030483840964735
32,6,7,5,9.300806725979783,10.031728966976516,0.7309222409967333,10.030483840964735
32,6,8,1,6.374705730006099,6.936129465000704,0.5614237349946052,10.030483840964735
32,6,8,2,6.936129465000704,7.505073976935819,0.5689445119351149,10.030483840964735
32,6,8,3,7.505073976935819,8.07194986497052,0.5668758880347013,10.030483840964735
32,6,8,4,8.07194986497052,8.645852980902418,0.5739031159318984,10.030483840964735
32,6,8,5,8.645852980902418,9.300681395921856,0.6548284150194377,10.030483840964735
32,6,8,6,9.300681395921856,10.031607065000571,0.7309256690787151,10.030483840964735
32,6,9,1,2.9997600769856945,3.557186601916328,0.5574265249306336,10.030483840964735
32,6,9,2,3.557186601916328,4.125358610996045,0.5681720090797171,10.030483840964735
32,6,9,3,4.125358610996045,4.680989930988289,0.5556313199922442,10.030483840964735
32,6,9,4,4.680989930988289,5.246883644955233,0.5658937139669433,10.030483840964735
32,6,9,5,5.246883644955233,5.80611255497206,0.5592289100168273,10.030483840964735
32,6,9,6,5.80611255497206,6.3733437289483845,0.5672311739763245,10.030483840964735
32,6,9,7,6.3733437289483845,6.935182596906088,0.5618388679577038,10.030483840964735
32,6,9,8,6.935182596906088,7.504194629960693,0.5690120330546051,10.030483840964735
32,6,9,9,7.504194629960693,8.071051020990126,0.5668563910294324,10.030483840964735
32,6,9,10,8.071051020990126,8.64461164700333,0.5735606260132045,10.030483840964735
32,6,9,11,8.64461164700333,9.299579086946324,0.6549674399429932,10.030483840964735
32,6,9,12,9.299579086946324,10.030710996012203,0.7311319090658799,10.030483840964735
32,6,10,1,8.073448719922453,8.647403787006624,0.5739550670841709,10.030483840964735
32,6,10,2,8.647403787006624,9.301767867989838,0.6543640809832141,10.030483840964735
32,6,10,3,9.301767867989838,10.032468871911988,0.7307010039221495,10.030483840964735
32,6,11,1,0.18408701696898788,0.7372487490065396,0.5531617320375517,10.030483840964735
32,6,11,2,0.7372487490065396,1.3120611949125305,0.5748124459059909,10.030483840964735
32,6,11,3,1.3120611949125305,1.864342249929905,0.5522810550173745,10.030483840964735
32,6,11,4,1.864342249929905,2.4353009699843824,0.5709587200544775,10.030483840964735
32,6,11,5,2.4353009699843824,3.00041907094419,0.5651181009598076,10.030483840964735
32,6,11,6,3.00041907094419,3.5582213609013706,0.5578022899571806,10.030483840964735
32,6,11,7,3.5582213609013706,4.126635924912989,0.5684145640116185,10.030483840964735
32,6,11,8,4.126635924912989,4.682958723977208,0.556322799064219,10.030483840964735
32,6,11,9,4.682958723977208,5.248939880984835,0.5659811570076272,10.030483840964735
32,6,11,10,5.248939880984835,5.808256060932763,0.5593161799479276,10.030483840964735
32,6,11,11,5.808256060932763,6.375554582918994,0.5672985219862312,10.030483840964735
32,6,11,12,6.375554582918994,6.9376085359836,0.5620539530646056,10.030483840964735
32,6,11,13,6.9376085359836,7.506799906957895,0.5691913709742948,10.030483840964735
32,6,11,14,7.506799906957895,8.073730356991291,0.5669304500333965,10.030483840964735
32,6,11,15,8.073730356991291,8.647630475927144,0.5739001189358532,10.030483840964735
32,6,11,16,8.647630475927144,9.302030347986147,0.6543998720590025,10.030483840964735
32,6,11,17,9.302030347986147,10.032699855975807,0.7306695079896599,10.030483840964735
32,6,12,1,6.374067912925966,6.935682371957228,0.5616144590312615,10.030483840964735
32,6,12,2,6.935682371957228,7.50469670293387,0.5690143309766427,10.030483840964735
32,6,12,3,7.50469670293387,8.071530989953317,0.5668342870194465,10.030483840964735
32,6,12,4,8.071530989953317,8.645434258971363,0.5739032690180466,10.030483840964735
32,6,12,5,8.645434258971363,9.300252035958692,0.6548177769873291,10.030483840964735
32,6,12,6,9.300252035958692,10.031241189921275,0.7309891539625823,10.030483840964735
32,6,13,1,1.8640639449004084,2.434423132915981,0.5703591880155727,10.030483840964735
32,6,13,2,2.434423132915981,2.999277064925991,0.5648539320100099,10.030483840964735
32,6,13,3,2.999277064925991,3.5570202548988163,0.5577431899728253,10.030483840964735
32,6,13,4,3.5570202548988163,4.125228044926189,0.5682077900273725,10.030483840964735
32,6,13,5,4.125228044926189,4.68268070591148,0.557452660985291,10.030483840964735
32,6,13,6,4.68268070591148,5.248707026941702,0.5660263210302219,10.030483840964735
32,6,13,7,5.248707026941702,5.80736050393898,0.5586534769972786,10.030483840964735
32,6,13,8,5.80736050393898,6.375162788899615,0.567802284960635,10.030483840964735
32,6,13,9,6.375162788899615,6.9369631769368425,0.5618003880372271,10.030483840964735
32,6,13,10,6.9369631769368425,7.505651154904626,0.5686879779677838,10.030483840964735
32,6,13,11,7.505651154904626,8.072478389949538,0.5668272350449115,10.030483840964735
32,6,13,12,8.072478389949538,8.646980850957334,0.5745024610077962,10.030483840964735
32,6,13,13,8.646980850957334,9.301293827942573,0.6543129769852385,10.030483840964735
32,6,13,14,9.301293827942573,10.032071185996756,0.7307773580541834,10.030483840964735
32,6,14,1,3.557527747936547,4.125466116936877,0.5679383690003306,10.030483840964735
32,6,14,2,4.125466116936877,4.6815415469463915,0.5560754300095141,10.030483840964735
32,6,14,3,4.6815415469463915,5.248063970007934,0.5665224230615422,10.030483840964735
32,6,14,4,5.248063970007934,5.806847948930226,0.5587839789222926,10.030483840964735
32,6,14,5,5.806847948930226,6.374356237007305,0.5675082880770788,10.030483840964735
32,6,14,6,6.374356237007305,6.9359198060119525,0.5615635690046474,10.030483840964735
32,6,14,7,6.9359198060119525,7.5049519969616085,0.5690321909496561,10.030483840964735
32,6,14,8,7.5049519969616085,8.071775713935494,0.5668237169738859,10.030483840964735
32,6,14,9,8.071775713935494,8.645733831916004,0.57395811798051,10.030483840964735
32,6,14,10,8.645733831916004,9.30053611798212,0.6548022860661149,10.030483840964735
32,6,14,11,9.30053611798212,10.031479158904403,0.7309430409222841,10.030483840964735
32,6,15,1,7.506203526980244,8.07310623000376,0.5669027030235156,10.030483840964735
32,6,15,2,8.07310623000376,8.64727416797541,0.5741679379716516,10.030483840964735
32,6,15,3,8.64727416797541,9.301645835977979,0.6543716680025682,10.030483840964735
32,6,15,4,9.301645835977979,10.032350324909203,0.7307044889312238,10.030483840964735
32,6,16,2,-0.3844245100626722,0.1841742319520563,0.5685987420147285,10.030483840964735
32,6,16,3,0.1841742319520563,0.7373344099614769,0.5531601780094206,10.030483840964735
32,6,16,4,0.7373344099614769,1.3121224789647385,0.5747880690032616,10.030483840964735
32,6,16,5,1.3121224789647385,1.8644018459599465,0.552279366995208,10.030483840964735
32,6,16,6,1.8644018459599465,2.435357325943187,0.5709554799832404,10.030483840964735
32,6,16,7,2.435357325943187,3.000489567988552,0.5651322420453653,10.030483840964735
32,6,16,8,3.000489567988552,3.55827686493285,0.5577872969442979,10.030483840964735
32,6,16,9,3.55827686493285,4.126697174971923,0.5684203100390732,10.030483840964735
32,6,16,10,4.126697174971923,4.681406560936011,0.5547093859640881,10.030483840964735
32,6,16,11,4.681406560936011,5.247655708924867,0.5662491479888558,10.030483840964735
32,6,16,12,5.247655708924867,5.806639124988578,0.558983416063711,10.030483840964735
32,6,16,13,5.806639124988578,6.374133258010261,0.5674941330216825,10.030483840964735
32,6,16,14,6.374133258010261,6.935741759953089,0.5616085019428283,10.030483840964735
32,6,16,15,6.935741759953089,7.5047609499888495,0.5690191900357604,10.030483840964735
32,6,16,16,7.5047609499888495,8.071591618005186,0.5668306680163369,10.030483840964735
32,6,16,17,8.071591618005186,8.645501989987679,0.5739103719824925,10.030483840964735
32,6,16,18,8.645501989987679,9.300323759904131,0.6548217699164525,10.030483840964735
32,6,16,19,9.300323759904131,10.031300532980822,0.7309767730766907,10.030483840964735
32,6,17,1,5.247587312012911,5.8065769479144365,0.5589896359015256,10.030483840964735
32,6,17,2,5.8065769479144365,6.373738583992235,0.5671616360777989,10.030483840964735
32,6,17,3,6.373738583992235,6.935588576947339,0.5618499929551035,10.030483840964735
32,6,17,4,6.935588576947339,7.504629895905964,0.5690413189586252,10.030483840964735
32,6,17,5,7.504629895905964,8.071457560989074,0.5668276650831103,10.030483840964735
32,6,17,6,8.071457560989074,8.645370396901853,0.573912835912779,10.030483840964735
32,6,17,7,8.645370396901853,9.300174903008156,0.6548045061063021,10.030483840964735
32,6,17,8,9.300174903008156,10.03117842390202,0.7310035208938643,10.030483840964735
32,6,18,1,4.126291916007176,4.682781304931268,0.556489388924092,10.030483840964735
32,6,18,2,4.682781304931268,5.248766643926501,0.5659853389952332,10.030483840964735
32,6,18,3,5.248766643926501,5.807780017959885,0.559013374033384,10.030483840964735
32,6,18,4,5.807780017959885,6.375303526991047,0.5675235090311617,10.030483840964735
32,6,18,5,6.375303526991047,6.937082023941912,0.5617784969508648,10.030483840964735
32,6,18,6,6.937082023941912,7.505811601993628,0.5687295780517161,10.030483840964735
32,6,18,7,7.505811601993628,8.072598685976118,0.56678708398249,10.030483840964735
32,6,18,8,8.072598685976118,8.647092909901403,0.574494223925285,10.030483840964735
32,6,18,9,8.647092909901403,9.301425462937914,0.6543325530365109,10.030483840964735
32,6,18,10,9.301425462937914,10.032183222938329,0.7307577600004151,10.030483840964735
32,6,19,1,3.557897358899936,4.125639635953121,0.5677422770531848,10.030483840964735
32,6,19,2,4.125639635953121,4.682213641004637,0.556574005051516,10.030483840964735
32,6,19,3,4.682213641004637,5.2484715830069035,0.5662579420022666,10.030483840964735
32,6,19,4,5.2484715830069035,5.807185218902305,0.5587136358954012,10.030483840964735
32,6,19,5,5.807185218902305,6.374992691911757,0.5678074730094522,10.030483840964735
32,6,19,6,6.374992691911757,6.93678755289875,0.5617948609869927,10.030483840964735
32,6,19,7,6.93678755289875,7.505463403998874,0.5686758511001244,10.030483840964735
32,6,19,8,7.505463403998874,8.072238819906488,0.5667754159076139,10.030483840964735
32,6,19,9,8.072238819906488,8.646812315913849,0.5745734960073605,10.030483840964735
32,6,19,10,8.646812315913849,9.301101206918247,0.6542888910043985,10.030483840964735
32,6,19,11,9.301101206918247,10.03189945500344,0.7307982480851933,10.030483840964735
32,6,20,1,4.125979193951935,4.682028638897464,0.5560494449455291,10.030483840964735
32,6,20,2,4.682028638897464,5.248257710947655,0.5662290720501915,10.030483840964735
32,6,20,3,5.248257710947655,5.806966407923028,0.5587086969753727,10.030483840964735
32,6,20,4,5.806966407923028,6.374768170993775,0.5678017630707473,10.030483840964735
32,6,20,5,6.374768170993775,6.93618834100198,0.5614201700082049,10.030483840964735
32,6,20,6,6.93618834100198,7.505186842987314,0.5689985019853339,10.030483840964735
32,6,20,7,7.505186842987314,8.072005615918897,0.5668187729315832,10.030483840964735
32,6,20,8,8.072005615918897,8.645986331976019,0.5739807160571218,10.030483840964735
32,6,20,9,8.645986331976019,9.300743197905831,0.6547568659298122,10.030483840964735
32,6,20,10,9.300743197905831,10.031666899914853,0.7309237020090222,10.030483840964735
32,6,21,1,5.247939591994509,5.806728027993813,0.5587884359993041,10.030483840964735
32,6,21,2,5.806728027993813,6.374195726006292,0.5674676980124786,10.030483840964735
32,6,21,3,6.374195726006292,6.935801832936704,0.5616061069304124,10.030483840964735
32,6,21,4,6.935801832936704,7.504825775977224,0.56902394304052,10.030483840964735
32,6,21,5,7.504825775977224,8.07165398192592,0.5668282059486955,10.030483840964735
32,6,21,6,8.07165398192592,8.6455634359736,0.5739094540476799,10.030483840964735
32,6,21,7,8.6455634359736,9.300399869913235,0.6548364339396358,10.030483840964735
32,6,21,8,9.300399869913235,10.031362010980956,0.730962141067721,10.030483840964735
32,6,22,1,1.8637718209065497,2.4343212969833985,0.5705494760768488,10.030483840964735
32,6,22,2,2.4343212969833985,2.999207561952062,0.5648862649686635,10.030483840964735
32,6,22,3,2.999207561952062,3.556954331928864,0.5577467699768022,10.030483840964735
32,6,22,4,3.556954331928864,4.125156400958076,0.568202069029212,10.030483840964735
32,6,22,5,4.125156400958076,4.681471123010851,0.5563147220527753,10.030483840964735
32,6,22,6,4.681471123010851,5.248002245905809,0.5665311228949577,10.030483840964735
32,6,22,7,5.248002245905809,5.806788499932736,0.558786254026927,10.030483840964735
32,6,22,8,5.806788499932736,6.374256400973536,0.5674679010407999,10.030483840964735
32,6,22,9,6.374256400973536,6.935862139915116,0.5616057389415801,10.030483840964735
32,6,22,10,6.935862139915116,7.504889474948868,0.569027335033752,10.030483840964735
32,6,22,11,7.504889474948868,8.071714996942319,0.5668255219934508,10.030483840964735
32,6,22,12,8.071714996942319,8.645671064965427,0.573956068023108,10.030483840964735
32,6,22,13,8.645671064965427,9.30046453292016,0.6547934679547325,10.030483840964735
32,6,22,14,9.30046453292016,10.031421786989085,0.730957254068926,10.030483840964735
32,6,23,1,8.645164742949419,9.299875831929967,0.6547110889805481,10.030483840964735
32,6,23,2,9.299875831929967,10.030850478913635,0.7309746469836682,10.030483840964735
32,6,24,1,1.311511915992014,1.8633850979385898,0.5518731819465756,10.030483840964735
32,6,24,2,1.8633850979385898,2.4341836229432374,0.5707985250046477,10.030483840964735
32,6,24,3,2.4341836229432374,2.999082871945575,0.5648992490023375,10.030483840964735
32,6,24,4,2.999082871945575,3.556835004943423,0.5577521329978481,10.030483840964735
32,6,24,5,3.556835004943423,4.125030952971429,0.5681959480280057,10.030483840964735
32,6,24,6,4.125030952971429,4.681133145932108,0.5561021929606795,10.030483840964735
32,6,24,7,4.681133145932108,5.24702371598687,0.5658905700547621,10.030483840964735
32,6,24,8,5.24702371598687,5.806262256926857,0.5592385409399867,10.030483840964735
32,6,24,9,5.806262256926857,6.373475578962825,0.5672133220359683,10.030483840964735
32,6,24,10,6.373475578962825,6.935324992984533,0.5618494140217081,10.030483840964735
32,6,24,11,6.935324992984533,7.504349900991656,0.5690249080071226,10.030483840964735
32,6,24,12,7.504349900991656,8.071202819002792,0.5668529180111364,10.030483840964735
32,6,24,13,8.071202819002792,8.644753810949624,0.5735509919468313,10.030483840964735
32,6,24,14,8.644753810949624,9.29975782893598,0.6550040179863572,10.030483840964735
32,6,24,15,9.29975782893598,10.03078455501236,0.7310267260763794,10.030483840964735
32,6,25,1,5.808193699922413,6.37549445789773,0.5673007579753175,10.030483840964735
32,6,25,2,6.37549445789773,6.937552467919886,0.5620580100221559,10.030483840964735
32,6,25,3,6.937552467919886,7.50642503995914,0.568872572039254,10.030483840964735
32,6,25,4,7.50642503995914,8.073576902970672,0.5671518630115315,10.030483840964735
32,6,25,5,8.073576902970672,8.647523139952682,0.5739462369820103,10.030483840964735
32,6,25,6,8.647523139952682,9.301897089928389,0.6543739499757066,10.030483840964735
32,6,25,7,9.301897089928389,10.03258822800126,0.7306911380728707,10.030483840964735
32,6,26,1,1.3119871229864657,1.8642821109388024,0.5522949879523367,10.030483840964735
32,6,26,2,1.8642821109388024,2.4352414729073644,0.570959361968562,10.030483840964735
32,6,26,3,2.4352414729073644,3.0003584269434214,0.565116954036057,10.030483840964735
32,6,26,4,3.0003584269434214,3.5581644559279084,0.5578060289844871,10.030483840964735
32,6,26,5,3.5581644559279084,4.12656080594752,0.5683963500196114,10.030483840964735
32,6,26,6,4.12656080594752,4.682150798966177,0.555589993018657,10.030483840964735
32,6,26,7,4.682150798966177,5.248375928960741,0.5662251299945638,10.030483840964735
32,6,26,8,5.248375928960741,5.807079953956418,0.5587040249956772,10.030483840964735
32,6,26,9,5.807079953956418,6.3749353039311245,0.5678553499747068,10.030483840964735
32,6,26,10,6.3749353039311245,6.9367242970038205,0.561788993072696,10.030483840964735
32,6,26,11,6.9367242970038205,7.505404561990872,0.5686802649870515,10.030483840964735
32,6,26,12,7.505404561990872,8.072180883958936,0.5667763219680637,10.030483840964735
32,6,26,13,8.072180883958936,8.64675463794265,0.5745737539837137,10.030483840964735
32,6,26,14,8.64675463794265,9.301037172903307,0.6542825349606574,10.030483840964735
32,6,26,15,9.301037172903307,10.031841231975704,0.7308040590723976,10.030483840964735
32,6,27,1,4.6819057539105415,5.248194793006405,0.5662890390958637,10.030483840964735
32,6,27,2,5.248194793006405,5.806908614002168,0.5587138209957629,10.030483840964735
32,6,27,3,5.806908614002168,6.374417930957861,0.5675093169556931,10.030483840964735
32,6,27,4,6.374417930957861,6.935978765948676,0.5615608349908143,10.030483840964735
32,6,27,5,6.935978765948676,7.5050134339835495,0.5690346680348739,10.030483840964735
32,6,27,6,7.5050134339835495,8.07188642793335,0.5668729939498007,10.030483840964735
32,6,27,7,8.07188642793335,8.645793263916858,0.5739068359835073,10.030483840964735
32,6,27,8,8.645793263916858,9.300601438968442,0.6548081750515848,10.030483840964735
32,6,27,9,9.300601438968442,10.031547925900668,0.7309464869322255,10.030483840964735
32,6,28,1,2.435177728999406,3.0002964509185404,0.5651187219191343,10.030483840964735
32,6,28,2,3.0002964509185404,3.558105572941713,0.5578091220231727,10.030483840964735
32,6,28,3,3.558105572941713,4.126486821915023,0.56838124897331,10.030483840964735
32,6,28,4,4.126486821915023,4.682840288965963,0.5563534670509398,10.030483840964735
32,6,28,5,4.682840288965963,5.248823308967985,0.5659830200020224,10.030483840964735
32,6,28,6,5.248823308967985,5.807838356937282,0.5590150479692966,10.030483840964735
32,6,28,7,5.807838356937282,6.375357170938514,0.5675188140012324,10.030483840964735
32,6,28,8,6.375357170938514,6.937136568012647,0.5617793970741332,10.030483840964735
32,6,28,9,6.937136568012647,7.505871754954569,0.5687351869419217,10.030483840964735
32,6,28,10,7.505871754954569,8.073014313005842,0.5671425580512732,10.030483840964735
32,6,28,11,8.073014313005842,8.647220675949939,0.5742063629440963,10.030483840964735
32,6,28,12,8.647220675949939,9.301582315005362,0.6543616390554234,10.030483840964735
32,6,28,13,9.301582315005362,10.032293992931955,0.7307116779265925,10.030483840964735
32,6,29,1,5.807710983906873,6.375247816904448,0.5675368329975754,10.030483840964735
32,6,29,2,6.375247816904448,6.937022622907534,0.5617748060030863,10.030483840964735
32,6,29,3,6.937022622907534,7.505708375945687,0.568685753038153,10.030483840964735
32,6,29,4,7.505708375945687,8.072540670982562,0.5668322950368747,10.030483840964735
32,6,29,5,8.072540670982562,8.647036419948563,0.574495748966001,10.030483840964735
32,6,29,6,8.647036419948563,9.301364316954277,0.6543278970057145,10.030483840964735
32,6,29,7,9.301364316954277,10.032129786908627,0.7307654699543491,10.030483840964735
32,6,30,1,-0.38458106899634004,0.1837301739724353,0.5683112429687753,10.030483840964735
32,6,30,2,0.1837301739724353,0.7371048189233989,0.5533746449509636,10.030483840964735
32,6,30,3,0.7371048189233989,1.3117062390083447,0.5746014200849459,10.030483840964735
32,6,30,4,1.3117062390083447,1.8641966059803963,0.5524903669720516,10.030483840964735
32,6,30,5,1.8641966059803963,2.434883647947572,0.5706870419671759,10.030483840964735
32,6,30,6,2.434883647947572,3.0002037389203906,0.5653200909728184,10.030483840964735
32,6,30,7,3.0002037389203906,3.558048483915627,0.5578447449952364,10.030483840964735
32,6,30,8,3.558048483915627,4.126424797927029,0.5683763140114024,10.030483840964735
32,6,30,9,4.126424797927029,4.681339970906265,0.5549151729792356,10.030483840964735
32,6,30,10,4.681339970906265,5.24721270496957,0.565872734063305,10.030483840964735
32,6,30,11,5.24721270496957,5.8064626469276845,0.5592499419581145,10.030483840964735
32,6,30,12,5.8064626469276845,6.373671790002845,0.5672091430751607,10.030483840964735
32,6,30,13,6.373671790002845,6.935522370971739,0.5618505809688941,10.030483840964735
32,6,30,14,6.935522370971739,7.504558927961625,0.5690365569898859,10.030483840964735
32,6,30,15,7.504558927961625,8.071386942989193,0.5668280150275677,10.030483840964735
32,6,30,16,8.071386942989193,8.645304273930378,0.5739173309411854,10.030483840964735
32,6,30,17,8.645304273930378,9.300102648907341,0.6547983749769628,10.030483840964735
32,6,30,18,9.300102648907341,10.031112722936086,0.7310100740287453,10.030483840964735
32,6,31,1,7.506732448004186,8.073672506958246,0.5669400589540601,10.030483840964735
32,6,31,2,8.073672506958246,8.647576719988137,0.5739042130298913,10.030483840964735
32,6,31,3,8.647576719988137,9.301962617901154,0.6543858979130164,10.030483840964735
32,6,31,4,9.301962617901154,10.032643241924234,0.7306806240230799,10.030483840964735
32,7,0,2,-0.12088780896738172,0.45578147703781724,0.576669286005199,10.006344874040224
32,7,0,3,0.45578147703781724,1.0135148919653147,0.5577334149274975,10.006344874040224
32,7,0,4,1.0135148919653147,1.5728526030434296,0.5593377110781148,10.006344874040224
32,7,0,5,1.5728526030434296,2.1379004350164905,0.565047831973061,10.006344874040224
32,7,0,6,2.1379004350164905,2.6975765059469268,0.5596760709304363,10.006344874040224
32,7,0,7,2.6975765059469268,3.266873380052857,0.5692968741059303,10.006344874040224
32,7,0,8,3.266873380052857,3.8180889539653435,0.5512155739124864,10.006344874040224
32,7,0,9,3.8180889539653435,4.387854794040322,0.5697658400749788,10.006344874040224
32,7,0,10,4.387854794040322,4.9443985329708084,0.5565437389304861,10.006344874040224
32,7,0,11,4.9443985329708084,5.511722367955372,0.5673238349845633,10.006344874040224
32,7,0,12,5.511722367955372,6.0738223609514534,0.5620999929960817,10.006344874040224
32,7,0,13,6.0738223609514534,6.63318987400271,0.5593675130512565,10.006344874040224
32,7,0,14,6.63318987400271,7.201406060019508,0.568216186016798,10.006344874040224
32,7,0,15,7.201406060019508,7.758798127993941,0.5573920679744333,10.006344874040224
32,7,0,16,7.758798127993941,8.32395487697795,0.565156748984009,10.006344874040224
32,7,0,17,8.32395487697795,8.931482105981559,0.6075272290036082,10.006344874040224
32,7,0,18,8.931482105981559,9.622660450986587,0.691178345005028,10.006344874040224
32,7,0,19,9.622660450986587,10.003474461031146,0.38081401004455984,10.006344874040224
32,7,0,20,10.003474461031146,10.007799598039128,0.004325137007981539,10.006344874040224
32,7,1,1,6.634770983015187,7.202832184033468,0.5680612010182813,10.006344874040224
32,7,1,2,7.202832184033468,7.760634370031767,0.5578021859982982,10.006344874040224
32,7,1,3,7.760634370031767,8.325610350002535,0.5649759799707681,10.006344874040224
32,7,1,4,8.325610350002535,8.93280385597609,0.6071935059735551,10.006344874040224
32,7,1,5,8.93280385597609,9.623979627038352,0.6911757710622624,10.006344874040224
32,7,1,6,9.623979627038352,10.004758866038173,0.38077923899982125,10.006344874040224
32,7,1,7,10.004758866038173,10.008928415016271,0.004169548978097737,10.006344874040224
32,7,2,1,4.388747483957559,4.944914506981149,0.5561670230235904,10.006344874040224
32,7,2,2,4.944914506981149,5.512009916012175,0.5670954090310261,10.006344874040224
32,7,2,3,5.512009916012175,6.074037636979483,0.5620277209673077,10.006344874040224
32,7,2,4,6.074037636979483,6.633736175019294,0.559698538039811,10.006344874040224
32,7,2,5,6.633736175019294,7.201709999004379,0.5679738239850849,10.006344874040224
32,7,2,6,7.201709999004379,7.759434583014809,0.5577245840104297,10.006344874040224
32,7,2,7,7.759434583014809,8.324709980981424,0.5652753979666159,10.006344874040224
32,7,2,8,8.324709980981424,8.931913779000752,0.6072037980193272,10.006344874040224
32,7,2,9,8.931913779000752,9.62309708003886,0.6911833010381088,10.006344874040224
32,7,2,10,9.62309708003886,10.003831738024019,0.38073465798515826,10.006344874040224
32,7,2,11,10.003831738024019,10.0081467210548,0.00431498303078115,10.006344874040224
32,7,3,1,0.4556688800221309,1.0147752669872716,0.5591063869651407,10.006344874040224
32,7,3,2,1.0147752669872716,1.5746787709649652,0.5599035039776936,10.006344874040224
32,7,3,3,1.5746787709649652,2.1389771030517295,0.5642983320867643,10.006344874040224
32,7,3,4,2.1389771030517295,2.699239248991944,0.5602621459402144,10.006344874040224
32,7,3,5,2.699239248991944,3.267970732995309,0.568731484003365,10.006344874040224
32,7,3,6,3.267970732995309,3.819519646000117,0.5515489130048081,10.006344874040224
32,7,3,7,3.819519646000117,4.389622885035351,0.5701032390352339,10.006344874040224
32,7,3,8,4.389622885035351,4.945255756028928,0.5556328709935769,10.006344874040224
32,7,3,9,4.945255756028928,5.512192422989756,0.566936666960828,10.006344874040224
32,7,3,10,5.512192422989756,6.074198690010235,0.5620062670204788,10.006344874040224
32,7,3,11,6.074198690010235,6.633856980013661,0.5596582900034264,10.006344874040224
32,7,3,12,6.633856980013661,7.201898625004105,0.5680416449904442,10.006344874040224
32,7,3,13,7.201898625004105,7.759636163013056,0.5577375380089507,10.006344874040224
32,7,3,14,7.759636163013056,8.324832884944044,0.5651967219309881,10.006344874040224
32,7,3,15,8.324832884944044,8.932038089027628,0.6072052040835842,10.006344874040224
32,7,3,16,8.932038089027628,9.623218514956534,0.6911804259289056,10.006344874040224
32,7,3,17,9.623218514956534,10.003948768950067,0.38073025399353355,10.006344874040224
32,7,3,18,10.003948768950067,10.008259429014288,0.0043106600642204285,10.006344874040224
32,7,4,1,2.1393512580543756,2.6993451060261577,0.5599938479717821,10.006344874040224
32,7,4,2,2.6993451060261577,3.2680551880039275,0.5687100819777697,10.006344874040224
32,7,4,3,3.2680551880039275,3.819575936999172,0.5515207489952445,10.006344874040224
32,7,4,4,3.819575936999172,4.389684071997181,0.5701081349980086,10.006344874040224
32,7,4,5,4.389684071997181,4.945314888027497,0.555630816030316,10.006344874040224
32,7,4,6,4.945314888027497,5.512258423026651,0.5669435349991545,10.006344874040224
32,7,4,7,5.512258423026651,6.07426971103996,0.5620112880133092,10.006344874040224
32,7,4,8,6.07426971103996,6.63391685904935,0.5596471480093896,10.006344874040224
32,7,4,9,6.63391685904935,7.201961269020103,0.5680444099707529,10.006344874040224
32,7,4,10,7.201961269020103,7.7596963150426745,0.5577350460225716,10.006344874040224
32,7,4,11,7.7596963150426745,8.324894763994962,0.5651984489522874,10.006344874040224
32,7,4,12,8.324894763994962,8.932105444953777,0.6072106809588149,10.006344874040224
32,7,4,13,8.932105444953777,9.623279617051594,0.6911741720978171,10.006344874040224
32,7,4,14,9.623279617051594,10.004005837952718,0.3807262209011242,10.006344874040224
32,7,4,15,10.004005837952718,10.008317247964442,0.004311410011723638,10.006344874040224
32,7,5,1,1.5733668330358341,2.138067021034658,0.5647001879988238,10.006344874040224
32,7,5,2,2.138067021034658,2.6977042319485918,0.5596372109139338,10.006344874040224
32,7,5,3,2.6977042319485918,3.2670087720034644,0.5693045400548726,10.006344874040224
32,7,5,4,3.2670087720034644,3.818229645024985,0.5512208730215207,10.006344874040224
32,7,5,5,3.818229645024985,4.387985988985747,0.569756343960762,10.006344874040224
32,7,5,6,4.387985988985747,4.945492279948667,0.5575062909629196,10.006344874040224
32,7,5,7,4.945492279948667,5.512402408989146,0.5669101290404797,10.006344874040224
32,7,5,8,5.512402408989146,6.07440671895165,0.5620043099625036,10.006344874040224
32,7,5,9,6.07440671895165,6.63403431198094,0.5596275930292904,10.006344874040224
32,7,5,10,6.63403431198094,7.202080487972125,0.568046175991185,10.006344874040224
32,7,5,11,7.202080487972125,7.760114938020706,0.5580344500485808,10.006344874040224
32,7,5,12,7.760114938020706,8.325128259020858,0.5650133210001513,10.006344874040224
32,7,5,13,8.325128259020858,8.932283352944069,0.6071550939232111,10.006344874040224
32,7,5,14,8.932283352944069,9.623508209944703,0.6912248570006341,10.006344874040224
32,7,5,15,9.623508209944703,10.004318907042034,0.3808106970973313,10.006344874040224
32,7,5,16,10.004318907042034,10.008483267039992,0.004164359997957945,10.006344874040224
32,7,6,1,5.510914228972979,6.073021415038966,0.5621071860659868,10.006344874040224
32,7,6,2,6.073021415038966,6.632545517059043,0.5595241020200774,10.006344874040224
32,7,6,3,6.632545517059043,7.200411365949549,0.5678658488905057,10.006344874040224
32,7,6,4,7.200411365949549,7.758129385998473,0.5577180200489238,10.006344874040224
32,7,6,5,7.758129385998473,8.32284666202031,0.5647172760218382,10.006344874040224
32,7,6,6,8.32284666202031,8.930618145037442,0.6077714830171317,10.006344874040224
32,7,6,7,8.930618145037442,9.621910535963252,0.6912923909258097,10.006344874040224
32,7,6,8,9.621910535963252,10.002619090024382,0.3807085540611297,10.006344874040224
32,7,6,9,10.002619090024382,10.006763283978216,0.004144193953834474,10.006344874040224
32,7,7,1,1.0141860520234331,1.574394089053385,0.5602080370299518,10.006344874040224
32,7,7,2,1.574394089053385,2.1387593069812283,0.5643652179278433,10.006344874040224
32,7,7,3,2.1387593069812283,2.699053409975022,0.5602941029937938,10.006344874040224
32,7,7,4,2.699053409975022,3.2674759599613026,0.5684225499862805,10.006344874040224
32,7,7,5,3.2674759599613026,3.8189322609687224,0.5514563010074198,10.006344874040224
32,7,7,6,3.8189322609687224,4.389253229019232,0.5703209680505097,10.006344874040224
32,7,7,7,4.389253229019232,4.943989900057204,0.554736671037972,10.006344874040224
32,7,7,8,4.943989900057204,5.5112201309530064,0.5672302308958024,10.006344874040224
32,7,7,9,5.5112201309530064,6.073316017980687,0.5620958870276809,10.006344874040224
32,7,7,10,6.073316017980687,6.632788178976625,0.5594721609959379,10.006344874040224
32,7,7,11,6.632788178976625,7.200613874010742,0.5678256950341165,10.006344874040224
32,7,7,12,7.200613874010742,7.758320244029164,0.5577063700184226,10.006344874040224
32,7,7,13,7.758320244029164,8.323057911009528,0.5647376669803634,10.006344874040224
32,7,7,14,8.323057911009528,8.930874368990771,0.6078164579812437,10.006344874040224
32,7,7,15,8.930874368990771,9.622148709953763,0.6912743409629911,10.006344874040224
32,7,7,16,9.622148709953763,10.00290489604231,0.3807561860885471,10.006344874040224
32,7,7,17,10.00290489604231,10.006893908022903,0.0039890119805932045,10.006344874040224
32,7,8,1,1.5750998409930617,2.1394631459843367,0.5643633049912751,10.006344874040224
32,7,8,2,2.1394631459843367,2.6994046920444816,0.5599415460601449,10.006344874040224
32,7,8,3,2.6994046920444816,3.2683899749536067,0.5689852829091251,10.006344874040224
32,7,8,4,3.2683899749536067,3.81972789298743,0.5513379180338234,10.006344874040224
32,7,8,5,3.81972789298743,4.389803429017775,0.5700755360303447,10.006344874040224
32,7,8,6,4.389803429017775,4.944337749038823,0.5545343200210482,10.006344874040224
32,7,8,7,4.944337749038823,5.51165595499333,0.567318205954507,10.006344874040224
32,7,8,8,5.51165595499333,6.073753990000114,0.5620980350067839,10.006344874040224
32,7,8,9,6.073753990000114,6.633129345951602,0.559375355951488,10.006344874040224
32,7,8,10,6.633129345951602,7.201339766965248,0.5682104210136458,10.006344874040224
32,7,8,11,7.201339766965248,7.758677878999151,0.5573381120339036,10.006344874040224
32,7,8,12,7.758677878999151,8.323883936973289,0.5652060579741374,10.006344874040224
32,7,8,13,8.323883936973289,8.931418978027068,0.6075350410537794,10.006344874040224
32,7,8,14,8.931418978027068,9.622594372020103,0.691175393993035,10.006344874040224
32,7,8,15,9.622594372020103,10.003410705947317,0.38081633392721415,10.006344874040224
32,7,8,16,10.003410705947317,10.007740880944766,0.004330174997448921,10.006344874040224
32,7,9,1,2.1385823129676282,2.6978164250031114,0.5592341120354831,10.006344874040224
32,7,9,2,2.6978164250031114,3.2670816120225936,0.5692651870194823,10.006344874040224
32,7,9,3,3.2670816120225936,3.8183468889910728,0.5512652769684792,10.006344874040224
32,7,9,4,3.8183468889910728,4.38806626398582,0.5697193749947473,10.006344874040224
32,7,9,5,4.38806626398582,4.944461137056351,0.5563948730705306,10.006344874040224
32,7,9,6,4.944461137056351,5.511803508969024,0.5673423719126731,10.006344874040224
32,7,9,7,5.511803508969024,6.073891171021387,0.5620876620523632,10.006344874040224
32,7,9,8,6.073891171021387,6.633255762048066,0.5593645910266787,10.006344874040224
32,7,9,9,6.633255762048066,7.20146912895143,0.5682133669033647,10.006344874040224
32,7,9,10,7.20146912895143,7.759249391965568,0.5577802630141377,10.006344874040224
32,7,9,11,7.759249391965568,8.324135666014627,0.5648862740490586,10.006344874040224
32,7,9,12,8.324135666014627,8.931619066977873,0.6074834009632468,10.006344874040224
32,7,9,13,8.931619066977873,9.622786278021522,0.6911672110436484,10.006344874040224
32,7,9,14,9.622786278021522,10.003595640999265,0.38080936297774315,10.006344874040224
32,7,9,15,10.003595640999265,10.007914267014712,0.00431862601544708,10.006344874040224
32,7,10,1,5.512940829037689,6.075502065010369,0.5625612359726802,10.006344874040224
32,7,10,2,6.075502065010369,6.634428701014258,0.5589266360038891,10.006344874040224
32,7,10,3,6.634428701014258,7.202677311026491,0.5682486100122333,10.006344874040224
32,7,10,4,7.202677311026491,7.7605173729825765,0.5578400619560853,10.006344874040224
32,7,10,5,7.7605173729825765,8.325492867967114,0.5649754949845374,10.006344874040224
32,7,10,6,8.325492867967114,8.932685320964083,0.6071924529969692,10.006344874040224
32,7,10,7,8.932685320964083,9.623858629027382,0.6911733080632985,10.006344874040224
32,7,10,8,9.623858629027382,10.004649095004424,0.3807904659770429,10.006344874040224
32,7,10,9,10.004649095004424,10.00881599704735,0.004166902042925358,10.006344874040224
32,7,11,1,4.944818948046304,5.511936009977944,0.5671170619316399,10.006344874040224
32,7,11,2,5.511936009977944,6.073964770999737,0.5620287610217929,10.006344874040224
32,7,11,3,6.073964770999737,6.6333189799916,0.5593542089918628,10.006344874040224
32,7,11,4,6.6333189799916,7.201532806968316,0.5682138269767165,10.006344874040224
32,7,11,5,7.201532806968316,7.7593114980263636,0.5577786910580471,10.006344874040224
32,7,11,6,7.7593114980263636,8.324200876057148,0.5648893780307844,10.006344874040224
32,7,11,7,8.324200876057148,8.931684565963224,0.6074836899060756,10.006344874040224
32,7,11,8,8.931684565963224,9.622904354007915,0.6912197880446911,10.006344874040224
32,7,11,9,9.622904354007915,10.00365576799959,0.3807514139916748,10.006344874040224
32,7,11,10,10.00365576799959,10.007972246967256,0.004316478967666626,10.006344874040224
32,7,12,1,3.8194584000157192,4.389557161950506,0.570098761934787,10.006344874040224
32,7,12,2,4.389557161950506,4.944277434027754,0.5547202720772475,10.006344874040224
32,7,12,3,4.944277434027754,5.51158716599457,0.5673097319668159,10.006344874040224
32,7,12,4,5.51158716599457,6.073659352958202,0.5620721869636327,10.006344874040224
32,7,12,5,6.073659352958202,6.633057406055741,0.5593980530975387,10.006344874040224
32,7,12,6,6.633057406055741,7.2008117970544845,0.5677543909987435,10.006344874040224
32,7,12,7,7.2008117970544845,7.758510894025676,0.5576990969711915,10.006344874040224
32,7,12,8,7.758510894025676,8.323278113966808,0.5647672199411318,10.006344874040224
32,7,12,9,8.323278113966808,8.931178324040957,0.6079002100741491,10.006344874040224
32,7,12,10,8.931178324040957,9.62240676197689,0.6912284379359335,10.006344874040224
32,7,12,11,9.62240676197689,10.003228381974623,0.38082161999773234,10.006344874040224
32,7,12,12,10.003228381974623,10.007561172009446,0.00433279003482312,10.006344874040224
32,7,13,1,8.32379709801171,8.931354203028604,0.6075571050168946,10.006344874040224
32,7,13,2,8.931354203028604,9.62253219797276,0.6911779949441552,10.006344874040224
32,7,13,3,9.62253219797276,10.00335280096624,0.38082060299348086,10.006344874040224
32,7,13,4,10.00335280096624,10.007683161995374,0.004330361029133201,10.006344874040224
32,7,14,1,6.0753670040285215,6.634336813003756,0.5589698089752346,10.006344874040224
32,7,14,2,6.634336813003756,7.202622274053283,0.5682854610495269,10.006344874040224
32,7,14,3,7.202622274053283,7.7604594270233065,0.5578371529700235,10.006344874040224
32,7,14,4,7.7604594270233065,8.325433126999997,0.5649736999766901,10.006344874040224
32,7,14,5,8.325433126999997,8.93263014301192,0.6071970160119236,10.006344874040224
32,7,14,6,8.93263014301192,9.623801268055104,0.6911711250431836,10.006344874040224
32,7,14,7,9.623801268055104,10.00459512800444,0.38079385994933546,10.006344874040224
32,7,14,8,10.00459512800444,10.008759589982219,0.004164461977779865,10.006344874040224
32,7,15,1,1.0146719260374084,1.57460518903099,0.5599332629935816,10.006344874040224
32,7,15,2,1.57460518903099,2.138909696950577,0.5643045079195872,10.006344874040224
32,7,15,3,2.138909696950577,2.6991791969630867,0.5602695000125095,10.006344874040224
32,7,15,4,2.6991791969630867,3.267593903001398,0.5684147060383111,10.006344874040224
32,7,15,5,3.267593903001398,3.8190474120201543,0.5514535090187564,10.006344874040224
32,7,15,6,3.8190474120201543,4.389385365997441,0.5703379539772868,10.006344874040224
32,7,15,7,4.389385365997441,4.9457214690046385,0.5563361030071974,10.006344874040224
32,7,15,8,4.9457214690046385,5.5131103079766035,0.567388838971965,10.006344874040224
32,7,15,9,5.5131103079766035,6.075656926026568,0.5625466180499643,10.006344874040224
32,7,15,10,6.075656926026568,6.634831374976784,0.5591744489502162,10.006344874040224
32,7,15,11,6.634831374976784,7.202891380991787,0.5680600060150027,10.006344874040224
32,7,15,12,7.202891380991787,7.760691312025301,0.5577999310335144,10.006344874040224
32,7,15,13,7.760691312025301,8.325670651043765,0.5649793390184641,10.006344874040224
32,7,15,14,8.325670651043765,8.932861467008479,0.6071908159647137,10.006344874040224
32,7,15,15,8.932861467008479,9.62403742398601,0.6911759569775313,10.006344874040224
32,7,15,16,9.62403742398601,10.004814820014872,0.3807773960288614,10.006344874040224
32,7,15,17,10.004814820014872,10.008984597981907,0.00416977796703577,10.006344874040224
32,7,16,1,2.6989212509943172,3.2673541279509664,0.5684328769566491,10.006344874040224
32,7,16,2,3.2673541279509664,3.8184853909770027,0.5511312630260363,10.006344874040224
32,7,16,3,3.8184853909770027,4.388213549042121,0.5697281580651179,10.006344874040224
32,7,16,4,4.388213549042121,4.945548919029534,0.5573353699874133,10.006344874040224
32,7,16,5,4.945548919029534,5.512469133012928,0.5669202139833942,10.006344874040224
32,7,16,6,5.512469133012928,6.074471154017374,0.5620020210044459,10.006344874040224
32,7,16,7,6.074471154017374,6.634102546959184,0.5596313929418102,10.006344874040224
32,7,16,8,6.634102546959184,7.202151853009127,0.568049306049943,10.006344874040224
32,7,16,9,7.202151853009127,7.7601759020471945,0.5580240490380675,10.006344874040224
32,7,16,10,7.7601759020471945,8.325190471950918,0.5650145699037239,10.006344874040224
32,7,16,11,8.325190471950918,8.932393879047595,0.6072034070966765,10.006344874040224
32,7,16,12,8.932393879047595,9.623572380049154,0.6911785010015592,10.006344874040224
32,7,16,13,9.623572380049154,10.00437591294758,0.38080353289842606,10.006344874040224
32,7,16,14,10.00437591294758,10.008538651978597,0.004162739031016827,10.006344874040224
32,7,17,1,6.633662170032039,7.201647863024846,0.5679856929928064,10.006344874040224
32,7,17,2,7.201647863024846,7.759372854954563,0.5577249919297174,10.006344874040224
32,7,17,3,7.759372854954563,8.324359201011248,0.5649863460566849,10.006344874040224
32,7,17,4,8.324359201011248,8.93175185401924,0.6073926530079916,10.006344874040224
32,7,17,5,8.93175185401924,9.622969461954199,0.6912176079349592,10.006344874040224
32,7,17,6,9.622969461954199,10.00371570396237,0.380746242008172,10.006344874040224
32,7,17,7,10.00371570396237,10.008030034019612,0.004314330057241023,10.006344874040224
32,7,18,1,3.2683292670408264,3.8196687180316076,0.5513394509907812,10.006344874040224
32,7,18,2,3.8196687180316076,4.389743829960935,0.5700751119293272,10.006344874040224
32,7,18,3,4.389743829960935,4.9457774279871956,0.5560335980262607,10.006344874040224
32,7,18,4,4.9457774279871956,5.513175477040932,0.567398049053736,10.006344874040224
32,7,18,5,5.513175477040932,6.075737533974461,0.5625620569335297,10.006344874040224
32,7,18,6,6.075737533974461,6.634888877975754,0.5591513440012932,10.006344874040224
32,7,18,7,6.634888877975754,7.202951275045052,0.5680623970692977,10.006344874040224
32,7,18,8,7.202951275045052,7.76074807997793,0.5577968049328774,10.006344874040224
32,7,18,9,7.76074807997793,8.325731712044217,0.5649836320662871,10.006344874040224
32,7,18,10,8.325731712044217,8.932917217956856,0.6071855059126392,10.006344874040224
32,7,18,11,8.932917217956856,9.624099383014254,0.6911821650573984,10.006344874040224
32,7,18,12,9.624099383014254,10.004869678989053,0.3807702959747985,10.006344874040224
32,7,18,13,10.004869678989053,10.009038495016284,0.0041688160272315145,10.006344874040224
32,7,19,1,7.759173483005725,8.32406404602807,0.5648905630223453,10.006344874040224
32,7,19,2,8.32406404602807,8.931545992963947,0.6074819469358772,10.006344874040224
32,7,19,3,8.931545992963947,9.622723688953556,0.6911776959896088,10.006344874040224
32,7,19,4,9.622723688953556,10.003533020964824,0.38080933201126754,10.006344874040224
32,7,19,5,10.003533020964824,10.007856840034947,0.004323819070123136,10.006344874040224
32,7,20,1,0.45515806903131306,1.0143058870453387,0.5591478180140257,10.006344874040224
32,7,20,2,1.0143058870453387,1.5744988709921017,0.560192983946763,10.006344874040224
32,7,20,3,1.5744988709921017,2.1388338479446247,0.564334976952523,10.006344874040224
32,7,20,4,2.1388338479446247,2.6991201429627836,0.5602862950181589,10.006344874040224
32,7,20,5,2.6991201429627836,3.2675350289791822,0.5684148860163987,10.006344874040224
32,7,20,6,3.2675350289791822,3.818989822990261,0.5514547940110788,10.006344874040224
32,7,20,7,3.818989822990261,4.389319528010674,0.5703297050204128,10.006344874040224
32,7,20,8,4.389319528010674,4.944065602030605,0.5547460740199313,10.006344874040224
32,7,20,9,4.944065602030605,5.511415414046496,0.5673498120158911,10.006344874040224
32,7,20,10,5.511415414046496,6.073416803963482,0.5620013899169862,10.006344874040224
32,7,20,11,6.073416803963482,6.632854892057367,0.5594380880938843,10.006344874040224
32,7,20,12,6.632854892057367,7.200681205955334,0.5678263138979673,10.006344874040224
32,7,20,13,7.200681205955334,7.758384949993342,0.5577037440380082,10.006344874040224
32,7,20,14,7.758384949993342,8.323143827961758,0.5647588779684156,10.006344874040224
32,7,20,15,8.323143827961758,8.930944980005734,0.6078011520439759,10.006344874040224
32,7,20,16,8.930944980005734,9.622273687971756,0.6913287079660222,10.006344874040224
32,7,20,17,9.622273687971756,10.00297147105448,0.3806977830827236,10.006344874040224
32,7,20,18,10.00297147105448,10.006951906951144,0.003980435896664858,10.006344874040224
32,7,21,1,4.389048243989237,4.945432459004223,0.5563842150149867,10.006344874040224
32,7,21,2,4.945432459004223,5.51232268998865,0.566890230984427,10.006344874040224
32,7,21,3,5.51232268998865,6.0743381649954244,0.5620154750067741,10.006344874040224
32,7,21,4,6.0743381649954244,6.6339773460058495,0.5596391810104251,10.006344874040224
32,7,21,5,6.6339773460058495,7.20202155795414,0.5680442119482905,10.006344874040224
32,7,21,6,7.20202155795414,7.759755376027897,0.557733818073757,10.006344874040224
32,7,21,7,7.759755376027897,8.32495416502934,0.5651987890014425,10.006344874040224
32,7,21,8,8.32495416502934,8.932165062986314,0.6072108979569748,10.006344874040224
32,7,21,9,8.932165062986314,9.623339003999718,0.6911739410134032,10.006344874040224
32,7,21,10,9.623339003999718,10.004152070963755,0.3808130669640377,10.006344874040224
32,7,21,11,10.004152070963755,10.008373962948099,0.004221891984343529,10.006344874040224
32,7,22,1,-0.12045653397217393,0.45590994600206614,0.5763664799742401,10.006344874040224
32,7,22,2,0.45590994600206614,1.0136724360054359,0.5577624900033697,10.006344874040224
32,7,22,3,1.0136724360054359,1.5735627460526302,0.5598903100471944,10.006344874040224
32,7,22,4,1.5735627460526302,2.138687383965589,0.5651246379129589,10.006344874040224
32,7,22,5,2.138687383965589,2.698991358978674,0.5603039750130847,10.006344874040224
32,7,22,6,2.698991358978674,3.2674161510076374,0.5684247920289636,10.006344874040224
32,7,22,7,3.2674161510076374,3.8188712230185047,0.5514550720108673,10.006344874040224
32,7,22,8,3.8188712230185047,4.389182626036927,0.5703114030184224,10.006344874040224
32,7,22,9,4.389182626036927,4.9456643159501255,0.5564816899131984,10.006344874040224
32,7,22,10,4.9456643159501255,5.513037199038081,0.5673728830879554,10.006344874040224
32,7,22,11,5.513037199038081,6.075569677981548,0.5625324789434671,10.006344874040224
32,7,22,12,6.075569677981548,6.634487800998613,0.5589181230170652,10.006344874040224
32,7,22,13,6.634487800998613,7.202736114966683,0.5682483139680699,10.006344874040224
32,7,22,14,7.202736114966683,7.760576509987004,0.557840395020321,10.006344874040224
32,7,22,15,7.760576509987004,8.325552775058895,0.5649762650718912,10.006344874040224
32,7,22,16,8.325552775058895,8.932743803947233,0.6071910288883373,10.006344874040224
32,7,22,17,8.932743803947233,9.62392015894875,0.6911763550015166,10.006344874040224
32,7,22,18,9.62392015894875,10.004703677957878,0.3807835190091282,10.006344874040224
32,7,22,19,10.004703677957878,10.008874065009877,0.004170387051999569,10.006344874040224
32,7,23,1,3.8188009340083227,4.388389753992669,0.5695888199843466,10.006344874040224
32,7,23,2,4.388389753992669,4.945607407949865,0.5572176539571956,10.006344874040224
32,7,23,3,4.945607407949865,5.512532774009742,0.566925366059877,10.006344874040224
32,7,23,4,5.512532774009742,6.074538319022395,0.5620055450126529,10.006344874040224
32,7,23,5,6.074538319022395,6.634161059977487,0.559622740955092,10.006344874040224
32,7,23,6,6.634161059977487,7.202212583972141,0.5680515239946544,10.006344874040224
32,7,23,7,7.202212583972141,7.760236338945106,0.5580237549729645,10.006344874040224
32,7,23,8,7.760236338945106,8.325251562986523,0.5650152240414172,10.006344874040224
32,7,23,9,8.325251562986523,8.932454576017335,0.6072030130308121,10.006344874040224
32,7,23,10,8.932454576017335,9.62363207899034,0.6911775029730052,10.006344874040224
32,7,23,11,9.62363207899034,10.004430959001184,0.3807988800108433,10.006344874040224
32,7,23,12,10.004430959001184,10.008594607003033,0.004163648001849651,10.006344874040224
32,7,24,1,7.760044472059235,8.325062316958793,0.5650178448995575,10.006344874040224
32,7,24,2,8.325062316958793,8.932223942014389,0.6071616250555962,10.006344874040224
32,7,24,3,8.932223942014389,9.623398254974745,0.6911743129603565,10.006344874040224
32,7,24,4,9.623398254974745,10.004260718007572,0.3808624630328268,10.006344874040224
32,7,24,5,10.004260718007572,10.008428573026322,0.004167855018749833,10.006344874040224
32,7,25,1,8.324644495965913,8.931849461980164,0.6072049660142511,10.006344874040224
32,7,25,2,8.931849461980164,9.623029566020705,0.6911801040405408,10.006344874040224
32,7,25,3,9.623029566020705,10.003773865057155,0.3807442990364507,10.006344874040224
32,7,25,4,10.003773865057155,10.008085396955721,0.00431153189856559,10.006344874040224
32,7,26,1,2.6985390579793602,3.267250598059036,0.5687115400796756,10.006344874040224
32,7,26,2,3.267250598059036,3.818421307951212,0.5511707098921761,10.006344874040224
32,7,26,3,3.818421307951212,4.388147320016287,0.5697260120650753,10.006344874040224
32,7,26,4,4.388147320016287,4.943839460960589,0.5556921409443021,10.006344874040224
32,7,26,5,4.943839460960589,5.511130371014588,0.5672909100539982,10.006344874040224
32,7,26,6,5.511130371014588,6.073232589056715,0.5621022180421278,10.006344874040224
32,7,26,7,6.073232589056715,6.632713504950516,0.5594809158938006,10.006344874040224
32,7,26,8,6.632713504950516,7.200539859011769,0.5678263540612534,10.006344874040224
32,7,26,9,7.200539859011769,7.75825061800424,0.5577107589924708,10.006344874040224
32,7,26,10,7.75825061800424,8.322981355013326,0.5647307370090857,10.006344874040224
32,7,26,11,8.322981355013326,8.930798143032007,0.6078167880186811,10.006344874040224
32,7,26,12,8.930798143032007,9.622064513969235,0.6912663709372282,10.006344874040224
32,7,26,13,9.622064513969235,10.002699789009057,0.38063527503982186,10.006344874040224
32,7,26,14,10.002699789009057,10.006834389991127,0.004134600982069969,10.006344874040224
32,7,27,1,4.945191896054894,5.512113939970732,0.566922043915838,10.006344874040224
32,7,27,2,5.512113939970732,6.074121469981037,0.5620075300103053,10.006344874040224
32,7,27,3,6.074121469981037,6.633797041024081,0.5596755710430443,10.006344874040224
32,7,27,4,6.633797041024081,7.201771524967626,0.5679744839435443,10.006344874040224
32,7,27,5,7.201771524967626,7.7595722960541025,0.5578007710864767,10.006344874040224
32,7,27,6,7.7595722960541025,8.324771780055016,0.5651994840009138,10.006344874040224
32,7,27,7,8.324771780055016,8.931977270985954,0.6072054909309372,10.006344874040224
32,7,27,8,8.931977270985954,9.623158217058517,0.6911809460725635,10.006344874040224
32,7,27,9,9.623158217058517,10.00389091600664,0.38073269894812256,10.006344874040224
32,7,27,10,10.00389091600664,10.008202755008824,0.00431183900218457,10.006344874040224
32,7,28,1,6.074981966987252,6.6342451450182125,0.5592631780309603,10.006344874040224
32,7,28,2,6.6342451450182125,7.202561656013131,0.5683165109949186,10.006344874040224
32,7,28,3,7.202561656013131,7.760401010047644,0.5578393540345132,10.006344874040224
32,7,28,4,7.760401010047644,8.325372428982519,0.5649714189348742,10.006344874040224
32,7,28,5,8.325372428982519,8.932572692981921,0.6072002639994025,10.006344874040224
32,7,28,6,8.932572692981921,9.623745911987498,0.6911732190055773,10.006344874040224
32,7,28,7,9.623745911987498,10.004540074034594,0.3807941620470956,10.006344874040224
32,7,28,8,10.004540074034594,10.00870579702314,0.004165722988545895,10.006344874040224
32,7,29,1,7.201197654008865,7.75861385196913,0.557416197960265,10.006344874040224
32,7,29,2,7.75861385196913,8.323344758944586,0.5647309069754556,10.006344874040224
32,7,29,3,8.323344758944586,8.93124689895194,0.6079021400073543,10.006344874040224
32,7,29,4,8.93124689895194,9.622469995054416,0.6912230961024761,10.006344874040224
32,7,29,5,9.622469995054416,10.003290312015451,0.38082031696103513,10.006344874040224
32,7,29,6,10.003290312015451,10.007622799021192,0.004332487005740404,10.006344874040224
32,7,30,1,3.267905408050865,3.819185195956379,0.5512797879055142,10.006344874040224
32,7,30,2,3.819185195956379,4.389449218986556,0.5702640230301768,10.006344874040224
32,7,30,3,4.389449218986556,4.944208630011417,0.554759411024861,10.006344874040224
32,7,30,4,4.944208630011417,5.511515530990437,0.5673069009790197,10.006344874040224
32,7,30,5,5.511515530990437,6.073488284018822,0.5619727530283853,10.006344874040224
32,7,30,6,6.073488284018822,6.632916375994682,0.5594280919758603,10.006344874040224
32,7,30,7,6.632916375994682,7.200747631955892,0.5678312559612095,10.006344874040224
32,7,30,8,7.200747631955892,7.758448355016299,0.5577007230604067,10.006344874040224
32,7,30,9,7.758448355016299,8.323211880982853,0.5647635259665549,10.006344874040224
32,7,30,10,8.323211880982853,8.931009097956121,0.6077972169732675,10.006344874040224
32,7,30,11,8.931009097956121,9.622342176968232,0.6913330790121108,10.006344874040224
32,7,30,12,9.622342176968232,10.00316277705133,0.3808206000830978,10.006344874040224
32,7,30,13,10.00316277705133,10.00748647202272,0.0043236949713900685,10.006344874040224
32,7,31,1,7.202500530984253,7.760340102016926,0.5578395710326731,10.006344874040224
32,7,31,2,7.760340102016926,8.325314032961614,0.5649739309446886,10.006344874040224
32,7,31,3,8.325314032961614,8.932513504987583,0.6071994720259681,10.006344874040224
32,7,31,4,8.932513504987583,9.62368947500363,0.6911759700160474,10.006344874040224
32,7,31,5,9.62368947500363,10.004486244986765,0.38079676998313516,10.006344874040224
32,7,31,6,10.004486244986765,10.008649199968204,0.004162954981438816,10.006344874040224
32,8,0,1,1.0327575169503689,1.5922203169902787,0.5594628000399098,10.020143562927842
32,8,0,2,1.5922203169902787,2.154133669915609,0.5619133529253304,10.020143562927842
32,8,0,3,2.154133669915609,2.7111572879366577,0.5570236180210486,10.020143562927842
32,8,0,4,2.7111572879366577,3.2783477948978543,0.5671905069611967,10.020143562927842
32,8,0,5,3.2783477948978543,3.8314207019284368,0.5530729070305824,10.020143562927842
32,8,0,6,3.8314207019284368,4.399567503947765,0.5681468020193279,10.020143562927842
32,8,0,7,4.399567503947765,4.9557059979997575,0.5561384940519929,10.020143562927842
32,8,0,8,4.9557059979997575,5.522074073902331,0.5663680759025738,10.020143562927842
32,8,0,9,5.522074073902331,6.082065631984733,0.5599915580824018,10.020143562927842
32,8,0,10,6.082065631984733,6.645903363008983,0.5638377310242504,10.020143562927842
32,8,0,11,6.645903363008983,7.209740430931561,0.5638370679225773,10.020143562927842
32,8,0,12,7.209740430931561,7.769604108994827,0.559863678063266,10.020143562927842
32,8,0,13,7.769604108994827,8.334119202918373,0.5645150939235464,10.020143562927842
32,8,0,14,8.334119202918373,8.94154487294145,0.6074256700230762,10.020143562927842
32,8,0,15,8.94154487294145,9.631809249985963,0.6902643770445138,10.020143562927842
32,8,0,16,9.631809249985963,10.018290050909854,0.38648080092389137,10.020143562927842
32,8,0,17,10.018290050909854,10.02250754297711,0.00421749206725508,10.020143562927842
32,8,1,1,1.0333138769492507,1.592869673972018,0.5595557970227674,10.020143562927842
32,8,1,2,1.592869673972018,2.154462738893926,0.5615930649219081,10.020143562927842
32,8,1,3,2.154462738893926,2.7117760019609705,0.5573132630670443,10.020143562927842
32,8,1,4,2.7117760019609705,3.279150389949791,0.5673743879888207,10.020143562927842
32,8,1,5,3.279150389949791,3.832306145923212,0.553155755973421,10.020143562927842
32,8,1,6,3.832306145923212,4.40084793290589,0.5685417869826779,10.020143562927842
32,8,1,7,4.40084793290589,4.95593337493483,0.5550854420289397,10.020143562927842
32,8,1,8,4.95593337493483,5.522258910001256,0.5663255350664258,10.020143562927842
32,8,1,9,5.522258910001256,6.082252739928663,0.5599938299274072,10.020143562927842
32,8,1,10,6.082252739928663,6.6460833449382335,0.5638306050095707,10.020143562927842
32,8,1,11,6.6460833449382335,7.210251599899493,0.5641682549612597,10.020143562927842
32,8,1,12,7.210251599899493,7.769882911932655,0.5596313120331615,10.020143562927842
32,8,1,13,7.769882911932655,8.334664747002535,0.5647818350698799,10.020143562927842
32,8,1,14,8.334664747002535,8.941880255937576,0.6072155089350417,10.020143562927842
32,8,1,15,8.941880255937576,9.63210052496288,0.6902202690253034,10.020143562927842
32,8,1,16,9.63210052496288,10.018586749909446,0.3864862249465659,10.020143562927842
32,8,1,17,10.018586749909446,10.022791563998908,0.004204814089462161,10.020143562927842
32,8,2,1,7.768795101903379,8.333320093923248,0.5645249920198694,10.020143562927842
32,8,2,2,8.333320093923248,8.94079858600162,0.6074784920783713,10.020143562927842
32,8,2,3,8.94079858600162,9.631037020939402,0.6902384349377826,10.020143562927842
32,8,2,4,9.631037020939402,10.017472881940193,0.3864358610007912,10.020143562927842
32,8,2,5,10.017472881940193,10.021808160003275,0.004335278063081205,10.020143562927842
32,8,3,1,1.5926834509009495,2.154058104963042,0.5613746540620923,10.020143562927842
32,8,3,2,2.154058104963042,2.7110455048969015,0.5569873999338597,10.020143562927842
32,8,3,3,2.7110455048969015,3.2782826439943165,0.5672371390974149,10.020143562927842
32,8,3,4,3.2782826439943165,3.831353119923733,0.5530704759294167,10.020143562927842
32,8,3,5,3.831353119923733,4.399435598985292,0.5680824790615588,10.020143562927842
32,8,3,6,4.399435598985292,4.954708029981703,0.5552724309964105,10.020143562927842
32,8,3,7,4.954708029981703,5.5211074479157105,0.5663994179340079,10.020143562927842
32,8,3,8,5.5211074479157105,6.081028701970354,0.5599212540546432,10.020143562927842
32,8,3,9,6.081028701970354,6.644440834992565,0.5634121330222115,10.020143562927842
32,8,3,10,6.644440834992565,7.208418532973155,0.5639776979805902,10.020143562927842
32,8,3,11,7.208418532973155,7.768101909896359,0.5596833769232035,10.020143562927842
32,8,3,12,7.768101909896359,8.332674921955913,0.5645730120595545,10.020143562927842
32,8,3,13,8.332674921955913,8.940410248935223,0.6077353269793093,10.020143562927842
32,8,3,14,8.940410248935223,9.630799360922538,0.6903891119873151,10.020143562927842
32,8,3,15,9.630799360922538,10.01723206997849,0.38643270905595273,10.020143562927842
32,8,3,16,10.01723206997849,10.02158152894117,0.004349458962678909,10.020143562927842
32,8,4,1,3.2790065779117867,3.832180250901729,0.5531736729899421,10.020143562927842
32,8,4,2,3.832180250901729,4.400358474929817,0.5681782240280882,10.020143562927842
32,8,4,3,4.400358474929817,4.954282757942565,0.5539242830127478,10.020143562927842
32,8,4,4,4.954282757942565,5.52032900089398,0.5660462429514155,10.020143562927842
32,8,4,5,5.52032900089398,6.080606370000169,0.5602773691061884,10.020143562927842
32,8,4,6,6.080606370000169,6.6440995949087664,0.5634932249085978,10.020143562927842
32,8,4,7,6.6440995949087664,7.208014130941592,0.5639145360328257,10.020143562927842
32,8,4,8,7.208014130941592,7.767749553895555,0.5597354229539633,10.020143562927842
32,8,4,9,7.767749553895555,8.332363663008437,0.5646141091128811,10.020143562927842
32,8,4,10,8.332363663008437,8.940019791945815,0.6076561289373785,10.020143562927842
32,8,4,11,8.940019791945815,9.630428215954453,0.6904084240086377,10.020143562927842
32,8,4,12,9.630428215954453,10.016854526940733,0.38642631098628044,10.020143562927842
32,8,4,13,10.016854526940733,10.02129550196696,0.004440975026227534,10.020143562927842
32,8,5,3,-0.1070700230775401,0.47200703190173954,0.5790770549792796,10.020143562927842
32,8,5,4,0.47200703190173954,1.0328890898963436,0.5608820579946041,10.020143562927842
32,8,5,5,1.0328890898963436,1.5922989279497415,0.5594098380533978,10.020143562927842
32,8,5,6,1.5922989279497415,2.1542268469929695,0.561927919043228,10.020143562927842
32,8,5,7,2.1542268469929695,2.71122223790735,0.5569953909143806,10.020143562927842
32,8,5,8,2.71122223790735,3.2784439779352397,0.5672217400278896,10.020143562927842
32,8,5,9,3.2784439779352397,3.8314862200058997,0.55304224207066,10.020143562927842
32,8,5,10,3.8314862200058997,4.399647798971273,0.5681615789653733,10.020143562927842
32,8,5,11,4.399647798971273,4.9555087889311835,0.5558609899599105,10.020143562927842
32,8,5,12,4.9555087889311835,5.521853824960999,0.5663450360298157,10.020143562927842
32,8,5,13,5.521853824960999,6.081884248997085,0.5600304240360856,10.020143562927842
32,8,5,14,6.081884248997085,6.645418832893483,0.5635345838963985,10.020143562927842
32,8,5,15,6.645418832893483,7.209092653938569,0.5636738210450858,10.020143562927842
32,8,5,16,7.209092653938569,7.769276934908703,0.5601842809701338,10.020143562927842
32,8,5,17,7.769276934908703,8.333812110009603,0.5645351751009002,10.020143562927842
32,8,5,18,8.333812110009603,8.941233222954907,0.6074211129453033,10.020143562927842
32,8,5,19,8.941233222954907,9.631451732944697,0.6902185099897906,10.020143562927842
32,8,5,20,9.631451732944697,10.017924502957612,0.38647277001291513,10.020143562927842
32,8,5,21,10.017924502957612,10.022213228978217,0.004288726020604372,10.020143562927842
32,8,6,1,1.5932798619614914,2.1543386100092903,0.5610587480477989,10.020143562927842
32,8,6,2,2.1543386100092903,2.711286337929778,0.5569477279204875,10.020143562927842
32,8,6,3,2.711286337929778,3.2785095799481496,0.5672232420183718,10.020143562927842
32,8,6,4,3.2785095799481496,3.8319492479786277,0.5534396680304781,10.020143562927842
32,8,6,5,3.8319492479786277,4.400229533901438,0.5682802859228104,10.020143562927842
32,8,6,6,4.400229533901438,4.954109756974503,0.5538802230730653,10.020143562927842
32,8,6,7,4.954109756974503,5.520197334000841,0.5660875770263374,10.020143562927842
32,8,6,8,5.520197334000841,6.080529575934634,0.5603322419337928,10.020143562927842
32,8,6,9,6.080529575934634,6.643981967004947,0.5634523910703138,10.020143562927842
32,8,6,10,6.643981967004947,7.207937088911422,0.5639551219064742,10.020143562927842
32,8,6,11,7.207937088911422,7.767684468999505,0.5597473800880834,10.020143562927842
32,8,6,12,7.767684468999505,8.332293298910372,0.5646088299108669,10.020143562927842
32,8,6,13,8.332293298910372,8.939952957909554,0.6076596589991823,10.020143562927842
32,8,6,14,8.939952957909554,9.630329398903996,0.6903764409944415,10.020143562927842
32,8,6,15,9.630329398903996,10.016792915994301,0.3864635170903057,10.020143562927842
32,8,6,16,10.016792915994301,10.021237366949208,0.0044444509549066424,10.020143562927842
32,8,7,1,0.4725023709470406,1.033006735960953,0.5605043650139123,10.020143562927842
32,8,7,2,1.033006735960953,1.592770657967776,0.5597639220068231,10.020143562927842
32,8,7,3,1.592770657967776,2.1544005849864334,0.5616299270186573,10.020143562927842
32,8,7,4,2.1544005849864334,2.711716222926043,0.5573156379396096,10.020143562927842
32,8,7,5,2.711716222926043,3.279083475936204,0.5673672530101612,10.020143562927842
32,8,7,6,3.279083475936204,3.832243173965253,0.5531596980290487,10.020143562927842
32,8,7,7,3.832243173965253,4.400778156938031,0.5685349829727784,10.020143562927842
32,8,7,8,4.400778156938031,4.955576223903336,0.5547980669653043,10.020143562927842
32,8,7,9,4.955576223903336,5.521916209952906,0.5663399860495701,10.020143562927842
32,8,7,10,5.521916209952906,6.081944907899015,0.5600286979461089,10.020143562927842
32,8,7,11,6.081944907899015,6.645778429927304,0.5638335220282897,10.020143562927842
32,8,7,12,6.645778429927304,7.209616674925201,0.5638382449978963,10.020143562927842
32,8,7,13,7.209616674925201,7.769485203898512,0.5598685289733112,10.020143562927842
32,8,7,14,7.769485203898512,8.333993053995073,0.564507850096561,10.020143562927842
32,8,7,15,8.333993053995073,8.941416091984138,0.607423037989065,10.020143562927842
32,8,7,16,8.941416091984138,9.631679772981443,0.6902636809973046,10.020143562927842
32,8,7,17,9.631679772981443,10.018104555900209,0.38642478291876614,10.020143562927842
32,8,7,18,10.018104555900209,10.022386850905605,0.0042822950053960085,10.020143562927842
32,8,8,1,6.080377856967971,6.643843857920729,0.5634660009527579,10.020143562927842
32,8,8,2,6.643843857920729,7.2077840130077675,0.5639401550870389,10.020143562927842
32,8,8,3,7.2077840130077675,7.76761019800324,0.5598261849954724,10.020143562927842
32,8,8,4,7.76761019800324,8.332164702005684,0.5645545040024444,10.020143562927842
32,8,8,5,8.332164702005684,8.939877898897976,0.6077131968922913,10.020143562927842
32,8,8,6,8.939877898897976,9.630260098958388,0.6903822000604123,10.020143562927842
32,8,8,7,9.630260098958388,10.016522481921129,0.38626238296274096,10.020143562927842
32,8,8,8,10.016522481921129,10.021172239910811,0.004649757989682257,10.020143562927842
32,8,9,1,3.8318656139308587,4.4001579359173775,0.5682923219865188,10.020143562927842
32,8,9,2,4.4001579359173775,4.955803734948859,0.5556457990314811,10.020143562927842
32,8,9,3,4.955803734948859,5.522141659981571,0.5663379250327125,10.020143562927842
32,8,9,4,5.522141659981571,6.082134292926639,0.5599926329450682,10.020143562927842
32,8,9,5,6.082134292926639,6.645964125986211,0.5638298330595717,10.020143562927842
32,8,9,6,6.645964125986211,7.210132302949205,0.564168176962994,10.020143562927842
32,8,9,7,7.210132302949205,7.7697706879116595,0.5596383849624544,10.020143562927842
32,8,9,8,7.7697706879116595,8.33424508094322,0.5644743930315599,10.020143562927842
32,8,9,9,8.33424508094322,8.941666969913058,0.6074218889698386,10.020143562927842
32,8,9,10,8.941666969913058,9.631926258909516,0.690259288996458,10.020143562927842
32,8,9,11,9.631926258909516,10.018413013895042,0.3864867549855262,10.020143562927842
32,8,9,12,10.018413013895042,10.022619286901318,0.004206273006275296,10.020143562927842
32,8,10,1,4.400041912915185,4.954818803933449,0.554776891018264,10.020143562927842
32,8,10,2,4.954818803933449,5.521182314958423,0.5663635110249743,10.020143562927842
32,8,10,3,5.521182314958423,6.0811763249803334,0.5599940100219101,10.020143562927842
32,8,10,4,6.0811763249803334,6.644883037894033,0.5637067129136994,10.020143562927842
32,8,10,5,6.644883037894033,7.208602208993398,0.5637191710993648,10.020143562927842
32,8,10,6,7.208602208993398,7.768224768922664,0.5596225599292666,10.020143562927842
32,8,10,7,7.768224768922664,8.333229170995764,0.5650044020731002,10.020143562927842
32,8,10,8,8.333229170995764,8.940734294941649,0.6075051239458844,10.020143562927842
32,8,10,9,8.940734294941649,9.630978993955068,0.6902446990134194,10.020143562927842
32,8,10,10,9.630978993955068,10.017412028973922,0.38643303501885384,10.020143562927842
32,8,10,11,10.017412028973922,10.021751458989456,0.0043394300155341625,10.020143562927842
32,8,11,1,3.8327072769170627,4.401025745901279,0.5683184689842165,10.020143562927842
32,8,11,2,4.401025745901279,4.954946522950195,0.5539207770489156,10.020143562927842
32,8,11,3,4.954946522950195,5.5213065119460225,0.5663599889958277,10.020143562927842
32,8,11,4,5.5213065119460225,6.08130041800905,0.5599939060630277,10.020143562927842
32,8,11,5,6.08130041800905,6.645007389946841,0.5637069719377905,10.020143562927842
32,8,11,6,6.645007389946841,7.208729337900877,0.5637219479540363,10.020143562927842
32,8,11,7,7.208729337900877,7.768972160993144,0.5602428230922669,10.020143562927842
32,8,11,8,7.768972160993144,8.33343649096787,0.5644643299747258,10.020143562927842
32,8,11,9,8.33343649096787,8.940918651991524,0.607482161023654,10.020143562927842
32,8,11,10,8.940918651991524,9.631157443975098,0.6902387919835746,10.020143562927842
32,8,11,11,9.631157443975098,10.017590154893696,0.3864327109185979,10.020143562927842
32,8,11,12,10.017590154893696,10.02192281500902,0.004332660115323961,10.020143562927842
32,8,12,1,0.47279062890447676,1.033508931985125,0.5607183030806482,10.020143562927842
32,8,12,2,1.033508931985125,1.5930109209148213,0.5595019889296964,10.020143562927842
32,8,12,3,1.5930109209148213,2.1545839929021895,0.5615730719873682,10.020143562927842
32,8,12,4,2.1545839929021895,2.711912122904323,0.5573281300021335,10.020143562927842
32,8,12,5,2.711912122904323,3.2795601919060573,0.5676480690017343,10.020143562927842
32,8,12,6,3.2795601919060573,3.8328393979463726,0.5532792060403153,10.020143562927842
32,8,12,7,3.8328393979463726,4.4011623449623585,0.5683229470159858,10.020143562927842
32,8,12,8,4.4011623449623585,4.95629925490357,0.5551369099412113,10.020143562927842
32,8,12,9,4.95629925490357,5.522442111978307,0.5661428570747375,10.020143562927842
32,8,12,10,5.522442111978307,6.082382529973984,0.5599404179956764,10.020143562927842
32,8,12,11,6.082382529973984,6.646207022946328,0.5638244929723442,10.020143562927842
32,8,12,12,6.646207022946328,7.210369110922329,0.5641620879760012,10.020143562927842
32,8,12,13,7.210369110922329,7.769991378998384,0.5596222680760548,10.020143562927842
32,8,12,14,7.769991378998384,8.334781209006906,0.5647898300085217,10.020143562927842
32,8,12,15,8.334781209006906,8.941994827007875,0.6072136180009693,10.020143562927842
32,8,12,16,8.941994827007875,9.632239405997097,0.6902445789892226,10.020143562927842
32,8,12,17,9.632239405997097,10.018702186993323,0.3864627809962258,10.020143562927842
32,8,12,18,10.018702186993323,10.022900538984686,0.00419835199136287,10.020143562927842
32,8,13,1,2.7121862239437178,3.279647311894223,0.5674610879505053,10.020143562927842
32,8,13,2,3.279647311894223,3.8329017478972673,0.5532544360030442,10.020143562927842
32,8,13,3,3.8329017478972673,4.401227133930661,0.5683253860333934,10.020143562927842
32,8,13,4,4.401227133930661,4.9544980799546465,0.5532709460239857,10.020143562927842
32,8,13,5,4.9544980799546465,5.520911226980388,0.5664131470257416,10.020143562927842
32,8,13,6,5.520911226980388,6.080902879941277,0.559991652960889,10.020143562927842
32,8,13,7,6.080902879941277,6.6443138379836455,0.5634109580423683,10.020143562927842
32,8,13,8,6.6443138379836455,7.208288530004211,0.5639746920205653,10.020143562927842
32,8,13,9,7.208288530004211,7.76799191092141,0.559703380917199,10.020143562927842
32,8,13,10,7.76799191092141,8.332556546898559,0.564564635977149,10.020143562927842
32,8,13,11,8.332556546898559,8.940285479999147,0.6077289331005886,10.020143562927842
32,8,13,12,8.940285479999147,9.63068055396434,0.6903950739651918,10.020143562927842
32,8,13,13,9.63068055396434,10.017104011960328,0.38642345799598843,10.020143562927842
32,8,13,14,10.017104011960328,10.021468383958563,0.004364371998235583,10.020143562927842
32,8,14,1,3.279426488908939,3.8324038879945874,0.5529773990856484,10.020143562927842
32,8,14,2,3.8324038879945874,4.400911942007951,0.568508054013364,10.020143562927842
32,8,14,3,4.400911942007951,4.954882683930919,0.5539707419229671,10.020143562927842
32,8,14,4,4.954882683930919,5.521244767936878,0.5663620840059593,10.020143562927842
32,8,14,5,5.521244767936878,6.081240804982372,0.5599960370454937,10.020143562927842
32,8,14,6,6.081240804982372,6.644946572952904,0.5637057679705322,10.020143562927842
32,8,14,7,6.644946572952904,7.208665973972529,0.5637194010196254,10.020143562927842
32,8,14,8,7.208665973972529,7.768912514904514,0.5602465409319848,10.020143562927842
32,8,14,9,7.768912514904514,8.333379828953184,0.5644673140486702,10.020143562927842
32,8,14,10,8.333379828953184,8.94085831695702,0.6074784880038351,10.020143562927842
32,8,14,11,8.94085831695702,9.631091582938097,0.6902332659810781,10.020143562927842
32,8,14,12,9.631091582938097,10.017532127909362,0.3864405449712649,10.020143562927842
32,8,14,13,10.017532127909362,10.021864534937777,0.004332407028414309,10.020143562927842
32,8,15,1,4.95623288594652,5.522379372967407,0.5661464870208874,10.020143562927842
32,8,15,2,5.522379372967407,6.082322009955533,0.5599426369881257,10.020143562927842
32,8,15,3,6.082322009955533,6.646146556944586,0.5638245469890535,10.020143562927842
32,8,15,4,6.646146556944586,7.210310142952949,0.5641635860083625,10.020143562927842
32,8,15,5,7.210310142952949,7.769936857977882,0.5596267150249332,10.020143562927842
32,8,15,6,7.769936857977882,8.334722840925679,0.5647859829477966,10.020143562927842
32,8,15,7,8.334722840925679,8.9419372609118,0.6072144199861214,10.020143562927842
32,8,15,8,8.9419372609118,9.63218081695959,0.6902435560477898,10.020143562927842
32,8,15,9,9.63218081695959,10.018644761992618,0.3864639450330287,10.020143562927842
32,8,15,10,10.018644761992618,10.022847009939142,0.00420224794652313,10.020143562927842
32,8,16,1,-0.10645171103533357,0.4721890959190205,0.578640806954354,10.020143562927842
32,8,16,2,0.4721890959190205,1.033401470980607,0.5612123750615865,10.020143562927842
32,8,16,3,1.033401470980607,1.5929481009952724,0.5595466300146654,10.020143562927842
32,8,16,4,1.5929481009952724,2.1545245699817315,0.5615764689864591,10.020143562927842
32,8,16,5,2.1545245699817315,2.7118547909194604,0.5573302209377289,10.020143562927842
32,8,16,6,2.7118547909194604,3.2794919529696926,0.5676371620502323,10.020143562927842
32,8,16,7,3.2794919529696926,3.8327771519543603,0.5532851989846677,10.020143562927842
32,8,16,8,3.8327771519543603,4.401092732907273,0.5683155809529126,10.020143562927842
32,8,16,9,4.401092732907273,4.955641280976124,0.5545485480688512,10.020143562927842
32,8,16,10,4.955641280976124,5.521979123004712,0.5663378420285881,10.020143562927842
32,8,16,11,5.521979123004712,6.082005135947838,0.5600260129431263,10.020143562927842
32,8,16,12,6.082005135947838,6.645839295000769,0.5638341590529308,10.020143562927842
32,8,16,13,6.645839295000769,7.209678204962984,0.5638389099622145,10.020143562927842
32,8,16,14,7.209678204962984,7.76954249094706,0.5598642859840766,10.020143562927842
32,8,16,15,7.76954249094706,8.33405246399343,0.5645099730463699,10.020143562927842
32,8,16,16,8.33405246399343,8.941476268926635,0.6074238049332052,10.020143562927842
32,8,16,17,8.941476268926635,9.63174065691419,0.6902643879875541,10.020143562927842
32,8,16,18,9.63174065691419,10.018173366901465,0.3864327099872753,10.020143562927842
32,8,16,19,10.018173366901465,10.0224425959168,0.004269229015335441,10.020143562927842
32,8,17,1,2.153902161982842,2.710970098967664,0.5570679369848222,10.020143562927842
32,8,17,2,2.710970098967664,3.278211953002028,0.5672418540343642,10.020143562927842
32,8,17,3,3.278211953002028,3.831279673962854,0.5530677209608257,10.020143562927842
32,8,17,4,3.831279673962854,4.399356512934901,0.568076838972047,10.020143562927842
32,8,17,5,4.399356512934901,4.954638593946584,0.5552820810116827,10.020143562927842
32,8,17,6,4.954638593946584,5.5210422209929675,0.5664036270463839,10.020143562927842
32,8,17,7,5.5210422209929675,6.080965072964318,0.5599228519713506,10.020143562927842
32,8,17,8,6.080965072964318,6.644379602978006,0.5634145300136879,10.020143562927842
32,8,17,9,6.644379602978006,7.2083561609033495,0.5639765579253435,10.020143562927842
32,8,17,10,7.2083561609033495,7.768047686899081,0.5596915259957314,10.020143562927842
32,8,17,11,7.768047686899081,8.33261609391775,0.564568407018669,10.020143562927842
32,8,17,12,8.33261609391775,8.940348626929335,0.6077325330115855,10.020143562927842
32,8,17,13,8.940348626929335,9.630740557913668,0.6903919309843332,10.020143562927842
32,8,17,14,9.630740557913668,10.01717186998576,0.3864313120720908,10.020143562927842
32,8,17,15,10.01717186998576,10.021526620956138,0.004354750970378518,10.020143562927842
32,8,18,1,2.153529112925753,2.710797413950786,0.557268301025033,10.020143562927842
32,8,18,2,2.710797413950786,3.2780778729356825,0.5672804589848965,10.020143562927842
32,8,18,3,3.2780778729356825,3.831154183950275,0.5530763110145926,10.020143562927842
32,8,18,4,3.831154183950275,4.39919863792602,0.5680444539757445,10.020143562927842
32,8,18,5,4.39919863792602,4.955012243008241,0.5558136050822213,10.020143562927842
32,8,18,6,4.955012243008241,5.521368711953983,0.5663564689457417,10.020143562927842
32,8,18,7,5.521368711953983,6.081658586976118,0.5602898750221357,10.020143562927842
32,8,18,8,6.081658586976118,6.6451787509722635,0.5635201639961451,10.020143562927842
32,8,18,9,6.6451787509722635,7.208856794983149,0.5636780440108851,10.020143562927842
32,8,18,10,7.208856794983149,7.769094564951956,0.5602377699688077,10.020143562927842
32,8,18,11,7.769094564951956,8.333627056912519,0.5645324919605628,10.020143562927842
32,8,18,12,8.333627056912519,8.941040439996868,0.6074133830843493,10.020143562927842
32,8,18,13,8.941040439996868,9.631273129954934,0.6902326899580657,10.020143562927842
32,8,18,14,9.631273129954934,10.017705274978653,0.3864321450237185,10.020143562927842
32,8,18,15,10.017705274978653,10.022036712965928,0.004331437987275422,10.020143562927842
32,8,19,1,6.64477056497708,7.208531634998508,0.5637610700214282,10.020143562927842
32,8,19,2,7.208531634998508,7.768166392925195,0.5596347579266876,10.020143562927842
32,8,19,3,7.768166392925195,8.332735477946699,0.5645690850215033,10.020143562927842
32,8,19,4,8.332735477946699,8.940470211906359,0.6077347339596599,10.020143562927842
32,8,19,5,8.940470211906359,9.630860912962817,0.6903907010564581,10.020143562927842
32,8,19,6,9.630860912962817,10.017290678923018,0.3864297659602016,10.020143562927842
32,8,19,7,10.017290678923018,10.021639260929078,0.004348582006059587,10.020143562927842
32,8,20,1,2.7116482889978215,3.2786172699416056,0.5669689809437841,10.020143562927842
32,8,20,2,3.2786172699416056,3.832059543929063,0.5534422739874572,10.020143562927842
32,8,20,3,3.832059543929063,4.400295247905888,0.5682357039768249,10.020143562927842
32,8,20,4,4.400295247905888,4.955869320896454,0.5555740729905665,10.020143562927842
32,8,20,5,4.955869320896454,5.522200957988389,0.5663316370919347,10.020143562927842
32,8,20,6,5.522200957988389,6.082192496978678,0.559991538990289,10.020143562927842
32,8,20,7,6.082192496978678,6.646024182904512,0.5638316859258339,10.020143562927842
32,8,20,8,6.646024182904512,7.2101919369306415,0.5641677540261298,10.020143562927842
32,8,20,9,7.2101919369306415,7.7698271699482575,0.559635233017616,10.020143562927842
32,8,20,10,7.7698271699482575,8.334605995914899,0.5647788259666413,10.020143562927842
32,8,20,11,8.334605995914899,8.941824211971834,0.6072182160569355,10.020143562927842
32,8,20,12,8.941824211971834,9.63204199098982,0.6902177790179849,10.020143562927842
32,8,20,13,9.63204199098982,10.01852871500887,0.3864867240190506,10.020143562927842
32,8,20,14,10.01852871500887,10.022735713981092,0.004206998972222209,10.020143562927842
32,8,21,1,4.955432140966877,5.521790771977976,0.5663586310110986,10.020143562927842
32,8,21,2,5.521790771977976,6.081820891005918,0.5600301190279424,10.020143562927842
32,8,21,3,6.081820891005918,6.645355954999104,0.5635350639931858,10.020143562927842
32,8,21,4,6.645355954999104,7.209031057893299,0.5636751028941944,10.020143562927842
32,8,21,5,7.209031057893299,7.769218988949433,0.5601879310561344,10.020143562927842
32,8,21,6,7.769218988949433,8.333750916994177,0.5645319280447438,10.020143562927842
32,8,21,7,8.333750916994177,8.941169762983918,0.6074188459897414,10.020143562927842
32,8,21,8,8.941169762983918,9.631391057977453,0.6902212949935347,10.020143562927842
32,8,21,9,9.631391057977453,10.01786495395936,0.38647389598190784,10.020143562927842
32,8,21,10,10.01786495395936,10.022155168000609,0.004290214041247964,10.020143562927842
32,8,22,1,4.400706746964715,4.954421488917433,0.5537147419527173,10.020143562927842
32,8,22,2,4.954421488917433,5.520403596921824,0.5659821080043912,10.020143562927842
32,8,22,3,5.520403596921824,6.080725297913887,0.5603217009920627,10.020143562927842
32,8,22,4,6.080725297913887,6.644182891002856,0.5634575930889696,10.020143562927842
32,8,22,5,6.644182891002856,7.208153826999478,0.5639709359966218,10.020143562927842
32,8,22,6,7.208153826999478,7.767870501964353,0.559716674964875,10.020143562927842
32,8,22,7,7.767870501964353,8.332430907990783,0.5645604060264304,10.020143562927842
32,8,22,8,8.332430907990783,8.940083181951195,0.6076522739604115,10.020143562927842
32,8,22,9,8.940083181951195,9.630492181982845,0.6904090000316501,10.020143562927842
32,8,22,10,9.630492181982845,10.016981634893455,0.38648945291060954,10.020143562927842
32,8,22,11,10.016981634893455,10.02135435200762,0.004372717114165425,10.020143562927842
32,8,23,1,8.334541765972972,8.941762367961928,0.6072206019889563,10.020143562927842
32,8,23,2,8.941762367961928,9.631983538973145,0.6902211710112169,10.020143562927842
32,8,23,3,9.631983538973145,10.018470019917004,0.3864864809438586,10.020143562927842
32,8,23,4,10.018470019917004,10.022676134947687,0.004206115030683577,10.020143562927842
32,8,24,1,6.081591419992037,6.645108311902732,0.5635168919106945,10.020143562927842
32,8,24,2,6.645108311902732,7.2087934470037,0.5636851351009682,10.020143562927842
32,8,24,3,7.2087934470037,7.769032049924135,0.5602386029204354,10.020143562927842
32,8,24,4,7.769032049924135,8.33349658595398,0.5644645360298455,10.020143562927842
32,8,24,5,8.33349658595398,8.94097725499887,0.6074806690448895,10.020143562927842
32,8,24,6,8.94097725499887,9.631215561996214,0.6902383069973439,10.020143562927842
32,8,24,7,9.631215561996214,10.01764731691219,0.38643175491597503,10.020143562927842
32,8,24,8,10.01764731691219,10.021979462937452,0.004332146025262773,10.020143562927842
32,8,25,1,7.209449196932837,7.769368383917026,0.5599191869841889,10.020143562927842
32,8,25,2,7.769368383917026,8.333873766008765,0.5645053820917383,10.020143562927842
32,8,25,3,8.333873766008765,8.941294440999627,0.6074206749908626,10.020143562927842
32,8,25,4,8.941294440999627,9.631557337008417,0.6902628960087895,10.020143562927842
32,8,25,5,9.631557337008417,10.0179839709308,0.3864266339223832,10.020143562927842
32,8,25,6,10.0179839709308,10.022271458990872,0.004287488060072064,10.020143562927842
32,8,26,1,6.645710545941256,7.209555590990931,0.5638450450496748,10.020143562927842
32,8,26,2,7.209555590990931,7.769427798921242,0.5598722079303116,10.020143562927842
32,8,26,3,7.769427798921242,8.333934232941829,0.5645064340205863,10.020143562927842
32,8,26,4,8.333934232941829,8.941356729948893,0.6074224970070645,10.020143562927842
32,8,26,5,8.941356729948893,9.631620709900744,0.6902639799518511,10.020143562927842
32,8,26,6,9.631620709900744,10.018044136930257,0.3864234270295128,10.020143562927842
32,8,26,7,10.018044136930257,10.022328965947963,0.004284829017706215,10.020143562927842
32,8,27,1,5.520823878003284,6.080840028938837,0.560016150935553,10.020143562927842
32,8,27,2,6.080840028938837,6.644249614910223,0.5634095859713852,10.020143562927842
32,8,27,3,6.644249614910223,7.208223821944557,0.5639742070343345,10.020143562927842
32,8,27,4,7.208223821944557,7.767933754948899,0.559709933004342,10.020143562927842
32,8,27,5,7.767933754948899,8.332496200921014,0.5645624459721148,10.020143562927842
32,8,27,6,8.332496200921014,8.940166288986802,0.6076700880657881,10.020143562927842
32,8,27,7,8.940166288986802,9.630552335991524,0.6903860470047221,10.020143562927842
32,8,27,8,9.630552335991524,10.017044527921826,0.3864921919303015,10.020143562927842
32,8,27,9,10.017044527921826,10.02141218399629,0.004367656074464321,10.020143562927842
32,8,28,1,7.210055181989446,7.7696853938978165,0.5596302119083703,10.020143562927842
32,8,28,2,7.7696853938978165,8.334184511913918,0.5644991180161014,10.020143562927842
32,8,28,3,8.334184511913918,8.941609027911909,0.607424515997991,10.020143562927842
32,8,28,4,8.941609027911909,9.631867793970741,0.6902587660588324,10.020143562927842
32,8,28,5,9.631867793970741,10.018353899009526,0.38648610503878444,10.020143562927842
32,8,28,6,10.018353899009526,10.022563554928638,0.004209655919112265,10.020143562927842
32,8,29,1,5.521677038981579,6.081758648972027,0.5600816099904478,10.020143562927842
32,8,29,2,6.081758648972027,6.645240738987923,0.5634820900158957,10.020143562927842
32,8,29,3,6.645240738987923,7.208968902938068,0.5637281639501452,10.020143562927842
32,8,29,4,7.208968902938068,7.769161365926266,0.5601924629881978,10.020143562927842
32,8,29,5,7.769161365926266,8.333691017935053,0.5645296520087868,10.020143562927842
32,8,29,6,8.333691017935053,8.941103349905461,0.6074123319704086,10.020143562927842
32,8,29,7,8.941103349905461,9.631330930977128,0.6902275810716674,10.020143562927842
32,8,29,8,9.631330930977128,10.017802836955525,0.38647190597839653,10.020143562927842
32,8,29,9,10.017802836955525,10.022094989893958,0.0042921529384329915,10.020143562927842
32,8,30,1,8.333100831951015,8.940582645940594,0.6074818139895797,10.020143562927842
32,8,30,2,8.940582645940594,9.630918217939325,0.6903355719987303,10.020143562927842
32,8,30,3,9.630918217939325,10.017351374961436,0.3864331570221111,10.020143562927842
32,8,30,4,10.017351374961436,10.021694805007428,0.004343430045992136,10.020143562927842
32,8,31,1,7.768520614947192,8.33200128597673,0.5634806710295379,10.020143562927842
32,8,31,2,8.33200128597673,8.939750269986689,0.6077489840099588,10.020143562927842
32,8,31,3,8.939750269986689,9.630141294910572,0.6903910249238834,10.020143562927842
32,8,31,4,9.630141294910572,10.016447415924631,0.3863061210140586,10.020143562927842
32,8,31,5,10.016447415924631,10.021086997003295,0.004639581078663468,10.020143562927842
32,9,0,1,1.0268759620375931,1.5868088810238987,0.5599329189863056,10.002018486964516
32,9,0,2,1.5868088810238987,2.152714485069737,0.5659056040458381,10.002018486964516
32,9,0,3,2.152714485069737,2.707129526999779,0.5544150419300422,10.002018486964516
32,9,0,4,2.707129526999779,3.2736717789666727,0.5665422519668937,10.002018486964516
32,9,0,5,3.2736717789666727,3.831193214049563,0.5575214350828901,10.002018486964516
32,9,0,6,3.831193214049563,4.398547520977445,0.5673543069278821,10.002018486964516
32,9,0,7,4.398547520977445,4.955163337057456,0.5566158160800114,10.002018486964516
32,9,0,8,4.955163337057456,5.516629757010378,0.5614664199529216,10.002018486964516
32,9,0,9,5.516629757010378,6.072874541976489,0.5562447849661112,10.002018486964516
32,9,0,10,6.072874541976489,6.635079502011649,0.5622049600351602,10.002018486964516
32,9,0,11,6.635079502011649,7.200013527995907,0.5649340259842575,10.002018486964516
32,9,0,12,7.200013527995907,7.757907815044746,0.557894287048839,10.002018486964516
32,9,0,13,7.757907815044746,8.32360909297131,0.5657012779265642,10.002018486964516
32,9,0,14,8.32360909297131,8.929944903007708,0.6063358100363985,10.002018486964516
32,9,0,15,8.929944903007708,9.619384440011345,0.6894395370036364,10.002018486964516
32,9,0,16,9.619384440011345,10.002392900059931,0.38300846004858613,10.002018486964516
32,9,1,1,1.5860429480671883,2.1510949430521578,0.5650519949849695,10.002018486964516
32,9,1,2,2.1510949430521578,2.705938610015437,0.5548436669632792,10.002018486964516
32,9,1,3,2.705938610015437,3.2726512560620904,0.5667126460466534,10.002018486964516
32,9,1,4,3.2726512560620904,3.830215441994369,0.5575641859322786,10.002018486964516
32,9,1,5,3.830215441994369,4.397128646029159,0.5669132040347904,10.002018486964516
32,9,1,6,4.397128646029159,4.956241259002127,0.5591126129729673,10.002018486964516
32,9,1,7,4.956241259002127,5.517377421958372,0.5611361629562452,10.002018486964516
32,9,1,8,5.517377421958372,6.073808512999676,0.5564310910413042,10.002018486964516
32,9,1,9,6.073808512999676,6.63650023099035,0.5626917179906741,10.002018486964516
32,9,1,10,6.63650023099035,7.201313312049024,0.5648130810586736,10.002018486964516
32,9,1,11,7.201313312049024,7.7593136669602245,0.5580003549112007,10.002018486964516
32,9,1,12,7.7593136669602245,8.324706697021611,0.5653930300613865,10.002018486964516
32,9,1,13,8.324706697021611,8.93089573807083,0.6061890410492197,10.002018486964516
32,9,1,14,8.93089573807083,9.620529575971887,0.6896338379010558,10.002018486964516
32,9,1,15,9.620529575971887,10.003349698963575,0.38282012299168855,10.002018486964516
32,9,2,1,6.6357810710323974,7.200836553005502,0.5650554819731042,10.002018486964516
32,9,2,2,7.200836553005502,7.758329328033142,0.5574927750276402,10.002018486964516
32,9,2,3,7.758329328033142,8.324031054973602,0.5657017269404605,10.002018486964516
32,9,2,4,8.324031054973602,8.930356562021188,0.6063255070475861,10.002018486964516
32,9,2,5,8.930356562021188,9.619886422995478,0.6895298609742895,10.002018486964516
32,9,2,6,9.619886422995478,10.002872131066397,0.3829857080709189,10.002018486964516
32,9,3,1,8.325174269964918,8.930989822023548,0.6058155520586297,10.002018486964516
32,9,3,2,8.930989822023548,9.620593635016121,0.6896038129925728,10.002018486964516
32,9,3,3,9.620593635016121,10.003408966003917,0.3828153309877962,10.002018486964516
32,9,4,1,2.7070646890206262,3.273611115058884,0.5665464260382578,10.002018486964516
32,9,4,2,3.273611115058884,3.8311227980302647,0.5575116829713807,10.002018486964516
32,9,4,3,3.8311227980302647,4.398491821018979,0.5673690229887143,10.002018486964516
32,9,4,4,4.398491821018979,4.956846110988408,0.5583542899694294,10.002018486964516
32,9,4,5,4.956846110988408,5.518057747976854,0.5612116369884461,10.002018486964516
32,9,4,6,5.518057747976854,6.074289930053055,0.5562321820762008,10.002018486964516
32,9,4,7,6.074289930053055,6.636952801025473,0.5626628709724173,10.002018486964516
32,9,4,8,6.636952801025473,7.201730874017812,0.5647780729923397,10.002018486964516
32,9,4,9,7.201730874017812,7.759845601045527,0.5581147270277143,10.002018486964516
32,9,4,10,7.759845601045527,8.32603612402454,0.5661905229790136,10.002018486964516
32,9,4,11,8.32603612402454,8.931477213976905,0.6054410899523646,10.002018486964516
32,9,4,12,8.931477213976905,9.621174653992057,0.6896974400151521,10.002018486964516
32,9,4,13,9.621174653992057,10.00387891207356,0.3827042580815032,10.002018486964516
32,9,5,3,-0.11367315601091832,0.4684519220609218,0.5821250780718401,10.002018486964516
32,9,5,4,0.4684519220609218,1.026129205012694,0.5576772829517722,10.002018486964516
32,9,5,5,1.026129205012694,1.5862302060704678,0.5601010010577738,10.002018486964516
32,9,5,6,1.5862302060704678,2.1523483940400183,0.5661181879695505,10.002018486964516
32,9,5,7,2.1523483940400183,2.7062097600428388,0.5538613660028204,10.002018486964516
32,9,5,8,2.7062097600428388,3.272908717044629,0.5666989570017904,10.002018486964516
32,9,5,9,3.272908717044629,3.8303998230258003,0.5574911059811711,10.002018486964516
32,9,5,10,3.8303998230258003,4.397310358006507,0.5669105349807069,10.002018486964516
32,9,5,11,4.397310358006507,4.956303570070304,0.5589932120637968,10.002018486964516
32,9,5,12,4.956303570070304,5.517436261055991,0.5611326909856871,10.002018486964516
32,9,5,13,5.517436261055991,6.0738672140287235,0.5564309529727325,10.002018486964516
32,9,5,14,6.0738672140287235,6.636597209959291,0.5627299959305674,10.002018486964516
32,9,5,15,6.636597209959291,7.201376584009267,0.5647793740499765,10.002018486964516
32,9,5,16,7.201376584009267,7.759451398975216,0.5580748149659485,10.002018486964516
32,9,5,17,7.759451398975216,8.3252557690721,0.5658043700968847,10.002018486964516
32,9,5,18,8.3252557690721,8.931051517021842,0.6057957479497418,10.002018486964516
32,9,5,19,8.931051517021842,9.62065724702552,0.6896057300036773,10.002018486964516
32,9,5,20,9.62065724702552,10.003467211965472,0.3828099649399519,10.002018486964516
32,9,6,1,4.955907318042591,5.517144161975011,0.56123684393242,10.002018486964516
32,9,6,2,5.517144161975011,6.0735670670401305,0.5564229050651193,10.002018486964516
32,9,6,3,6.0735670670401305,6.6359540480189025,0.562386980978772,10.002018486964516
32,9,6,4,6.6359540480189025,7.200966433039866,0.5650123850209638,10.002018486964516
32,9,6,5,7.200966433039866,7.758533047977835,0.5575666149379686,10.002018486964516
32,9,6,6,7.758533047977835,8.324241840047762,0.5657087920699269,10.002018486964516
32,9,6,7,8.324241840047762,8.930482145980932,0.60624030593317,10.002018486964516
32,9,6,8,8.930482145980932,9.620103343040682,0.6896211970597506,10.002018486964516
32,9,6,9,9.620103343040682,10.002991868997924,0.38288852595724165,10.002018486964516
32,9,7,1,-0.11316157295368612,0.4690081080188975,0.5821696809725836,10.002018486964516
32,9,7,2,0.4690081080188975,1.025853177998215,0.5568450699793175,10.002018486964516
32,9,7,3,1.025853177998215,1.5856422809883952,0.5597891029901803,10.002018486964516
32,9,7,4,1.5856422809883952,2.150416956981644,0.5647746759932488,10.002018486964516
32,9,7,5,2.150416956981644,2.7056791810318828,0.5552622240502387,10.002018486964516
32,9,7,6,2.7056791810318828,3.272467639995739,0.5667884589638561,10.002018486964516
32,9,7,7,3.272467639995739,3.8296388380695134,0.5571711980737746,10.002018486964516
32,9,7,8,3.8296388380695134,4.396824310999364,0.5671854729298502,10.002018486964516
32,9,7,9,4.396824310999364,4.955281886970624,0.5584575759712607,10.002018486964516
32,9,7,10,4.955281886970624,5.516694389982149,0.5614125030115247,10.002018486964516
32,9,7,11,5.516694389982149,6.073218806064688,0.5565244160825387,10.002018486964516
32,9,7,12,6.073218806064688,6.635237987036817,0.5620191809721291,10.002018486964516
32,9,7,13,6.635237987036817,7.2001452799886465,0.5649072929518297,10.002018486964516
32,9,7,14,7.2001452799886465,7.758043630048633,0.5578983500599861,10.002018486964516
32,9,7,15,7.758043630048633,8.32377808005549,0.5657344500068575,10.002018486964516
32,9,7,16,8.32377808005549,8.930069682071917,0.6062916020164266,10.002018486964516
32,9,7,17,8.930069682071917,9.619541226071306,0.6894715439993888,10.002018486964516
32,9,7,18,9.619541226071306,10.00262672896497,0.38308550289366394,10.002018486964516
32,9,8,1,3.830071052070707,4.396993853035383,0.5669228009646758,10.002018486964516
32,9,8,2,4.396993853035383,4.956170154036954,0.5591763010015711,10.002018486964516
32,9,8,3,4.956170154036954,5.517319267033599,0.5611491129966453,10.002018486964516
32,9,8,4,5.517319267033599,6.07374942896422,0.5564301619306207,10.002018486964516
32,9,8,5,6.07374942896422,6.636436867993325,0.562687439029105,10.002018486964516
32,9,8,6,6.636436867993325,7.2012545560719445,0.5648176880786195,10.002018486964516
32,9,8,7,7.2012545560719445,7.758836071006954,0.5575815149350092,10.002018486964516
32,9,8,8,7.758836071006954,8.324529555044137,0.5656934840371832,10.002018486964516
32,9,8,9,8.324529555044137,8.930777117027901,0.6062475619837642,10.002018486964516
32,9,8,10,8.930777117027901,9.620403153006919,0.6896260359790176,10.002018486964516
32,9,8,11,9.620403153006919,10.003230290021747,0.3828271370148286,10.002018486964516
32,9,9,1,7.7602481910726056,8.326149072963744,0.5659008818911389,10.002018486964516
32,9,9,2,8.326149072963744,8.931533182039857,0.6053841090761125,10.002018486964516
32,9,9,3,8.931533182039857,9.621240734006278,0.6897075519664213,10.002018486964516
32,9,9,4,9.621240734006278,10.003935527987778,0.38269479398149997,10.002018486964516
32,9,10,1,6.073151558986865,6.635176290990785,0.5620247320039198,10.002018486964516
32,9,10,2,6.635176290990785,7.200081084971316,0.5649047939805314,10.002018486964516
32,9,10,3,7.200081084971316,7.757974914042279,0.557893829070963,10.002018486964516
32,9,10,4,7.757974914042279,8.323673375998624,0.5656984619563445,10.002018486964516
32,9,10,5,8.323673375998624,8.930007728980854,0.6063343529822305,10.002018486964516
32,9,10,6,8.930007728980854,9.619452969986014,0.6894452410051599,10.002018486964516
32,9,10,7,9.619452969986014,10.002452215063386,0.3829992450773716,10.002018486964516
32,9,11,1,6.636371611035429,7.201190437073819,0.5648188260383904,10.002018486964516
32,9,11,2,7.201190437073819,7.758774498011917,0.5575840609380975,10.002018486964516
32,9,11,3,7.758774498011917,8.324463321012445,0.5656888230005279,10.002018486964516
32,9,11,4,8.324463321012445,8.930657878052443,0.6061945570399985,10.002018486964516
32,9,11,5,8.930657878052443,9.620316460030153,0.6896585819777101,10.002018486964516
32,9,11,6,9.620316460030153,10.003171566990204,0.38285510696005076,10.002018486964516
32,9,12,1,3.272321572061628,3.8294904220383614,0.5571688499767333,10.002018486964516
32,9,12,2,3.8294904220383614,4.3966691080713645,0.567178686033003,10.002018486964516
32,9,12,3,4.3966691080713645,4.956905627972446,0.5602365199010819,10.002018486964516
32,9,12,4,4.956905627972446,5.518113772035576,0.56120814406313,10.002018486964516
32,9,12,5,5.518113772035576,6.074345258064568,0.5562314860289916,10.002018486964516
32,9,12,6,6.074345258064568,6.637010151986033,0.5626648939214647,10.002018486964516
32,9,12,7,6.637010151986033,7.201791350962594,0.5647811989765614,10.002018486964516
32,9,12,8,7.201791350962594,7.7603326389798895,0.5585412880172953,10.002018486964516
32,9,12,9,7.7603326389798895,8.32621090207249,0.5658782630925998,10.002018486964516
32,9,12,10,8.32621090207249,8.931589453015476,0.6053785509429872,10.002018486964516
32,9,12,11,8.931589453015476,9.621313408017159,0.689723955001682,10.002018486964516
32,9,12,12,9.621313408017159,10.003992298035882,0.3826788900187239,10.002018486964516
32,9,13,1,8.325615550973453,8.931135387974791,0.6055198370013386,10.002018486964516
32,9,13,2,8.931135387974791,9.620719359023497,0.6895839710487053,10.002018486964516
32,9,13,3,9.620719359023497,10.00352655397728,0.38280719495378435,10.002018486964516
32,9,14,1,3.8308744500391185,4.398253799998201,0.5673793499590829,10.002018486964516
32,9,14,2,4.398253799998201,4.956364159006625,0.558110359008424,10.002018486964516
32,9,14,3,4.956364159006625,5.517493832972832,0.5611296739662066,10.002018486964516
32,9,14,4,5.517493832972832,6.073925964999944,0.556432132027112,10.002018486964516
32,9,14,5,6.073925964999944,6.636659251991659,0.5627332869917154,10.002018486964516
32,9,14,6,6.636659251991659,7.201436388073489,0.5647771360818297,10.002018486964516
32,9,14,7,7.201436388073489,7.759517236030661,0.5580808479571715,10.002018486964516
32,9,14,8,7.759517236030661,8.325687405071221,0.5661701690405607,10.002018486964516
32,9,14,9,8.325687405071221,8.931192997959442,0.6055055928882211,10.002018486964516
32,9,14,10,8.931192997959442,9.620797335053794,0.6896043370943516,10.002018486964516
32,9,14,11,9.620797335053794,10.003583621000871,0.382786285947077,10.002018486964516
32,9,15,1,4.398150859982707,4.956008109031245,0.5578572490485385,10.002018486964516
32,9,15,2,4.956008109031245,5.5172022230690345,0.5611941140377894,10.002018486964516
32,9,15,3,5.5172022230690345,6.0736260410631076,0.556423817994073,10.002018486964516
32,9,15,4,6.0736260410631076,6.636021674028598,0.5623956329654902,10.002018486964516
32,9,15,5,6.636021674028598,7.2010262130061164,0.5650045389775187,10.002018486964516
32,9,15,6,7.2010262130061164,7.758599266991951,0.5575730539858341,10.002018486964516
32,9,15,7,7.758599266991951,8.324303523055278,0.5657042560633272,10.002018486964516
32,9,15,8,8.324303523055278,8.930539692984894,0.6062361699296162,10.002018486964516
32,9,15,9,8.930539692984894,9.62018769304268,0.6896480000577867,10.002018486964516
32,9,15,10,9.62018769304268,10.003052079002373,0.3828643859596923,10.002018486964516
32,9,16,1,2.1522631669649854,2.706145122065209,0.5538819551002234,10.002018486964516
32,9,16,2,2.706145122065209,3.2728460649959743,0.5667009429307655,10.002018486964516
32,9,16,3,3.2728460649959743,3.830339589039795,0.5574935240438208,10.002018486964516
32,9,16,4,3.830339589039795,4.397249809000641,0.566910219960846,10.002018486964516
32,9,16,5,4.397249809000641,4.955412773997523,0.5581629649968818,10.002018486964516
32,9,16,6,4.955412773997523,5.516861009062268,0.561448235064745,10.002018486964516
32,9,16,7,5.516861009062268,6.073338649002835,0.5564776399405673,10.002018486964516
32,9,16,8,6.073338649002835,6.635359743027948,0.5620210940251127,10.002018486964516
32,9,16,9,6.635359743027948,7.200590722030029,0.5652309790020809,10.002018486964516
32,9,16,10,7.200590722030029,7.758201219025068,0.5576104969950393,10.002018486964516
32,9,16,11,7.758201219025068,8.323905552970245,0.5657043339451775,10.002018486964516
32,9,16,12,8.323905552970245,8.930189875070937,0.6062843221006915,10.002018486964516
32,9,16,13,8.930189875070937,9.619726235046983,0.6895363599760458,10.002018486964516
32,9,16,14,9.619726235046983,10.002754179993644,0.3830279449466616,10.002018486964516
32,9,17,1,4.956765905022621,5.517686397070065,0.560920492047444,10.002018486964516
32,9,17,2,5.517686397070065,6.0741272090235725,0.5564408119535074,10.002018486964516
32,9,17,3,6.0741272090235725,6.636837605969049,0.5627103969454765,10.002018486964516
32,9,17,4,6.636837605969049,7.2016148320399225,0.5647772260708734,10.002018486964516
32,9,17,5,7.2016148320399225,7.7597236080328,0.5581087759928778,10.002018486964516
32,9,17,6,7.7597236080328,8.3258924910333,0.5661688830005005,10.002018486964516
32,9,17,7,8.3258924910333,8.931363439070992,0.6054709480376914,10.002018486964516
32,9,17,8,8.931363439070992,9.621003078995273,0.6896396399242803,10.002018486964516
32,9,17,9,9.621003078995273,10.00376068695914,0.3827576079638675,10.002018486964516
32,9,18,1,4.397722044959664,4.955581818008795,0.557859773049131,10.002018486964516
32,9,18,2,4.955581818008795,5.517045982065611,0.5614641640568152,10.002018486964516
32,9,18,3,5.517045982065611,6.0735072219977155,0.556461239932105,10.002018486964516
32,9,18,4,6.0735072219977155,6.635850240010768,0.5623430180130526,10.002018486964516
32,9,18,5,6.635850240010768,7.200900541967712,0.5650503019569442,10.002018486964516
32,9,18,6,7.200900541967712,7.758410345995799,0.5575098040280864,10.002018486964516
32,9,18,7,7.758410345995799,8.32415094296448,0.5657405969686806,10.002018486964516
32,9,18,8,8.32415094296448,8.930418467032723,0.6062675240682438,10.002018486964516
32,9,18,9,8.930418467032723,9.620034213992767,0.6896157469600439,10.002018486964516
32,9,18,10,9.620034213992767,10.002931441063993,0.38289722707122564,10.002018486964516
32,9,19,1,0.46929453406482935,1.0260473630623892,0.5567528289975598,10.002018486964516
32,9,19,2,1.0260473630623892,1.5861579719930887,0.5601106089306995,10.002018486964516
32,9,19,3,1.5861579719930887,2.151859950972721,0.5657019789796323,10.002018486964516
32,9,19,4,2.151859950972721,2.706050303997472,0.554190353024751,10.002018486964516
32,9,19,5,2.706050303997472,3.272780954022892,0.5667306500254199,10.002018486964516
32,9,19,6,3.272780954022892,3.8302790370071307,0.5574980829842389,10.002018486964516
32,9,19,7,3.8302790370071307,4.397187980008312,0.5669089430011809,10.002018486964516
32,9,19,8,4.397187980008312,4.955473746987991,0.5582857669796795,10.002018486964516
32,9,19,9,4.955473746987991,5.516984265064821,0.5615105180768296,10.002018486964516
32,9,19,10,5.516984265064821,6.073445359012112,0.5564610939472914,10.002018486964516
32,9,19,11,6.073445359012112,6.635417783050798,0.5619724240386859,10.002018486964516
32,9,19,12,6.635417783050798,7.200653039035387,0.5652352559845895,10.002018486964516
32,9,19,13,7.200653039035387,7.758264375035651,0.5576113360002637,10.002018486964516
32,9,19,14,7.758264375035651,8.323969078017399,0.5657047029817477,10.002018486964516
32,9,19,15,8.323969078017399,8.930248958989978,0.6062798809725791,10.002018486964516
32,9,19,16,8.930248958989978,9.619819079060107,0.6895701200701296,10.002018486964516
32,9,19,17,9.619819079060107,10.002812008024193,0.3829929289640859,10.002018486964516
32,9,20,1,2.7065699889790267,3.27332913398277,0.5667591450037435,10.002018486964516
32,9,20,2,3.27332913398277,3.830553355976008,0.5572242219932377,10.002018486964516
32,9,20,3,3.830553355976008,4.3978050970472395,0.5672517410712317,10.002018486964516
32,9,20,4,4.3978050970472395,4.954945879988372,0.5571407829411328,10.002018486964516
32,9,20,5,4.954945879988372,5.516062392038293,0.5611165120499209,10.002018486964516
32,9,20,6,5.516062392038293,6.072106225066818,0.5560438330285251,10.002018486964516
32,9,20,7,6.072106225066818,6.634626892046072,0.5625206669792533,10.002018486964516
32,9,20,8,6.634626892046072,7.199387297965586,0.5647604059195146,10.002018486964516
32,9,20,9,7.199387297965586,7.757399055059068,0.5580117570934817,10.002018486964516
32,9,20,10,7.757399055059068,8.323141084983945,0.565742029924877,10.002018486964516
32,9,20,11,8.323141084983945,8.929541775025427,0.6064006900414824,10.002018486964516
32,9,20,12,8.929541775025427,9.618928055977449,0.6893862809520215,10.002018486964516
32,9,20,13,9.618928055977449,10.000524630071595,0.3815965740941465,10.002018486964516
32,9,20,14,10.000524630071595,10.004892408964224,0.0043677788926288486,10.002018486964516
32,9,21,1,1.0264895369764417,1.5863381089875475,0.5598485720111057,10.002018486964516
32,9,21,2,1.5863381089875475,2.1524524750420824,0.5661143660545349,10.002018486964516
32,9,21,3,2.1524524750420824,2.706636138027534,0.5541836629854515,10.002018486964516
32,9,21,4,2.706636138027534,3.2733903320040554,0.5667541939765215,10.002018486964516
32,9,21,5,3.2733903320040554,3.8309445150662214,0.557554183062166,10.002018486964516
32,9,21,6,3.8309445150662214,4.398315547034144,0.567371031967923,10.002018486964516
32,9,21,7,4.398315547034144,4.955089638009667,0.556774090975523,10.002018486964516
32,9,21,8,4.955089638009667,5.51656419900246,0.5614745609927922,10.002018486964516
32,9,21,9,5.51656419900246,6.0728107009781525,0.5562465019756928,10.002018486964516
32,9,21,10,6.0728107009781525,6.6350170919904485,0.5622063910122961,10.002018486964516
32,9,21,11,6.6350170919904485,7.199949649977498,0.5649325579870492,10.002018486964516
32,9,21,12,7.199949649977498,7.757831413997337,0.5578817640198395,10.002018486964516
32,9,21,13,7.757831413997337,8.323544512037188,0.5657130980398506,10.002018486964516
32,9,21,14,8.323544512037188,8.929884194978513,0.606339682941325,10.002018486964516
32,9,21,15,8.929884194978513,9.619318739976734,0.6894345449982211,10.002018486964516
32,9,21,16,9.619318739976734,10.002330722054467,0.3830119820777327,10.002018486964516
32,9,22,1,5.517995601054281,6.074230429017916,0.5562348279636353,10.002018486964516
32,9,22,2,6.074230429017916,6.636896303971298,0.5626658749533817,10.002018486964516
32,9,22,3,6.636896303971298,7.201671269023791,0.5647749650524929,10.002018486964516
32,9,22,4,7.201671269023791,7.759788142051548,0.5581168730277568,10.002018486964516
32,9,22,5,7.759788142051548,8.325974656967446,0.5661865149158984,10.002018486964516
32,9,22,6,8.325974656967446,8.931421487010084,0.6054468300426379,10.002018486964516
32,9,22,7,8.931421487010084,9.621096933959052,0.6896754469489679,10.002018486964516
32,9,22,8,9.621096933959052,10.00381984305568,0.3827229090966284,10.002018486964516
32,9,23,1,2.1509232700336725,2.7058599090669304,0.554936639033258,10.002018486964516
32,9,23,2,2.7058599090669304,3.272576609044336,0.5667166999774054,10.002018486964516
32,9,23,3,3.272576609044336,3.8301466669654474,0.5575700579211116,10.002018486964516
32,9,23,4,3.8301466669654474,4.397064137971029,0.5669174710055813,10.002018486964516
32,9,23,5,4.397064137971029,4.955348329036497,0.5582841910654679,10.002018486964516
32,9,23,6,4.955348329036497,5.5167664180044085,0.5614180889679119,10.002018486964516
32,9,23,7,5.5167664180044085,6.073279162985273,0.5565127449808642,10.002018486964516
32,9,23,8,6.073279162985273,6.63529975595884,0.5620205929735675,10.002018486964516
32,9,23,9,6.63529975595884,7.200528034009039,0.5652282780501992,10.002018486964516
32,9,23,10,7.200528034009039,7.758119400008582,0.5575913659995422,10.002018486964516
32,9,23,11,7.758119400008582,8.323843401041813,0.5657240010332316,10.002018486964516
32,9,23,12,8.323843401041813,8.930131528060883,0.6062881270190701,10.002018486964516
32,9,23,13,8.930131528060883,9.619655076996423,0.68952354893554,10.002018486964516
32,9,23,14,9.619655076996423,10.002688826061785,0.3830337490653619,10.002018486964516
32,9,24,1,7.200422624009661,7.757251583039761,0.5568289590300992,10.002018486964516
32,9,24,2,7.757251583039761,8.322976434021257,0.5657248509814963,10.002018486964516
32,9,24,3,8.322976434021257,8.929392024991103,0.6064155909698457,10.002018486964516
32,9,24,4,8.929392024991103,9.618755923002027,0.6893638980109245,10.002018486964516
32,9,24,5,9.618755923002027,10.000409977976233,0.3816540549742058,10.002018486964516
32,9,24,6,10.000409977976233,10.004815801978111,0.0044058240018785,10.002018486964516
32,9,25,1,7.759240688988939,8.324635879020207,0.5653951900312677,10.002018486964516
32,9,25,2,8.324635879020207,8.930836610961705,0.6062007319414988,10.002018486964516
32,9,25,3,8.930836610961705,9.620467831962742,0.6896312210010365,10.002018486964516
32,9,25,4,9.620467831962742,10.003288764040917,0.38282093207817525,10.002018486964516
32,9,26,1,5.516483283019625,6.072304288041778,0.5558210050221533,10.002018486964516
32,9,26,2,6.072304288041778,6.634784411988221,0.5624801239464432,10.002018486964516
32,9,26,3,6.634784411988221,7.199465290992521,0.5646808790042996,10.002018486964516
32,9,26,4,7.199465290992521,7.757576922071166,0.5581116310786456,10.002018486964516
32,9,26,5,7.757576922071166,8.323296042042784,0.5657191199716181,10.002018486964516
32,9,26,6,8.323296042042784,8.929672639002092,0.6063765969593078,10.002018486964516
32,9,26,7,8.929672639002092,9.619096948066726,0.6894243090646341,10.002018486964516
32,9,26,8,9.619096948066726,10.000590978073888,0.3814940300071612,10.002018486964516
32,9,26,9,10.000590978073888,10.004951367969625,0.004360389895737171,10.002018486964516
32,9,27,1,3.2732173630502075,3.8304922779789194,0.557274914928712,10.002018486964516
32,9,27,2,3.8304922779789194,4.397371215978637,0.5668789379997179,10.002018486964516
32,9,27,3,4.397371215978637,4.956479012034833,0.5591077960561961,10.002018486964516
32,9,27,4,4.956479012034833,5.517603059997782,0.5611240479629487,10.002018486964516
32,9,27,5,5.517603059997782,6.074070552014746,0.5564674920169637,10.002018486964516
32,9,27,6,6.074070552014746,6.636779612046666,0.5627090600319207,10.002018486964516
32,9,27,7,6.636779612046666,7.2015563970198855,0.564776784973219,10.002018486964516
32,9,27,8,7.2015563970198855,7.759662211989053,0.5581058149691671,10.002018486964516
32,9,27,9,7.759662211989053,8.325827957014553,0.5661657450255007,10.002018486964516
32,9,27,10,8.325827957014553,8.931307062972337,0.6054791059577838,10.002018486964516
32,9,27,11,8.931307062972337,9.620926450006664,0.6896193870343268,10.002018486964516
32,9,27,12,9.620926450006664,10.00369664398022,0.38277019397355616,10.002018486964516
32,9,28,1,1.5866942460415885,2.15263602999039,0.5659417839488015,10.002018486964516
32,9,28,2,2.15263602999039,2.706766802002676,0.5541307720122859,10.002018486964516
32,9,28,3,2.706766802002676,3.2735140069853514,0.5667472049826756,10.002018486964516
32,9,28,4,3.2735140069853514,3.8310647750040516,0.5575507680187002,10.002018486964516
32,9,28,5,3.8310647750040516,4.398433967027813,0.5673691920237616,10.002018486964516
32,9,28,6,4.398433967027813,4.956422489020042,0.5579885219922289,10.002018486964516
32,9,28,7,4.956422489020042,5.517548504052684,0.5611260150326416,10.002018486964516
32,9,28,8,5.517548504052684,6.074011348071508,0.5564628440188244,10.002018486964516
32,9,28,9,6.074011348071508,6.636717688059434,0.5627063399879262,10.002018486964516
32,9,28,10,6.636717688059434,7.201496990979649,0.5647793029202148,10.002018486964516
32,9,28,11,7.201496990979649,7.759578811004758,0.5580818200251088,10.002018486964516
32,9,28,12,7.759578811004758,8.325759317027405,0.566180506022647,10.002018486964516
32,9,28,13,8.325759317027405,8.931250325054862,0.6054910080274567,10.002018486964516
32,9,28,14,8.931250325054862,9.620867904974148,0.6896175799192861,10.002018486964516
32,9,28,15,9.620867904974148,10.003639983013272,0.3827720780391246,10.002018486964516
32,9,29,1,7.1998801219742745,7.757762696011923,0.5578825740376487,10.002018486964516
32,9,29,2,7.757762696011923,8.323472638963722,0.5657099429517984,10.002018486964516
32,9,29,3,8.323472638963722,8.929820107994601,0.6063474690308794,10.002018486964516
32,9,29,4,8.929820107994601,9.619249931070954,0.6894298230763525,10.002018486964516
32,9,29,5,9.619249931070954,10.002268066979013,0.3830181359080598,10.002018486964516
32,9,30,1,0.46884635696187615,1.0265894810436293,0.5577431240817532,10.002018486964516
32,9,30,2,1.0265894810436293,1.5864026050549,0.5598131240112707,10.002018486964516
32,9,30,3,1.5864026050549,2.1525413329945877,0.5661387279396877,10.002018486964516
32,9,30,4,2.1525413329945877,2.7066989600425586,0.5541576270479709,10.002018486964516
32,9,30,5,2.7066989600425586,3.2734542139805853,0.5667552539380267,10.002018486964516
32,9,30,6,3.2734542139805853,3.8310058200731874,0.557551606092602,10.002018486964516
32,9,30,7,3.8310058200731874,4.398374955053441,0.5673691349802539,10.002018486964516
32,9,30,8,4.398374955053441,4.95606801903341,0.5576930639799684,10.002018486964516
32,9,30,9,4.95606801903341,5.5172608740394935,0.5611928550060838,10.002018486964516
32,9,30,10,5.5172608740394935,6.073683580965735,0.5564227069262415,10.002018486964516
32,9,30,11,6.073683580965735,6.636081469012424,0.5623978880466893,10.002018486964516
32,9,30,12,6.636081469012424,7.201088514062576,0.5650070450501516,10.002018486964516
32,9,30,13,7.201088514062576,7.7586602760711685,0.5575717620085925,10.002018486964516
32,9,30,14,7.7586602760711685,8.324390843976289,0.5657305679051206,10.002018486964516
32,9,30,15,8.324390843976289,8.930598080041818,0.6062072360655293,10.002018486964516
32,9,30,16,8.930598080041818,9.620252287015319,0.6896542069735005,10.002018486964516
32,9,30,17,9.620252287015319,10.003111722995527,0.3828594359802082,10.002018486964516
32,9,31,1,6.07271233596839,6.634949119063094,0.5622367830947042,10.002018486964516
32,9,31,2,6.634949119063094,7.199531308026053,0.5645821889629588,10.002018486964516
32,9,31,3,7.199531308026053,7.7576519070426,0.5581205990165472,10.002018486964516
32,9,31,4,7.7576519070426,8.3233689640183,0.5657170569757,10.002018486964516
32,9,31,5,8.3233689640183,8.929752868018113,0.6063839039998129,10.002018486964516
32,9,31,6,8.929752868018113,9.619178241002373,0.6894253729842603,10.002018486964516
32,9,31,7,9.619178241002373,10.002198708010837,0.38302046700846404,10.002018486964516
