B,n,k,t_iter
1,64,4.0,0.01463084202259779
1,64,5.0,0.014884923002682626
1,64,6.0,0.014960400061681867
1,64,7.0,0.014976539998315275
1,64,8.0,0.014757038909010589
1,64,9.0,0.014986441005021334
1,64,10.0,0.014943949994631112
1,64,11.0,0.014685250003822148
1,64,12.0,0.014981772052124143
1,64,13.0,0.014920293004252017
1,64,14.0,0.014727039029821754
1,64,15.0,0.015005974913947284
1,64,16.0,0.015038617071695626
1,64,17.0,0.01452409301418811
1,64,18.0,0.015047817956656218
1,64,19.0,0.014724071021191776
1,64,20.0,0.015332253999076784
1,64,21.0,0.014560782932676375
1,64,22.0,0.014723182073794305
1,64,23.0,0.014783327002078295
1,64,24.0,0.0151453249854967
1,64,25.0,0.01475538092199713
1,64,26.0,0.014802011079154909
1,64,27.0,0.014727132976986468
1,64,28.0,0.014899963978677988
1,64,29.0,0.0148268670309335
1,64,30.0,0.014999137027189136
1,64,31.0,0.014791163965128362
1,64,32.0,0.014802205958403647
1,64,33.0,0.014914800063706934
1,64,34.0,0.01495338894892484
1,64,35.0,0.01486914698034525
1,64,36.0,0.014953304082155228
1,64,37.0,0.01500907598529011
1,64,38.0,0.014643774018622935
1,64,39.0,0.014674720005132258
1,64,40.0,0.01482718694023788
1,64,41.0,0.014834749978035688
1,64,42.0,0.015123913995921612
1,64,43.0,0.015264244051650167
1,64,44.0,0.0146545929601416
1,64,45.0,0.014716555015183985
1,64,46.0,0.015113378060050309
1,64,47.0,0.014603683957830071
1,64,48.0,0.014936437946744263
1,64,49.0,0.014666167087852955
1,64,50.0,0.015135011984966695
1,64,51.0,0.014668263960629702
1,64,52.0,0.014927802025340497
1,64,53.0,0.01473848894238472
1,64,54.0,0.014785564038902521
1,64,55.0,0.015027833986096084
1,64,56.0,0.014758147997781634
1,64,57.0,0.014856182038784027
1,64,58.0,0.015046281041577458
1,64,59.0,0.014795294962823391
1,64,60.0,0.014865566976368427
1,64,61.0,0.014938922016881406
1,64,62.0,0.014942892943508923
1,64,63.0,0.014679673011414707
1,64,64.0,0.015002824016846716
1,64,65.0,0.015239218017086387
1,64,66.0,0.014706820948049426
1,64,67.0,0.014570414088666439
1,64,68.0,0.015315391938202083
1,64,69.0,0.014581538969650865
1,64,70.0,0.015102636069059372
1,64,71.0,0.01455407403409481
1,64,72.0,0.015252592973411083
1,64,73.0,0.014505979022942483
1,64,74.0,0.014982337947003543
1,64,75.0,0.01509782497305423
1,64,76.0,0.015080198063515127
1,64,77.0,0.015119735966436565
1,64,78.0,0.014341186033561826
1,64,79.0,0.015523719950579107
1,64,80.0,0.014507016050629318
1,64,81.0,0.014952020952478051
1,64,82.0,0.014743726002052426
1,64,83.0,0.014654644997790456
1,64,84.0,0.015394977992400527
1,64,85.0,0.014509772066958249
1,64,86.0,0.015096404938958585
1,64,87.0,0.014766726992093027
1,64,88.0,0.014705865061841905
1,64,89.0,0.015099780983291566
1,64,90.0,0.01484133000485599
1,64,91.0,0.014898316003382206
1,64,92.0,0.015190809033811092
1,64,93.0,0.014575845911167562
1,64,94.0,0.01505713805090636
1,64,95.0,0.014916180982254446
1,64,96.0,0.014940568944439292
1,64,97.0,0.014777331030927598
1,64,98.0,0.014641984016634524
1,64,99.0,0.015384298050776124
1,64,100.0,0.014584388001821935
1,64,101.0,0.014812813955359161
1,64,102.0,0.015023467945866287
1,64,103.0,0.01488058001268655
1,64,104.0,0.015304157044738531
1,64,105.0,0.014493157039396465
1,64,106.0,0.014839362003840506
1,64,107.0,0.015099489944986999
1,64,108.0,0.014724001986905932
1,64,109.0,0.014903182978741825
1,64,110.0,0.01494954398367554
1,64,111.0,0.014923735056072474
1,64,112.0,0.014915887964889407
1,64,113.0,0.01474603300448507
1,64,114.0,0.015008092974312603
1,64,115.0,0.015174675034359097
1,64,116.0,0.014543764991685748
1,64,117.0,0.014841173077002168
1,64,118.0,0.01487981399986893
1,64,119.0,0.01564456697087735
1,64,120.0,0.014533148030750453
1,64,121.0,0.014890376944094896
1,64,122.0,0.014774629031307995
1,64,123.0,0.01485905796289444
1,64,124.0,0.014719450031407177
1,64,125.0,0.015074727940373123
1,64,126.0,0.014935835031792521
1,64,127.0,0.014898902969434857
1,64,128.0,0.014698723098263144
1,64,129.0,0.015026148990727961
1,64,130.0,0.015009554917924106
1,64,131.0,0.01490316807758063
1,64,132.0,0.01482668798416853
1,64,133.0,0.015169930993579328
1,64,134.0,0.014599530026316643
1,64,135.0,0.01521817094180733
1,64,136.0,0.014796798001043499
1,64,137.0,0.01508613198529929
1,64,138.0,0.01477590308059007
1,64,139.0,0.01528681698255241
1,64,140.0,0.01455525099299848
1,64,141.0,0.014839324983768165
1,64,142.0,0.014701916021294892
1,64,143.0,0.014902572962455451
1,64,144.0,0.014971537981182337
1,64,145.0,0.014829735038802028
1,64,146.0,0.015048958011902869
1,64,147.0,0.014697770006023347
1,64,148.0,0.015003119013272226
1,64,149.0,0.014977401006035507
1,64,150.0,0.014781037927605212
1,64,151.0,0.01487695996183902
1,64,152.0,0.014861352043226361
1,64,153.0,0.014965148991905153
1,64,154.0,0.015051041031256318
1,64,155.0,0.014761404949240386
1,64,156.0,0.01505995006300509
1,64,157.0,0.014753069961443543
1,64,158.0,0.014990115072578192
1,64,159.0,0.014913942897692323
1,64,160.0,0.014849556027911603
1,64,161.0,0.014788712025620043
1,64,162.0,0.015026611974462867
1,64,163.0,0.01504524506162852
1,64,164.0,0.014852093998342752
1,64,165.0,0.01483877596911043
1,64,166.0,0.014894393971189857
1,64,167.0,0.015007761074230075
1,64,168.0,0.014752240967936814
1,64,169.0,0.015043145976960659
1,64,170.0,0.014771873946301639
1,64,171.0,0.01514739403501153
1,64,172.0,0.014910497004166245
1,64,173.0,0.014920126996003091
1,64,174.0,0.014592337072826922
1,64,175.0,0.015275868936441839
1,64,176.0,0.014722606050781906
1,64,177.0,0.01479880593251437
1,64,178.0,0.014896415057592094
1,64,179.0,0.014825593912974
1,64,180.0,0.015006266068667173
1,64,181.0,0.014933121972717345
1,64,182.0,0.014870299026370049
1,64,183.0,0.014870833954773843
1,64,184.0,0.014898317982442677
1,64,185.0,0.014890728052705526
1,64,186.0,0.014892245992086828
1,64,187.0,0.014880617964081466
1,64,188.0,0.014799433061853051
1,64,189.0,0.01500654499977827
1,64,190.0,0.014855374000035226
1,64,191.0,0.014905603951774538
1,64,192.0,0.014974839985370636
1,64,193.0,0.014869222999550402
1,64,194.0,0.014861528994515538
1,64,195.0,0.015087687992490828
1,64,196.0,0.014916637097485363
1,64,197.0,0.014689940959215164
1,64,198.0,0.01499341893941164
1,64,199.0,0.015314434072934091
1,64,200.0,0.014611586928367615
1,64,201.0,0.014755151001736522
1,64,202.0,0.015000374056398869
1,64,203.0,0.014783540973439813
1,64,204.0,0.014902677037753165
1,64,205.0,0.01495280594099313
1,64,206.0,0.014927845099009573
1,64,207.0,0.014890151913277805
1,64,208.0,0.014831681037321687
1,64,209.0,0.014958090032450855
1,64,210.0,0.014901254908181727
1,64,211.0,0.014829353080131114
1,64,212.0,0.015002929023467004
1,64,213.0,0.014830656931735575
1,64,214.0,0.014882727060467005
1,64,215.0,0.01491926098242402
1,64,216.0,0.015095478971488774
1,64,217.0,0.01476229599211365
1,64,218.0,0.014882261049933732
1,64,219.0,0.014957427978515625
1,64,220.0,0.014816861017607152
1,64,221.0,0.014941381989046931
1,64,222.0,0.015019463957287371
1,64,223.0,0.01478478405624628
1,64,224.0,0.014870651997625828
1,64,225.0,0.01489924592897296
1,64,226.0,0.015134882065467536
1,64,227.0,0.014756017946638167
1,64,228.0,0.015086443978361785
1,64,229.0,0.014695349032990634
1,64,230.0,0.015205992036499083
1,64,231.0,0.01480959402397275
1,64,232.0,0.014731334988027811
1,64,233.0,0.014897648012265563
1,64,234.0,0.01526872394606471
1,64,235.0,0.014628921984694898
1,64,236.0,0.014767258078791201
1,64,237.0,0.014877409907057881
1,64,238.0,0.014990729046985507
1,64,239.0,0.015019300044514239
1,64,240.0,0.01502865890506655
1,64,241.0,0.014812109060585499
1,64,242.0,0.015210369019769132
1,64,243.0,0.01441758091095835
1,64,244.0,0.015090166009031236
1,64,245.0,0.014818542054854333
1,64,246.0,0.015042598941363394
1,64,247.0,0.01503284799400717
1,64,248.0,0.015095437061972916
1,64,249.0,0.01462387596257031
1,64,250.0,0.015038309036754072
1,64,251.0,0.014888125006109476
1,64,252.0,0.015048409928567708
1,64,253.0,0.015099413110874593
1,64,254.0,0.014479820965789258
1,64,255.0,0.014947343966923654
1,256,4.0,0.014972666976973414
1,256,5.0,0.014696747995913029
1,256,6.0,0.014836319023743272
1,256,7.0,0.014955347985960543
1,256,8.0,0.015169968944974244
1,256,9.0,0.014851407031528652
1,256,10.0,0.014932750957086682
1,256,11.0,0.01502532500308007
1,256,12.0,0.015115907997824252
1,256,13.0,0.014948270050808787
1,256,14.0,0.014729221002198756
1,256,15.0,0.015121659962460399
1,256,16.0,0.014866873039864004
1,256,17.0,0.01473760895896703
1,256,18.0,0.014932438032701612
1,256,19.0,0.015125900972634554
1,256,20.0,0.014772451017051935
1,256,21.0,0.014816745999269187
1,256,22.0,0.01512227300554514
1,256,23.0,0.01505026698578149
1,256,24.0,0.014683778048492968
1,256,25.0,0.014873496955260634
1,256,26.0,0.01535200304351747
1,256,27.0,0.01452640793286264
1,256,28.0,0.014846261008642614
1,256,29.0,0.014770562062039971
1,256,30.0,0.014920346904546022
1,256,31.0,0.014896991080604494
1,256,32.0,0.014931811951100826
1,256,33.0,0.014948609052225947
1,256,34.0,0.015088430955074728
1,256,35.0,0.014729327987879515
1,256,36.0,0.015167130040936172
1,256,37.0,0.0149852039758116
1,256,38.0,0.014699790044687688
1,256,39.0,0.014770012930966914
1,256,40.0,0.015451712999492884
1,256,41.0,0.014879330061376095
1,256,42.0,0.014484794926829636
1,256,43.0,0.014855007058940828
1,256,44.0,0.014942063018679619
1,256,45.0,0.014902757946401834
1,256,46.0,0.014898619963787496
1,256,47.0,0.015105359023436904
1,256,48.0,0.014971001073718071
1,256,49.0,0.014744429965503514
1,256,50.0,0.015049307025037706
1,256,51.0,0.014784983010031283
1,256,52.0,0.014962373999878764
1,256,53.0,0.014972204924561083
1,256,54.0,0.014814552036114037
1,256,55.0,0.014890591031871736
1,256,56.0,0.01500258594751358
1,256,57.0,0.014889716054312885
1,256,58.0,0.01481372700072825
1,256,59.0,0.015039445017464459
1,256,60.0,0.014814593945629895
1,256,61.0,0.014858050039038062
1,256,62.0,0.015067382948473096
1,256,63.0,0.014791170018725097
1,256,64.0,0.01487998804077506
1,256,65.0,0.015330396010540426
1,256,66.0,0.018074404913932085
1,256,67.0,0.011532444041222334
1,256,68.0,0.014939139015041292
1,256,69.0,0.014818497933447361
1,256,70.0,0.014886339078657329
1,256,71.0,0.014781547943130136
1,256,72.0,0.015076286974363029
1,256,73.0,0.01491673500277102
1,256,74.0,0.01466626301407814
1,256,75.0,0.014913624036125839
1,256,76.0,0.015142321935854852
1,256,77.0,0.01505217410158366
1,256,78.0,0.014691688935272396
1,256,79.0,0.015272587072104216
1,256,80.0,0.014756369986571372
1,256,81.0,0.01485860999673605
1,256,82.0,0.014629706973209977
1,256,83.0,0.015266556991264224
1,256,84.0,0.014696980942972004
1,256,85.0,0.014851051033474505
1,256,86.0,0.01483311306219548
1,256,87.0,0.015334191964939237
1,256,88.0,0.014785474981181324
1,256,89.0,0.014874849002808332
1,256,90.0,0.014807748957537115
1,256,91.0,0.015060866018757224
1,256,92.0,0.014711742056533694
1,256,93.0,0.01506118499673903
1,256,94.0,0.014595175976864994
1,256,95.0,0.014886382967233658
1,256,96.0,0.015039860038086772
1,256,97.0,0.014930277015082538
1,256,98.0,0.015053056995384395
1,256,99.0,0.014598025009036064
1,256,100.0,0.014917296008206904
1,256,101.0,0.01503874093759805
1,256,102.0,0.014876103028655052
1,256,103.0,0.014913743012584746
1,256,104.0,0.014814299996942282
1,256,105.0,0.01487553003244102
1,256,106.0,0.014931908925063908
1,256,107.0,0.015063652070239186
1,256,108.0,0.01505559601355344
1,256,109.0,0.014642086927779019
1,256,110.0,0.015104379039257765
1,256,111.0,0.014810067019425333
1,256,112.0,0.014930486911907792
1,256,113.0,0.015023338026367128
1,256,114.0,0.014961100998334587
1,256,115.0,0.01467136899009347
1,256,116.0,0.015325961052440107
1,256,117.0,0.014734552940353751
1,256,118.0,0.014865494100376964
1,256,119.0,0.01460109290201217
1,256,120.0,0.015730912098661065
1,256,121.0,0.014370257966220379
1,256,122.0,0.01493737194687128
1,256,123.0,0.014918057015165687
1,256,124.0,0.01479581103194505
1,256,125.0,0.014919813023880124
1,256,126.0,0.015028525958769023
1,256,127.0,0.015000200015492737
1,256,128.0,0.014910566038452089
1,256,129.0,0.014666239963844419
1,256,130.0,0.014913177932612598
1,256,131.0,0.015013470081612468
1,256,132.0,0.01464790792670101
1,256,133.0,0.014880851027555764
1,256,134.0,0.01533211104106158
1,256,135.0,0.014855431974865496
1,256,136.0,0.014884765027090907
1,256,137.0,0.014601905946619809
1,256,138.0,0.015328356996178627
1,256,139.0,0.014466196997091174
1,256,140.0,0.015157171059399843
1,256,141.0,0.014932158985175192
1,256,142.0,0.014637760003097355
1,256,143.0,0.014869050937704742
1,256,144.0,0.01495048706419766
1,256,145.0,0.014906264957971871
1,256,146.0,0.014841131982393563
1,256,147.0,0.015066375024616718
1,256,148.0,0.014763436047360301
1,256,149.0,0.014915672014467418
1,256,150.0,0.014868992962874472
1,256,151.0,0.015078096999786794
1,256,152.0,0.015037950011901557
1,256,153.0,0.014703657943755388
1,256,154.0,0.015013184049166739
1,256,155.0,0.014731895993463695
1,256,156.0,0.01504098903387785
1,256,157.0,0.014985639019869268
1,256,158.0,0.014812137000262737
1,256,159.0,0.015016075922176242
1,256,160.0,0.014719328028149903
1,256,161.0,0.014995340025052428
1,256,162.0,0.014852905995212495
1,256,163.0,0.014992156997323036
1,256,164.0,0.014767854940146208
1,256,165.0,0.014932412072084844
1,256,166.0,0.014864617958664894
1,256,167.0,0.01487258798442781
1,256,168.0,0.015080544049851596
1,256,169.0,0.014943194924853742
1,256,170.0,0.014746574102900922
1,256,171.0,0.014858241891488433
1,256,172.0,0.015188882010988891
1,256,173.0,0.014612431055866182
1,256,174.0,0.014972483972087502
1,256,175.0,0.01509828504640609
1,256,176.0,0.014699163963086903
1,256,177.0,0.015067217987962067
1,256,178.0,0.014896765002049506
1,256,179.0,0.014726280001923442
1,256,180.0,0.015127890976145864
1,256,181.0,0.014923366019502282
1,256,182.0,0.015068673994392157
1,256,183.0,0.0145508770365268
1,256,184.0,0.01502097095362842
1,256,185.0,0.015052668983116746
1,256,186.0,0.014914611005224288
1,256,187.0,0.014919562032446265
1,256,188.0,0.015088047017343342
1,256,189.0,0.01471236499492079
1,256,190.0,0.014914519037120044
1,256,191.0,0.014889650978147984
1,256,192.0,0.014724166016094387
1,256,193.0,0.015082382946275175
1,256,194.0,0.014760134043172002
1,256,195.0,0.014874850981868804
1,256,196.0,0.014937271946109831
1,256,197.0,0.015211611054837704
1,256,198.0,0.014713687007315457
1,256,199.0,0.015046793967485428
1,256,200.0,0.014797192998230457
1,256,201.0,0.014782828977331519
1,256,202.0,0.015041336067952216
1,256,203.0,0.014975679921917617
1,256,204.0,0.014665271039120853
1,256,205.0,0.014946316019631922
1,256,206.0,0.014901567017659545
1,256,207.0,0.015192562015727162
1,256,208.0,0.014995504985563457
1,256,209.0,0.014949503005482256
1,256,210.0,0.014742927975021303
1,256,211.0,0.014978268998675048
1,256,212.0,0.014687463990412652
1,256,213.0,0.014839957002550364
1,256,214.0,0.015065253945067525
1,256,215.0,0.014868182013742626
1,256,216.0,0.014890607097186148
1,256,217.0,0.014813734916970134
1,256,218.0,0.014948587049730122
1,256,219.0,0.014995677978731692
1,256,220.0,0.01497082004789263
1,256,221.0,0.014819683972746134
1,256,222.0,0.014814917929470539
1,256,223.0,0.015096335089765489
1,256,224.0,0.01473054790403694
1,256,225.0,0.015059162047691643
1,256,226.0,0.014987515052780509
1,256,227.0,0.0147214689059183
1,256,228.0,0.01487072801683098
1,256,229.0,0.01488034101203084
1,256,230.0,0.015151767991483212
1,256,231.0,0.01469915104098618
1,256,232.0,0.014922213973477483
1,256,233.0,0.015087455045431852
1,256,234.0,0.014871677965857089
1,256,235.0,0.01482117804698646
1,256,236.0,0.015025019994936883
1,256,237.0,0.014709853916428983
1,256,238.0,0.015011720010079443
1,256,239.0,0.0147783940192312
1,256,240.0,0.01505608600564301
1,256,241.0,0.014716253033839166
1,256,242.0,0.015056942938826978
1,256,243.0,0.014969593030400574
1,256,244.0,0.014590358012355864
1,256,245.0,0.01496712095104158
1,256,246.0,0.015056623029522598
1,256,247.0,0.014748951070941985
1,256,248.0,0.014962908928282559
1,256,249.0,0.01486136601306498
1,256,250.0,0.014920121058821678
1,256,251.0,0.014842438977211714
1,256,252.0,0.014844030025415123
1,256,253.0,0.01523270399775356
1,256,254.0,0.014832228887826204
1,256,255.0,0.01518203504383564
1,1024,4.0,0.015323554049246013
1,1024,5.0,0.01503289898391813
1,1024,6.0,0.015062174992635846
1,1024,7.0,0.01498235494364053
1,1024,8.0,0.014962796005420387
1,1024,9.0,0.015292859054170549
1,1024,10.0,0.014826325932517648
1,1024,11.0,0.0152201660675928
1,1024,12.0,0.01501088694203645
1,1024,13.0,0.014802289078943431
1,1024,14.0,0.01501992391422391
1,1024,15.0,0.015001952066086233
1,1024,16.0,0.015169846010394394
1,1024,17.0,0.015113001922145486
1,1024,18.0,0.014722003019414842
1,1024,19.0,0.015157378977164626
1,1024,20.0,0.014876550994813442
1,1024,21.0,0.015192765044048429
1,1024,22.0,0.014730653027072549
1,1024,23.0,0.014977384940721095
1,1024,24.0,0.01497083401773125
1,1024,25.0,0.015117806964553893
1,1024,26.0,0.01508336199913174
1,1024,27.0,0.014705981011502445
1,1024,28.0,0.015006044995971024
1,1024,29.0,0.01508789206854999
1,1024,30.0,0.01479708100669086
1,1024,31.0,0.015039865975268185
1,1024,32.0,0.015017768950201571
1,1024,33.0,0.014925611088983715
1,1024,34.0,0.016368324984796345
1,1024,35.0,0.013938145944848657
1,1024,36.0,0.014550124993547797
1,1024,37.0,0.015115382033400238
1,1024,38.0,0.014861096045933664
1,1024,39.0,0.015043020946905017
1,1024,40.0,0.014753771014511585
1,1024,41.0,0.015138905961066484
1,1024,42.0,0.015160360024310648
1,1024,43.0,0.01499122497625649
1,1024,44.0,0.014810062013566494
1,1024,45.0,0.01476442301645875
1,1024,46.0,0.015521451947279274
1,1024,47.0,0.014633622020483017
1,1024,48.0,0.01492486207280308
1,1024,49.0,0.015094897011294961
1,1024,50.0,0.015472072991542518
1,1024,51.0,0.014193315990269184
1,1024,52.0,0.015025748987682164
1,1024,53.0,0.01491736900061369
1,1024,54.0,0.015125261968933046
1,1024,55.0,0.014904031064361334
1,1024,56.0,0.015300126979127526
1,1024,57.0,0.014847412938252091
1,1024,58.0,0.015244357055053115
1,1024,59.0,0.014750805916264653
1,1024,60.0,0.014914772007614374
1,1024,61.0,0.014742480008862913
1,1024,62.0,0.01506359304767102
1,1024,63.0,0.015130640007555485
1,1024,64.0,0.014811035944148898
1,1024,65.0,0.015154250082559884
1,1024,66.0,0.014906049007549882
1,1024,67.0,0.014978094957768917
1,1024,68.0,0.01483094203285873
1,1024,69.0,0.015019124955870211
1,1024,70.0,0.014780491008423269
1,1024,71.0,0.015161460032686591
1,1024,72.0,0.01484823098871857
1,1024,73.0,0.015484932926483452
1,1024,74.0,0.014432859024964273
1,1024,75.0,0.0147245810367167
1,1024,76.0,0.015666696010157466
1,1024,77.0,0.01453493197914213
1,1024,78.0,0.015074206981807947
1,1024,79.0,0.014806360006332397
1,1024,80.0,0.014902752009220421
1,1024,81.0,0.015091610024683177
1,1024,82.0,0.015012281946837902
1,1024,83.0,0.015099835000000894
1,1024,84.0,0.014776710071600974
1,1024,85.0,0.015067383996210992
1,1024,86.0,0.015126679907552898
1,1024,87.0,0.014713242999278009
1,1024,88.0,0.015019422047771513
1,1024,89.0,0.014782211044803262
1,1024,90.0,0.014856525929644704
1,1024,91.0,0.015038683079183102
1,1024,92.0,0.015359031967818737
1,1024,93.0,0.014825035934336483
1,1024,94.0,0.014845060068182647
1,1024,95.0,0.015018210979178548
1,1024,96.0,0.014713073032908142
1,1024,97.0,0.015227689989842474
1,1024,98.0,0.014903243980370462
1,1024,99.0,0.015109676052816212
1,1024,100.0,0.014873687992803752
1,1024,101.0,0.014785656938329339
1,1024,102.0,0.014897163957357407
1,1024,103.0,0.014890482067130506
1,1024,104.0,0.014986983966082335
1,1024,105.0,0.015010304050520062
1,1024,106.0,0.015159412985667586
1,1024,107.0,0.014809826971031725
1,1024,108.0,0.015108912019059062
1,1024,109.0,0.01492189196869731
1,1024,110.0,0.014892547042109072
1,1024,111.0,0.015115448040887713
1,1024,112.0,0.014890998951159418
1,1024,113.0,0.014900611015036702
1,1024,114.0,0.015117186936549842
1,1024,115.0,0.01478285004850477
1,1024,116.0,0.015026932000182569
1,1024,117.0,0.015034561976790428
1,1024,118.0,0.014883746043778956
1,1024,119.0,0.014925414929166436
1,1024,120.0,0.01513957406859845
1,1024,121.0,0.0151563819963485
1,1024,122.0,0.014683173969388008
1,1024,123.0,0.014828894985839725
1,1024,124.0,0.014921001973561943
1,1024,125.0,0.014939217013306916
1,1024,126.0,0.01498707802966237
1,1024,127.0,0.015183056006208062
1,1024,128.0,0.015429635997861624
1,1024,129.0,0.014784527011215687
1,1024,130.0,0.01478336297441274
1,1024,131.0,0.015049347071908414
1,1024,132.0,0.014936881954781711
1,1024,133.0,0.015113875968381763
1,1024,134.0,0.015140848001465201
1,1024,135.0,0.014821576070971787
1,1024,136.0,0.014854627894237638
1,1024,137.0,0.014961090055294335
1,1024,138.0,0.015060652047395706
1,1024,139.0,0.0149130990030244
1,1024,140.0,0.015001572901383042
1,1024,141.0,0.014944305992685258
1,1024,142.0,0.015048135071992874
1,1024,143.0,0.01490632293280214
1,1024,144.0,0.01499956101179123
1,1024,145.0,0.015002052998170257
1,1024,146.0,0.015175093081779778
1,1024,147.0,0.014826628961600363
1,1024,148.0,0.015098453033715487
1,1024,149.0,0.01491840893868357
1,1024,150.0,0.015014374046586454
1,1024,151.0,0.014935396960936487
1,1024,152.0,0.014763880055397749
1,1024,153.0,0.01512311294209212
1,1024,154.0,0.01498014503158629
1,1024,155.0,0.014998930972069502
1,1024,156.0,0.015168918063864112
1,1024,157.0,0.01470815297216177
1,1024,158.0,0.015142132993787527
1,1024,159.0,0.014848590944893658
1,1024,160.0,0.014977432088926435
1,1024,161.0,0.015199953923001885
1,1024,162.0,0.014905128977261484
1,1024,163.0,0.0151462770299986
1,1024,164.0,0.014980619074776769
1,1024,165.0,0.014658068888820708
1,1024,166.0,0.015406100079417229
1,1024,167.0,0.01447408995591104
1,1024,168.0,0.015379406046122313
1,1024,169.0,0.014697712962515652
1,1024,170.0,0.014993289019912481
1,1024,171.0,0.015438009984791279
1,1024,172.0,0.014991941046901047
1,1024,173.0,0.014861259958706796
1,1024,174.0,0.014799220953136683
1,1024,175.0,0.015081873047165573
1,1024,176.0,0.01475279696751386
1,1024,177.0,0.014932268066331744
1,1024,178.0,0.015080470941029489
1,1024,179.0,0.014739674981683493
1,1024,180.0,0.015094378031790257
1,1024,181.0,0.015229398966766894
1,1024,182.0,0.014851209009066224
1,1024,183.0,0.0148793610278517
1,1024,184.0,0.014862254960462451
1,1024,185.0,0.014996542013250291
1,1024,186.0,0.015311412047594786
1,1024,187.0,0.015213635982945561
1,1024,188.0,0.014553886954672635
1,1024,189.0,0.01510707102715969
1,1024,190.0,0.014754877076484263
1,1024,191.0,0.015090995002537966
1,1024,192.0,0.015507602947764099
1,1024,193.0,0.014625250012613833
1,1024,194.0,0.014758680015802383
1,1024,195.0,0.015218216925859451
1,1024,196.0,0.014677406987175345
1,1024,197.0,0.014959360007196665
1,1024,198.0,0.015002469066530466
1,1024,199.0,0.0150128030218184
1,1024,200.0,0.015389131964184344
1,1024,201.0,0.0149907439481467
1,1024,202.0,0.01501716603524983
1,1024,203.0,0.014612640021368861
1,1024,204.0,0.015252989949658513
1,1024,205.0,0.014706682995893061
1,1024,206.0,0.015298295998945832
1,1024,207.0,0.014834014000371099
1,1024,208.0,0.014939963002689183
1,1024,209.0,0.015187585027888417
1,1024,210.0,0.014716572011820972
1,1024,211.0,0.014839336974546313
1,1024,212.0,0.015325165004469454
1,1024,213.0,0.014718455029651523
1,1024,214.0,0.014722198946401477
1,1024,215.0,0.015230351011268795
1,1024,216.0,0.015002932050265372
1,1024,217.0,0.014854733948595822
1,1024,218.0,0.01483762904535979
1,1024,219.0,0.015053940005600452
1,1024,220.0,0.015201356029137969
1,1024,221.0,0.014992676908150315
1,1024,222.0,0.014882880030199885
1,1024,223.0,0.015017310972325504
1,1024,224.0,0.014738794066943228
1,1024,225.0,0.014970322023145854
1,1024,226.0,0.015555311925709248
1,1024,227.0,0.014666195027530193
1,1024,228.0,0.0147764110006392
1,1024,229.0,0.015478104003705084
1,1024,230.0,0.014745200984179974
1,1024,231.0,0.014895381056703627
1,1024,232.0,0.014914884930476546
1,1024,233.0,0.015062569989822805
1,1024,234.0,0.01483231398742646
1,1024,235.0,0.014999804086983204
1,1024,236.0,0.015013998956419528
1,1024,237.0,0.014926956966519356
1,1024,238.0,0.015024290070869029
1,1024,239.0,0.015358216944150627
1,1024,240.0,0.014756145072169602
1,1024,241.0,0.015071013942360878
1,1024,242.0,0.014875311986543238
1,1024,243.0,0.015039575984701514
1,1024,244.0,0.014979618019424379
1,1024,245.0,0.014825604972429574
1,1024,246.0,0.015226141083985567
1,1024,247.0,0.014759489917196333
1,1024,248.0,0.014935487997718155
1,1024,249.0,0.015203066053800285
1,1024,250.0,0.014912163955159485
1,1024,251.0,0.01488147908821702
1,1024,252.0,0.015122832963243127
1,1024,253.0,0.015129721956327558
1,1024,254.0,0.014938447042368352
1,1024,255.0,0.015324570937082171
1,4096,4.0,0.015421287040226161
1,4096,5.0,0.015417522983625531
1,4096,6.0,0.015083916019648314
1,4096,7.0,0.015091437962837517
1,4096,8.0,0.015163447009399533
1,4096,9.0,0.01523349096532911
1,4096,10.0,0.01517363206949085
1,4096,11.0,0.015167185920290649
1,4096,12.0,0.015657882089726627
1,4096,13.0,0.014774105977267027
1,4096,14.0,0.015204987954348326
1,4096,15.0,0.015132238040678203
1,4096,16.0,0.01510528801009059
1,4096,17.0,0.015331035014241934
1,4096,18.0,0.01537346700206399
1,4096,19.0,0.014707510941661894
1,4096,20.0,0.015278817038051784
1,4096,21.0,0.014881893992424011
1,4096,22.0,0.015389808919280767
1,4096,23.0,0.01523745502345264
1,4096,24.0,0.014898459077812731
1,4096,25.0,0.01527807000093162
1,4096,26.0,0.014999659964814782
1,4096,27.0,0.015109500964172184
1,4096,28.0,0.015238773077726364
1,4096,29.0,0.015195303945802152
1,4096,30.0,0.01491201703902334
1,4096,31.0,0.015234413906000555
1,4096,32.0,0.015229183016344905
1,4096,33.0,0.015076479059644043
1,4096,34.0,0.014950015931390226
1,4096,35.0,0.015140030067414045
1,4096,36.0,0.015179369947873056
1,4096,37.0,0.015142043004743755
1,4096,38.0,0.015175699023529887
1,4096,39.0,0.015323088970035315
1,4096,40.0,0.014989632996730506
1,4096,41.0,0.015139301074668765
1,4096,42.0,0.0150910239899531
1,4096,43.0,0.015291974996216595
1,4096,44.0,0.015166940982453525
1,4096,45.0,0.014985032961703837
1,4096,46.0,0.014902986004017293
1,4096,47.0,0.015396579983644187
1,4096,48.0,0.015042912098579109
1,4096,49.0,0.015054156887345016
1,4096,50.0,0.015015442040748894
1,4096,51.0,0.015084829065017402
1,4096,52.0,0.015269223949871957
1,4096,53.0,0.014971344964578748
1,4096,54.0,0.015378172043710947
1,4096,55.0,0.01505762804299593
1,4096,56.0,0.015025342931039631
1,4096,57.0,0.015299397986382246
1,4096,58.0,0.014975366997532547
1,4096,59.0,0.015078968019224703
1,4096,60.0,0.01510232500731945
1,4096,61.0,0.015415880014188588
1,4096,62.0,0.014694317011162639
1,4096,63.0,0.015498023945838213
1,4096,64.0,0.015037978067994118
1,4096,65.0,0.014996587997302413
1,4096,66.0,0.015153809916228056
1,4096,67.0,0.015222405083477497
1,4096,68.0,0.01576100499369204
1,4096,69.0,0.015203199931420386
1,4096,70.0,0.01470148004591465
1,4096,71.0,0.01514627004507929
1,4096,72.0,0.014683200977742672
1,4096,73.0,0.015149291954003274
1,4096,74.0,0.015259398031048477
1,4096,75.0,0.014981991960667074
1,4096,76.0,0.015237314044497907
1,4096,77.0,0.01514535304158926
1,4096,78.0,0.015134261921048164
1,4096,79.0,0.015063969069160521
1,4096,80.0,0.014866268960759044
1,4096,81.0,0.015195309999398887
1,4096,82.0,0.01529608597047627
1,4096,83.0,0.014890738064423203
1,4096,84.0,0.0153511599637568
1,4096,85.0,0.01514309796039015
1,4096,86.0,0.014924225048162043
1,4096,87.0,0.015165101969614625
1,4096,88.0,0.015155039029195905
1,4096,89.0,0.014973334036767483
1,4096,90.0,0.01560953096486628
1,4096,91.0,0.014968642964959145
1,4096,92.0,0.014859572984278202
1,4096,93.0,0.015739322057925165
1,4096,94.0,0.015084787039086223
1,4096,95.0,0.014888645964674652
1,4096,96.0,0.014709023991599679
1,4096,97.0,0.015297424979507923
1,4096,98.0,0.015012981952168047
1,4096,99.0,0.015217636013403535
1,4096,100.0,0.015168369049206376
1,4096,101.0,0.014835083042271435
1,4096,102.0,0.015342358965426683
1,4096,103.0,0.01493155094794929
1,4096,104.0,0.015429844032041728
1,4096,105.0,0.015111275017261505
1,4096,106.0,0.01522743096575141
1,4096,107.0,0.015142577001824975
1,4096,108.0,0.01478559197857976
1,4096,109.0,0.015067869098857045
1,4096,110.0,0.015314265969209373
1,4096,111.0,0.01511214196216315
1,4096,112.0,0.015175167005509138
1,4096,113.0,0.01528424397110939
1,4096,114.0,0.015130873071029782
1,4096,115.0,0.014633912011049688
1,4096,116.0,0.015111979912035167
1,4096,117.0,0.015290606999769807
1,4096,118.0,0.015205655014142394
1,4096,119.0,0.015170519007369876
1,4096,120.0,0.01528714899905026
1,4096,121.0,0.014982362044975162
1,4096,122.0,0.014934720005840063
1,4096,123.0,0.015365111990831792
1,4096,124.0,0.01580566295888275
1,4096,125.0,0.014657453983090818
1,4096,126.0,0.015278729028068483
1,4096,127.0,0.014633549959398806
1,4096,128.0,0.015220520086586475
1,4096,129.0,0.01505250297486782
1,4096,130.0,0.01512902695685625
1,4096,131.0,0.015296348021365702
1,4096,132.0,0.01541284704580903
1,4096,133.0,0.014743147999979556
1,4096,134.0,0.015226188930682838
1,4096,135.0,0.014906974043697119
1,4096,136.0,0.015040450030937791
1,4096,137.0,0.0151731459191069
1,4096,138.0,0.015275896061211824
1,4096,139.0,0.01495716895442456
1,4096,140.0,0.01528205000795424
1,4096,141.0,0.015208416036330163
1,4096,142.0,0.015002122963778675
1,4096,143.0,0.015169866033829749
1,4096,144.0,0.014999529928900301
1,4096,145.0,0.014882086077705026
1,4096,146.0,0.015227283933199942
1,4096,147.0,0.015109394094906747
1,4096,148.0,0.015320927952416241
1,4096,149.0,0.014859379967674613
1,4096,150.0,0.015182472998276353
1,4096,151.0,0.01528911804780364
1,4096,152.0,0.015202327980659902
1,4096,153.0,0.015084953978657722
1,4096,154.0,0.01525200204923749
1,4096,155.0,0.014823309029452503
1,4096,156.0,0.015054279938340187
1,4096,157.0,0.01516438100952655
1,4096,158.0,0.015023126965388656
1,4096,159.0,0.01537087606266141
1,4096,160.0,0.014976673992350698
1,4096,161.0,0.015148618957027793
1,4096,162.0,0.015177228022366762
1,4096,163.0,0.015068836975842714
1,4096,164.0,0.015148928039707243
1,4096,165.0,0.015117647009901702
1,4096,166.0,0.015177311026491225
1,4096,167.0,0.015264701913110912
1,4096,168.0,0.01509951299522072
1,4096,169.0,0.014892728067934513
1,4096,170.0,0.01530841994099319
1,4096,171.0,0.015133052016608417
1,4096,172.0,0.015086360974237323
1,4096,173.0,0.015301052015274763
1,4096,174.0,0.014979125000536442
1,4096,175.0,0.015159616013988853
1,4096,176.0,0.014844569959677756
1,4096,177.0,0.015360684017650783
1,4096,178.0,0.015009426977485418
1,4096,179.0,0.01531674200668931
1,4096,180.0,0.015031517017632723
1,4096,181.0,0.014998742030002177
1,4096,182.0,0.015015088021755219
1,4096,183.0,0.015146033954806626
1,4096,184.0,0.015332857961766422
1,4096,185.0,0.015052699018269777
1,4096,186.0,0.015077408053912222
1,4096,187.0,0.015066297026351094
1,4096,188.0,0.015239778906106949
1,4096,189.0,0.015026040025986731
1,4096,190.0,0.015174958040006459
1,4096,191.0,0.015079197939485312
1,4096,192.0,0.015354114002548158
1,4096,193.0,0.015112649998627603
1,4096,194.0,0.015099395997822285
1,4096,195.0,0.014928535092622042
1,4096,196.0,0.015112553955987096
1,4096,197.0,0.015142551041208208
1,4096,198.0,0.015076393960043788
1,4096,199.0,0.015157515997998416
1,4096,200.0,0.0185628030449152
1,4096,201.0,0.012275116983801126
1,4096,202.0,0.01457438594661653
1,4096,203.0,0.015060473000630736
1,4096,204.0,0.015089305001311004
1,4096,205.0,0.015042762039229274
1,4096,206.0,0.01513274700846523
1,4096,207.0,0.015300791012123227
1,4096,208.0,0.014993967954069376
1,4096,209.0,0.01512966095469892
1,4096,210.0,0.015179292997345328
1,4096,211.0,0.01506646303460002
1,4096,212.0,0.015109812025912106
1,4096,213.0,0.015137532958760858
1,4096,214.0,0.01513599802274257
1,4096,215.0,0.015503040980547667
1,4096,216.0,0.015032167080789804
1,4096,217.0,0.014911987935192883
1,4096,218.0,0.015257979976013303
1,4096,219.0,0.01504666602704674
1,4096,220.0,0.015005873050540686
1,4096,221.0,0.01509511994663626
1,4096,222.0,0.01546676701400429
1,4096,223.0,0.01483622204978019
1,4096,224.0,0.015183863928541541
1,4096,225.0,0.01528324605897069
1,4096,226.0,0.015060398960486054
1,4096,227.0,0.014939527027308941
1,4096,228.0,0.015420172014273703
1,4096,229.0,0.014968461939133704
1,4096,230.0,0.015544002992101014
1,4096,231.0,0.01458058599382639
1,4096,232.0,0.015426887082867324
1,4096,233.0,0.015105662983842194
1,4096,234.0,0.015160892973653972
1,4096,235.0,0.014776870957575738
1,4096,236.0,0.01542678102850914
1,4096,237.0,0.014836012967862189
1,4096,238.0,0.01544153701979667
1,4096,239.0,0.014829633058980107
1,4096,240.0,0.015264580957591534
1,4096,241.0,0.015100358985364437
1,4096,242.0,0.015244199079461396
1,4096,243.0,0.014841808937489986
1,4096,244.0,0.01512764801736921
1,4096,245.0,0.015453201020136476
1,4096,246.0,0.014985753921791911
1,4096,247.0,0.015133696026168764
1,4096,248.0,0.015008592046797276
1,4096,249.0,0.015195518964901567
1,4096,250.0,0.015234688064083457
1,4096,251.0,0.014958605985157192
1,4096,252.0,0.015037011937238276
1,4096,253.0,0.015127393999136984
1,4096,254.0,0.015550947049632668
1,4096,255.0,0.015220446977764368
1,6144,4.0,0.01582353701815009
1,6144,5.0,0.015206951997242868
1,6144,6.0,0.015291788964532316
1,6144,7.0,0.015269555035047233
1,6144,8.0,0.015278736012987792
1,6144,9.0,0.015325058018788695
1,6144,10.0,0.015309424954466522
1,6144,11.0,0.015453251078724861
1,6144,12.0,0.015209520002827048
1,6144,13.0,0.015097989933565259
1,6144,14.0,0.015246503055095673
1,6144,15.0,0.015336183016188443
1,6144,16.0,0.015315160970203578
1,6144,17.0,0.015202417969703674
1,6144,18.0,0.015245047979988158
1,6144,19.0,0.015468868077732623
1,6144,20.0,0.014877524925395846
1,6144,21.0,0.01520394696854055
1,6144,22.0,0.01526044006459415
1,6144,23.0,0.01526706200093031
1,6144,24.0,0.015221855021081865
1,6144,25.0,0.01525879092514515
1,6144,26.0,0.015184440999291837
1,6144,27.0,0.01541333005297929
1,6144,28.0,0.015118571929633617
1,6144,29.0,0.015310872113332152
1,6144,30.0,0.015037316945381463
1,6144,31.0,0.015578204998746514
1,6144,32.0,0.014885712997056544
1,6144,33.0,0.015468591009266675
1,6144,34.0,0.015143402968533337
1,6144,35.0,0.015151306055486202
1,6144,36.0,0.015432606916874647
1,6144,37.0,0.015092781046405435
1,6144,38.0,0.015410996042191982
1,6144,39.0,0.015239842003211379
1,6144,40.0,0.015103086945600808
1,6144,41.0,0.015187464072369039
1,6144,42.0,0.015560870990157127
1,6144,43.0,0.014881796902045608
1,6144,44.0,0.015280727064236999
1,6144,45.0,0.015337993041612208
1,6144,46.0,0.015351499896496534
1,6144,47.0,0.015111681073904037
1,6144,48.0,0.015272750984877348
1,6144,49.0,0.015329794958233833
1,6144,50.0,0.014773163013160229
1,6144,51.0,0.015554727986454964
1,6144,52.0,0.015078297001309693
1,6144,53.0,0.015195309068076313
1,6144,54.0,0.015456321998499334
1,6144,55.0,0.01533055491745472
1,6144,56.0,0.015228270087391138
1,6144,57.0,0.015356752905063331
1,6144,58.0,0.015110749052837491
1,6144,59.0,0.01523533498402685
1,6144,60.0,0.015383112011477351
1,6144,61.0,0.014917145017534494
1,6144,62.0,0.01529676595237106
1,6144,63.0,0.015276912017725408
1,6144,64.0,0.015458564972504973
1,6144,65.0,0.015168220037594438
1,6144,66.0,0.015133689041249454
1,6144,67.0,0.014797640964388847
1,6144,68.0,0.015786855947226286
1,6144,69.0,0.015079716104082763
1,6144,70.0,0.015148624894209206
1,6144,71.0,0.015201169066131115
1,6144,72.0,0.015539880958385766
1,6144,73.0,0.015083580976352096
1,6144,74.0,0.01497726608067751
1,6144,75.0,0.015557202976197004
1,6144,76.0,0.015245925053022802
1,6144,77.0,0.015163721982389688
1,6144,78.0,0.01499186095315963
1,6144,79.0,0.015289145056158304
1,6144,80.0,0.015282111940905452
1,6144,81.0,0.015292810974642634
1,6144,82.0,0.015435042092576623
1,6144,83.0,0.014709131908603013
1,6144,84.0,0.01536388008389622
1,6144,85.0,0.015138112008571625
1,6144,86.0,0.015291911899112165
1,6144,87.0,0.015040380996651947
1,6144,88.0,0.015772019047290087
1,6144,89.0,0.014993584947660565
1,6144,90.0,0.015098067000508308
1,6144,91.0,0.015333229093812406
1,6144,92.0,0.015087747015058994
1,6144,93.0,0.015221784939058125
1,6144,94.0,0.015494778985157609
1,6144,95.0,0.015087870066054165
1,6144,96.0,0.015001668012700975
1,6144,97.0,0.015484883915632963
1,6144,98.0,0.014968974981456995
1,6144,99.0,0.015308240079320967
1,6144,100.0,0.015170931932516396
1,6144,101.0,0.015576687990687788
1,6144,102.0,0.015162585070356727
1,6144,103.0,0.014922335976734757
1,6144,104.0,0.015464814961887896
1,6144,105.0,0.015149294049479067
1,6144,106.0,0.015112004010006785
1,6144,107.0,0.015695636975578964
1,6144,108.0,0.014833229943178594
1,6144,109.0,0.015257937018759549
1,6144,110.0,0.015288094989955425
1,6144,111.0,0.015234539052471519
1,6144,112.0,0.015157436951994896
1,6144,113.0,0.01539819804020226
1,6144,114.0,0.01513979199808091
1,6144,115.0,0.015309198061004281
1,6144,116.0,0.015011180890724063
1,6144,117.0,0.015381039003841579
1,6144,118.0,0.015252334997057915
1,6144,119.0,0.015263527049683034
1,6144,120.0,0.01499664701987058
1,6144,121.0,0.01577436993829906
1,6144,122.0,0.014768392080441117
1,6144,123.0,0.015385212958790362
1,6144,124.0,0.015010011033155024
1,6144,125.0,0.015399565920233727
1,6144,126.0,0.01517107302788645
1,6144,127.0,0.0153399130795151
1,6144,128.0,0.015220941975712776
1,6144,129.0,0.015690375003032386
1,6144,130.0,0.01490676193498075
1,6144,131.0,0.015129270032048225
1,6144,132.0,0.015324593987315893
1,6144,133.0,0.015004285960458219
1,6144,134.0,0.015378658077679574
1,6144,135.0,0.015449028927832842
1,6144,136.0,0.015003262087702751
1,6144,137.0,0.015116405906155705
1,6144,138.0,0.01546370901633054
1,6144,139.0,0.015042218030430377
1,6144,140.0,0.015514536993578076
1,6144,141.0,0.01528013905044645
1,6144,142.0,0.015147419995628297
1,6144,143.0,0.014931306010112166
1,6144,144.0,0.015450636972673237
1,6144,145.0,0.015383229008875787
1,6144,146.0,0.01488801499363035
1,6144,147.0,0.015497057000175118
1,6144,148.0,0.015426496975123882
1,6144,149.0,0.014815766015090048
1,6144,150.0,0.015286603011190891
1,6144,151.0,0.015388190979138017
1,6144,152.0,0.015061522019095719
1,6144,153.0,0.014916730928234756
1,6144,154.0,0.015768391080200672
1,6144,155.0,0.015013283002190292
1,6144,156.0,0.015078886994160712
1,6144,157.0,0.015270152012817562
1,6144,158.0,0.015310543938539922
1,6144,159.0,0.01510095305275172
1,6144,160.0,0.015082470956258476
1,6144,161.0,0.01534062996506691
1,6144,162.0,0.015325615066103637
1,6144,163.0,0.015210764948278666
1,6144,164.0,0.01511936099268496
1,6144,165.0,0.015105215017683804
1,6144,166.0,0.015372827998362482
1,6144,167.0,0.015166345052421093
1,6144,168.0,0.01536689093336463
1,6144,169.0,0.01528062007855624
1,6144,170.0,0.015187043929472566
1,6144,171.0,0.01529837108682841
1,6144,172.0,0.015112513909116387
1,6144,173.0,0.015139198978431523
1,6144,174.0,0.015072539099492133
1,6144,175.0,0.015413844957947731
1,6144,176.0,0.015239404048770666
1,6144,177.0,0.015234705992043018
1,6144,178.0,0.01529419596772641
1,6144,179.0,0.015282353037036955
1,6144,180.0,0.01494251296389848
1,6144,181.0,0.015500043984502554
1,6144,182.0,0.014984156005084515
1,6144,183.0,0.015465970966033638
1,6144,184.0,0.014971444034017622
1,6144,185.0,0.015317279961891472
1,6144,186.0,0.015246590017341077
1,6144,187.0,0.015241438988596201
1,6144,188.0,0.015328694018535316
1,6144,189.0,0.01505973597522825
1,6144,190.0,0.015218848013319075
1,6144,191.0,0.015323256026022136
1,6144,192.0,0.015099526033736765
1,6144,193.0,0.015176850953139365
1,6144,194.0,0.015234980965033174
1,6144,195.0,0.015433067106641829
1,6144,196.0,0.015083080972544849
1,6144,197.0,0.01519015699159354
1,6144,198.0,0.015252650016918778
1,6144,199.0,0.015404464909806848
1,6144,200.0,0.015206020092591643
1,6144,201.0,0.015208174008876085
1,6144,202.0,0.01506003097165376
1,6144,203.0,0.015371082001365721
1,6144,204.0,0.015166686032898724
1,6144,205.0,0.015217057894915342
1,6144,206.0,0.015191761078312993
1,6144,207.0,0.015367980930022895
1,6144,208.0,0.015232064994052052
1,6144,209.0,0.015071168076246977
1,6144,210.0,0.015238593914546072
1,6144,211.0,0.01512204809114337
1,6144,212.0,0.015388438012450933
1,6144,213.0,0.015078990953043103
1,6144,214.0,0.015391530003398657
1,6144,215.0,0.01510559197049588
1,6144,216.0,0.015204995055682957
1,6144,217.0,0.015168836922384799
1,6144,218.0,0.015271636075340211
1,6144,219.0,0.015236962935887277
1,6144,220.0,0.015352478018030524
1,6144,221.0,0.015053007984533906
1,6144,222.0,0.015259008039720356
1,6144,223.0,0.01531608693767339
1,6144,224.0,0.015214149025268853
1,6144,225.0,0.015096751041710377
1,6144,226.0,0.01515154296066612
1,6144,227.0,0.01527069800067693
1,6144,228.0,0.015563538996502757
1,6144,229.0,0.015063803060911596
1,6144,230.0,0.015348200919106603
1,6144,231.0,0.01502894307486713
1,6144,232.0,0.015174756990745664
1,6144,233.0,0.015143697033636272
1,6144,234.0,0.015440013958141208
1,6144,235.0,0.015046768938191235
1,6144,236.0,0.015255670063197613
1,6144,237.0,0.015208374941721559
1,6144,238.0,0.015299209044314921
1,6144,239.0,0.015046405955217779
1,6144,240.0,0.015299874008633196
1,6144,241.0,0.015190446050837636
1,6144,242.0,0.015564216999337077
1,6144,243.0,0.015250889002345502
1,6144,244.0,0.014928868971765041
1,6144,245.0,0.015339600038714707
1,6144,246.0,0.015227413969114423
1,6144,247.0,0.01511462195776403
1,6144,248.0,0.01521036506164819
1,6144,249.0,0.015330472961068153
1,6144,250.0,0.015092635061591864
1,6144,251.0,0.015213773935101926
1,6144,252.0,0.015218317043036222
1,6144,253.0,0.015220417990349233
1,6144,254.0,0.015359568991698325
1,6144,255.0,0.015438467031344771
2,64,5.5,0.014982411521486938
2,64,6.5,0.014983462926466018
2,64,7.5,0.014960468572098762
2,64,8.5,0.014757972967345268
2,64,9.5,0.014855132962111384
2,64,10.5,0.014962942514102906
2,64,11.5,0.014844987541437149
2,64,12.5,0.014782708487473428
2,64,13.5,0.01482303295051679
2,64,14.5,0.014894958061631769
2,64,15.5,0.014858233975246549
2,64,16.5,0.01488380046794191
2,64,17.5,0.015055822557769716
2,64,18.5,0.01476953801466152
2,64,19.5,0.01473030645865947
2,64,20.5,0.014847146987449378
2,64,21.5,0.014825564052443951
2,64,22.5,0.014840355433989316
2,64,23.5,0.01483472454128787
2,64,24.5,0.014817043964285403
2,64,25.5,0.014753258030395955
2,64,26.5,0.014937200990971178
2,64,27.5,0.014975644007790834
2,64,28.5,0.014836054004263133
2,64,29.5,0.014801695011556149
2,64,30.5,0.014845177007373422
2,64,31.5,0.014966225484386086
2,64,32.5,0.014804726466536522
2,64,33.5,0.014700154541060328
2,64,34.5,0.014858991431538016
2,64,35.5,0.014823659032117575
2,64,36.5,0.015046910499222577
2,64,37.5,0.014864550495985895
2,64,38.5,0.014635608997195959
2,64,39.5,0.01489821553695947
2,64,40.5,0.014838455012068152
2,64,41.5,0.014782833983190358
2,64,42.5,0.014901235525030643
2,64,43.5,0.014997400983702391
2,64,44.5,0.014852186955977231
2,64,45.5,0.014757606026250869
2,64,46.5,0.014840998512227088
2,64,47.5,0.014834730012807995
2,64,48.5,0.014852078980766237
2,64,49.5,0.014792973001021892
2,64,50.5,0.014812054520007223
2,64,51.5,0.015045746462419629
2,64,52.5,0.014907855016645044
2,64,53.5,0.014748374000191689
2,64,54.5,0.014919822511728853
2,64,55.5,0.014974784979131073
2,64,56.5,0.01503139699343592
2,64,57.5,0.014801828481722623
2,64,58.5,0.014545811514835805
2,64,59.5,0.014857570989988744
2,64,60.5,0.014822291035670787
2,64,61.5,0.014754754956811666
2,64,62.5,0.014983681554440409
2,64,63.5,0.01504811696941033
2,64,64.5,0.014777883014176041
2,64,65.5,0.014837172988336533
2,64,66.5,0.014937460538931191
2,64,67.5,0.014854721433948725
2,64,68.5,0.014844739984255284
2,64,69.5,0.014851609070319682
2,64,70.5,0.015100794495083392
2,64,71.5,0.014934602950233966
2,64,72.5,0.014721266052220017
2,64,73.5,0.014861469506286085
2,64,74.5,0.01484227750916034
2,64,75.5,0.014836715999990702
2,64,76.5,0.014823185978457332
2,64,77.5,0.01484702352900058
2,64,78.5,0.014972065459005535
2,64,79.5,0.015068497974425554
2,64,80.5,0.014915619045495987
2,64,81.5,0.014732299954630435
2,64,82.5,0.014970299031119794
2,64,83.5,0.014917200023774058
2,64,84.5,0.015009835420642048
2,64,85.5,0.014799984521232545
2,64,86.5,0.014837703027296811
2,64,87.5,0.014997200516518205
2,64,88.5,0.014665940019767731
2,64,89.5,0.014787926978897303
2,64,90.5,0.014907281962223351
2,64,91.5,0.014925055031199008
2,64,92.5,0.015043369960039854
2,64,93.5,0.014929073513485491
2,64,94.5,0.014839193550869823
2,64,95.5,0.014965149981435388
2,64,96.5,0.014749745489098132
2,64,97.5,0.01472097699297592
2,64,98.5,0.01495420397259295
2,64,99.5,0.014898326073307544
2,64,100.5,0.014873765467200428
2,64,101.5,0.014777619449887425
2,64,102.5,0.014995194040238857
2,64,103.5,0.014836900983937085
2,64,104.5,0.014816146984230727
2,64,105.5,0.014937657047994435
2,64,106.5,0.014887396479025483
2,64,107.5,0.014812790555879474
2,64,108.5,0.0148405174841173
2,64,109.5,0.01506564998999238
2,64,110.5,0.014920705987606198
2,64,111.5,0.014756981516256928
2,64,112.5,0.014916502928826958
2,64,113.5,0.014949611038900912
2,64,114.5,0.014890819496940821
2,64,115.5,0.014883578987792134
2,64,116.5,0.01493913697777316
2,64,117.5,0.014814236026722938
2,64,118.5,0.014830274973064661
2,64,119.5,0.015009038499556482
2,64,120.5,0.014928202086593956
2,64,121.5,0.01490322349127382
2,64,122.5,0.014820860931649804
2,64,123.5,0.014825708523858339
2,64,124.5,0.01483438303694129
2,64,125.5,0.014900649490300566
2,64,126.5,0.01495101599721238
2,64,127.5,0.014885034004691988
2,64,128.5,0.014872388972435147
2,64,129.5,0.014832076500169933
2,64,130.5,0.014868917525745928
2,64,131.5,0.01488467346644029
2,64,132.5,0.014845948026049882
2,64,133.5,0.01494713599095121
2,64,134.5,0.014912015001755208
2,64,135.5,0.014858640963211656
2,64,136.5,0.014948023541364819
2,64,137.5,0.014788494969252497
2,64,138.5,0.014844671997707337
2,64,139.5,0.014927338517736644
2,64,140.5,0.014869609964080155
2,64,141.5,0.014927052543498576
2,64,142.5,0.01484053349122405
2,64,143.5,0.014967785973567516
2,64,144.5,0.015090727538336068
2,64,145.5,0.014762724458705634
2,64,146.5,0.014929049531929195
2,64,147.5,0.01486769801704213
2,64,148.5,0.014892449486069381
2,64,149.5,0.014983891043812037
2,64,150.5,0.014840984425973147
2,64,151.5,0.014820268552284688
2,64,152.5,0.014714083983562887
2,64,153.5,0.014874575019348413
2,64,154.5,0.014881108480039984
2,64,155.5,0.014952809957321733
2,64,156.5,0.015011908020824194
2,64,157.5,0.015783322509378195
2,64,158.5,0.014984599547460675
2,64,159.5,0.013927377469372004
2,64,160.5,0.0148427605163306
2,64,161.5,0.014928698481526226
2,64,162.5,0.014904809999279678
2,64,163.5,0.014947574469260871
2,64,164.5,0.014821723045315593
2,64,165.5,0.01486812299117446
2,64,166.5,0.01488316198810935
2,64,167.5,0.014861721487250179
2,64,168.5,0.014849413535557687
2,64,169.5,0.014934310514945537
2,64,170.5,0.014941404457204044
2,64,171.5,0.014859944465570152
2,64,172.5,0.014858147536870092
2,64,173.5,0.014887664001435041
2,64,174.5,0.01495327550219372
2,64,175.5,0.014886541524901986
2,64,176.5,0.014898221008479595
2,64,177.5,0.015031936985906214
2,64,178.5,0.014849928964395076
2,64,179.5,0.014865191013086587
2,64,180.5,0.014962901012040675
2,64,181.5,0.014830016007181257
2,64,182.5,0.01470279402565211
2,64,183.5,0.014764713938347995
2,64,184.5,0.014973023033235222
2,64,185.5,0.014885906944982708
2,64,186.5,0.014852948545012623
2,64,187.5,0.014783742954023182
2,64,188.5,0.01486528554232791
2,64,189.5,0.015046071959659457
2,64,190.5,0.01487008051481098
2,64,191.5,0.014795795024838299
2,64,192.5,0.014892955543473363
2,64,193.5,0.014868311933241785
2,64,194.5,0.014844695979263633
2,64,195.5,0.014805952552706003
2,64,196.5,0.014986467955168337
2,64,197.5,0.014827906037680805
2,64,198.5,0.014829794527031481
2,64,199.5,0.015058052958920598
2,64,200.5,0.014840579009614885
2,64,201.5,0.014809897518716753
2,64,202.5,0.014878293965011835
2,64,203.5,0.014750237052794546
2,64,204.5,0.014914936968125403
2,64,205.5,0.014956486003939062
2,64,206.5,0.014724684995599091
2,64,207.5,0.014805733517277986
2,64,208.5,0.014863994962070137
2,64,209.5,0.015083381498698145
2,64,210.5,0.014959752559661865
2,64,211.5,0.014645702496636659
2,64,212.5,0.01485124696046114
2,64,213.5,0.014848667022306472
2,64,214.5,0.014744668966159225
2,64,215.5,0.014869443548377603
2,64,216.5,0.015070456953253597
2,64,217.5,0.014966456568799913
2,64,218.5,0.014698229439090937
2,64,219.5,0.014947428018786013
2,64,220.5,0.014878159505315125
2,64,221.5,0.014718343503773212
2,64,222.5,0.0149132430087775
2,64,223.5,0.014888949459418654
2,64,224.5,0.014765373023692518
2,64,225.5,0.014931018988136202
2,64,226.5,0.014848524529952556
2,64,227.5,0.014851920946966857
2,64,228.5,0.014981828047893941
2,64,229.5,0.014797339972574264
2,64,230.5,0.01477554050507024
2,64,231.5,0.014883717987686396
2,64,232.5,0.014925414987374097
2,64,233.5,0.01498174952575937
2,64,234.5,0.01489237998612225
2,64,235.5,0.014741606020834297
2,64,236.5,0.014758573495782912
2,64,237.5,0.0148308560019359
2,64,238.5,0.014846093021333218
2,64,239.5,0.014847056998405606
2,64,240.5,0.014887732977513224
2,64,241.5,0.015011140494607389
2,64,242.5,0.01490961096715182
2,64,243.5,0.01477282406995073
2,64,244.5,0.014867938472889364
2,64,245.5,0.014838941977359354
2,64,246.5,0.014848925522528589
2,64,247.5,0.01486512296833098
2,64,248.5,0.014925771043635905
2,64,249.5,0.014836853952147067
2,64,250.5,0.01479825854767114
2,64,251.5,0.014900297450367361
2,64,252.5,0.014886615565046668
2,64,253.5,0.014981026470195502
2,256,5.0,0.01485289097763598
2,256,6.0,0.014955580467358232
2,256,7.0,0.01494004501728341
2,256,8.0,0.01493861002381891
2,256,9.0,0.015069386514369398
2,256,10.0,0.014991523989010602
2,256,11.0,0.01478675048565492
2,256,12.0,0.014904512034263462
2,256,13.0,0.015094995440449566
2,256,14.0,0.014922199537977576
2,256,15.0,0.014868614554870874
2,256,16.0,0.01493137440411374
2,256,17.0,0.014818528026808053
2,256,18.0,0.01506571052595973
2,256,19.0,0.01495119946775958
2,256,20.0,0.014672294026240706
2,256,21.0,0.01482273149304092
2,256,22.0,0.014856716501526535
2,256,23.0,0.014951009477954358
2,256,24.0,0.014599132526200265
2,256,25.0,0.015245885006152093
2,256,26.0,0.014633375976700336
2,256,27.0,0.015033716568723321
2,256,28.0,0.01468537945766002
2,256,29.0,0.014912965998519212
2,256,30.0,0.015019077982287854
2,256,31.0,0.014663307520095259
2,256,32.0,0.014687022485304624
2,256,33.0,0.014994359517004341
2,256,34.0,0.014965425478294492
2,256,35.0,0.014848331513348967
2,256,36.0,0.01495531847467646
2,256,37.0,0.014707986498251557
2,256,38.0,0.01499348203651607
2,256,39.0,0.014677614031825215
2,256,40.0,0.015052243426907808
2,256,41.0,0.01470653002616018
2,256,42.0,0.014810797525569797
2,256,43.0,0.014870399492792785
2,256,44.0,0.014883646508678794
2,256,45.0,0.014684043475426733
2,256,46.0,0.015089811524376273
2,256,47.0,0.014808766427449882
2,256,48.0,0.015056768548674881
2,256,49.0,0.014973972050938755
2,256,50.0,0.014726301946211606
2,256,51.0,0.01494411751627922
2,256,52.0,0.014768700988497585
2,256,53.0,0.015082435042131692
2,256,54.0,0.014629990444518626
2,256,55.0,0.014970786520279944
2,256,56.0,0.014828491490334272
2,256,57.0,0.014880352013278753
2,256,58.0,0.014926463481970131
2,256,59.0,0.014853303029667586
2,256,60.0,0.014849027968011796
2,256,61.0,0.014728327980265021
2,256,62.0,0.014891801518388093
2,256,63.0,0.015892106981482357
2,256,64.0,0.014090881508309394
2,256,65.0,0.015052445000037551
2,256,66.0,0.014696306025143713
2,256,67.0,0.014736146957147866
2,256,68.0,0.014711340016219765
2,256,69.0,0.015044735511764884
2,256,70.0,0.014842940028756857
2,256,71.0,0.014795102935750037
2,256,72.0,0.01477989205159247
2,256,73.0,0.015114352980162948
2,256,74.0,0.015171237988397479
2,256,75.0,0.014677551516797394
2,256,76.0,0.014442014507949352
2,256,77.0,0.015099892509169877
2,256,78.0,0.014875954482704401
2,256,79.0,0.014574988512322307
2,256,80.0,0.015116159978788346
2,256,81.0,0.014878242975100875
2,256,82.0,0.014547142025548965
2,256,83.0,0.0149126440519467
2,256,84.0,0.015269359981175512
2,256,85.0,0.014660276530776173
2,256,86.0,0.014718328486196697
2,256,87.0,0.01506146346218884
2,256,88.0,0.014818873547483236
2,256,89.0,0.015023939951788634
2,256,90.0,0.014805394515860826
2,256,91.0,0.015066410007420927
2,256,92.0,0.014484900457318872
2,256,93.0,0.015033210569527
2,256,94.0,0.015035291959065944
2,256,95.0,0.014375326514709741
2,256,96.0,0.01492102351039648
2,256,97.0,0.01483799546258524
2,256,98.0,0.015026691020466387
2,256,99.0,0.014784205995965749
2,256,100.0,0.014838101458735764
2,256,101.0,0.014896432519890368
2,256,102.0,0.014773217961192131
2,256,103.0,0.015003242529928684
2,256,104.0,0.0146609015064314
2,256,105.0,0.01499320549191907
2,256,106.0,0.01466365106170997
2,256,107.0,0.014976177946664393
2,256,108.0,0.01470265502575785
2,256,109.0,0.014846315956674516
2,256,110.0,0.015180620539467782
2,256,111.0,0.014796375995501876
2,256,112.0,0.014903568488080055
2,256,113.0,0.01471576897893101
2,256,114.0,0.015108734543900937
2,256,115.0,0.014545952493790537
2,256,116.0,0.01490440545603633
2,256,117.0,0.015070161083713174
2,256,118.0,0.01497568644117564
2,256,119.0,0.014728512964211404
2,256,120.0,0.014655967592261732
2,256,121.0,0.015086337458342314
2,256,122.0,0.014633800485171378
2,256,123.0,0.01487152255140245
2,256,124.0,0.015107331448234618
2,256,125.0,0.014659537991974503
2,256,126.0,0.01488701201742515
2,256,127.0,0.014760881022084504
2,256,128.0,0.01498231099685654
2,256,129.0,0.014933286467567086
2,256,130.0,0.014658942993264645
2,256,131.0,0.015106476552318782
2,256,132.0,0.014811385422945023
2,256,133.0,0.014836519549135119
2,256,134.0,0.014997373044025153
2,256,135.0,0.015095837938133627
2,256,136.0,0.014747756533324718
2,256,137.0,0.014759090496227145
2,256,138.0,0.015014715492725372
2,256,139.0,0.014834735018666834
2,256,140.0,0.01462753297528252
2,256,141.0,0.015083240461535752
2,256,142.0,0.014766246546059847
2,256,143.0,0.014846971491351724
2,256,144.0,0.014903199509717524
2,256,145.0,0.015250200463924557
2,256,146.0,0.014341550529934466
2,256,147.0,0.014929488534107804
2,256,148.0,0.015028785448521376
2,256,149.0,0.014980616513639688
2,256,150.0,0.014843424025457352
2,256,151.0,0.014864564989693463
2,256,152.0,0.014782999467570335
2,256,153.0,0.01492676354246214
2,256,154.0,0.014775399467907846
2,256,155.0,0.015004802495241165
2,256,156.0,0.01484391704434529
2,256,157.0,0.014785511477384716
2,256,158.0,0.01495073246769607
2,256,159.0,0.014973867044318467
2,256,160.0,0.014672394492663443
2,256,161.0,0.014984222943894565
2,256,162.0,0.014657424530014396
2,256,163.0,0.015273027471266687
2,256,164.0,0.014784875558689237
2,256,165.0,0.014655438018962741
2,256,166.0,0.015142647956963629
2,256,167.0,0.014599825022742152
2,256,168.0,0.015166374971158803
2,256,169.0,0.014905364019796252
2,256,170.0,0.014503577025607228
2,256,171.0,0.014821074495557696
2,256,172.0,0.015119351970497519
2,256,173.0,0.015162678027991205
2,256,174.0,0.014577846450265497
2,256,175.0,0.014699239050969481
2,256,176.0,0.01503229298396036
2,256,177.0,0.01480895496206358
2,256,178.0,0.01505937153706327
2,256,179.0,0.015171176462899894
2,256,180.0,0.014552409527823329
2,256,181.0,0.014724568522069603
2,256,182.0,0.014820046490058303
2,256,183.0,0.015152613981626928
2,256,184.0,0.01459830196108669
2,256,185.0,0.01492165500530973
2,256,186.0,0.014956432569306344
2,256,187.0,0.015092122950591147
2,256,188.0,0.014754034986253828
2,256,189.0,0.014765678031835705
2,256,190.0,0.01504553499398753
2,256,191.0,0.015035974036436528
2,256,192.0,0.015005198947619647
2,256,193.0,0.014429561037104577
2,256,194.0,0.015350927482359111
2,256,195.0,0.014698366459924728
2,256,196.0,0.014827549050096422
2,256,197.0,0.014898127468768507
2,256,198.0,0.014978375984355807
2,256,199.0,0.014758947014342993
2,256,200.0,0.014836757502052933
2,256,201.0,0.01469967549201101
2,256,202.0,0.015062607533764094
2,256,203.0,0.014799773518461734
2,256,204.0,0.014946194482035935
2,256,205.0,0.014589375990908593
2,256,206.0,0.015094917500391603
2,256,207.0,0.015174544998444617
2,256,208.0,0.014583281998056918
2,256,209.0,0.014935355982743204
2,256,210.0,0.014786133542656898
2,256,211.0,0.01491990452632308
2,256,212.0,0.014805267448537052
2,256,213.0,0.014778753509745002
2,256,214.0,0.01499725051689893
2,256,215.0,0.014952401455957443
2,256,216.0,0.014784082537516952
2,256,217.0,0.014900022011715919
2,256,218.0,0.014796389965340495
2,256,219.0,0.014897272980306298
2,256,220.0,0.014691186544951051
2,256,221.0,0.014917228021658957
2,256,222.0,0.015053878480102867
2,256,223.0,0.014868164027575403
2,256,224.0,0.015034785436000675
2,256,225.0,0.014935681538190693
2,256,226.0,0.014886793971527368
2,256,227.0,0.014538426010403782
2,256,228.0,0.014922422007657588
2,256,229.0,0.014892280451022089
2,256,230.0,0.0147769475588575
2,256,231.0,0.014999339007772505
2,256,232.0,0.014886761433444917
2,256,233.0,0.015302706568036228
2,256,234.0,0.014457662997301668
2,256,235.0,0.014837655005976558
2,256,236.0,0.0151956039480865
2,256,237.0,0.01505089201964438
2,256,238.0,0.01460368453990668
2,256,239.0,0.014830848958808929
2,256,240.0,0.01480117451865226
2,256,241.0,0.01500559551641345
2,256,242.0,0.014575248933397233
2,256,243.0,0.01509806903777644
2,256,244.0,0.014843714539892972
2,256,245.0,0.014671520912088454
2,256,246.0,0.015214152517728508
2,256,247.0,0.014832782035227865
2,256,248.0,0.014622901449911296
2,256,249.0,0.014971318596508354
2,256,250.0,0.014906783413607627
2,256,251.0,0.014880614064168185
2,256,252.0,0.014748199959285557
2,256,253.0,0.015185174474027008
2,256,254.0,0.014966093527618796
2,1024,4.5,0.015168873476795852
2,1024,5.5,0.014916840533260256
2,1024,6.5,0.015084240527357906
2,1024,7.5,0.015374338428955525
2,1024,8.5,0.014954028534702957
2,1024,9.5,0.015084031503647566
2,1024,10.5,0.015171682520303875
2,1024,11.5,0.014882051444146782
2,1024,12.5,0.015006974048446864
2,1024,13.5,0.014830216474365443
2,1024,14.5,0.0149777369806543
2,1024,15.5,0.015110029489733279
2,1024,16.5,0.015029704023618251
2,1024,17.5,0.014951019024010748
2,1024,18.5,0.015042951505165547
2,1024,19.5,0.014848094491753727
2,1024,20.5,0.015044659958221018
2,1024,21.5,0.014938277541659772
2,1024,22.5,0.015117139962967485
2,1024,23.5,0.015061279002111405
2,1024,24.5,0.014720774546731263
2,1024,25.5,0.014969153970014304
2,1024,26.5,0.01526008901419118
2,1024,27.5,0.014781273028347641
2,1024,28.5,0.015308881993405521
2,1024,29.5,0.014716404431965202
2,1024,30.5,0.014890850521624088
2,1024,31.5,0.015110078558791429
2,1024,32.5,0.015023815503809601
2,1024,33.5,0.01512284396449104
2,1024,34.5,0.014685483474750072
2,1024,35.5,0.014884531032294035
2,1024,36.5,0.015103166981134564
2,1024,37.5,0.014758497476577759
2,1024,38.5,0.015173941559623927
2,1024,39.5,0.01487372093833983
2,1024,40.5,0.015061473997775465
2,1024,41.5,0.015227772062644362
2,1024,42.5,0.014619180001318455
2,1024,43.5,0.014868908445350826
2,1024,44.5,0.015124362020287663
2,1024,45.5,0.015111465472728014
2,1024,46.5,0.014806357503402978
2,1024,47.5,0.015054382500238717
2,1024,48.5,0.014855342509690672
2,1024,49.5,0.01508169953012839
2,1024,50.5,0.014866579964291304
2,1024,51.5,0.015089145512320101
2,1024,52.5,0.014963627967517823
2,1024,53.5,0.014818569528870285
2,1024,54.5,0.01498897501733154
2,1024,55.5,0.015077360498253256
2,1024,56.5,0.015162043971940875
2,1024,57.5,0.014689686009660363
2,1024,58.5,0.0150328180170618
2,1024,59.5,0.014877055946271867
2,1024,60.5,0.015296734520234168
2,1024,61.5,0.01470043050358072
2,1024,62.5,0.014953738485928625
2,1024,63.5,0.015361442521680146
2,1024,64.5,0.014652620477136225
2,1024,65.5,0.015010835079010576
2,1024,66.5,0.014965072448831052
2,1024,67.5,0.015024159045424312
2,1024,68.5,0.01513668749248609
2,1024,69.5,0.014893273473717272
2,1024,70.5,0.015167700999882072
2,1024,71.5,0.014606095501221716
2,1024,72.5,0.015089433523826301
2,1024,73.5,0.015273018972948194
2,1024,74.5,0.014740164508111775
2,1024,75.5,0.015037962992209941
2,1024,76.5,0.014947088027838618
2,1024,77.5,0.014941086468752474
2,1024,78.5,0.015097333525773138
2,1024,79.5,0.01474897051230073
2,1024,80.5,0.015099861426278949
2,1024,81.5,0.015188179502729326
2,1024,82.5,0.014756415563169867
2,1024,83.5,0.014863092976156622
2,1024,84.5,0.014955193502828479
2,1024,85.5,0.014879275986459106
2,1024,86.5,0.015315326512791216
2,1024,87.5,0.014678260020446032
2,1024,88.5,0.015092786983586848
2,1024,89.5,0.01492192200385034
2,1024,90.5,0.01509995199739933
2,1024,91.5,0.015053414448630065
2,1024,92.5,0.01515544205904007
2,1024,93.5,0.01467550900997594
2,1024,94.5,0.014738032477907836
2,1024,95.5,0.014958762971218675
2,1024,96.5,0.015122686047106981
2,1024,97.5,0.014967468450777233
2,1024,98.5,0.014906710479408503
2,1024,99.5,0.015092495537828654
2,1024,100.5,0.014916417538188398
2,1024,101.5,0.015120745461899787
2,1024,102.5,0.014791299006901681
2,1024,103.5,0.014960277534555644
2,1024,104.5,0.01496627094456926
2,1024,105.5,0.015050378511659801
2,1024,106.5,0.015237788029480726
2,1024,107.5,0.01485345751279965
2,1024,108.5,0.0149450019816868
2,1024,109.5,0.014912869490217417
2,1024,110.5,0.015126383514143527
2,1024,111.5,0.014777171949390322
2,1024,112.5,0.015168620506301522
2,1024,113.5,0.015071359579451382
2,1024,114.5,0.01482642098562792
2,1024,115.5,0.014896535954903811
2,1024,116.5,0.015197261003777385
2,1024,117.5,0.014691167452838272
2,1024,118.5,0.015324282518122345
2,1024,119.5,0.014711467025335878
2,1024,120.5,0.015000467014033347
2,1024,121.5,0.015231120982207358
2,1024,122.5,0.014955614460632205
2,1024,123.5,0.014790595043450594
2,1024,124.5,0.01479811203898862
2,1024,125.5,0.015176127955783159
2,1024,126.5,0.014918154512997717
2,1024,127.5,0.015120368974748999
2,1024,128.5,0.015000414510723203
2,1024,129.5,0.015116468537598848
2,1024,130.5,0.014580762479454279
2,1024,131.5,0.014873503532726318
2,1024,132.5,0.014958228974137455
2,1024,133.5,0.01512030599405989
2,1024,134.5,0.014872221508994699
2,1024,135.5,0.015111669490579516
2,1024,136.5,0.015024551015812904
2,1024,137.5,0.0147954230196774
2,1024,138.5,0.014793744427151978
2,1024,139.5,0.015440495044458658
2,1024,140.5,0.0146246119402349
2,1024,141.5,0.015614288509823382
2,1024,142.5,0.014744888991117477
2,1024,143.5,0.014801059558521956
2,1024,144.5,0.014716717996634543
2,1024,145.5,0.014973782002925873
2,1024,146.5,0.015132907952647656
2,1024,147.5,0.015108759514987469
2,1024,148.5,0.014736038516275585
2,1024,149.5,0.015045563515741378
2,1024,150.5,0.014853682951070368
2,1024,151.5,0.01507573900744319
2,1024,152.5,0.015179024019744247
2,1024,153.5,0.014661411987617612
2,1024,154.5,0.015199067012872547
2,1024,155.5,0.015085830993484706
2,1024,156.5,0.014826302998699248
2,1024,157.5,0.015029561065603048
2,1024,158.5,0.014862673473544419
2,1024,159.5,0.014951817982364446
2,1024,160.5,0.01498773304047063
2,1024,161.5,0.0151210559415631
2,1024,162.5,0.014971781056374311
2,1024,163.5,0.014932485995814204
2,1024,164.5,0.014918196480721235
2,1024,165.5,0.015365475497674197
2,1024,166.5,0.014716065488755703
2,1024,167.5,0.015199722023680806
2,1024,168.5,0.014980618958361447
2,1024,169.5,0.014696852478664368
2,1024,170.5,0.0153315260540694
2,1024,171.5,0.014977027487475425
2,1024,172.5,0.015018020989373326
2,1024,173.5,0.01464525650953874
2,1024,174.5,0.015249060990754515
2,1024,175.5,0.014998080499935895
2,1024,176.5,0.014757896482478827
2,1024,177.5,0.01518766552908346
2,1024,178.5,0.014858357491903007
2,1024,179.5,0.014864824013784528
2,1024,180.5,0.014967483468353748
2,1024,181.5,0.015206902055069804
2,1024,182.5,0.015058905468322337
2,1024,183.5,0.01507381146075204
2,1024,184.5,0.014820452022831887
2,1024,185.5,0.015200435474980623
2,1024,186.5,0.014897627523168921
2,1024,187.5,0.015144769509788603
2,1024,188.5,0.014748621499165893
2,1024,189.5,0.014934424485545605
2,1024,190.5,0.014974539517425
2,1024,191.5,0.014893089013639838
2,1024,192.5,0.01504110248060897
2,1024,193.5,0.014886370510794222
2,1024,194.5,0.015038006531540304
2,1024,195.5,0.01542975747724995
2,1024,196.5,0.01494802552042529
2,1024,197.5,0.014599296962842345
2,1024,198.5,0.015099845011718571
2,1024,199.5,0.015030779992230237
2,1024,200.5,0.01475666300393641
2,1024,201.5,0.014963292982429266
2,1024,202.5,0.014984627487137914
2,1024,203.5,0.015219772991258651
2,1024,204.5,0.015446180535946041
2,1024,205.5,0.014499711978714913
2,1024,206.5,0.015090749540831894
2,1024,207.5,0.014699013961944729
2,1024,208.5,0.015700290503446013
2,1024,209.5,0.01448967750184238
2,1024,210.5,0.015210422046948224
2,1024,211.5,0.015189544996246696
2,1024,212.5,0.01436761993682012
2,1024,213.5,0.01520213601179421
2,1024,214.5,0.014981904067099094
2,1024,215.5,0.014996585960034281
2,1024,216.5,0.01484043151140213
2,1024,217.5,0.015073691960424185
2,1024,218.5,0.015211493067909032
2,1024,219.5,0.014644184964708984
2,1024,220.5,0.014961744018364698
2,1024,221.5,0.01535696699284017
2,1024,222.5,0.014623001974541694
2,1024,223.5,0.015124546538572758
2,1024,224.5,0.01489586551906541
2,1024,225.5,0.015389802923891693
2,1024,226.5,0.014964261557906866
2,1024,227.5,0.014487996988464147
2,1024,228.5,0.015306821500416845
2,1024,229.5,0.014640567009337246
2,1024,230.5,0.015361305442638695
2,1024,231.5,0.015173842548392713
2,1024,232.5,0.014531612978316844
2,1024,233.5,0.015001348976511508
2,1024,234.5,0.014781407022383064
2,1024,235.5,0.015216126979794353
2,1024,236.5,0.014784923987463117
2,1024,237.5,0.014793220558203757
2,1024,238.5,0.015535947983153164
2,1024,239.5,0.014780464000068605
2,1024,240.5,0.015052903967443854
2,1024,241.5,0.014982994005549699
2,1024,242.5,0.014814099005889148
2,1024,243.5,0.014888331003021449
2,1024,244.5,0.014841337513644248
2,1024,245.5,0.015192191523965448
2,1024,246.5,0.014810351422056556
2,1024,247.5,0.0154332130914554
2,1024,248.5,0.014841672498732805
2,1024,249.5,0.014857410977128893
2,1024,250.5,0.014718858466949314
2,1024,251.5,0.0151485429960303
2,1024,252.5,0.014837691967841238
2,1024,253.5,0.015234444057568908
2,1024,254.5,0.015013752446975559
2,4096,5.0,0.015320039470680058
2,4096,6.0,0.015351445064879954
2,4096,7.0,0.015233102429192513
2,4096,8.0,0.01531347056152299
2,4096,9.0,0.015256915474310517
2,4096,10.0,0.015207644493784755
2,4096,11.0,0.015202622045762837
2,4096,12.0,0.015280155465006828
2,4096,13.0,0.015249961463268846
2,4096,14.0,0.015160604554694146
2,4096,15.0,0.015310540504287928
2,4096,16.0,0.015427729988005012
2,4096,17.0,0.01510801847325638
2,4096,18.0,0.014992840006016195
2,4096,19.0,0.015112113498616964
2,4096,20.0,0.015066030959133059
2,4096,21.0,0.015118818555492908
2,4096,22.0,0.015216015453916043
2,4096,23.0,0.015358415548689663
2,4096,24.0,0.01506354397861287
2,4096,25.0,0.01503912900807336
2,4096,26.0,0.015108369523659348
2,4096,27.0,0.015249070012941957
2,4096,28.0,0.01524812646675855
2,4096,29.0,0.0150326854782179
2,4096,30.0,0.015111959481146187
2,4096,31.0,0.015218195039778948
2,4096,32.0,0.015201231464743614
2,4096,33.0,0.015133638575207442
2,4096,34.0,0.015160204959101975
2,4096,35.0,0.015346375526860356
2,4096,36.0,0.015228820964694023
2,4096,37.0,0.01493408699752763
2,4096,38.0,0.015115422022063285
2,4096,39.0,0.015208425000309944
2,4096,40.0,0.015188844001386315
2,4096,41.0,0.015104029967915267
2,4096,42.0,0.015073440503329039
2,4096,43.0,0.015169172547757626
2,4096,44.0,0.015207851945888251
2,4096,45.0,0.015154021501075476
2,4096,46.0,0.01516924099996686
2,4096,47.0,0.015180218033492565
2,4096,48.0,0.0151388049707748
2,4096,49.0,0.015141880547162145
2,4096,50.0,0.01517516397871077
2,4096,51.0,0.015124970464967191
2,4096,52.0,0.015143995988182724
2,4096,53.0,0.015241926535964012
2,4096,54.0,0.01515884103719145
2,4096,55.0,0.015066402440425009
2,4096,56.0,0.015136700531002134
2,4096,57.0,0.015160615497734398
2,4096,58.0,0.015191964514087886
2,4096,59.0,0.0151654559886083
2,4096,60.0,0.01523924950743094
2,4096,61.0,0.015207175514660776
2,4096,62.0,0.015042616927530617
2,4096,63.0,0.015172905579674989
2,4096,64.0,0.015160614449996501
2,4096,65.0,0.015155863016843796
2,4096,66.0,0.015358621021732688
2,4096,67.0,0.015252243960276246
2,4096,68.0,0.014915296516846865
2,4096,69.0,0.015170816506724805
2,4096,70.0,0.015303807507734746
2,4096,71.0,0.01510955800767988
2,4096,72.0,0.015090899483766407
2,4096,73.0,0.015179314475972205
2,4096,74.0,0.015109053521882743
2,4096,75.0,0.015216611500363797
2,4096,76.0,0.015168069454375654
2,4096,77.0,0.015078587573952973
2,4096,78.0,0.015161138435360044
2,4096,79.0,0.01501793006900698
2,4096,80.0,0.015187873505055904
2,4096,81.0,0.015240018488839269
2,4096,82.0,0.015194123494438827
2,4096,83.0,0.015101494500413537
2,4096,84.0,0.015108220977708697
2,4096,85.0,0.015219188993796706
2,4096,86.0,0.015128421015106142
2,4096,87.0,0.015172629442531615
2,4096,88.0,0.01520327350590378
2,4096,89.0,0.015150443010497838
2,4096,90.0,0.015150624501984566
2,4096,91.0,0.015150871011428535
2,4096,92.0,0.015182811010163277
2,4096,93.0,0.01534640253521502
2,4096,94.0,0.015296849946025759
2,4096,95.0,0.01504733506590128
2,4096,96.0,0.015068629989400506
2,4096,97.0,0.01523726450977847
2,4096,98.0,0.015214779472444206
2,4096,99.0,0.0151005579973571
2,4096,100.0,0.015052634989842772
2,4096,101.0,0.015082726487889886
2,4096,102.0,0.01520980300847441
2,4096,103.0,0.015436613524798304
2,4096,104.0,0.015244512469507754
2,4096,105.0,0.014950194046832621
2,4096,106.0,0.015176660963334143
2,4096,107.0,0.015181965485680848
2,4096,108.0,0.015122125565540045
2,4096,109.0,0.015182801405899227
2,4096,110.0,0.015107988030649722
2,4096,111.0,0.015087154461070895
2,4096,112.0,0.015167059027589858
2,4096,113.0,0.015194112493190914
2,4096,114.0,0.015101009048521519
2,4096,115.0,0.015187980490736663
2,4096,116.0,0.015181024500634521
2,4096,117.0,0.015230069984681904
2,4096,118.0,0.015212501981295645
2,4096,119.0,0.015066137013491243
2,4096,120.0,0.015179797483142465
2,4096,121.0,0.015183003502897918
2,4096,122.0,0.015181681490503252
2,4096,123.0,0.015051135036628693
2,4096,124.0,0.015143016527872533
2,4096,125.0,0.015279108483809978
2,4096,126.0,0.01523484499193728
2,4096,127.0,0.015133354987483472
2,4096,128.0,0.015102976991329342
2,4096,129.0,0.015192045015282929
2,4096,130.0,0.01521898654755205
2,4096,131.0,0.015213321952614933
2,4096,132.0,0.015155993984080851
2,4096,133.0,0.015141933981794864
2,4096,134.0,0.015200416033621877
2,4096,135.0,0.01516327151330188
2,4096,136.0,0.015187324490398169
2,4096,137.0,0.01523284096037969
2,4096,138.0,0.015131443564314395
2,4096,139.0,0.01497350394492969
2,4096,140.0,0.015195676009170711
2,4096,141.0,0.015172693529166281
2,4096,142.0,0.015066055464558303
2,4096,143.0,0.015132733038626611
2,4096,144.0,0.015164538461249322
2,4096,145.0,0.0151592405163683
2,4096,146.0,0.015081280493177474
2,4096,147.0,0.015126650512684137
2,4096,148.0,0.01536472950829193
2,4096,149.0,0.015218461980111897
2,4096,150.0,0.015171874489169568
2,4096,151.0,0.015223372029140592
2,4096,152.0,0.015146318532060832
2,4096,153.0,0.01511897100135684
2,4096,154.0,0.015166993427556008
2,4096,155.0,0.015442517527844757
2,4096,156.0,0.014858326001558453
2,4096,157.0,0.014930880977772176
2,4096,158.0,0.015210046549327672
2,4096,159.0,0.015174743952229619
2,4096,160.0,0.015162363066338003
2,4096,161.0,0.015236684936098754
2,4096,162.0,0.015253595542162657
2,4096,163.0,0.015139868017286062
2,4096,164.0,0.015127518970984966
2,4096,165.0,0.0151998694636859
2,4096,166.0,0.015159367525484413
2,4096,167.0,0.015120917523745447
2,4096,168.0,0.015183753974270076
2,4096,169.0,0.015106516482774168
2,4096,170.0,0.015231955505441874
2,4096,171.0,0.015353450027760118
2,4096,172.0,0.015142989985179156
2,4096,173.0,0.015222795540466905
2,4096,174.0,0.015116611495614052
2,4096,175.0,0.01503624947508797
2,4096,176.0,0.015391975990496576
2,4096,177.0,0.015153386513702571
2,4096,178.0,0.015025839966256171
2,4096,179.0,0.01520162500673905
2,4096,180.0,0.015171417500823736
2,4096,181.0,0.015168953512329608
2,4096,182.0,0.015094337984919548
2,4096,183.0,0.015032141469419003
2,4096,184.0,0.015113214030861855
2,4096,185.0,0.015186584496404976
2,4096,186.0,0.015194449515547603
2,4096,187.0,0.01537121448200196
2,4096,188.0,0.015215679013635963
2,4096,189.0,0.014962755551096052
2,4096,190.0,0.015067211468704045
2,4096,191.0,0.015226441493723541
2,4096,192.0,0.015243099012877792
2,4096,193.0,0.015089516004081815
2,4096,194.0,0.0150758569361642
2,4096,195.0,0.015340132522396743
2,4096,196.0,0.015348091546911746
2,4096,197.0,0.015214652463328093
2,4096,198.0,0.015068567998241633
2,4096,199.0,0.015225561510305852
2,4096,200.0,0.015310192538890988
2,4096,201.0,0.015171073959209025
2,4096,202.0,0.015215883497148752
2,4096,203.0,0.015116642520297319
2,4096,204.0,0.015080808021593839
2,4096,205.0,0.01503264595521614
2,4096,206.0,0.015267426031641662
2,4096,207.0,0.015270526986569166
2,4096,208.0,0.015147310972679406
2,4096,209.0,0.015374017995782197
2,4096,210.0,0.015348741493653506
2,4096,211.0,0.015038385521620512
2,4096,212.0,0.014956599450670183
2,4096,213.0,0.01512318104505539
2,4096,214.0,0.015093323483597487
2,4096,215.0,0.015274527540896088
2,4096,216.0,0.01526581251528114
2,4096,217.0,0.014999601989984512
2,4096,218.0,0.015162098512519151
2,4096,219.0,0.015230486984364688
2,4096,220.0,0.015116615453734994
2,4096,221.0,0.015312704024836421
2,4096,222.0,0.015241358487401158
2,4096,223.0,0.014967802038881928
2,4096,224.0,0.015091808454599231
2,4096,225.0,0.015216401021461934
2,4096,226.0,0.015231613535434008
2,4096,227.0,0.015236601466313004
2,4096,228.0,0.015146804973483086
2,4096,229.0,0.015048693574499339
2,4096,230.0,0.015196006454061717
2,4096,231.0,0.015321886457968503
2,4096,232.0,0.015095711511094123
2,4096,233.0,0.015110272041056305
2,4096,234.0,0.015261274937074631
2,4096,235.0,0.015277897007763386
2,4096,236.0,0.015104575548321009
2,4096,237.0,0.015031526505481452
2,4096,238.0,0.015333693998400122
2,4096,239.0,0.015027389978058636
2,4096,240.0,0.015137446520384401
2,4096,241.0,0.015390044485684484
2,4096,242.0,0.015132156026083976
2,4096,243.0,0.015027418965473771
2,4096,244.0,0.015050219488330185
2,4096,245.0,0.015214226034004241
2,4096,246.0,0.015258991974405944
2,4096,247.0,0.015126674028579146
2,4096,248.0,0.015214484999887645
2,4096,249.0,0.01516051049111411
2,4096,250.0,0.01511161052621901
2,4096,251.0,0.015075332019478083
2,4096,252.0,0.015139928960707039
2,4096,253.0,0.015269307477865368
2,4096,254.0,0.0154339509899728
2,6144,4.5,0.015697433438617736
2,6144,5.5,0.01574804406845942
2,6144,6.5,0.015749233425594866
2,6144,7.5,0.01489135151496157
2,6144,8.5,0.015630302019417286
2,6144,9.5,0.015329313522670418
2,6144,10.5,0.014897612971253693
2,6144,11.5,0.015539250976871699
2,6144,12.5,0.015235917526297271
2,6144,13.5,0.015541623462922871
2,6144,14.5,0.015375739545561373
2,6144,15.5,0.0152590834768489
2,6144,16.5,0.01517545006936416
2,6144,17.5,0.01519483095034957
2,6144,18.5,0.015347113483585417
2,6144,19.5,0.015175118984188884
2,6144,20.5,0.015712894033640623
2,6144,21.5,0.015195055049844086
2,6144,22.5,0.015047837456222624
2,6144,23.5,0.015309796493966132
2,6144,24.5,0.015442292962688953
2,6144,25.5,0.015382667537778616
2,6144,26.5,0.015225153998471797
2,6144,27.5,0.015045152977108955
2,6144,28.5,0.015690681524574757
2,6144,29.5,0.014947949501220137
2,6144,30.5,0.015604401472955942
2,6144,31.5,0.01512881851522252
2,6144,32.5,0.015290399023797363
2,6144,33.5,0.015171301958616823
2,6144,34.5,0.015301237988751382
2,6144,35.5,0.015391277032904327
2,6144,36.5,0.01537644601194188
2,6144,37.5,0.015278662031050771
2,6144,38.5,0.015057058946695179
2,6144,39.5,0.015289539005607367
2,6144,40.5,0.015280378516763449
2,6144,41.5,0.015234520484227687
2,6144,42.5,0.015316827048081905
2,6144,43.5,0.015615554992109537
2,6144,44.5,0.015127922990359366
2,6144,45.5,0.0152179065044038
2,6144,46.5,0.015256618498824537
2,6144,47.5,0.015307029942050576
2,6144,48.5,0.01532141154166311
2,6144,49.5,0.015176822489593178
2,6144,50.5,0.015763750998303294
2,6144,51.5,0.015465204021893442
2,6144,52.5,0.01511209545424208
2,6144,53.5,0.01507458504056558
2,6144,54.5,0.015313479991164058
2,6144,55.5,0.015109012485481799
2,6144,56.5,0.015435420500580221
2,6144,57.5,0.015518254542257637
2,6144,58.5,0.015118205454200506
2,6144,59.5,0.015277402999345213
2,6144,60.5,0.015328466019127518
2,6144,61.5,0.01525478099938482
2,6144,62.5,0.015207077958621085
2,6144,63.5,0.015952724555972964
2,6144,64.5,0.015012315474450588
2,6144,65.5,0.015140720992349088
2,6144,66.5,0.015463637537322938
2,6144,67.5,0.015030080976430327
2,6144,68.5,0.015386292478069663
2,6144,69.5,0.015311757975723594
2,6144,70.5,0.015333083050791174
2,6144,71.5,0.015148234029766172
2,6144,72.5,0.015448155987542123
2,6144,73.5,0.015180681482888758
2,6144,74.5,0.015062140533700585
2,6144,75.5,0.015450731967575848
2,6144,76.5,0.015406484541017562
2,6144,77.5,0.015753803425468504
2,6144,78.5,0.014895125990733504
2,6144,79.5,0.01527567399898544
2,6144,80.5,0.015441972529515624
2,6144,81.5,0.015348965534940362
2,6144,82.5,0.015189034515060484
2,6144,83.5,0.015274680976290256
2,6144,84.5,0.01525861449772492
2,6144,85.5,0.015483914001379162
2,6144,86.5,0.015122070966754109
2,6144,87.5,0.015134546556510031
2,6144,88.5,0.015618402452673763
2,6144,89.5,0.014995059522334486
2,6144,90.5,0.015180255519226193
2,6144,91.5,0.015433252963703126
2,6144,92.5,0.01532206399133429
2,6144,93.5,0.015222435991745442
2,6144,94.5,0.01627693005139008
2,6144,95.5,0.014504292455967516
2,6144,96.5,0.01526827597990632
2,6144,97.5,0.015149110986385494
2,6144,98.5,0.015617916535120457
2,6144,99.5,0.015122574521228671
2,6144,100.5,0.015284759982023388
2,6144,101.5,0.015327032480854541
2,6144,102.5,0.01515889703296125
2,6144,103.5,0.015478020533919334
2,6144,104.5,0.015256700455211103
2,6144,105.5,0.015012961521279067
2,6144,106.5,0.015538926469162107
2,6144,107.5,0.015134632005356252
2,6144,108.5,0.015301659528631717
2,6144,109.5,0.015323698986321688
2,6144,110.5,0.015260422485880554
2,6144,111.5,0.015345831983722746
2,6144,112.5,0.01521741453325376
2,6144,113.5,0.015303843014407903
2,6144,114.5,0.015319370955694467
2,6144,115.5,0.015230421035084873
2,6144,116.5,0.015332200971897691
2,6144,117.5,0.015331357019022107
2,6144,118.5,0.015264768968336284
2,6144,119.5,0.015265875030308962
2,6144,120.5,0.015317941491957754
2,6144,121.5,0.01529827801277861
2,6144,122.5,0.015255523496307433
2,6144,123.5,0.015326001972425729
2,6144,124.5,0.015317934041377157
2,6144,125.5,0.015319365484174341
2,6144,126.5,0.015365048020612448
2,6144,127.5,0.015251018456183374
2,6144,128.5,0.015244797512423247
2,6144,129.5,0.015347762499004602
2,6144,130.5,0.015341652499046177
2,6144,131.5,0.015370946028269827
2,6144,132.5,0.01532794995000586
2,6144,133.5,0.01530215353704989
2,6144,134.5,0.01527905702823773
2,6144,135.5,0.015319324447773397
2,6144,136.5,0.015302913030609488
2,6144,137.5,0.01559253002051264
2,6144,138.5,0.015010251954663545
2,6144,139.5,0.015299315564334393
2,6144,140.5,0.015417467919178307
2,6144,141.5,0.015203497023321688
2,6144,142.5,0.015392050496302545
2,6144,143.5,0.015210286481305957
2,6144,144.5,0.015425965073518455
2,6144,145.5,0.015216698462609202
2,6144,146.5,0.015473441511858255
2,6144,147.5,0.015213387494441122
2,6144,148.5,0.015240794979035854
2,6144,149.5,0.015373424510471523
2,6144,150.5,0.01551183348055929
2,6144,151.5,0.015170570521149784
2,6144,152.5,0.015271075477357954
2,6144,153.5,0.015222913993056864
2,6144,154.5,0.01566743553848937
2,6144,155.5,0.015097253490239382
2,6144,156.5,0.015172463492490351
2,6144,157.5,0.015557330509182066
2,6144,158.5,0.015321570506785065
2,6144,159.5,0.015260501997545362
2,6144,160.5,0.015293197997380048
2,6144,161.5,0.01530605397420004
2,6144,162.5,0.015312884526792914
2,6144,163.5,0.015108573948964477
2,6144,164.5,0.015413236047606915
2,6144,165.5,0.015376774477772415
2,6144,166.5,0.015240941545926034
2,6144,167.5,0.015359328943304718
2,6144,168.5,0.015332895563915372
2,6144,169.5,0.015268720977474004
2,6144,170.5,0.01531915197847411
2,6144,171.5,0.015166789467912167
2,6144,172.5,0.01543902256526053
2,6144,173.5,0.015470982471015304
2,6144,174.5,0.015167425503022969
2,6144,175.5,0.015291379997506738
2,6144,176.5,0.015252726036123931
2,6144,177.5,0.015345819992944598
2,6144,178.5,0.015243540983647108
2,6144,179.5,0.015599624952301383
2,6144,180.5,0.015211068093776703
2,6144,181.5,0.015442692441865802
2,6144,182.5,0.015208936994895339
2,6144,183.5,0.015221708046738058
2,6144,184.5,0.015590656490530819
2,6144,185.5,0.01518270350061357
2,6144,186.5,0.015421204501762986
2,6144,187.5,0.015313232433982193
2,6144,188.5,0.015196125488728285
2,6144,189.5,0.015428804035764188
2,6144,190.5,0.015099254494998604
2,6144,191.5,0.015385347534902394
2,6144,192.5,0.015418143011629581
2,6144,193.5,0.01521406602114439
2,6144,194.5,0.015357610944192857
2,6144,195.5,0.01534747751429677
2,6144,196.5,0.015409654472023249
2,6144,197.5,0.015197936561889946
2,6144,198.5,0.015171830949839205
2,6144,199.5,0.015656496514566243
2,6144,200.5,0.015281061467248946
2,6144,201.5,0.015044956526253372
2,6144,202.5,0.015247375471517444
2,6144,203.5,0.015325160522479564
2,6144,204.5,0.015334077004808933
2,6144,205.5,0.015324739506468177
2,6144,206.5,0.015426760946866125
2,6144,207.5,0.015297984005883336
2,6144,208.5,0.01543088600737974
2,6144,209.5,0.015207025571726263
2,6144,210.5,0.015608808491379023
2,6144,211.5,0.015236406470648944
2,6144,212.5,0.015235413506161422
2,6144,213.5,0.015398191520944238
2,6144,214.5,0.015252825513016433
2,6144,215.5,0.015369972446933389
2,6144,216.5,0.015317293058615178
2,6144,217.5,0.015073768910951912
2,6144,218.5,0.015258419560268521
2,6144,219.5,0.015297089470550418
2,6144,220.5,0.015305045002605766
2,6144,221.5,0.015316645556595176
2,6144,222.5,0.015154018474277109
2,6144,223.5,0.015416164009366184
2,6144,224.5,0.015329560963436961
2,6144,225.5,0.015363487007562071
2,6144,226.5,0.015289156523067504
2,6144,227.5,0.015340935438871384
2,6144,228.5,0.015285604575183243
2,6144,229.5,0.015274929930455983
2,6144,230.5,0.015371405519545078
2,6144,231.5,0.015386517974548042
2,6144,232.5,0.015238556545227766
2,6144,233.5,0.015306925983168185
2,6144,234.5,0.015490347053855658
2,6144,235.5,0.01504778244998306
2,6144,236.5,0.015391527500469238
2,6144,237.5,0.015389307460281998
2,6144,238.5,0.015249682066496462
2,6144,239.5,0.015364580496679991
2,6144,240.5,0.01538513001287356
2,6144,241.5,0.01529606047552079
2,6144,242.5,0.015424187004100531
2,6144,243.5,0.015274084464181215
2,6144,244.5,0.015491752012167126
2,6144,245.5,0.015287637535948306
2,6144,246.5,0.01519666996318847
2,6144,247.5,0.015339805977419019
2,6144,248.5,0.01517781603615731
2,6144,249.5,0.015498779015615582
2,6144,250.5,0.015300513477995992
2,6144,251.5,0.015365860483143479
2,6144,252.5,0.015311043534893543
2,6144,253.5,0.0150098399608396
2,6144,254.5,0.016187864006496966
4,64,5.5,0.015337672957684845
4,64,6.5,0.01528371055610478
4,64,7.5,0.015280111460015178
4,64,8.5,0.015216044033877552
4,64,9.5,0.01535312895430252
4,64,10.5,0.015451429004315287
4,64,11.5,0.01526497898157686
4,64,12.5,0.01519874797668308
4,64,13.5,0.015205471543595195
4,64,14.5,0.015247660980094224
4,64,15.5,0.015340053476393223
4,64,16.5,0.0152961834683083
4,64,17.5,0.015339315577875823
4,64,18.5,0.015405427548103034
4,64,19.5,0.015393865993246436
4,64,20.5,0.01510698051424697
4,64,21.5,0.015046441985759884
4,64,22.5,0.015444069460500032
4,64,23.5,0.015317463548853993
4,64,24.5,0.015120755007956177
4,64,25.5,0.015224825008772314
4,64,26.5,0.0152920899563469
4,64,27.5,0.015246462018694729
4,64,28.5,0.015180412970948964
4,64,29.5,0.015311238064896315
4,64,30.5,0.015276634425390512
4,64,31.5,0.015267500013578683
4,64,32.5,0.015228416479658335
4,64,33.5,0.015337654564063996
4,64,34.5,0.01533674297388643
4,64,35.5,0.015028847032226622
4,64,36.5,0.015212821017485112
4,64,37.5,0.015229904965963215
4,64,38.5,0.015227004536427557
4,64,39.5,0.015343187435064465
4,64,40.5,0.015317086537834257
4,64,41.5,0.015300010447390378
4,64,42.5,0.015213674050755799
4,64,43.5,0.015208629018161446
4,64,44.5,0.015306491462979466
4,64,45.5,0.015387625026050955
4,64,46.5,0.015386241546366364
4,64,47.5,0.015119411516934633
4,64,48.5,0.015204204537440091
4,64,49.5,0.015168124518822879
4,64,50.5,0.015306849963963032
4,64,51.5,0.01534524402813986
4,64,52.5,0.015182542963884771
4,64,53.5,0.015178155503235757
4,64,54.5,0.015332873503211886
4,64,55.5,0.015259434003382921
4,64,56.5,0.015182440052740276
4,64,57.5,0.015240016975440085
4,64,58.5,0.015233209996949881
4,64,59.5,0.015271295444108546
4,64,60.5,0.015257421997375786
4,64,61.5,0.015263590030372143
4,64,62.5,0.015356501971837133
4,64,63.5,0.015293855976779014
4,64,64.5,0.015205128991510719
4,64,65.5,0.015351071488112211
4,64,66.5,0.015362818026915193
4,64,67.5,0.015306426445022225
4,64,68.5,0.015302930551115423
4,64,69.5,0.015187656972557306
4,64,70.5,0.015314258984290063
4,64,71.5,0.015371439047157764
4,64,72.5,0.015294735436327755
4,64,73.5,0.015354416449554265
4,64,74.5,0.015230003045871854
4,64,75.5,0.015351790469139814
4,64,76.5,0.015415355504956096
4,64,77.5,0.015287860063835979
4,64,78.5,0.01519208902027458
4,64,79.5,0.015319740457925946
4,64,80.5,0.015446163015440106
4,64,81.5,0.015175464504864067
4,64,82.5,0.015221294481307268
4,64,83.5,0.015377144503872842
4,64,84.5,0.015373356989584863
4,64,85.5,0.015218394983094186
4,64,86.5,0.015148529957514256
4,64,87.5,0.01533417246537283
4,64,88.5,0.015225393522996455
4,64,89.5,0.015122651064302772
4,64,90.5,0.015331818955019116
4,64,91.5,0.016028546553570777
4,64,92.5,0.019245110044721514
4,64,93.5,0.012119678489398211
4,64,94.5,0.014096960483584553
4,64,95.5,0.015210062498226762
4,64,96.5,0.015373622998595238
4,64,97.5,0.015266194997821003
4,64,98.5,0.015184464515186846
4,64,99.5,0.015233837009873241
4,64,100.5,0.015281671017874032
4,64,101.5,0.015209360979497433
4,64,102.5,0.015345799503847957
4,64,103.5,0.015360847522970289
4,64,104.5,0.015189342491794378
4,64,105.5,0.01523783104494214
4,64,106.5,0.01528305996907875
4,64,107.5,0.01529992202995345
4,64,108.5,0.015335194999352098
4,64,109.5,0.015340338984970003
4,64,110.5,0.015230385994073004
4,64,111.5,0.015299536054953933
4,64,112.5,0.015395540976896882
4,64,113.5,0.015222361020278186
4,64,114.5,0.015265314548742026
4,64,115.5,0.015365323517471552
4,64,116.5,0.015324180945754051
4,64,117.5,0.015209178091026843
4,64,118.5,0.015154929482378066
4,64,119.5,0.015371276531368494
4,64,120.5,0.015316536009777337
4,64,121.5,0.015205134055577219
4,64,122.5,0.015445436991285533
4,64,123.5,0.015230315504595637
4,64,124.5,0.01502241805428639
4,64,125.5,0.015224790491629392
4,64,126.5,0.015342881495598704
4,64,127.5,0.01529244106495753
4,64,128.5,0.015269502007868141
4,64,129.5,0.015301263483706862
4,64,130.5,0.0152377545600757
4,64,131.5,0.015273959492333233
4,64,132.5,0.015342350525315851
4,64,133.5,0.015281976491678506
4,64,134.5,0.015338622964918613
4,64,135.5,0.01530027500120923
4,64,136.5,0.015218964486848563
4,64,137.5,0.015268728486262262
4,64,138.5,0.015310527989640832
4,64,139.5,0.015261314460076392
4,64,140.5,0.015383137506432831
4,64,141.5,0.015496848500333726
4,64,142.5,0.01515834400197491
4,64,143.5,0.015099394484423101
4,64,144.5,0.015292233554646373
4,64,145.5,0.015335596923250705
4,64,146.5,0.015365949482657015
4,64,147.5,0.01550280547235161
4,64,148.5,0.015254502068273723
4,64,149.5,0.01516064302995801
4,64,150.5,0.01546374149620533
4,64,151.5,0.015244223992340267
4,64,152.5,0.015279352432116866
4,64,153.5,0.015254204103257507
4,64,154.5,0.015417798480484635
4,64,155.5,0.015403553494252264
4,64,156.5,0.014956931991036981
4,64,157.5,0.015303228050470352
4,64,158.5,0.015464787953533232
4,64,159.5,0.015201156551484019
4,64,160.5,0.015452780004125088
4,64,161.5,0.015417076472658664
4,64,162.5,0.015051486494485289
4,64,163.5,0.015192850958555937
4,64,164.5,0.01529766496969387
4,64,165.5,0.01527908694697544
4,64,166.5,0.015238570515066385
4,64,167.5,0.015285465982742608
4,64,168.5,0.015304396511055529
4,64,169.5,0.015310025948565453
4,64,170.5,0.01526319154072553
4,64,171.5,0.015354026982095093
4,64,172.5,0.015384583501145244
4,64,173.5,0.01520203094696626
4,64,174.5,0.015223754569888115
4,64,175.5,0.015223709458950907
4,64,176.5,0.01518297754228115
4,64,177.5,0.015279306448064744
4,64,178.5,0.015323835017625242
4,64,179.5,0.015303987020161003
4,64,180.5,0.015275379060767591
4,64,181.5,0.015315409458708018
4,64,182.5,0.015390871500130743
4,64,183.5,0.015249276475515217
4,64,184.5,0.015200819005258381
4,64,185.5,0.015277952479664236
4,64,186.5,0.015256539511028677
4,64,187.5,0.015319195517804474
4,64,188.5,0.015310995979234576
4,64,189.5,0.0152580970316194
4,64,190.5,0.01530587300658226
4,64,191.5,0.015328817476984113
4,64,192.5,0.015312523988541216
4,64,193.5,0.015394135029055178
4,64,194.5,0.015398059447761625
4,64,195.5,0.015315768483560532
4,64,196.5,0.015376900497358292
4,64,197.5,0.015587415487971157
4,64,198.5,0.015339032979682088
4,64,199.5,0.015207743039354682
4,64,200.5,0.015333293005824089
4,64,201.5,0.015365100000053644
4,64,202.5,0.015490927034989
4,64,203.5,0.015271218959242105
4,64,204.5,0.015349768509622663
4,64,205.5,0.01558732643024996
4,64,206.5,0.015380683005787432
4,64,207.5,0.015345177496783435
4,64,208.5,0.015239752538036555
4,64,209.5,0.015168188489042222
4,64,210.5,0.015338020049966872
4,64,211.5,0.015331584436353296
4,64,212.5,0.015543811023235321
4,64,213.5,0.015267880982719362
4,64,214.5,0.015093247988261282
4,64,215.5,0.01548202004050836
4,64,216.5,0.015441888477653265
4,64,217.5,0.01527777750743553
4,64,218.5,0.015322950494010001
4,64,219.5,0.01519941445440054
4,64,220.5,0.015326483524404466
4,64,221.5,0.015481417009141296
4,64,222.5,0.015300798928365111
4,64,223.5,0.01527176657691598
4,64,224.5,0.015450302453245968
4,64,225.5,0.015469475998543203
4,64,226.5,0.01544048695359379
4,64,227.5,0.015311205002944916
4,64,228.5,0.015422632917761803
4,64,229.5,0.015305767534300685
4,64,230.5,0.015079882985446602
4,64,231.5,0.015356606454588473
4,64,232.5,0.01564454153412953
4,64,233.5,0.015352369984611869
4,64,234.5,0.015086266037542373
4,64,235.5,0.015193375991657376
4,64,236.5,0.01533755793934688
4,64,237.5,0.01540352002484724
4,64,238.5,0.01532225648406893
4,64,239.5,0.015246757538989186
4,64,240.5,0.015414937981404364
4,64,241.5,0.015248222451191396
4,64,242.5,0.01522519945865497
4,64,243.5,0.015379812510218471
4,64,244.5,0.01545033196453005
4,64,245.5,0.015439364477060735
4,64,246.5,0.015279132523573935
4,64,247.5,0.015273069031536579
4,64,248.5,0.015280170482583344
4,64,249.5,0.015352075453847647
4,64,250.5,0.015464955009520054
4,64,251.5,0.015376805036794394
4,64,252.5,0.015332264534663409
4,64,253.5,0.01544431399088353
4,256,5.5,0.015815320948604494
4,256,6.5,0.0151427315431647
4,256,7.5,0.015568729024380445
4,256,8.5,0.01530422200448811
4,256,9.5,0.015500360052101314
4,256,10.5,0.01527172647183761
4,256,11.5,0.015498574532102793
4,256,12.5,0.01526999199995771
4,256,13.5,0.015446214063558728
4,256,14.5,0.015476997941732407
4,256,15.5,0.015183072013314813
4,256,16.5,0.015317378507461399
4,256,17.5,0.015371220011729747
4,256,18.5,0.015414371038787067
4,256,19.5,0.015428114973474294
4,256,20.5,0.015067668457049876
4,256,21.5,0.015360538032837212
4,256,22.5,0.01544240053044632
4,256,23.5,0.01520675199571997
4,256,24.5,0.015302087995223701
4,256,25.5,0.015331788978073746
4,256,26.5,0.01531241595512256
4,256,27.5,0.015458205016329885
4,256,28.5,0.015362611506134272
4,256,29.5,0.01520637102657929
4,256,30.5,0.015604006010107696
4,256,31.5,0.015229373937472701
4,256,32.5,0.01542222301941365
4,256,33.5,0.015179396548774093
4,256,34.5,0.015436022018548101
4,256,35.5,0.015333106508478522
4,256,36.5,0.015219999011605978
4,256,37.5,0.015322242979891598
4,256,38.5,0.015273941971827298
4,256,39.5,0.015377616044133902
4,256,40.5,0.01536846801172942
4,256,41.5,0.015565756999421865
4,256,42.5,0.015205496456474066
4,256,43.5,0.015211121994070709
4,256,44.5,0.015367885527666658
4,256,45.5,0.015548983996268362
4,256,46.5,0.015146169462241232
4,256,47.5,0.01528403750853613
4,256,48.5,0.015409402956720442
4,256,49.5,0.015364198479801416
4,256,50.5,0.01540190604282543
4,256,51.5,0.01541876356350258
4,256,52.5,0.01531083055306226
4,256,53.5,0.015308088448364288
4,256,54.5,0.015303494990803301
4,256,55.5,0.015372593014035374
4,256,56.5,0.015535529993940145
4,256,57.5,0.015499308472499251
4,256,58.5,0.01506402448285371
4,256,59.5,0.015387405990622938
4,256,60.5,0.015311402443330735
4,256,61.5,0.015308964066207409
4,256,62.5,0.01538033050019294
4,256,63.5,0.015266055997926742
4,256,64.5,0.015283311542589217
4,256,65.5,0.01551197248045355
4,256,66.5,0.015171138511504978
4,256,67.5,0.015484649455174804
4,256,68.5,0.015307537978515029
4,256,69.5,0.015234843012876809
4,256,70.5,0.015344814513809979
4,256,71.5,0.015479761466849595
4,256,72.5,0.015419480972923338
4,256,73.5,0.015147086989600211
4,256,74.5,0.01531021750997752
4,256,75.5,0.015413337969221175
4,256,76.5,0.015275663521606475
4,256,77.5,0.01537414052290842
4,256,78.5,0.01531883847201243
4,256,79.5,0.015585749002639204
4,256,80.5,0.015272822056431323
4,256,81.5,0.01542139652883634
4,256,82.5,0.015102016914170235
4,256,83.5,0.015450106526259333
4,256,84.5,0.015172992483712733
4,256,85.5,0.015346748987212777
4,256,86.5,0.015354581526480615
4,256,87.5,0.01527946296846494
4,256,88.5,0.015318314486648887
4,256,89.5,0.015575996018014848
4,256,90.5,0.015151482541114092
4,256,91.5,0.015395893482491374
4,256,92.5,0.015619792451616377
4,256,93.5,0.015076928539201617
4,256,94.5,0.015147226979024708
4,256,95.5,0.015454262029379606
4,256,96.5,0.015614734496921301
4,256,97.5,0.015091720502823591
4,256,98.5,0.015246408001985401
4,256,99.5,0.015396116068586707
4,256,100.5,0.015411765489261597
4,256,101.5,0.015211398480460048
4,256,102.5,0.015563023509457707
4,256,103.5,0.015200797468423843
4,256,104.5,0.015251554024871439
4,256,105.5,0.015361624537035823
4,256,106.5,0.015551935939583927
4,256,107.5,0.015308590547647327
4,256,108.5,0.015573690994642675
4,256,109.5,0.015074127994012088
4,256,110.5,0.015255379548761994
4,256,111.5,0.015349344466812909
4,256,112.5,0.015470590442419052
4,256,113.5,0.015360181510914117
4,256,114.5,0.015293315518647432
4,256,115.5,0.015443091513589025
4,256,116.5,0.015170765516813844
4,256,117.5,0.015380587487015873
4,256,118.5,0.015331775997765362
4,256,119.5,0.015316275996156037
4,256,120.5,0.015306466026231647
4,256,121.5,0.01530870352871716
4,256,122.5,0.015349932480603456
4,256,123.5,0.015363110462203622
4,256,124.5,0.015490765508729964
4,256,125.5,0.015213447448331863
4,256,126.5,0.01545170700410381
4,256,127.5,0.01528358447831124
4,256,128.5,0.015315643569920212
4,256,129.5,0.015316110977437347
4,256,130.5,0.015309332928154618
4,256,131.5,0.015480488014873117
4,256,132.5,0.015201298519968987
4,256,133.5,0.01548941049259156
4,256,134.5,0.015341845515649766
4,256,135.5,0.015135040506720543
4,256,136.5,0.015415916044730693
4,256,137.5,0.015446156496182084
4,256,138.5,0.01540917850797996
4,256,139.5,0.01545655494555831
4,256,140.5,0.015412047505378723
4,256,141.5,0.01542135898489505
4,256,142.5,0.015710511535871774
4,256,143.5,0.014669160940684378
4,256,144.5,0.015152428532019258
4,256,145.5,0.015282526437658817
4,256,146.5,0.015522436995524913
4,256,147.5,0.01514690404292196
4,256,148.5,0.015394832531455904
4,256,149.5,0.015393315523397177
4,256,150.5,0.015205975039862096
4,256,151.5,0.015356142946984619
4,256,152.5,0.015279840037692338
4,256,153.5,0.015313437499571592
4,256,154.5,0.015464037947822362
4,256,155.5,0.015185597469098866
4,256,156.5,0.015358656528405845
4,256,157.5,0.01554271049099043
4,256,158.5,0.015157983056269586
4,256,159.5,0.01538711943430826
4,256,160.5,0.015187061508186162
4,256,161.5,0.015415863483212888
4,256,162.5,0.015624138992279768
4,256,163.5,0.015163055039010942
4,256,164.5,0.015416029491461813
4,256,165.5,0.01556999800959602
4,256,166.5,0.015276674006599933
4,256,167.5,0.014961633540224284
4,256,168.5,0.015183899435214698
4,256,169.5,0.015568214992526919
4,256,170.5,0.015368561027571559
4,256,171.5,0.015196337946690619
4,256,172.5,0.015567615977488458
4,256,173.5,0.015119154006242752
4,256,174.5,0.015482039481867105
4,256,175.5,0.015370998531579971
4,256,176.5,0.0153532475233078
4,256,177.5,0.015210709476377815
4,256,178.5,0.015210621000733227
4,256,179.5,0.015491727972403169
4,256,180.5,0.01529968756949529
4,256,181.5,0.015401556971482933
4,256,182.5,0.015247266506776214
4,256,183.5,0.015304302505683154
4,256,184.5,0.015299567021429539
4,256,185.5,0.01539861154742539
4,256,186.5,0.015361225989181548
4,256,187.5,0.015349422988947481
4,256,188.5,0.015335961943492293
4,256,189.5,0.016120491025503725
4,256,190.5,0.014684212976135314
4,256,191.5,0.015072264999616891
4,256,192.5,0.015435480454470962
4,256,193.5,0.015418308496009558
4,256,194.5,0.015350602043326944
4,256,195.5,0.015247105504386127
4,256,196.5,0.015244266483932734
4,256,197.5,0.015430417959578335
4,256,198.5,0.015395165013615042
4,256,199.5,0.015343556005973369
4,256,200.5,0.01556315051857382
4,256,201.5,0.015271243988536298
4,256,202.5,0.01527786353835836
4,256,203.5,0.015217472508084029
4,256,204.5,0.015167172474320978
4,256,205.5,0.015558971033897251
4,256,206.5,0.015138770511839539
4,256,207.5,0.015511971956584603
4,256,208.5,0.01555832801386714
4,256,209.5,0.015174223983194679
4,256,210.5,0.015211680089123547
4,256,211.5,0.015333332004956901
4,256,212.5,0.015374771493952721
4,256,213.5,0.015249394986312836
4,256,214.5,0.015370736015029252
4,256,215.5,0.015823867986910045
4,256,216.5,0.01485779951326549
4,256,217.5,0.015190248494036496
4,256,218.5,0.015432832995429635
4,256,219.5,0.015365443483460695
4,256,220.5,0.015271623502485454
4,256,221.5,0.015582055959384888
4,256,222.5,0.015277942002285272
4,256,223.5,0.01522614696295932
4,256,224.5,0.015274319041054696
4,256,225.5,0.015377262490801513
4,256,226.5,0.015300163999199867
4,256,227.5,0.015470792481210083
4,256,228.5,0.015324081061407924
4,256,229.5,0.015307789493817836
4,256,230.5,0.015363277052529156
4,256,231.5,0.015386935032438487
4,256,232.5,0.015330869471654296
4,256,233.5,0.015374364447779953
4,256,234.5,0.015207679534796625
4,256,235.5,0.015293490490876138
4,256,236.5,0.015263937471900135
4,256,237.5,0.015161118004471064
4,256,238.5,0.015581961488351226
4,256,239.5,0.015348434448242188
4,256,240.5,0.015323803527280688
4,256,241.5,0.015406835009343922
4,256,242.5,0.01519477745750919
4,256,243.5,0.015743232506792992
4,256,244.5,0.01498737750807777
4,256,245.5,0.015071685949806124
4,256,246.5,0.015487093012779951
4,256,247.5,0.015452621039003134
4,256,248.5,0.01557846093783155
4,256,249.5,0.015273893484845757
4,256,250.5,0.015334771072957665
4,256,251.5,0.015188327990472317
4,256,252.5,0.015484555449802428
4,256,253.5,0.015644030005205423
4,1024,5.25,0.015321690472774208
4,1024,6.25,0.01571354502812028
4,1024,7.25,0.015492264530621469
4,1024,8.25,0.015383605030365288
4,1024,9.25,0.015596607991028577
4,1024,10.25,0.015529381518717855
4,1024,11.25,0.015371065004728734
4,1024,12.25,0.015478706452995539
4,1024,13.25,0.015481360023841262
4,1024,14.25,0.01536570698954165
4,1024,15.25,0.015391496533993632
4,1024,16.25,0.015456500463187695
4,1024,17.25,0.01541015855036676
4,1024,18.25,0.015293001488316804
4,1024,19.25,0.015438913076650351
4,1024,20.25,0.015394139976706356
4,1024,21.25,0.015590733499266207
4,1024,22.25,0.015514348982833326
4,1024,23.25,0.015227868047077209
4,1024,24.25,0.015474734478630126
4,1024,25.25,0.015509610529989004
4,1024,26.25,0.015332262963056564
4,1024,27.25,0.015373157511930913
4,1024,28.25,0.015256226994097233
4,1024,29.25,0.01538784900913015
4,1024,30.25,0.015493158483877778
4,1024,31.25,0.015373596455901861
4,1024,32.25,0.015613274474162608
4,1024,33.25,0.01574278704356402
4,1024,34.25,0.015261945023667067
4,1024,35.25,0.015045377484057099
4,1024,36.25,0.01542773999972269
4,1024,37.25,0.015403193479869515
4,1024,38.25,0.015389432024676353
4,1024,39.25,0.015418474504258484
4,1024,40.25,0.015403864497784525
4,1024,41.25,0.015338737051934004
4,1024,42.25,0.01539363048505038
4,1024,43.25,0.015423150965943933
4,1024,44.25,0.0153842035215348
4,1024,45.25,0.015479210473131388
4,1024,46.25,0.015513980004470795
4,1024,47.25,0.015291471034288406
4,1024,48.25,0.015341132006142288
4,1024,49.25,0.015444784483406693
4,1024,50.25,0.015349822060670704
4,1024,51.25,0.015472755476366729
4,1024,52.25,0.015578421007376164
4,1024,53.25,0.015439917508047074
4,1024,54.25,0.015179928508587182
4,1024,55.25,0.015337406483013183
4,1024,56.25,0.015324656036682427
4,1024,57.25,0.0152474555070512
4,1024,58.25,0.01545717241242528
4,1024,59.25,0.01544789201579988
4,1024,60.25,0.015265627531334758
4,1024,61.25,0.015377807489130646
4,1024,62.25,0.01547237200429663
4,1024,63.25,0.015411594009492546
4,1024,64.25,0.01546478649834171
4,1024,65.25,0.01535101601621136
4,1024,66.25,0.015275991521775723
4,1024,67.25,0.015329540416132659
4,1024,68.25,0.015440265997312963
4,1024,69.25,0.015435519977472723
4,1024,70.25,0.015374489012174308
4,1024,71.25,0.015499006491154432
4,1024,72.25,0.015437497000675648
4,1024,73.25,0.015211350517347455
4,1024,74.25,0.015418298949953169
4,1024,75.25,0.015591506962664425
4,1024,76.25,0.015326124033890665
4,1024,77.25,0.015276813530363142
4,1024,78.25,0.01535803050501272
4,1024,79.25,0.015533651516307145
4,1024,80.25,0.01544465497136116
4,1024,81.25,0.015181679045781493
4,1024,82.25,0.015306486457120627
4,1024,83.25,0.015591447940096259
4,1024,84.25,0.015558159502688795
4,1024,85.25,0.015364833525381982
4,1024,86.25,0.015355136478319764
4,1024,87.25,0.015344642975833267
4,1024,88.25,0.015389582491479814
4,1024,89.25,0.015434157103300095
4,1024,90.25,0.015364850522018969
4,1024,91.25,0.015282198030035943
4,1024,92.25,0.015361357480287552
4,1024,93.25,0.015529272495768964
4,1024,94.25,0.01548407250083983
4,1024,95.25,0.01532021549064666
4,1024,96.25,0.015514526923652738
4,1024,97.25,0.015508348471485078
4,1024,98.25,0.015356938529293984
4,1024,99.25,0.015323429484851658
4,1024,100.25,0.015258526080287993
4,1024,101.25,0.015433590509928763
4,1024,102.25,0.01556406047893688
4,1024,103.25,0.015609022928401828
4,1024,104.25,0.015352338959928602
4,1024,105.25,0.015149568032938987
4,1024,106.25,0.01529859792208299
4,1024,107.25,0.015563241031486541
4,1024,108.25,0.015394575020764023
4,1024,109.25,0.01535282499389723
4,1024,110.25,0.015365501516498625
4,1024,111.25,0.015310378512367606
4,1024,112.25,0.015465862001292408
4,1024,113.25,0.015389533538836986
4,1024,114.25,0.015341184567660093
4,1024,115.25,0.015429317485541105
4,1024,116.25,0.015548141964245588
4,1024,117.25,0.015425472985953093
4,1024,118.25,0.015401046024635434
4,1024,119.25,0.015465338539797813
4,1024,120.25,0.0154345499468036
4,1024,121.25,0.015428834012709558
4,1024,122.25,0.015257873048540205
4,1024,123.25,0.015428022481501102
4,1024,124.25,0.015561495441943407
4,1024,125.25,0.015464200056158006
4,1024,126.25,0.015219964960124344
4,1024,127.25,0.015462331066373736
4,1024,128.25,0.015527624927926809
4,1024,129.25,0.015299024002160877
4,1024,130.25,0.015214759507216513
4,1024,131.25,0.015476637985557318
4,1024,132.25,0.01545399404130876
4,1024,133.25,0.015225862967781723
4,1024,134.25,0.0153504284680821
4,1024,135.25,0.01552201301092282
4,1024,136.25,0.01561892603058368
4,1024,137.25,0.015226427523884922
4,1024,138.25,0.015354491479229182
4,1024,139.25,0.015507630014326423
4,1024,140.25,0.015453863481525332
4,1024,141.25,0.015271864016540349
4,1024,142.25,0.015386739512905478
4,1024,143.25,0.01551242044661194
4,1024,144.25,0.01560262602288276
4,1024,145.25,0.01533688249764964
4,1024,146.25,0.015014213975518942
4,1024,147.25,0.015480002446565777
4,1024,148.25,0.015457522007636726
4,1024,149.25,0.015435924986377358
4,1024,150.25,0.01543265552027151
4,1024,151.25,0.01537020195974037
4,1024,152.25,0.015386164013762027
4,1024,153.25,0.015438152477145195
4,1024,154.25,0.01544456701958552
4,1024,155.25,0.015412511478643864
4,1024,156.25,0.015603585983626544
4,1024,157.25,0.015520375513006002
4,1024,158.25,0.015393699053674936
4,1024,159.25,0.01524456450715661
4,1024,160.25,0.01524532597977668
4,1024,161.25,0.015459359041415155
4,1024,162.25,0.015548387949820608
4,1024,163.25,0.01534250599797815
4,1024,164.25,0.015411284053698182
4,1024,165.25,0.015404685982502997
4,1024,166.25,0.015226212970446795
4,1024,167.25,0.015380097029265016
4,1024,168.25,0.015603037492837757
4,1024,169.25,0.01558123400900513
4,1024,170.25,0.015427080448716879
4,1024,171.25,0.015584015985950828
4,1024,172.25,0.015255607955623418
4,1024,173.25,0.015173964493442327
4,1024,174.25,0.015655612049158663
4,1024,175.25,0.015505990479141474
4,1024,176.25,0.015187760989647359
4,1024,177.25,0.015441203489899635
4,1024,178.25,0.015320650534704328
4,1024,179.25,0.015268232440575957
4,1024,180.25,0.01555660757003352
4,1024,181.25,0.015619769983459264
4,1024,182.25,0.015297445526812226
4,1024,183.25,0.015149429498706013
4,1024,184.25,0.015404292498715222
4,1024,185.25,0.015447869547642767
4,1024,186.25,0.01542715699179098
4,1024,187.25,0.015512624522671103
4,1024,188.25,0.015502240450587124
4,1024,189.25,0.015360966965090483
4,1024,190.25,0.015382723533548415
4,1024,191.25,0.015287864953279495
4,1024,192.25,0.015326791966799647
4,1024,193.25,0.015393222507555038
4,1024,194.25,0.015323601488489658
4,1024,195.25,0.015494928986299783
4,1024,196.25,0.01559991855174303
4,1024,197.25,0.01549791794968769
4,1024,198.25,0.015310321061406285
4,1024,199.25,0.015237923013046384
4,1024,200.25,0.015487846510950476
4,1024,201.25,0.015428876969963312
4,1024,202.25,0.015208727505523711
4,1024,203.25,0.015577065001707524
4,1024,204.25,0.015423186006955802
4,1024,205.25,0.015351455484051257
4,1024,206.25,0.01545567502034828
4,1024,207.25,0.01537001394899562
4,1024,208.25,0.015380999073386192
4,1024,209.25,0.01558687596116215
4,1024,210.25,0.015452398569323123
4,1024,211.25,0.01532579999184236
4,1024,212.25,0.01537364098476246
4,1024,213.25,0.015237471554428339
4,1024,214.25,0.015309071051888168
4,1024,215.25,0.01550353696802631
4,1024,216.25,0.015509094402659684
4,1024,217.25,0.015432137530297041
4,1024,218.25,0.015321007464081049
4,1024,219.25,0.01540299248881638
4,1024,220.25,0.01553943200269714
4,1024,221.25,0.015375246002804488
4,1024,222.25,0.015506347990594804
4,1024,223.25,0.015437192982062697
4,1024,224.25,0.015188493474852294
4,1024,225.25,0.015314112999476492
4,1024,226.25,0.015448771533556283
4,1024,227.25,0.015621080005075783
4,1024,228.25,0.015563801513053477
4,1024,229.25,0.015283529995940626
4,1024,230.25,0.015246863011270761
4,1024,231.25,0.01538921648170799
4,1024,232.25,0.015527903975453228
4,1024,233.25,0.015474605024792254
4,1024,234.25,0.015354547533206642
4,1024,235.25,0.015624661464244127
4,1024,236.25,0.015511837496887892
4,1024,237.25,0.015169761958532035
4,1024,238.25,0.0152834850596264
4,1024,239.25,0.01536770153325051
4,1024,240.25,0.015429252991452813
4,1024,241.25,0.015613400551956147
4,1024,242.25,0.01547089102678001
4,1024,243.25,0.015352215501479805
4,1024,244.25,0.015399374009575695
4,1024,245.25,0.015321508515626192
4,1024,246.25,0.015446377510670573
4,1024,247.25,0.01555885304696858
4,1024,248.25,0.01548740704311058
4,1024,249.25,0.015291884483303875
4,1024,250.25,0.015426650526933372
4,1024,251.25,0.015478461515158415
4,1024,252.25,0.015178500034380704
4,1024,253.25,0.015538345032837242
4,1024,254.25,0.015584840963128954
4,4096,6.25,0.015931791509501636
4,4096,7.25,0.016395496495533735
4,4096,8.25,0.01558765396475792
4,4096,9.25,0.01580847753211856
4,4096,10.25,0.016012322972528636
4,4096,11.25,0.01571154303383082
4,4096,12.25,0.015550972428172827
4,4096,13.25,0.01623439695686102
4,4096,14.25,0.01592296053422615
4,4096,15.25,0.01548688649199903
4,4096,16.25,0.01582023547962308
4,4096,17.25,0.015965281054377556
4,4096,18.25,0.015516255458351225
4,4096,19.25,0.015900758502539247
4,4096,20.25,0.0160001179901883
4,4096,21.25,0.015630492998752743
4,4096,22.25,0.015799559943843633
4,4096,23.25,0.0159045520122163
4,4096,24.25,0.015660898992791772
4,4096,25.25,0.015762317983899266
4,4096,26.25,0.0160454610013403
4,4096,27.25,0.015775991545524448
4,4096,28.25,0.015552857425063848
4,4096,29.25,0.01574766350677237
4,4096,30.25,0.0158242309698835
4,4096,31.25,0.015626407985109836
4,4096,32.25,0.016016120556741953
4,4096,33.25,0.015896983968559653
4,4096,34.25,0.01586145954206586
4,4096,35.25,0.015498232445679605
4,4096,36.25,0.015903102525044233
4,4096,37.25,0.015517408028244972
4,4096,38.25,0.016214156989008188
4,4096,39.25,0.015547293005511165
4,4096,40.25,0.016113842488266528
4,4096,41.25,0.015323091996833682
4,4096,42.25,0.016245028004050255
4,4096,43.25,0.015629797475412488
4,4096,44.25,0.015515588514972478
4,4096,45.25,0.016274047491606325
4,4096,46.25,0.015293065458536148
4,4096,47.25,0.016103152534924448
4,4096,48.25,0.0158395929611288
4,4096,49.25,0.01553306746063754
4,4096,50.25,0.015769618563354015
4,4096,51.25,0.015893495467025787
4,4096,52.25,0.01571439707186073
4,4096,53.25,0.01608391001354903
4,4096,54.25,0.015444793039932847
4,4096,55.25,0.015751159517094493
4,4096,56.25,0.016164354048669338
4,4096,57.25,0.0154641869594343
4,4096,58.25,0.015705042518675327
4,4096,59.25,0.015914081479422748
4,4096,60.25,0.01567761250771582
4,4096,61.25,0.016024629992898554
4,4096,62.25,0.016040533024352044
4,4096,63.25,0.0152292795246467
4,4096,64.25,0.016049616038799286
4,4096,65.25,0.015576639445498586
4,4096,66.25,0.015961990517098457
4,4096,67.25,0.01565184397622943
4,4096,68.25,0.015873023483436555
4,4096,69.25,0.015628843451850116
4,4096,70.25,0.01604542398126796
4,4096,71.25,0.01562004053266719
4,4096,72.25,0.015636380529031157
4,4096,73.25,0.015815260005183518
4,4096,74.25,0.01608406996820122
4,4096,75.25,0.01572508498793468
4,4096,76.25,0.01574369502486661
4,4096,77.25,0.015719141461886466
4,4096,78.25,0.01596341549884528
4,4096,79.25,0.015873001015279442
4,4096,80.25,0.01573408953845501
4,4096,81.25,0.015860066516324878
4,4096,82.25,0.015721651434432715
4,4096,83.25,0.015613654046319425
4,4096,84.25,0.015841344953514636
4,4096,85.25,0.015926432504784316
4,4096,86.25,0.015384254977107048
4,4096,87.25,0.016126623493619263
4,4096,88.25,0.015768606506753713
4,4096,89.25,0.015842563472688198
4,4096,90.25,0.015800589055288583
4,4096,91.25,0.01572022750042379
4,4096,92.25,0.015558264509309083
4,4096,93.25,0.016235684975981712
4,4096,94.25,0.01571373495971784
4,4096,95.25,0.015818562533240765
4,4096,96.25,0.01583755196770653
4,4096,97.25,0.015844429028220475
4,4096,98.25,0.015823196503333747
4,4096,99.25,0.015499165572691709
4,4096,100.25,0.015968463907483965
4,4096,101.25,0.015866618021391332
4,4096,102.25,0.015710837033111602
4,4096,103.25,0.01591667899629101
4,4096,104.25,0.01581827597692609
4,4096,105.25,0.01565088256029412
4,4096,106.25,0.015740494476631284
4,4096,107.25,0.015928904991596937
4,4096,108.25,0.015514965518377721
4,4096,109.25,0.016151505522429943
4,4096,110.25,0.015481124515645206
4,4096,111.25,0.015872131451033056
4,4096,112.25,0.0159373024944216
4,4096,113.25,0.01568922947626561
4,4096,114.25,0.015785078518092632
4,4096,115.25,0.015777428983710706
4,4096,116.25,0.016060705995187163
4,4096,117.25,0.0158013854525052
4,4096,118.25,0.015642521029803902
4,4096,119.25,0.01632204750785604
4,4096,120.25,0.015232854464557022
4,4096,121.25,0.015826541057322174
4,4096,122.25,0.015803791990038007
4,4096,123.25,0.01565245253732428
4,4096,124.25,0.015710048493929207
4,4096,125.25,0.01604548649629578
4,4096,126.25,0.015674907015636563
4,4096,127.25,0.01581089000683278
4,4096,128.25,0.015941547928377986
4,4096,129.25,0.015845638525206596
4,4096,130.25,0.016040226502809674
4,4096,131.25,0.015495967003516853
4,4096,132.25,0.015547182527370751
4,4096,133.25,0.01584914099657908
4,4096,134.25,0.01599563949275762
4,4096,135.25,0.015820838452782482
4,4096,136.25,0.015470087470021099
4,4096,137.25,0.015997906564734876
4,4096,138.25,0.015967225015629083
4,4096,139.25,0.015643646533135325
4,4096,140.25,0.015991577471140772
4,4096,141.25,0.015588345006108284
4,4096,142.25,0.015666964987758547
4,4096,143.25,0.016188827983569354
4,4096,144.25,0.015534244535956532
4,4096,145.25,0.015791419020388275
4,4096,146.25,0.015849648974835873
4,4096,147.25,0.015908278990536928
4,4096,148.25,0.015676926472224295
4,4096,149.25,0.0158332780119963
4,4096,150.25,0.015843659464735538
4,4096,151.25,0.01590509503148496
4,4096,152.25,0.015854398952797055
4,4096,153.25,0.01568276697071269
4,4096,154.25,0.015900501515716314
4,4096,155.25,0.015458607987966388
4,4096,156.25,0.01598876598291099
4,4096,157.25,0.01603920798515901
4,4096,158.25,0.01606359804281965
4,4096,159.25,0.015516722050961107
4,4096,160.25,0.01574367849389091
4,4096,161.25,0.015807848947588354
4,4096,162.25,0.01586765400134027
4,4096,163.25,0.01590197451878339
4,4096,164.25,0.01571158302249387
4,4096,165.25,0.015737754467409104
4,4096,166.25,0.01588881795760244
4,4096,167.25,0.015978550480213016
4,4096,168.25,0.015534240519627929
4,4096,169.25,0.015920998994261026
4,4096,170.25,0.01587612647563219
4,4096,171.25,0.01573451404692605
4,4096,172.25,0.015903027437161654
4,4096,173.25,0.015596095472574234
4,4096,174.25,0.01596663403324783
4,4096,175.25,0.01597274700179696
4,4096,176.25,0.015524554532021284
4,4096,177.25,0.015937839460093528
4,4096,178.25,0.015760349051561207
4,4096,179.25,0.015962726494763047
4,4096,180.25,0.01597758149728179
4,4096,181.25,0.01548735547112301
4,4096,182.25,0.015951882989611477
4,4096,183.25,0.015666271501686424
4,4096,184.25,0.015739920549094677
4,4096,185.25,0.0161715954891406
4,4096,186.25,0.015651287510991096
4,4096,187.25,0.015557436039671302
4,4096,188.25,0.015839750471059233
4,4096,189.25,0.015969388419762254
4,4096,190.25,0.015863183536566794
4,4096,191.25,0.015554825018625706
4,4096,192.25,0.015829493466299027
4,4096,193.25,0.01597493002191186
4,4096,194.25,0.015779439476318657
4,4096,195.25,0.015778878005221486
4,4096,196.25,0.01599039149004966
4,4096,197.25,0.015566466492600739
4,4096,198.25,0.015842081513255835
4,4096,199.25,0.0158995550009422
4,4096,200.25,0.01564495946513489
4,4096,201.25,0.015816174040082842
4,4096,202.25,0.01585424441145733
4,4096,203.25,0.015794521023053676
4,4096,204.25,0.015867086476646364
4,4096,205.25,0.016071217542048544
4,4096,206.25,0.015630666457582265
4,4096,207.25,0.01561210205545649
4,4096,208.25,0.015987280989065766
4,4096,209.25,0.015803965972736478
4,4096,210.25,0.01579876698087901
4,4096,211.25,0.015978788083884865
4,4096,212.25,0.015609646972734481
4,4096,213.25,0.015800521010532975
4,4096,214.25,0.01585858699399978
4,4096,215.25,0.01628350600367412
4,4096,216.25,0.015268815972376615
4,4096,217.25,0.01589353004237637
4,4096,218.25,0.015884163498412818
4,4096,219.25,0.01592644752236083
4,4096,220.25,0.015694274043198675
4,4096,221.25,0.01562397595262155
4,4096,222.25,0.01607655198313296
4,4096,223.25,0.015859070525038987
4,4096,224.25,0.015751755505334586
4,4096,225.25,0.015771187958307564
4,4096,226.25,0.015812435478437692
4,4096,227.25,0.015771343023516238
4,4096,228.25,0.01606950192945078
4,4096,229.25,0.015680727490689605
4,4096,230.25,0.015773066552355886
4,4096,231.25,0.015750004444271326
4,4096,232.25,0.015812711499165744
4,4096,233.25,0.01579665602184832
4,4096,234.25,0.016040546004660428
4,4096,235.25,0.015603053965605795
4,4096,236.25,0.01615942397620529
4,4096,237.25,0.015610983537044376
4,4096,238.25,0.015732540923636407
4,4096,239.25,0.015929302549920976
4,4096,240.25,0.01573536597425118
4,4096,241.25,0.015846889989916235
4,4096,242.25,0.015835990488994867
4,4096,243.25,0.01580505247693509
4,4096,244.25,0.015866935020312667
4,4096,245.25,0.01597215497167781
4,4096,246.25,0.015825862530618906
4,4096,247.25,0.015713644970674068
4,4096,248.25,0.015844731009565294
4,4096,249.25,0.015798939974047244
4,4096,250.25,0.015654039045330137
4,4096,251.25,0.015956578426994383
4,4096,252.25,0.015629973029717803
4,4096,253.25,0.01655092154396698
4,6144,6.0,0.016204424493480474
4,6144,7.0,0.016162053507287055
4,6144,8.0,0.016451029456220567
4,6144,9.0,0.016249347012490034
4,6144,10.0,0.015804343507625163
4,6144,11.0,0.01609612803440541
4,6144,12.0,0.01604968897299841
4,6144,13.0,0.01601016806671396
4,6144,14.0,0.016099151456728578
4,6144,15.0,0.01612148800631985
4,6144,16.0,0.016195864009205252
4,6144,17.0,0.016160916013177484
4,6144,18.0,0.015972993045579642
4,6144,19.0,0.015932957991026342
4,6144,20.0,0.01605891896178946
4,6144,21.0,0.016089188517071307
4,6144,22.0,0.01599605253431946
4,6144,23.0,0.01598936499794945
4,6144,24.0,0.01605450047645718
4,6144,25.0,0.016052002552896738
4,6144,26.0,0.01606384798651561
4,6144,27.0,0.01601635047700256
4,6144,28.0,0.01609612297033891
4,6144,29.0,0.016163757536560297
4,6144,30.0,0.0160083775408566
4,6144,31.0,0.015924275037832558
4,6144,32.0,0.016123774461448193
4,6144,33.0,0.0160744670429267
4,6144,34.0,0.015969533007591963
4,6144,35.0,0.016057777509558946
4,6144,36.0,0.016039900481700897
4,6144,37.0,0.015948208572808653
4,6144,38.0,0.015963567420840263
4,6144,39.0,0.016025739023461938
4,6144,40.0,0.01613205944886431
4,6144,41.0,0.01612832205137238
4,6144,42.0,0.016064391005784273
4,6144,43.0,0.01600294647505507
4,6144,44.0,0.01595055649522692
4,6144,45.0,0.01613386644748971
4,6144,46.0,0.016016050009056926
4,6144,47.0,0.015835013997275382
4,6144,48.0,0.016078787040896714
4,6144,49.0,0.01610000745858997
4,6144,50.0,0.016023405478335917
4,6144,51.0,0.016132218996062875
4,6144,52.0,0.016085794544778764
4,6144,53.0,0.015932924463413656
4,6144,54.0,0.015936589508783072
4,6144,55.0,0.016111599514260888
4,6144,56.0,0.01612332952208817
4,6144,57.0,0.016013324493542314
4,6144,58.0,0.016048325458541512
4,6144,59.0,0.016008174512535334
4,6144,60.0,0.016033424995839596
4,6144,61.0,0.01613267755601555
4,6144,62.0,0.01600161992246285
4,6144,63.0,0.016015820030588657
4,6144,64.0,0.016113449994008988
4,6144,65.0,0.016065047995653003
4,6144,66.0,0.0160352680250071
4,6144,67.0,0.016014334512874484
4,6144,68.0,0.016000239935237914
4,6144,69.0,0.015977852512151003
4,6144,70.0,0.016073007485829294
4,6144,71.0,0.01602298254147172
4,6144,72.0,0.01611639600014314
4,6144,73.0,0.01601809897692874
4,6144,74.0,0.016092966019641608
4,6144,75.0,0.01617225696099922
4,6144,76.0,0.01605073153041303
4,6144,77.0,0.01600053149741143
4,6144,78.0,0.015884510532487184
4,6144,79.0,0.015949808002915233
4,6144,80.0,0.016092091507744044
4,6144,81.0,0.016224336519371718
4,6144,82.0,0.01599769649328664
4,6144,83.0,0.015912329545244575
4,6144,84.0,0.016050583973992616
4,6144,85.0,0.016069368517491966
4,6144,86.0,0.016181165003217757
4,6144,87.0,0.016139790997840464
4,6144,88.0,0.015917767479550093
4,6144,89.0,0.015891137009020895
4,6144,90.0,0.016214696050155908
4,6144,91.0,0.016049576981458813
4,6144,92.0,0.015875315526500344
4,6144,93.0,0.016080787521786988
4,6144,94.0,0.0160107160336338
4,6144,95.0,0.016093409503810108
4,6144,96.0,0.016054900945164263
4,6144,97.0,0.01604501553811133
4,6144,98.0,0.01609415956772864
4,6144,99.0,0.01592336146859452
4,6144,100.0,0.01598367845872417
4,6144,101.0,0.016046423523221165
4,6144,102.0,0.016010234015993774
4,6144,103.0,0.01607901247916743
4,6144,104.0,0.016041275521274656
4,6144,105.0,0.016017595015000552
4,6144,106.0,0.016095213999506086
4,6144,107.0,0.016003216558601707
4,6144,108.0,0.016082039917819202
4,6144,109.0,0.016197985503822565
4,6144,110.0,0.01602107100188732
4,6144,111.0,0.015920221514534205
4,6144,112.0,0.015990893996786326
4,6144,113.0,0.01605985499918461
4,6144,114.0,0.016027511504944414
4,6144,115.0,0.016015355999115855
4,6144,116.0,0.016015209490433335
4,6144,117.0,0.016313434520270675
4,6144,118.0,0.01616202702280134
4,6144,119.0,0.015787474520038813
4,6144,120.0,0.016120839514769614
4,6144,121.0,0.01602750748861581
4,6144,122.0,0.01591752900276333
4,6144,123.0,0.016110897006001323
4,6144,124.0,0.016018460504710674
4,6144,125.0,0.016040298447478563
4,6144,126.0,0.01619255857076496
4,6144,127.0,0.015987864520866424
4,6144,128.0,0.016061465488746762
4,6144,129.0,0.016035818494856358
4,6144,130.0,0.016036879504099488
4,6144,131.0,0.016016960493288934
4,6144,132.0,0.016091843543108553
4,6144,133.0,0.016068248951341957
4,6144,134.0,0.016045194526668638
4,6144,135.0,0.016010200488381088
4,6144,136.0,0.015967002953402698
4,6144,137.0,0.015962399484124035
4,6144,138.0,0.01600530301220715
4,6144,139.0,0.016126592527143657
4,6144,140.0,0.016027232457417995
4,6144,141.0,0.016102107998449355
4,6144,142.0,0.01616783201461658
4,6144,143.0,0.01595261850161478
4,6144,144.0,0.016003683500457555
4,6144,145.0,0.016077279520686716
4,6144,146.0,0.01612717198440805
4,6144,147.0,0.016106385039165616
4,6144,148.0,0.015989142993930727
4,6144,149.0,0.015921545505989343
4,6144,150.0,0.015974792535416782
4,6144,151.0,0.01609824999468401
4,6144,152.0,0.016064023482613266
4,6144,153.0,0.016065307485405356
4,6144,154.0,0.015996725007425994
4,6144,155.0,0.0160300275310874
4,6144,156.0,0.01607528346357867
4,6144,157.0,0.0159953375114128
4,6144,158.0,0.0160888095269911
4,6144,159.0,0.016018330003134906
4,6144,160.0,0.015998087474144995
4,6144,161.0,0.016158370941411704
4,6144,162.0,0.016017940011806786
4,6144,163.0,0.016052849066909403
4,6144,164.0,0.016070845478679985
4,6144,165.0,0.015980729018338025
4,6144,166.0,0.016084161994513124
4,6144,167.0,0.016114389523863792
4,6144,168.0,0.016033491992857307
4,6144,169.0,0.015973614994436502
4,6144,170.0,0.016082115995232016
4,6144,171.0,0.016128016519360244
4,6144,172.0,0.01603858853923157
4,6144,173.0,0.01609280554112047
4,6144,174.0,0.015993832901585847
4,6144,175.0,0.01600196649087593
4,6144,176.0,0.01619913149625063
4,6144,177.0,0.01605110301170498
4,6144,178.0,0.01615840947488323
4,6144,179.0,0.01610010099830106
4,6144,180.0,0.01605810091132298
4,6144,181.0,0.01598736847518012
4,6144,182.0,0.01599527755752206
4,6144,183.0,0.0160746454494074
4,6144,184.0,0.015964296530000865
4,6144,185.0,0.01612758805276826
4,6144,186.0,0.016058535024058074
4,6144,187.0,0.015995480469428003
4,6144,188.0,0.016184281965252012
4,6144,189.0,0.016165058535989374
4,6144,190.0,0.015989645500667393
4,6144,191.0,0.015992649947293103
4,6144,192.0,0.015963607525918633
4,6144,193.0,0.016077125968877226
4,6144,194.0,0.016262940014712512
4,6144,195.0,0.01601865002885461
4,6144,196.0,0.015887205488979816
4,6144,197.0,0.016084116068668664
4,6144,198.0,0.016102387511637062
4,6144,199.0,0.016081179026514292
4,6144,200.0,0.016148337454069406
4,6144,201.0,0.01603422698099166
4,6144,202.0,0.01593348750611767
4,6144,203.0,0.016104910988360643
4,6144,204.0,0.01618960249470547
4,6144,205.0,0.016021025483496487
4,6144,206.0,0.01603695598896593
4,6144,207.0,0.016119515523314476
4,6144,208.0,0.01605114049743861
4,6144,209.0,0.015998459537513554
4,6144,210.0,0.01602712500607595
4,6144,211.0,0.016025721037294716
4,6144,212.0,0.016139651997946203
4,6144,213.0,0.01602908648783341
4,6144,214.0,0.01604148151818663
4,6144,215.0,0.016083625494502485
4,6144,216.0,0.016034127038437873
4,6144,217.0,0.016035711974836886
4,6144,218.0,0.016011446015909314
4,6144,219.0,0.016228374501224607
4,6144,220.0,0.016099718981422484
4,6144,221.0,0.015852818498387933
4,6144,222.0,0.016009268059860915
4,6144,223.0,0.016184576437808573
4,6144,224.0,0.016037470020819455
4,6144,225.0,0.015906271059066057
4,6144,226.0,0.01610181899741292
4,6144,227.0,0.01606873149285093
4,6144,228.0,0.016026002471335232
4,6144,229.0,0.016050384496338665
4,6144,230.0,0.016061058500781655
4,6144,231.0,0.016121928521897644
4,6144,232.0,0.016077253036201
4,6144,233.0,0.015963215962983668
4,6144,234.0,0.016020631534047425
4,6144,235.0,0.016133835015352815
4,6144,236.0,0.016049729485530406
4,6144,237.0,0.016072571510449052
4,6144,238.0,0.016072986472863704
4,6144,239.0,0.01601416402263567
4,6144,240.0,0.01606694096699357
4,6144,241.0,0.016107115428894758
4,6144,242.0,0.016167560475878417
4,6144,243.0,0.015958674484863877
4,6144,244.0,0.01605039753485471
4,6144,245.0,0.016248410451225936
4,6144,246.0,0.016117499966640025
4,6144,247.0,0.016000864969100803
4,6144,248.0,0.015977554547134787
4,6144,249.0,0.01597409398527816
4,6144,250.0,0.015994400484487414
4,6144,251.0,0.016080850502476096
4,6144,252.0,0.01619223807938397
4,6144,253.0,0.01635763345984742
4,6144,254.0,0.016225111030507833
8,64,5.25,0.015321965969633311
8,64,6.25,0.015383702528197318
8,64,7.25,0.015294785494916141
8,64,8.25,0.015320451988372952
8,64,9.25,0.0154515280155465
8,64,10.25,0.015335178992245346
8,64,11.25,0.015271779557224363
8,64,12.25,0.01538228546269238
8,64,13.25,0.01564847951522097
8,64,14.25,0.015136163565330207
8,64,15.25,0.015424121054820716
8,64,16.25,0.014979703060816973
8,64,17.25,0.015549842966720462
8,64,18.25,0.014946134528145194
8,64,19.25,0.015587025962304324
8,64,20.25,0.015093477501068264
8,64,21.25,0.01532006449997425
8,64,22.25,0.015203421469777822
8,64,23.25,0.015293934498913586
8,64,24.25,0.015099212469067425
8,64,25.25,0.015292986470740288
8,64,26.25,0.015402729040943086
8,64,27.25,0.015251977485604584
8,64,28.25,0.015437410504091531
8,64,29.25,0.014822715485934168
8,64,30.25,0.016467028472106904
8,64,31.25,0.014432869502343237
8,64,32.25,0.015020875027403235
8,64,33.25,0.015097448485903442
8,64,34.25,0.015359777491539717
8,64,35.25,0.01524022250669077
8,64,36.25,0.015071023546624929
8,64,37.25,0.015547922463156283
8,64,38.25,0.015048717963509262
8,64,39.25,0.01534736156463623
8,64,40.25,0.015332071459852159
8,64,41.25,0.015018712496384978
8,64,42.25,0.015361196477897465
8,64,43.25,0.015091895475052297
8,64,44.25,0.01589386200066656
8,64,45.25,0.014846091449726373
8,64,46.25,0.015138503105845302
8,64,47.25,0.01518100593239069
8,64,48.25,0.01524222397711128
8,64,49.25,0.015228142496198416
8,64,50.25,0.015474927960895002
8,64,51.25,0.015678703493904322
8,64,52.25,0.014848724007606506
8,64,53.25,0.015329058980569243
8,64,54.25,0.0150464455364272
8,64,55.25,0.01516435097437352
8,64,56.25,0.015185107011348009
8,64,57.25,0.015299129474442452
8,64,58.25,0.01526604953687638
8,64,59.25,0.015261776570696384
8,64,60.25,0.015257527003996074
8,64,61.25,0.015270801435690373
8,64,62.25,0.015137742040678859
8,64,63.25,0.015765875985380262
8,64,64.25,0.015113112924154848
8,64,65.25,0.015177770459558815
8,64,66.25,0.015243350469972938
8,64,67.25,0.015351384994573891
8,64,68.25,0.01532516349107027
8,64,69.25,0.015276435995474458
8,64,70.25,0.01535588048864156
8,64,71.25,0.015244902984704822
8,64,72.25,0.015429003571625799
8,64,73.25,0.015419949078932405
8,64,74.25,0.015240242530126125
8,64,75.25,0.015270921925548464
8,64,76.25,0.015498815977480263
8,64,77.25,0.015170875994954258
8,64,78.25,0.015365096973255277
8,64,79.25,0.015306634537409991
8,64,80.25,0.01540023845154792
8,64,81.25,0.01573801296763122
8,64,82.25,0.014964552014134824
8,64,83.25,0.015212451457045972
8,64,84.25,0.015414738038089126
8,64,85.25,0.015409993007779121
8,64,86.25,0.015269468480255455
8,64,87.25,0.01519981399178505
8,64,88.25,0.015229963522870094
8,64,89.25,0.015437710972037166
8,64,90.25,0.015242468507494777
8,64,91.25,0.015267479000613093
8,64,92.25,0.015682960976846516
8,64,93.25,0.015208549506496638
8,64,94.25,0.015254696540068835
8,64,95.25,0.015392247471027076
8,64,96.25,0.01540906197624281
8,64,97.25,0.015575126046314836
8,64,98.25,0.01497381244553253
8,64,99.25,0.015483498573303223
8,64,100.25,0.01517641101963818
8,64,101.25,0.015250194468535483
8,64,102.25,0.015456446504686028
8,64,103.25,0.015561341482680291
8,64,104.25,0.015111747023183852
8,64,105.25,0.015407461964059621
8,64,106.25,0.015348464483395219
8,64,107.25,0.01540339452913031
8,64,108.25,0.015311572991777211
8,64,109.25,0.01527284603798762
8,64,110.25,0.015207029005978256
8,64,111.25,0.015393569017760456
8,64,112.25,0.015279520011972636
8,64,113.25,0.015480077476240695
8,64,114.25,0.015341370017267764
8,64,115.25,0.01517060655169189
8,64,116.25,0.015335313451942056
8,64,117.25,0.015340649988502264
8,64,118.25,0.015280807507224381
8,64,119.25,0.015520928020123392
8,64,120.25,0.015498001012019813
8,64,121.25,0.01501365250442177
8,64,122.25,0.01524818455800414
8,64,123.25,0.015505191462580115
8,64,124.25,0.015100819000508636
8,64,125.25,0.015405377489514649
8,64,126.25,0.015332519949879497
8,64,127.25,0.01534037507371977
8,64,128.25,0.01533474848838523
8,64,129.25,0.015376823022961617
8,64,130.25,0.015405256999656558
8,64,131.25,0.015211741032544523
8,64,132.25,0.015159462986048311
8,64,133.25,0.015216628962662071
8,64,134.25,0.015650430985260755
8,64,135.25,0.015301631996408105
8,64,136.25,0.015313429001253098
8,64,137.25,0.015443597978446633
8,64,138.25,0.015009669994469732
8,64,139.25,0.015337728487793356
8,64,140.25,0.015709460014477372
8,64,141.25,0.014808598556555808
8,64,142.25,0.0159351754700765
8,64,143.25,0.015145067998673767
8,64,144.25,0.015463707037270069
8,64,145.25,0.014984353038016707
8,64,146.25,0.015269079012796283
8,64,147.25,0.015703359968028963
8,64,148.25,0.015102400502655655
8,64,149.25,0.015277915459591895
8,64,150.25,0.01532993296859786
8,64,151.25,0.015387920488137752
8,64,152.25,0.015150313964113593
8,64,153.25,0.01571532350499183
8,64,154.25,0.015024149499367923
8,64,155.25,0.015130326442886144
8,64,156.25,0.015501368965487927
8,64,157.25,0.015148361504543573
8,64,158.25,0.015507011499721557
8,64,159.25,0.01528903195867315
8,64,160.25,0.015603183070197701
8,64,161.25,0.014934014470782131
8,64,162.25,0.015588238020427525
8,64,163.25,0.015083508973475546
8,64,164.25,0.015245835995301604
8,64,165.25,0.015305524982977659
8,64,166.25,0.015830891556106508
8,64,167.25,0.014872630534227937
8,64,168.25,0.015639621065929532
8,64,169.25,0.015523823560215533
8,64,170.25,0.015311596042010933
8,64,171.25,0.01514532754663378
8,64,172.25,0.015223222435452044
8,64,173.25,0.015689731517340988
8,64,174.25,0.015203484508674592
8,64,175.25,0.01566447998629883
8,64,176.25,0.014948576979804784
8,64,177.25,0.015034000971354544
8,64,178.25,0.01608803600538522
8,64,179.25,0.01477410551160574
8,64,180.25,0.015123712015338242
8,64,181.25,0.015603899024426937
8,64,182.25,0.015043166989926249
8,64,183.25,0.01540090749040246
8,64,184.25,0.015182731032837182
8,64,185.25,0.015348243003245443
8,64,186.25,0.01572143449448049
8,64,187.25,0.015000952524133027
8,64,188.25,0.015152011474128813
8,64,189.25,0.015432767511811107
8,64,190.25,0.015268346469383687
8,64,191.25,0.015521937457378954
8,64,192.25,0.015546289563644677
8,64,193.25,0.015310443937778473
8,64,194.25,0.015426359488628805
8,64,195.25,0.015340363490395248
8,64,196.25,0.01503668405348435
8,64,197.25,0.015192544495221227
8,64,198.25,0.015804721508175135
8,64,199.25,0.014935950981453061
8,64,200.25,0.01547968399245292
8,64,201.25,0.015418134513311088
8,64,202.25,0.015144060016609728
8,64,203.25,0.015411879983730614
8,64,204.25,0.015229299548082054
8,64,205.25,0.015359905490186065
8,64,206.25,0.015589901537168771
8,64,207.25,0.015209868550300598
8,64,208.25,0.01567159401020035
8,64,209.25,0.01505513145821169
8,64,210.25,0.015639116463717073
8,64,211.25,0.015018003527075052
8,64,212.25,0.01562578702578321
8,64,213.25,0.015333827992435545
8,64,214.25,0.015452336519956589
8,64,215.25,0.01519129000371322
8,64,216.25,0.01551083946833387
8,64,217.25,0.015003617911133915
8,64,218.25,0.015252160024829209
8,64,219.25,0.015538314473815262
8,64,220.25,0.015328252047766
8,64,221.25,0.015382798505015671
8,64,222.25,0.015254157537128776
8,64,223.25,0.01560600649099797
8,64,224.25,0.015243526548147202
8,64,225.25,0.015283070504665375
8,64,226.25,0.015152935520745814
8,64,227.25,0.015769462566822767
8,64,228.25,0.015084598970133811
8,64,229.25,0.015619892976246774
8,64,230.25,0.015263265988323838
8,64,231.25,0.015765914518851787
8,64,232.25,0.015020165010355413
8,64,233.25,0.015215861552860588
8,64,234.25,0.015476410975679755
8,64,235.25,0.015219694003462791
8,64,236.25,0.01533661101711914
8,64,237.25,0.01518957904772833
8,64,238.25,0.015335976961068809
8,64,239.25,0.015685584512539208
8,64,240.25,0.01502516504842788
8,64,241.25,0.015622766979504377
8,64,242.25,0.015133072040043771
8,64,243.25,0.01545294898096472
8,64,244.25,0.01545104052638635
8,64,245.25,0.01507840707199648
8,64,246.25,0.015486655524000525
8,64,247.25,0.015207676973659545
8,64,248.25,0.015976798487827182
8,64,249.25,0.015222262474708259
8,64,250.25,0.014835746493190527
8,64,251.25,0.015643236984033138
8,64,252.25,0.01540098647819832
8,64,253.25,0.015345189487561584
8,256,5.25,0.015139119524974376
8,256,6.25,0.015559955965727568
8,256,7.25,0.0157243279973045
8,256,8.25,0.015148936538025737
8,256,9.25,0.015380359487608075
8,256,10.25,0.015342878527007997
8,256,11.25,0.015527214447502047
8,256,12.25,0.015310670947656035
8,256,13.25,0.015683024481404573
8,256,14.25,0.015490714460611343
8,256,15.25,0.015349887020420283
8,256,16.25,0.015211467980407178
8,256,17.25,0.015380682481918484
8,256,18.25,0.015295718447305262
8,256,19.25,0.015419205476064235
8,256,20.25,0.015354191476944834
8,256,21.25,0.015440083981957287
8,256,22.25,0.015422071504872292
8,256,23.25,0.015142640040721744
8,256,24.25,0.015406958933454007
8,256,25.25,0.015370480017736554
8,256,26.25,0.01523815601831302
8,256,27.25,0.01537348801502958
8,256,28.25,0.015504490002058446
8,256,29.25,0.015661678567994386
8,256,30.25,0.015175414504483342
8,256,31.25,0.015148550504818559
8,256,32.25,0.015235222002957016
8,256,33.25,0.015453519998118281
8,256,34.25,0.015326604945585132
8,256,35.25,0.01505342248128727
8,256,36.25,0.01532347098691389
8,256,37.25,0.01527535350760445
8,256,38.25,0.015394344518426806
8,256,39.25,0.015637787990272045
8,256,40.25,0.01523971848655492
8,256,41.25,0.01534652046393603
8,256,42.25,0.01526493503479287
8,256,43.25,0.015265546506270766
8,256,44.25,0.015992350527085364
8,256,45.25,0.015125241014175117
8,256,46.25,0.015188522462267429
8,256,47.25,0.01563248148886487
8,256,48.25,0.014912621525581926
8,256,49.25,0.015520818997174501
8,256,50.25,0.015365461469627917
8,256,51.25,0.015222716494463384
8,256,52.25,0.015362681995611638
8,256,53.25,0.015424601500853896
8,256,54.25,0.015156698471400887
8,256,55.25,0.015461557544767857
8,256,56.25,0.015302619489375502
8,256,57.25,0.015466339013073593
8,256,58.25,0.015162155032157898
8,256,59.25,0.015554687532130629
8,256,60.25,0.01515403197845444
8,256,61.25,0.015307797002606094
8,256,62.25,0.015358978940639645
8,256,63.25,0.01527973246993497
8,256,64.25,0.015625342493876815
8,256,65.25,0.01537222950719297
8,256,66.25,0.015359687502495944
8,256,67.25,0.015102136007044464
8,256,68.25,0.015590717550367117
8,256,69.25,0.01516483846353367
8,256,70.25,0.015325581014622003
8,256,71.25,0.0155415820190683
8,256,72.25,0.015337071497924626
8,256,73.25,0.015301951498258859
8,256,74.25,0.015208606026135385
8,256,75.25,0.015392693516332656
8,256,76.25,0.01539246499305591
8,256,77.25,0.015231955447234213
8,256,78.25,0.015384937985800207
8,256,79.25,0.015408109524287283
8,256,80.25,0.015432654996402562
8,256,81.25,0.015432537999004126
8,256,82.25,0.015236806531902403
8,256,83.25,0.015299358521588147
8,256,84.25,0.01526486745569855
8,256,85.25,0.015554821526166052
8,256,86.25,0.015119543473701924
8,256,87.25,0.015476919012144208
8,256,88.25,0.015284477034583688
8,256,89.25,0.016494444978889078
8,256,90.25,0.014275473018642515
8,256,91.25,0.015334019437432289
8,256,92.25,0.015242106514051557
8,256,93.25,0.01532997447066009
8,256,94.25,0.015396372531540692
8,256,95.25,0.015260922547895461
8,256,96.25,0.01542472344590351
8,256,97.25,0.015315445023588836
8,256,98.25,0.015596557990647852
8,256,99.25,0.015155479486566037
8,256,100.25,0.015382592449896038
8,256,101.25,0.015256854530889541
8,256,102.25,0.015395665541291237
8,256,103.25,0.015540343534667045
8,256,104.25,0.015616205462720245
8,256,105.25,0.014985737507231534
8,256,106.25,0.015430215978994966
8,256,107.25,0.015210718964226544
8,256,108.25,0.015606357017531991
8,256,109.25,0.015177086519543082
8,256,110.25,0.015439319482538849
8,256,111.25,0.015330566500779241
8,256,112.25,0.015405898448079824
8,256,113.25,0.015158886031713337
8,256,114.25,0.015601461520418525
8,256,115.25,0.015219490567687899
8,256,116.25,0.01533158152597025
8,256,117.25,0.015281631029210985
8,256,118.25,0.015342811006121337
8,256,119.25,0.015509760996792465
8,256,120.25,0.015214770450256765
8,256,121.25,0.015629788511432707
8,256,122.25,0.01491258351597935
8,256,123.25,0.015834779012948275
8,256,124.25,0.014870819984935224
8,256,125.25,0.01583850698079914
8,256,126.25,0.015111304528545588
8,256,127.25,0.01530306547647342
8,256,128.25,0.01517818949650973
8,256,129.25,0.015671320026740432
8,256,130.25,0.015286539506632835
8,256,131.25,0.01543849502922967
8,256,132.25,0.015367228537797928
8,256,133.25,0.015129268052987754
8,256,134.25,0.01543102297000587
8,256,135.25,0.01519791252212599
8,256,136.25,0.01567410654388368
8,256,137.25,0.015378142008557916
8,256,138.25,0.015039637393783778
8,256,139.25,0.015539209067355841
8,256,140.25,0.015128671017009765
8,256,141.25,0.015349850989878178
8,256,142.25,0.01536594849312678
8,256,143.25,0.015397685463540256
8,256,144.25,0.015775662497617304
8,256,145.25,0.015080527984537184
8,256,146.25,0.015360320045147091
8,256,147.25,0.015403524972498417
8,256,148.25,0.015234533988405019
8,256,149.25,0.01525256602326408
8,256,150.25,0.015290774987079203
8,256,151.25,0.01551439258037135
8,256,152.25,0.015518905478529632
8,256,153.25,0.0151068459963426
8,256,154.25,0.01579654001398012
8,256,155.25,0.015212197497021407
8,256,156.25,0.015058211982250214
8,256,157.25,0.01569933450082317
8,256,158.25,0.014982897497247905
8,256,159.25,0.015554901503492147
8,256,160.25,0.015594936499837786
8,256,161.25,0.014948194962926209
8,256,162.25,0.01569138705963269
8,256,163.25,0.015384125465061516
8,256,164.25,0.015125032514333725
8,256,165.25,0.015264185494743288
8,256,166.25,0.015297427482437342
8,256,167.25,0.01552576245740056
8,256,168.25,0.015190834528766572
8,256,169.25,0.015659381460864097
8,256,170.25,0.015338096476625651
8,256,171.25,0.015096298477146775
8,256,172.25,0.015699325071182102
8,256,173.25,0.015289439004845917
8,256,174.25,0.015087453473825008
8,256,175.25,0.015691941021941602
8,256,176.25,0.015146307996474206
8,256,177.25,0.015272142016328871
8,256,178.25,0.0156294695334509
8,256,179.25,0.015054940478876233
8,256,180.25,0.015299135528039187
8,256,181.25,0.015404693491291255
8,256,182.25,0.015368686057627201
8,256,183.25,0.01566834351979196
8,256,184.25,0.015403370489366353
8,256,185.25,0.015239281463436782
8,256,186.25,0.015364237944595516
8,256,187.25,0.015207270043902099
8,256,188.25,0.015355302952229977
8,256,189.25,0.015349801513366401
8,256,190.25,0.015393641020637006
8,256,191.25,0.015403750003315508
8,256,192.25,0.015429638035129756
8,256,193.25,0.015348716988228261
8,256,194.25,0.015290419512894005
8,256,195.25,0.015398663526866585
8,256,196.25,0.015337498509325087
8,256,197.25,0.015390507993288338
8,256,198.25,0.015408225008286536
8,256,199.25,0.015287590504158288
8,256,200.25,0.015423921053297818
8,256,201.25,0.015241669490933418
8,256,202.25,0.015452485531568527
8,256,203.25,0.01543517003301531
8,256,204.25,0.015441299474332482
8,256,205.25,0.015104827471077442
8,256,206.25,0.015320500999223441
8,256,207.25,0.015448111458681524
8,256,208.25,0.01535370951751247
8,256,209.25,0.015355100913438946
8,256,210.25,0.015405520040076226
8,256,211.25,0.015276676509529352
8,256,212.25,0.01543775707250461
8,256,213.25,0.015424323442857713
8,256,214.25,0.015307851077523082
8,256,215.25,0.01548135350458324
8,256,216.25,0.015218825486954302
8,256,217.25,0.015401439042761922
8,256,218.25,0.01544364303117618
8,256,219.25,0.015356215473730117
8,256,220.25,0.015287478978279978
8,256,221.25,0.015577227517496794
8,256,222.25,0.015122510958462954
8,256,223.25,0.015527588489931077
8,256,224.25,0.015215502993669361
8,256,225.25,0.015236397448461503
8,256,226.25,0.015482824528589845
8,256,227.25,0.01547190803103149
8,256,228.25,0.015299236518330872
8,256,229.25,0.015516588988248259
8,256,230.25,0.015161774004809558
8,256,231.25,0.015327122004237026
8,256,232.25,0.015372628520708531
8,256,233.25,0.015352785994764417
8,256,234.25,0.015468312543816864
8,256,235.25,0.015431948471814394
8,256,236.25,0.015354762086644769
8,256,237.25,0.015163864009082317
8,256,238.25,0.015486931544728577
8,256,239.25,0.015338185941800475
8,256,240.25,0.015178537461906672
8,256,241.25,0.01560752303339541
8,256,242.25,0.015209766977932304
8,256,243.25,0.015310548013076186
8,256,244.25,0.015494833991397172
8,256,245.25,0.01536129298619926
8,256,246.25,0.01532042003236711
8,256,247.25,0.015781311492901295
8,256,248.25,0.014988120005000383
8,256,249.25,0.01540246355580166
8,256,250.25,0.015253009973093867
8,256,251.25,0.015191365557257086
8,256,252.25,0.015505721501540393
8,256,253.25,0.01609979895874858
8,1024,5.25,0.015736187517177314
8,1024,6.25,0.015510601457208395
8,1024,7.25,0.01562823203857988
8,1024,8.25,0.015614067029673606
8,1024,9.25,0.01555155246751383
8,1024,10.25,0.015786702453624457
8,1024,11.25,0.01545522699598223
8,1024,12.25,0.015471201506443322
8,1024,13.25,0.015634969458915293
8,1024,14.25,0.015495873987674713
8,1024,15.25,0.01560269546462223
8,1024,16.25,0.015342631959356368
8,1024,17.25,0.01564863044768572
8,1024,18.25,0.01565997552825138
8,1024,19.25,0.015648155997041613
8,1024,20.25,0.015297685516998172
8,1024,21.25,0.015378112555481493
8,1024,22.25,0.015470171987544745
8,1024,23.25,0.015540779975708574
8,1024,24.25,0.0158418319770135
8,1024,25.25,0.015311642491724342
8,1024,26.25,0.015371624962426722
8,1024,27.25,0.015859141538385302
8,1024,28.25,0.015415448928251863
8,1024,29.25,0.015851750038564205
8,1024,30.25,0.015244084934238344
8,1024,31.25,0.015659985947422683
8,1024,32.25,0.01583897351520136
8,1024,33.25,0.015169501479249448
8,1024,34.25,0.015542737441137433
8,1024,35.25,0.015165515011176467
8,1024,36.25,0.015513168007601053
8,1024,37.25,0.01580297655891627
8,1024,38.25,0.015409048472065479
8,1024,39.25,0.015437248046509922
8,1024,40.25,0.0154004410142079
8,1024,41.25,0.015936153009533882
8,1024,42.25,0.015376144496258348
8,1024,43.25,0.015192747989203781
8,1024,44.25,0.015900805476121604
8,1024,45.25,0.015383986465167254
8,1024,46.25,0.015471913036890328
8,1024,47.25,0.015566778485663235
8,1024,48.25,0.015373956470284611
8,1024,49.25,0.015586214023642242
8,1024,50.25,0.015747349534649402
8,1024,51.25,0.015153564512729645
8,1024,52.25,0.01572286000009626
8,1024,53.25,0.015479178982786834
8,1024,54.25,0.015583167027216405
8,1024,55.25,0.015349071472883224
8,1024,56.25,0.015449720027390867
8,1024,57.25,0.016036944987718016
8,1024,58.25,0.015404905017931014
8,1024,59.25,0.015622114471625537
8,1024,60.25,0.015107035462278873
8,1024,61.25,0.015461048926226795
8,1024,62.25,0.015696001530159265
8,1024,63.25,0.015664478996768594
8,1024,64.25,0.015245579008478671
8,1024,65.25,0.01564839849015698
8,1024,66.25,0.015850496012717485
8,1024,67.25,0.015354470466263592
8,1024,68.25,0.015455732005648315
8,1024,69.25,0.015200504974927753
8,1024,70.25,0.01578087900998071
8,1024,71.25,0.015456637542229146
8,1024,72.25,0.015829620009753853
8,1024,73.25,0.01564460399094969
8,1024,74.25,0.01495180546771735
8,1024,75.25,0.01563851907849312
8,1024,76.25,0.015360849967692047
8,1024,77.25,0.015786345989909023
8,1024,78.25,0.015236434468533844
8,1024,79.25,0.01602108246879652
8,1024,80.25,0.01535302452975884
8,1024,81.25,0.015563057502731681
8,1024,82.25,0.015201905451249331
8,1024,83.25,0.015712873020675033
8,1024,84.25,0.015489115030504763
8,1024,85.25,0.01591107895364985
8,1024,86.25,0.015593762567732483
8,1024,87.25,0.015043577004689723
8,1024,88.25,0.015525955939665437
8,1024,89.25,0.015597980003803968
8,1024,90.25,0.015599348000250757
8,1024,91.25,0.015368497523013502
8,1024,92.25,0.01594020245829597
8,1024,93.25,0.015306345478165895
8,1024,94.25,0.015518362517468631
8,1024,95.25,0.015506602532695979
8,1024,96.25,0.015366696985438466
8,1024,97.25,0.01591006648959592
8,1024,98.25,0.01531216548755765
8,1024,99.25,0.01568204804789275
8,1024,100.25,0.015273262979462743
8,1024,101.25,0.015441632480360568
8,1024,102.25,0.01571287849219516
8,1024,103.25,0.015344243438448757
8,1024,104.25,0.015504784532822669
8,1024,105.25,0.015735989552922547
8,1024,106.25,0.015253774006851017
8,1024,107.25,0.015584325999952853
8,1024,108.25,0.01563171501038596
8,1024,109.25,0.01540658000158146
8,1024,110.25,0.015653784037567675
8,1024,111.25,0.015400079486425966
8,1024,112.25,0.01573253597598523
8,1024,113.25,0.015689557534642518
8,1024,114.25,0.015205445000901818
8,1024,115.25,0.015576969075482339
8,1024,116.25,0.015423216042108834
8,1024,117.25,0.015485685493331403
8,1024,118.25,0.01592619199072942
8,1024,119.25,0.015259780513588339
8,1024,120.25,0.015620561491232365
8,1024,121.25,0.015502632013522089
8,1024,122.25,0.0152821124647744
8,1024,123.25,0.015675505506806076
8,1024,124.25,0.015662291494663805
8,1024,125.25,0.015516137995291501
8,1024,126.25,0.015590743510983884
8,1024,127.25,0.015510745521169156
8,1024,128.25,0.015329997520893812
8,1024,129.25,0.015868239453993738
8,1024,130.25,0.015407999511808157
8,1024,131.25,0.01526870601810515
8,1024,132.25,0.015724164433777332
8,1024,133.25,0.015524085087236017
8,1024,134.25,0.015380327997263521
8,1024,135.25,0.01572051551192999
8,1024,136.25,0.015526618051808327
8,1024,137.25,0.015447399055119604
8,1024,138.25,0.01550299598602578
8,1024,139.25,0.015411911997944117
8,1024,140.25,0.015552304510492831
8,1024,141.25,0.015476538974326104
8,1024,142.25,0.015665118000470102
8,1024,143.25,0.015617466939147562
8,1024,144.25,0.015398532501421869
8,1024,145.25,0.015607411973178387
8,1024,146.25,0.015437204972840846
8,1024,147.25,0.015465812990441918
8,1024,148.25,0.015635012998245656
8,1024,149.25,0.01565607899101451
8,1024,150.25,0.015376177558209747
8,1024,151.25,0.015590045542921871
8,1024,152.25,0.01599858043482527
8,1024,153.25,0.015184719522949308
8,1024,154.25,0.015495845000259578
8,1024,155.25,0.015516766987275332
8,1024,156.25,0.015654503018595278
8,1024,157.25,0.015834502468351275
8,1024,158.25,0.015134384448174387
8,1024,159.25,0.015548463969025761
8,1024,160.25,0.01553036697441712
8,1024,161.25,0.0155005605192855
8,1024,162.25,0.01552711648400873
8,1024,163.25,0.01577847549924627
8,1024,164.25,0.0152811260195449
8,1024,165.25,0.015548318973742425
8,1024,166.25,0.015541092958301306
8,1024,167.25,0.015517688996624202
8,1024,168.25,0.015534790931269526
8,1024,169.25,0.015475693508051336
8,1024,170.25,0.015700506046414375
8,1024,171.25,0.015644301485735923
8,1024,172.25,0.015531640034168959
8,1024,173.25,0.015495285508222878
8,1024,174.25,0.015367847518064082
8,1024,175.25,0.015834119461942464
8,1024,176.25,0.015399463474750519
8,1024,177.25,0.015616546501405537
8,1024,178.25,0.01543008501175791
8,1024,179.25,0.015392093977425247
8,1024,180.25,0.015593505988363177
8,1024,181.25,0.01557677099481225
8,1024,182.25,0.01568235002923757
8,1024,183.25,0.015389506006613374
8,1024,184.25,0.015460798982530832
8,1024,185.25,0.01577207649825141
8,1024,186.25,0.015460079011972994
8,1024,187.25,0.015556987491436303
8,1024,188.25,0.015450526494532824
8,1024,189.25,0.015715411980636418
8,1024,190.25,0.015470014535821974
8,1024,191.25,0.015616119490005076
8,1024,192.25,0.01556021103169769
8,1024,193.25,0.01544692093739286
8,1024,194.25,0.01572351501090452
8,1024,195.25,0.015386773447971791
8,1024,196.25,0.015468139026779681
8,1024,197.25,0.015442661533597857
8,1024,198.25,0.015693297958932817
8,1024,199.25,0.0154109220020473
8,1024,200.25,0.015683105564676225
8,1024,201.25,0.015459073008969426
8,1024,202.25,0.015925084939226508
8,1024,203.25,0.015530279488302767
8,1024,204.25,0.015230257587973028
8,1024,205.25,0.01548793149413541
8,1024,206.25,0.01563095551682636
8,1024,207.25,0.015490824007429183
8,1024,208.25,0.015939437435008585
8,1024,209.25,0.015262382512446493
8,1024,210.25,0.01557896303711459
8,1024,211.25,0.015548630035482347
8,1024,212.25,0.01555652596289292
8,1024,213.25,0.015664815437048674
8,1024,214.25,0.015317183570005
8,1024,215.25,0.01554330752696842
8,1024,216.25,0.01569336449028924
8,1024,217.25,0.015489345008973032
8,1024,218.25,0.015358745004050434
8,1024,219.25,0.015567266498692334
8,1024,220.25,0.015710804029367864
8,1024,221.25,0.015404552512336522
8,1024,222.25,0.015740452043246478
8,1024,223.25,0.015576238976791501
8,1024,224.25,0.015498394495807588
8,1024,225.25,0.015385706501547247
8,1024,226.25,0.015598115511238575
8,1024,227.25,0.015634038427378982
8,1024,228.25,0.01555001107044518
8,1024,229.25,0.015501304529607296
8,1024,230.25,0.01563412247924134
8,1024,231.25,0.015462055976968259
8,1024,232.25,0.015552000026218593
8,1024,233.25,0.015551282500382513
8,1024,234.25,0.01548090553842485
8,1024,235.25,0.015835962956771255
8,1024,236.25,0.015163835021667182
8,1024,237.25,0.01590373198268935
8,1024,238.25,0.015536033548414707
8,1024,239.25,0.01558594248490408
8,1024,240.25,0.015552717028185725
8,1024,241.25,0.015702223929110914
8,1024,242.25,0.015167898498475552
8,1024,243.25,0.01563870656536892
8,1024,244.25,0.015438720991369337
8,1024,245.25,0.015949198976159096
8,1024,246.25,0.015468363475520164
8,1024,247.25,0.015462999988812953
8,1024,248.25,0.015414418012369424
8,1024,249.25,0.015563476015813649
8,1024,250.25,0.01562761451350525
8,1024,251.25,0.01553219702327624
8,1024,252.25,0.015312109957449138
8,1024,253.25,0.016198184515815228
8,4096,6.375,0.016226461972109973
8,4096,7.375,0.016281233576592058
8,4096,8.375,0.016684681992046535
8,4096,9.375,0.01606912596616894
8,4096,10.375,0.016584473487455398
8,4096,11.375,0.016148835537023842
8,4096,12.375,0.015969794476404786
8,4096,13.375,0.016527065949048847
8,4096,14.375,0.016012848005630076
8,4096,15.375,0.016498411539942026
8,4096,16.375,0.01623592054238543
8,4096,17.375,0.01657763496041298
8,4096,18.375,0.016166340501513332
8,4096,19.375,0.015981849981471896
8,4096,20.375,0.016018068010453135
8,4096,21.375,0.01641086646122858
8,4096,22.375,0.016696247505024076
8,4096,23.375,0.016018278489354998
8,4096,24.375,0.01624597405316308
8,4096,25.375,0.01609910250408575
8,4096,26.375,0.016250539978500456
8,4096,27.375,0.016234259062912315
8,4096,28.375,0.016570668492931873
8,4096,29.375,0.016217873489949852
8,4096,30.375,0.016153160016983747
8,4096,31.375,0.016297515539918095
8,4096,32.375,0.016303626005537808
8,4096,33.375,0.016338553512468934
8,4096,34.375,0.01615437591681257
8,4096,35.375,0.01588825206272304
8,4096,36.375,0.016448731999844313
8,4096,37.375,0.016179063997697085
8,4096,38.375,0.0167491965694353
8,4096,39.375,0.01586670899996534
8,4096,40.375,0.016436348960269243
8,4096,41.375,0.015988465049304068
8,4096,42.375,0.016631946491543204
8,4096,43.375,0.016272629552986473
8,4096,44.375,0.015747530502267182
8,4096,45.375,0.01607551152119413
8,4096,46.375,0.016507724474649876
8,4096,47.375,0.016146737965755165
8,4096,48.375,0.016737554979044944
8,4096,49.375,0.01582195603987202
8,4096,50.375,0.016228619031608105
8,4096,51.375,0.016105841961689293
8,4096,52.375,0.016744859982281923
8,4096,53.375,0.016389138996601105
8,4096,54.375,0.015733606938738376
8,4096,55.375,0.01647451351163909
8,4096,56.375,0.015844222449231893
8,4096,57.375,0.01640905998647213
8,4096,58.375,0.016517293988727033
8,4096,59.375,0.016292744548991323
8,4096,60.375,0.01583179651061073
8,4096,61.375,0.016148815513588488
8,4096,62.375,0.016588334925472736
8,4096,63.375,0.016228942549787462
8,4096,64.375,0.016511855996213853
8,4096,65.375,0.01605009095510468
8,4096,66.375,0.016009073005989194
8,4096,67.375,0.01627828599885106
8,4096,68.375,0.016563825542107224
8,4096,69.375,0.015995943045709282
8,4096,70.375,0.01615317346295342
8,4096,71.375,0.01661282201530412
8,4096,72.375,0.016123352979775518
8,4096,73.375,0.016441051033325493
8,4096,74.375,0.016261962533462793
8,4096,75.375,0.01600265345769003
8,4096,76.375,0.016122450528200716
8,4096,77.375,0.016835513059049845
8,4096,78.375,0.015831558499485254
8,4096,79.375,0.01642081356840208
8,4096,80.375,0.016008211532607675
8,4096,81.375,0.016351349477190524
8,4096,82.375,0.016247595543973148
8,4096,83.375,0.01624029641970992
8,4096,84.375,0.01654276205226779
8,4096,85.375,0.016272071981802583
8,4096,86.375,0.01597505749668926
8,4096,87.375,0.01632145349867642
8,4096,88.375,0.016119633975904435
8,4096,89.375,0.016779927478637546
8,4096,90.375,0.015947165025863796
8,4096,91.375,0.016370272962376475
8,4096,92.375,0.01604836602928117
8,4096,93.375,0.01627366797765717
8,4096,94.375,0.01653987605823204
8,4096,95.375,0.016289106046315283
8,4096,96.375,0.016047431505285203
8,4096,97.375,0.016239742981269956
8,4096,98.375,0.01658318447880447
8,4096,99.375,0.016163695545401424
8,4096,100.375,0.016211614420171827
8,4096,101.375,0.016057824483141303
8,4096,102.375,0.016254891466815025
8,4096,103.375,0.01633934851270169
8,4096,104.375,0.016489856003317982
8,4096,105.375,0.016360377019736916
8,4096,106.375,0.015856700018048286
8,4096,107.375,0.016347463009878993
8,4096,108.375,0.016340722504537553
8,4096,109.375,0.016252087021712214
8,4096,110.375,0.01644596498226747
8,4096,111.375,0.016184251056984067
8,4096,112.375,0.015922004997264594
8,4096,113.375,0.016283147502690554
8,4096,114.375,0.016146570444107056
8,4096,115.375,0.016712642507627606
8,4096,116.375,0.0162055540131405
8,4096,117.375,0.016173093987163156
8,4096,118.375,0.016242682992015034
8,4096,119.375,0.016124798508826643
8,4096,120.375,0.016609107959084213
8,4096,121.375,0.01608045946341008
8,4096,122.375,0.016327310993801802
8,4096,123.375,0.01603643299313262
8,4096,124.375,0.01655876904260367
8,4096,125.375,0.015915162453893572
8,4096,126.375,0.016279021510854363
8,4096,127.375,0.016240085940808058
8,4096,128.375,0.016363200964406133
8,4096,129.375,0.0164633680251427
8,4096,130.375,0.016124533489346504
8,4096,131.375,0.016199237026739866
8,4096,132.375,0.016251822002232075
8,4096,133.375,0.01644787355326116
8,4096,134.375,0.016492779017426074
8,4096,135.375,0.01620650797849521
8,4096,136.375,0.01616602553986013
8,4096,137.375,0.01611113897524774
8,4096,138.375,0.0162618100293912
8,4096,139.375,0.01648242649389431
8,4096,140.375,0.016142598469741642
8,4096,141.375,0.016657772997859865
8,4096,142.375,0.016640899528283626
8,4096,143.375,0.015506154508329928
8,4096,144.375,0.016289413499180228
8,4096,145.375,0.01648666796972975
8,4096,146.375,0.01606577349593863
8,4096,147.375,0.016494094976224005
8,4096,148.375,0.01613693352555856
8,4096,149.375,0.016399253450799733
8,4096,150.375,0.016223064973019063
8,4096,151.375,0.01670715754153207
8,4096,152.375,0.015795916493516415
8,4096,153.375,0.016395130020100623
8,4096,154.375,0.016454374534077942
8,4096,155.375,0.01619258150458336
8,4096,156.375,0.01614981598686427
8,4096,157.375,0.016491768008563668
8,4096,158.375,0.01607203047024086
8,4096,159.375,0.016599849506746978
8,4096,160.375,0.016054762003477663
8,4096,161.375,0.0163260530680418
8,4096,162.375,0.016343224968295544
8,4096,163.375,0.016504316532518715
8,4096,164.375,0.016458364494610578
8,4096,165.375,0.016222976497374475
8,4096,166.375,0.016004385077394545
8,4096,167.375,0.01618920499458909
8,4096,168.375,0.01626738952472806
8,4096,169.375,0.016572087013628334
8,4096,170.375,0.016143334039952606
8,4096,171.375,0.016268646984826773
8,4096,172.375,0.01650317554594949
8,4096,173.375,0.015942646481562406
8,4096,174.375,0.016286583442706615
8,4096,175.375,0.016568549966905266
8,4096,176.375,0.016282980504911393
8,4096,177.375,0.016074335435405374
8,4096,178.375,0.01636219600914046
8,4096,179.375,0.016354327963199466
8,4096,180.375,0.016392406483646482
8,4096,181.375,0.01620668248506263
8,4096,182.375,0.01609907200327143
8,4096,183.375,0.01666987402131781
8,4096,184.375,0.016102975991088897
8,4096,185.375,0.016246279003098607
8,4096,186.375,0.01617863349383697
8,4096,187.375,0.016472390037961304
8,4096,188.375,0.016117502993438393
8,4096,189.375,0.01640234951628372
8,4096,190.375,0.016098649997729808
8,4096,191.375,0.016425635549239814
8,4096,192.375,0.01635758049087599
8,4096,193.375,0.016164725995622575
8,4096,194.375,0.016490099485963583
8,4096,195.375,0.016656500985845923
8,4096,196.375,0.016209565510507673
8,4096,197.375,0.016072907019406557
8,4096,198.375,0.015991581021808088
8,4096,199.375,0.01639592496212572
8,4096,200.375,0.01627243950497359
8,4096,201.375,0.01595102099236101
8,4096,202.375,0.016471753013320267
8,4096,203.375,0.016437927552033216
8,4096,204.375,0.016147069982253015
8,4096,205.375,0.0164564439910464
8,4096,206.375,0.016026733967009932
8,4096,207.375,0.01648985897190869
8,4096,208.375,0.016212260525207967
8,4096,209.375,0.01680735155241564
8,4096,210.375,0.01623781444504857
8,4096,211.375,0.016120354470331222
8,4096,212.375,0.016526295570656657
8,4096,213.375,0.016027099976781756
8,4096,214.375,0.016276475973427296
8,4096,215.375,0.016542136028874665
8,4096,216.375,0.01615488447714597
8,4096,217.375,0.016015037486795336
8,4096,218.375,0.016708270006347448
8,4096,219.375,0.015954470029100776
8,4096,220.375,0.01633398700505495
8,4096,221.375,0.016545068472623825
8,4096,222.375,0.016002880001906306
8,4096,223.375,0.016388207965064794
8,4096,224.375,0.016330472484696656
8,4096,225.375,0.016384996531996876
8,4096,226.375,0.016241548990365118
8,4096,227.375,0.016279060509987175
8,4096,228.375,0.016708251438103616
8,4096,229.375,0.016356982523575425
8,4096,230.375,0.016287443519104272
8,4096,231.375,0.016496048483531922
8,4096,232.375,0.016116589482408017
8,4096,233.375,0.01634588954038918
8,4096,234.375,0.016374625964090228
8,4096,235.375,0.0163186970166862
8,4096,236.375,0.01623166841454804
8,4096,237.375,0.01617996097775176
8,4096,238.375,0.01647334697190672
8,4096,239.375,0.0161601995350793
8,4096,240.375,0.01650229998631403
8,4096,241.375,0.016461687977425754
8,4096,242.375,0.0158967130118981
8,4096,243.375,0.01650034898193553
8,4096,244.375,0.016439841012470424
8,4096,245.375,0.016056696011219174
8,4096,246.375,0.016403465007897466
8,4096,247.375,0.01644055754877627
8,4096,248.375,0.016287282458506525
8,4096,249.375,0.01616070995805785
8,4096,250.375,0.016323869524057955
8,4096,251.375,0.01639861351577565
8,4096,252.375,0.01682084851199761
8,6144,7.125,0.01672862150007859
8,6144,8.125,0.016855952504556626
8,6144,9.125,0.01672257244354114
8,6144,10.125,0.016914273495785892
8,6144,11.125,0.016648169956170022
8,6144,12.125,0.01687401201343164
8,6144,13.125,0.016689024458173662
8,6144,14.125,0.01693270297255367
8,6144,15.125,0.016610836959443986
8,6144,16.125,0.016730582050513476
8,6144,17.125,0.01659225602634251
8,6144,18.125,0.016972820449154824
8,6144,19.125,0.016714248049538583
8,6144,20.125,0.016739181999582797
8,6144,21.125,0.01677505049156025
8,6144,22.125,0.016407477494794875
8,6144,23.125,0.01676781749119982
8,6144,24.125,0.016606679477263242
8,6144,25.125,0.016696222475729883
8,6144,26.125,0.01691870449576527
8,6144,27.125,0.01694328902522102
8,6144,28.125,0.016309354919940233
8,6144,29.125,0.01675042900023982
8,6144,30.125,0.01684390555601567
8,6144,31.125,0.016354607010725886
8,6144,32.125,0.01712168345693499
8,6144,33.125,0.016693308018147945
8,6144,34.125,0.0167231485247612
8,6144,35.125,0.016797417541965842
8,6144,36.125,0.016318382520694286
8,6144,37.125,0.01720551203470677
8,6144,38.125,0.016435498953796923
8,6144,39.125,0.016999376472085714
8,6144,40.125,0.016085171955637634
8,6144,41.125,0.01663190155522898
8,6144,42.125,0.016868296021129936
8,6144,43.125,0.01658143353415653
8,6144,44.125,0.017292289005126804
8,6144,45.125,0.016415225458331406
8,6144,46.125,0.016582057520281523
8,6144,47.125,0.016879046510439366
8,6144,48.125,0.016499116958584636
8,6144,49.125,0.01684320403728634
8,6144,50.125,0.016752764000557363
8,6144,51.125,0.016520917473826557
8,6144,52.125,0.016794018039945513
8,6144,53.125,0.01662400393979624
8,6144,54.125,0.016386574076022953
8,6144,55.125,0.016819623007904738
8,6144,56.125,0.01663040544372052
8,6144,57.125,0.017112447996623814
8,6144,58.125,0.016227931540925056
8,6144,59.125,0.01677710999501869
8,6144,60.125,0.016657560016028583
8,6144,61.125,0.016503923572599888
8,6144,62.125,0.01672844751738012
8,6144,63.125,0.017028347472660244
8,6144,64.125,0.016465929511468858
8,6144,65.125,0.016440114995930344
8,6144,66.125,0.01696156698744744
8,6144,67.125,0.016492241993546486
8,6144,68.125,0.01661475549917668
8,6144,69.125,0.016816672461573035
8,6144,70.125,0.016853274020832032
8,6144,71.125,0.01659558096434921
8,6144,72.125,0.016686180024407804
8,6144,73.125,0.017011181509587914
8,6144,74.125,0.01653727301163599
8,6144,75.125,0.016587180027272552
8,6144,76.125,0.016503380553331226
8,6144,77.125,0.016954143007751554
8,6144,78.125,0.016764494474045932
8,6144,79.125,0.017020726518239826
8,6144,80.125,0.016429820971097797
8,6144,81.125,0.01651189901167527
8,6144,82.125,0.016741404018830508
8,6144,83.125,0.016928344499319792
8,6144,84.125,0.01669670204864815
8,6144,85.125,0.016469508467707783
8,6144,86.125,0.016774458985310048
8,6144,87.125,0.016668072494212538
8,6144,88.125,0.016697406535968184
8,6144,89.125,0.01698130602017045
8,6144,90.125,0.016716705984435976
8,6144,91.125,0.016744609514717013
8,6144,92.125,0.016643729934003204
8,6144,93.125,0.01668213150696829
8,6144,94.125,0.016909090452827513
8,6144,95.125,0.016655760060530156
8,6144,96.125,0.016663729504216462
8,6144,97.125,0.01719837699783966
8,6144,98.125,0.016248881467618048
8,6144,99.125,0.016375489009078592
8,6144,100.125,0.016903584531974047
8,6144,101.125,0.01697655051248148
8,6144,102.125,0.01641285402001813
8,6144,103.125,0.016726984991692007
8,6144,104.125,0.016511077992618084
8,6144,105.125,0.016631077509373426
8,6144,106.125,0.017066385480575264
8,6144,107.125,0.016512492496985942
8,6144,108.125,0.01663058396661654
8,6144,109.125,0.01715381146641448
8,6144,110.125,0.01639006199548021
8,6144,111.125,0.016575465502683073
8,6144,112.125,0.016825185506604612
8,6144,113.125,0.016702233522664756
8,6144,114.125,0.01686112693278119
8,6144,115.125,0.016749157512094826
8,6144,116.125,0.016884949523955584
8,6144,117.125,0.016583637450821698
8,6144,118.125,0.016747159999795258
8,6144,119.125,0.01676241250243038
8,6144,120.125,0.01668189204065129
8,6144,121.125,0.016747780435252935
8,6144,122.125,0.016514287097379565
8,6144,123.125,0.016858902003150433
8,6144,124.125,0.01648002053843811
8,6144,125.125,0.016894436033908278
8,6144,126.125,0.016683989961165935
8,6144,127.125,0.016759515972808003
8,6144,128.125,0.016617700515780598
8,6144,129.125,0.01678468199679628
8,6144,130.125,0.016575044952332973
8,6144,131.125,0.016911734477616847
8,6144,132.125,0.0167722130427137
8,6144,133.125,0.01697490899823606
8,6144,134.125,0.016442055464722216
8,6144,135.125,0.016762106970418245
8,6144,136.125,0.016805015970021486
8,6144,137.125,0.01708904653787613
8,6144,138.125,0.01656842406373471
8,6144,139.125,0.01639930746750906
8,6144,140.125,0.016919310961384326
8,6144,141.125,0.016777032462414354
8,6144,142.125,0.016623775474727154
8,6144,143.125,0.016953542013652623
8,6144,144.125,0.016716829035431147
8,6144,145.125,0.01651158247841522
8,6144,146.125,0.01700665650423616
8,6144,147.125,0.016693947021849453
8,6144,148.125,0.017000411462504417
8,6144,149.125,0.016531253466382623
8,6144,150.125,0.016372249519918114
8,6144,151.125,0.01678211597027257
8,6144,152.125,0.0170647400082089
8,6144,153.125,0.01644712104462087
8,6144,154.125,0.01676007849164307
8,6144,155.125,0.016818140516988933
8,6144,156.125,0.016641078516840935
8,6144,157.125,0.016886019497178495
8,6144,158.125,0.01663190103136003
8,6144,159.125,0.01666220452170819
8,6144,160.125,0.016736386460252106
8,6144,161.125,0.016866096993908286
8,6144,162.125,0.0168019569828175
8,6144,163.125,0.016809236956760287
8,6144,164.125,0.016532107023522258
8,6144,165.125,0.016748907044529915
8,6144,166.125,0.016890324477571994
8,6144,167.125,0.016971316479612142
8,6144,168.125,0.016444168519228697
8,6144,169.125,0.016853102948516607
8,6144,170.125,0.017027892521582544
8,6144,171.125,0.016682994493748993
8,6144,172.125,0.01667803048621863
8,6144,173.125,0.016532986017409712
8,6144,174.125,0.016855486552231014
8,6144,175.125,0.016706849972251803
8,6144,176.125,0.016991151496767998
8,6144,177.125,0.01642367849126458
8,6144,178.125,0.016690811491571367
8,6144,179.125,0.01675690698903054
8,6144,180.125,0.016924522002227604
8,6144,181.125,0.01655268098693341
8,6144,182.125,0.01677028846461326
8,6144,183.125,0.016601981013081968
8,6144,184.125,0.01705544098513201
8,6144,185.125,0.016686827526427805
8,6144,186.125,0.01650088542373851
8,6144,187.125,0.016773248033132404
8,6144,188.125,0.01716436498099938
8,6144,189.125,0.01654191903071478
8,6144,190.125,0.01682230003643781
8,6144,191.125,0.0166798050631769
8,6144,192.125,0.016557538998313248
8,6144,193.125,0.016919407004024833
8,6144,194.125,0.01685264299158007
8,6144,195.125,0.016684497997630388
8,6144,196.125,0.016683225461747497
8,6144,197.125,0.01715281995711848
8,6144,198.125,0.016153626434970647
8,6144,199.125,0.016982923028990626
8,6144,200.125,0.016640109941363335
8,6144,201.125,0.01653721201000735
8,6144,202.125,0.017102969984989613
8,6144,203.125,0.01673666399437934
8,6144,204.125,0.016458205005619675
8,6144,205.125,0.01701284950831905
8,6144,206.125,0.016783926519565284
8,6144,207.125,0.016528642445337027
8,6144,208.125,0.017152238520793617
8,6144,209.125,0.01666038145776838
8,6144,210.125,0.01661936193704605
8,6144,211.125,0.017000795458443463
8,6144,212.125,0.016234809532761574
8,6144,213.125,0.016851698979735374
8,6144,214.125,0.01705796306487173
8,6144,215.125,0.01657467702170834
8,6144,216.125,0.01701714500086382
8,6144,217.125,0.016801584977656603
8,6144,218.125,0.01681307249236852
8,6144,219.125,0.016736693971324712
8,6144,220.125,0.016596329980529845
8,6144,221.125,0.01673781400313601
8,6144,222.125,0.016541897028218955
8,6144,223.125,0.016831976477988064
8,6144,224.125,0.01696924347197637
8,6144,225.125,0.016975626000203192
8,6144,226.125,0.016464729036670178
8,6144,227.125,0.01678511901991442
8,6144,228.125,0.01646236499072984
8,6144,229.125,0.016897797002457082
8,6144,230.125,0.01689478848129511
8,6144,231.125,0.016938086482696235
8,6144,232.125,0.01654395752120763
8,6144,233.125,0.01684898347593844
8,6144,234.125,0.016605994023848325
8,6144,235.125,0.016844239027705044
8,6144,236.125,0.01660158351296559
8,6144,237.125,0.01713022100739181
8,6144,238.125,0.01649470452684909
8,6144,239.125,0.016707781527657062
8,6144,240.125,0.016971435048617423
8,6144,241.125,0.016649449476972222
8,6144,242.125,0.016682273999322206
8,6144,243.125,0.016982691478915513
8,6144,244.125,0.016646901960484684
8,6144,245.125,0.016647467913571745
8,6144,246.125,0.01662130153272301
8,6144,247.125,0.01690838998183608
8,6144,248.125,0.016901070543099195
8,6144,249.125,0.016780745470896363
8,6144,250.125,0.01668182696448639
8,6144,251.125,0.016671902500092983
8,6144,252.125,0.0174912610091269
16,64,5.0,0.01577959448331967
16,64,6.0,0.01599650550633669
16,64,7.0,0.01601302350172773
16,64,8.0,0.016277488030027598
16,64,9.0,0.015222823014482856
16,64,10.0,0.01594101800583303
16,64,11.0,0.016012604988645762
16,64,12.0,0.015810852986760437
16,64,13.0,0.01610786997480318
16,64,14.0,0.015679781034123152
16,64,15.0,0.01583190099336207
16,64,16.0,0.01627799851121381
16,64,17.0,0.015323274477850646
16,64,18.0,0.015846653492189944
16,64,19.0,0.015840182022657245
16,64,20.0,0.015896450961008668
16,64,21.0,0.015739770082291216
16,64,22.0,0.016136007441673428
16,64,23.0,0.015552674536593258
16,64,24.0,0.015937746036797762
16,64,25.0,0.01581232954049483
16,64,26.0,0.016037809487897903
16,64,27.0,0.015662666992284358
16,64,28.0,0.015950156492181122
16,64,29.0,0.01575660950038582
16,64,30.0,0.015802707464899868
16,64,31.0,0.01599521399475634
16,64,32.0,0.015576338046230376
16,64,33.0,0.015933059505186975
16,64,34.0,0.01552609755890444
16,64,35.0,0.016029249061830342
16,64,36.0,0.015639488003216684
16,64,37.0,0.015850120456889272
16,64,38.0,0.016001728014089167
16,64,39.0,0.015666213002987206
16,64,40.0,0.01615936798043549
16,64,41.0,0.015649907989427447
16,64,42.0,0.015958295029122382
16,64,43.0,0.015585804474540055
16,64,44.0,0.016120336949825287
16,64,45.0,0.015523599984589964
16,64,46.0,0.0161161269643344
16,64,47.0,0.01568427652819082
16,64,48.0,0.015742964984383434
16,64,49.0,0.015867582987993956
16,64,50.0,0.015882339503150433
16,64,51.0,0.01603500946657732
16,64,52.0,0.015745873970445246
16,64,53.0,0.015607173030730337
16,64,54.0,0.015881350496783853
16,64,55.0,0.015858836006373167
16,64,56.0,0.015765597054269165
16,64,57.0,0.015842701541259885
16,64,58.0,0.01583754748571664
16,64,59.0,0.015752970473840833
16,64,60.0,0.015946728992275894
16,64,61.0,0.015796929015778005
16,64,62.0,0.016014557564631104
16,64,63.0,0.016045037482399493
16,64,64.0,0.015538068022578955
16,64,65.0,0.01614330499432981
16,64,66.0,0.0157500869827345
16,64,67.0,0.015893710020463914
16,64,68.0,0.01572357548866421
16,64,69.0,0.015838980965781957
16,64,70.0,0.016252147033810616
16,64,71.0,0.01586838101502508
16,64,72.0,0.01588178047677502
16,64,73.0,0.015822850924450904
16,64,74.0,0.015629914007149637
16,64,75.0,0.016274849011097103
16,64,76.0,0.015750086458865553
16,64,77.0,0.016045039403252304
16,64,78.0,0.016080481465905905
16,64,79.0,0.0157202944974415
16,64,80.0,0.015996491943951696
16,64,81.0,0.015869110531639308
16,64,82.0,0.01585046952823177
16,64,83.0,0.015961449476890266
16,64,84.0,0.01582377206068486
16,64,85.0,0.015887482499238104
16,64,86.0,0.015985017002094537
16,64,87.0,0.01601885154377669
16,64,88.0,0.01582243450684473
16,64,89.0,0.015757823479361832
16,64,90.0,0.015960177464876324
16,64,91.0,0.01607244205661118
16,64,92.0,0.01599849748890847
16,64,93.0,0.0157383315381594
16,64,94.0,0.015805740491487086
16,64,95.0,0.015831895521841943
16,64,96.0,0.015971529530361295
16,64,97.0,0.015878335980232805
16,64,98.0,0.016077446460258216
16,64,99.0,0.01577082899166271
16,64,100.0,0.01571424846770242
16,64,101.0,0.015986286976840347
16,64,102.0,0.015736488508991897
16,64,103.0,0.0157497834879905
16,64,104.0,0.015850086987484246
16,64,105.0,0.01600564701948315
16,64,106.0,0.015910722489934415
16,64,107.0,0.016183420433662832
16,64,108.0,0.01572581595974043
16,64,109.0,0.015735313994809985
16,64,110.0,0.0158664210466668
16,64,111.0,0.01591297599952668
16,64,112.0,0.015976740571204573
16,64,113.0,0.015914126473944634
16,64,114.0,0.01578285393770784
16,64,115.0,0.01649074553279206
16,64,116.0,0.01569512451533228
16,64,117.0,0.015811457065865397
16,64,118.0,0.015992134984117
16,64,119.0,0.015886117471382022
16,64,120.0,0.01587411854416132
16,64,121.0,0.015956870978698134
16,64,122.0,0.015947078994940966
16,64,123.0,0.0159316745121032
16,64,124.0,0.015896693512331694
16,64,125.0,0.015696313057560474
16,64,126.0,0.016253569978289306
16,64,127.0,0.015808766009286046
16,64,128.0,0.01604339253390208
16,64,129.0,0.01560546801192686
16,64,130.0,0.015760945447254926
16,64,131.0,0.016268819570541382
16,64,132.0,0.01565674797166139
16,64,133.0,0.016094570513814688
16,64,134.0,0.015686424041632563
16,64,135.0,0.015798878972418606
16,64,136.0,0.016179447469767183
16,64,137.0,0.015837593004107475
16,64,138.0,0.015690770524088293
16,64,139.0,0.01607431855518371
16,64,140.0,0.015993148437701166
16,64,141.0,0.015736345085315406
16,64,142.0,0.01610737550072372
16,64,143.0,0.0157468295074068
16,64,144.0,0.015960999007802457
16,64,145.0,0.016155593504663557
16,64,146.0,0.015638631535694003
16,64,147.0,0.01574067847104743
16,64,148.0,0.01614699693163857
16,64,149.0,0.01596505253110081
16,64,150.0,0.015643262944649905
16,64,151.0,0.016064502007793635
16,64,152.0,0.015574664517771453
16,64,153.0,0.015998083516024053
16,64,154.0,0.015966054517775774
16,64,155.0,0.015814174432307482
16,64,156.0,0.015864257991779596
16,64,157.0,0.015859378967434168
16,64,158.0,0.015894550539087504
16,64,159.0,0.01574991300003603
16,64,160.0,0.015827607014216483
16,64,161.0,0.01626507198670879
16,64,162.0,0.015875871991738677
16,64,163.0,0.015886460954789072
16,64,164.0,0.015988194034434855
16,64,165.0,0.015815495047718287
16,64,166.0,0.016048496472649276
16,64,167.0,0.015916164964437485
16,64,168.0,0.016021674033254385
16,64,169.0,0.015850809984840453
16,64,170.0,0.015860698011238128
16,64,171.0,0.01595424098195508
16,64,172.0,0.0160508340341039
16,64,173.0,0.01592646399512887
16,64,174.0,0.01578160800272599
16,64,175.0,0.015791116980835795
16,64,176.0,0.015740319504402578
16,64,177.0,0.01571344747208059
16,64,178.0,0.01650571502977982
16,64,179.0,0.015901986975222826
16,64,180.0,0.01583325647516176
16,64,181.0,0.015647962980438024
16,64,182.0,0.01599166396772489
16,64,183.0,0.016012427979148924
16,64,184.0,0.01575596001930535
16,64,185.0,0.015822262968868017
16,64,186.0,0.015964414982590824
16,64,187.0,0.015500162495300174
16,64,188.0,0.016050178033765405
16,64,189.0,0.016202948056161404
16,64,190.0,0.015660740958992392
16,64,191.0,0.01605388254392892
16,64,192.0,0.0157008835230954
16,64,193.0,0.015941727499011904
16,64,194.0,0.015972954919561744
16,64,195.0,0.016059149987995625
16,64,196.0,0.015777989465277642
16,64,197.0,0.016250532469712198
16,64,198.0,0.01548617344815284
16,64,199.0,0.015900867991149426
16,64,200.0,0.01611080049769953
16,64,201.0,0.015804573544301093
16,64,202.0,0.015947428939398378
16,64,203.0,0.015833375975489616
16,64,204.0,0.01582683698507026
16,64,205.0,0.016085072013083845
16,64,206.0,0.016218750970438123
16,64,207.0,0.01586357201449573
16,64,208.0,0.015394449990708381
16,64,209.0,0.016274148016236722
16,64,210.0,0.01564375148154795
16,64,211.0,0.016197703953366727
16,64,212.0,0.01577078248374164
16,64,213.0,0.01601574249798432
16,64,214.0,0.015830005519092083
16,64,215.0,0.015870056464336812
16,64,216.0,0.01599957951111719
16,64,217.0,0.01579908246640116
16,64,218.0,0.01587806351017207
16,64,219.0,0.015894163982011378
16,64,220.0,0.01595603598980233
16,64,221.0,0.016151115531101823
16,64,222.0,0.015504639537539333
16,64,223.0,0.016054730978794396
16,64,224.0,0.016442844062112272
16,64,225.0,0.015510624973103404
16,64,226.0,0.016118919011205435
16,64,227.0,0.015478958957828581
16,64,228.0,0.01628175552468747
16,64,229.0,0.01569489698158577
16,64,230.0,0.015744639036711305
16,64,231.0,0.016027155972551554
16,64,232.0,0.01678802352398634
16,64,233.0,0.014980626991018653
16,64,234.0,0.015982363489456475
16,64,235.0,0.015854833531193435
16,64,236.0,0.015811603982001543
16,64,237.0,0.01586496806703508
16,64,238.0,0.0157313629752025
16,64,239.0,0.0160768490168266
16,64,240.0,0.015906741027720273
16,64,241.0,0.015795337967574596
16,64,242.0,0.016032814455684274
16,64,243.0,0.015789486991707236
16,64,244.0,0.0161315489676781
16,64,245.0,0.015818274521734565
16,64,246.0,0.015808636439032853
16,64,247.0,0.016054257983341813
16,64,248.0,0.015945843479130417
16,64,249.0,0.01599044754402712
16,64,250.0,0.016284362936858088
16,64,251.0,0.015857874474022537
16,64,252.0,0.01562568498775363
16,64,253.0,0.016230246983468533
16,64,254.0,0.015823776950128376
16,256,5.125,0.015901721024420112
16,256,6.125,0.016031185048632324
16,256,7.125,0.016125294903758913
16,256,8.125,0.01579390052938834
16,256,9.125,0.015939148550387472
16,256,10.125,0.0159863859298639
16,256,11.125,0.01609180250670761
16,256,12.125,0.015921272453851998
16,256,13.125,0.015989937994163483
16,256,14.125,0.015844540437683463
16,256,15.125,0.016068319033365697
16,256,16.125,0.015885266999248415
16,256,17.125,0.015969851054251194
16,256,18.125,0.015787843440193683
16,256,19.125,0.015780998510308564
16,256,20.125,0.016007305006496608
16,256,21.125,0.016227181011345237
16,256,22.125,0.01572968252003193
16,256,23.125,0.015874527452979237
16,256,24.125,0.016125846072100103
16,256,25.125,0.015763488481752574
16,256,26.125,0.016077105945441872
16,256,27.125,0.0156838265247643
16,256,28.125,0.01586249697720632
16,256,29.125,0.016049764992203563
16,256,30.125,0.01581530401017517
16,256,31.125,0.015915652504190803
16,256,32.125,0.016024414042476565
16,256,33.125,0.01581477449508384
16,256,34.125,0.01619568996829912
16,256,35.125,0.01577052695211023
16,256,36.125,0.016114311933051795
16,256,37.125,0.015760463022161275
16,256,38.125,0.015769253543112427
16,256,39.125,0.01584793848451227
16,256,40.125,0.01596447202609852
16,256,41.125,0.016226136998739094
16,256,42.125,0.01580283953808248
16,256,43.125,0.015821307490114123
16,256,44.125,0.015847686445340514
16,256,45.125,0.01632404245901853
16,256,46.125,0.01613424002425745
16,256,47.125,0.015810574521310627
16,256,48.125,0.015882196428719908
16,256,49.125,0.015880408987868577
16,256,50.125,0.01622065802803263
16,256,51.125,0.015548035968095064
16,256,52.125,0.016125024005305022
16,256,53.125,0.01584276248468086
16,256,54.125,0.015679840522352606
16,256,55.125,0.015918280521873385
16,256,56.125,0.01589885650901124
16,256,57.125,0.015880310034845024
16,256,58.125,0.015755842498037964
16,256,59.125,0.01608987693907693
16,256,60.125,0.01570899854414165
16,256,61.125,0.016020802489947528
16,256,62.125,0.015728870523162186
16,256,63.125,0.016199652978684753
16,256,64.125,0.01603126898407936
16,256,65.125,0.015938260476104915
16,256,66.125,0.015520005021244287
16,256,67.125,0.016142125998158008
16,256,68.125,0.015786870499141514
16,256,69.125,0.016654384962748736
16,256,70.125,0.01557149802101776
16,256,71.125,0.015508078038692474
16,256,72.125,0.015806458017323166
16,256,73.125,0.015836676000617445
16,256,74.125,0.0163277480751276
16,256,75.125,0.015781191526912153
16,256,76.125,0.01589094300288707
16,256,77.125,0.016136858437675983
16,256,78.125,0.015712881984654814
16,256,79.125,0.015746243007015437
16,256,80.125,0.015949133492540568
16,256,81.125,0.01608419156400487
16,256,82.125,0.01585586799774319
16,256,83.125,0.01612463896162808
16,256,84.125,0.01586637500440702
16,256,85.125,0.016026464523747563
16,256,86.125,0.016071389021817595
16,256,87.125,0.01589143049204722
16,256,88.125,0.016008647566195577
16,256,89.125,0.01594680402195081
16,256,90.125,0.01589429349405691
16,256,91.125,0.015963490994181484
16,256,92.125,0.015728770464193076
16,256,93.125,0.015984449011739343
16,256,94.125,0.01579305750783533
16,256,95.125,0.01614812551997602
16,256,96.125,0.015844668028876185
16,256,97.125,0.01590417744591832
16,256,98.125,0.015747020486742258
16,256,99.125,0.016015525499824435
16,256,100.125,0.01601697551086545
16,256,101.125,0.016019094560761005
16,256,102.125,0.015909182489849627
16,256,103.125,0.015865258523263037
16,256,104.125,0.015957170515321195
16,256,105.125,0.015761188988108188
16,256,106.125,0.016148687980603427
16,256,107.125,0.015929773449897766
16,256,108.125,0.015943323960527778
16,256,109.125,0.01576901297084987
16,256,110.125,0.0159215644816868
16,256,111.125,0.01588093303143978
16,256,112.125,0.01578183745732531
16,256,113.125,0.01606417598668486
16,256,114.125,0.016027718025725335
16,256,115.125,0.01583956857211888
16,256,116.125,0.01595542044378817
16,256,117.125,0.015829703072085977
16,256,118.125,0.015932014968711883
16,256,119.125,0.01604466902790591
16,256,120.125,0.015766340016853064
16,256,121.125,0.0161808694829233
16,256,122.125,0.01570327446097508
16,256,123.125,0.01570967200677842
16,256,124.125,0.015908616478554904
16,256,125.125,0.016024158510845155
16,256,126.125,0.015810557000804693
16,256,127.125,0.016020496492274106
16,256,128.125,0.016115953971166164
16,256,129.125,0.016102130466606468
16,256,130.125,0.01591350301168859
16,256,131.125,0.016250429034698755
16,256,132.125,0.01577350404113531
16,256,133.125,0.015872519463300705
16,256,134.125,0.01619215402752161
16,256,135.125,0.015785005525685847
16,256,136.125,0.0163157224887982
16,256,137.125,0.015804779017344117
16,256,138.125,0.01600932696601376
16,256,139.125,0.01655977452173829
16,256,140.125,0.015665745944716036
16,256,141.125,0.01595140155404806
16,256,142.125,0.015979800024069846
16,256,143.125,0.01601141196442768
16,256,144.125,0.016304982011206448
16,256,145.125,0.015885608561802655
16,256,146.125,0.01583296654280275
16,256,147.125,0.016234302485827357
16,256,148.125,0.015805794508196414
16,256,149.125,0.015929209010209888
16,256,150.125,0.01610167504986748
16,256,151.125,0.01608104951446876
16,256,152.125,0.016021204472053796
16,256,153.125,0.016007712052669376
16,256,154.125,0.015716459427494556
16,256,155.125,0.01589182496536523
16,256,156.125,0.01606424798956141
16,256,157.125,0.01634859701152891
16,256,158.125,0.01572825846960768
16,256,159.125,0.016171741066500545
16,256,160.125,0.015656904957722872
16,256,161.125,0.016097371524665505
16,256,162.125,0.016055719985160977
16,256,163.125,0.016081113019026816
16,256,164.125,0.01618278556270525
16,256,165.125,0.016067134973127395
16,256,166.125,0.015835430473089218
16,256,167.125,0.016084068513009697
16,256,168.125,0.016055904037784785
16,256,169.125,0.016081625944934785
16,256,170.125,0.015932093956507742
16,256,171.125,0.015927344502415508
16,256,172.125,0.01611387892626226
16,256,173.125,0.016248225525487214
16,256,174.125,0.015501368965487927
16,256,175.125,0.016066148004028946
16,256,176.125,0.015955373994074762
16,256,177.125,0.016127624548971653
16,256,178.125,0.01604087249143049
16,256,179.125,0.015833535930141807
16,256,180.125,0.016245225036982447
16,256,181.125,0.01582961849635467
16,256,182.125,0.016117388964630663
16,256,183.125,0.016004124016035348
16,256,184.125,0.015961252443958074
16,256,185.125,0.01607146649621427
16,256,186.125,0.01603211695328355
16,256,187.125,0.015902396000456065
16,256,188.125,0.016159272519871593
16,256,189.125,0.01603702548891306
16,256,190.125,0.01585966203128919
16,256,191.125,0.016144871478900313
16,256,192.125,0.015885756525676697
16,256,193.125,0.016079178487416357
16,256,194.125,0.01621246646391228
16,256,195.125,0.015844581997953355
16,256,196.125,0.016165743523743004
16,256,197.125,0.01608152047265321
16,256,198.125,0.015863176027778536
16,256,199.125,0.016091132478322834
16,256,200.125,0.015714590495917946
16,256,201.125,0.01619408803526312
16,256,202.125,0.015839854546356946
16,256,203.125,0.016169258451554924
16,256,204.125,0.016096761566586792
16,256,205.125,0.015961614495608956
16,256,206.125,0.015829533978831023
16,256,207.125,0.016104571521282196
16,256,208.125,0.015891617513261735
16,256,209.125,0.016172162955626845
16,256,210.125,0.01606400596210733
16,256,211.125,0.016210825473535806
16,256,212.125,0.015745553479064256
16,256,213.125,0.016077155014500022
16,256,214.125,0.01605279848445207
16,256,215.125,0.016032278013881296
16,256,216.125,0.01589897758094594
16,256,217.125,0.01616400998318568
16,256,218.125,0.01581238448852673
16,256,219.125,0.016149079019669443
16,256,220.125,0.01609908591490239
16,256,221.125,0.015719609044026583
16,256,222.125,0.0162089554942213
16,256,223.125,0.01580272801220417
16,256,224.125,0.016269513580482453
16,256,225.125,0.01601603697054088
16,256,226.125,0.015996671514585614
16,256,227.125,0.015900466009043157
16,256,228.125,0.01595636800630018
16,256,229.125,0.01607221399899572
16,256,230.125,0.016244411934167147
16,256,231.125,0.01569142349762842
16,256,232.125,0.016434772522188723
16,256,233.125,0.015919215511530638
16,256,234.125,0.016072111495304853
16,256,235.125,0.015941224992275238
16,256,236.125,0.01569736551027745
16,256,237.125,0.015940120036248118
16,256,238.125,0.016015690518543124
16,256,239.125,0.016061681497376412
16,256,240.125,0.015876735444180667
16,256,241.125,0.016114001511596143
16,256,242.125,0.01607142249122262
16,256,243.125,0.015905890497379005
16,256,244.125,0.016092639009002596
16,256,245.125,0.015994935994967818
16,256,246.125,0.01601600949652493
16,256,247.125,0.015964202000759542
16,256,248.125,0.016171542985830456
16,256,249.125,0.015988377504982054
16,256,250.125,0.015954003494698554
16,256,251.125,0.016045000462327152
16,256,252.125,0.01616095006465912
16,256,253.125,0.01618202746612951
16,1024,5.5625,0.01638028200250119
16,1024,6.5625,0.016235392540693283
16,1024,7.5625,0.016450870491098613
16,1024,8.5625,0.016261035460047424
16,1024,9.5625,0.01663001556880772
16,1024,10.5625,0.016329534468241036
16,1024,11.5625,0.01633257302455604
16,1024,12.5625,0.01625599997350946
16,1024,13.5625,0.016870650521013886
16,1024,14.5625,0.015906802495010197
16,1024,15.5625,0.016098954482004046
16,1024,16.5625,0.01644967799074948
16,1024,17.5625,0.01637686847243458
16,1024,18.5625,0.01608339900849387
16,1024,19.5625,0.01632213150151074
16,1024,20.5625,0.016438825987279415
16,1024,21.5625,0.016170444549061358
16,1024,22.5625,0.01606970455031842
16,1024,23.5625,0.016347030003089458
16,1024,24.5625,0.016934995481278747
16,1024,25.5625,0.01581475551938638
16,1024,26.5625,0.01610757695743814
16,1024,27.5625,0.016399807995185256
16,1024,28.5625,0.016247107996605337
16,1024,29.5625,0.016309047001414
16,1024,30.5625,0.0168220330378972
16,1024,31.5625,0.015925932035315782
16,1024,32.5625,0.016558154486119747
16,1024,33.5625,0.01608135597780347
16,1024,34.5625,0.016171130526345223
16,1024,35.5625,0.01674836903112009
16,1024,36.5625,0.015823361929506063
16,1024,37.5625,0.01640257943654433
16,1024,38.5625,0.016579382005147636
16,1024,39.5625,0.015898643992841244
16,1024,40.5625,0.016531508474145085
16,1024,41.5625,0.016251736029516906
16,1024,42.5625,0.01625864492962137
16,1024,43.5625,0.016697385988663882
16,1024,44.5625,0.01612378703430295
16,1024,45.5625,0.016394693520851433
16,1024,46.5625,0.01659839606145397
16,1024,47.5625,0.015757627552375197
16,1024,48.5625,0.01683331251842901
16,1024,49.5625,0.01598317746538669
16,1024,50.5625,0.01609713747166097
16,1024,51.5625,0.01692927593830973
16,1024,52.5625,0.015820194559637457
16,1024,53.5625,0.016504882951267064
16,1024,54.5625,0.016149735951330513
16,1024,55.5625,0.016120897023938596
16,1024,56.5625,0.01710208150325343
16,1024,57.5625,0.01608212001156062
16,1024,58.5625,0.0159253150341101
16,1024,59.5625,0.016361458983737975
16,1024,60.5625,0.016339078487362713
16,1024,61.5625,0.01633260352537036
16,1024,62.5625,0.01597759546712041
16,1024,63.5625,0.016350688063539565
16,1024,64.5625,0.0166037890012376
16,1024,65.5625,0.01642117602750659
16,1024,66.5625,0.016109086049254984
16,1024,67.5625,0.016259649477433413
16,1024,68.5625,0.016362896014470607
16,1024,69.5625,0.016265699930954725
16,1024,70.5625,0.01634142000693828
16,1024,71.5625,0.01642456348054111
16,1024,72.5625,0.016193786985240877
16,1024,73.5625,0.016204875020775944
16,1024,74.5625,0.016399427026044577
16,1024,75.5625,0.016327073506545275
16,1024,76.5625,0.016303868032991886
16,1024,77.5625,0.016302214993629605
16,1024,78.5625,0.016202972445171326
16,1024,79.5625,0.01635904604336247
16,1024,80.5625,0.016509858425706625
16,1024,81.5625,0.01607801904901862
16,1024,82.5625,0.01661137951305136
16,1024,83.5625,0.016409822506830096
16,1024,84.5625,0.016069283010438085
16,1024,85.5625,0.01621584250824526
16,1024,86.5625,0.01643622905248776
16,1024,87.5625,0.016238840529695153
16,1024,88.5625,0.016660480992868543
16,1024,89.5625,0.01620615302817896
16,1024,90.5625,0.016580416937358677
16,1024,91.5625,0.01609357597772032
16,1024,92.5625,0.01616229093633592
16,1024,93.5625,0.016269924526568502
16,1024,94.5625,0.017150680941995233
16,1024,95.5625,0.016037010005675256
16,1024,96.5625,0.01618440798483789
16,1024,97.5625,0.016443703032564372
16,1024,98.5625,0.01615307107567787
16,1024,99.5625,0.016256575530860573
16,1024,100.5625,0.016237964970059693
16,1024,101.5625,0.019195045984815806
16,1024,102.5625,0.013664747937582433
16,1024,103.5625,0.01660405599977821
16,1024,104.5625,0.016237646515946835
16,1024,105.5625,0.016188865469302982
16,1024,106.5625,0.016352525039110333
16,1024,107.5625,0.01661631150636822
16,1024,108.5625,0.015992881497368217
16,1024,109.5625,0.016528000007383525
16,1024,110.5625,0.016053865023422986
16,1024,111.5625,0.016348556498996913
16,1024,112.5625,0.016390865028370172
16,1024,113.5625,0.015992008498869836
16,1024,114.5625,0.0166302525321953
16,1024,115.5625,0.016428494942374527
16,1024,116.5625,0.016137056052684784
16,1024,117.5625,0.01605141448089853
16,1024,118.5625,0.016369244491215795
16,1024,119.5625,0.016543607984203845
16,1024,120.5625,0.01618582446826622
16,1024,121.5625,0.01644660998135805
16,1024,122.5625,0.016188542009331286
16,1024,123.5625,0.01633211353328079
16,1024,124.5625,0.016613651940133423
16,1024,125.5625,0.016000190458726138
16,1024,126.5625,0.016483751474879682
16,1024,127.5625,0.016446219466160983
16,1024,128.5625,0.01596646854886785
16,1024,129.5625,0.01621397602139041
16,1024,130.5625,0.016343722527381033
16,1024,131.5625,0.0163834510021843
16,1024,132.5625,0.016668661031872034
16,1024,133.5625,0.015983599005267024
16,1024,134.5625,0.01654896349646151
16,1024,135.5625,0.0161063254927285
16,1024,136.5625,0.016334533516783267
16,1024,137.5625,0.016619447036646307
16,1024,138.5625,0.016453377495054156
16,1024,139.5625,0.01623060053680092
16,1024,140.5625,0.016248609987087548
16,1024,141.5625,0.01625542453257367
16,1024,142.5625,0.01636059145675972
16,1024,143.5625,0.016561612952500582
16,1024,144.5625,0.01610071846516803
16,1024,145.5625,0.016597767011262476
16,1024,146.5625,0.016306973004247993
16,1024,147.5625,0.016253867011982948
16,1024,148.5625,0.016418158018495888
16,1024,149.5625,0.01628360850736499
16,1024,150.5625,0.01629413099726662
16,1024,151.5625,0.016642734524793923
16,1024,152.5625,0.0161503060371615
16,1024,153.5625,0.016219632525462657
16,1024,154.5625,0.01635743898805231
16,1024,155.5625,0.016339060966856778
16,1024,156.5625,0.016546761034987867
16,1024,157.5625,0.01676430000225082
16,1024,158.5625,0.01620041753631085
16,1024,159.5625,0.016230243491008878
16,1024,160.5625,0.01625017251353711
16,1024,161.5625,0.016161869978532195
16,1024,162.5625,0.016566536971367896
16,1024,163.5625,0.01676999352639541
16,1024,164.5625,0.01635330100543797
16,1024,165.5625,0.015983265999238938
16,1024,166.5625,0.01638807903509587
16,1024,167.5625,0.01651845150627196
16,1024,168.5625,0.01621538947802037
16,1024,169.5625,0.0167176429531537
16,1024,170.5625,0.016173259529750794
16,1024,171.5625,0.01613280747551471
16,1024,172.5625,0.016553700901567936
16,1024,173.5625,0.016105254006106406
16,1024,174.5625,0.01670773944351822
16,1024,175.5625,0.015959944517817348
16,1024,176.5625,0.016666479990817606
16,1024,177.5625,0.016374281491152942
16,1024,178.5625,0.016050891019403934
16,1024,179.5625,0.016349403478670865
16,1024,180.5625,0.016716302488930523
16,1024,181.5625,0.01614201843040064
16,1024,182.5625,0.016564968042075634
16,1024,183.5625,0.016323065501637757
16,1024,184.5625,0.016122552508022636
16,1024,185.5625,0.01630600995849818
16,1024,186.5625,0.016372769023291767
16,1024,187.5625,0.016539978503715247
16,1024,188.5625,0.01653346250532195
16,1024,189.5625,0.016369616438169032
16,1024,190.5625,0.01630001503508538
16,1024,191.5625,0.01629746606340632
16,1024,192.5625,0.01646075799362734
16,1024,193.5625,0.016385022492613643
16,1024,194.5625,0.016564297024160624
16,1024,195.5625,0.016342719492968172
16,1024,196.5625,0.01601188152562827
16,1024,197.5625,0.016473880503326654
16,1024,198.5625,0.01645519002340734
16,1024,199.5625,0.016197734978049994
16,1024,200.5625,0.016876383509952575
16,1024,201.5625,0.016473910480272025
16,1024,202.5625,0.01593005150789395
16,1024,203.5625,0.016344361007213593
16,1024,204.5625,0.01622629351913929
16,1024,205.5625,0.016357012500520796
16,1024,206.5625,0.01685146999079734
16,1024,207.5625,0.015866204514168203
16,1024,208.5625,0.016464717977214605
16,1024,209.5625,0.017028061440214515
16,1024,210.5625,0.015784170071128756
16,1024,211.5625,0.01668527303263545
16,1024,212.5625,0.01634762203320861
16,1024,213.5625,0.016201754449866712
16,1024,214.5625,0.01622785098152235
16,1024,215.5625,0.01660855853697285
16,1024,216.5625,0.01619807700626552
16,1024,217.5625,0.016479736485052854
16,1024,218.5625,0.016290320025291294
16,1024,219.5625,0.016491308459080756
16,1024,220.5625,0.016250013490207493
16,1024,221.5625,0.016408903466071934
16,1024,222.5625,0.016502730024512857
16,1024,223.5625,0.016476822493132204
16,1024,224.5625,0.016179314523469657
16,1024,225.5625,0.016459873993881047
16,1024,226.5625,0.01653058297233656
16,1024,227.5625,0.01613219449063763
16,1024,228.5625,0.01638504455331713
16,1024,229.5625,0.016517502488568425
16,1024,230.5625,0.01620442047715187
16,1024,231.5625,0.016552182962186635
16,1024,232.5625,0.016369782970286906
16,1024,233.5625,0.016248833970166743
16,1024,234.5625,0.016398385516367853
16,1024,235.5625,0.01670198346255347
16,1024,236.5625,0.01616319949971512
16,1024,237.5625,0.016396791441366076
16,1024,238.5625,0.016363676986657083
16,1024,239.5625,0.016452868992928416
16,1024,240.5625,0.01630445255432278
16,1024,241.5625,0.016505862469784915
16,1024,242.5625,0.016302069008816034
16,1024,243.5625,0.016401907487306744
16,1024,244.5625,0.0165843169670552
16,1024,245.5625,0.01605556398862973
16,1024,246.5625,0.01648855395615101
16,1024,247.5625,0.0163643904379569
16,1024,248.5625,0.016622544499114156
16,1024,249.5625,0.016105193935800344
16,1024,250.5625,0.02042042196262628
16,1024,251.5625,0.012757462449371815
16,1024,252.5625,0.016588085505645722
16,4096,8.375,0.017816642997786403
16,4096,9.375,0.017577791470102966
16,4096,10.375,0.017895488475915045
16,4096,11.375,0.017582744068931788
16,4096,12.375,0.017665477993432432
16,4096,13.375,0.017654485534876585
16,4096,14.375,0.018014610453974456
16,4096,15.375,0.01743431098293513
16,4096,16.375,0.01799815450794995
16,4096,17.375,0.017566398018971086
16,4096,18.375,0.017589629045687616
16,4096,19.375,0.017833416000939906
16,4096,20.375,0.017341308062896132
16,4096,21.375,0.018004676094278693
16,4096,22.375,0.017653493443503976
16,4096,23.375,0.017652413982432336
16,4096,24.375,0.017649072513449937
16,4096,25.375,0.017450611456297338
16,4096,26.375,0.01795287401182577
16,4096,27.375,0.01760106103029102
16,4096,28.375,0.017551654018461704
16,4096,29.375,0.017907291476149112
16,4096,30.375,0.017630241520237178
16,4096,31.375,0.017591670039109886
16,4096,32.375,0.017556688515469432
16,4096,33.375,0.01801335351774469
16,4096,34.375,0.018260401498991996
16,4096,35.375,0.017169474042020738
16,4096,36.375,0.0176934139453806
16,4096,37.375,0.01740545401116833
16,4096,38.375,0.017864445981103927
16,4096,39.375,0.017578864528331906
16,4096,40.375,0.017659380508121103
16,4096,41.375,0.01753768598427996
16,4096,42.375,0.017651648027822375
16,4096,43.375,0.017654861439950764
16,4096,44.375,0.017655295494478196
16,4096,45.375,0.017804496979806572
16,4096,46.375,0.017750845989212394
16,4096,47.375,0.0173780579934828
16,4096,48.375,0.01766695099649951
16,4096,49.375,0.01779744355008006
16,4096,50.375,0.01752730249427259
16,4096,51.375,0.017651223053690046
16,4096,52.375,0.01797014649491757
16,4096,53.375,0.017620515485759825
16,4096,54.375,0.01758674852317199
16,4096,55.375,0.01750646799337119
16,4096,56.375,0.017775800544768572
16,4096,57.375,0.017867237969767302
16,4096,58.375,0.01748941745609045
16,4096,59.375,0.017507381504401565
16,4096,60.375,0.018107330019120127
16,4096,61.375,0.017427599988877773
16,4096,62.375,0.017752658459357917
16,4096,63.375,0.017650522000622004
16,4096,64.375,0.017686906561721116
16,4096,65.375,0.017801384499762207
16,4096,66.375,0.017569539020769298
16,4096,67.375,0.017576080979779363
16,4096,68.375,0.018077265936881304
16,4096,69.375,0.017317416495643556
16,4096,70.375,0.017840237473137677
16,4096,71.375,0.017694371461402625
16,4096,72.375,0.01760281197493896
16,4096,73.375,0.017754679487552494
16,4096,74.375,0.01760898547945544
16,4096,75.375,0.0176747984951362
16,4096,76.375,0.01782764500239864
16,4096,77.375,0.017335381999146193
16,4096,78.375,0.017763830022886395
16,4096,79.375,0.01773208094527945
16,4096,80.375,0.01780030899681151
16,4096,81.375,0.017405796505045146
16,4096,82.375,0.01771815592655912
16,4096,83.375,0.017821248911786824
16,4096,84.375,0.017846702539827675
16,4096,85.375,0.01770096446853131
16,4096,86.375,0.017638725985307246
16,4096,87.375,0.017618874553591013
16,4096,88.375,0.017976509989239275
16,4096,89.375,0.017330201517324895
16,4096,90.375,0.017851399024948478
16,4096,91.375,0.017643549013882875
16,4096,92.375,0.017663585487753153
16,4096,93.375,0.01760047656716779
16,4096,94.375,0.017540965985972434
16,4096,95.375,0.017635472991969436
16,4096,96.375,0.017818707041442394
16,4096,97.375,0.017551135970279574
16,4096,98.375,0.017552699020598084
16,4096,99.375,0.017810562974773347
16,4096,100.375,0.017851592507213354
16,4096,101.375,0.01780358253745362
16,4096,102.375,0.017579464009031653
16,4096,103.375,0.017915364529471844
16,4096,104.375,0.017472548061050475
16,4096,105.375,0.0175503104692325
16,4096,106.375,0.017953370523173362
16,4096,107.375,0.017650197027251124
16,4096,108.375,0.017582283006049693
16,4096,109.375,0.017777390487026423
16,4096,110.375,0.017964421480428427
16,4096,111.375,0.01744376594433561
16,4096,112.375,0.01765696849906817
16,4096,113.375,0.017759311012923717
16,4096,114.375,0.017649107496254146
16,4096,115.375,0.017769157013390213
16,4096,116.375,0.01756419101729989
16,4096,117.375,0.01776238199090585
16,4096,118.375,0.017785150441341102
16,4096,119.375,0.0177590919774957
16,4096,120.375,0.017771131999325007
16,4096,121.375,0.017575369973201305
16,4096,122.375,0.018314014479983598
16,4096,123.375,0.01739874144550413
16,4096,124.375,0.017545003443956375
16,4096,125.375,0.017733588931150734
16,4096,126.375,0.017842825560364872
16,4096,127.375,0.017357151431497186
16,4096,128.375,0.01771526300581172
16,4096,129.375,0.017692351015284657
16,4096,130.375,0.01802726398454979
16,4096,131.375,0.01756886951625347
16,4096,132.375,0.017612911469768733
16,4096,133.375,0.01752540050074458
16,4096,134.375,0.017714154499117285
16,4096,135.375,0.017683707003016025
16,4096,136.375,0.017567443486768752
16,4096,137.375,0.017933716531842947
16,4096,138.375,0.017587028036359698
16,4096,139.375,0.017828115494921803
16,4096,140.375,0.01785374601604417
16,4096,141.375,0.017500490474049002
16,4096,142.375,0.017597372003365308
16,4096,143.375,0.017780324968043715
16,4096,144.375,0.017997742048464715
16,4096,145.375,0.017337907978799194
16,4096,146.375,0.017623569525312632
16,4096,147.375,0.017678819480352104
16,4096,148.375,0.018285121477674693
16,4096,149.375,0.017337766010314226
16,4096,150.375,0.017864836496300995
16,4096,151.375,0.017512747028376907
16,4096,152.375,0.0180011005140841
16,4096,153.375,0.017563520988915116
16,4096,154.375,0.01755284401588142
16,4096,155.375,0.017763339972589165
16,4096,156.375,0.017817188519984484
16,4096,157.375,0.017564737994689494
16,4096,158.375,0.017815613944549114
16,4096,159.375,0.017717023962177336
16,4096,160.375,0.01772951101884246
16,4096,161.375,0.01751713699195534
16,4096,162.375,0.017835640988778323
16,4096,163.375,0.017611544986721128
16,4096,164.375,0.017644307459704578
16,4096,165.375,0.01775717647979036
16,4096,166.375,0.01774435944389552
16,4096,167.375,0.017652233073022217
16,4096,168.375,0.017967934487387538
16,4096,169.375,0.017645164974965155
16,4096,170.375,0.017548313946463168
16,4096,171.375,0.01788429747102782
16,4096,172.375,0.01794699503807351
16,4096,173.375,0.01745940395630896
16,4096,174.375,0.017682820034679025
16,4096,175.375,0.01796939503401518
16,4096,176.375,0.017459436028730124
16,4096,177.375,0.017780573049094528
16,4096,178.375,0.017751281964592636
16,4096,179.375,0.01760613202350214
16,4096,180.375,0.0177145135239698
16,4096,181.375,0.017705333535559475
16,4096,182.375,0.017649515939410776
16,4096,183.375,0.017907129018567502
16,4096,184.375,0.017735406989231706
16,4096,185.375,0.017645722487941384
16,4096,186.375,0.018074712017551064
16,4096,187.375,0.017457796551752836
16,4096,188.375,0.017877586011309177
16,4096,189.375,0.017742369032930583
16,4096,190.375,0.017622454557567835
16,4096,191.375,0.01774085743818432
16,4096,192.375,0.017656998534221202
16,4096,193.375,0.017608736467082053
16,4096,194.375,0.0179769754759036
16,4096,195.375,0.01759432052494958
16,4096,196.375,0.018328413483686745
16,4096,197.375,0.017428040504455566
16,4096,198.375,0.017838318017311394
16,4096,199.375,0.01757910056039691
16,4096,200.375,0.01776785997208208
16,4096,201.375,0.017401452001649886
16,4096,202.375,0.017753511550836265
16,4096,203.375,0.018049444479402155
16,4096,204.375,0.01754395494936034
16,4096,205.375,0.017552531033288687
16,4096,206.375,0.017889929469674826
16,4096,207.375,0.017485563992522657
16,4096,208.375,0.01778493501478806
16,4096,209.375,0.01785664149792865
16,4096,210.375,0.017752368992660195
16,4096,211.375,0.017669947468675673
16,4096,212.375,0.017665490449871868
16,4096,213.375,0.017871438059955835
16,4096,214.375,0.017708320054225624
16,4096,215.375,0.01776526204776019
16,4096,216.375,0.017841797438450158
16,4096,217.375,0.01774256455246359
16,4096,218.375,0.017631686001550406
16,4096,219.375,0.017637987504713237
16,4096,220.375,0.01783470547525212
16,4096,221.375,0.01773725199745968
16,4096,222.375,0.01749792357441038
16,4096,223.375,0.017904466425534338
16,4096,224.375,0.017877860052976757
16,4096,225.375,0.017574329976923764
16,4096,226.375,0.017856733524240553
16,4096,227.375,0.017831561563070863
16,4096,228.375,0.017753765976522118
16,4096,229.375,0.017605005006771535
16,4096,230.375,0.017684917547740042
16,4096,231.375,0.017916566517669708
16,4096,232.375,0.017677128489594907
16,4096,233.375,0.01762295700609684
16,4096,234.375,0.017862799460999668
16,4096,235.375,0.01775474549503997
16,4096,236.375,0.020596299960743636
16,4096,237.375,0.014822263503447175
16,4096,238.375,0.01776679657632485
16,4096,239.375,0.017652736452873796
16,4096,240.375,0.017579253006260842
16,4096,241.375,0.017879242484923452
16,4096,242.375,0.01781478599878028
16,4096,243.375,0.017515691986773163
16,4096,244.375,0.01790273649385199
16,4096,245.375,0.01792720303637907
16,4096,246.375,0.01794231595704332
16,4096,247.375,0.01767461944837123
16,4096,248.375,0.017697633476927876
16,4096,249.375,0.017614634009078145
16,4096,250.375,0.019322064996231347
16,6144,10.0,0.018399754480924457
16,6144,11.0,0.018795088515616953
16,6144,12.0,0.018677748506888747
16,6144,13.0,0.01848063402576372
16,6144,14.0,0.018510528025217354
16,6144,15.0,0.018632768478710204
16,6144,16.0,0.01821705052861944
16,6144,17.0,0.01876589999301359
16,6144,18.0,0.018564719473943114
16,6144,19.0,0.018470188486389816
16,6144,20.0,0.018749523966107517
16,6144,21.0,0.0181634085602127
16,6144,22.0,0.01871016202494502
16,6144,23.0,0.01833812496624887
16,6144,24.0,0.0187082159682177
16,6144,25.0,0.018605112505611032
16,6144,26.0,0.01858555746730417
16,6144,27.0,0.01806236448464915
16,6144,28.0,0.01877139153657481
16,6144,29.0,0.018314331478904933
16,6144,30.0,0.018927115481346846
16,6144,31.0,0.01833852904383093
16,6144,32.0,0.018686454044654965
16,6144,33.0,0.01840103353606537
16,6144,34.0,0.01859452750068158
16,6144,35.0,0.01871666102670133
16,6144,36.0,0.01816949900239706
16,6144,37.0,0.01856457651592791
16,6144,38.0,0.018728010531049222
16,6144,39.0,0.018757644982542843
16,6144,40.0,0.018102524511050433
16,6144,41.0,0.018347756995353848
16,6144,42.0,0.018989169504493475
16,6144,43.0,0.018407011462841183
16,6144,44.0,0.01868352002929896
16,6144,45.0,0.018540766497608274
16,6144,46.0,0.01860146754188463
16,6144,47.0,0.01825629803352058
16,6144,48.0,0.018560503027401865
16,6144,49.0,0.0184877339634113
16,6144,50.0,0.018631073005963117
16,6144,51.0,0.01840215449919924
16,6144,52.0,0.018612805986776948
16,6144,53.0,0.018468848546035588
16,6144,54.0,0.018849847023375332
16,6144,55.0,0.018286405480466783
16,6144,56.0,0.01870390900876373
16,6144,57.0,0.018504218489397317
16,6144,58.0,0.018548110558185726
16,6144,59.0,0.018524595419876277
16,6144,60.0,0.018407555005978793
16,6144,61.0,0.018744135508313775
16,6144,62.0,0.01844922103919089
16,6144,63.0,0.018577808514237404
16,6144,64.0,0.01844611653359607
16,6144,65.0,0.018390874553006142
16,6144,66.0,0.01874156401026994
16,6144,67.0,0.018259747477713972
16,6144,68.0,0.018517853517550975
16,6144,69.0,0.018875263049267232
16,6144,70.0,0.01827463594963774
16,6144,71.0,0.01867002190556377
16,6144,72.0,0.018436888058204204
16,6144,73.0,0.018558733572717756
16,6144,74.0,0.01865081093274057
16,6144,75.0,0.018441382970195264
16,6144,76.0,0.01839331100927666
16,6144,77.0,0.018670692516025156
16,6144,78.0,0.018519348581321537
16,6144,79.0,0.018805582949426025
16,6144,80.0,0.018547918938566
16,6144,81.0,0.018596439971588552
16,6144,82.0,0.018473146541509777
16,6144,83.0,0.018463169981259853
16,6144,84.0,0.018623242969624698
16,6144,85.0,0.018311505496967584
16,6144,86.0,0.01870329398661852
16,6144,87.0,0.018652052502147853
16,6144,88.0,0.018316130503080785
16,6144,89.0,0.018768938956782222
16,6144,90.0,0.018233055481687188
16,6144,91.0,0.01881403150036931
16,6144,92.0,0.01854355650721118
16,6144,93.0,0.018473491014447063
16,6144,94.0,0.018405340553727
16,6144,95.0,0.018586208461783826
16,6144,96.0,0.018600654031615704
16,6144,97.0,0.018778660509269685
16,6144,98.0,0.018605133052915335
16,6144,99.0,0.018503513012547046
16,6144,100.0,0.01841129647800699
16,6144,101.0,0.01842885452788323
16,6144,102.0,0.018645074509549886
16,6144,103.0,0.018486627552192658
16,6144,104.0,0.018449818482622504
16,6144,105.0,0.019075308518949896
16,6144,106.0,0.01824193896027282
16,6144,107.0,0.01859455998055637
16,6144,108.0,0.018611010047607124
16,6144,109.0,0.018571331980638206
16,6144,110.0,0.018249563465360552
16,6144,111.0,0.01871653849957511
16,6144,112.0,0.018389671051409096
16,6144,113.0,0.018918812507763505
16,6144,114.0,0.018246403022203594
16,6144,115.0,0.018625944445375353
16,6144,116.0,0.018514254421461374
16,6144,117.0,0.018518522498197854
16,6144,118.0,0.018586299032904208
16,6144,119.0,0.0186723240185529
16,6144,120.0,0.018426136462949216
16,6144,121.0,0.01858319400344044
16,6144,122.0,0.0186440214747563
16,6144,123.0,0.018372665042988956
16,6144,124.0,0.018830274988431484
16,6144,125.0,0.018359750509262085
16,6144,126.0,0.01859352708561346
16,6144,127.0,0.018572275002952665
16,6144,128.0,0.018211883027106524
16,6144,129.0,0.01876682706642896
16,6144,130.0,0.018696322513278574
16,6144,131.0,0.018772514536976814
16,6144,132.0,0.018378205015324056
16,6144,133.0,0.01866605901159346
16,6144,134.0,0.01866902847541496
16,6144,135.0,0.019037022022530437
16,6144,136.0,0.017824125534389168
16,6144,137.0,0.018682928988710046
16,6144,138.0,0.01940625550923869
16,6144,139.0,0.017826955940108746
16,6144,140.0,0.019036908517591655
16,6144,141.0,0.018242932972498238
16,6144,142.0,0.019162483513355255
16,6144,143.0,0.017789652512874454
16,6144,144.0,0.019038213009480387
16,6144,145.0,0.01840552396606654
16,6144,146.0,0.018942879512906075
16,6144,147.0,0.018751330964732915
16,6144,148.0,0.018722681503277272
16,6144,149.0,0.01827753847464919
16,6144,150.0,0.018572753004264086
16,6144,151.0,0.018341349496040493
16,6144,152.0,0.018704593006987125
16,6144,153.0,0.01860829902580008
16,6144,154.0,0.018465805507730693
16,6144,155.0,0.018694942526053637
16,6144,156.0,0.018690962460823357
16,6144,157.0,0.018331609549932182
16,6144,158.0,0.018591238011140376
16,6144,159.0,0.018276622460689396
16,6144,160.0,0.01912092004204169
16,6144,161.0,0.01835441403090954
16,6144,162.0,0.01881570852128789
16,6144,163.0,0.018144694506190717
16,6144,164.0,0.018909389968030155
16,6144,165.0,0.018657081993296742
16,6144,166.0,0.018709825992118567
16,6144,167.0,0.018439439998473972
16,6144,168.0,0.018551793065853417
16,6144,169.0,0.018673734972253442
16,6144,170.0,0.018960384477395564
16,6144,171.0,0.01839178253430873
16,6144,172.0,0.01827844901708886
16,6144,173.0,0.018753927492070943
16,6144,174.0,0.018511344504076988
16,6144,175.0,0.018751588591840118
16,6144,176.0,0.01850322599057108
16,6144,177.0,0.018560994998551905
16,6144,178.0,0.018534926988650113
16,6144,179.0,0.018301310017704964
16,6144,180.0,0.019098481512628496
16,6144,181.0,0.01860086346277967
16,6144,182.0,0.018085548013914376
16,6144,183.0,0.019122016499750316
16,6144,184.0,0.01851174101466313
16,6144,185.0,0.018555836053565145
16,6144,186.0,0.01840719801839441
16,6144,187.0,0.01872368052136153
16,6144,188.0,0.01893138501327485
16,6144,189.0,0.018592072476167232
16,6144,190.0,0.018440556013956666
16,6144,191.0,0.018508052977267653
16,6144,192.0,0.01857500249752775
16,6144,193.0,0.01982799550751224
16,6144,194.0,0.0175646694842726
16,6144,195.0,0.01856957102427259
16,6144,196.0,0.018343413015827537
16,6144,197.0,0.018495802476536483
16,6144,198.0,0.019084266503341496
16,6144,199.0,0.018400602973997593
16,6144,200.0,0.018676358507946134
16,6144,201.0,0.018663183960597962
16,6144,202.0,0.018371668993495405
16,6144,203.0,0.01873633050126955
16,6144,204.0,0.018608626967761666
16,6144,205.0,0.018583443481475115
16,6144,206.0,0.01871537696570158
16,6144,207.0,0.018542687001172453
16,6144,208.0,0.018528132932260633
16,6144,209.0,0.01867400750052184
16,6144,210.0,0.018540208518970758
16,6144,211.0,0.018691820034291595
16,6144,212.0,0.018869614461436868
16,6144,213.0,0.01839291659416631
16,6144,214.0,0.018610092985909432
16,6144,215.0,0.018639397516380996
16,6144,216.0,0.018586356949526817
16,6144,217.0,0.018614764499943703
16,6144,218.0,0.018665354000404477
16,6144,219.0,0.018698132480494678
16,6144,220.0,0.03415710193803534
16,6144,221.0,0.004127348016481847
16,6144,222.0,0.017823849513661116
16,6144,223.0,0.018351437989622355
16,6144,224.0,0.01881418947596103
16,6144,225.0,0.018508979002945125
16,6144,226.0,0.019106079533230513
16,6144,227.0,0.018446534988470376
16,6144,228.0,0.01875997002935037
16,6144,229.0,0.018330714025069028
16,6144,230.0,0.018853147455956787
16,6144,231.0,0.01858295197598636
16,6144,232.0,0.0184699579840526
16,6144,233.0,0.01881864294409752
16,6144,234.0,0.018501590006053448
16,6144,235.0,0.01860827096970752
16,6144,236.0,0.018994693469721824
16,6144,237.0,0.018576456990558654
16,6144,238.0,0.01847407704917714
16,6144,239.0,0.01851238706149161
16,6144,240.0,0.018867032486014068
16,6144,241.0,0.01846525102155283
16,6144,242.0,0.018408963980618864
16,6144,243.0,0.018829423002898693
16,6144,244.0,0.018555147456936538
16,6144,245.0,0.018737931037321687
16,6144,246.0,0.01846028392901644
16,6144,247.0,0.018716400489211082
16,6144,248.0,0.01847252348670736
16,6144,249.0,0.01929518295219168
32,64,5.09375,0.01609721255954355
32,64,6.09375,0.016058598004747182
32,64,7.09375,0.01585903047816828
32,64,8.09375,0.01604259095620364
32,64,9.09375,0.015660453005693853
32,64,10.09375,0.01615098351612687
32,64,11.09375,0.015959864482283592
32,64,12.09375,0.015815634978935122
32,64,13.09375,0.01616882102098316
32,64,14.09375,0.015814712445717305
32,64,15.09375,0.01619033346651122
32,64,16.09375,0.01565062697045505
32,64,17.09375,0.01588176446966827
32,64,18.09375,0.016130452451761812
32,64,19.09375,0.015716692490968853
32,64,20.09375,0.01582489802967757
32,64,21.09375,0.015961231489200145
32,64,22.09375,0.01571089751087129
32,64,23.09375,0.0158634465187788
32,64,24.09375,0.016112482990138233
32,64,25.09375,0.0156733495532535
32,64,26.09375,0.016042487986851484
32,64,27.09375,0.01597923506051302
32,64,28.09375,0.015572859963867813
32,64,29.09375,0.01591258344706148
32,64,30.09375,0.01588089991128072
32,64,31.09375,0.016073884558863938
32,64,32.09375,0.01575924945063889
32,64,33.09375,0.016061588539741933
32,64,34.09375,0.01604476646753028
32,64,35.09375,0.015608692483510822
32,64,36.09375,0.015964925521984696
32,64,37.09375,0.01590791647322476
32,64,38.09375,0.015815229038707912
32,64,39.09375,0.015949308988638222
32,64,40.09375,0.015918779536150396
32,64,41.09375,0.015920139965601265
32,64,42.09375,0.015886990004219115
32,64,43.09375,0.015826057002414018
32,64,44.09375,0.01587358198594302
32,64,45.09375,0.01612513401778415
32,64,46.09375,0.01585562201216817
32,64,47.09375,0.015841233485843986
32,64,48.09375,0.0155428780708462
32,64,49.09375,0.016055951942689717
32,64,50.09375,0.015910311019979417
32,64,51.09375,0.016112150449771434
32,64,52.09375,0.01592922501731664
32,64,53.09375,0.015810422017239034
32,64,54.09375,0.015798905515111983
32,64,55.09375,0.015911494032479823
32,64,56.09375,0.01594274747185409
32,64,57.09375,0.01584438601275906
32,64,58.09375,0.015914261515717953
32,64,59.09375,0.01564801950007677
32,64,60.09375,0.01584364997688681
32,64,61.09375,0.016043818439356983
32,64,62.09375,0.015761146554723382
32,64,63.09375,0.016058807959780097
32,64,64.09375,0.016131770971696824
32,64,65.09375,0.015912413015030324
32,64,66.09375,0.016032032493967563
32,64,67.09375,0.01606839447049424
32,64,68.09375,0.015620178426615894
32,64,69.09375,0.015777588007040322
32,64,70.09375,0.0163725494639948
32,64,71.09375,0.015854711993597448
32,64,72.09375,0.015764953976031393
32,64,73.09375,0.016045896045397967
32,64,74.09375,0.016348903416655958
32,64,75.09375,0.015509265067521483
32,64,76.09375,0.016277400485705584
32,64,77.09375,0.01599359605461359
32,64,78.09375,0.015839540981687605
32,64,79.09375,0.015648472995962948
32,64,80.09375,0.016140678490046412
32,64,81.09375,0.016097870015073568
32,64,82.09375,0.01573152851779014
32,64,83.09375,0.016229560016654432
32,64,84.09375,0.016002027958165854
32,64,85.09375,0.01577104500029236
32,64,86.09375,0.01607731549302116
32,64,87.09375,0.016132280987221748
32,64,88.09375,0.015789015509653836
32,64,89.09375,0.016105005983263254
32,64,90.09375,0.016146173060406
32,64,91.09375,0.015811064979061484
32,64,92.09375,0.015946651459671557
32,64,93.09375,0.015859587001614273
32,64,94.09375,0.016210446076001972
32,64,95.09375,0.016229926492087543
32,64,96.09375,0.015836625534575433
32,64,97.09375,0.01578206050908193
32,64,98.09375,0.01587519299937412
32,64,99.09375,0.016022563038859516
32,64,100.09375,0.016092240519355983
32,64,101.09375,0.016195781994611025
32,64,102.09375,0.015609816473443061
32,64,103.09375,0.016189710469916463
32,64,104.09375,0.015770776488352567
32,64,105.09375,0.015946523984894156
32,64,106.09375,0.015745216514915228
32,64,107.09375,0.01597936445614323
32,64,108.09375,0.016170338552910835
32,64,109.09375,0.015804149443283677
32,64,110.09375,0.016035347478464246
32,64,111.09375,0.01595363498199731
32,64,112.09375,0.016112611046992242
32,64,113.09375,0.01601906807627529
32,64,114.09375,0.01638510503107682
32,64,115.09375,0.015274251927621663
32,64,116.09375,0.016479018435347825
32,64,117.09375,0.01570874050958082
32,64,118.09375,0.01612732803914696
32,64,119.09375,0.01561229897197336
32,64,120.09375,0.016351346508599818
32,64,121.09375,0.015610104484949261
32,64,122.09375,0.016221752972342074
32,64,123.09375,0.015573076962027699
32,64,124.09375,0.01659616403048858
32,64,125.09375,0.01618863904150203
32,64,126.09375,0.015583736530970782
32,64,127.09375,0.015899814490694553
32,64,128.09375,0.015959289972670376
32,64,129.09375,0.01621848501963541
32,64,130.09375,0.015788607532158494
32,64,131.09375,0.016302683507092297
32,64,132.09375,0.015907422464806587
32,64,133.09375,0.016117368009872735
32,64,134.09375,0.01542766799684614
32,64,135.09375,0.016686701506841928
32,64,136.09375,0.015851556963752955
32,64,137.09375,0.016259268042631447
32,64,138.09375,0.015509877528529614
32,64,139.09375,0.01625075947958976
32,64,140.09375,0.01573320449097082
32,64,141.09375,0.016029139456804842
32,64,142.09375,0.015654004004318267
32,64,143.09375,0.01604532852070406
32,64,144.09375,0.016037638939451426
32,64,145.09375,0.015984202967956662
32,64,146.09375,0.016035782464314252
32,64,147.09375,0.016747704532463104
32,64,148.09375,0.01531365147093311
32,64,149.09375,0.01570071600144729
32,64,150.09375,0.01596954994602129
32,64,151.09375,0.015926587977446616
32,64,152.09375,0.016030402504839003
32,64,153.09375,0.016052337537985295
32,64,154.09375,0.01595217047724873
32,64,155.09375,0.016095771978143603
32,64,156.09375,0.016027912497520447
32,64,157.09375,0.01577990350779146
32,64,158.09375,0.01574619807070121
32,64,159.09375,0.01602309144800529
32,64,160.09375,0.016237268573604524
32,64,161.09375,0.015957563009578735
32,64,162.09375,0.015956701070535928
32,64,163.09375,0.015985040517989546
32,64,164.09375,0.01589635544223711
32,64,165.09375,0.015873057069256902
32,64,166.09375,0.016582082025706768
32,64,167.09375,0.015606458531692624
32,64,168.09375,0.0161461285315454
32,64,169.09375,0.0155970465275459
32,64,170.09375,0.01638281950727105
32,64,171.09375,0.01623595447745174
32,64,172.09375,0.01575967756798491
32,64,173.09375,0.016021739051211625
32,64,174.09375,0.01616069645388052
32,64,175.09375,0.01606788602657616
32,64,176.09375,0.016144232999067754
32,64,177.09375,0.015604634478222579
32,64,178.09375,0.016065828502178192
32,64,179.09375,0.016279789444524795
32,64,180.09375,0.015535963466390967
32,64,181.09375,0.01599544397322461
32,64,182.09375,0.016089171986095607
32,64,183.09375,0.01604785944800824
32,64,184.09375,0.016103071975521743
32,64,185.09375,0.016226124484091997
32,64,186.09375,0.015758702473249286
32,64,187.09375,0.015884777007158846
32,64,188.09375,0.0162799134850502
32,64,189.09375,0.016003176453523338
32,64,190.09375,0.016063725051935762
32,64,191.09375,0.016040307062212378
32,64,192.09375,0.015690419997554272
32,64,193.09375,0.016043539973907173
32,64,194.09375,0.016021134972106665
32,64,195.09375,0.016223913989961147
32,64,196.09375,0.016305256984196603
32,64,197.09375,0.015920987003482878
32,64,198.09375,0.015978887968230993
32,64,199.09375,0.01628196402452886
32,64,200.09375,0.015975077520124614
32,64,201.09375,0.016112254466861486
32,64,202.09375,0.01611570903332904
32,64,203.09375,0.016307376499753445
32,64,204.09375,0.0163321205182001
32,64,205.09375,0.01602190302219242
32,64,206.09375,0.01607125799637288
32,64,207.09375,0.01627308747265488
32,64,208.09375,0.015926516498439014
32,64,209.09375,0.016417326463852078
32,64,210.09375,0.01628585805883631
32,64,211.09375,0.016168014029972255
32,64,212.09375,0.01594276452669874
32,64,213.09375,0.016060189460404217
32,64,214.09375,0.016130849486216903
32,64,215.09375,0.016175383469089866
32,64,216.09375,0.016204057494178414
32,64,217.09375,0.01573816849850118
32,64,218.09375,0.016681431501638144
32,64,219.09375,0.015656104951631278
32,64,220.09375,0.016160182014573365
32,64,221.09375,0.016360098961740732
32,64,222.09375,0.01584642002126202
32,64,223.09375,0.016340505972038954
32,64,224.09375,0.016204566520173103
32,64,225.09375,0.015774333442095667
32,64,226.09375,0.016101523011457175
32,64,227.09375,0.016574862995184958
32,64,228.09375,0.015769516001455486
32,64,229.09375,0.016495328512974083
32,64,230.09375,0.015954783535562456
32,64,231.09375,0.016144699533469975
32,64,232.09375,0.016558126488234848
32,64,233.09375,0.01571063499432057
32,64,234.09375,0.016219681478105485
32,64,235.09375,0.016301782510709018
32,64,236.09375,0.01595664693741128
32,64,237.09375,0.016252455476205796
32,64,238.09375,0.01601013052277267
32,64,239.09375,0.016158561455085874
32,64,240.09375,0.016251968452706933
32,64,241.09375,0.016108510026242584
32,64,242.09375,0.015861016465350986
32,64,243.09375,0.016467470966745168
32,64,244.09375,0.016235363553278148
32,64,245.09375,0.016239624994341284
32,64,246.09375,0.01581897196592763
32,64,247.09375,0.01608285150723532
32,64,248.09375,0.016119286534376442
32,64,249.09375,0.016171944502275437
32,64,250.09375,0.016954101505689323
32,64,251.09375,0.01555442955577746
32,64,252.09375,0.016103627916891128
32,64,253.09375,0.016891694511286914
32,256,5.0625,0.016419941501226276
32,256,6.0625,0.01599126250948757
32,256,7.0625,0.016418517043348402
32,256,8.0625,0.01637895597377792
32,256,9.0625,0.016032050480134785
32,256,10.0625,0.016595793480519205
32,256,11.0625,0.01598387403646484
32,256,12.0625,0.015702373522799462
32,256,13.0625,0.021517619024962187
32,256,14.0625,0.01133621099870652
32,256,15.0625,0.016500919009558856
32,256,16.0625,0.01594004943035543
32,256,17.0625,0.015830478456337005
32,256,18.0625,0.01656187605112791
32,256,19.0625,0.015944169485010207
32,256,20.0625,0.016240546014159918
32,256,21.0625,0.016172682982869446
32,256,22.0625,0.016488918976392597
32,256,23.0625,0.0157678805408068
32,256,24.0625,0.01652522850781679
32,256,25.0625,0.016018285998143256
32,256,26.0625,0.01581644348334521
32,256,27.0625,0.016573258442804217
32,256,28.0625,0.01584809151245281
32,256,29.0625,0.016237827017903328
32,256,30.0625,0.01585893996525556
32,256,31.0625,0.016493946954142302
32,256,32.0625,0.015948026499245316
32,256,33.0625,0.016188094043172896
32,256,34.0625,0.01621050899848342
32,256,35.0625,0.01601055299397558
32,256,36.0625,0.016659457003697753
32,256,37.0625,0.015994971443433315
32,256,38.0625,0.01590230147121474
32,256,39.0625,0.016000356001313776
32,256,40.0625,0.016226225590799004
32,256,41.0625,0.016094437043648213
32,256,42.0625,0.016471827984787524
32,256,43.0625,0.01574806700227782
32,256,44.0625,0.01606566400732845
32,256,45.0625,0.016335268039256334
32,256,46.0625,0.015976670547388494
32,256,47.0625,0.016414259560406208
32,256,48.0625,0.016266713966615498
32,256,49.0625,0.015978818526491523
32,256,50.0625,0.0160513604641892
32,256,51.0625,0.016055793967097998
32,256,52.0625,0.016366462514270097
32,256,53.0625,0.016308598045725375
32,256,54.0625,0.016015344532206655
32,256,55.0625,0.01639425748726353
32,256,56.0625,0.015873075928539038
32,256,57.0625,0.016338985005859286
32,256,58.0625,0.01600946596590802
32,256,59.0625,0.016143654996994883
32,256,60.0625,0.016098432010039687
32,256,61.0625,0.016045636031776667
32,256,62.0625,0.016294803470373154
32,256,63.0625,0.016265810991171747
32,256,64.0625,0.01614854548824951
32,256,65.0625,0.016221313970163465
32,256,66.0625,0.015950258472003043
32,256,67.0625,0.01623199350433424
32,256,68.0625,0.016016896930523217
32,256,69.0625,0.016701179964002222
32,256,70.0625,0.01589604449691251
32,256,71.0625,0.016090743010863662
32,256,72.0625,0.01611155748832971
32,256,73.0625,0.01623500301502645
32,256,74.0625,0.01613865653052926
32,256,75.0625,0.016217972442973405
32,256,76.0625,0.01640382152982056
32,256,77.0625,0.01611949148355052
32,256,78.0625,0.01593929051887244
32,256,79.0625,0.016164978442247957
32,256,80.0625,0.01624536601593718
32,256,81.0625,0.016269204032141715
32,256,82.0625,0.01594590046443045
32,256,83.0625,0.016226857027504593
32,256,84.0625,0.016123692563269287
32,256,85.0625,0.01623606396606192
32,256,86.0625,0.016128190036397427
32,256,87.0625,0.016204354469664395
32,256,88.0625,0.01607624045573175
32,256,89.0625,0.015970812470186502
32,256,90.0625,0.01615083747310564
32,256,91.0625,0.016005902492906898
32,256,92.0625,0.016808805987238884
32,256,93.0625,0.015738130547106266
32,256,94.0625,0.016353636980056763
32,256,95.0625,0.015865291992668062
32,256,96.0625,0.01634819945320487
32,256,97.0625,0.016032360028475523
32,256,98.0625,0.01617704494856298
32,256,99.0625,0.016229688946623355
32,256,100.0625,0.016022231546230614
32,256,101.0625,0.016349107027053833
32,256,102.0625,0.016033192456234246
32,256,103.0625,0.016397504485212266
32,256,104.0625,0.016167695983313024
32,256,105.0625,0.016050314530730247
32,256,106.0625,0.016284468001686037
32,256,107.0625,0.016058205044828355
32,256,108.0625,0.016103106027003378
32,256,109.0625,0.01633276097709313
32,256,110.0625,0.016039005480706692
32,256,111.0625,0.01632426999276504
32,256,112.0625,0.015941628022119403
32,256,113.0625,0.01629663450876251
32,256,114.0625,0.0162242894875817
32,256,115.0625,0.016256080009043217
32,256,116.0625,0.016263849043752998
32,256,117.0625,0.01623379299417138
32,256,118.0625,0.01615569757996127
32,256,119.0625,0.016105610004160553
32,256,120.0625,0.016470720525830984
32,256,121.0625,0.015859925537370145
32,256,122.0625,0.016298216476570815
32,256,123.0625,0.016220264544244856
32,256,124.0625,0.01638839952647686
32,256,125.0625,0.016223313519731164
32,256,126.0625,0.016293409920763224
32,256,127.0625,0.016187390021514148
32,256,128.0625,0.015936609532218426
32,256,129.0625,0.016687872994225472
32,256,130.0625,0.015599175996612757
32,256,131.0625,0.016213051974773407
32,256,132.0625,0.016171982570085675
32,256,133.0625,0.016341416514478624
32,256,134.0625,0.016071913472842425
32,256,135.0625,0.016095356491860002
32,256,136.0625,0.016225154977291822
32,256,137.0625,0.016338219516910613
32,256,138.0625,0.016265743470285088
32,256,139.0625,0.016091441502794623
32,256,140.0625,0.016575901478063315
32,256,141.0625,0.01605535246198997
32,256,142.0625,0.01625505945412442
32,256,143.0625,0.016209970461204648
32,256,144.0625,0.015941984544042498
32,256,145.0625,0.016440943989437073
32,256,146.0625,0.016049827565439045
32,256,147.0625,0.016457057499792427
32,256,148.0625,0.015852176991757005
32,256,149.0625,0.016527577012311667
32,256,150.0625,0.015630580484867096
32,256,151.0625,0.01626215549185872
32,256,152.0625,0.016293639491777867
32,256,153.0625,0.01645746745634824
32,256,154.0625,0.015824076544959098
32,256,155.0625,0.016055227955803275
32,256,156.0625,0.016625923512037843
32,256,157.0625,0.015958222560584545
32,256,158.0625,0.016314616543240845
32,256,159.0625,0.016719427949283272
32,256,160.0625,0.015624863503035158
32,256,161.0625,0.016254055022727698
32,256,162.0625,0.01627872296376154
32,256,163.0625,0.01628976152278483
32,256,164.0625,0.015957413997966796
32,256,165.0625,0.016755900054704398
32,256,166.0625,0.015650405024643987
32,256,167.0625,0.01644872350152582
32,256,168.0625,0.016446599503979087
32,256,169.0625,0.01585680100833997
32,256,170.0625,0.017127143451943994
32,256,171.0625,0.01567770354449749
32,256,172.0625,0.01590025395853445
32,256,173.0625,0.01629690098343417
32,256,174.0625,0.016028993006329983
32,256,175.0625,0.016506063984706998
32,256,176.0625,0.016176823002751917
32,256,177.0625,0.016215215029660612
32,256,178.0625,0.01651397143723443
32,256,179.0625,0.016477665049023926
32,256,180.0625,0.015829867508728057
32,256,181.0625,0.016415749036241323
32,256,182.0625,0.016117086517624557
32,256,183.0625,0.01635156001430005
32,256,184.0625,0.0161180539871566
32,256,185.0625,0.016210981528274715
32,256,186.0625,0.01607624051393941
32,256,187.0625,0.016437368467450142
32,256,188.0625,0.01603931048884988
32,256,189.0625,0.016281169489957392
32,256,190.0625,0.016477321973070502
32,256,191.0625,0.016311182058416307
32,256,192.0625,0.0158834244357422
32,256,193.0625,0.016111184027977288
32,256,194.0625,0.016114673053380102
32,256,195.0625,0.01623767492128536
32,256,196.0625,0.016592021973337978
32,256,197.0625,0.0157950310385786
32,256,198.0625,0.01622944144764915
32,256,199.0625,0.016306826495565474
32,256,200.0625,0.016223322483710945
32,256,201.0625,0.01649966201512143
32,256,202.0625,0.016094275459181517
32,256,203.0625,0.016067771532107145
32,256,204.0625,0.01643198449164629
32,256,205.0625,0.016336941975168884
32,256,206.0625,0.01617502252338454
32,256,207.0625,0.01646694802911952
32,256,208.0625,0.016228335443884134
32,256,209.0625,0.01615245797438547
32,256,210.0625,0.016000912990421057
32,256,211.0625,0.01638354850001633
32,256,212.0625,0.016190420545171946
32,256,213.0625,0.01654725248226896
32,256,214.0625,0.01596877700649202
32,256,215.0625,0.016175301047042012
32,256,216.0625,0.016371953999623656
32,256,217.0625,0.0162617169553414
32,256,218.0625,0.016222107980865985
32,256,219.0625,0.01651859551202506
32,256,220.0625,0.0161466880235821
32,256,221.0625,0.016353571962099522
32,256,222.0625,0.01619669352658093
32,256,223.0625,0.0162968939403072
32,256,224.0625,0.0161149519844912
32,256,225.0625,0.016435654484666884
32,256,226.0625,0.01606306550092995
32,256,227.0625,0.016402712964918464
32,256,228.0625,0.016219450975768268
32,256,229.0625,0.01628902950324118
32,256,230.0625,0.01634448004188016
32,256,231.0625,0.01625680399592966
32,256,232.0625,0.016601553943473846
32,256,233.0625,0.01573832699796185
32,256,234.0625,0.016794480034150183
32,256,235.0625,0.015990585496183485
32,256,236.0625,0.015990048530511558
32,256,237.0625,0.016587792022619396
32,256,238.0625,0.01594066695543006
32,256,239.0625,0.01630739198299125
32,256,240.0625,0.016445891524199396
32,256,241.0625,0.016211492009460926
32,256,242.0625,0.016194626048672944
32,256,243.0625,0.016553881985601038
32,256,244.0625,0.015979998977854848
32,256,245.0625,0.01653738645836711
32,256,246.0625,0.016202047001570463
32,256,247.0625,0.016112609999254346
32,256,248.0625,0.016306701465509832
32,256,249.0625,0.016268780978862196
32,256,250.0625,0.01627692155307159
32,256,251.0625,0.016420108499005437
32,256,252.0625,0.01620216405717656
32,256,253.0625,0.016720957995858043
32,256,254.0625,0.016332917439285666
32,1024,6.375,0.016571338986977935
32,1024,7.375,0.01720871648285538
32,1024,8.375,0.016931610007304698
32,1024,9.375,0.01674477447522804
32,1024,10.375,0.017254612466786057
32,1024,11.375,0.016949042968917638
32,1024,12.375,0.017157069058157504
32,1024,13.375,0.016645069990772754
32,1024,14.375,0.01693329802947119
32,1024,15.375,0.0166915999725461
32,1024,16.375,0.016711955424398184
32,1024,17.375,0.017175797023810446
32,1024,18.375,0.01668652956141159
32,1024,19.375,0.017019160033669323
32,1024,20.375,0.016871356521733105
32,1024,21.375,0.016853879555128515
32,1024,22.375,0.01641123805893585
32,1024,23.375,0.016949542507063597
32,1024,24.375,0.016789682034868747
32,1024,25.375,0.016816847026348114
32,1024,26.375,0.01703210547566414
32,1024,27.375,0.016914997017011046
32,1024,28.375,0.01693524100119248
32,1024,29.375,0.01701730099739507
32,1024,30.375,0.016981119522824883
32,1024,31.375,0.020024460507556796
32,1024,32.375,0.014103747031185776
32,1024,33.375,0.01639583450742066
32,1024,34.375,0.016779906523879617
32,1024,35.375,0.017214042483828962
32,1024,36.375,0.016653509461320937
32,1024,37.375,0.016970844066236168
32,1024,38.375,0.01677539449883625
32,1024,39.375,0.01686889847042039
32,1024,40.375,0.016869310988113284
32,1024,41.375,0.017079197510611266
32,1024,42.375,0.01672083104494959
32,1024,43.375,0.01666291948640719
32,1024,44.375,0.017141832504421473
32,1024,45.375,0.016674672544468194
32,1024,46.375,0.01688217301853001
32,1024,47.375,0.017160325485747308
32,1024,48.375,0.01665272453101352
32,1024,49.375,0.016816426534205675
32,1024,50.375,0.01701781206065789
32,1024,51.375,0.016754837532062083
32,1024,52.375,0.016719522478524595
32,1024,53.375,0.0167733674752526
32,1024,54.375,0.0171498644631356
32,1024,55.375,0.016939303022809327
32,1024,56.375,0.016711920965462923
32,1024,57.375,0.016908460471313447
32,1024,58.375,0.016284372482914478
32,1024,59.375,0.01691163348732516
32,1024,60.375,0.0168062950251624
32,1024,61.375,0.01673551445128396
32,1024,62.375,0.017112142988480628
32,1024,63.375,0.01683380000758916
32,1024,64.375,0.016803012462332845
32,1024,65.375,0.016921465459745377
32,1024,66.375,0.016828284016810358
32,1024,67.375,0.016867730009835213
32,1024,68.375,0.017194764513988048
32,1024,69.375,0.01671567402081564
32,1024,70.375,0.01639679353684187
32,1024,71.375,0.016839557036291808
32,1024,72.375,0.01684201305033639
32,1024,73.375,0.01717387099051848
32,1024,74.375,0.017167897487524897
32,1024,75.375,0.016775080061051995
32,1024,76.375,0.016850068524945527
32,1024,77.375,0.016863659548107535
32,1024,78.375,0.016872162057552487
32,1024,79.375,0.016566056467127055
32,1024,80.375,0.017370185523759574
32,1024,81.375,0.016715752484742552
32,1024,82.375,0.016815371927805245
32,1024,83.375,0.016898534959182143
32,1024,84.375,0.01680989097803831
32,1024,85.375,0.016978802508674562
32,1024,86.375,0.017169157974421978
32,1024,87.375,0.017047366010956466
32,1024,88.375,0.016881271032616496
32,1024,89.375,0.017110287444666028
32,1024,90.375,0.01668468804564327
32,1024,91.375,0.016712612414266914
32,1024,92.375,0.016979784530121833
32,1024,93.375,0.017555033962707967
32,1024,94.375,0.016201810503844172
32,1024,95.375,0.016893798019737005
32,1024,96.375,0.01688192249275744
32,1024,97.375,0.01697968103690073
32,1024,98.375,0.01651663746451959
32,1024,99.375,0.0171798174851574
32,1024,100.375,0.01706251100404188
32,1024,101.375,0.017010753508657217
32,1024,102.375,0.01683191250776872
32,1024,103.375,0.017089037981349975
32,1024,104.375,0.016694223508238792
32,1024,105.375,0.016977426479570568
32,1024,106.375,0.016643796989228576
32,1024,107.375,0.017010609444696456
32,1024,108.375,0.01693674555281177
32,1024,109.375,0.016962020948994905
32,1024,110.375,0.016702308028470725
32,1024,111.375,0.017147671023849398
32,1024,112.375,0.016815729963127524
32,1024,113.375,0.01679546997183934
32,1024,114.375,0.016878825495950878
32,1024,115.375,0.01715656550368294
32,1024,116.375,0.01692104194080457
32,1024,117.375,0.01679794251685962
32,1024,118.375,0.01687058649258688
32,1024,119.375,0.017096330469939858
32,1024,120.375,0.01698532054433599
32,1024,121.375,0.01685166801325977
32,1024,122.375,0.01697870943462476
32,1024,123.375,0.0170814489829354
32,1024,124.375,0.016652121499646455
32,1024,125.375,0.016936532978434116
32,1024,126.375,0.016947872005403042
32,1024,127.375,0.016947461990639567
32,1024,128.375,0.01699292048579082
32,1024,129.375,0.01684837747598067
32,1024,130.375,0.017177127941977233
32,1024,131.375,0.01672817557118833
32,1024,132.375,0.017056610027793795
32,1024,133.375,0.016867230995558202
32,1024,134.375,0.01677071349695325
32,1024,135.375,0.016967143979854882
32,1024,136.375,0.017031679512001574
32,1024,137.375,0.016813797526992857
32,1024,138.375,0.017249647993594408
32,1024,139.375,0.01688722154358402
32,1024,140.375,0.016709326533600688
32,1024,141.375,0.017157363530714065
32,1024,142.375,0.016863357508555055
32,1024,143.375,0.01682771899504587
32,1024,144.375,0.01714513497427106
32,1024,145.375,0.016989454976283014
32,1024,146.375,0.016749446047469974
32,1024,147.375,0.01700160646578297
32,1024,148.375,0.01699935895157978
32,1024,149.375,0.01707475504372269
32,1024,150.375,0.017001310945488513
32,1024,151.375,0.016707286471500993
32,1024,152.375,0.01700394949875772
32,1024,153.375,0.01699465501587838
32,1024,154.375,0.016931254998780787
32,1024,155.375,0.0168661514762789
32,1024,156.375,0.01721410098252818
32,1024,157.375,0.01667116495082155
32,1024,158.375,0.017020672967191786
32,1024,159.375,0.017019294027704746
32,1024,160.375,0.017232125508598983
32,1024,161.375,0.016995767480693758
32,1024,162.375,0.016947599011473358
32,1024,163.375,0.017139403498731554
32,1024,164.375,0.016994186968076974
32,1024,165.375,0.016818948031868786
32,1024,166.375,0.017182074952870607
32,1024,167.375,0.016912011022213846
32,1024,168.375,0.016817590920254588
32,1024,169.375,0.017067107546608895
32,1024,170.375,0.016774080460891128
32,1024,171.375,0.017238122469279915
32,1024,172.375,0.01716493902495131
32,1024,173.375,0.016771305992733687
32,1024,174.375,0.016956102510448545
32,1024,175.375,0.01682900049490854
32,1024,176.375,0.016680669505149126
32,1024,177.375,0.017307302507106215
32,1024,178.375,0.016749471484217793
32,1024,179.375,0.017100264958571643
32,1024,180.375,0.016928318480495363
32,1024,181.375,0.016938911518082023
32,1024,182.375,0.01713847351493314
32,1024,183.375,0.016753527510445565
32,1024,184.375,0.016868056962266564
32,1024,185.375,0.017209079465828836
32,1024,186.375,0.016903436451684684
32,1024,187.375,0.016868183971382678
32,1024,188.375,0.01706981548340991
32,1024,189.375,0.01722141046775505
32,1024,190.375,0.017158561036922038
32,1024,191.375,0.0170038309879601
32,1024,192.375,0.016622368479147553
32,1024,193.375,0.01687729952391237
32,1024,194.375,0.01701673452043906
32,1024,195.375,0.017009575036354363
32,1024,196.375,0.017045693937689066
32,1024,197.375,0.016797443036921322
32,1024,198.375,0.01700877456460148
32,1024,199.375,0.017289092007558793
32,1024,200.375,0.016879309026990086
32,1024,201.375,0.016788682027254254
32,1024,202.375,0.01678044447908178
32,1024,203.375,0.017439073999412358
32,1024,204.375,0.016814194037579
32,1024,205.375,0.017066083499230444
32,1024,206.375,0.01695678848773241
32,1024,207.375,0.016749717004131526
32,1024,208.375,0.01678764953976497
32,1024,209.375,0.017673379508778453
32,1024,210.375,0.016605588549282402
32,1024,211.375,0.017267484974581748
32,1024,212.375,0.016775019059423357
32,1024,213.375,0.01706628146348521
32,1024,214.375,0.016563391545787454
32,1024,215.375,0.017499542504083365
32,1024,216.375,0.016299402515869588
32,1024,217.375,0.017496162094175816
32,1024,218.375,0.01683456002501771
32,1024,219.375,0.01662872004089877
32,1024,220.375,0.016978971485514194
32,1024,221.375,0.017454192566219717
32,1024,222.375,0.01651064900215715
32,1024,223.375,0.017460868984926492
32,1024,224.375,0.016972270503174514
32,1024,225.375,0.016548571991734207
32,1024,226.375,0.017053251969628036
32,1024,227.375,0.017171268060337752
32,1024,228.375,0.01679969095857814
32,1024,229.375,0.018248313514050096
32,1024,230.375,0.016703472996596247
32,1024,231.375,0.01653169555356726
32,1024,232.375,0.017212900973390788
32,1024,233.375,0.016994593024719507
32,1024,234.375,0.017092274501919746
32,1024,235.375,0.017237355990801007
32,1024,236.375,0.017164424003567547
32,1024,237.375,0.01671984646236524
32,1024,238.375,0.01676931750262156
32,1024,239.375,0.017168993421364576
32,1024,240.375,0.01722893404075876
32,1024,241.375,0.01696881646057591
32,1024,242.375,0.01747879449976608
32,1024,243.375,0.016590102517511696
32,1024,244.375,0.016938095970544964
32,1024,245.375,0.01666382548864931
32,1024,246.375,0.01720446953549981
32,1024,247.375,0.016928364522755146
32,1024,248.375,0.016913865983951837
32,1024,249.375,0.01707843440817669
32,1024,250.375,0.017083506972994655
32,1024,251.375,0.017789409961551428
32,4096,12.1875,0.019285642018076032
32,4096,13.1875,0.019770076498389244
32,4096,14.1875,0.01937943749362603
32,4096,15.1875,0.020111931022256613
32,4096,16.1875,0.01943059649784118
32,4096,17.1875,0.019314036529976875
32,4096,18.1875,0.019573173485696316
32,4096,19.1875,0.019578102452214807
32,4096,20.1875,0.01998667954467237
32,4096,21.1875,0.019408368971198797
32,4096,22.1875,0.01919598353561014
32,4096,23.1875,0.019376901036594063
32,4096,24.1875,0.019517275562975556
32,4096,25.1875,0.020127085968852043
32,4096,26.1875,0.01981135446112603
32,4096,27.1875,0.019104103441350162
32,4096,28.1875,0.019254186016041785
32,4096,29.1875,0.019484528515022248
32,4096,30.1875,0.0198631405364722
32,4096,31.1875,0.019951516936998814
32,4096,32.1875,0.019258422951679677
32,4096,33.1875,0.019407160521950573
32,4096,34.1875,0.01943609694717452
32,4096,35.1875,0.019560384040232748
32,4096,36.1875,0.019759925489779562
32,4096,37.1875,0.019310702453367412
32,4096,38.1875,0.019399495038669556
32,4096,39.1875,0.019482301955576986
32,4096,40.1875,0.019796253996901214
32,4096,41.1875,0.019964684441220015
32,4096,42.1875,0.01905313099268824
32,4096,43.1875,0.01936752797337249
32,4096,44.1875,0.01950135244987905
32,4096,45.1875,0.01978684647474438
32,4096,46.1875,0.01964012999087572
32,4096,47.1875,0.019466708472464234
32,4096,48.1875,0.019224042014684528
32,4096,49.1875,0.01967206853441894
32,4096,50.1875,0.019799836503807455
32,4096,51.1875,0.019506934913806617
32,4096,52.1875,0.01950145303271711
32,4096,53.1875,0.01939120498718694
32,4096,54.1875,0.019415653543546796
32,4096,55.1875,0.019912165473215282
32,4096,56.1875,0.019789836544077843
32,4096,57.1875,0.019413450034335256
32,4096,58.1875,0.021280821005348116
32,4096,59.1875,0.01772091642487794
32,4096,60.1875,0.019460824492853135
32,4096,61.1875,0.020408139564096928
32,4096,62.1875,0.019043741456698626
32,4096,63.1875,0.019251102989073843
32,4096,64.1875,0.019606532994657755
32,4096,65.1875,0.020027884049341083
32,4096,66.1875,0.019666992069687694
32,4096,67.1875,0.018960410496219993
32,4096,68.1875,0.01926196803105995
32,4096,69.1875,0.019620731472969055
32,4096,70.1875,0.019710736465640366
32,4096,71.1875,0.019748415506910533
32,4096,72.1875,0.019655476498883218
32,4096,73.1875,0.019537894462700933
32,4096,74.1875,0.01953484007390216
32,4096,75.1875,0.019402027945034206
32,4096,76.1875,0.019523841445334256
32,4096,77.1875,0.019688297528773546
32,4096,78.1875,0.01973115303553641
32,4096,79.1875,0.01932668499648571
32,4096,80.1875,0.019328293448779732
32,4096,81.1875,0.019719690491911024
32,4096,82.1875,0.0198084315052256
32,4096,83.1875,0.01933845301391557
32,4096,84.1875,0.0196137975435704
32,4096,85.1875,0.01936621800996363
32,4096,86.1875,0.01979544898495078
32,4096,87.1875,0.019458458526059985
32,4096,88.1875,0.019518054963555187
32,4096,89.1875,0.019654914503917098
32,4096,90.1875,0.01948593999259174
32,4096,91.1875,0.020053537969943136
32,4096,92.1875,0.019552401441615075
32,4096,93.1875,0.01920652494300157
32,4096,94.1875,0.019783872470725328
32,4096,95.1875,0.019419730524532497
32,4096,96.1875,0.01982242095982656
32,4096,97.1875,0.019302821543533355
32,4096,98.1875,0.019739317940548062
32,4096,99.1875,0.019686384533997625
32,4096,100.1875,0.020008444495033473
32,4096,101.1875,0.01931018749019131
32,4096,102.1875,0.019340448488947004
32,4096,103.1875,0.019735956040676683
32,4096,104.1875,0.019505084492266178
32,4096,105.1875,0.019737229973543435
32,4096,106.1875,0.02001465403009206
32,4096,107.1875,0.0196363550494425
32,4096,108.1875,0.019403367477934808
32,4096,109.1875,0.019757377449423075
32,4096,110.1875,0.01932402851525694
32,4096,111.1875,0.019706175953615457
32,4096,112.1875,0.019816842046566308
32,4096,113.1875,0.019603397988248616
32,4096,114.1875,0.019481929950416088
32,4096,115.1875,0.019618189020548016
32,4096,116.1875,0.019706521939951926
32,4096,117.1875,0.019664887455292046
32,4096,118.1875,0.01960792246973142
32,4096,119.1875,0.019403669983148575
32,4096,120.1875,0.019556959450710565
32,4096,121.1875,0.019630839000456035
32,4096,122.1875,0.01978432049509138
32,4096,123.1875,0.019521726469974965
32,4096,124.1875,0.019801753980573267
32,4096,125.1875,0.01967829850036651
32,4096,126.1875,0.01922185451257974
32,4096,127.1875,0.02003798499936238
32,4096,128.1875,0.01986588293220848
32,4096,129.1875,0.01922794448910281
32,4096,130.1875,0.020034131943248212
32,4096,131.1875,0.019171571009792387
32,4096,132.1875,0.019486994482576847
32,4096,133.1875,0.01937669754261151
32,4096,134.1875,0.019694811024237424
32,4096,135.1875,0.0196635719621554
32,4096,136.1875,0.01963848201557994
32,4096,137.1875,0.019542217021808028
32,4096,138.1875,0.02008285600459203
32,4096,139.1875,0.019167394493706524
32,4096,140.1875,0.01975835848134011
32,4096,141.1875,0.01947782002389431
32,4096,142.1875,0.01943649904569611
32,4096,143.1875,0.01949809241341427
32,4096,144.1875,0.019620164530351758
32,4096,145.1875,0.019709751941263676
32,4096,146.1875,0.019725827500224113
32,4096,147.1875,0.019523562456015497
32,4096,148.1875,0.019779356545768678
32,4096,149.1875,0.019502297043800354
32,4096,150.1875,0.01955447148066014
32,4096,151.1875,0.019647792971227318
32,4096,152.1875,0.019633949967101216
32,4096,153.1875,0.01993144251173362
32,4096,154.1875,0.019252560508903116
32,4096,155.1875,0.020112217462155968
32,4096,156.1875,0.019665838044602424
32,4096,157.1875,0.019644997431896627
32,4096,158.1875,0.01968341856263578
32,4096,159.1875,0.01961217453936115
32,4096,160.1875,0.019670551526360214
32,4096,161.1875,0.019699279044289142
32,4096,162.1875,0.019712862966116518
32,4096,163.1875,0.01978756400058046
32,4096,164.1875,0.019269722048193216
32,4096,165.1875,0.019625240995083004
32,4096,166.1875,0.01976188796106726
32,4096,167.1875,0.019693405542057008
32,4096,168.1875,0.01967196399345994
32,4096,169.1875,0.019483176001813263
32,4096,170.1875,0.019735622976440936
32,4096,171.1875,0.019771759514696896
32,4096,172.1875,0.019625161483418196
32,4096,173.1875,0.01930508902296424
32,4096,174.1875,0.019736705464310944
32,4096,175.1875,0.019821293011773378
32,4096,176.1875,0.019475223496556282
32,4096,177.1875,0.01964446547208354
32,4096,178.1875,0.019622835505288094
32,4096,179.1875,0.019345064996741712
32,4096,180.1875,0.01981480448739603
32,4096,181.1875,0.019460085954051465
32,4096,182.1875,0.019636931538116187
32,4096,183.1875,0.01950279000448063
32,4096,184.1875,0.019857715989928693
32,4096,185.1875,0.019456814974546432
32,4096,186.1875,0.019590291078202426
32,4096,187.1875,0.020097705943044275
32,4096,188.1875,0.01948688254924491
32,4096,189.1875,0.0198227790533565
32,4096,190.1875,0.01960610196692869
32,4096,191.1875,0.019571604032535106
32,4096,192.1875,0.01955785701284185
32,4096,193.1875,0.019586954498663545
32,4096,194.1875,0.019902150495909154
32,4096,195.1875,0.019777090521529317
32,4096,196.1875,0.01956376654561609
32,4096,197.1875,0.0194041570648551
32,4096,198.1875,0.019539248547516763
32,4096,199.1875,0.020255911978892982
32,4096,200.1875,0.023673477466218174
32,4096,201.1875,0.01576194353401661
32,4096,202.1875,0.01959597150562331
32,4096,203.1875,0.0190312719787471
32,4096,204.1875,0.019718418014235795
32,4096,205.1875,0.019622740044724196
32,4096,206.1875,0.019947346998378634
32,4096,207.1875,0.01941336749587208
32,4096,208.1875,0.019630897033493966
32,4096,209.1875,0.019709032028913498
32,4096,210.1875,0.019743072509299964
32,4096,211.1875,0.019829137017950416
32,4096,212.1875,0.019722169497981668
32,4096,213.1875,0.019480730523355305
32,4096,214.1875,0.019833612022921443
32,4096,215.1875,0.019351303461007774
32,4096,216.1875,0.02059357101097703
32,4096,217.1875,0.019166358513757586
32,4096,218.1875,0.01957211544504389
32,4096,219.1875,0.01988518494181335
32,4096,220.1875,0.019388538494240493
32,4096,221.1875,0.01969736849423498
32,4096,222.1875,0.01963188749505207
32,4096,223.1875,0.019781453476753086
32,4096,224.1875,0.019637895456980914
32,4096,225.1875,0.019778860558290035
32,4096,226.1875,0.019816060492303222
32,4096,227.1875,0.01966373500181362
32,4096,228.1875,0.019633233489003032
32,4096,229.1875,0.019620731996838003
32,4096,230.1875,0.019717298971954733
32,4096,231.1875,0.0197267800103873
32,4096,232.1875,0.01959421345964074
32,4096,233.1875,0.01962254155660048
32,4096,234.1875,0.01967172703007236
32,4096,235.1875,0.019685899023897946
32,4096,236.1875,0.0197110979934223
32,4096,237.1875,0.01958922453923151
32,4096,238.1875,0.019610145536717027
32,4096,239.1875,0.019824690942186862
32,4096,240.1875,0.020060269976966083
32,4096,241.1875,0.019425806007348
32,4096,242.1875,0.01957314892206341
32,4096,243.1875,0.019871259981300682
32,4096,244.1875,0.019424629514105618
32,4096,245.1875,0.019576064019929618
32,4096,246.1875,0.020110550452955067
32,6144,16.6875,0.021591158991213888
32,6144,17.6875,0.020933393039740622
32,6144,18.6875,0.021240988047793508
32,6144,19.6875,0.02146344498032704
32,6144,20.6875,0.02152122196275741
32,6144,21.6875,0.020995521976146847
32,6144,22.6875,0.0211483720340766
32,6144,23.6875,0.021550949022639543
32,6144,24.6875,0.02116111753275618
32,6144,25.6875,0.02136274054646492
32,6144,26.6875,0.0214824685244821
32,6144,27.6875,0.021401966572739184
32,6144,28.6875,0.0213527834857814
32,6144,29.6875,0.021189525024965405
32,6144,30.6875,0.021337839018087834
32,6144,31.6875,0.02120799449039623
32,6144,32.6875,0.021364492480643094
32,6144,33.6875,0.02108682203106582
32,6144,34.6875,0.021534654952120036
32,6144,35.6875,0.021129283995833248
32,6144,36.6875,0.021216894034296274
32,6144,37.6875,0.021181405521929264
32,6144,38.6875,0.021440183511003852
32,6144,39.6875,0.02118735056137666
32,6144,40.6875,0.02132894506212324
32,6144,41.6875,0.021149257547222078
32,6144,42.6875,0.021997082978487015
32,6144,43.6875,0.020919813017826527
32,6144,44.6875,0.021020865999162197
32,6144,45.6875,0.021344414446502924
32,6144,46.6875,0.02129394799703732
32,6144,47.6875,0.021148458996322006
32,6144,48.6875,0.021192814980167896
32,6144,49.6875,0.021198615489993244
32,6144,50.6875,0.021270706958603114
32,6144,51.6875,0.021220097434706986
32,6144,52.6875,0.021452964982017875
32,6144,53.6875,0.02122207503998652
32,6144,54.6875,0.021281048539094627
32,6144,55.6875,0.021238539018668234
32,6144,56.6875,0.021494667511433363
32,6144,57.6875,0.02106153598288074
32,6144,58.6875,0.02140144200529903
32,6144,59.6875,0.02154150349088013
32,6144,60.6875,0.021039202925749123
32,6144,61.6875,0.02123419300187379
32,6144,62.6875,0.021129626489710063
32,6144,63.6875,0.021554848470259458
32,6144,64.6875,0.021367303445003927
32,6144,65.6875,0.021155104506760836
32,6144,66.6875,0.021304378984495997
32,6144,67.6875,0.021251260477583855
32,6144,68.6875,0.021262654045131058
32,6144,69.6875,0.021280424494761974
32,6144,70.6875,0.02131524297874421
32,6144,71.6875,0.02102548151742667
32,6144,72.6875,0.021221059490926564
32,6144,73.6875,0.021699364064261317
32,6144,74.6875,0.020872399501968175
32,6144,75.6875,0.02160224149702117
32,6144,76.6875,0.02154825656907633
32,6144,77.6875,0.020989626471418887
32,6144,78.6875,0.02113132842350751
32,6144,79.6875,0.0213661229936406
32,6144,80.6875,0.02139950153650716
32,6144,81.6875,0.021440628450363874
32,6144,82.6875,0.020957614004146308
32,6144,83.6875,0.02138075203401968
32,6144,84.6875,0.021378190023824573
32,6144,85.6875,0.021293542464263737
32,6144,86.6875,0.02126052393577993
32,6144,87.6875,0.021516553009860218
32,6144,88.6875,0.02077005454339087
32,6144,89.6875,0.021505745011381805
32,6144,90.6875,0.021276531042531133
32,6144,91.6875,0.02130250498885289
32,6144,92.6875,0.021361510502174497
32,6144,93.6875,0.021344635460991412
32,6144,94.6875,0.021428735519293696
32,6144,95.6875,0.021302436012774706
32,6144,96.6875,0.02108716097427532
32,6144,97.6875,0.021313466015271842
32,6144,98.6875,0.021385375934187323
32,6144,99.6875,0.021675030526239425
32,6144,100.6875,0.020986434537917376
32,6144,101.6875,0.021652160969097167
32,6144,102.6875,0.021285219525452703
32,6144,103.6875,0.0209297685069032
32,6144,104.6875,0.021861348010133952
32,6144,105.6875,0.02087855600984767
32,6144,106.6875,0.02141789550660178
32,6144,107.6875,0.02135567052755505
32,6144,108.6875,0.021348116046283394
32,6144,109.6875,0.02132670604623854
32,6144,110.6875,0.021025710040703416
32,6144,111.6875,0.02138947247294709
32,6144,112.6875,0.021423230005893856
32,6144,113.6875,0.02125992748187855
32,6144,114.6875,0.02131492900662124
32,6144,115.6875,0.021436894545331597
32,6144,116.6875,0.021124837512616068
32,6144,117.6875,0.021153521025553346
32,6144,118.6875,0.021522217022720724
32,6144,119.6875,0.021273235965054482
32,6144,120.6875,0.021312950004357845
32,6144,121.6875,0.020992891455534846
32,6144,122.6875,0.02187086100457236
32,6144,123.6875,0.020866335020400584
32,6144,124.6875,0.02149351150728762
32,6144,125.6875,0.021552405029069632
32,6144,126.6875,0.02139802253805101
32,6144,127.6875,0.02156449999893084
32,6144,128.6875,0.02115641749696806
32,6144,129.6875,0.02123513846891001
32,6144,130.6875,0.021418165531940758
32,6144,131.6875,0.021250097081065178
32,6144,132.6875,0.021247778495308012
32,6144,133.6875,0.02128852700116113
32,6144,134.6875,0.02133739896817133
32,6144,135.6875,0.021397420030552894
32,6144,136.6875,0.02125992556102574
32,6144,137.6875,0.021552188030909747
32,6144,138.6875,0.021196712041273713
32,6144,139.6875,0.02157714997883886
32,6144,140.6875,0.02112948551075533
32,6144,141.6875,0.02120546199148521
32,6144,142.6875,0.021273908496368676
32,6144,143.6875,0.021344490465708077
32,6144,144.6875,0.021513561543542892
32,6144,145.6875,0.021517898479942232
32,6144,146.6875,0.021095563017297536
32,6144,147.6875,0.02130453649442643
32,6144,148.6875,0.021175406000111252
32,6144,149.6875,0.021482679527252913
32,6144,150.6875,0.02151727449381724
32,6144,151.6875,0.02132028847699985
32,6144,152.6875,0.021317670529242605
32,6144,153.6875,0.021083872066810727
32,6144,154.6875,0.021246579010039568
32,6144,155.6875,0.021075143537018448
32,6144,156.6875,0.02183260506717488
32,6144,157.6875,0.02082884346600622
32,6144,158.6875,0.021269743505399674
32,6144,159.6875,0.021609295043163
32,6144,160.6875,0.021668886474799365
32,6144,161.6875,0.02111241058446467
32,6144,162.6875,0.021606937458273023
32,6144,163.6875,0.021183826436754316
32,6144,164.6875,0.021393618546426296
32,6144,165.6875,0.021292446472216398
32,6144,166.6875,0.021455748472362757
32,6144,167.6875,0.021301962435245514
32,6144,168.6875,0.021395068033598363
32,6144,169.6875,0.02124503202503547
32,6144,170.6875,0.021269002987537533
32,6144,171.6875,0.02136940701166168
32,6144,172.6875,0.021269538498017937
32,6144,173.6875,0.021433908492326736
32,6144,174.6875,0.021427897969260812
32,6144,175.6875,0.021268036449328065
32,6144,176.6875,0.02145449648378417
32,6144,177.6875,0.02159149752696976
32,6144,178.6875,0.021258878463413566
32,6144,179.6875,0.021249368437565863
32,6144,180.6875,0.021589992509689182
32,6144,181.6875,0.021174927009269595
32,6144,182.6875,0.021276929997839034
32,6144,183.6875,0.021514800493605435
32,6144,184.6875,0.021282074507325888
32,6144,185.6875,0.02120130998082459
32,6144,186.6875,0.021197153022512794
32,6144,187.6875,0.021297232015058398
32,6144,188.6875,0.02161073248134926
32,6144,189.6875,0.021432170062325895
32,6144,190.6875,0.02171036903746426
32,6144,191.6875,0.02110202150652185
32,6144,192.6875,0.021228745521511883
32,6144,193.6875,0.02171816845657304
32,6144,194.6875,0.021280919550918043
32,6144,195.6875,0.02120306500000879
32,6144,196.6875,0.021126182982698083
32,6144,197.6875,0.02152007253607735
32,6144,198.6875,0.021732949011493474
32,6144,199.6875,0.021482378477230668
32,6144,200.6875,0.02136480953777209
32,6144,201.6875,0.021160517586395144
32,6144,202.6875,0.021760215458925813
32,6144,203.6875,0.020965950505342335
32,6144,204.6875,0.021455888519994915
32,6144,205.6875,0.02117992751300335
32,6144,206.6875,0.021427908446639776
32,6144,207.6875,0.021669585956260562
32,6144,208.6875,0.020920756040140986
32,6144,209.6875,0.02131126500898972
32,6144,210.6875,0.021280131011735648
32,6144,211.6875,0.0212418005685322
32,6144,212.6875,0.0216968294698745
32,6144,213.6875,0.02171131200157106
32,6144,214.6875,0.021453587512951344
32,6144,215.6875,0.021051884978078306
32,6144,216.6875,0.021558046515565366
32,6144,217.6875,0.021227535034995526
32,6144,218.6875,0.021625063032843173
32,6144,219.6875,0.021716868970543146
32,6144,220.6875,0.021866704570129514
32,6144,221.6875,0.020638621994294226
32,6144,222.6875,0.02126298047369346
32,6144,223.6875,0.02118106000125408
32,6144,224.6875,0.021393930539488792
32,6144,225.6875,0.021467525511980057
32,6144,226.6875,0.02144213445717469
32,6144,227.6875,0.0213640850270167
32,6144,228.6875,0.021421610959805548
32,6144,229.6875,0.021203718963079154
32,6144,230.6875,0.02148992696311325
32,6144,231.6875,0.021374350995756686
32,6144,232.6875,0.021273382008075714
32,6144,233.6875,0.021588122530374676
32,6144,234.6875,0.02106635202653706
32,6144,235.6875,0.0214601990301162
32,6144,236.6875,0.021688295993953943
32,6144,237.6875,0.02124612295301631
32,6144,238.6875,0.02110131806693971
32,6144,239.6875,0.021424562961328775
32,6144,240.6875,0.021466597041580826
32,6144,241.6875,0.021872994489967823
64,64,5.015625,0.016824592545162886
64,64,6.015625,0.016357749002054334
64,64,7.015625,0.016827765037305653
64,64,8.015625,0.01659009652212262
64,64,9.015625,0.01724442304112017
64,64,10.015625,0.016763425490353256
64,64,11.015625,0.016734457458369434
64,64,12.015625,0.017036853008903563
64,64,13.015625,0.01655070745619014
64,64,14.015625,0.016875189496204257
64,64,15.015625,0.01733576791593805
64,64,16.015625,0.016957518528215587
64,64,17.015625,0.016355768020730466
64,64,18.015625,0.017196984495967627
64,64,19.015625,0.01671668904600665
64,64,20.015625,0.016686309478245676
64,64,21.015625,0.017064493498764932
64,64,22.015625,0.01703370694303885
64,64,23.015625,0.016256897535640746
64,64,24.015625,0.017137738992460072
64,64,25.015625,0.01673865254269913
64,64,26.015625,0.01689612353220582
64,64,27.015625,0.01707623794209212
64,64,28.015625,0.016528534062672406
64,64,29.015625,0.016780008503701538
64,64,30.015625,0.017030439979862422
64,64,31.015625,0.01815856050234288
64,64,32.015625,0.015486057964153588
64,64,33.015625,0.017525543516967446
64,64,34.015625,0.016330067010130733
64,64,35.015625,0.016459773003589362
64,64,36.015625,0.016822687990497798
64,64,37.015625,0.016881110961548984
64,64,38.015625,0.016745958011597395
64,64,39.015625,0.017206978518515825
64,64,40.015625,0.016021973511669785
64,64,41.015625,0.017001696047373116
64,64,42.015625,0.016603484051302075
64,64,43.015625,0.01724560692673549
64,64,44.015625,0.016847454535309225
64,64,45.015625,0.01676352898357436
64,64,46.015625,0.016693408484570682
64,64,47.015625,0.016713198507204652
64,64,48.015625,0.016928842524066567
64,64,49.015625,0.01669942500302568
64,64,50.015625,0.017568461480550468
64,64,51.015625,0.01607775950105861
64,64,52.015625,0.01707488502142951
64,64,53.015625,0.01672471105121076
64,64,54.015625,0.01694180950289592
64,64,55.015625,0.016957212472334504
64,64,56.015625,0.017637938959524035
64,64,57.015625,0.0160566900158301
64,64,58.015625,0.016859932511579245
64,64,59.015625,0.016835287038702518
64,64,60.015625,0.016776890493929386
64,64,61.015625,0.017098696960601956
64,64,62.015625,0.016821423487272114
64,64,63.015625,0.017045180953573436
64,64,64.015625,0.017138792958576232
64,64,65.015625,0.016687959025148302
64,64,66.015625,0.01705552899511531
64,64,67.015625,0.016806513536721468
64,64,68.015625,0.0169092679861933
64,64,69.015625,0.01744534750469029
64,64,70.015625,0.01703552296385169
64,64,71.015625,0.01687132747611031
64,64,72.015625,0.016906828503124416
64,64,73.015625,0.017214467516168952
64,64,74.015625,0.016879578004591167
64,64,75.015625,0.01751632650848478
64,64,76.015625,0.01670806045876816
64,64,77.015625,0.016556936490815133
64,64,78.015625,0.01699208200443536
64,64,79.015625,0.018132647033780813
64,64,80.015625,0.01666524901520461
64,64,81.015625,0.01781630201730877
64,64,82.015625,0.016380786488298327
64,64,83.015625,0.016707276459783316
64,64,84.015625,0.016979744541458786
64,64,85.015625,0.017226711963303387
64,64,86.015625,0.026772717537824064
64,64,87.015625,0.05267905304208398
64,64,88.015625,0.006288678501732647
64,64,89.015625,0.004879612533841282
64,64,90.015625,0.009678900940343738
64,64,91.015625,0.01683630794286728
64,64,92.015625,0.01739532098872587
64,64,93.015625,0.016830265522003174
64,64,94.015625,0.01731227897107601
64,64,95.015625,0.01696077745873481
64,64,96.015625,0.016991660988423973
64,64,97.015625,0.01706323801772669
64,64,98.015625,0.016580996511038393
64,64,99.015625,0.017115482944063842
64,64,100.015625,0.01779160602018237
64,64,101.015625,0.0164826629916206
64,64,102.015625,0.017532808997202665
64,64,103.015625,0.016593151492998004
64,64,104.015625,0.017279079998843372
64,64,105.015625,0.017291429452598095
64,64,106.015625,0.016788849548902363
64,64,107.015625,0.01674875500611961
64,64,108.015625,0.01725200650980696
64,64,109.015625,0.01716157898772508
64,64,110.015625,0.016864765028003603
64,64,111.015625,0.017255855083931237
64,64,112.015625,0.017133516434114426
64,64,113.015625,0.016592720057815313
64,64,114.015625,0.01682812295621261
64,64,115.015625,0.017313607968389988
64,64,116.015625,0.016832969500683248
64,64,117.015625,0.017156197980511934
64,64,118.015625,0.017089621513150632
64,64,119.015625,0.017001826432533562
64,64,120.015625,0.016336319502443075
64,64,121.015625,0.01796014397405088
64,64,122.015625,0.016801682475488633
64,64,123.015625,0.016874844033736736
64,64,124.015625,0.01711655646795407
64,64,125.015625,0.016917344531975687
64,64,126.015625,0.017355618998408318
64,64,127.015625,0.017095427494496107
64,64,128.015625,0.01705832197330892
64,64,129.015625,0.01636819849954918
64,64,130.015625,0.016646035481244326
64,64,131.015625,0.016645621974021196
64,64,132.015625,0.01749049744103104
64,64,133.015625,0.017000762978568673
64,64,134.015625,0.01728379150154069
64,64,135.015625,0.017148950486443937
64,64,136.015625,0.01655275496887043
64,64,137.015625,0.017625848937314004
64,64,138.015625,0.017159358016215265
64,64,139.015625,0.01677621400449425
64,64,140.015625,0.016946343530435115
64,64,141.015625,0.01716241001849994
64,64,142.015625,0.017157630005385727
64,64,143.015625,0.01709073199890554
64,64,144.015625,0.017300345993135124
64,64,145.015625,0.016939530498348176
64,64,146.015625,0.016828269988764077
64,64,147.015625,0.017154942092020065
64,64,148.015625,0.017227590549737215
64,64,149.015625,0.016564590972848237
64,64,150.015625,0.01771970046684146
64,64,151.015625,0.016745356493629515
64,64,152.015625,0.017336459015496075
64,64,153.015625,0.016791814065072685
64,64,154.015625,0.017153750988654792
64,64,155.015625,0.017042179475538433
64,64,156.015625,0.01722614699974656
64,64,157.015625,0.01706313801696524
64,64,158.015625,0.016988940071314573
64,64,159.015625,0.016844709985889494
64,64,160.015625,0.01722926605725661
64,64,161.015625,0.017073258582968265
64,64,162.015625,0.017245385504793376
64,64,163.015625,0.017051531991455704
64,64,164.015625,0.016984969552140683
64,64,165.015625,0.01709460449637845
64,64,166.015625,0.017152525950223207
64,64,167.015625,0.016900390037335455
64,64,168.015625,0.017113255977164954
64,64,169.015625,0.017234942002687603
64,64,170.015625,0.016729288559872657
64,64,171.015625,0.01727078401017934
64,64,172.015625,0.017524952942039818
64,64,173.015625,0.016585414530709386
64,64,174.015625,0.01665552705526352
64,64,175.015625,0.01743943995097652
64,64,176.015625,0.01684639253653586
64,64,177.015625,0.016984181012958288
64,64,178.015625,0.017320490558631718
64,64,179.015625,0.017363120045047253
64,64,180.015625,0.016814065515063703
64,64,181.015625,0.01675179903395474
64,64,182.015625,0.017241456953343004
64,64,183.015625,0.016723132459446788
64,64,184.015625,0.01727108797058463
64,64,185.015625,0.017094859445933253
64,64,186.015625,0.017226028023287654
64,64,187.015625,0.017089117551222444
64,64,188.015625,0.017139547504484653
64,64,189.015625,0.0168669109698385
64,64,190.015625,0.017345395463053137
64,64,191.015625,0.01725961797637865
64,64,192.015625,0.016744529479183257
64,64,193.015625,0.017225171497557312
64,64,194.015625,0.018109361466486007
64,64,195.015625,0.01761374797206372
64,64,196.015625,0.017159411567263305
64,64,197.015625,0.016819785465486348
64,64,198.015625,0.017411504522897303
64,64,199.015625,0.017275250982493162
64,64,200.015625,0.017128815525211394
64,64,201.015625,0.01701737305847928
64,64,202.015625,0.017398716532625258
64,64,203.015625,0.01706295949406922
64,64,204.015625,0.017281135951634496
64,64,205.015625,0.01725731248734519
64,64,206.015625,0.01717566099250689
64,64,207.015625,0.017257505445741117
64,64,208.015625,0.01722640701336786
64,64,209.015625,0.017044617037754506
64,64,210.015625,0.017389721469953656
64,64,211.015625,0.017078573524486274
64,64,212.015625,0.0173164774896577
64,64,213.015625,0.01707301801070571
64,64,214.015625,0.01737811102066189
64,64,215.015625,0.01726140093524009
64,64,216.015625,0.01707781699951738
64,64,217.015625,0.01743526750942692
64,64,218.015625,0.017375638999510556
64,64,219.015625,0.01733864296693355
64,64,220.015625,0.01721171196550131
64,64,221.015625,0.01731709105661139
64,64,222.015625,0.017254652979318053
64,64,223.015625,0.017534253536723554
64,64,224.015625,0.016748879454098642
64,64,225.015625,0.01731099101016298
64,64,226.015625,0.017576052981894463
64,64,227.015625,0.017010259965900332
64,64,228.015625,0.016986205941066146
64,64,229.015625,0.017444828990846872
64,64,230.015625,0.017250211967621
64,64,231.015625,0.017433741479180753
64,64,232.015625,0.017171650601085275
64,64,233.015625,0.017082270060200244
64,64,234.015625,0.017430829524528235
64,64,235.015625,0.017365766456350684
64,64,236.015625,0.016957894433289766
64,64,237.015625,0.017125027487054467
64,64,238.015625,0.017286566027905792
64,64,239.015625,0.01742116251261905
64,64,240.015625,0.01703182142227888
64,64,241.015625,0.016979377542156726
64,64,242.015625,0.01747166400309652
64,64,243.015625,0.017518501495942473
64,64,244.015625,0.017180963011924177
64,64,245.015625,0.017368356988299638
64,64,246.015625,0.017094972485210747
64,64,247.015625,0.017367160005960613
64,64,248.015625,0.017135091009549797
64,64,249.015625,0.01717180194100365
64,64,250.015625,0.01744431146653369
64,64,251.015625,0.016970590455457568
64,64,252.015625,0.01746169204125181
64,64,253.015625,0.017702494049444795
64,256,5.578125,0.017625234555453062
64,256,6.578125,0.016873465501703322
64,256,7.578125,0.01733688049716875
64,256,8.578125,0.01744693302316591
64,256,9.578125,0.016895523003768176
64,256,10.578125,0.017301321495324373
64,256,11.578125,0.017153297027107328
64,256,12.578125,0.017615030985325575
64,256,13.578125,0.017247576965019107
64,256,14.578125,0.017217574000824243
64,256,15.578125,0.017319763952400535
64,256,16.578125,0.017740271519869566
64,256,17.578125,0.016930472513195127
64,256,18.578125,0.017087704967707396
64,256,19.578125,0.01772491354495287
64,256,20.578125,0.01696269353851676
64,256,21.578125,0.017649916524533182
64,256,22.578125,0.017540186527185142
64,256,23.578125,0.016915222979150712
64,256,24.578125,0.017294759454671293
64,256,25.578125,0.01693820202490315
64,256,26.578125,0.01754132704809308
64,256,27.578125,0.017225097049959004
64,256,28.578125,0.017141411954071373
64,256,29.578125,0.017396801500581205
64,256,30.578125,0.0172082360368222
64,256,31.578125,0.01712441846029833
64,256,32.578125,0.01703721802914515
64,256,33.578125,0.017307778995018452
64,256,34.578125,0.017743407981470227
64,256,35.578125,0.01696127949981019
64,256,36.578125,0.017056636046618223
64,256,37.578125,0.017378939490299672
64,256,38.578125,0.017361688485834748
64,256,39.578125,0.016998174018226564
64,256,40.578125,0.017881008971016854
64,256,41.578125,0.017048615496605635
64,256,42.578125,0.017352635972201824
64,256,43.578125,0.01726216549286619
64,256,44.578125,0.017299781495239586
64,256,45.578125,0.01716701249824837
64,256,46.578125,0.01737393904477358
64,256,47.578125,0.017342020524665713
64,256,48.578125,0.016735388431698084
64,256,49.578125,0.01726140599930659
64,256,50.578125,0.01708042703103274
64,256,51.578125,0.017079105542507023
64,256,52.578125,0.01741244050208479
64,256,53.578125,0.017278533952776343
64,256,54.578125,0.016849955485668033
64,256,55.578125,0.01766832749126479
64,256,56.578125,0.0173279219889082
64,256,57.578125,0.017100055003538728
64,256,58.578125,0.017311549454461783
64,256,59.578125,0.017217677494045347
64,256,60.578125,0.017291227530222386
64,256,61.578125,0.017359046498313546
64,256,62.578125,0.017268879513721913
64,256,63.578125,0.017568030511029065
64,256,64.578125,0.017163570504635572
64,256,65.578125,0.017191177990753204
64,256,66.578125,0.017101028002798557
64,256,67.578125,0.01729535951744765
64,256,68.578125,0.017015061457641423
64,256,69.578125,0.017514189530629665
64,256,70.578125,0.016979805543087423
64,256,71.578125,0.017627705063205212
64,256,72.578125,0.017320826009381562
64,256,73.578125,0.017382476944476366
64,256,74.578125,0.017237989988643676
64,256,75.578125,0.017236751969903708
64,256,76.578125,0.017814327962696552
64,256,77.578125,0.01707108144182712
64,256,78.578125,0.01712643599603325
64,256,79.578125,0.017579277977347374
64,256,80.578125,0.016970113501884043
64,256,81.578125,0.017239446518942714
64,256,82.578125,0.017165153985843062
64,256,83.578125,0.017227018484845757
64,256,84.578125,0.01758285897085443
64,256,85.578125,0.017199145979247987
64,256,86.578125,0.01725377794355154
64,256,87.578125,0.017289556504692882
64,256,88.578125,0.017309468530584127
64,256,89.578125,0.017425686004571617
64,256,90.578125,0.017294060497079045
64,256,91.578125,0.01731039199512452
64,256,92.578125,0.01771148556144908
64,256,93.578125,0.016943373426329345
64,256,94.578125,0.01735475001623854
64,256,95.578125,0.017441642004996538
64,256,96.578125,0.017461633018683642
64,256,97.578125,0.017259523505344987
64,256,98.578125,0.017296154459472746
64,256,99.578125,0.016947172523941845
64,256,100.578125,0.017631107475608587
64,256,101.578125,0.01758429448818788
64,256,102.578125,0.01692918094340712
64,256,103.578125,0.017449925479013473
64,256,104.578125,0.016896484477911144
64,256,105.578125,0.017057922552339733
64,256,106.578125,0.017229025484994054
64,256,107.578125,0.01789031154476106
64,256,108.578125,0.016855652502272278
64,256,109.578125,0.017321895516943187
64,256,110.578125,0.017786513548344374
64,256,111.578125,0.017421581491362303
64,256,112.578125,0.017074155039153993
64,256,113.578125,0.017547324008774012
64,256,114.578125,0.017356830008793622
64,256,115.578125,0.017185313045047224
64,256,116.578125,0.01758100901497528
64,256,117.578125,0.017209360492415726
64,256,118.578125,0.01744650100590661
64,256,119.578125,0.01725814596284181
64,256,120.578125,0.01719739247346297
64,256,121.578125,0.017633055977057666
64,256,122.578125,0.018006969999987632
64,256,123.578125,0.016738743986934423
64,256,124.578125,0.01736372144659981
64,256,125.578125,0.017363449500408024
64,256,126.578125,0.016939806460868567
64,256,127.578125,0.017537376494146883
64,256,128.578125,0.01750903547508642
64,256,129.578125,0.01747282303404063
64,256,130.578125,0.017543111520353705
64,256,131.578125,0.017385523999109864
64,256,132.578125,0.01796267053578049
64,256,133.578125,0.0168339604861103
64,256,134.578125,0.017639406956732273
64,256,135.578125,0.01773452595807612
64,256,136.578125,0.017391187488101423
64,256,137.578125,0.017291494470555335
64,256,138.578125,0.01783391844946891
64,256,139.578125,0.01712198951281607
64,256,140.578125,0.017426226986572146
64,256,141.578125,0.01773828500881791
64,256,142.578125,0.017433130007702857
64,256,143.578125,0.017657713557127863
64,256,144.578125,0.01730115502141416
64,256,145.578125,0.017546003975439817
64,256,146.578125,0.017666070023551583
64,256,147.578125,0.01771270897006616
64,256,148.578125,0.017385918938089162
64,256,149.578125,0.017295008525252342
64,256,150.578125,0.0173571880441159
64,256,151.578125,0.01773341349326074
64,256,152.578125,0.017547628027386963
64,256,153.578125,0.017670520523097366
64,256,154.578125,0.017154115485027432
64,256,155.578125,0.017657767049968243
64,256,156.578125,0.017349679488688707
64,256,157.578125,0.017922473489306867
64,256,158.578125,0.017257712956052274
64,256,159.578125,0.017701741016935557
64,256,160.578125,0.017271625518333167
64,256,161.578125,0.018046863959170878
64,256,162.578125,0.017104977509006858
64,256,163.578125,0.017368644010275602
64,256,164.578125,0.017607117537409067
64,256,165.578125,0.01770280097844079
64,256,166.578125,0.017158490023575723
64,256,167.578125,0.017899082449730486
64,256,168.578125,0.017181655508466065
64,256,169.578125,0.017513213504571468
64,256,170.578125,0.017705974983982742
64,256,171.578125,0.01796456694137305
64,256,172.578125,0.017510234494693577
64,256,173.578125,0.017362074519041926
64,256,174.578125,0.017455744498874992
64,256,175.578125,0.017516915511805564
64,256,176.578125,0.017718738003168255
64,256,177.578125,0.017781190515961498
64,256,178.578125,0.017538100481033325
64,256,179.578125,0.017002840992063284
64,256,180.578125,0.017698697047308087
64,256,181.578125,0.017896437493618578
64,256,182.578125,0.018050447979476303
64,256,183.578125,0.017290634510573
64,256,184.578125,0.01779754151357338
64,256,185.578125,0.01744960801443085
64,256,186.578125,0.01753215497592464
64,256,187.578125,0.017325965978670865
64,256,188.578125,0.01776865648571402
64,256,189.578125,0.01736811047885567
64,256,190.578125,0.05142219248227775
64,256,191.578125,0.004114317533094436
64,256,192.578125,0.014850498992018402
64,256,193.578125,0.017663938517216593
64,256,194.578125,0.0174773734761402
64,256,195.578125,0.01762664201669395
64,256,196.578125,0.017477136512752622
64,256,197.578125,0.017550266988109797
64,256,198.578125,0.01755150646204129
64,256,199.578125,0.01773954852251336
64,256,200.578125,0.01745470246532932
64,256,201.578125,0.017715352529194206
64,256,202.578125,0.01718398096272722
64,256,203.578125,0.017600197985302657
64,256,204.578125,0.017417120980098844
64,256,205.578125,0.017984369944315404
64,256,206.578125,0.02042183349840343
64,256,207.578125,0.015407676517497748
64,256,208.578125,0.017376940057147294
64,256,209.578125,0.017688954016193748
64,256,210.578125,0.017284001514781266
64,256,211.578125,0.017572288983501494
64,256,212.578125,0.01759189850417897
64,256,213.578125,0.017913167539518327
64,256,214.578125,0.01725186500698328
64,256,215.578125,0.017901016981340945
64,256,216.578125,0.01741973403841257
64,256,217.578125,0.017194665037095547
64,256,218.578125,0.017959820048417896
64,256,219.578125,0.017410126456525177
64,256,220.578125,0.017507067474070936
64,256,221.578125,0.0174191840342246
64,256,222.578125,0.01777989650145173
64,256,223.578125,0.017558858497068286
64,256,224.578125,0.017812732083257288
64,256,225.578125,0.01690390199655667
64,256,226.578125,0.01777018146822229
64,256,227.578125,0.01715244399383664
64,256,228.578125,0.01831666548969224
64,256,229.578125,0.01733270997647196
64,256,230.578125,0.017470609513111413
64,256,231.578125,0.01765756355598569
64,256,232.578125,0.01779223798075691
64,256,233.578125,0.017526818497572094
64,256,234.578125,0.017925134510733187
64,256,235.578125,0.017943076032679528
64,256,236.578125,0.017154496512375772
64,256,237.578125,0.01781707158079371
64,256,238.578125,0.01724941545398906
64,256,239.578125,0.01756342750741169
64,256,240.578125,0.01764734700554982
64,256,241.578125,0.017706090526189655
64,256,242.578125,0.01751376548781991
64,256,243.578125,0.0172953600413166
64,256,244.578125,0.017457287409342825
64,256,245.578125,0.018436833983287215
64,256,246.578125,0.017162739532068372
64,256,247.578125,0.01755436754319817
64,256,248.578125,0.01770653302082792
64,256,249.578125,0.017703594989143312
64,256,250.578125,0.017735589935909957
64,256,251.578125,0.017416609567590058
64,256,252.578125,0.018150133488234133
64,1024,8.5,0.018616890534758568
64,1024,9.5,0.018075171450618654
64,1024,10.5,0.0185561390244402
64,1024,11.5,0.018949894467368722
64,1024,12.5,0.018385700066573918
64,1024,13.5,0.018435390491504222
64,1024,14.5,0.019780578964855522
64,1024,15.5,0.018032305990345776
64,1024,16.5,0.01846381596988067
64,1024,17.5,0.01858570391777903
64,1024,18.5,0.018371074052993208
64,1024,19.5,0.01862162654288113
64,1024,20.5,0.018737459497060627
64,1024,21.5,0.018365637050010264
64,1024,22.5,0.018329819955397397
64,1024,23.5,0.018580116506200284
64,1024,24.5,0.018510205554775894
64,1024,25.5,0.018338734458666295
64,1024,26.5,0.01909082505153492
64,1024,27.5,0.018654348445124924
64,1024,28.5,0.01836436247685924
64,1024,29.5,0.018605602555908263
64,1024,30.5,0.018293039465788752
64,1024,31.5,0.018511393980588764
64,1024,32.5,0.018729622999671847
64,1024,33.5,0.01866489852545783
64,1024,34.5,0.018651167512871325
64,1024,35.5,0.018613326537888497
64,1024,36.5,0.018211801536381245
64,1024,37.5,0.018506071472074836
64,1024,38.5,0.018340814975090325
64,1024,39.5,0.018944797513540834
64,1024,40.5,0.018282687466125935
64,1024,41.5,0.018503811967093498
64,1024,42.5,0.018484152504242957
64,1024,43.5,0.018763316504191607
64,1024,44.5,0.01834446843713522
64,1024,45.5,0.018402396934106946
64,1024,46.5,0.018379403452854604
64,1024,47.5,0.01865464448928833
64,1024,48.5,0.018971023499034345
64,1024,49.5,0.018075397529173642
64,1024,50.5,0.018637966481037438
64,1024,51.5,0.018611843464896083
64,1024,52.5,0.018181089020799845
64,1024,53.5,0.01852598349796608
64,1024,54.5,0.018523273000027984
64,1024,55.5,0.018555471498984843
64,1024,56.5,0.018655526044312865
64,1024,57.5,0.018469949020072818
64,1024,58.5,0.01861709146760404
64,1024,59.5,0.018532678543124348
64,1024,60.5,0.018520579440519214
64,1024,61.5,0.018693297519348562
64,1024,62.5,0.018437656515743583
64,1024,63.5,0.018463422544300556
64,1024,64.5,0.018385570554528385
64,1024,65.5,0.01883938495302573
64,1024,66.5,0.01847168750828132
64,1024,67.5,0.018706427537836134
64,1024,68.5,0.018329355982132256
64,1024,69.5,0.018517456483095884
64,1024,70.5,0.01870894752210006
64,1024,71.5,0.018287782499101013
64,1024,72.5,0.018862808996345848
64,1024,73.5,0.018356423010118306
64,1024,74.5,0.018513817980419844
64,1024,75.5,0.01854579953942448
64,1024,76.5,0.018132992438040674
64,1024,77.5,0.01914550451328978
64,1024,78.5,0.018312405503820628
64,1024,79.5,0.018582402961328626
64,1024,80.5,0.018619954062160105
64,1024,81.5,0.01818059606011957
64,1024,82.5,0.018557783449068666
64,1024,83.5,0.018733556440565735
64,1024,84.5,0.01834107848117128
64,1024,85.5,0.018964730959851295
64,1024,86.5,0.018440231506247073
64,1024,87.5,0.01831764599774033
64,1024,88.5,0.018445250985678285
64,1024,89.5,0.018788135494105518
64,1024,90.5,0.018645779055077583
64,1024,91.5,0.018787341425195336
64,1024,92.5,0.017923826992046088
64,1024,93.5,0.018548802006989717
64,1024,94.5,0.018605286546517164
64,1024,95.5,0.018575289053842425
64,1024,96.5,0.018448966962751
64,1024,97.5,0.018687831005081534
64,1024,98.5,0.018595914996694773
64,1024,99.5,0.018530672474298626
64,1024,100.5,0.019097916956525296
64,1024,101.5,0.01848891854751855
64,1024,102.5,0.01947909500449896
64,1024,103.5,0.01837716094451025
64,1024,104.5,0.018475227523595095
64,1024,105.5,0.01878236746415496
64,1024,106.5,0.018340400012675673
64,1024,107.5,0.01870199799304828
64,1024,108.5,0.018294007517397404
64,1024,109.5,0.01917920948471874
64,1024,110.5,0.018208994006272405
64,1024,111.5,0.01878676697378978
64,1024,112.5,0.01836705452296883
64,1024,113.5,0.01877375552430749
64,1024,114.5,0.018372936523519456
64,1024,115.5,0.018199929501861334
64,1024,116.5,0.01943897845922038
64,1024,117.5,0.018442089029122144
64,1024,118.5,0.018893825530540198
64,1024,119.5,0.018266793515067548
64,1024,120.5,0.018736356985755265
64,1024,121.5,0.019073420960921794
64,1024,122.5,0.018306369485799223
64,1024,123.5,0.018360809423029423
64,1024,124.5,0.018708302988670766
64,1024,125.5,0.01870636298554018
64,1024,126.5,0.018713951983954757
64,1024,127.5,0.018487192050088197
64,1024,128.5,0.01884593948489055
64,1024,129.5,0.01857867097714916
64,1024,130.5,0.018529945518821478
64,1024,131.5,0.018440270971041173
64,1024,132.5,0.018922470975667238
64,1024,133.5,0.01915531198028475
64,1024,134.5,0.01850498846033588
64,1024,135.5,0.0176929475273937
64,1024,136.5,0.018907253514043987
64,1024,137.5,0.018557121511548758
64,1024,138.5,0.018664365576114506
64,1024,139.5,0.01898689556401223
64,1024,140.5,0.01871475449297577
64,1024,141.5,0.019049575435929
64,1024,142.5,0.01836312550585717
64,1024,143.5,0.018533165974076837
64,1024,144.5,0.018975585524458438
64,1024,145.5,0.018761339015327394
64,1024,146.5,0.01867517305072397
64,1024,147.5,0.018524364510085434
64,1024,148.5,0.018874607514590025
64,1024,149.5,0.018886244972236454
64,1024,150.5,0.019085518026258796
64,1024,151.5,0.018370357458479702
64,1024,152.5,0.01835248648421839
64,1024,153.5,0.01874458498787135
64,1024,154.5,0.01812258700374514
64,1024,155.5,0.019499305984936655
64,1024,156.5,0.018790857517160475
64,1024,157.5,0.01879854453727603
64,1024,158.5,0.018575647962279618
64,1024,159.5,0.01824936701450497
64,1024,160.5,0.018555559974629432
64,1024,161.5,0.01897871500113979
64,1024,162.5,0.01854871102841571
64,1024,163.5,0.01885725901229307
64,1024,164.5,0.018701922555919737
64,1024,165.5,0.018587086000479758
64,1024,166.5,0.01882399251917377
64,1024,167.5,0.01966948847984895
64,1024,168.5,0.018442141532432288
64,1024,169.5,0.01897016155999154
64,1024,170.5,0.018656873959116638
64,1024,171.5,0.019403510494157672
64,1024,172.5,0.018839325464796275
64,1024,173.5,0.019123179488815367
64,1024,174.5,0.018473676522262394
64,1024,175.5,0.018834606977179646
64,1024,176.5,0.01842299452982843
64,1024,177.5,0.019005746522452682
64,1024,178.5,0.01905441051349044
64,1024,179.5,0.017844584537670016
64,1024,180.5,0.01919090049341321
64,1024,181.5,0.018893973028752953
64,1024,182.5,0.0188884130329825
64,1024,183.5,0.01847876497777179
64,1024,184.5,0.018840013013686985
64,1024,185.5,0.01873731898376718
64,1024,186.5,0.018861558462958783
64,1024,187.5,0.01865620951866731
64,1024,188.5,0.01872389652999118
64,1024,189.5,0.01887901546433568
64,1024,190.5,0.01892186945769936
64,1024,191.5,0.018687923962716013
64,1024,192.5,0.01857968751573935
64,1024,193.5,0.018889433005824685
64,1024,194.5,0.01873432152206078
64,1024,195.5,0.01832761097466573
64,1024,196.5,0.01871077250689268
64,1024,197.5,0.01871045003645122
64,1024,198.5,0.01888830552343279
64,1024,199.5,0.019121666497085243
64,1024,200.5,0.018384291033726186
64,1024,201.5,0.018696269020438194
64,1024,202.5,0.018696799059398472
64,1024,203.5,0.01884392654756084
64,1024,204.5,0.01860828249482438
64,1024,205.5,0.019097584066912532
64,1024,206.5,0.018804227060172707
64,1024,207.5,0.018768422538414598
64,1024,208.5,0.018637661531101912
64,1024,209.5,0.01886477804509923
64,1024,210.5,0.018915876979008317
64,1024,211.5,0.018722638429608196
64,1024,212.5,0.018602456024382263
64,1024,213.5,0.018006742000579834
64,1024,214.5,0.018761784478556365
64,1024,215.5,0.018927741970401257
64,1024,216.5,0.018741850508376956
64,1024,217.5,0.01893177698366344
64,1024,218.5,0.018669894023332745
64,1024,219.5,0.018644754018168896
64,1024,220.5,0.018890148028731346
64,1024,221.5,0.019277439976576716
64,1024,222.5,0.01836858846945688
64,1024,223.5,0.018996056460309774
64,1024,224.5,0.018413020996376872
64,1024,225.5,0.01898579450789839
64,1024,226.5,0.018778044963255525
64,1024,227.5,0.018679176515433937
64,1024,228.5,0.019151296466588974
64,1024,229.5,0.018742365471553057
64,1024,230.5,0.019088029977865517
64,1024,231.5,0.01821923744864762
64,1024,232.5,0.018841777986381203
64,1024,233.5,0.018858511990401894
64,1024,234.5,0.01893567299703136
64,1024,235.5,0.01851289498154074
64,1024,236.5,0.019000128551851958
64,1024,237.5,0.01872824993915856
64,1024,238.5,0.01870496157789603
64,1024,239.5,0.01896576804574579
64,1024,240.5,0.018648712488356978
64,1024,241.5,0.01890603400534019
64,1024,242.5,0.019135395472403616
64,1024,243.5,0.018292420485522598
64,1024,244.5,0.018706962990108877
64,1024,245.5,0.01870326092466712
64,1024,246.5,0.01893714745528996
64,1024,247.5,0.018654756480827928
64,1024,248.5,0.018946918018627912
64,1024,249.5,0.019775475491769612
64,4096,20.21875,0.02351856546010822
64,4096,21.21875,0.023446050472557545
64,4096,22.21875,0.02408427803311497
64,4096,23.21875,0.024102106981445104
64,4096,24.21875,0.023596142476890236
64,4096,25.21875,0.02347017847932875
64,4096,26.21875,0.023880278051365167
64,4096,27.21875,0.023878130537923425
64,4096,28.21875,0.023839930014219135
64,4096,29.21875,0.023704837483819574
64,4096,30.21875,0.024000171048101038
64,4096,31.21875,0.02398065000306815
64,4096,32.21875,0.023675632546655834
64,4096,33.21875,0.024229882517829537
64,4096,34.21875,0.02385225152829662
64,4096,35.21875,0.02383706404361874
64,4096,36.21875,0.023508069978561252
64,4096,37.21875,0.024170170014258474
64,4096,38.21875,0.024109994468744844
64,4096,39.21875,0.02384624897968024
64,4096,40.21875,0.023734716000035405
64,4096,41.21875,0.023759667004924268
64,4096,42.21875,0.023744849546346813
64,4096,43.21875,0.02435743500245735
64,4096,44.21875,0.02380395954241976
64,4096,45.21875,0.023697291035205126
64,4096,46.21875,0.0242059055599384
64,4096,47.21875,0.023516637040302157
64,4096,48.21875,0.024036310496740043
64,4096,49.21875,0.023956071469001472
64,4096,50.21875,0.023887682531494647
64,4096,51.21875,0.023291761986911297
64,4096,52.21875,0.024083767493721098
64,4096,53.21875,0.024023763020522892
64,4096,54.21875,0.023865465016569942
64,4096,55.21875,0.023680742538999766
64,4096,56.21875,0.02379972249036655
64,4096,57.21875,0.024318578536622226
64,4096,58.21875,0.023438687960151583
64,4096,59.21875,0.023267168493475765
64,4096,60.21875,0.023811695456970483
64,4096,61.21875,0.024144052993506193
64,4096,62.21875,0.0237320419983007
64,4096,63.21875,0.023641631531063467
64,4096,64.21875,0.023863992071710527
64,4096,65.21875,0.023886225011665374
64,4096,66.21875,0.02355565200559795
64,4096,67.21875,0.023714503971859813
64,4096,68.21875,0.023508137033786625
64,4096,69.21875,0.02391199249541387
64,4096,70.21875,0.02412919298512861
64,4096,71.21875,0.02449765952769667
64,4096,72.21875,0.023890424461569637
64,4096,73.21875,0.02384215302299708
64,4096,74.21875,0.02396824595052749
64,4096,75.21875,0.023523844429291785
64,4096,76.21875,0.024073004024103284
64,4096,77.21875,0.023895015998277813
64,4096,78.21875,0.023916745907627046
64,4096,79.21875,0.023505054996348917
64,4096,80.21875,0.023611980956047773
64,4096,81.21875,0.023896698490716517
64,4096,82.21875,0.023832739505451173
64,4096,83.21875,0.02385980950202793
64,4096,84.21875,0.023652373522054404
64,4096,85.21875,0.023926347552333027
64,4096,86.21875,0.023850207042414695
64,4096,87.21875,0.023873170546721667
64,4096,88.21875,0.023824495496228337
64,4096,89.21875,0.02398094948148355
64,4096,90.21875,0.02393520053010434
64,4096,91.21875,0.0236493555130437
64,4096,92.21875,0.02386335050687194
64,4096,93.21875,0.02374988200608641
64,4096,94.21875,0.02377833495847881
64,4096,95.21875,0.02382642449811101
64,4096,96.21875,0.02374948898795992
64,4096,97.21875,0.02354585553985089
64,4096,98.21875,0.02384944393998012
64,4096,99.21875,0.024029939551837742
64,4096,100.21875,0.02384710148908198
64,4096,101.21875,0.023793280532117933
64,4096,102.21875,0.023638881044462323
64,4096,103.21875,0.024111087550409138
64,4096,104.21875,0.023915396945085377
64,4096,105.21875,0.023822329530958086
64,4096,106.21875,0.023835409490857273
64,4096,107.21875,0.024231686489656568
64,4096,108.21875,0.024342055490706116
64,4096,109.21875,0.023758641502354294
64,4096,110.21875,0.023631974472664297
64,4096,111.21875,0.023690425558015704
64,4096,112.21875,0.0254087780485861
64,4096,113.21875,0.022871115477755666
64,4096,114.21875,0.022727020957972854
64,4096,115.21875,0.024083417025394738
64,4096,116.21875,0.023736234928946942
64,4096,117.21875,0.023947015986777842
64,4096,118.21875,0.023706373060122132
64,4096,119.21875,0.024507546448148787
64,4096,120.21875,0.023547506018076092
64,4096,121.21875,0.023851715959608555
64,4096,122.21875,0.02382377302274108
64,4096,123.21875,0.023868188494816422
64,4096,124.21875,0.02380970597732812
64,4096,125.21875,0.024302381498273462
64,4096,126.21875,0.023790806939359754
64,4096,127.21875,0.02380089502548799
64,4096,128.21875,0.023922558466438204
64,4096,129.21875,0.023880943015683442
64,4096,130.21875,0.024131107435096055
64,4096,131.21875,0.024241722479928285
64,4096,132.21875,0.023411916045006365
64,4096,133.21875,0.023902510467451066
64,4096,134.21875,0.023944540007505566
64,4096,135.21875,0.023949755530338734
64,4096,136.21875,0.02363643195712939
64,4096,137.21875,0.024215805518906564
64,4096,138.21875,0.023911689524538815
64,4096,139.21875,0.024069708480965346
64,4096,140.21875,0.02407885604770854
64,4096,141.21875,0.024073745997156948
64,4096,142.21875,0.02404962998116389
64,4096,143.21875,0.024053513014223427
64,4096,144.21875,0.024183564994018525
64,4096,145.21875,0.02411103795748204
64,4096,146.21875,0.02391640649875626
64,4096,147.21875,0.024283981474582106
64,4096,148.21875,0.023948148475028574
64,4096,149.21875,0.024100312031805515
64,4096,150.21875,0.02382680296432227
64,4096,151.21875,0.02402963349595666
64,4096,152.21875,0.023611142998561263
64,4096,153.21875,0.02420344651909545
64,4096,154.21875,0.024194188008550555
64,4096,155.21875,0.023985751962754875
64,4096,156.21875,0.023606600414495915
64,4096,157.21875,0.02408660901710391
64,4096,158.21875,0.024022295547183603
64,4096,159.21875,0.024074892979115248
64,4096,160.21875,0.023798892507329583
64,4096,161.21875,0.024204971501603723
64,4096,162.21875,0.023869578551966697
64,4096,163.21875,0.0242066714563407
64,4096,164.21875,0.024076081987004727
64,4096,165.21875,0.023951715498697013
64,4096,166.21875,0.02383232454303652
64,4096,167.21875,0.024172772013116628
64,4096,168.21875,0.024262239516247064
64,4096,169.21875,0.023928985989186913
64,4096,170.21875,0.02370959601830691
64,4096,171.21875,0.024359848990570754
64,4096,172.21875,0.023790220031514764
64,4096,173.21875,0.023768050537910312
64,4096,174.21875,0.024083089490886778
64,4096,175.21875,0.02419225941412151
64,4096,176.21875,0.02408380148699507
64,4096,177.21875,0.024024669488426298
64,4096,178.21875,0.024257852986920625
64,4096,179.21875,0.024273637449368834
64,4096,180.21875,0.02338717703241855
64,4096,181.21875,0.0241046225419268
64,4096,182.21875,0.024060390482190996
64,4096,183.21875,0.023663107946049422
64,4096,184.21875,0.024526447989046574
64,4096,185.21875,0.02384276851080358
64,4096,186.21875,0.02392913500079885
64,4096,187.21875,0.023767616017721593
64,4096,188.21875,0.023941133520565927
64,4096,189.21875,0.0241069890325889
64,4096,190.21875,0.0241213315166533
64,4096,191.21875,0.023400991514790803
64,4096,192.21875,0.024216930498369038
64,4096,193.21875,0.024147670483216643
64,4096,194.21875,0.02422310452675447
64,4096,195.21875,0.023733579029794782
64,4096,196.21875,0.024060235999058932
64,4096,197.21875,0.0239782229764387
64,4096,198.21875,0.024234412470832467
64,4096,199.21875,0.023891996475867927
64,4096,200.21875,0.02415410050889477
64,4096,201.21875,0.024312704510521144
64,4096,202.21875,0.024024835554882884
64,4096,203.21875,0.023874156060628593
64,4096,204.21875,0.024332537490408868
64,4096,205.21875,0.02375768101774156
64,4096,206.21875,0.024023669539019465
64,4096,207.21875,0.02399566350504756
64,4096,208.21875,0.024032864486798644
64,4096,209.21875,0.02400441194185987
64,4096,210.21875,0.024296813004184514
64,4096,211.21875,0.024321051954757422
64,4096,212.21875,0.024005798040889204
64,4096,213.21875,0.023920531035400927
64,4096,214.21875,0.02402102848282084
64,4096,215.21875,0.024334913468919694
64,4096,216.21875,0.023990074987523258
64,4096,217.21875,0.0239491059910506
64,4096,218.21875,0.02397625846788287
64,4096,219.21875,0.0238608195213601
64,4096,220.21875,0.024033670022618026
64,4096,221.21875,0.023855725477915257
64,4096,222.21875,0.023782855947501957
64,4096,223.21875,0.02398120245197788
64,4096,224.21875,0.024221045488957316
64,4096,225.21875,0.024171760480385274
64,4096,226.21875,0.0239456394338049
64,4096,227.21875,0.024108372046612203
64,4096,228.21875,0.023922458989545703
64,4096,229.21875,0.02443224604940042
64,4096,230.21875,0.023839435481932014
64,4096,231.21875,0.024043413461185992
64,4096,232.21875,0.024266590015031397
64,4096,233.21875,0.024503255495801568
64,4096,234.21875,0.023593000485561788
64,4096,235.21875,0.02394012047443539
64,4096,236.21875,0.02423701895168051
64,4096,237.21875,0.024311487562954426
64,6144,28.640625,0.027275799540802836
64,6144,29.640625,0.02729191997786984
64,6144,30.640625,0.027036033920012414
64,6144,31.640625,0.027430005429778248
64,6144,32.640625,0.02762853301828727
64,6144,33.640625,0.027170788496732712
64,6144,34.640625,0.027294451487250626
64,6144,35.640625,0.027159251447301358
64,6144,36.640625,0.027371140487957746
64,6144,37.640625,0.027142051025293767
64,6144,38.640625,0.027298599015921354
64,6144,39.640625,0.027549388527404517
64,6144,40.640625,0.026579274970572442
64,6144,41.640625,0.02754763199482113
64,6144,42.640625,0.027340164524503052
64,6144,43.640625,0.02734463947126642
64,6144,44.640625,0.027024003502447158
64,6144,45.640625,0.02741244452772662
64,6144,46.640625,0.02750396798364818
64,6144,47.640625,0.027002529008314013
64,6144,48.640625,0.027026476978790015
64,6144,49.640625,0.02727952948771417
64,6144,50.640625,0.027248422557022423
64,6144,51.640625,0.027636112994514406
64,6144,52.640625,0.026816428522579372
64,6144,53.640625,0.027537486981600523
64,6144,54.640625,0.027547227044124156
64,6144,55.640625,0.026689547463320196
64,6144,56.640625,0.027442112506832927
64,6144,57.640625,0.02753999747801572
64,6144,58.640625,0.02641710703028366
64,6144,59.640625,0.027319708024151623
64,6144,60.640625,0.02730896108550951
64,6144,61.640625,0.027362495951820165
64,6144,62.640625,0.0271043119719252
64,6144,63.640625,0.027146191045176238
64,6144,64.640625,0.02763681800570339
64,6144,65.640625,0.027080964006017894
64,6144,66.640625,0.02730697550578043
64,6144,67.640625,0.02717886702157557
64,6144,68.640625,0.026562436018139124
64,6144,69.640625,0.0273817969718948
64,6144,70.640625,0.027188833511900157
64,6144,71.640625,0.02718783396994695
64,6144,72.640625,0.027357506041880697
64,6144,73.640625,0.026941796531900764
64,6144,74.640625,0.027393872442189604
64,6144,75.640625,0.027565518976189196
64,6144,76.640625,0.02716341393534094
64,6144,77.640625,0.027364099049009383
64,6144,78.640625,0.027219838462769985
64,6144,79.640625,0.027181740442756563
64,6144,80.640625,0.027400283026508987
64,6144,81.640625,0.02706768602365628
64,6144,82.640625,0.02771807846147567
64,6144,83.640625,0.026752355508506298
64,6144,84.640625,0.027825127996038646
64,6144,85.640625,0.027434706455096602
64,6144,86.640625,0.027165747538674623
64,6144,87.640625,0.02752647252054885
64,6144,88.640625,0.02752823050832376
64,6144,89.640625,0.02688502357341349
64,6144,90.640625,0.027731498994398862
64,6144,91.640625,0.02713775198208168
64,6144,92.640625,0.02727663901168853
64,6144,93.640625,0.027317128493450582
64,6144,94.640625,0.027297431486658752
64,6144,95.640625,0.02742535952711478
64,6144,96.640625,0.027175199997145683
64,6144,97.640625,0.027415637974627316
64,6144,98.640625,0.027372993004973978
64,6144,99.640625,0.02714807551819831
64,6144,100.640625,0.027141717029735446
64,6144,101.640625,0.02713545347796753
64,6144,102.640625,0.02740967902354896
64,6144,103.640625,0.02751972951227799
64,6144,104.640625,0.027001741458661854
64,6144,105.640625,0.027778645046055317
64,6144,106.640625,0.027162835467606783
64,6144,107.640625,0.02722120302496478
64,6144,108.640625,0.027004258416127414
64,6144,109.640625,0.027085619454737753
64,6144,110.640625,0.027135585027281195
64,6144,111.640625,0.027527468977496028
64,6144,112.640625,0.02704518847167492
64,6144,113.640625,0.02754050854127854
64,6144,114.640625,0.027680243481881917
64,6144,115.640625,0.026514589495491236
64,6144,116.640625,0.028129931015428156
64,6144,117.640625,0.026757389481645077
64,6144,118.640625,0.027790701016783714
64,6144,119.640625,0.02707789250416681
64,6144,120.640625,0.027391752460971475
64,6144,121.640625,0.027146309963427484
64,6144,122.640625,0.027562150498852134
64,6144,123.640625,0.027593897015322
64,6144,124.640625,0.027115878474432975
64,6144,125.640625,0.02750251052202657
64,6144,126.640625,0.02723573800176382
64,6144,127.640625,0.027506405487656593
64,6144,128.640625,0.027138022531289607
64,6144,129.640625,0.027445735060609877
64,6144,130.640625,0.027283428993541747
64,6144,131.640625,0.027660376974381506
64,6144,132.640625,0.02748547150986269
64,6144,133.640625,0.027285667485557497
64,6144,134.640625,0.027521276962943375
64,6144,135.640625,0.02733657753560692
64,6144,136.640625,0.027275922999251634
64,6144,137.640625,0.027955146448221058
64,6144,138.640625,0.0269590099924244
64,6144,139.640625,0.027354864461813122
64,6144,140.640625,0.027629266493022442
64,6144,141.640625,0.02709840051829815
64,6144,142.640625,0.028028464992530644
64,6144,143.640625,0.02720968099310994
64,6144,144.640625,0.027008164557628334
64,6144,145.640625,0.027595734980423003
64,6144,146.640625,0.027450994995888323
64,6144,147.640625,0.027444590465165675
64,6144,148.640625,0.027657193480990827
64,6144,149.640625,0.027600977977272123
64,6144,150.640625,0.026932819455396384
64,6144,151.640625,0.02734523150138557
64,6144,152.640625,0.027696400473359972
64,6144,153.640625,0.02748081850586459
64,6144,154.640625,0.027225864469073713
64,6144,155.640625,0.0276230470626615
64,6144,156.640625,0.027439415047410876
64,6144,157.640625,0.0274608664913103
64,6144,158.640625,0.027470196946524084
64,6144,159.640625,0.027602249523624778
64,6144,160.640625,0.027593718492425978
64,6144,161.640625,0.026995084539521486
64,6144,162.640625,0.027309324010275304
64,6144,163.640625,0.02792921895161271
64,6144,164.640625,0.02727367344778031
64,6144,165.640625,0.02734524046536535
64,6144,166.640625,0.027488639461807907
64,6144,167.640625,0.027235747023951262
64,6144,168.640625,0.028008361987303942
64,6144,169.640625,0.02731468150159344
64,6144,170.640625,0.02759627701016143
64,6144,171.640625,0.027559253969229758
64,6144,172.640625,0.02716453350149095
64,6144,173.640625,0.02745701151434332
64,6144,174.640625,0.02753370307618752
64,6144,175.640625,0.027789969521109015
64,6144,176.640625,0.02703615149948746
64,6144,177.640625,0.027366320486180484
64,6144,178.640625,0.027767925465013832
64,6144,179.640625,0.02722648304188624
64,6144,180.640625,0.027184912061784416
64,6144,181.640625,0.02794582402566448
64,6144,182.640625,0.0271756905131042
64,6144,183.640625,0.02759587048785761
64,6144,184.640625,0.028310594498179853
64,6144,185.640625,0.02757046849001199
64,6144,186.640625,0.02738090354250744
64,6144,187.640625,0.027651576965581626
64,6144,188.640625,0.0273475120193325
64,6144,189.640625,0.027319175482261926
64,6144,190.640625,0.027014351449906826
64,6144,191.640625,0.02733782649738714
64,6144,192.640625,0.027697588491719216
64,6144,193.640625,0.027194108464755118
64,6144,194.640625,0.027638547006063163
64,6144,195.640625,0.028003058512695134
64,6144,196.640625,0.027189259009901434
64,6144,197.640625,0.027069781499449164
64,6144,198.640625,0.027450975496321917
64,6144,199.640625,0.028230628464370966
64,6144,200.640625,0.02711006801109761
64,6144,201.640625,0.027393760974518955
64,6144,202.640625,0.02741746645187959
64,6144,203.640625,0.02773331053322181
64,6144,204.640625,0.02736658853245899
64,6144,205.640625,0.02754446101607755
64,6144,206.640625,0.02740988548612222
64,6144,207.640625,0.027638460509479046
64,6144,208.640625,0.02755539899226278
64,6144,209.640625,0.02736257598735392
64,6144,210.640625,0.027404989465139806
64,6144,211.640625,0.027381438005249947
64,6144,212.640625,0.02758380549494177
64,6144,213.640625,0.02727431897073984
64,6144,214.640625,0.02725923154503107
64,6144,215.640625,0.027687612047884613
64,6144,216.640625,0.027434826537501067
64,6144,217.640625,0.028065627033356577
64,6144,218.640625,0.027140644029714167
64,6144,219.640625,0.02760884747840464
64,6144,220.640625,0.027377937047276646
64,6144,221.640625,0.027971539937425405
64,6144,222.640625,0.027203164529055357
64,6144,223.640625,0.027203756966628134
64,6144,224.640625,0.0280255819670856
64,6144,225.640625,0.027053829457145184
64,6144,226.640625,0.02760926343034953
64,6144,227.640625,0.027414488489739597
64,6144,228.640625,0.027212638524360955
64,6144,229.640625,0.028032857459038496
