B,repeat,stream_index,k,start_minus_fire,end_minus_fire,t_iter_observed,injection_ttft
4,0,0,2,-0.16441755299456418,0.14629596995655447,0.31071352295111865,2.0756627110531554
4,0,0,3,0.14629596995655447,0.15531531104352325,0.00901934108696878,2.0756627110531554
4,0,0,4,0.15531531104352325,0.7122618310386315,0.5569465199951082,2.0756627110531554
4,0,0,5,0.7122618310386315,1.3768341420218349,0.6645723109832034,2.0756627110531554
4,0,0,6,1.3768341420218349,2.0741790489992127,0.6973449069773778,2.0756627110531554
4,0,0,7,2.0741790489992127,2.0764376299921423,0.0022585809929296374,2.0756627110531554
4,0,1,1,0.14682183298282325,0.15543302905280143,0.008611196069978178,2.0756627110531554
4,0,1,2,0.15543302905280143,0.7124401710461825,0.5570071419933811,2.0756627110531554
4,0,1,3,0.7124401710461825,1.376985735958442,0.6645455649122596,2.0756627110531554
4,0,1,4,1.376985735958442,2.0738735649501905,0.6968878289917484,2.0756627110531554
4,0,1,5,2.0738735649501905,2.0765159389702603,0.0026423740200698376,2.0756627110531554
4,0,2,1,-0.16384354094043374,0.14699953503441066,0.3108430759748444,2.0756627110531554
4,0,2,2,0.14699953503441066,0.15552068199031055,0.008521146955899894,2.0756627110531554
4,0,2,3,0.15552068199031055,0.7125223249895498,0.5570016429992393,2.0756627110531554
4,0,2,4,0.7125223249895498,1.3770629069767892,0.6645405819872394,2.0756627110531554
4,0,2,5,1.3770629069767892,2.0743356839520857,0.6972727769752964,2.0756627110531554
4,0,2,6,2.0743356839520857,2.0765765690011904,0.0022408850491046906,2.0756627110531554
4,0,3,1,0.14741742296610028,0.15561433404218405,0.00819691107608378,2.0756627110531554
4,0,3,2,0.15561433404218405,0.7125941039994359,0.5569797699572518,2.0756627110531554
4,0,3,3,0.7125941039994359,1.3771454639500007,0.6645513599505648,2.0756627110531554
4,0,3,4,1.3771454639500007,2.0742587479762733,0.6971132840262726,2.0756627110531554
4,0,3,5,2.0742587479762733,2.0766350319609046,0.0023762839846313,2.0756627110531554
4,1,0,1,0.14282276399899274,0.1465252289781347,0.0037024649791419506,2.0713018239475787
4,1,0,2,0.1465252289781347,0.7059570139972493,0.5594317850191146,2.0713018239475787
4,1,0,3,0.7059570139972493,1.3689629749860615,0.6630059609888121,2.0713018239475787
4,1,0,4,1.3689629749860615,2.0695303719257936,0.7005673969397321,2.0713018239475787
4,1,0,5,2.0695303719257936,2.0722543079173192,0.00272393599152565,2.0713018239475787
4,1,1,1,-0.17249287897720933,0.1423867120174691,0.31487959099467844,2.0713018239475787
4,1,1,2,0.1423867120174691,0.14642496593296528,0.0040382539154961705,2.0713018239475787
4,1,1,3,0.14642496593296528,0.7058714209124446,0.5594464549794793,2.0713018239475787
4,1,1,4,0.7058714209124446,1.368888930999674,0.6630175100872293,2.0713018239475787
4,1,1,5,1.368888930999674,2.06929301796481,0.7004040869651362,2.0713018239475787
4,1,1,6,2.06929301796481,2.0721908279228956,0.0028978099580854177,2.0713018239475787
4,1,2,2,-0.17227169405668974,0.14290035201702267,0.3151720460737124,2.0713018239475787
4,1,2,3,0.14290035201702267,0.14658757497090846,0.0036872229538857937,2.0713018239475787
4,1,2,4,0.14658757497090846,0.7060323319165036,0.5594447569455951,2.0713018239475787
4,1,2,5,0.7060323319165036,1.3690292770043015,0.6629969450877979,2.0713018239475787
4,1,2,6,1.3690292770043015,2.0694581019924954,0.7004288249881938,2.0713018239475787
4,1,2,7,2.0694581019924954,2.0723147799726576,0.0028566779801622033,2.0713018239475787
4,1,3,1,0.14216680196113884,0.14634610002394766,0.004179298062808812,2.0713018239475787
4,1,3,2,0.14634610002394766,0.7057052149903029,0.5593591149663553,2.0713018239475787
4,1,3,3,0.7057052149903029,1.3687356349546462,0.6630304199643433,2.0713018239475787
4,1,3,4,1.3687356349546462,2.0693800959270447,0.7006444609723985,2.0713018239475787
4,1,3,5,2.0693800959270447,2.0721103770192713,0.0027302810922265053,2.0713018239475787
4,2,0,1,0.1434353170916438,0.7047688320744783,0.5613335149828345,2.0635993200121447
4,2,0,2,0.7047688320744783,1.3658605200471357,0.6610916879726574,2.0635993200121447
4,2,0,3,1.3658605200471357,2.0620053310412914,0.6961448109941557,2.0635993200121447
4,2,0,4,2.0620053310412914,2.064452009042725,0.002446678001433611,2.0635993200121447
4,2,1,2,-0.43805497395806015,0.12983385904226452,0.5678888330003247,2.0635993200121447
4,2,1,3,0.12983385904226452,0.1431011810200289,0.013267321977764368,2.0635993200121447
4,2,1,4,0.1431011810200289,0.7038027200615034,0.5607015390414745,2.0635993200121447
4,2,1,5,0.7038027200615034,1.3656864810036495,0.6618837609421462,2.0635993200121447
4,2,1,6,1.3656864810036495,2.0619339720578864,0.6962474910542369,2.0635993200121447
4,2,1,7,2.0619339720578864,2.064375202055089,0.002441229997202754,2.0635993200121447
4,2,2,1,-0.43767016392666847,0.13001543807331473,0.5676856019999832,2.0635993200121447
4,2,2,2,0.13001543807331473,0.1435249081114307,0.013509470038115978,2.0635993200121447
4,2,2,3,0.1435249081114307,0.7049319581128657,0.561407050001435,2.0635993200121447
4,2,2,4,0.7049319581128657,1.3659474060405046,0.6610154479276389,2.0635993200121447
4,2,2,5,1.3659474060405046,2.061821758048609,0.6958743520081043,2.0635993200121447
4,2,2,6,2.061821758048609,2.0645142931025475,0.0026925350539386272,2.0635993200121447
4,2,3,1,0.13034003810025752,0.14360933005809784,0.013269291957840323,2.0635993200121447
4,2,3,2,0.14360933005809784,0.7050205160630867,0.5614111860049888,2.0635993200121447
4,2,3,3,0.7050205160630867,1.3660145500907674,0.6609940340276808,2.0635993200121447
4,2,3,4,1.3660145500907674,2.062073882087134,0.6960593319963664,2.0635993200121447
4,2,3,5,2.062073882087134,2.0645730360411108,0.002499153953976929,2.0635993200121447
4,3,0,1,0.1383724439656362,0.1448335979366675,0.006461153971031308,2.0623928469140083
4,3,0,2,0.1448335979366675,0.7035696229431778,0.5587360250065103,2.0623928469140083
4,3,0,3,0.7035696229431778,1.362207303987816,0.6586376810446382,2.0623928469140083
4,3,0,4,1.362207303987816,2.0602991569321603,0.6980918529443443,2.0623928469140083
4,3,0,5,2.0602991569321603,2.063264914904721,0.002965757972560823,2.0623928469140083
4,3,1,1,-0.17057289206422865,0.1389796918956563,0.30955258395988494,2.0623928469140083
4,3,1,2,0.1389796918956563,0.145037219976075,0.006057528080418706,2.0623928469140083
4,3,1,3,0.145037219976075,0.7038769839564338,0.5588397639803588,2.0623928469140083
4,3,1,4,0.7038769839564338,1.3625540379434824,0.6586770539870486,2.0623928469140083
4,3,1,5,1.3625540379434824,2.0606811529723927,0.6981271150289103,2.0623928469140083
4,3,1,6,2.0606811529723927,2.063494133995846,0.002812981023453176,2.0623928469140083
4,3,2,1,0.13884242495987564,0.14498535892926157,0.006142933969385922,2.0623928469140083
4,3,2,2,0.14498535892926157,0.7038091659778729,0.5588238070486113,2.0623928469140083
4,3,2,3,0.7038091659778729,1.3624668809352443,0.6586577149573714,2.0623928469140083
4,3,2,4,1.3624668809352443,2.0602080039680004,0.6977411230327561,2.0623928469140083
4,3,2,5,2.0602080039680004,2.0634199409978464,0.0032119370298460126,2.0623928469140083
4,3,3,2,-0.17102177010383457,0.13852543593384326,0.3095472060376778,2.0623928469140083
4,3,3,3,0.13852543593384326,0.14491319796070457,0.00638776202686131,2.0623928469140083
4,3,3,4,0.14491319796070457,0.7037181889172643,0.5588049909565598,2.0623928469140083
4,3,3,5,0.7037181889172643,1.3623856859048828,0.6586674969876185,2.0623928469140083
4,3,3,6,1.3623856859048828,2.060516924946569,0.6981312390416861,2.0623928469140083
4,3,3,7,2.060516924946569,2.063352046883665,0.002835121937096119,2.0623928469140083
4,4,0,1,-0.44953992194496095,0.11773015395738184,0.5672700759023428,2.0543926829705015
4,4,0,2,0.11773015395738184,0.13198784994892776,0.014257695991545916,2.0543926829705015
4,4,0,3,0.13198784994892776,0.6892558550462127,0.5572680050972849,2.0543926829705015
4,4,0,4,0.6892558550462127,1.353206051979214,0.6639501969330013,2.0543926829705015
4,4,0,5,1.353206051979214,2.051984722027555,0.6987786700483412,2.0543926829705015
4,4,0,6,2.051984722027555,2.0554797280346975,0.003495006007142365,2.0543926829705015
4,4,1,1,0.1318747929763049,0.6891102540539578,0.5572354610776529,2.0543926829705015
4,4,1,2,0.6891102540539578,1.3530615570489317,0.663951302994974,2.0543926829705015
4,4,1,3,1.3530615570489317,2.0523015699582174,0.6992400129092857,2.0543926829705015
4,4,1,4,2.0523015699582174,2.054938531946391,0.002636961988173425,2.0543926829705015
4,4,2,1,0.11741086898837239,0.13152644399087876,0.014115575002506375,2.0543926829705015
4,4,2,2,0.13152644399087876,0.6888630379689857,0.557336593978107,2.0543926829705015
4,4,2,3,0.6888630379689857,1.3529164800420403,0.6640534420730546,2.0543926829705015
4,4,2,4,1.3529164800420403,2.0522257080301642,0.6993092279881239,2.0543926829705015
4,4,2,5,2.0522257080301642,2.054860295029357,0.002634586999192834,2.0543926829705015
4,4,3,1,-0.45007829496171325,0.11758998699951917,0.5676682819612324,2.0543926829705015
4,4,3,2,0.11758998699951917,0.13193537294864655,0.014345385949127376,2.0543926829705015
4,4,3,3,0.13193537294864655,0.6891877639573067,0.5572523910086602,2.0543926829705015
4,4,3,4,0.6891877639573067,1.3531437549972907,0.6639559910399839,2.0543926829705015
4,4,3,5,1.3531437549972907,2.0520662990165874,0.6989225440192968,2.0543926829705015
4,4,3,6,2.0520662990165874,2.055406652041711,0.003340353025123477,2.0543926829705015
4,5,0,1,0.15541209594812244,0.7116257279412821,0.5562136319931597,2.072738404967822
4,5,0,2,0.7116257279412821,1.3741099769249558,0.6624842489836738,2.072738404967822
4,5,0,3,1.3741099769249558,2.0711580489296466,0.6970480720046908,2.072738404967822
4,5,0,4,2.0711580489296466,2.0736245430307463,0.00246649410109967,2.072738404967822
4,5,1,2,-0.4320020650047809,0.14100158598739654,0.5730036509921774,2.072738404967822
4,5,1,3,0.14100158598739654,0.155098270974122,0.01409668498672545,2.072738404967822
4,5,1,4,0.155098270974122,0.7115029009291902,0.5564046299550682,2.072738404967822
4,5,1,5,0.7115029009291902,1.3740284099476412,0.662525509018451,2.072738404967822
4,5,1,6,1.3740284099476412,2.071306047961116,0.6972776380134746,2.072738404967822
4,5,1,7,2.071306047961116,2.073565794969909,0.002259747008793056,2.072738404967822
4,5,2,2,-0.4320949020329863,0.14088073500897735,0.5729756370419636,2.072738404967822
4,5,2,3,0.14088073500897735,0.15500750299543142,0.01412676798645407,2.072738404967822
4,5,2,4,0.15500750299543142,0.7113306769169867,0.5563231739215553,2.072738404967822
4,5,2,5,0.7113306769169867,1.3738518989412114,0.6625212220242247,2.072738404967822
4,5,2,6,1.3738518989412114,2.0712413010187447,0.6973894020775333,2.072738404967822
4,5,2,7,2.0712413010187447,2.073489584028721,0.0022482830099761486,2.072738404967822
4,5,3,1,0.14136874896939844,0.15550238895229995,0.014133639982901514,2.072738404967822
4,5,3,2,0.15550238895229995,0.7116990790236741,0.5561966900713742,2.072738404967822
4,5,3,3,0.7116990790236741,1.374182392959483,0.6624833139358088,2.072738404967822
4,5,3,4,1.374182392959483,2.071079722023569,0.6968973290640861,2.072738404967822
4,5,3,5,2.071079722023569,2.0736812140094116,0.0026014919858425856,2.072738404967822
4,6,0,1,0.13399490201845765,0.14042107702698559,0.0064261750085279346,2.0582463160390034
4,6,0,2,0.14042107702698559,0.6990389000857249,0.5586178230587393,2.0582463160390034
4,6,0,3,0.6990389000857249,1.3609485960332677,0.6619096959475428,2.0582463160390034
4,6,0,4,1.3609485960332677,2.056450495030731,0.6955018989974633,2.0582463160390034
4,6,0,5,2.056450495030731,2.0614458370255306,0.0049953419947996736,2.0582463160390034
4,6,1,1,-0.17874306300655007,0.13365274900570512,0.3123958120122552,2.0582463160390034
4,6,1,2,0.13365274900570512,0.14056833903305233,0.006915590027347207,2.0582463160390034
4,6,1,3,0.14056833903305233,0.6994093440007418,0.5588410049676895,2.0582463160390034
4,6,1,4,0.6994093440007418,1.3611996370600536,0.6617902930593118,2.0582463160390034
4,6,1,5,1.3611996370600536,2.0563802120741457,0.695180575014092,2.0582463160390034
4,6,1,6,2.0563802120741457,2.061603851034306,0.005223638960160315,2.0582463160390034
4,6,2,2,-0.1785266969818622,0.13372953899670392,0.3122562359785661,2.0582463160390034
4,6,2,3,0.13372953899670392,0.14061756909359246,0.006888030096888542,2.0582463160390034
4,6,2,4,0.14061756909359246,0.6994941470911726,0.5588765779975802,2.0582463160390034
4,6,2,5,0.6994941470911726,1.3612666650442407,0.661772517953068,2.0582463160390034
4,6,2,6,1.3612666650442407,2.0563020770205185,0.6950354119762778,2.0582463160390034
4,6,2,7,2.0563020770205185,2.061662855092436,0.0053607780719175935,2.0582463160390034
4,6,3,1,0.13348885299637914,0.14051534701138735,0.007026494015008211,2.0582463160390034
4,6,3,2,0.14051534701138735,0.6993128190515563,0.5587974720401689,2.0582463160390034
4,6,3,3,0.6993128190515563,1.3611217020079494,0.6618088829563931,2.0582463160390034
4,6,3,4,1.3611217020079494,2.05651663208846,0.6953949300805107,2.0582463160390034
4,6,3,5,2.05651663208846,2.0615401330869645,0.00502350099850446,2.0582463160390034
4,7,0,1,0.13603773899376392,0.14745215699076653,0.011414417997002602,2.072352983057499
4,7,0,2,0.14745215699076653,0.7078382880426943,0.5603861310519278,2.072352983057499
4,7,0,3,0.7078382880426943,1.3720100980717689,0.6641718100290745,2.072352983057499
4,7,0,4,1.3720100980717689,2.0705075880978256,0.6984974900260568,2.072352983057499
4,7,0,5,2.0705075880978256,2.073398763081059,0.0028911749832332134,2.072352983057499
4,7,1,2,-0.16825152200181037,0.13538347708527,0.30363499908708036,2.072352983057499
4,7,1,3,0.13538347708527,0.1472351000411436,0.011851622955873609,2.072352983057499
4,7,1,4,0.1472351000411436,0.7074770170729607,0.5602419170318171,2.072352983057499
4,7,1,5,0.7074770170729607,1.3716381010599434,0.6641610839869827,2.072352983057499
4,7,1,6,1.3716381010599434,2.0706561150727794,0.6990180140128359,2.072352983057499
4,7,1,7,2.0706561150727794,2.073191696079448,0.002535581006668508,2.072352983057499
4,7,2,2,-0.16801694291643798,0.13550900400150567,0.30352594691794366,2.072352983057499
4,7,2,3,0.13550900400150567,0.1473076289985329,0.011798624997027218,2.072352983057499
4,7,2,4,0.1473076289985329,0.7076383460080251,0.5603307170094922,2.072352983057499
4,7,2,5,0.7076383460080251,1.371825851034373,0.6641875050263479,2.072352983057499
4,7,2,6,1.371825851034373,2.0707296980544925,0.6989038470201194,2.072352983057499
4,7,2,7,2.0707296980544925,2.0732704530237243,0.0025407549692317843,2.072352983057499
4,7,3,1,-0.16759116691537201,0.1356440760428086,0.3032352429581806,2.072352983057499
4,7,3,2,0.1356440760428086,0.14737537503242493,0.011731298989616334,2.072352983057499
4,7,3,3,0.14737537503242493,0.707729708054103,0.560354333021678,2.072352983057499
4,7,3,4,0.707729708054103,1.371928116073832,0.664198408019729,2.072352983057499
4,7,3,5,1.371928116073832,2.070585717097856,0.6986576010240242,2.072352983057499
4,7,3,6,2.070585717097856,2.073333899024874,0.0027481819270178676,2.072352983057499
4,8,0,1,0.13681884005200118,0.692176440032199,0.5553575999801978,2.050992478034459
4,8,0,2,0.692176440032199,1.3553148910868913,0.6631384510546923,2.050992478034459
4,8,0,3,1.3553148910868913,2.049423521035351,0.6941086299484596,2.050992478034459
4,8,0,4,2.049423521035351,2.0517777000786737,0.0023541790433228016,2.050992478034459
4,8,1,1,-0.4427399429259822,0.12233807402662933,0.5650780169526115,2.050992478034459
4,8,1,2,0.12233807402662933,0.13714636210352182,0.014808288076892495,2.050992478034459
4,8,1,3,0.13714636210352182,0.6925079820211977,0.5553616199176759,2.050992478034459
4,8,1,4,0.6925079820211977,1.3556089610792696,0.663100979058072,2.050992478034459
4,8,1,5,1.3556089610792696,2.0492280140751973,0.6936190529959276,2.050992478034459
4,8,1,6,2.0492280140751973,2.05197189305909,0.0027438789838925004,2.050992478034459
4,8,2,1,0.12194081209599972,0.1369827400194481,0.015041927923448384,2.050992478034459
4,8,2,2,0.1369827400194481,0.6923618710134178,0.5553791309939697,2.050992478034459
4,8,2,3,0.6923618710134178,1.3554623950039968,0.663100523990579,2.050992478034459
4,8,2,4,1.3554623950039968,2.049490961013362,0.694028566009365,2.050992478034459
4,8,2,5,2.049490961013362,2.0518532630521804,0.002362302038818598,2.050992478034459
4,8,3,1,-0.4431724639143795,0.12216818006709218,0.5653406439814717,2.050992478034459
4,8,3,2,0.12216818006709218,0.13706459605600685,0.014896415988914669,2.050992478034459
4,8,3,3,0.13706459605600685,0.6924377830000594,0.5553731869440526,2.050992478034459
4,8,3,4,0.6924377830000594,1.3555394930299371,0.6631017100298777,2.050992478034459
4,8,3,5,1.3555394930299371,2.0493079230654985,0.6937684300355613,2.050992478034459
4,8,3,6,2.0493079230654985,2.051913602044806,0.002605678979307413,2.050992478034459
4,9,0,1,0.13602993893437088,0.6928134019253775,0.5567834629910067,2.0571317109279335
4,9,0,2,0.6928134019253775,1.3578213449800387,0.6650079430546612,2.0571317109279335
4,9,0,3,1.3578213449800387,2.055498291971162,0.6976769469911233,2.0571317109279335
4,9,0,4,2.055498291971162,2.05989813094493,0.0043998389737680554,2.0571317109279335
4,9,1,1,0.12125285400543362,0.13611407298594713,0.014861218980513513,2.0571317109279335
4,9,1,2,0.13611407298594713,0.6928883329965174,0.5567742600105703,2.0571317109279335
4,9,1,3,0.6928883329965174,1.35788985399995,0.6650015210034326,2.0571317109279335
4,9,1,4,1.35788985399995,2.0554188389796764,0.6975289849797264,2.0571317109279335
4,9,1,5,2.0554188389796764,2.0599587369943038,0.004539898014627397,2.0571317109279335
4,9,2,1,-0.4456096299691126,0.12089293403550982,0.5665025640046224,2.0571317109279335
4,9,2,2,0.12089293403550982,0.1357132609700784,0.014820326934568584,2.0571317109279335
4,9,2,3,0.1357132609700784,0.6926692959386855,0.5569560349686071,2.0571317109279335
4,9,2,4,0.6926692959386855,1.3577425819821656,0.66507328604348,2.0571317109279335
4,9,2,5,1.3577425819821656,2.0556763589847833,0.6979337770026177,2.0571317109279335
4,9,2,6,2.0556763589847833,2.059835696942173,0.004159337957389653,2.0571317109279335
4,9,3,1,-0.4460561240557581,0.12070462794508785,0.566760752000846,2.0571317109279335
4,9,3,2,0.12070462794508785,0.13560770696494728,0.014903079019859433,2.0571317109279335
4,9,3,3,0.13560770696494728,0.6925110479351133,0.556903340970166,2.0571317109279335
4,9,3,4,0.6925110479351133,1.357582887983881,0.6650718400487676,2.0571317109279335
4,9,3,5,1.357582887983881,2.0555702969431877,0.6979874089593068,2.0571317109279335
4,9,3,6,2.0555702969431877,2.0597469640197232,0.004176667076535523,2.0571317109279335
8,0,0,1,-0.43249202391598374,0.134942208067514,0.5674342319834977,3.179888615035452
8,0,0,2,0.134942208067514,0.6870526360580698,0.5521104279905558,3.179888615035452
8,0,0,3,0.6870526360580698,1.2541118030203506,0.5670591669622809,3.179888615035452
8,0,0,4,1.2541118030203506,1.8193592390744016,0.5652474360540509,3.179888615035452
8,0,0,5,1.8193592390744016,2.474446027074009,0.6550867879996076,3.179888615035452
8,0,0,6,2.474446027074009,3.177804538048804,0.7033585109747946,3.179888615035452
8,0,0,7,3.177804538048804,3.1811184440739453,0.0033139060251414776,3.179888615035452
8,0,1,2,-0.4328811679733917,0.13481904100626707,0.5677002089796588,3.179888615035452
8,0,1,3,0.13481904100626707,0.6871283260406926,0.5523092850344256,3.179888615035452
8,0,1,4,0.6871283260406926,1.255117450025864,0.5679891239851713,3.179888615035452
8,0,1,5,1.255117450025864,1.8201067970367149,0.5649893470108509,3.179888615035452
8,0,1,6,1.8201067970367149,2.4748544570757076,0.6547476600389928,3.179888615035452
8,0,1,7,2.4748544570757076,3.178091497044079,0.7032370399683714,3.179888615035452
8,0,1,8,3.178091497044079,3.181392529979348,0.003301032935269177,3.179888615035452
8,0,2,1,1.2545919440453872,1.8194873500615358,0.5648954060161486,3.179888615035452
8,0,2,2,1.8194873500615358,2.4745365839917213,0.6550492339301854,3.179888615035452
8,0,2,3,2.4745365839917213,3.1778789720265195,0.7033423880347982,3.179888615035452
8,0,2,4,3.1778789720265195,3.181191743002273,0.003312770975753665,3.179888615035452
8,0,3,1,0.6874473720090464,1.255220436025411,0.5677730640163645,3.179888615035452
8,0,3,2,1.255220436025411,1.8201710319845006,0.5649505959590897,3.179888615035452
8,0,3,3,1.8201710319845006,2.474952563061379,0.6547815310768783,3.179888615035452
8,0,3,4,2.474952563061379,3.1781626150477678,0.7032100519863889,3.179888615035452
8,0,3,5,3.1781626150477678,3.1814538310281932,0.003291215980425477,3.179888615035452
8,0,4,1,0.1346820869948715,0.6875753439962864,0.5528932570014149,3.179888615035452
8,0,4,2,0.6875753439962864,1.2553010460687801,0.5677257020724937,3.179888615035452
8,0,4,3,1.2553010460687801,1.820232536061667,0.5649314899928868,3.179888615035452
8,0,4,4,1.820232536061667,2.4750287600327283,0.6547962239710614,3.179888615035452
8,0,4,5,2.4750287600327283,3.178230058052577,0.7032012980198488,3.179888615035452
8,0,4,6,3.178230058052577,3.181516063050367,0.0032860049977898598,3.179888615035452
8,0,5,1,0.6868958200793713,1.2539229380199686,0.5670271179405972,3.179888615035452
8,0,5,2,1.2539229380199686,1.8192047550110146,0.5652818169910461,3.179888615035452
8,0,5,3,1.8192047550110146,2.4742595300776884,0.6550547750666738,3.179888615035452
8,0,5,4,2.4742595300776884,3.1777139690238982,0.7034544389462098,3.179888615035452
8,0,5,5,3.1777139690238982,3.1810082310112193,0.0032942619873210788,3.179888615035452
8,0,6,1,1.255029989988543,1.8200371930142865,0.5650072030257434,3.179888615035452
8,0,6,2,1.8200371930142865,2.4747756560100242,0.6547384629957378,3.179888615035452
8,0,6,3,2.4747756560100242,3.178019570070319,0.7032439140602946,3.179888615035452
8,0,6,4,3.178019570070319,3.181327588041313,0.003308017970994115,3.179888615035452
8,0,7,1,1.81987729400862,2.4746921450132504,0.6548148510046303,3.179888615035452
8,0,7,2,2.4746921450132504,3.177952600060962,0.7032604550477117,3.179888615035452
8,0,7,3,3.177952600060962,3.1812632660148665,0.0033106659539043903,3.179888615035452
8,1,0,1,-0.16671545791905373,0.4073860340286046,0.5741014919476584,3.1759227890288457
8,1,0,2,0.4073860340286046,0.9639805930200964,0.5565945589914918,3.1759227890288457
8,1,0,3,0.9639805930200964,1.520039089024067,0.5560584960039705,3.1759227890288457
8,1,0,4,1.520039089024067,2.138373953057453,0.6183348640333861,3.1759227890288457
8,1,0,5,2.138373953057453,2.8165900480234995,0.6782160949660465,3.1759227890288457
8,1,0,6,2.8165900480234995,3.1743490271037444,0.3577589790802449,3.1759227890288457
8,1,0,7,3.1743490271037444,3.1770195540739223,0.002670526970177889,3.1759227890288457
8,1,1,2,-0.16725760488770902,0.407249964075163,0.574507568962872,3.1759227890288457
8,1,1,3,0.407249964075163,0.9652527380967513,0.5580027740215883,3.1759227890288457
8,1,1,4,0.9652527380967513,1.5212537650950253,0.556001026998274,3.1759227890288457
8,1,1,5,1.5212537650950253,2.1390142081072554,0.6177604430122301,3.1759227890288457
8,1,1,6,2.1390142081072554,2.817090048105456,0.6780758399982005,3.1759227890288457
8,1,1,7,2.817090048105456,3.1765184870455414,0.35942843894008547,3.1759227890288457
8,1,2,1,0.40674949204549193,0.9653557720594108,0.5586062800139189,3.1759227890288457
8,1,2,2,0.9653557720594108,1.5213164510205388,0.555960678961128,3.1759227890288457
8,1,2,3,1.5213164510205388,2.139078426058404,0.6177619750378653,3.1759227890288457
8,1,2,4,2.139078426058404,2.817167754052207,0.6780893279938027,3.1759227890288457
8,1,2,5,2.817167754052207,3.1765994540182874,0.3594316999660805,3.1759227890288457
8,1,3,1,1.5209796380950138,2.138800884014927,0.617821245919913,3.1759227890288457
8,1,3,2,2.138800884014927,2.8168906250502914,0.6780897410353646,3.1759227890288457
8,1,3,3,2.8168906250502914,3.174589331028983,0.3576987059786916,3.1759227890288457
8,1,3,4,3.174589331028983,3.1771990520646796,0.002609721035696566,3.1759227890288457
8,1,4,1,0.4071562580065802,0.9647456470411271,0.5575893890345469,3.1759227890288457
8,1,4,2,0.9647456470411271,1.521076568053104,0.5563309210119769,3.1759227890288457
8,1,4,3,1.521076568053104,2.138866557041183,0.6177899889880791,3.1759227890288457
8,1,4,4,2.138866557041183,2.8169582330156118,0.6780916759744287,3.1759227890288457
8,1,4,5,2.8169582330156118,3.1762581380316988,0.359299905016087,3.1759227890288457
8,1,5,1,0.9651387210469693,1.5211843170691282,0.5560455960221589,3.1759227890288457
8,1,5,2,1.5211843170691282,2.1389304090989754,0.6177460920298472,3.1759227890288457
8,1,5,3,2.1389304090989754,2.8170242140768096,0.6780938049778342,3.1759227890288457
8,1,5,4,2.8170242140768096,3.1764302710071206,0.359406056930311,3.1759227890288457
8,1,6,1,1.5205464910250157,2.1385969400871545,0.6180504490621388,3.1759227890288457
8,1,6,2,2.1385969400871545,2.8167420719983056,0.6781451319111511,3.1759227890288457
8,1,6,3,2.8167420719983056,3.1744268951006234,0.35768482310231775,3.1759227890288457
8,1,6,4,3.1744268951006234,3.177085993112996,0.0026590980123728514,3.1759227890288457
8,1,7,1,0.9646173790097237,1.5206893350696191,0.5560719560598955,3.1759227890288457
8,1,7,2,1.5206893350696191,2.1386801820481196,0.6179908469785005,3.1759227890288457
8,1,7,3,2.1386801820481196,2.816820550011471,0.6781403679633513,3.1759227890288457
8,1,7,4,2.816820550011471,3.1745241481112316,0.3577035980997607,3.1759227890288457
8,1,7,5,3.1745241481112316,3.177143524051644,0.002619375940412283,3.1759227890288457
8,2,0,1,0.9757552669616416,1.5338619019603357,0.5581066349986941,3.198776736971922
8,2,0,2,1.5338619019603357,2.151298241922632,0.6174363399622962,3.198776736971922
8,2,0,3,2.151298241922632,2.834554709959775,0.6832564680371433,3.198776736971922
8,2,0,4,2.834554709959775,3.1974299299763516,0.36287522001657635,3.198776736971922
8,2,0,5,3.1974299299763516,3.199956480995752,0.002526551019400358,3.198776736971922
8,2,1,3,-0.1554063210496679,0.42147257295437157,0.5768788940040395,3.198776736971922
8,2,1,4,0.42147257295437157,0.9758265980053693,0.5543540250509977,3.198776736971922
8,2,1,5,0.9758265980053693,1.5339320639614016,0.5581054659560323,3.198776736971922
8,2,1,6,1.5339320639614016,2.1513880899874493,0.6174560260260478,3.198776736971922
8,2,1,7,2.1513880899874493,2.8346215849742293,0.68323349498678,3.198776736971922
8,2,1,8,2.8346215849742293,3.1990981119452044,0.3644765269709751,3.198776736971922
8,2,2,1,0.4222756859380752,0.9749206319684163,0.5526449460303411,3.198776736971922
8,2,2,2,0.9749206319684163,1.532624456915073,0.5577038249466568,3.198776736971922
8,2,2,3,1.532624456915073,2.1508158419746906,0.6181913850596175,3.198776736971922
8,2,2,4,2.1508158419746906,2.834172937902622,0.6833570959279314,3.198776736971922
8,2,2,5,2.834172937902622,3.1970439369324595,0.36287099902983755,3.198776736971922
8,2,2,6,3.1970439369324595,3.199678337899968,0.0026344009675085545,3.198776736971922
8,2,3,1,1.5336096859537065,2.151135856984183,0.6175261710304767,3.198776736971922
8,2,3,2,2.151135856984183,2.834417055011727,0.6832811980275437,3.198776736971922
8,2,3,3,2.834417055011727,3.197305153007619,0.36288809799589217,3.198776736971922
8,2,3,4,3.197305153007619,3.199846090981737,0.0025409379741176963,3.198776736971922
8,2,4,1,-0.15555992908775806,0.4212732509477064,0.5768331800354645,3.198776736971922
8,2,4,2,0.4212732509477064,0.974732955917716,0.5534597049700096,3.198776736971922
8,2,4,3,0.974732955917716,1.5324394189519808,0.5577064630342647,3.198776736971922
8,2,4,4,1.5324394189519808,2.150593024911359,0.6181536059593782,3.198776736971922
8,2,4,5,2.150593024911359,2.8340238289674744,0.6834308040561154,3.198776736971922
8,2,4,6,2.8340238289674744,3.1969627119833604,0.36293888301588595,3.198776736971922
8,2,4,7,3.1969627119833604,3.1996113199274987,0.002648607944138348,3.198776736971922
8,2,5,1,1.5331000079168007,2.1509403839008883,0.6178403759840876,3.198776736971922
8,2,5,2,2.1509403839008883,2.8342724048998207,0.6833320209989324,3.198776736971922
8,2,5,3,2.8342724048998207,3.19711163896136,0.3628392340615392,3.198776736971922
8,2,5,4,3.19711163896136,3.1997354129562154,0.0026237739948555827,3.198776736971922
8,2,6,1,0.9754301699576899,1.533758213976398,0.5583280440187082,3.198776736971922
8,2,6,2,1.533758213976398,2.1512153699295595,0.6174571559531614,3.198776736971922
8,2,6,3,2.1512153699295595,2.834485623985529,0.6832702540559694,3.198776736971922
8,2,6,4,2.834485623985529,3.1973685789853334,0.3628829549998045,3.198776736971922
8,2,6,5,3.1973685789853334,3.1999008849961683,0.0025323060108348727,3.198776736971922
8,2,7,1,0.4219133099541068,0.9750532869948074,0.5531399770407006,3.198776736971922
8,2,7,2,0.9750532869948074,1.5331984979566187,0.5581452109618112,3.198776736971922
8,2,7,3,1.5331984979566187,2.151016462012194,0.6178179640555754,3.198776736971922
8,2,7,4,2.151016462012194,2.834347423980944,0.6833309619687498,3.198776736971922
8,2,7,5,2.834347423980944,3.19717681594193,0.36282939196098596,3.198776736971922
8,2,7,6,3.19717681594193,3.199791361927055,0.0026145459851250052,3.198776736971922
8,3,0,2,-0.4299444369971752,0.13868508802261204,0.5686295250197873,3.1809170229826123
8,3,0,3,0.13868508802261204,0.6884922869503498,0.5498071989277378,3.1809170229826123
8,3,0,4,0.6884922869503498,1.259773788973689,0.5712815020233393,3.1809170229826123
8,3,0,5,1.259773788973689,1.8247818649979308,0.5650080760242417,3.1809170229826123
8,3,0,6,1.8247818649979308,2.480147178983316,0.655365313985385,3.1809170229826123
8,3,0,7,2.480147178983316,3.1791713120182976,0.6990241330349818,3.1809170229826123
8,3,0,8,3.1791713120182976,3.18174813198857,0.0025768199702724814,3.1809170229826123
8,3,1,1,-0.4301423099823296,0.13860494398977607,0.5687472539721057,3.1809170229826123
8,3,1,2,0.13860494398977607,0.6883197919232771,0.549714847933501,3.1809170229826123
8,3,1,3,0.6883197919232771,1.2595655609620735,0.5712457690387964,3.1809170229826123
8,3,1,4,1.2595655609620735,1.82460683491081,0.5650412739487365,3.1809170229826123
8,3,1,5,1.82460683491081,2.479992363951169,0.655385529040359,3.1809170229826123
8,3,1,6,2.479992363951169,3.1790881449123845,0.6990957809612155,3.1809170229826123
8,3,1,7,3.1790881449123845,3.181328670005314,0.0022405250929296017,3.1809170229826123
8,3,2,1,0.6893078159773722,1.2604753649793565,0.5711675490019843,3.1809170229826123
8,3,2,2,1.2604753649793565,1.825438619009219,0.5649632540298626,3.1809170229826123
8,3,2,3,1.825438619009219,2.480531438952312,0.6550928199430928,3.1809170229826123
8,3,2,4,2.480531438952312,3.1794868879951537,0.6989554490428418,3.1809170229826123
8,3,2,5,3.1794868879951537,3.1820637229830027,0.002576834987848997,3.1809170229826123
8,3,3,1,0.1389788609230891,0.6890112849650905,0.5500324240420014,3.1809170229826123
8,3,3,2,0.6890112849650905,1.2603440459351987,0.5713327609701082,3.1809170229826123
8,3,3,3,1.2603440459351987,1.8250166620127857,0.564672616077587,3.1809170229826123
8,3,3,4,1.8250166620127857,2.4803455569781363,0.6553288949653506,3.1809170229826123
8,3,3,5,2.4803455569781363,3.1793632169719785,0.6990176599938422,3.1809170229826123
8,3,3,6,3.1793632169719785,3.181946419994347,0.0025832030223682523,3.1809170229826123
8,3,4,1,1.8253554799593985,2.480470289941877,0.6551148099824786,3.1809170229826123
8,3,4,2,2.480470289941877,3.1794269509846345,0.6989566610427573,3.1809170229826123
8,3,4,3,3.1794269509846345,3.1820006469497457,0.0025736959651112556,3.1809170229826123
8,3,5,1,1.2601688539143652,1.8248880999162793,0.5647192460019141,3.1809170229826123
8,3,5,2,1.8248880999162793,2.4802203059662133,0.655332206049934,3.1809170229826123
8,3,5,3,2.4802203059662133,3.1792372569907457,0.6990169510245323,3.1809170229826123
8,3,5,4,3.1792372569907457,3.181831000954844,0.002593743964098394,3.1809170229826123
8,3,6,1,0.6888740540016443,1.2602757739368826,0.5714017199352384,3.1809170229826123
8,3,6,2,1.2602757739368826,1.824953738017939,0.5646779640810564,3.1809170229826123
8,3,6,3,1.824953738017939,2.4802843489451334,0.6553306109271944,3.1809170229826123
8,3,6,4,2.4802843489451334,3.1793014579452574,0.699017109000124,3.1809170229826123
8,3,6,5,3.1793014579452574,3.1818892469163984,0.0025877889711409807,3.1809170229826123
8,3,7,1,1.2607688140124083,1.8255375180160627,0.5647687040036544,3.1809170229826123
8,3,7,2,1.8255375180160627,2.4805893449811265,0.6550518269650638,3.1809170229826123
8,3,7,3,2.4805893449811265,3.1795454249950126,0.6989560800138861,3.1809170229826123
8,3,7,4,3.1795454249950126,3.182119345990941,0.002573920995928347,3.1809170229826123
8,4,0,1,0.9686308749951422,1.530561005929485,0.5619301309343427,3.1898060370003805
8,4,0,2,1.530561005929485,2.1475709580117837,0.6170099520822987,3.1898060370003805
8,4,0,3,2.1475709580117837,2.8285686880117282,0.6809977299999446,3.1898060370003805
8,4,0,4,2.8285686880117282,3.188015277031809,0.35944658902008086,3.1898060370003805
8,4,0,5,3.188015277031809,3.1908210469409823,0.00280576990917325,3.1898060370003805
8,4,1,2,-0.16552760696504265,0.41210417298134416,0.5776317799463868,3.1898060370003805
8,4,1,3,0.41210417298134416,0.9678684159880504,0.5557642430067062,3.1898060370003805
8,4,1,4,0.9678684159880504,1.5299261329928413,0.5620577170047909,3.1898060370003805
8,4,1,5,1.5299261329928413,2.1473045320017263,0.617378399008885,3.1898060370003805
8,4,1,6,2.1473045320017263,2.8283495319774374,0.6810449999757111,3.1898060370003805
8,4,1,7,2.8283495319774374,3.18780150602106,0.3594519740436226,3.1898060370003805
8,4,1,8,3.18780150602106,3.190630387980491,0.0028288819594308734,3.1898060370003805
8,4,2,1,-0.16575476003345102,0.4119133319472894,0.5776680919807404,3.1898060370003805
8,4,2,2,0.4119133319472894,0.9677966779563576,0.5558833460090682,3.1898060370003805
8,4,2,3,0.9677966779563576,1.529849373968318,0.5620526960119605,3.1898060370003805
8,4,2,4,1.529849373968318,2.1472179000265896,0.6173685260582715,3.1898060370003805
8,4,2,5,2.1472179000265896,2.828282466973178,0.6810645669465885,3.1898060370003805
8,4,2,6,2.828282466973178,3.1877323320368305,0.3594498650636524,3.1898060370003805
8,4,2,7,3.1877323320368305,3.19054702995345,0.0028146979166194797,3.1898060370003805
8,4,3,1,0.41256935300771147,0.9674638420110568,0.5548944890033454,3.1898060370003805
8,4,3,2,0.9674638420110568,1.529077104991302,0.561613262980245,3.1898060370003805
8,4,3,3,1.529077104991302,2.1468777989502996,0.6178006939589977,3.1898060370003805
8,4,3,4,2.1468777989502996,2.8279392740223557,0.681061475072056,3.1898060370003805
8,4,3,5,2.8279392740223557,3.1874278070172295,0.3594885329948738,3.1898060370003805
8,4,3,6,3.1874278070172295,3.190329862991348,0.0029020559741184115,3.1898060370003805
8,4,4,1,0.41294437600299716,0.967703697970137,0.5547593219671398,3.1898060370003805
8,4,4,2,0.967703697970137,1.5293212309479713,0.5616175329778343,3.1898060370003805
8,4,4,3,1.5293212309479713,2.1470243929652497,0.6177031620172784,3.1898060370003805
8,4,4,4,2.1470243929652497,2.8281240719370544,0.6810996789718047,3.1898060370003805
8,4,4,5,2.8281240719370544,3.1875715679489076,0.3594474960118532,3.1898060370003805
8,4,4,6,3.1875715679489076,3.1904137569945306,0.002842189045622945,3.1898060370003805
8,4,5,1,1.5297657130286098,2.1471413909457624,0.6173756779171526,3.1898060370003805
8,4,5,2,2.1471413909457624,2.8282012359704822,0.6810598450247198,3.1898060370003805
8,4,5,3,2.8282012359704822,3.1876592179760337,0.35945798200555146,3.1898060370003805
8,4,5,4,3.1876592179760337,3.1904805989470333,0.0028213809709995985,3.1898060370003805
8,4,6,1,0.9682841099565849,1.530460934038274,0.5621768240816891,3.1898060370003805
8,4,6,2,1.530460934038274,2.147503499989398,0.6170425659511238,3.1898060370003805
8,4,6,3,2.147503499989398,2.828506143996492,0.6810026440070942,3.1898060370003805
8,4,6,4,2.828506143996492,3.1879487830447033,0.3594426390482113,3.1898060370003805
8,4,6,5,3.1879487830447033,3.1907529269810766,0.0028041439363732934,3.1898060370003805
8,4,7,1,1.530315486015752,2.1474122590152547,0.6170967729995027,3.1898060370003805
8,4,7,2,2.1474122590152547,2.8284394160145894,0.6810271569993347,3.1898060370003805
8,4,7,3,2.8284394160145894,3.187876884941943,0.3594374689273536,3.1898060370003805
8,4,7,4,3.187876884941943,3.1906915589934215,0.002814674051478505,3.1898060370003805
8,5,0,1,0.4233150639338419,0.9778700879542157,0.5545550240203738,3.1918952990090474
8,5,0,2,0.9778700879542157,1.5376402769470587,0.559770188992843,3.1918952990090474
8,5,0,3,1.5376402769470587,2.150437703006901,0.6127974260598421,3.1918952990090474
8,5,0,4,2.150437703006901,2.83212363102939,0.681685928022489,3.1918952990090474
8,5,0,5,2.83212363102939,3.190283037023619,0.358159405994229,3.1918952990090474
8,5,0,6,3.190283037023619,3.192514698021114,0.002231660997495055,3.1918952990090474
8,5,1,1,-0.15420967200770974,0.4239978570258245,0.5782075290335342,3.1918952990090474
8,5,1,2,0.4239978570258245,0.9775469669839367,0.5535491099581122,3.1918952990090474
8,5,1,3,0.9775469669839367,1.5370291490107775,0.5594821820268407,3.1918952990090474
8,5,1,4,1.5370291490107775,2.150098123936914,0.6130689749261364,3.1918952990090474
8,5,1,5,2.150098123936914,2.8318066759966314,0.6817085520597175,3.1918952990090474
8,5,1,6,2.8318066759966314,3.1900759369600564,0.35826926096342504,3.1918952990090474
8,5,1,7,3.1900759369600564,3.1923304100055248,0.0022544730454683304,3.1918952990090474
8,5,2,3,-0.15403599001001567,0.4240691459272057,0.5781051359372213,3.1918952990090474
8,5,2,4,0.4240691459272057,0.9777457190211862,0.5536765730939806,3.1918952990090474
8,5,2,5,0.9777457190211862,1.5375650950009003,0.5598193759797141,3.1918952990090474
8,5,2,6,1.5375650950009003,2.1503643789328635,0.6127992839319631,3.1918952990090474
8,5,2,7,2.1503643789328635,2.8320553459925577,0.6816909670596942,3.1918952990090474
8,5,2,8,2.8320553459925577,3.1902221059426665,0.3581667599501088,3.1918952990090474
8,5,2,9,3.1902221059426665,3.192458317033015,0.002236211090348661,3.1918952990090474
8,5,3,1,0.4238102959934622,0.9788997760042548,0.5550894800107926,3.1918952990090474
8,5,3,2,0.9788997760042548,1.5382698039757088,0.559370027971454,3.1918952990090474
8,5,3,3,1.5382698039757088,2.1507612159475684,0.6124914119718596,3.1918952990090474
8,5,3,4,2.1507612159475684,2.8323911449406296,0.6816299289930612,3.1918952990090474
8,5,3,5,2.8323911449406296,3.1905370969325304,0.3581459519919008,3.1918952990090474
8,5,3,6,3.1905370969325304,3.192734017036855,0.0021969201043248177,3.1918952990090474
8,5,4,1,0.9787779590114951,1.538209414924495,0.5594314559129998,3.1918952990090474
8,5,4,2,1.538209414924495,2.1506958139361814,0.6124863990116864,3.1918952990090474
8,5,4,3,2.1506958139361814,2.8323297860333696,0.6816339720971882,3.1918952990090474
8,5,4,4,2.8323297860333696,3.1904668499482796,0.35813706391490996,3.1918952990090474
8,5,4,5,3.1904668499482796,3.192683127010241,0.0022162770619615912,3.1918952990090474
8,5,5,1,1.5379831539466977,2.150556333945133,0.6125731799984351,3.1918952990090474
8,5,5,2,2.150556333945133,2.8321895729750395,0.6816332390299067,3.1918952990090474
8,5,5,3,2.8321895729750395,3.1903462150366977,0.3581566420616582,3.1918952990090474
8,5,5,4,3.1903462150366977,3.1925748659996316,0.002228650962933898,3.1918952990090474
8,5,6,1,0.978381113964133,1.5381079589715227,0.5597268450073898,3.1918952990090474
8,5,6,2,1.5381079589715227,2.150629326933995,0.6125213679624721,3.1918952990090474
8,5,6,3,2.150629326933995,2.8322518200147897,0.6816224930807948,3.1918952990090474
8,5,6,4,2.8322518200147897,3.190407295944169,0.35815547592937946,3.1918952990090474
8,5,6,5,3.190407295944169,3.1926291789859533,0.0022218830417841673,3.1918952990090474
8,5,7,1,1.5374589610146359,2.150281682028435,0.6128227210137993,3.1918952990090474
8,5,7,2,2.150281682028435,2.8319781159516424,0.6816964339232072,3.1918952990090474
8,5,7,3,2.8319781159516424,3.1901539870304987,0.3581758710788563,3.1918952990090474
8,5,7,4,3.1901539870304987,3.1924004360334948,0.002246449002996087,3.1918952990090474
8,6,0,1,0.6894044399959967,1.2599212499335408,0.5705168099375442,3.1831384339602664
8,6,0,2,1.2599212499335408,1.828274909988977,0.5683536600554362,3.1831384339602664
8,6,0,3,1.828274909988977,2.484235670999624,0.6559607610106468,3.1831384339602664
8,6,0,4,2.484235670999624,3.180588828981854,0.6963531579822302,3.1831384339602664
8,6,0,5,3.180588828981854,3.18139083404094,0.0008020050590857863,3.1831384339602664
8,6,0,6,3.18139083404094,3.1923324959352612,0.010941661894321442,3.1831384339602664
8,6,1,1,1.2607035610126331,1.8293942629825324,0.5686907019698992,3.1831384339602664
8,6,1,2,1.8293942629825324,2.4846747419796884,0.655280478997156,3.1831384339602664
8,6,1,3,2.4846747419796884,3.180946968961507,0.6962722269818187,3.1831384339602664
8,6,1,4,3.180946968961507,3.181603795965202,0.0006568270036950707,3.1831384339602664
8,6,1,5,3.181603795965202,3.192585877957754,0.010982081992551684,3.1831384339602664
8,6,2,1,1.829045018996112,2.4845144390128553,0.6554694200167432,3.1831384339602664
8,6,2,2,2.4845144390128553,3.1807368969311938,0.6962224579183385,3.1831384339602664
8,6,2,3,3.1807368969311938,3.1814907760126516,0.0007538790814578533,3.1831384339602664
8,6,2,4,3.1814907760126516,3.1924618639750406,0.010971087962388992,3.1831384339602664
8,6,3,1,-0.42771551304031163,0.14086861396208405,0.5685841270023957,3.1831384339602664
8,6,3,2,0.14086861396208405,0.6894899549661204,0.5486213410040364,3.1831384339602664
8,6,3,3,0.6894899549661204,1.2599945520050824,0.570504597038962,3.1831384339602664
8,6,3,4,1.2599945520050824,1.8283588769845665,0.5683643249794841,3.1831384339602664
8,6,3,5,1.8283588769845665,2.484316888032481,0.6559580110479146,3.1831384339602664
8,6,3,6,2.484316888032481,3.180662969010882,0.696346080978401,3.1831384339602664
8,6,3,7,3.180662969010882,3.1814402749296278,0.0007773059187456965,3.1831384339602664
8,6,3,8,3.1814402749296278,3.1923984399763867,0.01095816504675895,3.1831384339602664
8,6,4,1,1.2603561059804633,1.8292810530401766,0.5689249470597133,3.1831384339602664
8,6,4,2,1.8292810530401766,2.4845985809806734,0.6553175279404968,3.1831384339602664
8,6,4,3,2.4845985809806734,3.1808066939702258,0.6962081129895523,3.1831384339602664
8,6,4,4,3.1808066939702258,3.1815408139955252,0.0007341200252994895,3.1831384339602664
8,6,4,5,3.1815408139955252,3.192524635931477,0.01098382193595171,3.1831384339602664
8,6,5,1,0.6898070400347933,1.2608406300423667,0.5710335900075734,3.1831384339602664
8,6,5,2,1.2608406300423667,1.82946992397774,0.5686292939353734,3.1831384339602664
8,6,5,3,1.82946992397774,2.4847506650257856,0.6552807410480455,3.1831384339602664
8,6,5,4,2.4847506650257856,3.1810177819570526,0.6962671169312671,3.1831384339602664
8,6,5,5,3.1810177819570526,3.1816531899385154,0.0006354079814627767,3.1831384339602664
8,6,5,6,3.1816531899385154,3.192645811010152,0.010992621071636677,3.1831384339602664
8,6,6,2,-0.4281172619666904,0.14024201303254813,0.5683592749992386,3.1831384339602664
8,6,6,3,0.14024201303254813,0.6887276089983061,0.548485595965758,3.1831384339602664
8,6,6,4,0.6887276089983061,1.2595583989750594,0.5708307899767533,3.1831384339602664
8,6,6,5,1.2595583989750594,1.8279554119799286,0.5683970130048692,3.1831384339602664
8,6,6,6,1.8279554119799286,2.4839721400057897,0.6560167280258611,3.1831384339602664
8,6,6,7,2.4839721400057897,3.1804188250098377,0.696446685004048,3.1831384339602664
8,6,6,8,3.1804188250098377,3.1812845240347087,0.0008656990248709917,3.1831384339602664
8,6,6,9,3.1812845240347087,3.192114003933966,0.010829479899257421,3.1831384339602664
8,6,7,1,0.14067881496157497,0.6889587179757655,0.5482799030141905,3.1831384339602664
8,6,7,2,0.6889587179757655,1.2597331419819966,0.5707744240062311,3.1831384339602664
8,6,7,3,1.2597331419819966,1.828171681961976,0.5684385399799794,3.1831384339602664
8,6,7,4,1.828171681961976,2.4841465910430998,0.6559749090811238,3.1831384339602664
8,6,7,5,2.4841465910430998,3.1805069310357794,0.6963603399926797,3.1831384339602664
8,6,7,6,3.1805069310357794,3.1813399819657207,0.000833050929941237,3.1831384339602664
8,6,7,7,3.1813399819657207,3.1922573799965903,0.010917398030869663,3.1831384339602664
8,7,0,2,-0.16339224495459348,0.40555067104287446,0.5689429159974679,3.1856181089533493
8,7,0,3,0.40555067104287446,0.9661211930215359,0.5605705219786614,3.1856181089533493
8,7,0,4,0.9661211930215359,1.5226486809551716,0.5565274879336357,3.1856181089533493
8,7,0,5,1.5226486809551716,2.1369395579677075,0.6142908770125359,3.1856181089533493
8,7,0,6,2.1369395579677075,2.819011464016512,0.6820719060488045,3.1856181089533493
8,7,0,7,2.819011464016512,3.1837736000306904,0.3647621360141784,3.1856181089533493
8,7,0,8,3.1837736000306904,3.186631354968995,0.0028577549383044243,3.1856181089533493
8,7,1,1,-0.16369154199492186,0.4049684649799019,0.5686600069748238,3.1856181089533493
8,7,1,2,0.4049684649799019,0.9662015869980678,0.5612331220181659,3.1856181089533493
8,7,1,3,0.9662015869980678,1.5227374100359157,0.5565358230378479,3.1856181089533493
8,7,1,4,1.5227374100359157,2.137034995947033,0.6142975859111175,3.1856181089533493
8,7,1,5,2.137034995947033,2.819103916059248,0.682068920112215,3.1856181089533493
8,7,1,6,2.819103916059248,3.1838492120150477,0.3647452959557995,3.1856181089533493
8,7,1,7,3.1838492120150477,3.186693817959167,0.002844605944119394,3.1856181089533493
8,7,2,2,-0.16351556696463376,0.4054658829700202,0.5689814499346539,3.1856181089533493
8,7,2,3,0.4054658829700202,0.966276888968423,0.5608110059984028,3.1856181089533493
8,7,2,4,0.966276888968423,1.523266140022315,0.5569892510538921,3.1856181089533493
8,7,2,5,1.523266140022315,2.137297014007345,0.6140308739850298,3.1856181089533493
8,7,2,6,2.137297014007345,2.819284901022911,0.6819878870155662,3.1856181089533493
8,7,2,7,2.819284901022911,3.184000432025641,0.36471553100273013,3.1856181089533493
8,7,2,8,3.184000432025641,3.186836370965466,0.0028359389398247004,3.1856181089533493
8,7,3,1,0.4053778649540618,0.9667470919666812,0.5613692270126194,3.1856181089533493
8,7,3,2,0.9667470919666812,1.523822379997,0.5570752880303189,3.1856181089533493
8,7,3,3,1.523822379997,2.137582869036123,0.6137604890391231,3.1856181089533493
8,7,3,4,2.137582869036123,2.8195017270045355,0.6819188579684123,3.1856181089533493
8,7,3,5,2.8195017270045355,3.184236884000711,0.36473515699617565,3.1856181089533493
8,7,3,6,3.184236884000711,3.187024796032347,0.002787912031635642,3.1856181089533493
8,7,4,1,1.5237452590372413,2.1375124029582366,0.6137671439209953,3.1856181089533493
8,7,4,2,2.1375124029582366,2.8194350010016933,0.6819225980434567,3.1856181089533493
8,7,4,3,2.8194350010016933,3.1841693610185757,0.3647343600168824,3.1856181089533493
8,7,4,4,3.1841693610185757,3.1869567879475653,0.002787426928989589,3.1856181089533493
8,7,5,1,1.5231753080151975,2.1372186690568924,0.6140433610416949,3.1856181089533493
8,7,5,2,2.1372186690568924,2.819181586964987,0.6819629179080948,3.1856181089533493
8,7,5,3,2.819181586964987,3.1839221459813416,0.3647405590163544,3.1856181089533493
8,7,5,4,3.1839221459813416,3.186757760006003,0.0028356140246614814,3.1856181089533493
8,7,6,1,0.9659484820440412,1.522433400969021,0.5564849189249799,3.1856181089533493
8,7,6,2,1.522433400969021,2.136760456021875,0.6143270550528541,3.1856181089533493
8,7,6,3,2.136760456021875,2.8187980949878693,0.6820376389659941,3.1856181089533493
8,7,6,4,2.8187980949878693,3.183686668984592,0.3648885739967227,3.1856181089533493
8,7,6,5,3.183686668984592,3.1865496579557657,0.0028629889711737633,3.1856181089533493
8,7,7,1,0.9665931130293757,1.5234317199792713,0.5568386069498956,3.1856181089533493
8,7,7,2,1.5234317199792713,2.1373724850127473,0.613940765033476,3.1856181089533493
8,7,7,3,2.1373724850127473,2.8193587149726227,0.6819862299598753,3.1856181089533493
8,7,7,4,2.8193587149726227,3.184097775956616,0.3647390609839931,3.1856181089533493
8,7,7,5,3.184097775956616,3.186897599021904,0.002799823065288365,3.1856181089533493
8,8,0,2,-0.15184367296751589,0.42236084304749966,0.5742045160150155,3.195544920046814
8,8,0,3,0.42236084304749966,0.983732185093686,0.5613713420461863,3.195544920046814
8,8,0,4,0.983732185093686,1.5368944490328431,0.5531622639391571,3.195544920046814
8,8,0,5,1.5368944490328431,2.1560957400361076,0.6192012910032645,3.195544920046814
8,8,0,6,2.1560957400361076,2.837676913011819,0.6815811729757115,3.195544920046814
8,8,0,7,2.837676913011819,3.193734448053874,0.35605753504205495,3.195544920046814
8,8,0,8,3.193734448053874,3.1966880339896306,0.002953585935756564,3.195544920046814
8,8,1,2,-0.1517007069196552,0.42242655099835247,0.5741272579180077,3.195544920046814
8,8,1,3,0.42242655099835247,0.9830125879961997,0.5605860369978473,3.195544920046814
8,8,1,4,0.9830125879961997,1.536091090994887,0.5530785029986873,3.195544920046814
8,8,1,5,1.536091090994887,2.1555957479868084,0.6195046569919214,3.195544920046814
8,8,1,6,2.1555957479868084,2.83725784602575,0.6816620980389416,3.195544920046814
8,8,1,7,2.83725784602575,3.193473001010716,0.3562151549849659,3.195544920046814
8,8,1,8,3.193473001010716,3.1964395430404693,0.0029665420297533274,3.195544920046814
8,8,2,1,1.537401205045171,2.156353309052065,0.6189521040068939,3.195544920046814
8,8,2,2,2.156353309052065,2.8378768760012463,0.6815235669491813,3.195544920046814
8,8,2,3,2.8378768760012463,3.193953488022089,0.35607661202084273,3.195544920046814
8,8,2,4,3.193953488022089,3.19685686705634,0.0029033790342509747,3.195544920046814
8,8,3,1,-0.15204462700057775,0.42227239708881825,0.574317024089396,3.195544920046814
8,8,3,2,0.42227239708881825,0.9836309130769223,0.561358515988104,3.195544920046814
8,8,3,3,0.9836309130769223,1.5368225200800225,0.5531916070031002,3.195544920046814
8,8,3,4,1.5368225200800225,2.155995262088254,0.6191727420082316,3.195544920046814
8,8,3,5,2.155995262088254,2.8376056749839336,0.6816104128956795,3.195544920046814
8,8,3,6,2.8376056749839336,3.1936722240643576,0.356066549080424,3.195544920046814
8,8,3,7,3.1936722240643576,3.1966320869978517,0.0029598629334941506,3.195544920046814
8,8,4,1,0.4220353700220585,0.9841396100819111,0.5621042400598526,3.195544920046814
8,8,4,2,0.9841396100819111,1.5370508480118588,0.5529112379299477,3.195544920046814
8,8,4,3,1.5370508480118588,2.1562436210224405,0.6191927730105817,3.195544920046814
8,8,4,4,2.1562436210224405,2.837811603094451,0.6815679820720106,3.195544920046814
8,8,4,5,2.837811603094451,3.1938941429834813,0.35608253988903016,3.195544920046814
8,8,4,6,3.1938941429834813,3.196802177000791,0.0029080340173095465,3.195544920046814
8,8,5,1,0.9835297100944445,1.5363009750144556,0.5527712649200112,3.195544920046814
8,8,5,2,1.5363009750144556,2.1557736890390515,0.6194727140245959,3.195544920046814
8,8,5,3,2.1557736890390515,2.837416163063608,0.6816424740245566,3.195544920046814
8,8,5,4,2.837416163063608,3.1935452630277723,0.3561290999641642,3.195544920046814
8,8,5,5,3.1935452630277723,3.1965129390591756,0.0029676760314032435,3.195544920046814
8,8,6,1,1.5367087230551988,2.155918964999728,0.6192102419445291,3.195544920046814
8,8,6,2,2.155918964999728,2.8375015440396965,0.6815825790399686,3.195544920046814
8,8,6,3,2.8375015440396965,3.1936100809834898,0.3561085369437933,3.195544920046814
8,8,6,4,3.1936100809834898,3.196574132074602,0.0029640510911121964,3.195544920046814
8,8,7,1,0.9840411629993469,1.5369861860526726,0.5529450230533257,3.195544920046814
8,8,7,2,1.5369861860526726,2.156166383996606,0.6191801979439333,3.195544920046814
8,8,7,3,2.156166383996606,2.837745046010241,0.681578662013635,3.195544920046814
8,8,7,4,2.837745046010241,3.1937949940329418,0.35604994802270085,3.195544920046814
8,8,7,5,3.1937949940329418,3.196745526045561,0.002950532012619078,3.195544920046814
8,9,0,1,-0.15494265605229884,0.4261947519844398,0.5811374080367386,3.19573167397175
8,9,0,2,0.4261947519844398,0.9821931109763682,0.5559983589919284,3.19573167397175
8,9,0,3,0.9821931109763682,1.5405855959979817,0.5583924850216135,3.19573167397175
8,9,0,4,1.5405855959979817,2.155892270966433,0.6153066749684513,3.19573167397175
8,9,0,5,2.155892270966433,2.837822906905785,0.6819306359393522,3.19573167397175
8,9,0,6,2.837822906905785,3.1962732669198886,0.35845036001410335,3.19573167397175
8,9,1,3,-0.15553313703276217,0.42522909794934094,0.5807622349821031,3.19573167397175
8,9,1,4,0.42522909794934094,0.982273226021789,0.5570441280724481,3.19573167397175
8,9,1,5,0.982273226021789,1.5412122019333765,0.5589389759115875,3.19573167397175
8,9,1,6,1.5412122019333765,2.1561585649615154,0.6149463630281389,3.19573167397175
8,9,1,7,2.1561585649615154,2.8379990459652618,0.6818404810037464,3.19573167397175
8,9,1,8,2.8379990459652618,3.1964779319241643,0.35847888595890254,3.19573167397175
8,9,2,1,0.42603264993522316,0.9810579429613426,0.5550252930261195,3.19573167397175
8,9,2,2,0.9810579429613426,1.5399813349358737,0.5589233919745311,3.19573167397175
8,9,2,3,1.5399813349358737,2.1555360889760777,0.615554754040204,3.19573167397175
8,9,2,4,2.1555360889760777,2.8374731929507107,0.6819371039746329,3.19573167397175
8,9,2,5,2.8374731929507107,3.19592093792744,0.35844774497672915,3.19573167397175
8,9,3,1,0.4256787629565224,0.9823770829243585,0.5566983199678361,3.19573167397175
8,9,3,2,0.9823770829243585,1.541308037005365,0.5589309540810063,3.19573167397175
8,9,3,3,1.541308037005365,2.1562296769116074,0.6149216399062425,3.19573167397175
8,9,3,4,2.1562296769116074,2.83806903695222,0.6818393600406125,3.19573167397175
8,9,3,5,2.83806903695222,3.1965711310040206,0.35850209405180067,3.19573167397175
8,9,4,1,1.5417373459786177,2.1563364919275045,0.6145991459488869,3.19573167397175
8,9,4,2,2.1563364919275045,2.8381428479915485,0.6818063560640439,3.19573167397175
8,9,4,3,2.8381428479915485,3.196671787998639,0.35852894000709057,3.19573167397175
8,9,5,1,1.5411255660001189,2.156071765930392,0.614946199930273,3.19573167397175
8,9,5,2,2.156071765930392,2.837923487997614,0.681851722067222,3.19573167397175
8,9,5,3,2.837923487997614,3.1963800789089873,0.3584565909113735,3.19573167397175
8,9,6,1,0.982063996954821,1.540466733975336,0.5584027370205149,3.19573167397175
8,9,6,2,1.540466733975336,2.1558122049318627,0.6153454709565267,3.19573167397175
8,9,6,3,2.1558122049318627,2.8377438549650833,0.6819316500332206,3.19573167397175
8,9,6,4,2.8377438549650833,3.1961679969681427,0.3584241420030594,3.19573167397175
8,9,7,1,0.9817421709885821,1.5402729730121791,0.5585308020235971,3.19573167397175
8,9,7,2,1.5402729730121791,2.1557256769156083,0.6154527039034292,3.19573167397175
8,9,7,3,2.1557256769156083,2.8376579239265993,0.681932247010991,3.19573167397175
8,9,7,4,2.8376579239265993,3.196015321998857,0.35835739807225764,3.19573167397175
16,0,0,1,0.4300732290139422,0.9875121309887618,0.5574389019748196,5.443653049995191
16,0,0,2,0.9875121309887618,1.5450720930239186,0.5575599620351568,5.443653049995191
16,0,0,3,1.5450720930239186,2.1107485180255026,0.565676425001584,5.443653049995191
16,0,0,4,2.1107485180255026,2.663885041954927,0.5531365239294246,5.443653049995191
16,0,0,5,2.663885041954927,3.2278736530570313,0.5639886111021042,5.443653049995191
16,0,0,6,3.2278736530570313,3.783656153944321,0.5557825008872896,5.443653049995191
16,0,0,7,3.783656153944321,4.395413347054273,0.6117571931099519,5.443653049995191
16,0,0,8,4.395413347054273,5.084593479055911,0.6891801320016384,5.443653049995191
16,0,0,9,5.084593479055911,5.440306668053381,0.35571318899746984,5.443653049995191
16,0,0,10,5.440306668053381,5.4449085460510105,0.0046018779976293445,5.443653049995191
16,0,1,1,-0.14710667298641056,0.43034883099608123,0.5774555039824918,5.443653049995191
16,0,1,2,0.43034883099608123,0.9882369480328634,0.5578881170367822,5.443653049995191
16,0,1,3,0.9882369480328634,1.5464581970591098,0.5582212490262464,5.443653049995191
16,0,1,4,1.5464581970591098,2.1127860309788957,0.5663278339197859,5.443653049995191
16,0,1,5,2.1127860309788957,2.6651183649664745,0.5523323339875787,5.443653049995191
16,0,1,6,2.6651183649664745,3.2293714670231566,0.5642531020566821,5.443653049995191
16,0,1,7,3.2293714670231566,3.785642527975142,0.5562710609519854,5.443653049995191
16,0,1,8,3.785642527975142,4.396547536016442,0.6109050080412999,5.443653049995191
16,0,1,9,4.396547536016442,5.085658974945545,0.6891114389291033,5.443653049995191
16,0,1,10,5.085658974945545,5.441476242966019,0.3558172680204734,5.443653049995191
16,0,1,11,5.441476242966019,5.445657789008692,0.00418154604267329,5.443653049995191
16,0,2,3,-0.14690334105398506,0.4304411089979112,0.5773444500518963,5.443653049995191
16,0,2,4,0.4304411089979112,0.9873732980340719,0.5569321890361607,5.443653049995191
16,0,2,5,0.9873732980340719,1.5449646309716627,0.5575913329375908,5.443653049995191
16,0,2,6,1.5449646309716627,2.11065474699717,0.5656901160255075,5.443653049995191
16,0,2,7,2.11065474699717,2.663709423970431,0.5530546769732609,5.443653049995191
16,0,2,8,2.663709423970431,3.2277897329768166,0.5640803090063855,5.443653049995191
16,0,2,9,3.2277897329768166,3.783550863037817,0.5557611300610006,5.443653049995191
16,0,2,10,3.783550863037817,4.395318391965702,0.611767528927885,5.443653049995191
16,0,2,11,4.395318391965702,5.084498581010848,0.6891801890451461,5.443653049995191
16,0,2,12,5.084498581010848,5.440227619954385,0.3557290389435366,5.443653049995191
16,0,2,13,5.440227619954385,5.444826252991334,0.0045986330369487405,5.443653049995191
16,0,3,1,0.43085086497012526,0.9876746980007738,0.5568238330306485,5.443653049995191
16,0,3,2,0.9876746980007738,1.5451608130242676,0.5574861150234938,5.443653049995191
16,0,3,3,1.5451608130242676,2.1108936150558293,0.5657328020315617,5.443653049995191
16,0,3,4,2.1108936150558293,2.6639902179595083,0.553096602903679,5.443653049995191
16,0,3,5,2.6639902179595083,3.2280201900284737,0.5640299720689654,5.443653049995191
16,0,3,6,3.2280201900284737,3.7837444220203906,0.5557242319919169,5.443653049995191
16,0,3,7,3.7837444220203906,4.395501174964011,0.6117567529436201,5.443653049995191
16,0,3,8,4.395501174964011,5.084777661017142,0.6892764860531315,5.443653049995191
16,0,3,9,5.084777661017142,5.440514005953446,0.3557363449363038,5.443653049995191
16,0,3,10,5.440514005953446,5.444971833960153,0.004457828006707132,5.443653049995191
16,0,4,1,0.9881072640419006,1.5453648909460753,0.5572576269041747,5.443653049995191
16,0,4,2,1.5453648909460753,2.1109831030480564,0.565618212101981,5.443653049995191
16,0,4,3,2.1109831030480564,2.6640854319557548,0.5531023289076984,5.443653049995191
16,0,4,4,2.6640854319557548,3.2281122979475185,0.5640268659917638,5.443653049995191
16,0,4,5,3.2281122979475185,3.783916671993211,0.5558043740456924,5.443653049995191
16,0,4,6,3.783916671993211,4.395657300017774,0.6117406280245632,5.443653049995191
16,0,4,7,4.395657300017774,5.084870081045665,0.6892127810278907,5.443653049995191
16,0,4,8,5.084870081045665,5.440637717023492,0.355767635977827,5.443653049995191
16,0,4,9,5.440637717023492,5.445034730015323,0.004397012991830707,5.443653049995191
16,0,5,1,1.546369425021112,2.1126858569914475,0.5663164319703355,5.443653049995191
16,0,5,2,2.1126858569914475,2.6649979749927297,0.5523121180012822,5.443653049995191
16,0,5,3,2.6649979749927297,3.229308046051301,0.5643100710585713,5.443653049995191
16,0,5,4,3.229308046051301,3.7855500370496884,0.5562419909983873,5.443653049995191
16,0,5,5,3.7855500370496884,4.396480640978552,0.610930603928864,5.443653049995191
16,0,5,6,4.396480640978552,5.08558938105125,0.6891087400726974,5.443653049995191
16,0,5,7,5.08558938105125,5.441413018037565,0.35582363698631525,5.443653049995191
16,0,5,8,5.441413018037565,5.445600152947009,0.004187134909443557,5.443653049995191
16,0,6,1,2.111894577043131,2.664321869960986,0.5524272929178551,5.443653049995191
16,0,6,2,2.664321869960986,3.22825109900441,0.5639292290434241,5.443653049995191
16,0,6,3,3.22825109900441,3.784081842051819,0.5558307430474088,5.443653049995191
16,0,6,4,3.784081842051819,4.395812929025851,0.6117310869740322,5.443653049995191
16,0,6,5,4.395812929025851,5.085024337051436,0.6892114080255851,5.443653049995191
16,0,6,6,5.085024337051436,5.440791976987384,0.35576763993594795,5.443653049995191
16,0,6,7,5.440791976987384,5.445186189957894,0.004394212970510125,5.443653049995191
16,0,7,1,2.664904435048811,3.229240007000044,0.5643355719512329,5.443653049995191
16,0,7,2,3.229240007000044,3.785447658970952,0.556207651970908,5.443653049995191
16,0,7,3,3.785447658970952,4.396395843010396,0.6109481840394437,5.443653049995191
16,0,7,4,4.396395843010396,5.08551330701448,0.6891174640040845,5.443653049995191
16,0,7,5,5.08551330701448,5.441337391966954,0.35582408495247364,5.443653049995191
16,0,7,6,5.441337391966954,5.445544320042245,0.004206928075291216,5.443653049995191
16,0,8,1,2.1125231239711866,2.6644338379846886,0.551910714013502,5.443653049995191
16,0,8,2,2.6644338379846886,3.229093199945055,0.5646593619603664,5.443653049995191
16,0,8,3,3.229093199945055,3.7843886270420626,0.5552954270970076,5.443653049995191
16,0,8,4,3.7843886270420626,4.396056108060293,0.6116674810182303,5.443653049995191
16,0,8,5,4.396056108060293,5.08527518203482,0.6892190739745274,5.443653049995191
16,0,8,6,5.08527518203482,5.441110949032009,0.35583576699718833,5.443653049995191
16,0,8,7,5.441110949032009,5.44537071196828,0.004259762936271727,5.443653049995191
16,0,9,1,0.9871426050085574,1.5447402650024742,0.5575976599939167,5.443653049995191
16,0,9,2,1.5447402650024742,2.110457274946384,0.5657170099439099,5.443653049995191
16,0,9,3,2.110457274946384,2.6635237670270726,0.5530664920806885,5.443653049995191
16,0,9,4,2.6635237670270726,3.2276191679993644,0.5640954009722918,5.443653049995191
16,0,9,5,3.2276191679993644,3.783347508055158,0.5557283400557935,5.443653049995191
16,0,9,6,3.783347508055158,4.3951117229880765,0.6117642149329185,5.443653049995191
16,0,9,7,4.3951117229880765,5.084275541012175,0.6891638180240989,5.443653049995191
16,0,9,8,5.084275541012175,5.440122590982355,0.3558470499701798,5.443653049995191
16,0,9,9,5.440122590982355,5.4447327960515395,0.004610205069184303,5.443653049995191
16,0,10,1,1.5459346680436283,2.111176018952392,0.5652413509087637,5.443653049995191
16,0,10,2,2.111176018952392,2.6641663829796016,0.5529903640272096,5.443653049995191
16,0,10,3,2.6641663829796016,3.2281852109590545,0.5640188279794529,5.443653049995191
16,0,10,4,3.2281852109590545,3.78399859694764,0.5558133859885857,5.443653049995191
16,0,10,5,3.78399859694764,4.395734712015837,0.6117361150681973,5.443653049995191
16,0,10,6,4.395734712015837,5.084948500036262,0.6892137880204245,5.443653049995191
16,0,10,7,5.084948500036262,5.440720616956241,0.35577211691997945,5.443653049995191
16,0,10,8,5.440720616956241,5.445117232040502,0.004396615084260702,5.443653049995191
16,0,11,1,3.229000068968162,3.7843194069573656,0.5553193379892036,5.443653049995191
16,0,11,2,3.7843194069573656,4.395960574969649,0.6116411680122837,5.443653049995191
16,0,11,3,4.395960574969649,5.085206495015882,0.6892459200462326,5.443653049995191
16,0,11,4,5.085206495015882,5.440949199022725,0.35574270400684327,5.443653049995191
16,0,11,5,5.440949199022725,5.4453094019554555,0.004360202932730317,5.443653049995191
16,0,12,1,3.2286677949596196,3.7842060850234702,0.5555382900638506,5.443653049995191
16,0,12,2,3.7842060850234702,4.3958889310015365,0.6116828459780663,5.443653049995191
16,0,12,3,4.3958889310015365,5.085114115965553,0.6892251849640161,5.443653049995191
16,0,12,4,5.085114115965553,5.440865064971149,0.35575094900559634,5.443653049995191
16,0,12,5,5.440865064971149,5.445247877971269,0.004382813000120223,5.443653049995191
16,0,13,1,3.784930953057483,4.396196480025537,0.6112655269680545,5.443653049995191
16,0,13,2,4.396196480025537,5.085349670960568,0.6891531909350306,5.443653049995191
16,0,13,3,5.085349670960568,5.441197913954966,0.3558482429943979,5.443653049995191
16,0,13,4,5.441197913954966,5.4454286460531875,0.004230732098221779,5.443653049995191
16,0,14,1,2.665529711986892,3.229460997041315,0.5639312850544229,5.443653049995191
16,0,14,2,3.229460997041315,3.785706548951566,0.5562455519102514,5.443653049995191
16,0,14,3,3.785706548951566,4.396613831049763,0.6109072820981964,5.443653049995191
16,0,14,4,4.396613831049763,5.0857238579774275,0.6891100269276649,5.443653049995191
16,0,14,5,5.0857238579774275,5.441540195024572,0.35581633704714477,5.443653049995191
16,0,14,6,5.441540195024572,5.445711401058361,0.004171206033788621,5.443653049995191
16,0,15,1,3.785356973996386,4.396320268046111,0.6109632940497249,5.443653049995191
16,0,15,2,4.396320268046111,5.085437764995731,0.6891174969496205,5.443653049995191
16,0,15,3,5.085437764995731,5.4412705870345235,0.3558328220387921,5.443653049995191
16,0,15,4,5.4412705870345235,5.445487117976882,0.004216530942358077,5.443653049995191
16,1,0,2,-0.42031692306045443,0.1510655099991709,0.5713824330596253,5.455166623927653
16,1,0,3,0.1510655099991709,0.7050233989721164,0.5539578889729455,5.455166623927653
16,1,0,4,0.7050233989721164,1.273421157966368,0.5683977589942515,5.455166623927653
16,1,0,5,1.273421157966368,1.8269891389645636,0.5535679809981957,5.455166623927653
16,1,0,6,1.8269891389645636,2.395190480980091,0.5682013420155272,5.455166623927653
16,1,0,7,2.395190480980091,2.954855037969537,0.5596645569894463,5.455166623927653
16,1,0,8,2.954855037969537,3.5157375099370256,0.5608824719674885,5.455166623927653
16,1,0,9,3.5157375099370256,4.096956745022908,0.5812192350858822,5.455166623927653
16,1,0,10,4.096956745022908,4.7458715019747615,0.6489147569518536,5.455166623927653
16,1,0,11,4.7458715019747615,5.451668476918712,0.7057969749439508,5.455166623927653
16,1,0,12,5.451668476918712,5.4530482259579,0.0013797490391880274,5.455166623927653
16,1,0,13,5.4530482259579,5.468208497972228,0.015160272014327347,5.455166623927653
16,1,1,1,2.3960278949234635,2.9556406749179587,0.5596127799944952,5.455166623927653
16,1,1,2,2.9556406749179587,3.516529903979972,0.5608892290620133,5.455166623927653
16,1,1,3,3.516529903979972,4.097374961012974,0.5808450570330024,5.455166623927653
16,1,1,4,4.097374961012974,4.746269017923623,0.6488940569106489,5.455166623927653
16,1,1,5,4.746269017923623,5.452140762005001,0.705871744081378,5.455166623927653
16,1,1,6,5.452140762005001,5.453367561916821,0.0012267999118193984,5.455166623927653
16,1,1,7,5.453367561916821,5.4685904659563676,0.015222904039546847,5.455166623927653
16,1,2,1,2.3957033900078386,2.955526118981652,0.5598227289738134,5.455166623927653
16,1,2,2,2.955526118981652,3.5160358989378437,0.5605097799561918,5.455166623927653
16,1,2,3,3.5160358989378437,4.097174691967666,0.5811387930298224,5.455166623927653
16,1,2,4,4.097174691967666,4.746125548961572,0.6489508569939062,5.455166623927653
16,1,2,5,4.746125548961572,5.451996259973384,0.7058707110118121,5.455166623927653
16,1,2,6,5.451996259973384,5.453230787999928,0.0012345280265435576,5.455166623927653
16,1,2,7,5.453230787999928,5.468446761020459,0.015215973020531237,5.455166623927653
16,1,3,1,0.7041889789979905,1.2725455779582262,0.5683565989602357,5.455166623927653
16,1,3,2,1.2725455779582262,1.8259056759998202,0.553360098041594,5.455166623927653
16,1,3,3,1.8259056759998202,2.3945682880003005,0.5686626120004803,5.455166623927653
16,1,3,4,2.3945682880003005,2.9537283399840817,0.5591600519837812,5.455166623927653
16,1,3,5,2.9537283399840817,3.5145679969573393,0.5608396569732577,5.455166623927653
16,1,3,6,3.5145679969573393,4.09616618801374,0.5815981910564005,5.455166623927653
16,1,3,7,4.09616618801374,4.745246420963667,0.6490802329499274,5.455166623927653
16,1,3,8,4.745246420963667,5.45085395895876,0.7056075379950926,5.455166623927653
16,1,3,9,5.45085395895876,5.452527905930765,0.0016739469720050693,5.455166623927653
16,1,3,10,5.452527905930765,5.467648354009725,0.01512044807896018,5.455166623927653
16,1,4,1,-0.4205203870078549,0.15091102092992514,0.57143140793778,5.455166623927653
16,1,4,2,0.15091102092992514,0.7045297169825062,0.5536186960525811,5.455166623927653
16,1,4,3,0.7045297169825062,1.272738714935258,0.5682089979527518,5.455166623927653
16,1,4,4,1.272738714935258,1.826650543953292,0.553911829018034,5.455166623927653
16,1,4,5,1.826650543953292,2.3949189329287037,0.5682683889754117,5.455166623927653
16,1,4,6,2.3949189329287037,2.9546007219469175,0.5596817890182137,5.455166623927653
16,1,4,7,2.9546007219469175,3.5155110280029476,0.5609103060560301,5.455166623927653
16,1,4,8,3.5155110280029476,4.096723940921947,0.5812129129189998,5.455166623927653
16,1,4,9,4.096723940921947,4.745644900947809,0.6489209600258619,5.455166623927653
16,1,4,10,4.745644900947809,5.45143327396363,0.705788373015821,5.455166623927653
16,1,4,11,5.45143327396363,5.452878118958324,0.0014448449946939945,5.455166623927653
16,1,4,12,5.452878118958324,5.468014889978804,0.0151367710204795,5.455166623927653
16,1,5,1,2.9553905479842797,3.5159693219466135,0.5605787739623338,5.455166623927653
16,1,5,2,3.5159693219466135,4.097105409950018,0.5811360880034044,5.455166623927653
16,1,5,3,4.097105409950018,4.7460287429858,0.648923333035782,5.455166623927653
16,1,5,4,4.7460287429858,5.451908440911211,0.7058796979254112,5.455166623927653
16,1,5,5,5.451908440911211,5.453169589978643,0.0012611490674316883,5.455166623927653
16,1,5,6,5.453169589978643,5.468383661936969,0.015214071958325803,5.455166623927653
16,1,6,1,1.8274039539974183,2.3953167259460315,0.5679127719486132,5.455166623927653
16,1,6,2,2.3953167259460315,2.954933453933336,0.5596167279873043,5.455166623927653
16,1,6,3,2.954933453933336,3.5158665699418634,0.5609331160085276,5.455166623927653
16,1,6,4,3.5158665699418634,4.097027382929809,0.581160812987946,5.455166623927653
16,1,6,5,4.097027382929809,4.745950339012779,0.6489229560829699,5.455166623927653
16,1,6,6,4.745950339012779,5.451749966945499,0.7057996279327199,5.455166623927653
16,1,6,7,5.451749966945499,5.453104396001436,0.0013544290559366345,5.455166623927653
16,1,6,8,5.453104396001436,5.468312383978628,0.015207987977191806,5.455166623927653
16,1,7,1,0.1515327929519117,0.7044383300235495,0.5529055370716378,5.455166623927653
16,1,7,2,0.7044383300235495,1.272642698022537,0.5682043679989874,5.455166623927653
16,1,7,3,1.272642698022537,1.8265529489144683,0.5539102508919314,5.455166623927653
16,1,7,4,1.8265529489144683,2.3948390119476244,0.5682860630331561,5.455166623927653
16,1,7,5,2.3948390119476244,2.953980627004057,0.5591416150564328,5.455166623927653
16,1,7,6,2.953980627004057,3.5153216279577464,0.5613410009536892,5.455166623927653
16,1,7,7,3.5153216279577464,4.0965628599515185,0.5812412319937721,5.455166623927653
16,1,7,8,4.0965628599515185,4.74549312191084,0.6489302619593218,5.455166623927653
16,1,7,9,4.74549312191084,5.451102657942101,0.7056095360312611,5.455166623927653
16,1,7,10,5.451102657942101,5.452750796917826,0.001648138975724578,5.455166623927653
16,1,7,11,5.452750796917826,5.467866958933882,0.015116162016056478,5.455166623927653
16,1,8,1,1.8264472630107775,2.3947154929628596,0.568268229952082,5.455166623927653
16,1,8,2,2.3947154929628596,2.9538899599574506,0.5591744669945911,5.455166623927653
16,1,8,3,2.9538899599574506,3.514732263982296,0.5608423040248454,5.455166623927653
16,1,8,4,3.514732263982296,4.096248522982933,0.5815162590006366,5.455166623927653
16,1,8,5,4.096248522982933,4.74532690201886,0.6490783790359274,5.455166623927653
16,1,8,6,4.74532690201886,5.450934998923913,0.7056080969050527,5.455166623927653
16,1,8,7,5.450934998923913,5.452585186925717,0.0016501880018040538,5.455166623927653
16,1,8,8,5.452585186925717,5.467734167934395,0.015148981008678675,5.455166623927653
16,1,9,1,2.954503568005748,3.515437454916537,0.5609338869107887,5.455166623927653
16,1,9,2,3.515437454916537,4.096643483964726,0.5812060290481895,5.455166623927653
16,1,9,3,4.096643483964726,4.745567789999768,0.6489243060350418,5.455166623927653
16,1,9,4,4.745567789999768,5.451181491953321,0.7056137019535527,5.455166623927653
16,1,9,5,5.451181491953321,5.452820773003623,0.0016392810503020883,5.455166623927653
16,1,9,6,5.452820773003623,5.46794855396729,0.015127780963666737,5.455166623927653
16,1,10,1,0.7049341989913955,1.272868325933814,0.5679341269424185,5.455166623927653
16,1,10,2,1.272868325933814,1.826737446943298,0.5538691210094839,5.455166623927653
16,1,10,3,1.826737446943298,2.39499404898379,0.568256602040492,5.455166623927653
16,1,10,4,2.39499404898379,2.954687405959703,0.559693356975913,5.455166623927653
16,1,10,5,2.954687405959703,3.5155837510246783,0.5608963450649753,5.455166623927653
16,1,10,6,3.5155837510246783,4.096800909959711,0.5812171589350328,5.455166623927653
16,1,10,7,4.096800909959711,4.745719671016559,0.6489187610568479,5.455166623927653
16,1,10,8,4.745719671016559,5.451517045963556,0.7057973749469966,5.455166623927653
16,1,10,9,5.451517045963556,5.452935674926266,0.0014186289627104998,5.455166623927653
16,1,10,10,5.452935674926266,5.468079524929635,0.015143850003369153,5.455166623927653
16,1,11,1,1.2723023180151358,1.8256735280156136,0.5533712100004777,5.455166623927653
16,1,11,2,1.8256735280156136,2.3944103099638596,0.5687367819482461,5.455166623927653
16,1,11,3,2.3944103099638596,2.9535106120165437,0.5591003020526841,5.455166623927653
16,1,11,4,2.9535106120165437,3.5143836869392544,0.5608730749227107,5.455166623927653
16,1,11,5,3.5143836869392544,4.096069293911569,0.5816856069723144,5.455166623927653
16,1,11,6,4.096069293911569,4.7450754549354315,0.6490061610238627,5.455166623927653
16,1,11,7,4.7450754549354315,5.450766345020384,0.7056908900849521,5.455166623927653
16,1,11,8,5.450766345020384,5.4524400170193985,0.001673671999014914,5.455166623927653
16,1,11,9,5.4524400170193985,5.467480071936734,0.01504005491733551,5.455166623927653
16,1,12,1,1.2733051020186394,1.8269051359966397,0.5536000339780003,5.455166623927653
16,1,12,2,1.8269051359966397,2.395112504949793,0.5682073689531535,5.455166623927653
16,1,12,3,2.395112504949793,2.954772401950322,0.5596598970005289,5.455166623927653
16,1,12,4,2.954772401950322,3.515657530981116,0.5608851290307939,5.455166623927653
16,1,12,5,3.515657530981116,4.096878442913294,0.5812209119321778,5.455166623927653
16,1,12,6,4.096878442913294,4.74579256400466,0.6489141210913658,5.455166623927653
16,1,12,7,4.74579256400466,5.451594643993303,0.7058020799886435,5.455166623927653
16,1,12,8,5.451594643993303,5.452991287922487,0.0013966439291834831,5.455166623927653
16,1,12,9,5.452991287922487,5.468143607024103,0.01515231910161674,5.455166623927653
16,1,13,1,3.5164489609887823,4.097299900953658,0.5808509399648756,5.455166623927653
16,1,13,2,4.097299900953658,4.746202421956696,0.6489025210030377,5.455166623927653
16,1,13,3,4.746202421956696,5.452071173000149,0.7058687510434538,5.455166623927653
16,1,13,4,5.452071173000149,5.453289587981999,0.0012184149818494916,5.455166623927653
16,1,13,5,5.453289587981999,5.468509669997729,0.01522008201573044,5.455166623927653
16,1,14,1,4.097868555923924,4.744895546929911,0.6470269910059869,5.455166623927653
16,1,14,2,4.744895546929911,5.450651290011592,0.7057557430816814,5.455166623927653
16,1,14,3,5.450651290011592,5.452376927016303,0.0017256370047107339,5.455166623927653
16,1,14,4,5.452376927016303,5.467327066930011,0.014950139913707972,5.455166623927653
16,1,15,1,3.5152324559167027,4.096391096943989,0.5811586410272866,5.455166623927653
16,1,15,2,4.096391096943989,4.7454189689597115,0.6490278720157221,5.455166623927653
16,1,15,3,4.7454189689597115,5.45102441299241,0.7056054440326989,5.455166623927653
16,1,15,4,5.45102441299241,5.452690041973256,0.001665628980845213,5.455166623927653
16,1,15,5,5.452690041973256,5.467803118983284,0.015113077010028064,5.455166623927653
16,2,0,1,3.792745537008159,4.4052545729791746,0.6125090359710157,5.453532328014262
16,2,0,2,4.4052545729791746,5.095251190010458,0.6899966170312837,5.453532328014262
16,2,0,3,5.095251190010458,5.451732220011763,0.35648103000130504,5.453532328014262
16,2,0,4,5.451732220011763,5.455203032004647,0.0034708119928836823,5.453532328014262
16,2,1,1,-0.14750036306213588,0.43324920802842826,0.5807495710905641,5.453532328014262
16,2,1,2,0.43324920802842826,0.9894673289963976,0.5562181209679693,5.453532328014262
16,2,1,3,0.9894673289963976,1.5482027350226417,0.5587354060262442,5.453532328014262
16,2,1,4,1.5482027350226417,2.1121904170140624,0.5639876819914207,5.453532328014262
16,2,1,5,2.1121904170140624,2.6694413799559698,0.5572509629419073,5.453532328014262
16,2,1,6,2.6694413799559698,3.2369064450031146,0.5674650650471449,5.453532328014262
16,2,1,7,3.2369064450031146,3.7908688449533656,0.553962399950251,5.453532328014262
16,2,1,8,3.7908688449533656,4.404148111934774,0.613279266981408,5.453532328014262
16,2,1,9,4.404148111934774,5.09429265500512,0.6901445430703461,5.453532328014262
16,2,1,10,5.09429265500512,5.450934201013297,0.3566415460081771,5.453532328014262
16,2,1,11,5.450934201013297,5.454564385931008,0.0036301849177107215,5.453532328014262
16,2,2,1,2.113926204969175,2.6708791559794918,0.5569529510103166,5.453532328014262
16,2,2,2,2.6708791559794918,3.2378933129366487,0.567014156957157,5.453532328014262
16,2,2,3,3.2378933129366487,3.7917234159540385,0.5538301030173898,5.453532328014262
16,2,2,4,3.7917234159540385,4.404886803007685,0.6131633870536461,5.453532328014262
16,2,2,5,4.404886803007685,5.095035272999667,0.690148469991982,5.453532328014262
16,2,2,6,5.095035272999667,5.451484818011522,0.35644954501185566,5.453532328014262
16,2,2,7,5.451484818011522,5.4550310069462284,0.0035461889347061515,5.453532328014262
16,2,3,2,-0.14797171507962048,0.433106538024731,0.5810782531043515,5.453532328014262
16,2,3,3,0.433106538024731,0.9902172019938007,0.5571106639690697,5.453532328014262
16,2,3,4,0.9902172019938007,1.5490094010019675,0.5587921990081668,5.453532328014262
16,2,3,5,1.5490094010019675,2.1134994080057368,0.5644900070037693,5.453532328014262
16,2,3,6,2.1134994080057368,2.6707569919526577,0.5572575839469209,5.453532328014262
16,2,3,7,2.6707569919526577,3.237818327965215,0.5670613360125571,5.453532328014262
16,2,3,8,3.237818327965215,3.7916336660273373,0.5538153380621225,5.453532328014262
16,2,3,9,3.7916336660273373,4.404799949028529,0.6131662830011919,5.453532328014262
16,2,3,10,4.404799949028529,5.0949529859935865,0.6901530369650573,5.453532328014262
16,2,3,11,5.0949529859935865,5.451414562994614,0.35646157700102776,5.453532328014262
16,2,3,12,5.451414562994614,5.454967014025897,0.003552451031282544,5.453532328014262
16,2,4,1,0.9906353859696537,1.5495209320215508,0.5588855460518971,5.453532328014262
16,2,4,2,1.5495209320215508,2.114208461018279,0.5646875289967284,5.453532328014262
16,2,4,3,2.114208461018279,2.671511152992025,0.5573026919737458,5.453532328014262
16,2,4,4,2.671511152992025,3.2382424799725413,0.5667313269805163,5.453532328014262
16,2,4,5,3.2382424799725413,3.792996207019314,0.5547537270467728,5.453532328014262
16,2,4,6,3.792996207019314,4.405500244931318,0.6125040379120037,5.453532328014262
16,2,4,7,4.405500244931318,5.095495046931319,0.6899948020000011,5.453532328014262
16,2,4,8,5.095495046931319,5.451923214015551,0.356428167084232,5.453532328014262
16,2,4,9,5.451923214015551,5.455370464012958,0.003447249997407198,5.453532328014262
16,2,5,1,0.43390364793594927,0.990319142001681,0.5564154940657318,5.453532328014262
16,2,5,2,0.990319142001681,1.5493852159706876,0.5590660739690065,5.453532328014262
16,2,5,3,1.5493852159706876,2.114134546951391,0.5647493309807032,5.453532328014262
16,2,5,4,2.114134546951391,2.6714376059826463,0.5573030590312555,5.453532328014262
16,2,5,5,2.6714376059826463,3.2381786259356886,0.5667410199530423,5.453532328014262
16,2,5,6,3.2381786259356886,3.7929158189799637,0.554737193044275,5.453532328014262
16,2,5,7,3.7929158189799637,4.40543240099214,0.6125165820121765,5.453532328014262
16,2,5,8,4.40543240099214,5.095426452928223,0.6899940519360825,5.453532328014262
16,2,5,9,5.095426452928223,5.451860766974278,0.3564343140460551,5.453532328014262
16,2,5,10,5.451860766974278,5.455315631930716,0.0034548649564385414,5.453532328014262
16,2,6,1,3.7922159219160676,4.405063036014326,0.6128471140982583,5.453532328014262
16,2,6,2,4.405063036014326,5.095106850960292,0.690043814945966,5.453532328014262
16,2,6,3,5.095106850960292,5.4515513150254264,0.3564444640651345,5.453532328014262
16,2,6,4,5.4515513150254264,5.455091008916497,0.003539693891070783,5.453532328014262
16,2,7,1,1.5493130970280617,2.1140570240095258,0.564743926981464,5.453532328014262
16,2,7,2,2.1140570240095258,2.670953391934745,0.5568963679252192,5.453532328014262
16,2,7,3,2.670953391934745,3.2379974130308256,0.5670440210960805,5.453532328014262
16,2,7,4,3.2379974130308256,3.7923085829243064,0.5543111698934808,5.453532328014262
16,2,7,5,3.7923085829243064,4.405135806999169,0.6128272240748629,5.453532328014262
16,2,7,6,4.405135806999169,5.095177880953997,0.6900420739548281,5.453532328014262
16,2,7,7,5.095177880953997,5.451616716920398,0.3564388359664008,5.453532328014262
16,2,7,8,5.451616716920398,5.455146465916187,0.0035297489957883954,5.453532328014262
16,2,8,1,0.9899478820152581,1.5484029470244423,0.5584550650091842,5.453532328014262
16,2,8,2,1.5484029470244423,2.1124319389928132,0.564028991968371,5.453532328014262
16,2,8,3,2.1124319389928132,2.669669823953882,0.5572378849610686,5.453532328014262
16,2,8,4,2.669669823953882,3.237007044022903,0.567337220069021,5.453532328014262
16,2,8,5,3.237007044022903,3.790961647988297,0.5539546039653942,5.453532328014262
16,2,8,6,3.790961647988297,4.404260954004712,0.6132993060164154,5.453532328014262
16,2,8,7,4.404260954004712,5.094381070928648,0.6901201169239357,5.453532328014262
16,2,8,8,5.094381070928648,5.451012589968741,0.3566315190400928,5.453532328014262
16,2,8,9,5.451012589968741,5.454624759964645,0.003612169995903969,5.453532328014262
16,2,9,1,3.236745968926698,3.790682588936761,0.553936620010063,5.453532328014262
16,2,9,2,3.790682588936761,4.403956415946595,0.6132738270098343,5.453532328014262
16,2,9,3,4.403956415946595,5.094089817954227,0.690133402007632,5.453532328014262
16,2,9,4,5.094089817954227,5.450855350936763,0.35676553298253566,5.453532328014262
16,2,9,5,5.450855350936763,5.454491448937915,0.003636098001152277,5.453532328014262
16,2,10,1,0.4336189079331234,0.990134653984569,0.5565157460514456,5.453532328014262
16,2,10,2,0.990134653984569,1.5484845479950309,0.5583498940104619,5.453532328014262
16,2,10,3,1.5484845479950309,2.112529226928018,0.5640446789329872,5.453532328014262
16,2,10,4,2.112529226928018,2.6697822579881176,0.5572530310600996,5.453532328014262
16,2,10,5,2.6697822579881176,3.2370817279443145,0.5672994699561968,5.453532328014262
16,2,10,6,3.2370817279443145,3.791148936958052,0.5540672090137377,5.453532328014262
16,2,10,7,3.791148936958052,4.404409435926937,0.6132604989688843,5.453532328014262
16,2,10,8,4.404409435926937,5.094476244994439,0.6900668090675026,5.453532328014262
16,2,10,9,5.094476244994439,5.451084790984169,0.35660854598972946,5.453532328014262
16,2,10,10,5.451084790984169,5.454683054005727,0.003598263021558523,5.453532328014262
16,2,11,1,3.237743792939,3.7915496060159057,0.5538058130769059,5.453532328014262
16,2,11,2,3.7915496060159057,4.404726459993981,0.6131768539780751,5.453532328014262
16,2,11,3,4.404726459993981,5.0948760559549555,0.6901495959609747,5.453532328014262
16,2,11,4,5.0948760559549555,5.451348360977136,0.3564723050221801,5.453532328014262
16,2,11,5,5.451348360977136,5.454909643973224,0.0035612829960882664,5.453532328014262
16,2,12,1,1.5488921609940007,2.1126776810269803,0.5637855200329795,5.453532328014262
16,2,12,2,2.1126776810269803,2.6698733889497817,0.5571957079228014,5.453532328014262
16,2,12,3,2.6698733889497817,3.237211060943082,0.5673376719933003,5.453532328014262
16,2,12,4,3.237211060943082,3.791226792964153,0.554015732021071,5.453532328014262
16,2,12,5,3.791226792964153,4.40450147294905,0.6132746799848974,5.453532328014262
16,2,12,6,4.40450147294905,5.094630763982423,0.6901292910333723,5.453532328014262
16,2,12,7,5.094630763982423,5.451152852969244,0.3565220889868215,5.453532328014262
16,2,12,8,5.451152852969244,5.454740585992113,0.0035877330228686333,5.453532328014262
16,2,13,1,2.671349845943041,3.2381143330130726,0.5667644870700315,5.453532328014262
16,2,13,2,3.2381143330130726,3.7928290099371225,0.5547146769240499,5.453532328014262
16,2,13,3,3.7928290099371225,4.405361630022526,0.6125326200854033,5.453532328014262
16,2,13,4,4.405361630022526,5.09532107191626,0.689959441893734,5.453532328014262
16,2,13,5,5.09532107191626,5.451797432964668,0.35647636104840785,5.453532328014262
16,2,13,6,5.451797432964668,5.455257465946488,0.0034600329818204045,5.453532328014262
16,2,14,1,2.1133477109251544,2.670057718991302,0.5567100080661476,5.453532328014262
16,2,14,2,2.670057718991302,3.2372857519658282,0.5672280329745263,5.453532328014262
16,2,14,3,3.2372857519658282,3.7912984419381246,0.5540126899722964,5.453532328014262
16,2,14,4,3.7912984419381246,4.404571587918326,0.6132731459802017,5.453532328014262
16,2,14,5,4.404571587918326,5.094704448012635,0.6901328600943089,5.453532328014262
16,2,14,6,5.094704448012635,5.451217963942327,0.3565135159296915,5.453532328014262
16,2,14,7,5.451217963942327,5.45479793602135,0.003579972079023719,5.453532328014262
16,2,15,1,2.6706600879551843,3.2374280899530277,0.5667680019978434,5.453532328014262
16,2,15,2,3.2374280899530277,3.791401610011235,0.5539735200582072,5.453532328014262
16,2,15,3,3.791401610011235,4.404642737004906,0.6132411269936711,5.453532328014262
16,2,15,4,4.404642737004906,5.094789347029291,0.6901466100243852,5.453532328014262
16,2,15,5,5.094789347029291,5.451284374925308,0.35649502789601684,5.453532328014262
16,2,15,6,5.451284374925308,5.454854761948809,0.003570387023501098,5.453532328014262
16,3,0,1,0.4253909479593858,0.9822921180166304,0.5569011700572446,5.433591268956661
16,3,0,2,0.9822921180166304,1.5402655910002068,0.5579734729835764,5.433591268956661
16,3,0,3,1.5402655910002068,2.098392782965675,0.5581271919654682,5.433591268956661
16,3,0,4,2.098392782965675,2.6538109770044684,0.5554181940387934,5.433591268956661
16,3,0,5,2.6538109770044684,3.221035544993356,0.5672245679888874,5.433591268956661
16,3,0,6,3.221035544993356,3.7759259480517358,0.5548904030583799,5.433591268956661
16,3,0,7,3.7759259480517358,4.3869181090267375,0.6109921609750018,5.433591268956661
16,3,0,8,4.3869181090267375,5.0735844189766794,0.6866663099499419,5.433591268956661
16,3,0,9,5.0735844189766794,5.430345723987557,0.35676130501087755,5.433591268956661
16,3,0,10,5.430345723987557,5.434243138995953,0.0038974150083959103,5.433591268956661
16,3,1,1,2.6551773250102997,3.222841163049452,0.5676638380391523,5.433591268956661
16,3,1,2,3.222841163049452,3.777630973025225,0.5547898099757731,5.433591268956661
16,3,1,3,3.777630973025225,4.38814459904097,0.6105136260157451,5.433591268956661
16,3,1,4,4.38814459904097,5.074703200021759,0.6865586009807885,5.433591268956661
16,3,1,5,5.074703200021759,5.431552360998467,0.35684916097670794,5.433591268956661
16,3,1,6,5.431552360998467,5.435134366969578,0.003582005971111357,5.433591268956661
16,3,2,1,3.2218400969868526,3.7762511529726908,0.5544110559858382,5.433591268956661
16,3,2,2,3.7762511529726908,4.387301512993872,0.6110503600211814,5.433591268956661
16,3,2,3,4.387301512993872,5.073974917060696,0.6866734040668234,5.433591268956661
16,3,2,4,5.073974917060696,5.4308127369731665,0.3568378199124709,5.433591268956661
16,3,2,5,5.4308127369731665,5.434502326999791,0.0036895900266245008,5.433591268956661
16,3,3,3,-0.1506377060431987,0.4260259720031172,0.5766636780463159,5.433591268956661
16,3,3,4,0.4260259720031172,0.9829735000384971,0.55694752803538,5.433591268956661
16,3,3,5,0.9829735000384971,1.5405573110328987,0.5575838109944016,5.433591268956661
16,3,3,6,1.5405573110328987,2.0986460939748213,0.5580887829419225,5.433591268956661
16,3,3,7,2.0986460939748213,2.654091047006659,0.5554449530318379,5.433591268956661
16,3,3,8,2.654091047006659,3.2213618820533156,0.5672708350466564,5.433591268956661
16,3,3,9,3.2213618820533156,3.7761349440552294,0.5547730620019138,5.433591268956661
16,3,3,10,3.7761349440552294,4.387233339017257,0.6110983949620277,5.433591268956661
16,3,3,11,4.387233339017257,5.073903030948713,0.6866696919314563,5.433591268956661
16,3,3,12,5.073903030948713,5.430728078004904,0.35682504705619067,5.433591268956661
16,3,3,13,5.430728078004904,5.43444099300541,0.0037129150005057454,5.433591268956661
16,3,4,1,0.4257869590073824,0.9833534510107711,0.5575664920033887,5.433591268956661
16,3,4,2,0.9833534510107711,1.5407048630295321,0.557351412018761,5.433591268956661
16,3,4,3,1.5407048630295321,2.099450796027668,0.5587459329981357,5.433591268956661
16,3,4,4,2.099450796027668,2.6548429899848998,0.5553921939572319,5.433591268956661
16,3,4,5,2.6548429899848998,3.2226629949873313,0.5678200050024316,5.433591268956661
16,3,4,6,3.2226629949873313,3.7775132700335234,0.5548502750461921,5.433591268956661
16,3,4,7,3.7775132700335234,4.388013952062465,0.6105006820289418,5.433591268956661
16,3,4,8,4.388013952062465,5.0745535240275785,0.6865395719651133,5.433591268956661
16,3,4,9,5.0745535240275785,5.43141178204678,0.35685825801920146,5.433591268956661
16,3,4,10,5.43141178204678,5.434996422962286,0.003584640915505588,5.433591268956661
16,3,5,1,3.7767260669497773,4.387448517954908,0.610722451005131,5.433591268956661
16,3,5,2,4.387448517954908,5.074047268019058,0.6865987500641495,5.433591268956661
16,3,5,3,5.074047268019058,5.430882822023705,0.35683555400464684,5.433591268956661
16,3,5,4,5.430882822023705,5.434561348054558,0.0036785260308533907,5.433591268956661
16,3,6,1,-0.15077741001732647,0.4259533870499581,0.5767307970672846,5.433591268956661
16,3,6,2,0.4259533870499581,0.9824296409497038,0.5564762538997456,5.433591268956661
16,3,6,3,0.9824296409497038,1.5403728500241414,0.5579432090744376,5.433591268956661
16,3,6,4,1.5403728500241414,2.098467077012174,0.5580942269880325,5.433591268956661
16,3,6,5,2.098467077012174,2.6538888909853995,0.5554218139732257,5.433591268956661
16,3,6,6,2.6538888909853995,3.2211455589858815,0.567256668000482,5.433591268956661
16,3,6,7,3.2211455589858815,3.7760013330262154,0.5548557740403339,5.433591268956661
16,3,6,8,3.7760013330262154,4.3870044039795175,0.6110030709533021,5.433591268956661
16,3,6,9,4.3870044039795175,5.073672777041793,0.6866683730622754,5.433591268956661
16,3,6,10,5.073672777041793,5.430521919042803,0.3568491420010105,5.433591268956661
16,3,6,11,5.430521919042803,5.4343100839760154,0.0037881649332121015,5.433591268956661
16,3,7,1,0.9828955549746752,1.5404950140509754,0.5575994590763003,5.433591268956661
16,3,7,2,1.5404950140509754,2.098535225028172,0.5580402109771967,5.433591268956661
16,3,7,3,2.098535225028172,2.6540210240054876,0.5554857989773154,5.433591268956661
16,3,7,4,2.6540210240054876,3.221291934954934,0.5672709109494463,5.433591268956661
16,3,7,5,3.221291934954934,3.7760694680036977,0.5547775330487639,5.433591268956661
16,3,7,6,3.7760694680036977,4.387148153036833,0.6110786850331351,5.433591268956661
16,3,7,7,4.387148153036833,5.073827245039865,0.6866790920030326,5.433591268956661
16,3,7,8,5.073827245039865,5.4305940619669855,0.3567668169271201,5.433591268956661
16,3,7,9,5.4305940619669855,5.434371971990913,0.0037779100239276886,5.433591268956661
16,3,8,1,2.0993834090186283,2.6543435549829155,0.5549601459642872,5.433591268956661
16,3,8,2,2.6543435549829155,3.222456675954163,0.5681131209712476,5.433591268956661
16,3,8,3,3.222456675954163,3.777391631039791,0.5549349550856277,5.433591268956661
16,3,8,4,3.777391631039791,4.387873803963885,0.6104821729240939,5.433591268956661
16,3,8,5,4.387873803963885,5.0744185879593715,0.6865447839954868,5.433591268956661
16,3,8,6,5.0744185879593715,5.431264673010446,0.3568460850510746,5.433591268956661
16,3,8,7,5.431264673010446,5.4348715849919245,0.0036069119814783335,5.433591268956661
16,3,9,1,0.9832607130520046,1.540645183995366,0.5573844709433615,5.433591268956661
16,3,9,2,1.540645183995366,2.0991067240247503,0.5584615400293842,5.433591268956661
16,3,9,3,2.0991067240247503,2.6542531839804724,0.5551464599557221,5.433591268956661
16,3,9,4,2.6542531839804724,3.222392222029157,0.5681390380486846,5.433591268956661
16,3,9,5,3.222392222029157,3.7769943779567257,0.5546021559275687,5.433591268956661
16,3,9,6,3.7769943779567257,4.387674089055508,0.6106797110987827,5.433591268956661
16,3,9,7,4.387674089055508,5.074284323025495,0.6866102339699864,5.433591268956661
16,3,9,8,5.074284323025495,5.431115970015526,0.356831646990031,5.433591268956661
16,3,9,9,5.431115970015526,5.434748535044491,0.003632565028965473,5.433591268956661
16,3,10,1,1.541005393024534,2.099569429992698,0.5585640369681641,5.433591268956661
16,3,10,2,2.099569429992698,2.6549043339909986,0.5553349039983004,5.433591268956661
16,3,10,3,2.6549043339909986,3.2227260610088706,0.567821727017872,5.433591268956661
16,3,10,4,3.2227260610088706,3.777571424958296,0.5548453639494255,5.433591268956661
16,3,10,5,3.777571424958296,4.388081384007819,0.6105099590495229,5.433591268956661
16,3,10,6,4.388081384007819,5.074617268983275,0.6865358849754557,5.433591268956661
16,3,10,7,5.074617268983275,5.431478132028133,0.356860863044858,5.433591268956661
16,3,10,8,5.431478132028133,5.43507690995466,0.0035987779265269637,5.433591268956661
16,3,11,1,3.2223184619797394,3.7769324430264533,0.5546139810467139,5.433591268956661
16,3,11,2,3.7769324430264533,4.387603995972313,0.6106715529458597,5.433591268956661
16,3,11,3,4.387603995972313,5.074189902981743,0.6865859070094302,5.433591268956661
16,3,11,4,5.074189902981743,5.431050074053928,0.35686017107218504,5.433591268956661
16,3,11,5,5.431050074053928,5.434679441037588,0.0036293669836595654,5.433591268956661
16,3,12,1,3.7773262889822945,4.387798839947209,0.6104725509649143,5.433591268956661
16,3,12,2,4.387798839947209,5.074350603041239,0.6865517630940303,5.433591268956661
16,3,12,3,5.074350603041239,5.431200611987151,0.3568500089459121,5.433591268956661
16,3,12,4,5.431200611987151,5.434811198036186,0.0036105860490351915,5.433591268956661
16,3,13,1,2.099037216976285,2.654189086984843,0.555151870008558,5.433591268956661
16,3,13,2,2.654189086984843,3.221919805975631,0.5677307189907879,5.433591268956661
16,3,13,3,3.221919805975631,3.776816954021342,0.5548971480457112,5.433591268956661
16,3,13,4,3.776816954021342,4.387517997995019,0.6107010439736769,5.433591268956661
16,3,13,5,4.387517997995019,5.0741166999796405,0.6865987019846216,5.433591268956661
16,3,13,6,5.0741166999796405,5.430977575946599,0.3568608759669587,5.433591268956661
16,3,13,7,5.430977575946599,5.434619814041071,0.003642238094471395,5.433591268956661
16,3,14,1,1.5401159100001678,2.098239951999858,0.5581240419996902,5.433591268956661
16,3,14,2,2.098239951999858,2.6536499849753454,0.5554100329754874,5.433591268956661
16,3,14,3,2.6536499849753454,3.2208785839611664,0.567228598985821,5.433591268956661
16,3,14,4,3.2208785839611664,3.775797905982472,0.5549193220213056,5.433591268956661
16,3,14,5,3.775797905982472,4.386724003008567,0.6109260970260948,5.433591268956661
16,3,14,6,4.386724003008567,5.073414164013229,0.6866901610046625,5.433591268956661
16,3,14,7,5.073414164013229,5.4300785809755325,0.3566644169623032,5.433591268956661
16,3,14,8,5.4300785809755325,5.434154839022085,0.004076258046552539,5.433591268956661
16,3,15,1,2.6547759959939867,3.222599479020573,0.5678234830265865,5.433591268956661
16,3,15,2,3.222599479020573,3.7774522049585357,0.5548527259379625,5.433591268956661
16,3,15,3,3.7774522049585357,4.387943579000421,0.6104913740418851,5.433591268956661
16,3,15,4,4.387943579000421,5.074488325044513,0.6865447460440919,5.433591268956661
16,3,15,5,5.074488325044513,5.4313322940142825,0.3568439689697698,5.433591268956661
16,3,15,6,5.4313322940142825,5.434937007958069,0.003604713943786919,5.433591268956661
16,4,0,1,0.422605809988454,0.9825709359720349,0.559965125983581,5.440835344023071
16,4,0,2,0.9825709359720349,1.5397663969779387,0.5571954610059038,5.440835344023071
16,4,0,3,1.5397663969779387,2.102583960047923,0.5628175630699843,5.440835344023071
16,4,0,4,2.102583960047923,2.655194464023225,0.552610503975302,5.440835344023071
16,4,0,5,2.655194464023225,3.222544190939516,0.5673497269162908,5.440835344023071
16,4,0,6,3.222544190939516,3.7771294319536537,0.5545852410141379,5.440835344023071
16,4,0,7,3.7771294319536537,4.392177819041535,0.6150483870878816,5.440835344023071
16,4,0,8,4.392177819041535,5.078813640982844,0.6866358219413087,5.440835344023071
16,4,0,9,5.078813640982844,5.4385675200028345,0.35975387901999056,5.440835344023071
16,4,0,10,5.4385675200028345,5.441978849936277,0.0034113299334421754,5.440835344023071
16,4,1,1,3.7765725960489362,4.39182484394405,0.6152522478951141,5.440835344023071
16,4,1,2,4.39182484394405,5.078476108028553,0.686651264084503,5.440835344023071
16,4,1,3,5.078476108028553,5.43789956800174,0.35942345997318625,5.440835344023071
16,4,1,4,5.43789956800174,5.4416514879558235,0.00375191995408386,5.440835344023071
16,4,2,1,2.101889081997797,2.6540919189574197,0.5522028369596228,5.440835344023071
16,4,2,2,2.6540919189574197,3.2214384869439527,0.567346567986533,5.440835344023071
16,4,2,3,3.2214384869439527,3.7758552000159398,0.554416713071987,5.440835344023071
16,4,2,4,3.7758552000159398,4.391370177036151,0.6155149770202115,5.440835344023071
16,4,2,5,4.391370177036151,5.07814276299905,0.686772585962899,5.440835344023071
16,4,2,6,5.07814276299905,5.437531779985875,0.35938901698682457,5.440835344023071
16,4,2,7,5.437531779985875,5.441317816032097,0.0037860360462218523,5.440835344023071
16,4,3,1,1.5403973199427128,2.1027878769673407,0.5623905570246279,5.440835344023071
16,4,3,2,2.1027878769673407,2.6557678499957547,0.552979973028414,5.440835344023071
16,4,3,3,2.6557678499957547,3.222788735991344,0.5670208859955892,5.440835344023071
16,4,3,4,3.222788735991344,3.777302938979119,0.5545142029877752,5.440835344023071
16,4,3,5,3.777302938979119,4.392356488038786,0.6150535490596667,5.440835344023071
16,4,3,6,4.392356488038786,5.078985442989506,0.6866289549507201,5.440835344023071
16,4,3,7,5.078985442989506,5.438835570006631,0.3598501270171255,5.440835344023071
16,4,3,8,5.438835570006631,5.442206225008704,0.0033706550020724535,5.440835344023071
16,4,4,1,-0.15173609997145832,0.42281730799004436,0.5745534079615027,5.440835344023071
16,4,4,2,0.42281730799004436,0.9821559659903869,0.5593386580003425,5.440835344023071
16,4,4,3,0.9821559659903869,1.5395623299991712,0.5574063640087843,5.440835344023071
16,4,4,4,1.5395623299991712,2.102161898976192,0.5625995689770207,5.440835344023071
16,4,4,5,2.102161898976192,2.6549365610117093,0.5527746620355174,5.440835344023071
16,4,4,6,2.6549365610117093,3.2223350879503414,0.5673985269386321,5.440835344023071
16,4,4,7,3.2223350879503414,3.7769190300023183,0.5545839420519769,5.440835344023071
16,4,4,8,3.7769190300023183,4.3919772210065275,0.6150581910042092,5.440835344023071
16,4,4,9,4.3919772210065275,5.07859946496319,0.6866222439566627,5.440835344023071
16,4,4,10,5.07859946496319,5.438353308942169,0.3597538439789787,5.440835344023071
16,4,4,11,5.438353308942169,5.4417957389960065,0.0034424300538375974,5.440835344023071
16,4,5,1,0.4232104489346966,0.9820782869355753,0.5588678380008787,5.440835344023071
16,4,5,2,0.9820782869355753,1.5394912540214136,0.5574129670858383,5.440835344023071
16,4,5,3,1.5394912540214136,2.1020878589479253,0.5625966049265116,5.440835344023071
16,4,5,4,2.1020878589479253,2.6542756489943713,0.552187790046446,5.440835344023071
16,4,5,5,2.6542756489943713,3.2215937710134313,0.56731812201906,5.440835344023071
16,4,5,6,3.2215937710134313,3.776048216968775,0.5544544459553435,5.440835344023071
16,4,5,7,3.776048216968775,4.391576769994572,0.615528553025797,5.440835344023071
16,4,5,8,4.391576769994572,5.078282649046741,0.6867058790521696,5.440835344023071
16,4,5,9,5.078282649046741,5.437683311989531,0.3594006629427895,5.440835344023071
16,4,5,10,5.437683311989531,5.441462237969972,0.0037789259804412723,5.440835344023071
16,4,6,1,2.6555974449729547,3.2226462439866737,0.567048799013719,5.440835344023071
16,4,6,2,3.2226462439866737,3.7771898900391534,0.5545436460524797,5.440835344023071
16,4,6,3,3.7771898900391534,4.392239133943804,0.6150492439046502,5.440835344023071
16,4,6,4,4.392239133943804,5.078872899990529,0.6866337660467252,5.440835344023071
16,4,6,5,5.078872899990529,5.438632964971475,0.3597600649809465,5.440835344023071
16,4,6,6,5.438632964971475,5.442039638990536,0.003406674019061029,5.440835344023071
16,4,7,1,0.982456850935705,1.5397032339824364,0.5572463830467314,5.440835344023071
16,4,7,2,1.5397032339824364,2.102221801993437,0.5625185680110008,5.440835344023071
16,4,7,3,2.102221801993437,2.655003955005668,0.552782153012231,5.440835344023071
16,4,7,4,2.655003955005668,3.2223970600171015,0.5673931050114334,5.440835344023071
16,4,7,5,3.2223970600171015,3.77697653893847,0.5545794789213687,5.440835344023071
16,4,7,6,3.77697653893847,4.39204081997741,0.61506428103894,5.440835344023071
16,4,7,7,4.39204081997741,5.078659599996172,0.6866187800187618,5.440835344023071
16,4,7,8,5.078659599996172,5.438433635048568,0.35977403505239636,5.440835344023071
16,4,7,9,5.438433635048568,5.441857579979114,0.0034239449305459857,5.440835344023071
16,4,8,1,2.654850193997845,3.221815766999498,0.566965573001653,5.440835344023071
16,4,8,2,3.221815766999498,3.7761356020346284,0.5543198350351304,5.440835344023071
16,4,8,3,3.7761356020346284,4.391641582013108,0.6155059799784794,5.440835344023071
16,4,8,4,4.391641582013108,5.078351084957831,0.6867095029447228,5.440835344023071
16,4,8,5,5.078351084957831,5.4377511700149626,0.35940008505713195,5.440835344023071
16,4,8,6,5.4377511700149626,5.44152411504183,0.0037729450268670917,5.440835344023071
16,4,9,1,3.2231951829744503,3.777394809992984,0.5541996270185336,5.440835344023071
16,4,9,2,3.777394809992984,4.392415420035832,0.6150206100428477,5.440835344023071
16,4,9,3,4.392415420035832,5.0790437429677695,0.6866283229319379,5.440835344023071
16,4,9,4,5.0790437429677695,5.4389102819841355,0.359866539016366,5.440835344023071
16,4,9,5,5.4389102819841355,5.4422771809622645,0.0033668989781290293,5.440835344023071
16,4,10,1,1.5400919429957867,2.102702043019235,0.5626101000234485,5.440835344023071
16,4,10,2,2.102702043019235,2.655697920010425,0.55299587699119,5.440835344023071
16,4,10,3,2.655697920010425,3.222723996033892,0.5670260760234669,5.440835344023071
16,4,10,4,3.222723996033892,3.777246657991782,0.5545226619578898,5.440835344023071
16,4,10,5,3.777246657991782,4.392298273043707,0.6150516150519252,5.440835344023071
16,4,10,6,4.392298273043707,5.078929124982096,0.6866308519383892,5.440835344023071
16,4,10,7,5.078929124982096,5.4387482409365475,0.35981911595445126,5.440835344023071
16,4,10,8,5.4387482409365475,5.438770508044399,2.2267107851803303e-05,5.440835344023071
16,4,10,9,5.438770508044399,5.4540923569584265,0.015321848914027214,5.440835344023071
16,4,11,1,2.102522474946454,2.6551219900138676,0.5525995150674134,5.440835344023071
16,4,11,2,2.6551219900138676,3.222476640017703,0.5673546500038356,5.440835344023071
16,4,11,3,3.222476640017703,3.7770353249507025,0.5545586849329993,5.440835344023071
16,4,11,4,3.7770353249507025,4.392112749977969,0.6150774250272661,5.440835344023071
16,4,11,5,4.392112749977969,5.078753310954198,0.6866405609762296,5.440835344023071
16,4,11,6,5.078753310954198,5.438500327989459,0.3597470170352608,5.440835344023071
16,4,11,7,5.438500327989459,5.441915823961608,0.003415495972149074,5.440835344023071
16,4,12,3,-0.1515835600439459,0.4228944849455729,0.5744780449895188,5.440835344023071
16,4,12,4,0.4228944849455729,0.9819323460105807,0.5590378610650077,5.440835344023071
16,4,12,5,0.9819323460105807,1.539421331952326,0.5574889859417453,5.440835344023071
16,4,12,6,1.539421331952326,2.102021900936961,0.5626005689846352,5.440835344023071
16,4,12,7,2.102021900936961,2.6542016989551485,0.5521797980181873,5.440835344023071
16,4,12,8,2.6542016989551485,3.22152260504663,0.5673209060914814,5.440835344023071
16,4,12,9,3.22152260504663,3.775930496980436,0.5544078919338062,5.440835344023071
16,4,12,10,3.775930496980436,4.3914431559387594,0.6155126589583233,5.440835344023071
16,4,12,11,4.3914431559387594,5.0782168810255826,0.6867737250868231,5.440835344023071
16,4,12,12,5.0782168810255826,5.437608140986413,0.3593912599608302,5.440835344023071
16,4,12,13,5.437608140986413,5.44140094704926,0.003792806062847376,5.440835344023071
16,4,13,1,3.776859440957196,4.391915317974053,0.6150558770168573,5.440835344023071
16,4,13,2,4.391915317974053,5.078537788940594,0.6866224709665403,5.440835344023071
16,4,13,3,5.078537788940594,5.438280027010478,0.3597422380698845,5.440835344023071
16,4,13,4,5.438280027010478,5.441709739039652,0.0034297120291739702,5.440835344023071
16,4,14,1,0.9817959569627419,1.5392872729571536,0.5574913159944117,5.440835344023071
16,4,14,2,1.5392872729571536,2.1014538060408086,0.5621665330836549,5.440835344023071
16,4,14,3,2.1014538060408086,2.653893177048303,0.5524393710074946,5.440835344023071
16,4,14,4,2.653893177048303,3.221270650974475,0.5673774739261717,5.440835344023071
16,4,14,5,3.221270650974475,3.7757133080158383,0.5544426570413634,5.440835344023071
16,4,14,6,3.7757133080158383,4.391220771940425,0.6155074639245868,5.440835344023071
16,4,14,7,4.391220771940425,5.078017479972914,0.6867967080324888,5.440835344023071
16,4,14,8,5.078017479972914,5.437435916042887,0.3594184360699728,5.440835344023071
16,4,14,9,5.437435916042887,5.441231556003913,0.003795639961026609,5.440835344023071
16,4,15,1,3.222262169001624,3.776247147936374,0.55398497893475,5.440835344023071
16,4,15,2,3.776247147936374,4.391703429981135,0.6154562820447609,5.440835344023071
16,4,15,3,4.391703429981135,5.0784137869486585,0.6867103569675237,5.440835344023071
16,4,15,4,5.0784137869486585,5.437816545017995,0.3594027580693364,5.440835344023071
16,4,15,5,5.437816545017995,5.441592179937288,0.003775634919293225,5.440835344023071
16,5,0,1,3.2210278370184824,3.777945655048825,0.5569178180303425,5.443907435052097
16,5,0,2,3.777945655048825,4.391765380045399,0.6138197249965742,5.443907435052097
16,5,0,3,4.391765380045399,5.080649237032048,0.6888838569866493,5.443907435052097
16,5,0,4,5.080649237032048,5.441885836073197,0.361236599041149,5.443907435052097
16,5,0,5,5.441885836073197,5.444805424078368,0.002919588005170226,5.443907435052097
16,5,1,1,-0.1515098619274795,0.42438815208151937,0.5758980140089989,5.443907435052097
16,5,1,2,0.42438815208151937,0.9797236510785297,0.5553354989970103,5.443907435052097
16,5,1,3,0.9797236510785297,1.5678916820324957,0.5881680309539661,5.443907435052097
16,5,1,4,1.5678916820324957,2.1005130390403792,0.5326213570078835,5.443907435052097
16,5,1,5,2.1005130390403792,2.6563606400741264,0.5558476010337472,5.443907435052097
16,5,1,6,2.6563606400741264,3.221202112035826,0.5648414719616994,5.443907435052097
16,5,1,7,3.221202112035826,3.778089025989175,0.556886913953349,5.443907435052097
16,5,1,8,3.778089025989175,4.391962836030871,0.6138738100416958,5.443907435052097
16,5,1,9,4.391962836030871,5.080786239006557,0.6888234029756859,5.443907435052097
16,5,1,10,5.080786239006557,5.442010477068834,0.36122423806227744,5.443907435052097
16,5,1,11,5.442010477068834,5.444915806059726,0.002905328990891576,5.443907435052097
16,5,2,1,0.4247756850672886,0.9798578550107777,0.5550821699434891,5.443907435052097
16,5,2,2,0.9798578550107777,1.56796439003665,0.5881065350258723,5.443907435052097
16,5,2,3,1.56796439003665,2.1005774390650913,0.5326130490284413,5.443907435052097
16,5,2,4,2.1005774390650913,2.656427875976078,0.5558504369109869,5.443907435052097
16,5,2,5,2.656427875976078,3.2212806979659945,0.5648528219899163,5.443907435052097
16,5,2,6,3.2212806979659945,3.7781577210407704,0.5568770230747759,5.443907435052097
16,5,2,7,3.7781577210407704,4.392034590011463,0.6138768689706922,5.443907435052097
16,5,2,8,4.392034590011463,5.080856158980168,0.6888215689687058,5.443907435052097
16,5,2,9,5.080856158980168,5.442069777054712,0.3612136180745438,5.443907435052097
16,5,2,10,5.442069777054712,5.445413502980955,0.0033437259262427688,5.443907435052097
16,5,3,1,0.42517108900938183,0.9796254499815404,0.5544543609721586,5.443907435052097
16,5,3,2,0.9796254499815404,1.567292690044269,0.5876672400627285,5.443907435052097
16,5,3,3,1.567292690044269,2.099968989030458,0.5326762989861891,5.443907435052097
16,5,3,4,2.099968989030458,2.655568514019251,0.5555995249887928,5.443907435052097
16,5,3,5,2.655568514019251,3.22018972504884,0.5646212110295892,5.443907435052097
16,5,3,6,3.22018972504884,3.7776329590706155,0.5574432340217754,5.443907435052097
16,5,3,7,3.7776329590706155,4.39154966303613,0.6139167039655149,5.443907435052097
16,5,3,8,4.39154966303613,5.080381850013509,0.688832186977379,5.443907435052097
16,5,3,9,5.080381850013509,5.441692908061668,0.3613110580481589,5.443907435052097
16,5,3,10,5.441692908061668,5.4446356310509145,0.002942722989246249,5.443907435052097
16,5,4,3,-0.15138429892249405,0.4248736940789968,0.5762579930014908,5.443907435052097
16,5,4,4,0.4248736940789968,0.9789983599912375,0.5541246659122407,5.443907435052097
16,5,4,5,0.9789983599912375,1.56697406002786,0.5879757000366226,5.443907435052097
16,5,4,6,1.56697406002786,2.0998155920533463,0.5328415320254862,5.443907435052097
16,5,4,7,2.0998155920533463,2.6554132900200784,0.5555976979667321,5.443907435052097
16,5,4,8,2.6554132900200784,3.2200237250654027,0.5646104350453243,5.443907435052097
16,5,4,9,3.2200237250654027,3.7774659970309585,0.5574422719655558,5.443907435052097
16,5,4,10,3.7774659970309585,4.391394709004089,0.6139287119731307,5.443907435052097
16,5,4,11,4.391394709004089,5.080230187973939,0.6888354789698496,5.443907435052097
16,5,4,12,5.080230187973939,5.44155965896789,0.36132947099395096,5.443907435052097
16,5,4,13,5.44155965896789,5.4445221410132945,0.002962482045404613,5.443907435052097
16,5,5,1,2.099638561019674,2.6552710180403665,0.5556324570206925,5.443907435052097
16,5,5,2,2.6552710180403665,3.2198350930120796,0.5645640749717131,5.443907435052097
16,5,5,3,3.2198350930120796,3.776642194017768,0.5568071010056883,5.443907435052097
16,5,5,4,3.776642194017768,4.391047706012614,0.6144055119948462,5.443907435052097
16,5,5,5,4.391047706012614,5.079925102065317,0.6888773960527033,5.443907435052097
16,5,5,6,5.079925102065317,5.441344037069939,0.36141893500462174,5.443907435052097
16,5,5,7,5.441344037069939,5.444379725027829,0.0030356879578903317,5.443907435052097
16,5,6,1,0.9794998200377449,1.5671893820399418,0.5876895620021969,5.443907435052097
16,5,6,2,1.5671893820399418,2.099898196058348,0.532708814018406,5.443907435052097
16,5,6,3,2.099898196058348,2.655495787039399,0.5555975909810513,5.443907435052097
16,5,6,4,2.655495787039399,3.2201139190001413,0.5646181319607422,5.443907435052097
16,5,6,5,3.2201139190001413,3.777553352061659,0.5574394330615178,5.443907435052097
16,5,6,6,3.777553352061659,4.39147395407781,0.613920602016151,5.443907435052097
16,5,6,7,4.39147395407781,5.0803075049771,0.6888335508992895,5.443907435052097
16,5,6,8,5.0803075049771,5.441627696971409,0.3613201919943094,5.443907435052097
16,5,6,9,5.441627696971409,5.444579289061949,0.0029515920905396342,5.443907435052097
16,5,7,1,2.6569156150799245,3.2219323749886826,0.5650167599087581,5.443907435052097
16,5,7,2,3.2219323749886826,3.7789381339680403,0.5570057589793578,5.443907435052097
16,5,7,3,3.7789381339680403,4.392468970036134,0.6135308360680938,5.443907435052097
16,5,7,4,4.392468970036134,5.081181250046939,0.6887122800108045,5.443907435052097
16,5,7,5,5.081181250046939,5.442425174987875,0.36124392494093627,5.443907435052097
16,5,7,6,5.442425174987875,5.445708989049308,0.003283814061433077,5.443907435052097
16,5,8,1,0.9801658350042999,1.5681192270712927,0.5879533920669928,5.443907435052097
16,5,8,2,1.5681192270712927,2.1006445080274716,0.5325252809561789,5.443907435052097
16,5,8,3,2.1006445080274716,2.656496337032877,0.5558518290054053,5.443907435052097
16,5,8,4,2.656496337032877,3.221738339983858,0.5652420029509813,5.443907435052097
16,5,8,5,3.221738339983858,3.778342665056698,0.5566043250728399,5.443907435052097
16,5,8,6,3.778342665056698,4.392175161046907,0.6138324959902093,5.443907435052097
16,5,8,7,4.392175161046907,5.080990003072657,0.6888148420257494,5.443907435052097
16,5,8,8,5.080990003072657,5.442198661039583,0.3612086579669267,5.443907435052097
16,5,8,9,5.442198661039583,5.445540313026868,0.003341651987284422,5.443907435052097
16,5,9,1,1.5677737660007551,2.100070175016299,0.5322964090155438,5.443907435052097
16,5,9,2,2.100070175016299,2.6556394799845293,0.5555693049682304,5.443907435052097
16,5,9,3,2.6556394799845293,3.2203534049913287,0.5647139250067994,5.443907435052097
16,5,9,4,3.2203534049913287,3.77770389104262,0.5573504860512912,5.443907435052097
16,5,9,5,3.77770389104262,4.391621269052848,0.6139173780102283,5.443907435052097
16,5,9,6,4.391621269052848,5.080448987078853,0.6888277180260047,5.443907435052097
16,5,9,7,5.080448987078853,5.441755449981429,0.36130646290257573,5.443907435052097
16,5,9,8,5.441755449981429,5.44469268003013,0.002937230048701167,5.443907435052097
16,5,10,1,1.5684440600452945,2.1007867070147768,0.5323426469694823,5.443907435052097
16,5,10,2,2.1007867070147768,2.656588471028954,0.555801764014177,5.443907435052097
16,5,10,3,2.656588471028954,3.2218102019978687,0.5652217309689149,5.443907435052097
16,5,10,4,3.2218102019978687,3.7784193590050563,0.5566091570071876,5.443907435052097
16,5,10,5,3.7784193590050563,4.392253746045753,0.613834387040697,5.443907435052097
16,5,10,6,4.392253746045753,5.081052600988187,0.6887988549424335,5.443907435052097
16,5,10,7,5.081052600988187,5.442271157982759,0.3612185569945723,5.443907435052097
16,5,10,8,5.442271157982759,5.445598304038867,0.0033271460561081767,5.443907435052097
16,5,11,1,3.7788536630105227,4.392403415986337,0.613549752975814,5.443907435052097
16,5,11,2,4.392403415986337,5.081119584967382,0.6887161689810455,5.443907435052097
16,5,11,3,5.081119584967382,5.442329652025364,0.3612100670579821,5.443907435052097
16,5,11,4,5.442329652025364,5.4456534730270505,0.003323821001686156,5.443907435052097
16,5,12,1,3.2216539590153843,3.7782722350675613,0.556618276052177,5.443907435052097
16,5,12,2,3.7782722350675613,4.392105218023062,0.6138329829555005,5.443907435052097
16,5,12,3,4.392105218023062,5.080923174973577,0.6888179569505155,5.443907435052097
16,5,12,4,5.080923174973577,5.442137361969799,0.36121418699622154,5.443907435052097
16,5,12,5,5.442137361969799,5.445481211994775,0.0033438500249758363,5.443907435052097
16,5,13,1,3.777283146046102,4.391298543079756,0.6140153970336542,5.443907435052097
16,5,13,2,4.391298543079756,5.080136287026107,0.6888377439463511,5.443907435052097
16,5,13,3,5.080136287026107,5.441421924973838,0.3612856379477307,5.443907435052097
16,5,13,4,5.441421924973838,5.444460049038753,0.003038124064914882,5.443907435052097
16,5,14,1,2.10043296799995,2.656286939047277,0.5558539710473269,5.443907435052097
16,5,14,2,2.656286939047277,3.2211247290251777,0.5648377899779007,5.443907435052097
16,5,14,3,3.2211247290251777,3.778017612057738,0.5568928830325603,5.443907435052097
16,5,14,4,3.778017612057738,4.39188859204296,0.6138709799852222,5.443907435052097
16,5,14,5,4.39188859204296,5.080717788077891,0.6888291960349306,5.443907435052097
16,5,14,6,5.080717788077891,5.441948764026165,0.36123097594827414,5.443907435052097
16,5,14,7,5.441948764026165,5.444859836017713,0.002911071991547942,5.443907435052097
16,5,15,1,2.6561417119810358,3.22052407998126,0.5643823680002242,5.443907435052097
16,5,15,2,3.22052407998126,3.7777764530619606,0.5572523730807006,5.443907435052097
16,5,15,3,3.7777764530619606,4.391695172991604,0.613918719929643,5.443907435052097
16,5,15,4,4.391695172991604,5.080577234970406,0.6888820619788021,5.443907435052097
16,5,15,5,5.080577234970406,5.441820246982388,0.3612430120119825,5.443907435052097
16,5,15,6,5.441820246982388,5.444749952061102,0.002929705078713596,5.443907435052097
16,6,0,1,4.065947943017818,4.7099814399844036,0.6440334969665855,5.421587161021307
16,6,0,2,4.7099814399844036,5.418575946008787,0.708594506024383,5.421587161021307
16,6,0,3,5.418575946008787,5.42252315802034,0.003947212011553347,5.421587161021307
16,6,1,1,2.927880450966768,3.491781590040773,0.5639011390740052,5.421587161021307
16,6,1,2,3.491781590040773,4.066409777966328,0.5746281879255548,5.421587161021307
16,6,1,3,4.066409777966328,4.710373690002598,0.6439639120362699,5.421587161021307
16,6,1,4,4.710373690002598,5.418991127051413,0.7086174370488152,5.421587161021307
16,6,1,5,5.418991127051413,5.422867696965113,0.003876569913700223,5.421587161021307
16,6,2,1,-0.42291273595765233,0.14087421796284616,0.5637869539204985,5.421587161021307
16,6,2,2,0.14087421796284616,0.6893965729977936,0.5485223550349474,5.421587161021307
16,6,2,3,0.6893965729977936,1.256545681040734,0.5671491080429405,5.421587161021307
16,6,2,4,1.256545681040734,1.8057499199640006,0.5492042389232665,5.421587161021307
16,6,2,5,1.8057499199640006,2.3736884579993784,0.5679385380353779,5.421587161021307
16,6,2,6,2.3736884579993784,2.9274831890361384,0.5537947310367599,5.421587161021307
16,6,2,7,2.9274831890361384,3.491602890077047,0.5641197010409087,5.421587161021307
16,6,2,8,3.491602890077047,4.066268449067138,0.5746655589900911,5.421587161021307
16,6,2,9,4.066268449067138,4.7102488280506805,0.6439803789835423,5.421587161021307
16,6,2,10,4.7102488280506805,5.418830099049956,0.7085812709992751,5.421587161021307
16,6,2,11,5.418830099049956,5.422729169018567,0.003899069968611002,5.421587161021307
16,6,3,1,1.8060608149971813,2.373819333035499,0.5677585180383176,5.421587161021307
16,6,3,2,2.373819333035499,2.9275472060544416,0.5537278730189428,5.421587161021307
16,6,3,3,2.9275472060544416,3.491670074989088,0.5641228689346462,5.421587161021307
16,6,3,4,3.491670074989088,4.066338734002784,0.574668659013696,5.421587161021307
16,6,3,5,4.066338734002784,4.7103112790500745,0.6439725450472906,5.421587161021307
16,6,3,6,4.7103112790500745,5.418911213986576,0.7085999349365011,5.421587161021307
16,6,3,7,5.418911213986576,5.422796461964026,0.00388524797745049,5.421587161021307
16,6,4,1,0.6896956430282444,1.256639093044214,0.5669434500159696,5.421587161021307
16,6,4,2,1.256639093044214,1.8064088900573552,0.5497697970131412,5.421587161021307
16,6,4,3,1.8064088900573552,2.3738904270576313,0.5674815370002761,5.421587161021307
16,6,4,4,2.3738904270576313,2.9279452869668603,0.554054859909229,5.421587161021307
16,6,4,5,2.9279452869668603,3.4921869849786162,0.5642416980117559,5.421587161021307
16,6,4,6,3.4921869849786162,4.066622723010369,0.5744357380317524,5.421587161021307
16,6,4,7,4.066622723010369,4.7105112170102075,0.6438884939998388,5.421587161021307
16,6,4,8,4.7105112170102075,5.419147153035738,0.7086359360255301,5.421587161021307
16,6,4,9,5.419147153035738,5.42301943001803,0.003872276982292533,5.421587161021307
16,6,5,1,0.6892883880063891,1.2561108670197427,0.5668224790133536,5.421587161021307
16,6,5,2,1.2561108670197427,1.8055839070584625,0.5494730400387198,5.421587161021307
16,6,5,3,1.8055839070584625,2.3735440960153937,0.5679601889569312,5.421587161021307
16,6,5,4,2.3735440960153937,2.9272994820494205,0.5537553860340267,5.421587161021307
16,6,5,5,2.9272994820494205,3.491402684012428,0.5641032019630075,5.421587161021307
16,6,5,6,3.491402684012428,4.066049898043275,0.574647214030847,5.421587161021307
16,6,5,7,4.066049898043275,4.710115585010499,0.6440656869672239,5.421587161021307
16,6,5,8,4.710115585010499,5.418659524060786,0.708543939050287,5.421587161021307
16,6,5,9,5.418659524060786,5.422593145049177,0.00393362098839134,5.421587161021307
16,6,6,1,2.3743817490758374,2.9284213329665363,0.5540395838906989,5.421587161021307
16,6,6,2,2.9284213329665363,3.4924176660133526,0.5639963330468163,5.421587161021307
16,6,6,3,3.4924176660133526,4.066829262068495,0.5744115960551426,5.421587161021307
16,6,6,4,4.066829262068495,4.710695323999971,0.643866061931476,5.421587161021307
16,6,6,5,4.710695323999971,5.419435668969527,0.7087403449695557,5.421587161021307
16,6,6,6,5.419435668969527,5.419462540070526,2.687110099941492e-05,5.421587161021307
16,6,6,7,5.419462540070526,5.435982786002569,0.0165202459320426,5.421587161021307
16,6,7,1,2.9283122550696135,3.492353098001331,0.5640408429317176,5.421587161021307
16,6,7,2,3.492353098001331,4.066759063047357,0.5744059650460258,5.421587161021307
16,6,7,3,4.066759063047357,4.710629930021241,0.6438708669738844,5.421587161021307
16,6,7,4,4.710629930021241,5.419294395018369,0.7086644649971277,5.421587161021307
16,6,7,5,5.419294395018369,5.423167766071856,0.0038733710534870625,5.421587161021307
16,6,8,1,0.14124155102763325,0.6888328640488908,0.5475913130212575,5.421587161021307
16,6,8,2,0.6888328640488908,1.2559439020697027,0.567111038020812,5.421587161021307
16,6,8,3,1.2559439020697027,1.8055122389923781,0.5495683369226754,5.421587161021307
16,6,8,4,1.8055122389923781,2.372960223001428,0.5674479840090498,5.421587161021307
16,6,8,5,2.372960223001428,2.927125261980109,0.554165038978681,5.421587161021307
16,6,8,6,2.927125261980109,3.491257524001412,0.5641322620213032,5.421587161021307
16,6,8,7,3.491257524001412,4.065415855962783,0.574158331961371,5.421587161021307
16,6,8,8,4.065415855962783,4.709776478004642,0.6443606220418587,5.421587161021307
16,6,8,9,4.709776478004642,5.41840998607222,0.7086335080675781,5.421587161021307
16,6,8,10,5.41840998607222,5.422372739994898,0.00396275392267853,5.421587161021307
16,6,9,1,1.2569845860125497,1.8065452190348879,0.5495606330223382,5.421587161021307
16,6,9,2,1.8065452190348879,2.374468763009645,0.5679235439747572,5.421587161021307
16,6,9,3,2.374468763009645,2.9284817000152543,0.5540129370056093,5.421587161021307
16,6,9,4,2.9284817000152543,3.4924842610489577,0.5640025610337034,5.421587161021307
16,6,9,5,3.4924842610489577,4.066897363984026,0.5744131029350683,5.421587161021307
16,6,9,6,4.066897363984026,4.710757069988176,0.6438597060041502,5.421587161021307
16,6,9,7,4.710757069988176,5.419542361050844,0.708785291062668,5.421587161021307
16,6,9,8,5.419542361050844,5.419563713017851,2.1351967006921768e-05,5.421587161021307
16,6,9,9,5.419563713017851,5.436069017043337,0.01650530402548611,5.421587161021307
16,6,10,1,1.2564753399929032,1.8056922460673377,0.5492169060744345,5.421587161021307
16,6,10,2,1.8056922460673377,2.373622145038098,0.5679298989707604,5.421587161021307
16,6,10,3,2.373622145038098,2.927417936967686,0.5537957919295877,5.421587161021307
16,6,10,4,2.927417936967686,3.491533176973462,0.5641152400057763,5.421587161021307
16,6,10,5,3.491533176973462,4.066192173981108,0.5746589970076457,5.421587161021307
16,6,10,6,4.066192173981108,4.710184091003612,0.6439919170225039,5.421587161021307
16,6,10,7,4.710184091003612,5.418742698035203,0.7085586070315912,5.421587161021307
16,6,10,8,5.418742698035203,5.422661198070273,0.003918500035069883,5.421587161021307
16,6,11,1,2.373408282059245,2.927230358007364,0.5538220759481192,5.421587161021307
16,6,11,2,2.927230358007364,3.4913317220052704,0.5641013639979064,5.421587161021307
16,6,11,3,3.4913317220052704,4.065494448994286,0.5741627269890159,5.421587161021307
16,6,11,4,4.065494448994286,4.709850072977133,0.6443556239828467,5.421587161021307
16,6,11,5,4.709850072977133,5.418492175987922,0.7086421030107886,5.421587161021307
16,6,11,6,5.418492175987922,5.4224439120152965,0.003951736027374864,5.421587161021307
16,6,12,1,3.4909396490547806,4.065153132076375,0.5742134830215946,5.421587161021307
16,6,12,2,4.065153132076375,4.709512899047695,0.6443597669713199,5.421587161021307
16,6,12,3,4.709512899047695,5.418208290007897,0.7086953909602016,5.421587161021307
16,6,12,4,5.418208290007897,5.422206753049977,0.003998463042080402,5.421587161021307
16,6,13,1,1.806329049053602,2.372791990987025,0.5664629419334233,5.421587161021307
16,6,13,2,2.372791990987025,2.9269717329880223,0.5541797420009971,5.421587161021307
16,6,13,3,2.9269717329880223,3.491172709967941,0.5642009769799188,5.421587161021307
16,6,13,4,3.491172709967941,4.065328971017152,0.574156261049211,5.421587161021307
16,6,13,5,4.065328971017152,4.709693841985427,0.6443648709682748,5.421587161021307
16,6,13,6,4.709693841985427,5.418315915972926,0.7086220739874989,5.421587161021307
16,6,13,7,5.418315915972926,5.422300013015047,0.003984097042120993,5.421587161021307
16,6,14,1,-0.42342392494902015,0.1406916850246489,0.564115609973669,5.421587161021307
16,6,14,2,0.1406916850246489,0.6897625180426985,0.5490708330180496,5.421587161021307
16,6,14,3,0.6897625180426985,1.2567022370640188,0.5669397190213203,5.421587161021307
16,6,14,4,1.2567022370640188,1.8064647830324247,0.5497625459684059,5.421587161021307
16,6,14,5,1.8064647830324247,2.3739552000770345,0.5674904170446098,5.421587161021307
16,6,14,6,2.3739552000770345,2.928000870044343,0.5540456699673086,5.421587161021307
16,6,14,7,2.928000870044343,3.4922519790707156,0.5642511090263724,5.421587161021307
16,6,14,8,3.4922519790707156,4.06669182900805,0.5744398499373347,5.421587161021307
16,6,14,9,4.06669182900805,4.710572335985489,0.6438805069774389,5.421587161021307
16,6,14,10,4.710572335985489,5.419224453973584,0.7086521179880947,5.421587161021307
16,6,14,11,5.419224453973584,5.42309188505169,0.003867431078106165,5.421587161021307
16,6,15,1,3.492116002016701,4.066549116978422,0.574433114961721,5.421587161021307
16,6,15,2,4.066549116978422,4.710442724986933,0.6438936080085114,5.421587161021307
16,6,15,3,4.710442724986933,5.4190688009839505,0.7086260759970173,5.421587161021307
16,6,15,4,5.4190688009839505,5.422939924988896,0.003871124004945159,5.421587161021307
16,7,0,1,3.513144297990948,4.093055121018551,0.5799108230276033,5.452564954990521
16,7,0,2,4.093055121018551,4.739679438993335,0.6466243179747835,5.452564954990521
16,7,0,3,4.739679438993335,5.450104409013875,0.7104249700205401,5.452564954990521
16,7,0,4,5.450104409013875,5.454592498019338,0.004488089005462825,5.452564954990521
16,7,1,1,1.2774300130549818,1.8278686970006675,0.5504386839456856,5.452564954990521
16,7,1,2,1.8278686970006675,2.397088969941251,0.5692202729405835,5.452564954990521
16,7,1,3,2.397088969941251,2.9531462870072573,0.5560573170660064,5.452564954990521
16,7,1,4,2.9531462870072573,3.513646150007844,0.5604998630005866,5.452564954990521
16,7,1,5,3.513646150007844,4.0937926799524575,0.5801465299446136,5.452564954990521
16,7,1,6,4.0937926799524575,4.740109301987104,0.6463166220346466,5.452564954990521
16,7,1,7,4.740109301987104,5.450546900974587,0.7104375989874825,5.452564954990521
16,7,1,8,5.450546900974587,5.454941459000111,0.00439455802552402,5.452564954990521
16,7,2,1,1.8277622469468042,2.3966790050035343,0.56891675805673,5.452564954990521
16,7,2,2,2.3966790050035343,2.9529945380054414,0.5563155330019072,5.452564954990521
16,7,2,3,2.9529945380054414,3.513228041003458,0.5602335029980168,5.452564954990521
16,7,2,4,3.513228041003458,4.093564882990904,0.580336841987446,5.452564954990521
16,7,2,5,4.093564882990904,4.739872092031874,0.6463072090409696,5.452564954990521
16,7,2,6,4.739872092031874,5.450272885966115,0.7104007939342409,5.452564954990521
16,7,2,7,5.450272885966115,5.4547321669524536,0.004459280986338854,5.452564954990521
16,7,3,1,2.3958691529696807,2.9519392889924347,0.556070136022754,5.452564954990521
16,7,3,2,2.9519392889924347,3.512019134941511,0.5600798459490761,5.452564954990521
16,7,3,3,3.512019134941511,4.092379019013606,0.5803598840720952,5.452564954990521
16,7,3,4,4.092379019013606,4.738945388002321,0.6465663689887151,5.452564954990521
16,7,3,5,4.738945388002321,5.449154671980068,0.710209283977747,5.452564954990521
16,7,3,6,5.449154671980068,5.453977667959407,0.004822995979338884,5.452564954990521
16,7,4,1,1.827454627957195,2.3965413549449295,0.5690867269877344,5.452564954990521
16,7,4,2,2.3965413549449295,2.952548166969791,0.5560068120248616,5.452564954990521
16,7,4,3,2.952548166969791,3.512635887018405,0.5600877200486138,5.452564954990521
16,7,4,4,3.512635887018405,4.0928815449588,0.5802456579403952,5.452564954990521
16,7,4,5,4.0928815449588,4.73954167694319,0.6466601319843903,5.452564954990521
16,7,4,6,4.73954167694319,5.449892704957165,0.7103510280139744,5.452564954990521
16,7,4,7,5.449892704957165,5.454445234965533,0.004552530008368194,5.452564954990521
16,7,5,1,2.9529262030264363,3.5127337150042877,0.5598075119778514,5.452564954990521
16,7,5,2,3.5127337150042877,4.0929464240325615,0.5802127090282738,5.452564954990521
16,7,5,3,4.0929464240325615,4.739609673037194,0.6466632490046322,5.452564954990521
16,7,5,4,4.739609673037194,5.450022247969173,0.7104125749319792,5.452564954990521
16,7,5,5,5.450022247969173,5.4545242979656905,0.004502049996517599,5.452564954990521
16,7,6,1,0.7049031930509955,1.2770452309632674,0.5721420379122719,5.452564954990521
16,7,6,2,1.2770452309632674,1.8270713570527732,0.5500261260895059,5.452564954990521
16,7,6,3,1.8270713570527732,2.3964105510385707,0.5693391939857975,5.452564954990521
16,7,6,4,2.3964105510385707,2.952483552042395,0.5560730010038242,5.452564954990521
16,7,6,5,2.952483552042395,3.5125709689455107,0.5600874169031158,5.452564954990521
16,7,6,6,3.5125709689455107,4.092814730945975,0.5802437620004639,5.452564954990521
16,7,6,7,4.092814730945975,4.73947179899551,0.6466570680495352,5.452564954990521
16,7,6,8,4.73947179899551,5.449687349959277,0.7102155509637669,5.452564954990521
16,7,6,9,5.449687349959277,5.454380427021533,0.004693077062256634,5.452564954990521
16,7,7,2,-0.4138675320427865,0.15735925501212478,0.5712267870549113,5.452564954990521
16,7,7,3,0.15735925501212478,0.7045788259711117,0.5472195709589869,5.452564954990521
16,7,7,4,0.7045788259711117,1.276940310955979,0.5723614849848673,5.452564954990521
16,7,7,5,1.276940310955979,1.8269969719694927,0.5500566610135138,5.452564954990521
16,7,7,6,1.8269969719694927,2.396344271954149,0.5693472999846563,5.452564954990521
16,7,7,7,2.396344271954149,2.9524182189488783,0.5560739469947293,5.452564954990521
16,7,7,8,2.9524182189488783,3.512502038036473,0.5600838190875947,5.452564954990521
16,7,7,9,3.512502038036473,4.092715956037864,0.580213918001391,5.452564954990521
16,7,7,10,4.092715956037864,4.739353616954759,0.6466376609168947,5.452564954990521
16,7,7,11,4.739353616954759,5.4495958760380745,0.7102422590833157,5.452564954990521
16,7,7,12,5.4495958760380745,5.454307695967145,0.004711819929070771,5.452564954990521
16,7,8,1,2.9535085660172626,3.5138276000507176,0.560319034033455,5.452564954990521
16,7,8,2,3.5138276000507176,4.09391306899488,0.5800854689441621,5.452564954990521
16,7,8,3,4.09391306899488,4.7402463930193335,0.6463333240244538,5.452564954990521
16,7,8,4,4.7402463930193335,5.450697822961956,0.7104514299426228,5.452564954990521
16,7,8,5,5.450697822961956,5.455078801023774,0.004380978061817586,5.452564954990521
16,7,9,1,0.7044939419720322,1.27686204505153,0.5723681030794978,5.452564954990521
16,7,9,2,1.27686204505153,1.8269248299766332,0.5500627849251032,5.452564954990521
16,7,9,3,1.8269248299766332,2.3962661350378767,0.5693413050612435,5.452564954990521
16,7,9,4,2.3962661350378767,2.952351048006676,0.5560849129687995,5.452564954990521
16,7,9,5,2.952351048006676,3.512364414986223,0.5600133669795468,5.452564954990521
16,7,9,6,3.512364414986223,4.092652815044858,0.5802884000586346,5.452564954990521
16,7,9,7,4.092652815044858,4.7392861529951915,0.646633337950334,5.452564954990521
16,7,9,8,4.7392861529951915,5.44951659895014,0.7102304459549487,5.452564954990521
16,7,9,9,5.44951659895014,5.454240257036872,0.00472365808673203,5.452564954990521
16,7,10,2,-0.4139563470380381,0.15727070102002472,0.5712270480580628,5.452564954990521
16,7,10,3,0.15727070102002472,0.7038547920528799,0.5465840910328552,5.452564954990521
16,7,10,4,0.7038547920528799,1.276529481052421,0.5726746889995411,5.452564954990521
16,7,10,5,1.276529481052421,1.8266288070008159,0.5500993259483948,5.452564954990521
16,7,10,6,1.8266288070008159,2.3960480040404946,0.5694191970396787,5.452564954990521
16,7,10,7,2.3960480040404946,2.952130335965194,0.5560823319246992,5.452564954990521
16,7,10,8,2.952130335965194,3.5122172429692,0.5600869070040062,5.452564954990521
16,7,10,9,3.5122172429692,4.092507575987838,0.5802903330186382,5.452564954990521
16,7,10,10,4.092507575987838,4.739104073960334,0.6465964979724959,5.452564954990521
16,7,10,11,4.739104073960334,5.449336680001579,0.7102326060412452,5.452564954990521
16,7,10,12,5.449336680001579,5.454075925983489,0.004739245981909335,5.452564954990521
16,7,11,1,3.5135153949959204,4.093671523034573,0.5801561280386522,5.452564954990521
16,7,11,2,4.093671523034573,4.739973124000244,0.6463016009656712,5.452564954990521
16,7,11,3,4.739973124000244,5.450351397041231,0.7103782730409876,5.452564954990521
16,7,11,4,5.450351397041231,5.4548108170274645,0.004459419986233115,5.452564954990521
16,7,12,1,2.397019113996066,2.9530854769982398,0.5560663630021736,5.452564954990521
16,7,12,2,2.9530854769982398,3.5135824399767444,0.5604969629785046,5.452564954990521
16,7,12,3,3.5135824399767444,4.0937326840357855,0.5801502440590411,5.452564954990521
16,7,12,4,4.0937326840357855,4.7400436389725655,0.64631095493678,5.452564954990521
16,7,12,5,4.7400436389725655,5.450472695054486,0.7104290560819209,5.452564954990521
16,7,12,6,5.450472695054486,5.454875975032337,0.004403279977850616,5.452564954990521
16,7,13,1,0.15712316299322993,0.7040693919407204,0.5469462289474905,5.452564954990521
16,7,13,2,0.7040693919407204,1.276701204944402,0.5726318130036816,5.452564954990521
16,7,13,3,1.276701204944402,1.8267971490276977,0.5500959440832958,5.452564954990521
16,7,13,4,1.8267971490276977,2.3961760570527986,0.5693789080251008,5.452564954990521
16,7,13,5,2.3961760570527986,2.9522177069447935,0.5560416498919949,5.452564954990521
16,7,13,6,2.9522177069447935,3.5122972009703517,0.5600794940255582,5.452564954990521
16,7,13,7,3.5122972009703517,4.092584736994468,0.580287536024116,5.452564954990521
16,7,13,8,4.092584736994468,4.739206494996324,0.6466217580018565,5.452564954990521
16,7,13,9,4.739206494996324,5.449431307031773,0.7102248120354488,5.452564954990521
16,7,13,10,5.449431307031773,5.45416657300666,0.004735265974886715,5.452564954990521
16,7,14,1,1.2777258090209216,1.8279582570539787,0.5502324480330572,5.452564954990521
16,7,14,2,1.8279582570539787,2.3971559229539707,0.569197665899992,5.452564954990521
16,7,14,3,2.3971559229539707,2.953212963999249,0.5560570410452783,5.452564954990521
16,7,14,4,2.953212963999249,3.513709050952457,0.5604960869532079,5.452564954990521
16,7,14,5,3.513709050952457,4.093851616955362,0.5801425660029054,5.452564954990521
16,7,14,6,4.093851616955362,4.740174380945973,0.6463227639906108,5.452564954990521
16,7,14,7,4.740174380945973,5.4506174109410495,0.7104430299950764,5.452564954990521
16,7,14,8,5.4506174109410495,5.455011154990643,0.004393744049593806,5.452564954990521
16,7,15,1,4.0934871500357985,4.739803486037999,0.6463163360022008,5.452564954990521
16,7,15,2,4.739803486037999,5.45018937299028,0.710385886952281,5.452564954990521
16,7,15,3,5.45018937299028,5.454666113015264,0.004476740024983883,5.452564954990521
16,8,0,1,2.9322076860116795,3.494499380933121,0.5622916949214414,5.43411723501049
16,8,0,2,3.494499380933121,4.072510296944529,0.578010916011408,5.43411723501049
16,8,0,3,4.072510296944529,4.719202386913821,0.6466920899692923,5.43411723501049
16,8,0,4,4.719202386913821,5.435750180971809,0.7165477940579876,5.43411723501049
16,8,1,1,0.14535972697194666,0.69118590594735,0.5458261789754033,5.43411723501049
16,8,1,2,0.69118590594735,1.2600471609039232,0.5688612549565732,5.43411723501049
16,8,1,3,1.2600471609039232,1.8079105529468507,0.5478633920429274,5.43411723501049
16,8,1,4,1.8079105529468507,2.3799547440139577,0.572044191067107,5.43411723501049
16,8,1,5,2.3799547440139577,2.931625440949574,0.5516706969356164,5.43411723501049
16,8,1,6,2.931625440949574,3.4938082409789786,0.5621828000294045,5.43411723501049
16,8,1,7,3.4938082409789786,4.072085395921022,0.5782771549420431,5.43411723501049
16,8,1,8,4.072085395921022,4.718811786966398,0.6467263910453767,5.43411723501049
16,8,1,9,4.718811786966398,5.4352470599114895,0.7164352729450911,5.43411723501049
16,8,2,1,1.259773346944712,1.8077233619987965,0.5479500150540844,5.43411723501049
16,8,2,2,1.8077233619987965,2.3794285599142313,0.5717051979154348,5.43411723501049
16,8,2,3,2.3794285599142313,2.930817850981839,0.5513892910676077,5.43411723501049
16,8,2,4,2.930817850981839,3.492970520979725,0.5621526699978858,5.43411723501049
16,8,2,5,3.492970520979725,4.071686098002829,0.5787155770231038,5.43411723501049
16,8,2,6,4.071686098002829,4.718387450906448,0.6467013529036194,5.43411723501049
16,8,2,7,4.718387450906448,5.434734390932135,0.7163469400256872,5.43411723501049
16,8,3,1,-0.4190734560834244,0.1457219539443031,0.5647954100277275,5.43411723501049
16,8,3,2,0.1457219539443031,0.6909622829407454,0.5452403289964423,5.43411723501049
16,8,3,3,0.6909622829407454,1.2599617979722098,0.5689995150314644,5.43411723501049
16,8,3,4,1.2599617979722098,1.8078020079992712,0.5478402100270614,5.43411723501049
16,8,3,5,1.8078020079992712,2.3795027709566057,0.5717007629573345,5.43411723501049
16,8,3,6,2.3795027709566057,2.9314216299680993,0.5519188590114936,5.43411723501049
16,8,3,7,2.9314216299680993,3.4932375269709155,0.5618158970028162,5.43411723501049
16,8,3,8,3.4932375269709155,4.071826510014944,0.5785889830440283,5.43411723501049
16,8,3,9,4.071826510014944,4.718602958950214,0.6467764489352703,5.43411723501049
16,8,3,10,4.718602958950214,5.434998461976647,0.7163955030264333,5.43411723501049
16,8,4,1,-0.4187506490852684,0.14556557696778327,0.5643162260530517,5.43411723501049
16,8,4,2,0.14556557696778327,0.6922302269376814,0.5466646499698982,5.43411723501049
16,8,4,3,0.6922302269376814,1.2603885729331523,0.5681583459954709,5.43411723501049
16,8,4,4,1.2603885729331523,1.8081233829725534,0.547734810039401,5.43411723501049
16,8,4,5,1.8081233829725534,2.380155980004929,0.5720325970323756,5.43411723501049
16,8,4,6,2.380155980004929,2.9318304730113596,0.5516744930064306,5.43411723501049
16,8,4,7,2.9318304730113596,3.4943061429075897,0.5624756698962301,5.43411723501049
16,8,4,8,3.4943061429075897,4.072381868958473,0.5780757260508835,5.43411723501049
16,8,4,9,4.072381868958473,4.7190777459181845,0.6466958769597113,5.43411723501049
16,8,4,10,4.7190777459181845,5.435590249951929,0.7165125040337443,5.43411723501049
16,8,5,1,0.6917636869475245,1.2601834560045972,0.5684197690570727,5.43411723501049
16,8,5,2,1.2601834560045972,1.807983651990071,0.5478001959854737,5.43411723501049
16,8,5,3,1.807983651990071,2.3800226519815624,0.5720389999914914,5.43411723501049
16,8,5,4,2.3800226519815624,2.93169522495009,0.5516725729685277,5.43411723501049
16,8,5,5,2.93169522495009,3.4938773069297895,0.5621820819796994,5.43411723501049
16,8,5,6,3.4938773069297895,4.072151209926233,0.5782739029964432,5.43411723501049
16,8,5,7,4.072151209926233,4.718881863984279,0.6467306540580466,5.43411723501049
16,8,5,8,4.718881863984279,5.435332985012792,0.7164511210285127,5.43411723501049
16,8,6,1,1.8076032840181142,2.379350403905846,0.571747119887732,5.43411723501049
16,8,6,2,2.379350403905846,2.930744106997736,0.5513937030918896,5.43411723501049
16,8,6,3,2.930744106997736,3.4928988749161363,0.5621547679184005,5.43411723501049
16,8,6,4,3.4928988749161363,4.071551158907823,0.578652283991687,5.43411723501049
16,8,6,5,4.071551158907823,4.7183173769153655,0.6467662180075422,5.43411723501049
16,8,6,6,4.7183173769153655,5.4346497129881755,0.71633233607281,5.43411723501049
16,8,7,1,0.6921240149531513,1.2602925969986245,0.5681685820454732,5.43411723501049
16,8,7,2,1.2602925969986245,1.8080532539170235,0.547760656918399,5.43411723501049
16,8,7,3,1.8080532539170235,2.380088879959658,0.5720356260426342,5.43411723501049
16,8,7,4,2.380088879959658,2.931762262014672,0.5516733820550144,5.43411723501049
16,8,7,5,2.931762262014672,3.494241236941889,0.5624789749272168,5.43411723501049
16,8,7,6,3.494241236941889,4.072319171973504,0.5780779350316152,5.43411723501049
16,8,7,7,4.072319171973504,4.719013251946308,0.6466940799728036,5.43411723501049
16,8,7,8,4.719013251946308,5.435508371912874,0.7164951199665666,5.43411723501049
16,8,8,1,1.8071723859757185,2.3792276409221813,0.5720552549464628,5.43411723501049
16,8,8,2,2.3792276409221813,2.9306605209130794,0.5514328799908981,5.43411723501049
16,8,8,3,2.9306605209130794,3.492812182987109,0.5621516620740294,5.43411723501049
16,8,8,4,3.492812182987109,4.071479967911728,0.5786677849246189,5.43411723501049
16,8,8,5,4.071479967911728,4.7182446179213,0.6467646500095725,5.43411723501049
16,8,8,6,4.7182446179213,5.434561721980572,0.7163171040592715,5.43411723501049
16,8,9,1,2.3798760439967737,2.931551832938567,0.5516757889417931,5.43411723501049
16,8,9,2,2.931551832938567,3.4933100239140913,0.5617581909755245,5.43411723501049
16,8,9,3,3.4933100239140913,4.071894200984389,0.5785841770702973,5.43411723501049
16,8,9,4,4.071894200984389,4.71867165598087,0.6467774549964815,5.43411723501049
16,8,9,5,4.71867165598087,5.435081128962338,0.7164094729814678,5.43411723501049
16,8,10,1,1.2607358469394967,1.8082554389256984,0.5475195919862017,5.43411723501049
16,8,10,2,1.8082554389256984,2.3802213019225746,0.5719658629968762,5.43411723501049
16,8,10,3,2.3802213019225746,2.931896028923802,0.5516747270012274,5.43411723501049
16,8,10,4,2.931896028923802,3.494372008019127,0.5624759790953249,5.43411723501049
16,8,10,5,3.494372008019127,4.072450756910257,0.5780787488911301,5.43411723501049
16,8,10,6,4.072450756910257,4.719143883907236,0.6466931269969791,5.43411723501049
16,8,10,7,4.719143883907236,5.43567021691706,0.7165263330098242,5.43411723501049
16,8,11,1,2.9313156799180433,3.493095949990675,0.5617802700726315,5.43411723501049
16,8,11,2,3.493095949990675,4.071756677003577,0.5786607270129025,5.43411723501049
16,8,11,3,4.071756677003577,4.718530291924253,0.6467736149206758,5.43411723501049
16,8,11,4,4.718530291924253,5.4349089859751984,0.7163786940509453,5.43411723501049
16,8,12,1,2.378996790968813,2.9304560219170526,0.5514592309482396,5.43411723501049
16,8,12,2,2.9304560219170526,3.4926307189743966,0.562174697057344,5.43411723501049
16,8,12,3,3.4926307189743966,4.071384522947483,0.5787538039730862,5.43411723501049
16,8,12,4,4.071384522947483,4.718160999938846,0.6467764769913629,5.43411723501049
16,8,12,5,4.718160999938846,5.434468131978065,0.7163071320392191,5.43411723501049
16,8,13,1,3.4941731499275193,4.072251759003848,0.5780786090763286,5.43411723501049
16,8,13,2,4.072251759003848,4.718947303947061,0.6466955449432135,5.43411723501049
16,8,13,3,4.718947303947061,5.435422990936786,0.7164756869897246,5.43411723501049
16,8,14,1,3.4937310200184584,4.072017943952233,0.5782869239337742,5.43411723501049
16,8,14,2,4.072017943952233,4.71873936499469,0.6467214210424572,5.43411723501049
16,8,14,3,4.71873936499469,5.435160267981701,0.7164209029870108,5.43411723501049
16,8,15,1,4.071179582970217,4.7179688239702955,0.6467892410000786,5.43411723501049
16,8,15,2,4.7179688239702955,5.434355511912145,0.7163866879418492,5.43411723501049
16,9,0,1,3.2264533300185576,3.7791656479239464,0.5527123179053888,5.444752431940287
16,9,0,2,3.7791656479239464,4.392580633983016,0.6134149860590696,5.444752431940287
16,9,0,3,4.392580633983016,5.078613264020532,0.6860326300375164,5.444752431940287
16,9,0,4,5.078613264020532,5.443223675945774,0.36461041192524135,5.444752431940287
16,9,0,5,5.443223675945774,5.4468116339994594,0.0035879580536857247,5.444752431940287
16,9,1,1,3.226977869984694,3.779846351942979,0.552868481958285,5.444752431940287
16,9,1,2,3.779846351942979,4.393012212938629,0.6131658609956503,5.444752431940287
16,9,1,3,4.393012212938629,5.078965640976094,0.6859534280374646,5.444752431940287
16,9,1,4,5.078965640976094,5.4456053749891,0.3666397340130061,5.444752431940287
16,9,2,2,-0.15176714898552746,0.42042154096998274,0.5721886899555102,5.444752431940287
16,9,2,3,0.42042154096998274,0.9785879279952496,0.5581663870252669,5.444752431940287
16,9,2,4,0.9785879279952496,1.53579324495513,0.5572053169598803,5.444752431940287
16,9,2,5,1.53579324495513,2.1005139410262927,0.5647206960711628,5.444752431940287
16,9,2,6,2.1005139410262927,2.6574150460073724,0.5569011049810797,5.444752431940287
16,9,2,7,2.6574150460073724,3.22581484192051,0.5683997959131375,5.444752431940287
16,9,2,8,3.22581484192051,3.7788542439229786,0.5530394020024687,5.444752431940287
16,9,2,9,3.7788542439229786,4.392218151013367,0.6133639070903882,5.444752431940287
16,9,2,10,4.392218151013367,5.0782647979212925,0.6860466469079256,5.444752431940287
16,9,2,11,5.0782647979212925,5.442888062912971,0.3646232649916783,5.444752431940287
16,9,2,12,5.442888062912971,5.446573517983779,0.00368545507080853,5.444752431940287
16,9,3,1,0.9794183759950101,1.5355352109763771,0.556116834981367,5.444752431940287
16,9,3,2,1.5355352109763771,2.099733729963191,0.5641985189868137,5.444752431940287
16,9,3,3,2.099733729963191,2.6569699329556897,0.5572362029924989,5.444752431940287
16,9,3,4,2.6569699329556897,3.2254558339482173,0.5684859009925276,5.444752431940287
16,9,3,5,3.2254558339482173,3.7785005959449336,0.5530447619967163,5.444752431940287
16,9,3,6,3.7785005959449336,4.391842647921294,0.6133420519763604,5.444752431940287
16,9,3,7,4.391842647921294,5.0779126059496775,0.6860699580283836,5.444752431940287
16,9,3,8,5.0779126059496775,5.442656790954061,0.3647441850043833,5.444752431940287
16,9,3,9,5.442656790954061,5.446385425981134,0.0037286350270733237,5.444752431940287
16,9,4,1,-0.15145247604232281,0.4197463559685275,0.5711988320108503,5.444752431940287
16,9,4,2,0.4197463559685275,0.9788021199638024,0.5590557639952749,5.444752431940287
16,9,4,3,0.9788021199638024,1.53668405697681,0.5578819370130077,5.444752431940287
16,9,4,4,1.53668405697681,2.1011452269740403,0.5644611699972302,5.444752431940287
16,9,4,5,2.1011452269740403,2.6581806229660287,0.5570353959919885,5.444752431940287
16,9,4,6,2.6581806229660287,3.2266879390226677,0.568507316056639,5.444752431940287
16,9,4,7,3.2266879390226677,3.779746045009233,0.5530581059865654,5.444752431940287
16,9,4,8,3.779746045009233,4.39294492197223,0.613198876962997,5.444752431940287
16,9,4,9,4.39294492197223,5.0788964899256825,0.6859515679534525,5.444752431940287
16,9,4,10,5.0788964899256825,5.445523977978155,0.36662748805247247,5.444752431940287
16,9,5,1,2.1002959499601275,2.65719418192748,0.5568982319673523,5.444752431940287
16,9,5,2,2.65719418192748,3.2256089720176533,0.5684147900901735,5.444752431940287
16,9,5,3,3.2256089720176533,3.778652373002842,0.5530434009851888,5.444752431940287
16,9,5,4,3.778652373002842,4.392054541967809,0.6134021689649671,5.444752431940287
16,9,5,5,4.392054541967809,5.078111371025443,0.6860568290576339,5.444752431940287
16,9,5,6,5.078111371025443,5.442743381951004,0.3646320109255612,5.444752431940287
16,9,5,7,5.442743381951004,5.44645601301454,0.0037126310635358095,5.444752431940287
16,9,6,2,-0.15187944704666734,0.4203470710199326,0.5722265180666,5.444752431940287
16,9,6,3,0.4203470710199326,0.9784725009230897,0.558125429903157,5.444752431940287
16,9,6,4,0.9784725009230897,1.535714641911909,0.5572421409888193,5.444752431940287
16,9,6,5,1.535714641911909,2.1004411779576913,0.5647265360457823,5.444752431940287
16,9,6,6,2.1004411779576913,2.657336505013518,0.5568953270558268,5.444752431940287
16,9,6,7,2.657336505013518,3.225745823001489,0.568409317987971,5.444752431940287
16,9,6,8,3.225745823001489,3.778785282978788,0.553039459977299,5.444752431940287
16,9,6,9,3.778785282978788,4.392138918978162,0.6133536359993741,5.444752431940287
16,9,6,10,4.392138918978162,5.07819206698332,0.6860531480051577,5.444752431940287
16,9,6,11,5.07819206698332,5.442817635950632,0.3646255689673126,5.444752431940287
16,9,6,12,5.442817635950632,5.446515303920023,0.00369766796939075,5.444752431940287
16,9,7,1,1.5366054559126496,2.1007755619939417,0.564170106081292,5.444752431940287
16,9,7,2,2.1007755619939417,2.658017519977875,0.5572419579839334,5.444752431940287
16,9,7,3,2.658017519977875,3.2265200479887426,0.5685025280108675,5.444752431940287
16,9,7,4,3.2265200479887426,3.779579730005935,0.5530596820171922,5.444752431940287
16,9,7,5,3.779579730005935,4.39280929393135,0.6132295639254153,5.444752431940287
16,9,7,6,4.39280929393135,5.078755546943285,0.6859462530119345,5.444752431940287
16,9,7,7,5.078755546943285,5.445343188941479,0.36658764199819416,5.444752431940287
16,9,8,1,1.5362365510081872,2.100610538967885,0.5643739879596978,5.444752431940287
16,9,8,2,2.100610538967885,2.6574864509748295,0.5568759120069444,5.444752431940287
16,9,8,3,2.6574864509748295,3.2258818639675155,0.568395412992686,5.444752431940287
16,9,8,4,3.2258818639675155,3.778920745011419,0.5530388810439035,5.444752431940287
16,9,8,5,3.778920745011419,4.392292661010288,0.6133719159988686,5.444752431940287
16,9,8,6,4.392292661010288,5.078338127932511,0.6860454669222236,5.444752431940287
16,9,8,7,5.078338127932511,5.44295473897364,0.36461661104112864,5.444752431940287
16,9,8,8,5.44295473897364,5.446630773949437,0.003676034975796938,5.444752431940287
16,9,9,1,0.9791406670119613,1.5368283309508115,0.5576876639388502,5.444752431940287
16,9,9,2,1.5368283309508115,2.1012069119606167,0.5643785810098052,5.444752431940287
16,9,9,3,2.1012069119606167,2.6582646529423073,0.5570577409816906,5.444752431940287
16,9,9,4,2.6582646529423073,3.2270429499913007,0.5687782970489934,5.444752431940287
16,9,9,5,3.2270429499913007,3.78019746998325,0.5531545199919492,5.444752431940287
16,9,9,6,3.78019746998325,4.3931879659648985,0.6129904959816486,5.444752431940287
16,9,9,7,4.3931879659648985,5.079096760950051,0.6859087949851528,5.444752431940287
16,9,9,8,5.079096760950051,5.445780343026854,0.36668358207680285,5.444752431940287
16,9,10,1,0.4202105299336836,0.9787349459948018,0.5585244160611182,5.444752431940287
16,9,10,2,0.9787349459948018,1.5363163569709286,0.5575814109761268,5.444752431940287
16,9,10,3,1.5363163569709286,2.1006862010108307,0.5643698440399021,5.444752431940287
16,9,10,4,2.1006862010108307,2.6579580159159377,0.557271814905107,5.444752431940287
16,9,10,5,2.6579580159159377,3.226081155007705,0.5681231390917674,5.444752431940287
16,9,10,6,3.226081155007705,3.779050105018541,0.5529689500108361,5.444752431940287
16,9,10,7,3.779050105018541,4.392509997007437,0.6134598919888958,5.444752431940287
16,9,10,8,4.392509997007437,5.078542376984842,0.6860323799774051,5.444752431940287
16,9,10,9,5.078542376984842,5.443155810935423,0.36461343395058066,5.444752431940287
16,9,10,10,5.443155810935423,5.446751544019207,0.0035957330837845802,5.444752431940287
16,9,11,1,3.7795151099562645,4.392742418916896,0.6132273089606315,5.444752431940287
16,9,11,2,4.392742418916896,5.078690218972042,0.6859478000551462,5.444752431940287
16,9,11,3,5.078690218972042,5.445133629022166,0.36644341005012393,5.444752431940287
16,9,12,1,3.7801325540058315,4.393119037966244,0.6129864839604124,5.444752431940287
16,9,12,2,4.393119037966244,5.079030582914129,0.685911544947885,5.444752431940287
16,9,12,3,5.079030582914129,5.445695032016374,0.36666444910224527,5.444752431940287
16,9,13,1,2.1010783369420096,2.65811786998529,0.5570395330432802,5.444752431940287
16,9,13,2,2.65811786998529,3.2265832369448617,0.5684653669595718,5.444752431940287
16,9,13,3,3.2265832369448617,3.779650331940502,0.5530670949956402,5.444752431940287
16,9,13,4,3.779650331940502,4.392876537982374,0.6132262060418725,5.444752431940287
16,9,13,5,4.392876537982374,5.078829276957549,0.6859527389751747,5.444752431940287
16,9,13,6,5.078829276957549,5.4454390639439225,0.36660978698637336,5.444752431940287
16,9,14,1,2.6585649049375206,3.227134804939851,0.5685699000023305,5.444752431940287
16,9,14,2,3.227134804939851,3.7802550949854776,0.5531202900456265,5.444752431940287
16,9,14,3,3.7802550949854776,4.393252291949466,0.6129971969639882,5.444752431940287
16,9,14,4,4.393252291949466,5.079160782974213,0.6859084910247475,5.444752431940287
16,9,14,5,5.079160782974213,5.445861076004803,0.3667002930305898,5.444752431940287
16,9,15,1,2.6578848200151697,3.2260128729976714,0.5681280529825017,5.444752431940287
16,9,15,2,3.2260128729976714,3.778988061938435,0.5529751889407635,5.444752431940287
16,9,15,3,3.778988061938435,4.392433890025131,0.6134458280866966,5.444752431940287
16,9,15,4,4.392433890025131,5.078408901928924,0.6859750119037926,5.444752431940287
16,9,15,5,5.078408901928924,5.443084293976426,0.3646753920475021,5.444752431940287
16,9,15,6,5.443084293976426,5.446693568024784,0.003609274048358202,5.444752431940287
32,0,0,1,3.798537487979047,4.364833007915877,0.5662955199368298,9.98929271590896
32,0,0,2,4.364833007915877,4.922341850004159,0.5575088420882821,9.98929271590896
32,0,0,3,4.922341850004159,5.484123739995994,0.5617818899918348,9.98929271590896
32,0,0,4,5.484123739995994,6.043147379998118,0.559023640002124,9.98929271590896
32,0,0,5,6.043147379998118,6.606345302890986,0.5631979228928685,9.98929271590896
32,0,0,6,6.606345302890986,7.178195216925815,0.5718499140348285,9.98929271590896
32,0,0,7,7.178195216925815,7.735356741002761,0.5571615240769461,9.98929271590896
32,0,0,8,7.735356741002761,8.301592827891,0.5662360868882388,9.98929271590896
32,0,0,9,8.301592827891,8.907944639911875,0.6063518120208755,9.98929271590896
32,0,0,10,8.907944639911875,9.600695905974135,0.6927512660622597,9.98929271590896
32,0,0,11,9.600695905974135,9.990993456915021,0.39029755094088614,9.98929271590896
32,0,1,1,0.4381071839015931,0.9983230759389699,0.5602158920373768,9.98929271590896
32,0,1,2,0.9983230759389699,1.558348972001113,0.5600258960621431,9.98929271590896
32,0,1,3,1.558348972001113,2.120321834925562,0.5619728629244491,9.98929271590896
32,0,1,4,2.120321834925562,2.675402401946485,0.5550805670209229,9.98929271590896
32,0,1,5,2.675402401946485,3.2424344749888405,0.5670320730423555,9.98929271590896
32,0,1,6,3.2424344749888405,3.7976393799763173,0.5552049049874768,9.98929271590896
32,0,1,7,3.7976393799763173,4.3636717579793185,0.5660323780030012,9.98929271590896
32,0,1,8,4.3636717579793185,4.922474239952862,0.5588024819735438,9.98929271590896
32,0,1,9,4.922474239952862,5.484248851891607,0.5617746119387448,9.98929271590896
32,0,1,10,5.484248851891607,6.0432743589626625,0.5590255070710555,9.98929271590896
32,0,1,11,6.0432743589626625,6.606521199923009,0.5632468409603462,9.98929271590896
32,0,1,12,6.606521199923009,7.178313128999434,0.5717919290764257,9.98929271590896
32,0,1,13,7.178313128999434,7.735484179924242,0.5571710509248078,9.98929271590896
32,0,1,14,7.735484179924242,8.302041643997654,0.5665574640734121,9.98929271590896
32,0,1,15,8.302041643997654,8.908186252927408,0.6061446089297533,9.98929271590896
32,0,1,16,8.908186252927408,9.60088384989649,0.692697596969083,9.98929271590896
32,0,1,17,9.60088384989649,9.991172031965107,0.39028818206861615,9.98929271590896
32,0,2,3,-0.1382381620351225,0.43767687294166535,0.5759150349767879,9.98929271590896
32,0,2,4,0.43767687294166535,0.9983912219759077,0.5607143490342423,9.98929271590896
32,0,2,5,0.9983912219759077,1.5584260059986264,0.5600347840227187,9.98929271590896
32,0,2,6,1.5584260059986264,2.1203908569877967,0.5619648509891704,9.98929271590896
32,0,2,7,2.1203908569877967,2.675465974956751,0.5550751179689541,9.98929271590896
32,0,2,8,2.675465974956751,3.2425014569889754,0.5670354820322245,9.98929271590896
32,0,2,9,3.2425014569889754,3.7981540439650416,0.5556525869760662,9.98929271590896
32,0,2,10,3.7981540439650416,4.364644109969959,0.566490066004917,9.98929271590896
32,0,2,11,4.364644109969959,4.921443942002952,0.5567998320329934,9.98929271590896
32,0,2,12,4.921443942002952,5.482540602912195,0.5610966609092429,9.98929271590896
32,0,2,13,5.482540602912195,6.041734044905752,0.5591934419935569,9.98929271590896
32,0,2,14,6.041734044905752,6.605008933926001,0.5632748890202492,9.98929271590896
32,0,2,15,6.605008933926001,7.176295809913427,0.5712868759874254,9.98929271590896
32,0,2,16,7.176295809913427,7.7333366048987955,0.5570407949853688,9.98929271590896
32,0,2,17,7.7333366048987955,8.299777485895902,0.5664408809971064,9.98929271590896
32,0,2,18,8.299777485895902,8.906357957981527,0.6065804720856249,9.98929271590896
32,0,2,19,8.906357957981527,9.599294413928874,0.692936455947347,9.98929271590896
32,0,2,20,9.599294413928874,9.989578027976677,0.390283614047803,9.98929271590896
32,0,3,1,-0.13768748403526843,0.43863410397898406,0.5763215880142525,9.98929271590896
32,0,3,2,0.43863410397898406,0.9981788418954238,0.5595447379164398,9.98929271590896
32,0,3,3,0.9981788418954238,1.5577658269321546,0.5595869850367308,9.98929271590896
32,0,3,4,1.5577658269321546,2.1193054049508646,0.56153957801871,9.98929271590896
32,0,3,5,2.1193054049508646,2.6745425959816203,0.5552371910307556,9.98929271590896
32,0,3,6,2.6745425959816203,3.241525078890845,0.5669824829092249,9.98929271590896
32,0,3,7,3.241525078890845,3.797093774890527,0.555568695999682,9.98929271590896
32,0,3,8,3.797093774890527,4.363138339947909,0.566044565057382,9.98929271590896
32,0,3,9,4.363138339947909,4.9222644119290635,0.5591260719811544,9.98929271590896
32,0,3,10,4.9222644119290635,5.48369866295252,0.5614342510234565,9.98929271590896
32,0,3,11,5.48369866295252,6.042615407961421,0.5589167450089008,9.98929271590896
32,0,3,12,6.042615407961421,6.606102827936411,0.5634874199749902,9.98929271590896
32,0,3,13,6.606102827936411,7.177980215987191,0.5718773880507797,9.98929271590896
32,0,3,14,7.177980215987191,7.735111638903618,0.5571314229164273,9.98929271590896
32,0,3,15,7.735111638903618,8.301414837944321,0.5663031990407035,9.98929271590896
32,0,3,16,8.301414837944321,8.907731766928919,0.6063169289845973,9.98929271590896
32,0,3,17,8.907731766928919,9.600464024930261,0.6927322580013424,9.98929271590896
32,0,3,18,9.600464024930261,9.99079334794078,0.39032932301051915,9.98929271590896
32,0,4,1,0.9988365969620645,1.5588955009588972,0.5600589039968327,9.98929271590896
32,0,4,2,1.5588955009588972,2.120572489919141,0.5616769889602438,9.98929271590896
32,0,4,3,2.120572489919141,2.6755968159995973,0.5550243260804564,9.98929271590896
32,0,4,4,2.6755968159995973,3.2426292619202286,0.5670324459206313,9.98929271590896
32,0,4,5,3.2426292619202286,3.798610348952934,0.5559810870327055,9.98929271590896
32,0,4,6,3.798610348952934,4.364917985978536,0.5663076370256022,9.98929271590896
32,0,4,7,4.364917985978536,4.923112580901943,0.5581945949234068,9.98929271590896
32,0,4,8,4.923112580901943,5.48449413490016,0.561381553998217,9.98929271590896
32,0,4,9,5.48449413490016,6.043464072979987,0.5589699380798265,9.98929271590896
32,0,4,10,6.043464072979987,6.60670850391034,0.5632444309303537,9.98929271590896
32,0,4,11,6.60670850391034,7.178493714891374,0.5717852109810337,9.98929271590896
32,0,4,12,7.178493714891374,7.735668184002861,0.5571744691114873,9.98929271590896
32,0,4,13,7.735668184002861,8.302214814000763,0.5665466299979016,9.98929271590896
32,0,4,14,8.302214814000763,8.908401282969862,0.6061864689690992,9.98929271590896
32,0,4,15,8.908401282969862,9.60106527293101,0.6926639899611473,9.98929271590896
32,0,4,16,9.60106527293101,9.991361642954871,0.3902963700238615,9.98929271590896
32,0,5,1,6.042969041969627,6.606213058927096,0.5632440169574693,9.98929271590896
32,0,5,2,6.606213058927096,7.178055462893099,0.5718424039660022,9.98929271590896
32,0,5,3,7.178055462893099,7.7351834119763225,0.5571279490832239,9.98929271590896
32,0,5,4,7.7351834119763225,8.301476588938385,0.5662931769620627,9.98929271590896
32,0,5,5,8.301476588938385,8.90779789397493,0.6063213050365448,9.98929271590896
32,0,5,6,8.90779789397493,9.600525997928344,0.6927281039534137,9.98929271590896
32,0,5,7,9.600525997928344,9.990853444905952,0.3903274469776079,9.98929271590896
32,0,6,1,1.5582310989266261,2.1194607889046893,0.5612296899780631,9.98929271590896
32,0,6,2,2.1194607889046893,2.674622895894572,0.5551621069898829,9.98929271590896
32,0,6,3,2.674622895894572,3.2416039519011974,0.5669810560066253,9.98929271590896
32,0,6,4,3.2416039519011974,3.797173890983686,0.5555699390824884,9.98929271590896
32,0,6,5,3.797173890983686,4.363222286920063,0.5660483959363773,9.98929271590896
32,0,6,6,4.363222286920063,4.9218502779258415,0.5586279910057783,9.98929271590896
32,0,6,7,4.9218502779258415,5.4833122799173,0.5614620019914582,9.98929271590896
32,0,6,8,5.4833122799173,6.04223766096402,0.5589253810467198,9.98929271590896
32,0,6,9,6.04223766096402,6.605707176961005,0.5634695159969851,9.98929271590896
32,0,6,10,6.605707176961005,7.176758372923359,0.5710511959623545,9.98929271590896
32,0,6,11,7.176758372923359,7.733728756895289,0.5569703839719296,9.98929271590896
32,0,6,12,7.733728756895289,8.300215118913911,0.5664863620186225,9.98929271590896
32,0,6,13,8.300215118913911,8.906969448900782,0.6067543299868703,9.98929271590896
32,0,6,14,8.906969448900782,9.599700088961981,0.6927306400611997,9.98929271590896
32,0,6,15,9.599700088961981,9.99011272098869,0.3904126320267096,9.98929271590896
32,0,7,1,7.177357759908773,7.733992850990035,0.5566350910812616,9.98929271590896
32,0,7,2,7.733992850990035,8.300401385989971,0.5664085349999368,9.98929271590896
32,0,7,3,8.300401385989971,8.907168897916563,0.6067675119265914,9.98929271590896
32,0,7,4,8.907168897916563,9.599900336004794,0.6927314380882308,9.98929271590896
32,0,7,5,9.599900336004794,9.99029447895009,0.39039414294529706,9.98929271590896
32,0,8,1,0.43846083397511393,0.9980390839045867,0.5595782499294728,9.98929271590896
32,0,8,2,0.9980390839045867,1.5575912839267403,0.5595522000221536,9.98929271590896
32,0,8,3,1.5575912839267403,2.1191794759361073,0.561588192009367,9.98929271590896
32,0,8,4,2.1191794759361073,2.6743817129172385,0.5552022369811311,9.98929271590896
32,0,8,5,2.6743817129172385,3.2413551869103685,0.56697347399313,9.98929271590896
32,0,8,6,3.2413551869103685,3.796921494998969,0.5555663080886006,9.98929271590896
32,0,8,7,3.796921494998969,4.362937672995031,0.5660161779960617,9.98929271590896
32,0,8,8,4.362937672995031,4.921777440933511,0.5588397679384798,9.98929271590896
32,0,8,9,4.921777440933511,5.483245730982162,0.5614682900486514,9.98929271590896
32,0,8,10,5.483245730982162,6.042173281894065,0.5589275509119034,9.98929271590896
32,0,8,11,6.042173281894065,6.605638042907231,0.5634647610131651,9.98929271590896
32,0,8,12,6.605638042907231,7.176694546942599,0.5710565040353686,9.98929271590896
32,0,8,13,7.176694546942599,7.733666448970325,0.5569719020277262,9.98929271590896
32,0,8,14,7.733666448970325,8.3000961629441,0.5664297139737755,9.98929271590896
32,0,8,15,8.3000961629441,8.90688553696964,0.6067893740255386,9.98929271590896
32,0,8,16,8.90688553696964,9.599630567943677,0.692745030974038,9.98929271590896
32,0,8,17,9.599630567943677,9.990044859005138,0.39041429106146097,9.98929271590896
32,0,9,1,0.9991468669613823,1.5590015809284523,0.55985471396707,9.98929271590896
32,0,9,2,1.5590015809284523,2.120631251949817,0.5616296710213646,9.98929271590896
32,0,9,3,2.120631251949817,2.675660826964304,0.5550295750144869,9.98929271590896
32,0,9,4,2.675660826964304,3.2429980220040306,0.5673371950397268,9.98929271590896
32,0,9,5,3.2429980220040306,3.7988044259836897,0.5558064039796591,9.98929271590896
32,0,9,6,3.7988044259836897,4.365051497938111,0.5662470719544217,9.98929271590896
32,0,9,7,4.365051497938111,4.922128237900324,0.5570767399622127,9.98929271590896
32,0,9,8,4.922128237900324,5.48357199691236,0.561443759012036,9.98929271590896
32,0,9,9,5.48357199691236,6.04249235696625,0.5589203600538895,9.98929271590896
32,0,9,10,6.04249235696625,6.605973100988194,0.5634807440219447,9.98929271590896
32,0,9,11,6.605973100988194,7.177791861933656,0.5718187609454617,9.98929271590896
32,0,9,12,7.177791861933656,7.734986925963312,0.5571950640296564,9.98929271590896
32,0,9,13,7.734986925963312,8.300895190914162,0.5659082649508491,9.98929271590896
32,0,9,14,8.300895190914162,8.907483876915649,0.6065886860014871,9.98929271590896
32,0,9,15,8.907483876915649,9.600276082986966,0.6927922060713172,9.98929271590896
32,0,9,16,9.600276082986966,9.990599441924132,0.39032335893716663,9.98929271590896
32,0,10,1,2.1199452329892665,2.6747533209854737,0.5548080879962072,9.98929271590896
32,0,10,2,2.6747533209854737,3.241675315890461,0.5669219949049875,9.98929271590896
32,0,10,3,3.241675315890461,3.7972416199045256,0.5555663040140644,9.98929271590896
32,0,10,4,3.7972416199045256,4.363298896001652,0.5660572760971263,9.98929271590896
32,0,10,5,4.363298896001652,4.922191813937388,0.5588929179357365,9.98929271590896
32,0,10,6,4.922191813937388,5.483632590970956,0.5614407770335674,9.98929271590896
32,0,10,7,5.483632590970956,6.042551873950288,0.5589192829793319,9.98929271590896
32,0,10,8,6.042551873950288,6.606032673968002,0.5634808000177145,9.98929271590896
32,0,10,9,6.606032673968002,7.177911839913577,0.5718791659455746,9.98929271590896
32,0,10,10,7.177911839913577,7.735048563918099,0.557136724004522,9.98929271590896
32,0,10,11,7.735048563918099,8.301348886918277,0.5663003230001777,9.98929271590896
32,0,10,12,8.301348886918277,8.907659795950167,0.6063109090318903,9.98929271590896
32,0,10,13,8.907659795950167,9.600401707924902,0.6927419119747356,9.98929271590896
32,0,10,14,9.600401707924902,9.990718038985506,0.39031633106060326,9.98929271590896
32,0,11,1,3.2423616979504004,3.7975764259463176,0.5552147279959172,9.98929271590896
32,0,11,2,3.7975764259463176,4.3636042579310015,0.5660278319846839,9.98929271590896
32,0,11,3,4.3636042579310015,4.922408840968274,0.5588045830372721,9.98929271590896
32,0,11,4,4.922408840968274,5.48418809089344,0.5617792499251664,9.98929271590896
32,0,11,5,5.48418809089344,6.043210295960307,0.5590222050668672,9.98929271590896
32,0,11,6,6.043210295960307,6.606409868923947,0.5631995729636401,9.98929271590896
32,0,11,7,6.606409868923947,7.1782536269165576,0.5718437579926103,9.98929271590896
32,0,11,8,7.1782536269165576,7.735422770958394,0.5571691440418363,9.98929271590896
32,0,11,9,7.735422770958394,8.301981122000143,0.5665583510417491,9.98929271590896
32,0,11,10,8.301981122000143,8.908123241970316,0.6061421199701726,9.98929271590896
32,0,11,11,8.908123241970316,9.600814969977364,0.6926917280070484,9.98929271590896
32,0,11,12,9.600814969977364,9.991112655960023,0.39029768598265946,9.98929271590896
32,0,12,1,2.6753289588959888,3.24195143498946,0.566622476093471,9.98929271590896
32,0,12,2,3.24195143498946,3.797447972930968,0.555496537941508,9.98929271590896
32,0,12,3,3.797447972930968,4.363534506992437,0.5660865340614691,9.98929271590896
32,0,12,4,4.363534506992437,4.92199676099699,0.558462254004553,9.98929271590896
32,0,12,5,4.92199676099699,5.483443175908178,0.5614464149111882,9.98929271590896
32,0,12,6,5.483443175908178,6.042366312933154,0.5589231370249763,9.98929271590896
32,0,12,7,6.042366312933154,6.605840079952031,0.563473767018877,9.98929271590896
32,0,12,8,6.605840079952031,7.1768966829404235,0.5710566029883921,9.98929271590896
32,0,12,9,7.1768966829404235,7.7338671219768,0.5569704390363768,9.98929271590896
32,0,12,10,7.7338671219768,8.30033823591657,0.5664711139397696,9.98929271590896
32,0,12,11,8.30033823591657,8.907103571924381,0.6067653360078111,9.98929271590896
32,0,12,12,8.907103571924381,9.599831426981837,0.6927278550574556,9.98929271590896
32,0,12,13,9.599831426981837,9.990234469994903,0.39040304301306605,9.98929271590896
32,0,13,1,1.5587340359343216,2.120509015978314,0.5617749800439924,9.98929271590896
32,0,13,2,2.120509015978314,2.675533124944195,0.5550241089658812,9.98929271590896
32,0,13,3,2.675533124944195,3.2425645879702643,0.5670314630260691,9.98929271590896
32,0,13,4,3.2425645879702643,3.7982196169905365,0.5556550290202722,9.98929271590896
32,0,13,5,3.7982196169905365,4.364717631950043,0.5664980149595067,9.98929271590896
32,0,13,6,4.364717631950043,4.921523667988367,0.5568060360383242,9.98929271590896
32,0,13,7,4.921523667988367,5.482700580963865,0.5611769129754975,9.98929271590896
32,0,13,8,5.482700580963865,6.0419325469993055,0.5592319660354406,9.98929271590896
32,0,13,9,6.0419325469993055,6.605080461944453,0.5631479149451479,9.98929271590896
32,0,13,10,6.605080461944453,7.176365174935199,0.5712847129907459,9.98929271590896
32,0,13,11,7.176365174935199,7.733404541970231,0.5570393670350313,9.98929271590896
32,0,13,12,7.733404541970231,8.299842195934616,0.5664376539643854,9.98929271590896
32,0,13,13,8.299842195934616,8.906489474931732,0.6066472789971158,9.98929271590896
32,0,13,14,8.906489474931732,9.599364958936349,0.6928754840046167,9.98929271590896
32,0,13,15,9.599364958936349,9.989645136985928,0.39028017804957926,9.98929271590896
32,0,14,1,2.1202518879435956,2.674929059925489,0.5546771719818935,9.98929271590896
32,0,14,2,2.674929059925489,3.2418057319009677,0.5668766719754785,9.98929271590896
32,0,14,3,3.2418057319009677,3.7973779789172113,0.5555722470162436,9.98929271590896
32,0,14,4,3.7973779789172113,4.3634619689546525,0.5660839900374413,9.98929271590896
32,0,14,5,4.3634619689546525,4.921928597963415,0.5584666290087625,9.98929271590896
32,0,14,6,4.921928597963415,5.483379387995228,0.5614507900318131,9.98929271590896
32,0,14,7,5.483379387995228,6.042302843998186,0.5589234560029581,9.98929271590896
32,0,14,8,6.042302843998186,6.605775884934701,0.5634730409365147,9.98929271590896
32,0,14,9,6.605775884934701,7.17682904296089,0.5710531580261886,9.98929271590896
32,0,14,10,7.17682904296089,7.733792477985844,0.5569634350249544,9.98929271590896
32,0,14,11,7.733792477985844,8.30028044397477,0.5664879659889266,9.98929271590896
32,0,14,12,8.30028044397477,8.907042462960817,0.6067620189860463,9.98929271590896
32,0,14,13,8.907042462960817,9.59976568899583,0.6927232260350138,9.98929271590896
32,0,14,14,9.59976568899583,9.990176633000374,0.3904109440045431,9.98929271590896
32,0,15,1,8.301274559926242,8.907595781958662,0.6063212220324203,9.98929271590896
32,0,15,2,8.907595781958662,9.600339552969672,0.6927437710110098,9.98929271590896
32,0,15,3,9.600339552969672,9.990658287890255,0.39031873492058367,9.98929271590896
32,0,16,1,3.7980799339711666,4.363815021002665,0.5657350870314986,9.98929271590896
32,0,16,2,4.363815021002665,4.922546298941597,0.5587312779389322,9.98929271590896
32,0,16,3,4.922546298941597,5.484310225932859,0.5617639269912615,9.98929271590896
32,0,16,4,5.484310225932859,6.0433373429114,0.559027116978541,9.98929271590896
32,0,16,5,6.0433373429114,6.606584927998483,0.5632475850870833,9.98929271590896
32,0,16,6,6.606584927998483,7.178373313974589,0.5717883859761059,9.98929271590896
32,0,16,7,7.178373313974589,7.735546297975816,0.5571729840012267,9.98929271590896
32,0,16,8,7.735546297975816,8.302099202992395,0.5665529050165787,9.98929271590896
32,0,16,9,8.302099202992395,8.908250407897867,0.6061512049054727,9.98929271590896
32,0,16,10,8.908250407897867,9.600946405902505,0.6926959980046377,9.98929271590896
32,0,16,11,9.600946405902505,9.991236286936328,0.3902898810338229,9.98929271590896
32,0,17,1,2.67596554197371,3.2430985129904,0.5671329710166901,9.98929271590896
32,0,17,2,3.2430985129904,3.7988749829819426,0.5557764699915424,9.98929271590896
32,0,17,3,3.7988749829819426,4.36513450590428,0.566259522922337,9.98929271590896
32,0,17,4,4.36513450590428,4.9217035139445215,0.5565690080402419,9.98929271590896
32,0,17,5,4.9217035139445215,5.482774535892531,0.5610710219480097,9.98929271590896
32,0,17,6,5.482774535892531,6.042006698902696,0.5592321630101651,9.98929271590896
32,0,17,7,6.042006698902696,6.6051481768954545,0.5631414779927582,9.98929271590896
32,0,17,8,6.6051481768954545,7.176431423984468,0.5712832470890135,9.98929271590896
32,0,17,9,7.176431423984468,7.733471129904501,0.5570397059200332,9.98929271590896
32,0,17,10,7.733471129904501,8.299911306938156,0.5664401770336553,9.98929271590896
32,0,17,11,8.299911306938156,8.90656214999035,0.6066508430521935,9.98929271590896
32,0,17,12,8.90656214999035,9.599433615920134,0.6928714659297839,9.98929271590896
32,0,17,13,9.599433615920134,9.989711017929949,0.390277402009815,9.98929271590896
32,0,18,1,5.48317263298668,6.042106088949367,0.5589334559626877,9.98929271590896
32,0,18,2,6.042106088949367,6.605213724891655,0.5631076359422877,9.98929271590896
32,0,18,3,6.605213724891655,7.176496604923159,0.5712828800315037,9.98929271590896
32,0,18,4,7.176496604923159,7.733537093969062,0.5570404890459031,9.98929271590896
32,0,18,5,7.733537093969062,8.299973760964349,0.5664366669952869,9.98929271590896
32,0,18,6,8.299973760964349,8.90663031290751,0.6066565519431606,9.98929271590896
32,0,18,7,8.90663031290751,9.599497831892222,0.6928675189847127,9.98929271590896
32,0,18,8,9.599497831892222,9.989776033908129,0.3902782020159066,9.98929271590896
32,0,19,1,6.6046647349139675,7.176146226935089,0.5714814920211211,9.98929271590896
32,0,19,2,7.176146226935089,7.733124454971403,0.5569782280363142,9.98929271590896
32,0,19,3,7.733124454971403,8.29964072490111,0.566516269929707,9.98929271590896
32,0,19,4,8.29964072490111,8.906207875930704,0.6065671510295942,9.98929271590896
32,0,19,5,8.906207875930704,9.599067932926118,0.6928600569954142,9.98929271590896
32,0,19,6,9.599067932926118,9.987393831950612,0.388325899024494,9.98929271590896
32,0,19,7,9.987393831950612,9.992542227962986,0.005148396012373269,9.98929271590896
32,0,20,1,7.177666481002234,7.73457089799922,0.5569044169969857,9.98929271590896
32,0,20,2,7.73457089799922,8.300593276973814,0.5660223789745942,9.98929271590896
32,0,20,3,8.300593276973814,8.907299503916875,0.6067062269430608,9.98929271590896
32,0,20,4,8.907299503916875,9.600088613922708,0.6927891100058332,9.98929271590896
32,0,20,5,9.600088613922708,9.990418378962204,0.3903297650394961,9.98929271590896
32,0,21,1,4.364570559933782,4.921076174941845,0.5565056150080636,9.98929271590896
32,0,21,2,4.921076174941845,5.48229574796278,0.5612195730209351,9.98929271590896
32,0,21,3,5.48229574796278,6.040934184915386,0.5586384369526058,9.98929271590896
32,0,21,4,6.040934184915386,6.6040576009545475,0.5631234160391614,9.98929271590896
32,0,21,5,6.6040576009545475,7.1757871540030465,0.5717295530484989,9.98929271590896
32,0,21,6,7.1757871540030465,7.732882166979834,0.557095012976788,9.98929271590896
32,0,21,7,7.732882166979834,8.299379450967535,0.5664972839877009,9.98929271590896
32,0,21,8,8.299379450967535,8.90597469091881,0.6065952399512753,9.98929271590896
32,0,21,9,8.90597469091881,9.598806557944044,0.6928318670252338,9.98929271590896
32,0,21,10,9.598806557944044,9.987198625924066,0.38839206798002124,9.98929271590896
32,0,21,11,9.987198625924066,9.992399595910683,0.005200969986617565,9.98929271590896
32,0,22,1,4.923406177898869,5.484590835985728,0.5611846580868587,9.98929271590896
32,0,22,2,5.484590835985728,6.043540871003643,0.5589500350179151,9.98929271590896
32,0,22,3,6.043540871003643,6.606769865960814,0.5632289949571714,9.98929271590896
32,0,22,4,6.606769865960814,7.178551769000478,0.571781903039664,9.98929271590896
32,0,22,5,7.178551769000478,7.73572738096118,0.5571756119607016,9.98929271590896
32,0,22,6,7.73572738096118,8.302270643995143,0.5665432630339637,9.98929271590896
32,0,22,7,8.302270643995143,8.908463656902313,0.6061930129071698,9.98929271590896
32,0,22,8,8.908463656902313,9.601125552901067,0.6926618959987536,9.98929271590896
32,0,22,9,9.601125552901067,9.991425329004414,0.39029977610334754,9.98929271590896
32,0,23,1,3.2429292239248753,3.7987209639977664,0.5557917400728911,9.98929271590896
32,0,23,2,3.7987209639977664,4.3649867619387805,0.5662657979410142,9.98929271590896
32,0,23,3,4.3649867619387805,4.922062731930055,0.5570759699912742,9.98929271590896
32,0,23,4,4.922062731930055,5.483510897960514,0.5614481660304591,9.98929271590896
32,0,23,5,5.483510897960514,6.042429156950675,0.5589182589901611,9.98929271590896
32,0,23,6,6.042429156950675,6.605910994927399,0.5634818379767239,9.98929271590896
32,0,23,7,6.605910994927399,7.177730494993739,0.57181950006634,9.98929271590896
32,0,23,8,7.177730494993739,7.73463182291016,0.556901327916421,9.98929271590896
32,0,23,9,7.73463182291016,8.300648525939323,0.5660167030291632,9.98929271590896
32,0,23,10,8.300648525939323,8.907358387950808,0.6067098620114848,9.98929271590896
32,0,23,11,8.907358387950808,9.600153964944184,0.692795576993376,9.98929271590896
32,0,23,12,9.600153964944184,9.99047708697617,0.3903231220319867,9.98929271590896
32,0,24,1,4.923028622986749,5.484432861907408,0.5614042389206588,9.98929271590896
32,0,24,2,5.484432861907408,6.043401170987636,0.5589683090802282,9.98929271590896
32,0,24,3,6.043401170987636,6.6066458019195125,0.5632446309318766,9.98929271590896
32,0,24,4,6.6066458019195125,7.178432144923136,0.5717863430036232,9.98929271590896
32,0,24,5,7.178432144923136,7.735606191912666,0.5571740469895303,9.98929271590896
32,0,24,6,7.735606191912666,8.30215689598117,0.5665507040685043,9.98929271590896
32,0,24,7,8.30215689598117,8.908318054978736,0.6061611589975655,9.98929271590896
32,0,24,8,8.908318054978736,9.601005924982019,0.692687870003283,9.98929271590896
32,0,24,9,9.601005924982019,9.99129846796859,0.3902925429865718,9.98929271590896
32,0,25,1,6.041645402903669,6.604931278969161,0.5632858760654926,9.98929271590896
32,0,25,2,6.604931278969161,7.176223005983047,0.571291727013886,9.98929271590896
32,0,25,3,7.176223005983047,7.733264584909193,0.557041578926146,9.98929271590896
32,0,25,4,7.733264584909193,8.299710838939063,0.56644625402987,9.98929271590896
32,0,25,5,8.299710838939063,8.906282173935324,0.6065713349962607,9.98929271590896
32,0,25,6,8.906282173935324,9.599217986920848,0.6929358129855245,9.98929271590896
32,0,25,7,9.599217986920848,9.989503758959472,0.3902857720386237,9.98929271590896
32,0,26,1,5.484010629937984,6.043080598930828,0.5590699689928442,9.98929271590896
32,0,26,2,6.043080598930828,6.606281119980849,0.563200521050021,9.98929271590896
32,0,26,3,6.606281119980849,7.178130955900997,0.5718498359201476,9.98929271590896
32,0,26,4,7.178130955900997,7.735250387922861,0.5571194320218638,9.98929271590896
32,0,26,5,7.735250387922861,8.301535851904191,0.5662854639813304,9.98929271590896
32,0,26,6,8.301535851904191,8.907875633914955,0.6063397820107639,9.98929271590896
32,0,26,7,8.907875633914955,9.600591048947535,0.6927154150325805,9.98929271590896
32,0,26,8,9.600591048947535,9.990923838922754,0.3903327899752185,9.98929271590896
32,0,27,1,4.364267384982668,4.921358036925085,0.557090651942417,9.98929271590896
32,0,27,2,4.921358036925085,5.482457795995288,0.5610997590702027,9.98929271590896
32,0,27,3,5.482457795995288,6.041137067950331,0.5586792719550431,9.98929271590896
32,0,27,4,6.041137067950331,6.604250281932764,0.5631132139824331,9.98929271590896
32,0,27,5,6.604250281932764,7.175960027961992,0.571709746029228,9.98929271590896
32,0,27,6,7.175960027961992,7.733045233995654,0.557085206033662,9.98929271590896
32,0,27,7,7.733045233995654,8.299509403994307,0.5664641699986532,9.98929271590896
32,0,27,8,8.299509403994307,8.906130478950217,0.6066210749559104,9.98929271590896
32,0,27,9,8.906130478950217,9.5989857459208,0.6928552669705823,9.98929271590896
32,0,27,10,9.5989857459208,9.987314637983218,0.38832889206241816,9.98929271590896
32,0,27,11,9.987314637983218,9.992480612942018,0.005165974958799779,9.98929271590896
32,0,28,1,6.605553999892436,7.176629849942401,0.5710758500499651,9.98929271590896
32,0,28,2,7.176629849942401,7.733599912957288,0.5569700630148873,9.98929271590896
32,0,28,3,7.733599912957288,8.300035714986734,0.5664358020294458,9.98929271590896
32,0,28,4,8.300035714986734,8.906697792001069,0.6066620770143345,9.98929271590896
32,0,28,5,8.906697792001069,9.599563446943648,0.6928656549425796,9.98929271590896
32,0,28,6,9.599563446943648,9.989837658940814,0.3902742119971663,9.98929271590896
32,0,29,1,7.734458682942204,8.300527233979665,0.5660685510374606,9.98929271590896
32,0,29,2,8.300527233979665,8.907233917969279,0.6067066839896142,9.98929271590896
32,0,29,3,8.907233917969279,9.599964416935109,0.6927304989658296,9.98929271590896
32,0,29,4,9.599964416935109,9.990356409922242,0.39039199298713356,9.98929271590896
32,0,30,1,8.30190929688979,8.90805976500269,0.6061504681129009,9.98929271590896
32,0,30,2,8.90805976500269,9.600756887928583,0.6926971229258925,9.98929271590896
32,0,30,3,9.600756887928583,9.991051401942968,0.39029451401438564,9.98929271590896
32,0,31,1,7.7349210099782795,8.300827284925617,0.5659062749473378,9.98929271590896
32,0,31,2,8.300827284925617,8.907418992952444,0.6065917080268264,9.98929271590896
32,0,31,3,8.907418992952444,9.600214744918048,0.6927957519656047,9.98929271590896
32,0,31,4,9.600214744918048,9.990535633987747,0.39032088906969875,9.98929271590896
32,1,0,1,5.205588157987222,5.76192749699112,0.5563393390038982,9.980836679926142
32,1,0,2,5.76192749699112,6.329393144929782,0.5674656479386613,9.980836679926142
32,1,0,3,6.329393144929782,6.887711420888081,0.5583182759582996,9.980836679926142
32,1,0,4,6.887711420888081,7.452924681943841,0.5652132610557601,9.980836679926142
32,1,0,5,7.452924681943841,8.017274234909564,0.564349552965723,9.980836679926142
32,1,0,6,8.017274234909564,8.592370666912757,0.5750964320031926,9.980836679926142
32,1,0,7,8.592370666912757,9.243571914965287,0.65120124805253,9.980836679926142
32,1,0,8,9.243571914965287,9.978999186889268,0.7354272719239816,9.980836679926142
32,1,0,9,9.978999186889268,9.98348987789359,0.004490691004320979,9.980836679926142
32,1,1,1,4.076453988905996,4.636552368989214,0.5600983800832182,9.980836679926142
32,1,1,2,4.636552368989214,5.204847379936837,0.5682950109476224,9.980836679926142
32,1,1,3,5.204847379936837,5.761425483971834,0.5565781040349975,9.980836679926142
32,1,1,4,5.761425483971834,6.328989825909957,0.5675643419381231,9.980836679926142
32,1,1,5,6.328989825909957,6.886989056947641,0.5579992310376838,9.980836679926142
32,1,1,6,6.886989056947641,7.451998709933832,0.5650096529861912,9.980836679926142
32,1,1,7,7.451998709933832,8.016711716889404,0.5647130069555715,9.980836679926142
32,1,1,8,8.016711716889404,8.591883150977083,0.5751714340876788,9.980836679926142
32,1,1,9,8.591883150977083,9.243087811977603,0.65120466100052,9.980836679926142
32,1,1,10,9.243087811977603,9.97843307198491,0.7353452600073069,9.980836679926142
32,1,1,11,9.97843307198491,9.983002800960094,0.004569728975184262,9.980836679926142
32,1,2,1,6.887514790985733,7.452352116932161,0.5648373259464279,9.980836679926142
32,1,2,2,7.452352116932161,8.016971625969745,0.5646195090375841,9.980836679926142
32,1,2,3,8.016971625969745,8.59212880791165,0.5751571819419041,9.980836679926142
32,1,2,4,8.59212880791165,9.243336965912022,0.6512081580003724,9.980836679926142
32,1,2,5,9.243336965912022,9.978744391934015,0.7354074260219932,9.980836679926142
32,1,2,6,9.978744391934015,9.983251018915325,0.004506626981310546,9.980836679926142
32,1,3,1,6.885862311930396,7.45029568800237,0.5644333760719746,9.980836679926142
32,1,3,2,7.45029568800237,8.015376319992356,0.5650806319899857,9.980836679926142
32,1,3,3,8.015376319992356,8.590795042924583,0.575418722932227,9.980836679926142
32,1,3,4,8.590795042924583,9.242004950996488,0.6512099080719054,9.980836679926142
32,1,3,5,9.242004950996488,9.977280998951755,0.7352760479552671,9.980836679926142
32,1,3,6,9.977280998951755,9.982100373948924,0.004819374997168779,9.980836679926142
32,1,4,1,1.2795373949920759,1.8309212089516222,0.5513838139595464,9.980836679926142
32,1,4,2,1.8309212089516222,2.398830455960706,0.5679092470090836,9.980836679926142
32,1,4,3,2.398830455960706,2.952572545967996,0.5537420900072902,9.980836679926142
32,1,4,4,2.952572545967996,3.5143335938919336,0.5617610479239374,9.980836679926142
32,1,4,5,3.5143335938919336,4.076993178925477,0.5626595850335434,9.980836679926142
32,1,4,6,4.076993178925477,4.635893924976699,0.5589007460512221,9.980836679926142
32,1,4,7,4.635893924976699,5.20375973789487,0.5678658129181713,9.980836679926142
32,1,4,8,5.20375973789487,5.759924139943905,0.5561644020490348,9.980836679926142
32,1,4,9,5.759924139943905,6.327836473938078,0.5679123339941725,9.980836679926142
32,1,4,10,6.327836473938078,6.886167551972903,0.5583310780348256,9.980836679926142
32,1,4,11,6.886167551972903,7.4505307079525664,0.5643631559796631,9.980836679926142
32,1,4,12,7.4505307079525664,8.015688289888203,0.5651575819356367,9.980836679926142
32,1,4,13,8.015688289888203,8.591004241956398,0.5753159520681947,9.980836679926142
32,1,4,14,8.591004241956398,9.242203991976567,0.6511997500201687,9.980836679926142
32,1,4,15,9.242203991976567,9.977594806929119,0.7353908149525523,9.980836679926142
32,1,4,16,9.977594806929119,9.98228457395453,0.004689767025411129,9.980836679926142
32,1,5,1,7.452672546962276,8.017080618999898,0.5644080720376223,9.980836679926142
32,1,5,2,8.017080618999898,8.592188803944737,0.5751081849448383,9.980836679926142
32,1,5,3,8.592188803944737,9.243395913974382,0.6512071100296453,9.980836679926142
32,1,5,4,9.243395913974382,9.978809037944302,0.73541312396992,9.980836679926142
32,1,5,5,9.978809037944302,9.983310469891876,0.004501431947574019,9.980836679926142
32,1,6,1,8.017872194992378,8.59260319499299,0.574731000000611,9.980836679926142
32,1,6,2,8.59260319499299,9.243779651937075,0.6511764569440857,9.980836679926142
32,1,6,3,9.243779651937075,9.979227510979399,0.7354478590423241,9.980836679926142
32,1,6,4,9.979227510979399,9.983661869890057,0.0044343589106574655,9.980836679926142
32,1,7,1,4.637214618967846,5.205191624932922,0.5679770059650764,9.980836679926142
32,1,7,2,5.205191624932922,5.761691767955199,0.5565001430222765,9.980836679926142
32,1,7,3,5.761691767955199,6.329266435932368,0.5675746679771692,9.980836679926142
32,1,7,4,6.329266435932368,6.887585206888616,0.558318770956248,9.980836679926142
32,1,7,5,6.887585206888616,7.452749394928105,0.5651641880394891,9.980836679926142
32,1,7,6,7.452749394928105,8.017146099940874,0.5643967050127685,9.980836679926142
32,1,7,7,8.017146099940874,8.592252003960311,0.5751059040194377,9.980836679926142
32,1,7,8,8.592252003960311,9.243455974967219,0.6512039710069075,9.980836679926142
32,1,7,9,9.243455974967219,9.978871852974407,0.7354158780071884,9.980836679926142
32,1,7,10,9.978871852974407,9.983367475913838,0.004495622939430177,9.980836679926142
32,1,8,1,0.7094322759658098,1.2796711599221453,0.5702388839563355,9.980836679926142
32,1,8,2,1.2796711599221453,1.8309883879264817,0.5513172280043364,9.980836679926142
32,1,8,3,1.8309883879264817,2.398917514947243,0.5679291270207614,9.980836679926142
32,1,8,4,2.398917514947243,2.9526435009902343,0.5537259860429913,9.980836679926142
32,1,8,5,2.9526435009902343,3.5144031828967854,0.5617596819065511,9.980836679926142
32,1,8,6,3.5144031828967854,4.077061721938662,0.5626585390418768,9.980836679926142
32,1,8,7,4.077061721938662,4.636325733968988,0.5592640120303258,9.980836679926142
32,1,8,8,4.636325733968988,5.204639242962003,0.5683135089930147,9.980836679926142
32,1,8,9,5.204639242962003,5.761287131928839,0.556647888966836,9.980836679926142
32,1,8,10,5.761287131928839,6.328800183953717,0.5675130520248786,9.980836679926142
32,1,8,11,6.328800183953717,6.88680574297905,0.5580055590253323,9.980836679926142
32,1,8,12,6.88680574297905,7.451858930988237,0.5650531880091876,9.980836679926142
32,1,8,13,7.451858930988237,8.016496107913554,0.5646371769253165,9.980836679926142
32,1,8,14,8.016496107913554,8.591755278990604,0.5752591710770503,9.980836679926142
32,1,8,15,8.591755278990604,9.242965845973231,0.6512105669826269,9.980836679926142
32,1,8,16,9.242965845973231,9.978294758941047,0.735328912967816,9.980836679926142
32,1,8,17,9.978294758941047,9.982882084907033,0.004587325965985656,9.980836679926142
32,1,9,1,-0.4019699050113559,0.16277601092588156,0.5647459159372374,9.980836679926142
32,1,9,2,0.16277601092588156,0.7087023849599063,0.5459263740340248,9.980836679926142
32,1,9,3,0.7087023849599063,1.2784341499209404,0.5697317649610341,9.980836679926142
32,1,9,4,1.2784341499209404,1.8296210279222578,0.5511868780013174,9.980836679926142
32,1,9,5,1.8296210279222578,2.3974588229320943,0.5678377950098366,9.980836679926142
32,1,9,6,2.3974588229320943,2.9513181489892304,0.5538593260571361,9.980836679926142
32,1,9,7,2.9513181489892304,3.5132213468896225,0.5619031979003921,9.980836679926142
32,1,9,8,3.5132213468896225,4.075446867966093,0.5622255210764706,9.980836679926142
32,1,9,9,4.075446867966093,4.636619084980339,0.5611722170142457,9.980836679926142
32,1,9,10,4.636619084980339,5.204918181989342,0.5682990970090032,9.980836679926142
32,1,9,11,5.204918181989342,5.761492215911858,0.5565740339225158,9.980836679926142
32,1,9,12,5.761492215911858,6.329059313982725,0.5675670980708674,9.980836679926142
32,1,9,13,6.329059313982725,6.88705514499452,0.5579958310117945,9.980836679926142
32,1,9,14,6.88705514499452,7.452067743986845,0.5650125989923254,9.980836679926142
32,1,9,15,7.452067743986845,8.016776782926172,0.564709038939327,9.980836679926142
32,1,9,16,8.016776782926172,8.59194693795871,0.5751701550325379,9.980836679926142
32,1,9,17,8.59194693795871,9.243147951900028,0.6512010139413178,9.980836679926142
32,1,9,18,9.243147951900028,9.978498939890414,0.7353509879903868,9.980836679926142
32,1,9,19,9.978498939890414,9.983066089916974,0.00456715002655983,9.980836679926142
32,1,10,1,2.952222906984389,3.513760284986347,0.5615373780019581,9.980836679926142
32,1,10,2,3.513760284986347,4.075893638888374,0.562133353902027,9.980836679926142
32,1,10,3,4.075893638888374,4.6363984629279,0.5605048240395263,9.980836679926142
32,1,10,4,4.6363984629279,5.2047117738984525,0.5683133109705523,9.980836679926142
32,1,10,5,5.2047117738984525,5.761356328963302,0.5566445550648496,9.980836679926142
32,1,10,6,5.761356328963302,6.328868474927731,0.5675121459644288,9.980836679926142
32,1,10,7,6.328868474927731,6.886869806912728,0.5580013319849968,9.980836679926142
32,1,10,8,6.886869806912728,7.451928152935579,0.5650583460228518,9.980836679926142
32,1,10,9,7.451928152935579,8.016636030981317,0.5647078780457377,9.980836679926142
32,1,10,10,8.016636030981317,8.59181859495584,0.575182563974522,9.980836679926142
32,1,10,11,8.59181859495584,9.243027297896333,0.6512087029404938,9.980836679926142
32,1,10,12,9.243027297896333,9.97836201696191,0.7353347190655768,9.980836679926142
32,1,10,13,9.97836201696191,9.982942425995134,0.004580409033223987,9.980836679926142
32,1,11,1,0.16258486593142152,0.7088955699000508,0.5463107039686292,9.980836679926142
32,1,11,2,0.7088955699000508,1.279130995972082,0.5702354260720313,9.980836679926142
32,1,11,3,1.279130995972082,1.8304495099000633,0.5513185139279813,9.980836679926142
32,1,11,4,1.8304495099000633,2.39784097392112,0.5673914640210569,9.980836679926142
32,1,11,5,2.39784097392112,2.9516269939485937,0.5537860200274736,9.980836679926142
32,1,11,6,2.9516269939485937,3.5134708469267935,0.5618438529781997,9.980836679926142
32,1,11,7,3.5134708469267935,4.075757009908557,0.5622861629817635,9.980836679926142
32,1,11,8,4.075757009908557,4.636751451995224,0.5609944420866668,9.980836679926142
32,1,11,9,4.636751451995224,5.205048462958075,0.5682970109628513,9.980836679926142
32,1,11,10,5.205048462958075,5.761624339967966,0.556575877009891,9.980836679926142
32,1,11,11,5.761624339967966,6.329190150951035,0.5675658109830692,9.980836679926142
32,1,11,12,6.329190150951035,6.887181090889499,0.5579909399384633,9.980836679926142
32,1,11,13,6.887181090889499,7.452208185917698,0.5650270950281993,9.980836679926142
32,1,11,14,7.452208185917698,8.01690362894442,0.5646954430267215,9.980836679926142
32,1,11,15,8.01690362894442,8.592069799895398,0.575166170950979,9.980836679926142
32,1,11,16,8.592069799895398,9.24327855091542,0.6512087510200217,9.980836679926142
32,1,11,17,9.24327855091542,9.978682046988979,0.7354034960735589,9.980836679926142
32,1,11,18,9.978682046988979,9.98318673693575,0.004504689946770668,9.980836679926142
32,1,12,1,7.451332967961207,8.015974335954525,0.5646413679933175,9.980836679926142
32,1,12,2,8.015974335954525,8.5912125519244,0.5752382159698755,9.980836679926142
32,1,12,3,8.5912125519244,9.24246682994999,0.6512542780255899,9.980836679926142
32,1,12,4,9.24246682994999,9.977806255919859,0.7353394259698689,9.980836679926142
32,1,12,5,9.977806255919859,9.982470455928706,0.004664200008846819,9.980836679926142
32,1,13,1,6.327497177990153,6.885439304984175,0.5579421269940212,9.980836679926142
32,1,13,2,6.885439304984175,7.450103297946043,0.5646639929618686,9.980836679926142
32,1,13,3,7.450103297946043,8.015292294905521,0.5651889969594777,9.980836679926142
32,1,13,4,8.015292294905521,8.59021989791654,0.5749276030110195,9.980836679926142
32,1,13,5,8.59021989791654,9.241776960901916,0.6515570629853755,9.980836679926142
32,1,13,6,9.241776960901916,9.976903267903253,0.7351263070013374,9.980836679926142
32,1,13,7,9.976903267903253,9.981974372989498,0.005071105086244643,9.980836679926142
32,1,14,1,2.3982754389289767,2.951786179910414,0.5535107409814373,9.980836679926142
32,1,14,2,2.951786179910414,3.513609546935186,0.5618233670247719,9.980836679926142
32,1,14,3,3.513609546935186,4.075828388915397,0.5622188419802114,9.980836679926142
32,1,14,4,4.075828388915397,4.636169697972946,0.5603413090575486,9.980836679926142
32,1,14,5,4.636169697972946,5.204029248910956,0.5678595509380102,9.980836679926142
32,1,14,6,5.204029248910956,5.76071883388795,0.5566895849769935,9.980836679926142
32,1,14,7,5.76071883388795,6.328497666982003,0.567778833094053,9.980836679926142
32,1,14,8,6.328497666982003,6.88655079388991,0.5580531269079074,9.980836679926142
32,1,14,9,6.88655079388991,7.4515709799015895,0.5650201860116795,9.980836679926142
32,1,14,10,7.4515709799015895,8.016178711899556,0.5646077319979668,9.980836679926142
32,1,14,11,8.016178711899556,8.591413547983393,0.5752348360838369,9.980836679926142
32,1,14,12,8.591413547983393,9.242723240982741,0.651309692999348,9.980836679926142
32,1,14,13,9.242723240982741,9.978011158993468,0.7352879180107266,9.980836679926142
32,1,14,14,9.978011158993468,9.982643142924644,0.004631983931176364,9.980836679926142
32,1,15,1,1.278983904980123,1.8298362259520218,0.5508523209718987,9.980836679926142
32,1,15,2,1.8298362259520218,2.397600990952924,0.5677647650009021,9.980836679926142
32,1,15,3,2.397600990952924,2.951471795910038,0.5538708049571142,9.980836679926142
32,1,15,4,2.951471795910038,3.5133225979516283,0.5618508020415902,9.980836679926142
32,1,15,5,3.5133225979516283,4.075533120892942,0.5622105229413137,9.980836679926142
32,1,15,6,4.075533120892942,4.636685008998029,0.561151888105087,9.980836679926142
32,1,15,7,4.636685008998029,5.204983411938883,0.5682984029408544,9.980836679926142
32,1,15,8,5.204983411938883,5.761557234916836,0.5565738229779527,9.980836679926142
32,1,15,9,5.761557234916836,6.329124788986519,0.567567554069683,9.980836679926142
32,1,15,10,6.329124788986519,6.887117137899622,0.5579923489131033,9.980836679926142
32,1,15,11,6.887117137899622,7.452137810993008,0.565020673093386,9.980836679926142
32,1,15,12,7.452137810993008,8.016839450923726,0.5647016399307176,9.980836679926142
32,1,15,13,8.016839450923726,8.592008322943002,0.575168872019276,9.980836679926142
32,1,15,14,8.592008322943002,9.243206118931994,0.6511977959889919,9.980836679926142
32,1,15,15,9.243206118931994,9.978616902953945,0.7354107840219513,9.980836679926142
32,1,15,16,9.978616902953945,9.983126060920767,0.004509157966822386,9.980836679926142
32,1,16,1,1.8307805339572951,2.398456978960894,0.5676764450035989,9.980836679926142
32,1,16,2,2.398456978960894,2.952375153894536,0.5539181749336421,9.980836679926142
32,1,16,3,2.952375153894536,3.5141891109524295,0.5618139570578933,9.980836679926142
32,1,16,4,3.5141891109524295,4.076864430913702,0.5626753199612722,9.980836679926142
32,1,16,5,4.076864430913702,4.635733637958765,0.5588692070450634,9.980836679926142
32,1,16,6,4.635733637958765,5.203598705935292,0.5678650679765269,9.980836679926142
32,1,16,7,5.203598705935292,5.759769064956345,0.5561703590210527,9.980836679926142
32,1,16,8,5.759769064956345,6.327685190946795,0.5679161259904504,9.980836679926142
32,1,16,9,6.327685190946795,6.886027322965674,0.5583421320188791,9.980836679926142
32,1,16,10,6.886027322965674,7.450377328903414,0.5643500059377402,9.980836679926142
32,1,16,11,7.450377328903414,8.015541459899396,0.5651641309959814,9.980836679926142
32,1,16,12,8.015541459899396,8.590866908896714,0.5753254489973187,9.980836679926142
32,1,16,13,8.590866908896714,9.242072527995333,0.6512056190986186,9.980836679926142
32,1,16,14,9.242072527995333,9.977455696905963,0.73538316891063,9.980836679926142
32,1,16,15,9.977455696905963,9.982161476975307,0.004705780069343746,9.980836679926142
32,1,17,1,3.514110727002844,4.07603252097033,0.5619217939674854,9.980836679926142
32,1,17,2,4.07603252097033,4.63736768392846,0.5613351629581302,9.980836679926142
32,1,17,3,4.63736768392846,5.205656903912313,0.5682892199838534,9.980836679926142
32,1,17,4,5.205656903912313,5.761994526954368,0.5563376230420545,9.980836679926142
32,1,17,5,5.761994526954368,6.3294557149056345,0.5674611879512668,9.980836679926142
32,1,17,6,6.3294557149056345,6.887771312962286,0.5583155980566517,9.980836679926142
32,1,17,7,6.887771312962286,7.4529963589739054,0.5652250460116193,9.980836679926142
32,1,17,8,7.4529963589739054,8.01733601395972,0.5643396549858153,9.980836679926142
32,1,17,9,8.01733601395972,8.592428715899587,0.575092701939866,9.980836679926142
32,1,17,10,8.592428715899587,9.24363951291889,0.6512107970193028,9.980836679926142
32,1,17,11,9.24363951291889,9.979058783967048,0.7354192710481584,9.980836679926142
32,1,17,12,9.979058783967048,9.983545699971728,0.004486916004680097,9.980836679926142
32,1,18,1,2.953033298952505,3.5146060689585283,0.5615727700060233,9.980836679926142
32,1,18,2,3.5146060689585283,4.077193629927933,0.5625875609694049,9.980836679926142
32,1,18,3,4.077193629927933,4.637741311918944,0.5605476819910109,9.980836679926142
32,1,18,4,4.637741311918944,5.205854928935878,0.5681136170169339,9.980836679926142
32,1,18,5,5.205854928935878,5.762124905944802,0.5562699770089239,9.980836679926142
32,1,18,6,5.762124905944802,6.3295833909651265,0.5674584850203246,9.980836679926142
32,1,18,7,6.3295833909651265,6.887889955891296,0.5583065649261698,9.980836679926142
32,1,18,8,6.887889955891296,7.453132625902072,0.5652426700107753,9.980836679926142
32,1,18,9,7.453132625902072,8.017955489922315,0.5648228640202433,9.980836679926142
32,1,18,10,8.017955489922315,8.592662206967361,0.5747067170450464,9.980836679926142
32,1,18,11,8.592662206967361,9.243840013979934,0.6511778070125729,9.980836679926142
32,1,18,12,9.243840013979934,9.979299928992987,0.7354599150130525,9.980836679926142
32,1,18,13,9.979299928992987,9.983721748925745,0.004421819932758808,9.980836679926142
32,1,19,1,2.398759988951497,2.9525043219327927,0.5537443329812959,9.980836679926142
32,1,19,2,2.9525043219327927,3.514263669960201,0.5617593480274081,9.980836679926142
32,1,19,3,3.514263669960201,4.07692997995764,0.5626663099974394,9.980836679926142
32,1,19,4,4.07692997995764,4.635817142901942,0.558887162944302,9.980836679926142
32,1,19,5,4.635817142901942,5.203684312989935,0.5678671700879931,9.980836679926142
32,1,19,6,5.203684312989935,5.759851418901235,0.5561671059112996,9.980836679926142
32,1,19,7,5.759851418901235,6.327763643930666,0.5679122250294313,9.980836679926142
32,1,19,8,6.327763643930666,6.88609942200128,0.5583357780706137,9.980836679926142
32,1,19,9,6.88609942200128,7.450455131940544,0.5643557099392638,9.980836679926142
32,1,19,10,7.450455131940544,8.015617566998117,0.565162435057573,9.980836679926142
32,1,19,11,8.015617566998117,8.590935637941584,0.5753180709434673,9.980836679926142
32,1,19,12,8.590935637941584,9.242137508932501,0.6512018709909171,9.980836679926142
32,1,19,13,9.242137508932501,9.977528156945482,0.7353906480129808,9.980836679926142
32,1,19,14,9.977528156945482,9.982219907920808,0.004691750975325704,9.980836679926142
32,1,20,1,1.8303237858926877,2.397757179918699,0.5674333940260112,9.980836679926142
32,1,20,2,2.397757179918699,2.9515507438918576,0.5537935639731586,9.980836679926142
32,1,20,3,2.9515507438918576,3.513398304930888,0.5618475610390306,9.980836679926142
32,1,20,4,3.513398304930888,4.0756044059526175,0.5622061010217294,9.980836679926142
32,1,20,5,4.0756044059526175,4.636250859941356,0.5606464539887384,9.980836679926142
32,1,20,6,4.636250859941356,5.20410010998603,0.5678492500446737,9.980836679926142
32,1,20,7,5.20410010998603,5.76078551390674,0.5566854039207101,9.980836679926142
32,1,20,8,5.76078551390674,6.328564443974756,0.567778930068016,9.980836679926142
32,1,20,9,6.328564443974756,6.886615202995017,0.5580507590202615,9.980836679926142
32,1,20,10,6.886615202995017,7.451642670901492,0.5650274679064751,9.980836679926142
32,1,20,11,7.451642670901492,8.016284173936583,0.5646415030350909,9.980836679926142
32,1,20,12,8.016284173936583,8.591479316935875,0.5751951429992914,9.980836679926142
32,1,20,13,8.591479316935875,9.242786442977376,0.6513071260415018,9.980836679926142
32,1,20,14,9.242786442977376,9.97807923599612,0.7352927930187434,9.980836679926142
32,1,20,15,9.97807923599612,9.982700638938695,0.004621402942575514,9.980836679926142
32,1,21,1,-0.4014520770870149,0.1628911339212209,0.5643432110082358,9.980836679926142
32,1,21,2,0.1628911339212209,0.7099293429637328,0.5470382090425119,9.980836679926142
32,1,21,3,0.7099293429637328,1.2798560039373115,0.5699266609735787,9.980836679926142
32,1,21,4,1.2798560039373115,1.8311249249381945,0.551268921000883,9.980836679926142
32,1,21,5,1.8311249249381945,2.3990550519665703,0.5679301270283759,9.980836679926142
32,1,21,6,2.3990550519665703,2.9531204618979245,0.5540654099313542,9.980836679926142
32,1,21,7,2.9531204618979245,3.514674826990813,0.5615543650928885,9.980836679926142
32,1,21,8,3.514674826990813,4.077268309891224,0.5625934829004109,9.980836679926142
32,1,21,9,4.077268309891224,4.635970020899549,0.5587017110083252,9.980836679926142
32,1,21,10,4.635970020899549,5.203835602966137,0.5678655820665881,9.980836679926142
32,1,21,11,5.203835602966137,5.760582655901089,0.5567470529349521,9.980836679926142
32,1,21,12,5.760582655901089,6.328021485940553,0.5674388300394639,9.980836679926142
32,1,21,13,6.328021485940553,6.886312425951473,0.5582909400109202,9.980836679926142
32,1,21,14,6.886312425951473,7.450820961967111,0.5645085360156372,9.980836679926142
32,1,21,15,7.450820961967111,8.015830274904147,0.5650093129370362,9.980836679926142
32,1,21,16,8.015830274904147,8.591143253957853,0.5753129790537059,9.980836679926142
32,1,21,17,8.591143253957853,9.242390022962354,0.6512467690045014,9.980836679926142
32,1,21,18,9.242390022962354,9.97773648693692,0.7353464639745653,9.980836679926142
32,1,21,19,9.97773648693692,9.982408911921084,0.004672424984164536,9.980836679926142
32,1,22,1,5.761101699899882,6.328665144974366,0.5675634450744838,9.980836679926142
32,1,22,2,6.328665144974366,6.886679949937388,0.5580148049630225,9.980836679926142
32,1,22,3,6.886679949937388,7.451714483904652,0.565034533967264,9.980836679926142
32,1,22,4,7.451714483904652,8.016357978922315,0.5646434950176626,9.980836679926142
32,1,22,5,8.016357978922315,8.591624153894372,0.5752661749720573,9.980836679926142
32,1,22,6,8.591624153894372,9.242846015957184,0.6512218620628119,9.980836679926142
32,1,22,7,9.242846015957184,9.978146648965776,0.7353006330085918,9.980836679926142
32,1,22,8,9.978146648965776,9.982759068952873,0.0046124199870973825,9.980836679926142
32,1,23,1,0.7098539929138497,1.2797747938893735,0.5699208009755239,9.980836679926142
32,1,23,2,1.2797747938893735,1.8310572638874874,0.5512824699981138,9.980836679926142
32,1,23,3,1.8310572638874874,2.3989874029066414,0.567930139019154,9.980836679926142
32,1,23,4,2.3989874029066414,2.9527147979242727,0.5537273950176314,9.980836679926142
32,1,23,5,2.9527147979242727,3.5144724749261513,0.5617576770018786,9.980836679926142
32,1,23,6,3.5144724749261513,4.077128898934461,0.5626564240083098,9.980836679926142
32,1,23,7,4.077128898934461,4.637299890979193,0.560170992044732,9.980836679926142
32,1,23,8,4.637299890979193,5.20526707789395,0.5679671869147569,9.980836679926142
32,1,23,9,5.20526707789395,5.761757157975808,0.5564900800818577,9.980836679926142
32,1,23,10,5.761757157975808,6.329330815933645,0.567573657957837,9.980836679926142
32,1,23,11,6.329330815933645,6.887649155920371,0.5583183399867266,9.980836679926142
32,1,23,12,6.887649155920371,7.452820689999498,0.565171534079127,9.980836679926142
32,1,23,13,7.452820689999498,8.017209651996382,0.5643889619968832,9.980836679926142
32,1,23,14,8.017209651996382,8.59231216495391,0.5751025129575282,9.980836679926142
32,1,23,15,8.59231216495391,9.243513781926595,0.6512016169726849,9.980836679926142
32,1,23,16,9.243513781926595,9.978934470913373,0.7354206889867783,9.980836679926142
32,1,23,17,9.978934470913373,9.983431661967188,0.004497191053815186,9.980836679926142
32,1,24,1,4.0767927839187905,4.6355738919228315,0.558781108004041,9.980836679926142
32,1,24,2,4.6355738919228315,5.203446733998135,0.5678728420753032,9.980836679926142
32,1,24,3,5.203446733998135,5.7595757429953665,0.5561290089972317,9.980836679926142
32,1,24,4,5.7595757429953665,6.326830331934616,0.5672545889392495,9.980836679926142
32,1,24,5,6.326830331934616,6.885179754928686,0.5583494229940698,9.980836679926142
32,1,24,6,6.885179754928686,7.44985206797719,0.5646723130485043,9.980836679926142
32,1,24,7,7.44985206797719,8.015089608961716,0.5652375409845263,9.980836679926142
32,1,24,8,8.015089608961716,8.590048731886782,0.5749591229250655,9.980836679926142
32,1,24,9,8.590048731886782,9.241629877942614,0.6515811460558325,9.980836679926142
32,1,24,10,9.241629877942614,9.976810564985499,0.7351806870428845,9.980836679926142
32,1,24,11,9.976810564985499,9.981892377953045,0.005081812967546284,9.980836679926142
32,1,25,1,4.637668757000938,5.2057896729093045,0.5681209159083664,9.980836679926142
32,1,25,2,5.2057896729093045,5.762059276923537,0.5562696040142328,9.980836679926142
32,1,25,3,5.762059276923537,6.329518824000843,0.5674595470773056,9.980836679926142
32,1,25,4,6.329518824000843,6.887830228894018,0.5583114048931748,9.980836679926142
32,1,25,5,6.887830228894018,7.453063704888336,0.5652334759943187,9.980836679926142
32,1,25,6,7.453063704888336,8.017399521893822,0.5643358170054853,9.980836679926142
32,1,25,7,8.017399521893822,8.592487470945343,0.5750879490515217,9.980836679926142
32,1,25,8,8.592487470945343,9.243719441001303,0.6512319700559601,9.980836679926142
32,1,25,9,9.243719441001303,9.979120295960456,0.7354008549591526,9.980836679926142
32,1,25,10,9.979120295960456,9.98360261193011,0.004482315969653428,9.980836679926142
32,1,26,1,6.328363306936808,6.886419349932112,0.5580560429953039,9.980836679926142
32,1,26,2,6.886419349932112,7.451422939891927,0.5650035899598151,9.980836679926142
32,1,26,3,7.451422939891927,8.01604305091314,0.5646201110212132,9.980836679926142
32,1,26,4,8.01604305091314,8.591284755966626,0.5752417050534859,9.980836679926142
32,1,26,5,8.591284755966626,9.242529861978255,0.6512451060116291,9.980836679926142
32,1,26,6,9.242529861978255,9.977873292984441,0.7353434310061857,9.980836679926142
32,1,26,7,9.977873292984441,9.98252653691452,0.004653243930079043,9.980836679926142
32,1,27,1,8.59062756889034,9.241931644966826,0.6513040760764852,9.980836679926142
32,1,27,2,9.241931644966826,9.97711003490258,0.7351783899357542,9.980836679926142
32,1,27,3,9.97711003490258,9.982037982903421,0.004927948000840843,9.980836679926142
32,1,28,1,5.20454882690683,5.761204571928829,0.5566557450219989,9.980836679926142
32,1,28,2,5.761204571928829,6.328729340923019,0.5675247689941898,9.980836679926142
32,1,28,3,6.328729340923019,6.8867420189781114,0.5580126780550927,9.980836679926142
32,1,28,4,6.8867420189781114,7.451785139972344,0.5650431209942326,9.980836679926142
32,1,28,5,7.451785139972344,8.016427783994004,0.5646426440216601,9.980836679926142
32,1,28,6,8.016427783994004,8.5916885829065,0.5752607989124954,9.980836679926142
32,1,28,7,8.5916885829065,9.242903152946383,0.6512145700398833,9.980836679926142
32,1,28,8,9.242903152946383,9.97821158892475,0.7353084359783679,9.980836679926142
32,1,28,9,9.97821158892475,9.982820844976231,0.00460925605148077,9.980836679926142
32,1,29,1,3.512988026952371,4.075246879947372,0.5622588529950008,9.980836679926142
32,1,29,2,4.075246879947372,4.636040332959965,0.5607934530125931,9.980836679926142
32,1,29,3,4.636040332959965,5.203906152979471,0.5678658200195059,9.980836679926142
32,1,29,4,5.203906152979471,5.760651164921001,0.5567450119415298,9.980836679926142
32,1,29,5,5.760651164921001,6.328433050890453,0.5677818859694526,9.980836679926142
32,1,29,6,6.328433050890453,6.886484249960631,0.558051199070178,9.980836679926142
32,1,29,7,6.886484249960631,7.4514961829409,0.5650119329802692,9.980836679926142
32,1,29,8,7.4514961829409,8.016110895900056,0.5646147129591554,9.980836679926142
32,1,29,9,8.016110895900056,8.591349837952293,0.5752389420522377,9.980836679926142
32,1,29,10,8.591349837952293,9.242591250920668,0.6512414129683748,9.980836679926142
32,1,29,11,9.242591250920668,9.977944416925311,0.7353531660046428,9.980836679926142
32,1,29,12,9.977944416925311,9.982584606972523,0.004640190047211945,9.980836679926142
32,1,30,1,5.760491659981199,6.327950404956937,0.5674587449757382,9.980836679926142
32,1,30,2,6.327950404956937,6.886243985965848,0.5582935810089111,9.980836679926142
32,1,30,3,6.886243985965848,7.45074067695532,0.564496690989472,9.980836679926142
32,1,30,4,7.45074067695532,8.015758023946546,0.5650173469912261,9.980836679926142
32,1,30,5,8.015758023946546,8.591073073912412,0.5753150499658659,9.980836679926142
32,1,30,6,8.591073073912412,9.242279398953542,0.6512063250411302,9.980836679926142
32,1,30,7,9.242279398953542,9.977664110949263,0.7353847119957209,9.980836679926142
32,1,30,8,9.977664110949263,9.982344658928923,0.004680547979660332,9.980836679926142
32,1,31,1,8.01826089899987,8.592764134984463,0.5745032359845936,9.980836679926142
32,1,31,2,8.592764134984463,9.243904090952128,0.6511399559676647,9.980836679926142
32,1,31,3,9.243904090952128,9.979363787919283,0.7354596969671547,9.980836679926142
32,1,31,4,9.979363787919283,9.98377917590551,0.00441538798622787,9.980836679926142
32,2,0,1,1.0156374770449474,1.573446179041639,0.5578087019966915,9.994847951107658
32,2,0,2,1.573446179041639,2.1369181090267375,0.5634719299850985,9.994847951107658
32,2,0,3,2.1369181090267375,2.694584969081916,0.5576668600551784,9.994847951107658
32,2,0,4,2.694584969081916,3.2596328780055046,0.5650479089235887,9.994847951107658
32,2,0,5,3.2596328780055046,3.813700803089887,0.5540679250843823,9.994847951107658
32,2,0,6,3.813700803089887,4.381819356000051,0.568118552910164,9.994847951107658
32,2,0,7,4.381819356000051,4.938668385031633,0.5568490290315822,9.994847951107658
32,2,0,8,4.938668385031633,5.501592654036358,0.5629242690047249,9.994847951107658
32,2,0,9,5.501592654036358,6.061722058104351,0.5601294040679932,9.994847951107658
32,2,0,10,6.061722058104351,6.62228719110135,0.5605651329969987,9.994847951107658
32,2,0,11,6.62228719110135,7.188197902054526,0.565910710953176,9.994847951107658
32,2,0,12,7.188197902054526,7.74980754009448,0.561609638039954,9.994847951107658
32,2,0,13,7.74980754009448,8.309718111995608,0.5599105719011277,9.994847951107658
32,2,0,14,8.309718111995608,8.918020570999943,0.6083024590043351,9.994847951107658
32,2,0,15,8.918020570999943,9.609661485999823,0.6916409149998799,9.994847951107658
32,2,0,16,9.609661485999823,9.989939782069996,0.3802782960701734,9.994847951107658
32,2,0,17,9.989939782069996,9.992519631050527,0.0025798489805310965,9.994847951107658
32,2,0,18,9.992519631050527,10.01063865807373,0.01811902702320367,9.994847951107658
32,2,1,1,4.382618684088811,4.939435993088409,0.556817308999598,9.994847951107658
32,2,1,2,4.939435993088409,5.502353189047426,0.5629171959590167,9.994847951107658
32,2,1,3,5.502353189047426,6.062289918074384,0.5599367290269583,9.994847951107658
32,2,1,4,6.062289918074384,6.6226809930521995,0.5603910749778152,9.994847951107658
32,2,1,5,6.6226809930521995,7.188652023090981,0.5659710300387815,9.994847951107658
32,2,1,6,7.188652023090981,7.750270346994512,0.5616183239035308,9.994847951107658
32,2,1,7,7.750270346994512,8.310256386059336,0.5599860390648246,9.994847951107658
32,2,1,8,8.310256386059336,8.91853039409034,0.6082740080310032,9.994847951107658
32,2,1,9,8.91853039409034,9.610036982106976,0.6915065880166367,9.994847951107658
32,2,1,10,9.610036982106976,9.990504287998192,0.3804673058912158,9.994847951107658
32,2,1,11,9.990504287998192,9.99283383099828,0.002329543000087142,9.994847951107658
32,2,1,12,9.99283383099828,10.010996430995874,0.018162599997594953,9.994847951107658
32,2,2,1,0.45941550307907164,1.0149069330655038,0.5554914299864322,9.994847951107658
32,2,2,2,1.0149069330655038,1.573035391047597,0.5581284579820931,9.994847951107658
32,2,2,3,1.573035391047597,2.136576656019315,0.5635412649717182,9.994847951107658
32,2,2,4,2.136576656019315,2.6943413630360737,0.5577647070167586,9.994847951107658
32,2,2,5,2.6943413630360737,3.259399864007719,0.5650585009716451,9.994847951107658
32,2,2,6,3.259399864007719,3.813453595037572,0.5540537310298532,9.994847951107658
32,2,2,7,3.813453595037572,4.381510353065096,0.5680567580275238,9.994847951107658
32,2,2,8,4.381510353065096,4.938056985032745,0.5565466319676489,9.994847951107658
32,2,2,9,4.938056985032745,5.500483786105178,0.5624268010724336,9.994847951107658
32,2,2,10,5.500483786105178,6.0605431500589475,0.5600593639537692,9.994847951107658
32,2,2,11,6.0605431500589475,6.621501313056797,0.5609581629978493,9.994847951107658
32,2,2,12,6.621501313056797,7.18708072102163,0.5655794079648331,9.994847951107658
32,2,2,13,7.18708072102163,7.749027130077593,0.5619464090559632,9.994847951107658
32,2,2,14,7.749027130077593,8.308975552092306,0.5599484220147133,9.994847951107658
32,2,2,15,8.308975552092306,8.917330692056566,0.6083551399642602,9.994847951107658
32,2,2,16,8.917330692056566,9.608842321089469,0.6915116290329024,9.994847951107658
32,2,2,17,9.608842321089469,9.989354578079656,0.38051225699018687,9.994847951107658
32,2,2,18,9.989354578079656,9.992078773095272,0.002724195015616715,9.994847951107658
32,2,2,19,9.992078773095272,10.010013103019446,0.017934329924173653,9.994847951107658
32,2,3,1,7.7518641269998625,8.311887318035588,0.5600231910357252,9.994847951107658
32,2,3,2,8.311887318035588,8.919563369010575,0.6076760509749874,9.994847951107658
32,2,3,3,8.919563369010575,9.610980784054846,0.6914174150442705,9.994847951107658
32,2,3,4,9.610980784054846,9.991682898020372,0.3807021139655262,9.994847951107658
32,2,3,5,9.991682898020372,9.991702755098231,1.9857077859342098e-05,9.994847951107658
32,2,3,6,9.991702755098231,10.011881089070812,0.02017833397258073,9.994847951107658
32,2,4,1,2.6941374361049384,3.2592040080344304,0.5650665719294921,9.994847951107658
32,2,4,2,3.2592040080344304,3.813283225055784,0.5540792170213535,9.994847951107658
32,2,4,3,3.813283225055784,4.380823510000482,0.5675402849446982,9.994847951107658
32,2,4,4,4.380823510000482,4.938507089042105,0.5576835790416226,9.994847951107658
32,2,4,5,4.938507089042105,5.50152032810729,0.5630132390651852,9.994847951107658
32,2,4,6,5.50152032810729,6.0616518730530515,0.5601315449457616,9.994847951107658
32,2,4,7,6.0616518730530515,6.622222596080974,0.5605707230279222,9.994847951107658
32,2,4,8,6.622222596080974,7.1881162620848045,0.5658936660038307,9.994847951107658
32,2,4,9,7.1881162620848045,7.7497391030192375,0.561622840934433,9.994847951107658
32,2,4,10,7.7497391030192375,8.309649604023434,0.5599105010041967,9.994847951107658
32,2,4,11,8.309649604023434,8.917949810042046,0.6083002060186118,9.994847951107658
32,2,4,12,8.917949810042046,9.609597804024816,0.6916479939827695,9.994847951107658
32,2,4,13,9.609597804024816,9.98987205605954,0.38027425203472376,9.994847951107658
32,2,4,14,9.98987205605954,9.9924686930608,0.002596637001261115,9.994847951107658
32,2,4,15,9.9924686930608,10.010582334012724,0.018113640951924026,9.994847951107658
32,2,5,1,4.939286954002455,5.501929078018293,0.5626421240158379,9.994847951107658
32,2,5,2,5.501929078018293,6.0621022280538455,0.5601731500355527,9.994847951107658
32,2,5,3,6.0621022280538455,6.6225480360444635,0.560445807990618,9.994847951107658
32,2,5,4,6.6225480360444635,7.188524124096148,0.5659760880516842,9.994847951107658
32,2,5,5,7.188524124096148,7.750131494016387,0.5616073699202389,9.994847951107658
32,2,5,6,7.750131494016387,8.310108459088951,0.5599769650725648,9.994847951107658
32,2,5,7,8.310108459088951,8.91840071300976,0.6082922539208084,9.994847951107658
32,2,5,8,8.91840071300976,9.609913225052878,0.6915125120431185,9.994847951107658
32,2,5,9,9.609913225052878,9.990367342019454,0.3804541169665754,9.994847951107658
32,2,5,10,9.990367342019454,9.992735151085071,0.002367809065617621,9.994847951107658
32,2,5,11,9.992735151085071,10.010882662027143,0.018147510942071676,9.994847951107658
32,2,6,1,7.189485306036659,7.751422513043508,0.5619372070068493,9.994847951107658
32,2,6,2,7.751422513043508,8.310906118014827,0.5594836049713194,9.994847951107658
32,2,6,3,8.310906118014827,8.91911500110291,0.6082088830880821,9.994847951107658
32,2,6,4,8.91911500110291,9.610629592090845,0.6915145909879357,9.994847951107658
32,2,6,5,9.610629592090845,9.991219672025181,0.38059007993433625,9.994847951107658
32,2,6,6,9.991219672025181,9.993325406103395,0.0021057340782135725,9.994847951107658
32,2,6,7,9.993325406103395,10.011588760069571,0.01826335396617651,9.994847951107658
32,2,7,1,6.623300450039096,7.188881281996146,0.5655808319570497,9.994847951107658
32,2,7,2,7.188881281996146,7.751035376102664,0.5621540941065177,9.994847951107658
32,2,7,3,7.751035376102664,8.310588794061914,0.5595534179592505,9.994847951107658
32,2,7,4,8.310588794061914,8.918789577088319,0.6082007830264047,9.994847951107658
32,2,7,5,8.918789577088319,9.610300440108404,0.6915108630200848,9.994847951107658
32,2,7,6,9.610300440108404,9.990767494076863,0.38046705396845937,9.994847951107658
32,2,7,7,9.990767494076863,9.993052252102643,0.00228475802578032,9.994847951107658
32,2,7,8,9.993052252102643,10.011298927012831,0.01824667491018772,9.994847951107658
32,2,8,1,3.814696261077188,4.3822932470357046,0.5675969859585166,9.994847951107658
32,2,8,2,4.3822932470357046,4.940133104100823,0.5578398570651188,9.994847951107658
32,2,8,3,4.940133104100823,5.502845794078894,0.5627126899780706,9.994847951107658
32,2,8,4,5.502845794078894,6.063038764055818,0.5601929699769244,9.994847951107658
32,2,8,5,6.063038764055818,6.623955209041014,0.560916444985196,9.994847951107658
32,2,8,6,6.623955209041014,7.189666830003262,0.5657116209622473,9.994847951107658
32,2,8,7,7.189666830003262,7.751551144057885,0.5618843140546232,9.994847951107658
32,2,8,8,7.751551144057885,8.3117642410798,0.560213097021915,9.994847951107658
32,2,8,9,8.3117642410798,8.919500090065412,0.6077358489856124,9.994847951107658
32,2,8,10,8.919500090065412,9.610916481004097,0.6914163909386843,9.994847951107658
32,2,8,11,9.610916481004097,9.991593221086077,0.3806767400819808,9.994847951107658
32,2,8,12,9.991593221086077,9.991613454069011,2.023298293352127e-05,9.994847951107658
32,2,8,13,9.991613454069011,10.011826065019704,0.020212610950693488,9.994847951107658
32,2,9,1,8.311302320100367,8.919254066073336,0.6079517459729686,9.994847951107658
32,2,9,2,8.919254066073336,9.610691657057032,0.6914375909836963,9.994847951107658
32,2,9,3,9.610691657057032,9.991284111049026,0.38059245399199426,9.994847951107658
32,2,9,4,9.991284111049026,9.993374972022139,0.002090860973112285,9.994847951107658
32,2,9,5,9.993374972022139,10.011644890066236,0.01826991804409772,9.994847951107658
32,2,10,1,5.502275114064105,6.062224221066572,0.5599491070024669,9.994847951107658
32,2,10,2,6.062224221066572,6.622612995095551,0.5603887740289792,9.994847951107658
32,2,10,3,6.622612995095551,7.188592054997571,0.5659790599020198,9.994847951107658
32,2,10,4,7.188592054997571,7.75020815001335,0.5616160950157791,9.994847951107658
32,2,10,5,7.75020815001335,8.310175852035172,0.5599677020218223,9.994847951107658
32,2,10,6,8.310175852035172,8.918467070092447,0.6082912180572748,9.994847951107658
32,2,10,7,8.918467070092447,9.609975960105658,0.6915088900132105,9.994847951107658
32,2,10,8,9.609975960105658,9.990438000066206,0.3804620399605483,9.994847951107658
32,2,10,9,9.990438000066206,9.992784882080741,0.0023468820145353675,9.994847951107658
32,2,10,10,9.992784882080741,10.010940516018309,0.018155633937567472,9.994847951107658
32,2,11,1,3.2609708140371367,3.8154377690516412,0.5544669550145045,9.994847951107658
32,2,11,2,3.8154377690516412,4.382971915998496,0.5675341469468549,9.994847951107658
32,2,11,3,4.382971915998496,4.938439406105317,0.5554674901068211,9.994847951107658
32,2,11,4,4.938439406105317,5.501437503029592,0.5629980969242752,9.994847951107658
32,2,11,5,5.501437503029592,6.061579248053022,0.5601417450234294,9.994847951107658
32,2,11,6,6.061579248053022,6.6221473950427026,0.5605681469896808,9.994847951107658
32,2,11,7,6.6221473950427026,7.188049407093786,0.5659020120510831,9.994847951107658
32,2,11,8,7.188049407093786,7.749670918099582,0.5616215110057965,9.994847951107658
32,2,11,9,7.749670918099582,8.30958243610803,0.5599115180084482,9.994847951107658
32,2,11,10,8.30958243610803,8.9178267280804,0.608244291972369,9.994847951107658
32,2,11,11,8.9178267280804,9.609531601076014,0.691704872995615,9.994847951107658
32,2,11,12,9.609531601076014,9.989804904093035,0.3802733030170202,9.994847951107658
32,2,11,13,9.989804904093035,9.99241794703994,0.0026130429469048977,9.994847951107658
32,2,11,14,9.99241794703994,10.010527132079005,0.018109185039065778,9.994847951107658
32,2,12,1,1.574104530038312,2.138009006041102,0.56390447600279,9.994847951107658
32,2,12,2,2.138009006041102,2.695410209009424,0.5574012029683217,9.994847951107658
32,2,12,3,2.695410209009424,3.2605877401074395,0.5651775310980156,9.994847951107658
32,2,12,4,3.2605877401074395,3.8148535781074315,0.5542658379999921,9.994847951107658
32,2,12,5,3.8148535781074315,4.382752948091365,0.5678993699839339,9.994847951107658
32,2,12,6,4.382752948091365,4.9403388240607455,0.5575858759693801,9.994847951107658
32,2,12,7,4.9403388240607455,5.503035702044144,0.5626968779833987,9.994847951107658
32,2,12,8,5.503035702044144,6.0632397920126095,0.5602040899684653,9.994847951107658
32,2,12,9,6.0632397920126095,6.624143409077078,0.5609036170644686,9.994847951107658
32,2,12,10,6.624143409077078,7.189849665039219,0.5657062559621409,9.994847951107658
32,2,12,11,7.189849665039219,7.752063303021714,0.5622136379824951,9.994847951107658
32,2,12,12,7.752063303021714,8.312097495072521,0.5600341920508072,9.994847951107658
32,2,12,13,8.312097495072521,8.91975086799357,0.6076533729210496,9.994847951107658
32,2,12,14,8.91975086799357,9.611162795103155,0.6914119271095842,9.994847951107658
32,2,12,15,9.611162795103155,9.991923363064416,0.3807605679612607,9.994847951107658
32,2,12,16,9.991923363064416,9.991942114080302,1.875101588666439e-05,9.994847951107658
32,2,12,17,9.991942114080302,10.012072123005055,0.020130008924752474,9.994847951107658
32,2,13,1,3.8151873040478677,4.382845149026252,0.5676578449783847,9.994847951107658
32,2,13,2,4.382845149026252,4.939505921094678,0.556660772068426,9.994847951107658
32,2,13,3,4.939505921094678,5.502421731012873,0.562915809918195,9.994847951107658
32,2,13,4,5.502421731012873,6.0623547420836985,0.5599330110708252,9.994847951107658
32,2,13,5,6.0623547420836985,6.62274189805612,0.5603871559724212,9.994847951107658
32,2,13,6,6.62274189805612,7.188711008056998,0.5659691100008786,9.994847951107658
32,2,13,7,7.188711008056998,7.7509041470475495,0.5621931389905512,9.994847951107658
32,2,13,8,7.7509041470475495,8.310461151995696,0.5595570049481466,9.994847951107658
32,2,13,9,8.310461151995696,8.918660181108862,0.608199029113166,9.994847951107658
32,2,13,10,8.918660181108862,9.61016455909703,0.6915043779881671,9.994847951107658
32,2,13,11,9.61016455909703,9.99063328106422,0.3804687219671905,9.994847951107658
32,2,13,12,9.99063328106422,9.992943741031922,0.002310459967702627,9.994847951107658
32,2,13,13,9.992943741031922,10.011187208001502,0.018243466969579458,9.994847951107658
32,2,14,1,0.4598172469995916,1.0160760020371526,0.5562587550375611,9.994847951107658
32,2,14,2,1.0160760020371526,1.5736667700111866,0.557590767974034,9.994847951107658
32,2,14,3,1.5736667700111866,2.1378660250920802,0.5641992550808936,9.994847951107658
32,2,14,4,2.1378660250920802,2.695339912083,0.5574738869909197,9.994847951107658
32,2,14,5,2.695339912083,3.260522089083679,0.5651821770006791,9.994847951107658
32,2,14,6,3.260522089083679,3.8147797361016273,0.5542576470179483,9.994847951107658
32,2,14,7,3.8147797361016273,4.382687831064686,0.5679080949630588,9.994847951107658
32,2,14,8,4.382687831064686,4.938361481996253,0.555673650931567,9.994847951107658
32,2,14,9,4.938361481996253,5.5007244270527735,0.5623629450565204,9.994847951107658
32,2,14,10,5.5007244270527735,6.060783671098761,0.5600592440459877,9.994847951107658
32,2,14,11,6.060783671098761,6.621769760036841,0.5609860889380798,9.994847951107658
32,2,14,12,6.621769760036841,7.187346616061404,0.5655768560245633,9.994847951107658
32,2,14,13,7.187346616061404,7.749346774071455,0.5620001580100507,9.994847951107658
32,2,14,14,7.749346774071455,8.309221943025477,0.5598751689540222,9.994847951107658
32,2,14,15,8.309221943025477,8.917552205035463,0.6083302620099857,9.994847951107658
32,2,14,16,8.917552205035463,9.609132245997898,0.6915800409624353,9.994847951107658
32,2,14,17,9.609132245997898,9.98951985000167,0.38038760400377214,9.994847951107658
32,2,14,18,9.98951985000167,9.992199222091585,0.0026793720899149776,9.994847951107658
32,2,14,19,9.992199222091585,10.010272972052917,0.018073749961331487,9.994847951107658
32,2,15,1,7.7508286871016026,8.310395554057322,0.5595668669557199,9.994847951107658
32,2,15,2,8.310395554057322,8.918596361996606,0.6082008079392835,9.994847951107658
32,2,15,3,8.918596361996606,9.610104267019778,0.6915079050231725,9.994847951107658
32,2,15,4,9.610104267019778,9.990569047047757,0.3804647800279781,9.994847951107658
32,2,15,5,9.990569047047757,9.992888491018675,0.0023194439709186554,9.994847951107658
32,2,15,6,9.992888491018675,10.011123734060675,0.018235243041999638,9.994847951107658
32,2,16,1,6.061482018092647,6.622069620061666,0.5605876019690186,9.994847951107658
32,2,16,2,6.622069620061666,7.187560263089836,0.5654906430281699,9.994847951107658
32,2,16,3,7.187560263089836,7.749494318035431,0.5619340549455956,9.994847951107658
32,2,16,4,7.749494318035431,8.309376380057074,0.5598820620216429,9.994847951107658
32,2,16,5,8.309376380057074,8.917691234033555,0.6083148539764807,9.994847951107658
32,2,16,6,8.917691234033555,9.609284088015556,0.6915928539820015,9.994847951107658
32,2,16,7,9.609284088015556,9.989659264101647,0.3803751760860905,9.994847951107658
32,2,16,8,9.989659264101647,9.992309631081298,0.002650366979651153,9.994847951107658
32,2,16,9,9.992309631081298,10.010397947044112,0.018088315962813795,9.994847951107658
32,2,17,1,4.381404017098248,4.9396762570831925,0.5582722399849445,9.994847951107658
32,2,17,2,4.9396762570831925,5.502555672079325,0.5628794149961323,9.994847951107658
32,2,17,3,5.502555672079325,6.062489529023878,0.5599338569445536,9.994847951107658
32,2,17,4,6.062489529023878,6.6233710770029575,0.5608815479790792,9.994847951107658
32,2,17,5,6.6233710770029575,7.18894237303175,0.5655712960287929,9.994847951107658
32,2,17,6,7.18894237303175,7.751100826077163,0.5621584530454129,9.994847951107658
32,2,17,7,7.751100826077163,8.310652059037238,0.5595512329600751,9.994847951107658
32,2,17,8,8.310652059037238,8.918853305047378,0.6082012460101396,9.994847951107658
32,2,17,9,8.918853305047378,9.61036136909388,0.6915080640465021,9.994847951107658
32,2,17,10,9.61036136909388,9.990828623063862,0.38046725396998227,9.994847951107658
32,2,17,11,9.990828623063862,9.993102298001759,0.0022736749378964305,9.994847951107658
32,2,17,12,9.993102298001759,10.011353705078363,0.018251407076604664,9.994847951107658
32,2,18,1,5.501252355054021,6.060929252067581,0.5596768970135599,9.994847951107658
32,2,18,2,6.060929252067581,6.62184971710667,0.5609204650390893,9.994847951107658
32,2,18,3,6.62184971710667,7.187488519004546,0.565638801897876,9.994847951107658
32,2,18,4,7.187488519004546,7.749424124020152,0.5619356050156057,9.994847951107658
32,2,18,5,7.749424124020152,8.309299694024958,0.5598755700048059,9.994847951107658
32,2,18,6,8.309299694024958,8.917623202083632,0.6083235080586746,9.994847951107658
32,2,18,7,8.917623202083632,9.609219943056814,0.691596740973182,9.994847951107658
32,2,18,8,9.609219943056814,9.98959074600134,0.3803708029445261,9.994847951107658
32,2,18,9,9.98959074600134,9.992251099087298,0.0026603530859574676,9.994847951107658
32,2,18,10,9.992251099087298,10.01033963507507,0.018088535987772048,9.994847951107658
32,2,19,1,-0.11755672295112163,0.45996848307549953,0.5775252060266212,9.994847951107658
32,2,19,2,0.45996848307549953,1.0150766300503165,0.5551081469748169,9.994847951107658
32,2,19,3,1.0150766300503165,1.5732157450402156,0.5581391149898991,9.994847951107658
32,2,19,4,1.5732157450402156,2.1367581030353904,0.5635423579951748,9.994847951107658
32,2,19,5,2.1367581030353904,2.69443091400899,0.5576728109735996,9.994847951107658
32,2,19,6,2.69443091400899,3.259483115049079,0.5650522010400891,9.994847951107658
32,2,19,7,3.259483115049079,3.8135434990981594,0.5540603840490803,9.994847951107658
32,2,19,8,3.8135434990981594,4.381672990042716,0.5681294909445569,9.994847951107658
32,2,19,9,4.381672990042716,4.939741278998554,0.5580682889558375,9.994847951107658
32,2,19,10,4.939741278998554,5.502621480030939,0.5628802010323852,9.994847951107658
32,2,19,11,5.502621480030939,6.062557080993429,0.5599356009624898,9.994847951107658
32,2,19,12,6.062557080993429,6.623435921035707,0.5608788400422782,9.994847951107658
32,2,19,13,6.623435921035707,7.189003995037638,0.5655680740019307,9.994847951107658
32,2,19,14,7.189003995037638,7.751168896094896,0.5621649010572582,9.994847951107658
32,2,19,15,7.751168896094896,8.310717498068698,0.5595486019738019,9.994847951107658
32,2,19,16,8.310717498068698,8.918921953998506,0.6082044559298083,9.994847951107658
32,2,19,17,8.918921953998506,9.610429926076904,0.6915079720783979,9.994847951107658
32,2,19,18,9.610429926076904,9.991011056001298,0.3805811299243942,9.994847951107658
32,2,19,19,9.991011056001298,9.993158570025116,0.0021475140238180757,9.994847951107658
32,2,19,20,9.993158570025116,10.011419320013374,0.018260749988257885,9.994847951107658
32,2,20,1,4.940055505023338,5.5027785890270025,0.5627230840036646,9.994847951107658
32,2,20,2,5.5027785890270025,6.062622520024888,0.5598439309978858,9.994847951107658
32,2,20,3,6.062622520024888,6.623497841996141,0.5608753219712526,9.994847951107658
32,2,20,4,6.623497841996141,7.189064964069985,0.5655671220738441,9.994847951107658
32,2,20,5,7.189064964069985,7.751239443081431,0.5621744790114462,9.994847951107658
32,2,20,6,7.751239443081431,8.310779957100749,0.5595405140193179,9.994847951107658
32,2,20,7,8.310779957100749,8.918984909076244,0.6082049519754946,9.994847951107658
32,2,20,8,8.918984909076244,9.610502553055994,0.6915176439797506,9.994847951107658
32,2,20,9,9.610502553055994,9.991077982005663,0.380575428949669,9.994847951107658
32,2,20,10,9.991077982005663,9.99321492004674,0.002136938041076064,9.994847951107658
32,2,20,11,9.99321492004674,10.011476164101623,0.01826124405488372,9.994847951107658
32,2,21,1,2.69504374708049,3.259877099073492,0.564833351993002,9.994847951107658
32,2,21,2,3.259877099073492,3.8139259790768847,0.5540488800033927,9.994847951107658
32,2,21,3,3.8139259790768847,4.381958928075619,0.5680329489987344,9.994847951107658
32,2,21,4,4.381958928075619,4.938275593100116,0.5563166650244966,9.994847951107658
32,2,21,5,4.938275593100116,5.500638182042167,0.5623625889420509,9.994847951107658
32,2,21,6,5.500638182042167,6.060700316098519,0.5600621340563521,9.994847951107658
32,2,21,7,6.060700316098519,6.621689905063249,0.5609895889647305,9.994847951107658
32,2,21,8,6.621689905063249,7.1872673170873895,0.5655774120241404,9.994847951107658
32,2,21,9,7.1872673170873895,7.749208276043646,0.5619409589562565,9.994847951107658
32,2,21,10,7.749208276043646,8.30912926606834,0.5599209900246933,9.994847951107658
32,2,21,11,8.30912926606834,8.917477074079216,0.6083478080108762,9.994847951107658
32,2,21,12,8.917477074079216,9.60905075003393,0.6915736759547144,9.994847951107658
32,2,21,13,9.60905075003393,9.98944155999925,0.38039080996531993,9.994847951107658
32,2,21,14,9.98944155999925,9.992133603082038,0.0026920430827885866,9.994847951107658
32,2,21,15,9.992133603082038,10.010131505085155,0.017997902003116906,9.994847951107658
32,2,22,3,-0.11740239092614502,0.4600591460475698,0.5774615369737148,9.994847951107658
32,2,22,4,0.4600591460475698,1.015153413056396,0.5550942670088261,9.994847951107658
32,2,22,5,1.015153413056396,1.5732969540404156,0.5581435409840196,9.994847951107658
32,2,22,6,1.5732969540404156,2.136840886087157,0.5635439320467412,9.994847951107658
32,2,22,7,2.136840886087157,2.694509278051555,0.5576683919643983,9.994847951107658
32,2,22,8,2.694509278051555,3.2595580640481785,0.5650487859966233,9.994847951107658
32,2,22,9,3.2595580640481785,3.8136212810641155,0.554063217015937,9.994847951107658
32,2,22,10,3.8136212810641155,4.381749894004315,0.5681286129401997,9.994847951107658
32,2,22,11,4.381749894004315,4.938741286052391,0.5569913920480758,9.994847951107658
32,2,22,12,4.938741286052391,5.501663428032771,0.5629221419803798,9.994847951107658
32,2,22,13,5.501663428032771,6.061890731099993,0.5602273030672222,9.994847951107658
32,2,22,14,6.061890731099993,6.622352217091247,0.5604614859912544,9.994847951107658
32,2,22,15,6.622352217091247,7.188264538068324,0.5659123209770769,9.994847951107658
32,2,22,16,7.188264538068324,7.749878426082432,0.5616138880141079,9.994847951107658
32,2,22,17,7.749878426082432,8.3099023810355,0.560023954953067,9.994847951107658
32,2,22,18,8.3099023810355,8.918087459052913,0.6081850780174136,9.994847951107658
32,2,22,19,8.918087459052913,9.609725281014107,0.6916378219611943,9.994847951107658
32,2,22,20,9.609725281014107,9.990015191026032,0.3802899100119248,9.994847951107658
32,2,22,21,9.990015191026032,9.992571574053727,0.0025563830276951194,9.994847951107658
32,2,22,22,9.992571574053727,10.010696594021283,0.018125019967556,9.994847951107658
32,2,23,1,6.062969439080916,6.623607214074582,0.5606377749936655,9.994847951107658
32,2,23,2,6.623607214074582,7.189124021097086,0.5655168070225045,9.994847951107658
32,2,23,3,7.189124021097086,7.751301267999224,0.562177246902138,9.994847951107658
32,2,23,4,7.751301267999224,8.310845392057672,0.5595441240584478,9.994847951107658
32,2,23,5,8.310845392057672,8.919049148098566,0.6082037560408935,9.994847951107658
32,2,23,6,8.919049148098566,9.61056386504788,0.6915147169493139,9.994847951107658
32,2,23,7,9.61056386504788,9.991146470070817,0.38058260502293706,9.994847951107658
32,2,23,8,9.991146470070817,9.993271142011508,0.002124671940691769,9.994847951107658
32,2,23,9,9.993271142011508,10.011532323085703,0.01826118107419461,9.994847951107658
32,2,24,1,6.623888933099806,7.18960326409433,0.5657143309945241,9.994847951107658
32,2,24,2,7.18960326409433,7.751485642045736,0.5618823779514059,9.994847951107658
32,2,24,3,7.751485642045736,8.311699093086645,0.5602134510409087,9.994847951107658
32,2,24,4,8.311699093086645,8.919436827069148,0.6077377339825034,9.994847951107658
32,2,24,5,8.919436827069148,9.610821854090318,0.6913850270211697,9.994847951107658
32,2,24,6,9.610821854090318,9.991429615067318,0.380607760977,9.994847951107658
32,2,24,7,9.991429615067318,9.993479129043408,0.0020495139760896564,9.994847951107658
32,2,24,8,9.993479129043408,10.011769575998187,0.018290446954779327,9.994847951107658
32,2,25,1,2.1377833400620148,2.6952668930171058,0.557483552955091,9.994847951107658
32,2,25,2,2.6952668930171058,3.2604530920507386,0.5651861990336329,9.994847951107658
32,2,25,3,3.2604530920507386,3.814244528999552,0.5537914369488135,9.994847951107658
32,2,25,4,3.814244528999552,4.382157204090618,0.5679126750910655,9.994847951107658
32,2,25,5,4.382157204090618,4.940272932057269,0.5581157279666513,9.994847951107658
32,2,25,6,4.940272932057269,5.5029743850464,0.5627014529891312,9.994847951107658
32,2,25,7,5.5029743850464,6.063167501008138,0.5601931159617379,9.994847951107658
32,2,25,8,6.063167501008138,6.624080806039274,0.5609133050311357,9.994847951107658
32,2,25,9,6.624080806039274,7.18978761008475,0.565706804045476,9.994847951107658
32,2,25,10,7.18978761008475,7.75199937808793,0.5622117680031806,9.994847951107658
32,2,25,11,7.75199937808793,8.312031808076426,0.560032429988496,9.994847951107658
32,2,25,12,8.312031808076426,8.919689615024254,0.6076578069478273,9.994847951107658
32,2,25,13,8.919689615024254,9.611103696050122,0.6914140810258687,9.994847951107658
32,2,25,14,9.611103696050122,9.991845631040633,0.38074193499051034,9.994847951107658
32,2,25,15,9.991845631040633,9.991863923030905,1.8291990272700787e-05,9.994847951107658
32,2,25,16,9.991863923030905,10.012009919038974,0.020145996008068323,9.994847951107658
32,2,26,1,3.260309321107343,3.814085691003129,0.553776369895786,9.994847951107658
32,2,26,2,3.814085691003129,4.382025948027149,0.56794025702402,9.994847951107658
32,2,26,3,4.382025948027149,4.938877119100653,0.5568511710735038,9.994847951107658
32,2,26,4,4.938877119100653,5.501803821069188,0.5629267019685358,9.994847951107658
32,2,26,5,5.501803821069188,6.062033327063546,0.5602295059943572,9.994847951107658
32,2,26,6,6.062033327063546,6.622479740995914,0.5604464139323682,9.994847951107658
32,2,26,7,6.622479740995914,7.188396175042726,0.5659164340468124,9.994847951107658
32,2,26,8,7.188396175042726,7.750063329003751,0.5616671539610252,9.994847951107658
32,2,26,9,7.750063329003751,8.310041295015253,0.5599779660115018,9.994847951107658
32,2,26,10,8.310041295015253,8.918329417007044,0.6082881219917908,9.994847951107658
32,2,26,11,8.918329417007044,9.609850078006275,0.691520660999231,9.994847951107658
32,2,26,12,9.609850078006275,9.990150640020147,0.38030056201387197,9.994847951107658
32,2,26,13,9.990150640020147,9.992679909104481,0.0025292690843343735,9.994847951107658
32,2,26,14,9.992679909104481,10.010824028053321,0.018144118948839605,9.994847951107658
32,2,27,1,7.1879705030005425,7.74960149009712,0.5616309870965779,9.994847951107658
32,2,27,2,7.74960149009712,8.309510387014598,0.5599088969174773,9.994847951107658
32,2,27,3,8.309510387014598,8.917759981006384,0.6082495939917862,9.994847951107658
32,2,27,4,8.917759981006384,9.609350983053446,0.6915910020470619,9.994847951107658
32,2,27,5,9.609350983053446,9.989736453047954,0.38038546999450773,9.994847951107658
32,2,27,6,9.989736453047954,9.99236686504446,0.0026304119965061545,9.994847951107658
32,2,27,7,9.99236686504446,10.010465098079294,0.018098233034834266,9.994847951107658
32,2,28,1,1.0159738440997899,1.57359362707939,0.5576197829796001,9.994847951107658
32,2,28,2,1.57359362707939,2.137466812040657,0.5638731849612668,9.994847951107658
32,2,28,3,2.137466812040657,2.6951587290968746,0.5576919170562178,9.994847951107658
32,2,28,4,2.6951587290968746,3.2603840460069478,0.5652253169100732,9.994847951107658
32,2,28,5,3.2603840460069478,3.8141623940318823,0.5537783480249345,9.994847951107658
32,2,28,6,3.8141623940318823,4.382092402083799,0.567930008051917,9.994847951107658
32,2,28,7,4.382092402083799,4.940209452062845,0.558117049979046,9.994847951107658
32,2,28,8,4.940209452062845,5.502912926021963,0.5627034739591181,9.994847951107658
32,2,28,9,5.502912926021963,6.06310424010735,0.5601913140853867,9.994847951107658
32,2,28,10,6.06310424010735,6.624017627094872,0.5609133869875222,9.994847951107658
32,2,28,11,6.624017627094872,7.189728439087048,0.5657108119921759,9.994847951107658
32,2,28,12,7.189728439087048,7.751936297048815,0.5622078579617664,9.994847951107658
32,2,28,13,7.751936297048815,8.311951137031429,0.5600148399826139,9.994847951107658
32,2,28,14,8.311951137031429,8.919628019095398,0.60767688206397,9.994847951107658
32,2,28,15,8.919628019095398,9.611044406075962,0.6914163869805634,9.994847951107658
32,2,28,16,9.611044406075962,9.99176810006611,0.3807236939901486,9.994847951107658
32,2,28,17,9.99176810006611,9.991787591017783,1.9490951672196388e-05,9.994847951107658
32,2,28,18,9.991787591017783,10.011954687070101,0.02016709605231881,9.994847951107658
32,2,29,1,1.5744238100014627,2.1381073320517316,0.563683522050269,9.994847951107658
32,2,29,2,2.1381073320517316,2.695479390094988,0.5573720580432564,9.994847951107658
32,2,29,3,2.695479390094988,3.2606519541004673,0.5651725640054792,9.994847951107658
32,2,29,4,3.2606519541004673,3.815285396995023,0.5546334428945556,9.994847951107658
32,2,29,5,3.815285396995023,4.382907176041044,0.5676217790460214,9.994847951107658
32,2,29,6,4.382907176041044,4.9395725870272145,0.5566654109861702,9.994847951107658
32,2,29,7,4.9395725870272145,5.502487823017873,0.5629152359906584,9.994847951107658
32,2,29,8,5.502487823017873,6.06242147507146,0.5599336520535871,9.994847951107658
32,2,29,9,6.06242147507146,6.62287424004171,0.5604527649702504,9.994847951107658
32,2,29,10,6.62287424004171,7.188768198015168,0.5658939579734579,9.994847951107658
32,2,29,11,7.188768198015168,7.750968378037214,0.562200180022046,9.994847951107658
32,2,29,12,7.750968378037214,8.310523129999638,0.5595547519624233,9.994847951107658
32,2,29,13,8.310523129999638,8.91872435703408,0.6082012270344421,9.994847951107658
32,2,29,14,8.91872435703408,9.610233757062815,0.6915094000287354,9.994847951107658
32,2,29,15,9.610233757062815,9.990701743052341,0.3804679859895259,9.994847951107658
32,2,29,16,9.990701743052341,9.992999405018054,0.002297661965712905,9.994847951107658
32,2,29,17,9.992999405018054,10.011244554072618,0.018245149054564536,9.994847951107658
32,2,30,1,2.1373444370692596,2.6946941860951483,0.5573497490258887,9.994847951107658
32,2,30,2,2.6946941860951483,3.259761893074028,0.5650677069788799,9.994847951107658
32,2,30,3,3.259761893074028,3.813775285030715,0.554013391956687,9.994847951107658
32,2,30,4,3.813775285030715,4.381889938027598,0.5681146529968828,9.994847951107658
32,2,30,5,4.381889938027598,4.938808341044933,0.5569184030173346,9.994847951107658
32,2,30,6,4.938808341044933,5.501733522047289,0.5629251810023561,9.994847951107658
32,2,30,7,5.501733522047289,6.061961649102159,0.5602281270548701,9.994847951107658
32,2,30,8,6.061961649102159,6.622414819081314,0.5604531699791551,9.994847951107658
32,2,30,9,6.622414819081314,7.188329661032185,0.565914841950871,9.994847951107658
32,2,30,10,7.188329661032185,7.749944869079627,0.5616152080474421,9.994847951107658
32,2,30,11,7.749944869079627,8.309973992058076,0.5600291229784489,9.994847951107658
32,2,30,12,8.309973992058076,8.91815416701138,0.6081801749533042,9.994847951107658
32,2,30,13,8.91815416701138,9.60978556307964,0.6916313960682601,9.994847951107658
32,2,30,14,9.60978556307964,9.990085194003768,0.380299630924128,9.994847951107658
32,2,30,15,9.990085194003768,9.992626107065007,0.0025409130612388253,9.994847951107658
32,2,30,16,9.992626107065007,10.010757444077171,0.018131337012164295,9.994847951107658
32,2,31,1,8.311632193042897,8.91937363310717,0.6077414400642738,9.994847951107658
32,2,31,2,8.91937363310717,9.610760421026498,0.6913867879193276,9.994847951107658
32,2,31,3,9.610760421026498,9.991363225039095,0.3806028040125966,9.994847951107658
32,2,31,4,9.991363225039095,9.993427703040652,0.0020644780015572906,9.994847951107658
32,2,31,5,9.993427703040652,10.011704063042998,0.018276360002346337,9.994847951107658
32,3,0,1,8.023768109967932,8.602596033946611,0.5788279239786789,9.981354546966031
32,3,0,2,8.602596033946611,9.255896111950278,0.6533000780036673,9.981354546966031
32,3,0,3,9.255896111950278,9.979470104910433,0.723573992960155,9.981354546966031
32,3,0,4,9.979470104910433,9.984036950976588,0.00456684606615454,9.981354546966031
32,3,1,1,4.64705353800673,5.2112738359719515,0.5642202979652211,9.981354546966031
32,3,1,2,5.2112738359719515,5.770345960976556,0.5590721250046045,9.981354546966031
32,3,1,3,5.770345960976556,6.336847631959245,0.5665016709826887,9.981354546966031
32,3,1,4,6.336847631959245,6.897783598979004,0.5609359670197591,9.981354546966031
32,3,1,5,6.897783598979004,7.462459492962807,0.5646758939838037,9.981354546966031
32,3,1,6,7.462459492962807,8.023383270949125,0.5609237779863179,9.981354546966031
32,3,1,7,8.023383270949125,8.602421165909618,0.5790378949604928,9.981354546966031
32,3,1,8,8.602421165909618,9.255766185000539,0.6533450190909207,9.981354546966031
32,3,1,9,9.255766185000539,9.979331258917227,0.7235650739166886,9.981354546966031
32,3,1,10,9.979331258917227,9.983386235893704,0.00405497697647661,9.981354546966031
32,3,2,1,5.770057888934389,6.336562874959782,0.566504986025393,9.981354546966031
32,3,2,2,6.336562874959782,6.8971130709396675,0.5605501959798858,9.981354546966031
32,3,2,3,6.8971130709396675,7.46208001091145,0.5649669399717823,9.981354546966031
32,3,2,4,7.46208001091145,8.022648572921753,0.5605685620103031,9.981354546966031
32,3,2,5,8.022648572921753,8.601992365904152,0.5793437929823995,9.981354546966031
32,3,2,6,8.601992365904152,9.255377930938266,0.6533855650341138,9.981354546966031
32,3,2,7,9.255377930938266,9.97890812496189,0.7235301940236241,9.981354546966031
32,3,2,8,9.97890812496189,9.983028967981227,0.004120843019336462,9.981354546966031
32,3,3,1,4.089820338995196,4.646408160915598,0.5565878219204023,9.981354546966031
32,3,3,2,4.646408160915598,5.210894513991661,0.5644863530760631,9.981354546966031
32,3,3,3,5.210894513991661,5.769491906976327,0.5585973929846659,9.981354546966031
32,3,3,4,5.769491906976327,6.336360615910962,0.5668687089346349,9.981354546966031
32,3,3,5,6.336360615910962,6.89698378299363,0.5606231670826674,9.981354546966031
32,3,3,6,6.89698378299363,7.4619502749992535,0.5649664920056239,9.981354546966031
32,3,3,7,7.4619502749992535,8.0225186139578,0.5605683389585465,9.981354546966031
32,3,3,8,8.0225186139578,8.60186321195215,0.5793445979943499,9.981354546966031
32,3,3,9,8.60186321195215,9.255248692934401,0.6533854809822515,9.981354546966031
32,3,3,10,9.255248692934401,9.978762962971814,0.7235142700374126,9.981354546966031
32,3,3,11,9.978762962971814,9.982914462918416,0.004151499946601689,9.981354546966031
32,3,4,1,0.7138084779726341,1.2846328679006547,0.5708243899280205,9.981354546966031
32,3,4,2,1.2846328679006547,1.8336592029081658,0.5490263350075111,9.981354546966031
32,3,4,3,1.8336592029081658,2.403141852002591,0.5694826490944251,9.981354546966031
32,3,4,4,2.403141852002591,2.960583815933205,0.5574419639306143,9.981354546966031
32,3,4,5,2.960583815933205,3.5253528609173372,0.564769044984132,9.981354546966031
32,3,4,6,3.5253528609173372,4.08871850091964,0.5633656400023028,9.981354546966031
32,3,4,7,4.08871850091964,4.645098791923374,0.5563802910037339,9.981354546966031
32,3,4,8,4.645098791923374,5.209166731918231,0.5640679399948567,9.981354546966031
32,3,4,9,5.209166731918231,5.7682671789079905,0.5591004469897598,9.981354546966031
32,3,4,10,5.7682671789079905,6.334504285943694,0.566237107035704,9.981354546966031
32,3,4,11,6.334504285943694,6.895227904897183,0.5607236189534888,9.981354546966031
32,3,4,12,6.895227904897183,7.460227495990694,0.5649995910935104,9.981354546966031
32,3,4,13,7.460227495990694,8.021140317898244,0.5609128219075501,9.981354546966031
32,3,4,14,8.021140317898244,8.600064595928416,0.578924278030172,9.981354546966031
32,3,4,15,8.600064595928416,9.253816443961114,0.653751848032698,9.981354546966031
32,3,4,16,9.253816443961114,9.977141544921324,0.72332510096021,9.981354546966031
32,3,4,17,9.977141544921324,9.981932016904466,0.004790471983142197,9.981354546966031
32,3,5,1,5.210193259990774,5.768794114002958,0.5586008540121838,9.981354546966031
32,3,5,2,5.768794114002958,6.334898795001209,0.5661046809982508,9.981354546966031
32,3,5,3,6.334898795001209,6.89610852196347,0.5612097269622609,9.981354546966031
32,3,5,4,6.89610852196347,7.460737705929205,0.5646291839657351,9.981354546966031
32,3,5,5,7.460737705929205,8.021604634006508,0.5608669280773029,9.981354546966031
32,3,5,6,8.021604634006508,8.600497941952199,0.578893307945691,9.981354546966031
32,3,5,7,8.600497941952199,9.254254169994965,0.6537562280427665,9.981354546966031
32,3,5,8,9.254254169994965,9.977454984909855,0.7232008149148896,9.981354546966031
32,3,5,9,9.977454984909855,9.98219769098796,0.004742706078104675,9.981354546966031
32,3,6,1,0.7133737260010093,1.284416913986206,0.5710431879851967,9.981354546966031
32,3,6,2,1.284416913986206,1.8334554570028558,0.5490385430166498,9.981354546966031
32,3,6,3,1.8334554570028558,2.4029831889783964,0.5695277319755405,9.981354546966031
32,3,6,4,2.4029831889783964,2.9604324689134955,0.5574492799350992,9.981354546966031
32,3,6,5,2.9604324689134955,3.525192587985657,0.5647601190721616,9.981354546966031
32,3,6,6,3.525192587985657,4.088541376986541,0.5633487890008837,9.981354546966031
32,3,6,7,4.088541376986541,4.645973976003006,0.5574325990164652,9.981354546966031
32,3,6,8,4.645973976003006,5.210616023978218,0.5646420479752123,9.981354546966031
32,3,6,9,5.210616023978218,5.769199830945581,0.5585838069673628,9.981354546966031
32,3,6,10,5.769199830945581,6.3357590968953446,0.5665592659497634,9.981354546966031
32,3,6,11,6.3357590968953446,6.89660836791154,0.5608492710161954,9.981354546966031
32,3,6,12,6.89660836791154,7.461212257971056,0.5646038900595158,9.981354546966031
32,3,6,13,7.461212257971056,8.022079759975895,0.5608675020048395,9.981354546966031
32,3,6,14,8.022079759975895,8.600967839942314,0.5788880799664184,9.981354546966031
32,3,6,15,8.600967839942314,9.254722485900857,0.6537546459585428,9.981354546966031
32,3,6,16,9.254722485900857,9.978238773997873,0.7235162880970165,9.981354546966031
32,3,6,17,9.978238773997873,9.98249396495521,0.004255190957337618,9.981354546966031
32,3,7,1,5.209885114920326,5.7686596208950505,0.5587745059747249,9.981354546966031
32,3,7,2,5.7686596208950505,6.3348168899537995,0.5661572690587491,9.981354546966031
32,3,7,3,6.3348168899537995,6.896036088932306,0.561219198978506,9.981354546966031
32,3,7,4,6.896036088932306,7.460661986959167,0.5646258980268613,9.981354546966031
32,3,7,5,7.460661986959167,8.021535758976825,0.5608737720176578,9.981354546966031
32,3,7,6,8.021535758976825,8.600430399994366,0.5788946410175413,9.981354546966031
32,3,7,7,8.600430399994366,9.254185413941741,0.6537550139473751,9.981354546966031
32,3,7,8,9.254185413941741,9.977382191922516,0.7231967779807746,9.981354546966031
32,3,7,9,9.977382191922516,9.982136112987064,0.004753921064548194,9.981354546966031
32,3,8,1,2.403949581901543,2.9610337609192356,0.5570841790176928,9.981354546966031
32,3,8,2,2.9610337609192356,3.525728733977303,0.5646949730580673,9.981354546966031
32,3,8,3,3.525728733977303,4.089118926902302,0.5633901929249987,9.981354546966031
32,3,8,4,4.089118926902302,4.646662293933332,0.5575433670310304,9.981354546966031
32,3,8,5,4.646662293933332,5.21109225100372,0.5644299570703879,9.981354546966031
32,3,8,6,5.21109225100372,5.770210133981891,0.5591178829781711,9.981354546966031
32,3,8,7,5.770210133981891,6.336705648922361,0.5664955149404705,9.981354546966031
32,3,8,8,6.336705648922361,6.897649917984381,0.5609442690620199,9.981354546966031
32,3,8,9,6.897649917984381,7.462338968995027,0.5646890510106459,9.981354546966031
32,3,8,10,7.462338968995027,8.023260195972398,0.5609212269773707,9.981354546966031
32,3,8,11,8.023260195972398,8.602298943907954,0.5790387479355559,9.981354546966031
32,3,8,12,8.602298943907954,9.255636041983962,0.6533370980760083,9.981354546966031
32,3,8,13,9.255636041983962,9.979186335927807,0.7235502939438447,9.981354546966031
32,3,8,14,9.979186335927807,9.983271674951538,0.004085339023731649,9.981354546966031
32,3,9,1,1.2850334979593754,1.834282283904031,0.5492487859446555,9.981354546966031
32,3,9,2,1.834282283904031,2.4033499439246953,0.5690676600206643,9.981354546966031
32,3,9,3,2.4033499439246953,2.9608246489660814,0.5574747050413862,9.981354546966031
32,3,9,4,2.9608246489660814,3.525512210908346,0.5646875619422644,9.981354546966031
32,3,9,5,3.525512210908346,4.0888902969891205,0.5633780860807747,9.981354546966031
32,3,9,6,4.0888902969891205,4.645308276987635,0.5564179799985141,9.981354546966031
32,3,9,7,4.645308276987635,5.2093799689318985,0.5640716919442639,9.981354546966031
32,3,9,8,5.2093799689318985,5.7685011168941855,0.5591211479622871,9.981354546966031
32,3,9,9,5.7685011168941855,6.334725057007745,0.5662239401135594,9.981354546966031
32,3,9,10,6.334725057007745,6.89596187195275,0.5612368149450049,9.981354546966031
32,3,9,11,6.89596187195275,7.46058309590444,0.5646212239516899,9.981354546966031
32,3,9,12,7.46058309590444,8.021462557953782,0.5608794620493427,9.981354546966031
32,3,9,13,8.021462557953782,8.600362946977839,0.5789003890240565,9.981354546966031
32,3,9,14,8.600362946977839,9.254115062998608,0.6537521160207689,9.981354546966031
32,3,9,15,9.254115062998608,9.977310267975554,0.7231952049769461,9.981354546966031
32,3,9,16,9.977310267975554,9.982075585983694,0.0047653180081397295,9.981354546966031
32,3,10,1,1.8346296069212258,2.403489627991803,0.5688600210705772,9.981354546966031
32,3,10,2,2.403489627991803,2.9608992799185216,0.5574096519267187,9.981354546966031
32,3,10,3,2.9608992799185216,3.5256542139686644,0.5647549340501428,9.981354546966031
32,3,10,4,3.5256542139686644,4.08896276797168,0.5633085540030152,9.981354546966031
32,3,10,5,4.08896276797168,4.646132711903192,0.5571699439315125,9.981354546966031
32,3,10,6,4.646132711903192,5.210682193981484,0.5645494820782915,9.981354546966031
32,3,10,7,5.210682193981484,5.769279694999568,0.5585975010180846,9.981354546966031
32,3,10,8,5.769279694999568,6.336147676920518,0.5668679819209501,9.981354546966031
32,3,10,9,6.336147676920518,6.896783118951134,0.5606354420306161,9.981354546966031
32,3,10,10,6.896783118951134,7.461346641997807,0.5645635230466723,9.981354546966031
32,3,10,11,7.461346641997807,8.022209969931282,0.5608633279334754,9.981354546966031
32,3,10,12,8.022209969931282,8.60109635500703,0.578886385075748,9.981354546966031
32,3,10,13,8.60109635500703,9.254861597903073,0.6537652428960428,9.981354546966031
32,3,10,14,9.254861597903073,9.978387159993872,0.7235255620907992,9.981354546966031
32,3,10,15,9.978387159993872,9.982611296931282,0.004224136937409639,9.981354546966031
32,3,11,1,0.16586992295924574,0.7139250899199396,0.5480551669606939,9.981354546966031
32,3,11,2,0.7139250899199396,1.2854512699414045,0.5715261800214648,9.981354546966031
32,3,11,3,1.2854512699414045,1.8348512549418956,0.5493999850004911,9.981354546966031
32,3,11,4,1.8348512549418956,2.404088681912981,0.5692374269710854,9.981354546966031
32,3,11,5,2.404088681912981,2.9615486830007285,0.5574600010877475,9.981354546966031
32,3,11,6,2.9615486830007285,3.526714842999354,0.5651661599986255,9.981354546966031
32,3,11,7,3.526714842999354,4.0899594109505415,0.5632445679511875,9.981354546966031
32,3,11,8,4.0899594109505415,4.647254892974161,0.5572954820236191,9.981354546966031
32,3,11,9,4.647254892974161,5.211472722003236,0.5642178290290758,9.981354546966031
32,3,11,10,5.211472722003236,5.77092310891021,0.559450386906974,9.981354546966031
32,3,11,11,5.77092310891021,6.337180974893272,0.5662578659830615,9.981354546966031
32,3,11,12,6.337180974893272,6.898042826913297,0.5608618520200253,9.981354546966031
32,3,11,13,6.898042826913297,7.462753337924369,0.5647105110110715,9.981354546966031
32,3,11,14,7.462753337924369,8.023991114925593,0.5612377770012245,9.981354546966031
32,3,11,15,8.023991114925593,8.60283092490863,0.5788398099830374,9.981354546966031
32,3,11,16,8.60283092490863,9.256079241982661,0.6532483170740306,9.981354546966031
32,3,11,17,9.256079241982661,9.979681075899862,0.7236018339172006,9.981354546966031
32,3,11,18,9.979681075899862,9.984217686927877,0.0045366110280156136,9.981354546966031
32,3,12,1,6.335407583974302,6.896407444961369,0.5609998609870672,9.981354546966031
32,3,12,2,6.896407444961369,7.461011551902629,0.5646041069412604,9.981354546966031
32,3,12,3,7.461011551902629,8.021875567967072,0.5608640160644427,9.981354546966031
32,3,12,4,8.021875567967072,8.600764498929493,0.578888930962421,9.981354546966031
32,3,12,5,8.600764498929493,9.254517734982073,0.6537532360525802,9.981354546966031
32,3,12,6,9.254517734982073,9.977910202927887,0.7233924679458141,9.981354546966031
32,3,12,7,9.977910202927887,9.982316194917075,0.004405991989187896,9.981354546966031
32,3,13,1,5.770776521996595,6.337043186998926,0.5662666650023311,9.981354546966031
32,3,13,2,6.337043186998926,6.897914591943845,0.560871404944919,9.981354546966031
32,3,13,3,6.897914591943845,7.462592721916735,0.56467812997289,9.981354546966031
32,3,13,4,7.462592721916735,8.023837373941205,0.5612446520244703,9.981354546966031
32,3,13,5,8.023837373941205,8.602657955954783,0.5788205820135772,9.981354546966031
32,3,13,6,8.602657955954783,9.255954877939075,0.6532969219842926,9.981354546966031
32,3,13,7,9.255954877939075,9.979536634986289,0.7235817570472136,9.981354546966031
32,3,13,8,9.979536634986289,9.984098771004938,0.004562136018648744,9.981354546966031
32,3,14,1,7.461808410938829,8.022392105893232,0.5605836949544027,9.981354546966031
32,3,14,2,8.022392105893232,8.60122778697405,0.5788356810808182,9.981354546966031
32,3,14,3,8.60122778697405,9.254990717978217,0.6537629310041666,9.981354546966031
32,3,14,4,9.254990717978217,9.978539362899028,0.7235486449208111,9.981354546966031
32,3,14,5,9.978539362899028,9.982731070951559,0.004191708052530885,9.981354546966031
32,3,15,1,-0.4001257080817595,0.1660341159440577,0.5661598240258172,9.981354546966031
32,3,15,2,0.1660341159440577,0.7140198829583824,0.5479857670143247,9.981354546966031
32,3,15,3,0.7140198829583824,1.285522146965377,0.5715022640069947,9.981354546966031
32,3,15,4,1.285522146965377,1.8349289179313928,0.5494067709660158,9.981354546966031
32,3,15,5,1.8349289179313928,2.4044856219552457,0.5695567040238529,9.981354546966031
32,3,15,6,2.4044856219552457,2.9620356779778376,0.5575500560225919,9.981354546966031
32,3,15,7,2.9620356779778376,3.526950176921673,0.5649144989438355,9.981354546966031
32,3,15,8,3.526950176921673,4.09045023296494,0.5635000560432673,9.981354546966031
32,3,15,9,4.09045023296494,4.647127183969133,0.5566769510041922,9.981354546966031
32,3,15,10,4.647127183969133,5.211340087931603,0.5642129039624706,9.981354546966031
32,3,15,11,5.211340087931603,5.770414668950252,0.559074581018649,9.981354546966031
32,3,15,12,5.770414668950252,6.336916753905825,0.5665020849555731,9.981354546966031
32,3,15,13,6.336916753905825,6.89785078598652,0.560934032080695,9.981354546966031
32,3,15,14,6.89785078598652,7.4625274509890005,0.5646766650024801,9.981354546966031
32,3,15,15,7.4625274509890005,8.023446920909919,0.5609194699209183,9.981354546966031
32,3,15,16,8.023446920909919,8.602487939991988,0.5790410190820694,9.981354546966031
32,3,15,17,8.602487939991988,9.255832353956066,0.6533444139640778,9.981354546966031
32,3,15,18,9.255832353956066,9.979399065952748,0.723566711996682,9.981354546966031
32,3,15,19,9.979399065952748,9.98396081093233,0.004561744979582727,9.981354546966031
32,3,16,1,3.52658085396979,4.089434654917568,0.5628538009477779,9.981354546966031
32,3,16,2,4.089434654917568,4.646726660896093,0.5572920059785247,9.981354546966031
32,3,16,3,4.646726660896093,5.211155280005187,0.5644286191090941,9.981354546966031
32,3,16,4,5.211155280005187,5.770278610987589,0.559123330982402,9.981354546966031
32,3,16,5,5.770278610987589,6.336781420977786,0.5665028099901974,9.981354546966031
32,3,16,6,6.336781420977786,6.897713904967532,0.5609324839897454,9.981354546966031
32,3,16,7,6.897713904967532,7.462398425908759,0.5646845209412277,9.981354546966031
32,3,16,8,7.462398425908759,8.023322269902565,0.5609238439938053,9.981354546966031
32,3,16,9,8.023322269902565,8.602360920980573,0.5790386510780081,9.981354546966031
32,3,16,10,8.602360920980573,9.255697840941139,0.6533369199605659,9.981354546966031
32,3,16,11,9.255697840941139,9.979254898964427,0.7235570580232888,9.981354546966031
32,3,16,12,9.979254898964427,9.983329303911887,0.004074404947459698,9.981354546966031
32,3,17,1,2.9614149729022756,3.525865698000416,0.5644507250981405,9.981354546966031
32,3,17,2,3.525865698000416,4.089193794992752,0.5633280969923362,9.981354546966031
32,3,17,3,4.089193794992752,4.646205205004662,0.5570114100119099,9.981354546966031
32,3,17,4,4.646205205004662,5.210758716915734,0.5645535119110718,9.981354546966031
32,3,17,5,5.210758716915734,5.76935054990463,0.5585918329888955,9.981354546966031
32,3,17,6,5.76935054990463,6.33622109494172,0.5668705450370908,9.981354546966031
32,3,17,7,6.33622109494172,6.896851125988178,0.5606300310464576,9.981354546966031
32,3,17,8,6.896851125988178,7.461412017932162,0.5645608919439837,9.981354546966031
32,3,17,9,7.461412017932162,8.022272992995568,0.5608609750634059,9.981354546966031
32,3,17,10,8.022272992995568,8.601162125938572,0.5788891329430044,9.981354546966031
32,3,17,11,8.601162125938572,9.254925529006869,0.6537634030682966,9.981354546966031
32,3,17,12,9.254925529006869,9.97846546897199,0.7235399399651214,9.981354546966031
32,3,17,13,9.97846546897199,9.98267162090633,0.004206151934340596,9.981354546966031
32,3,18,1,4.645885789999738,5.2105499459430575,0.5646641559433192,9.981354546966031
32,3,18,2,5.2105499459430575,5.769020478008315,0.5584705320652574,9.981354546966031
32,3,18,3,5.769020478008315,6.3356807879172266,0.5666603099089116,9.981354546966031
32,3,18,4,6.3356807879172266,6.896540458896197,0.5608596709789708,9.981354546966031
32,3,18,5,6.896540458896197,7.461145418928936,0.5646049600327387,9.981354546966031
32,3,18,6,7.461145418928936,8.022015041904524,0.5608696229755878,9.981354546966031
32,3,18,7,8.022015041904524,8.600900757941417,0.5788857160368934,9.981354546966031
32,3,18,8,8.600900757941417,9.254654403892346,0.6537536459509283,9.981354546966031
32,3,18,9,9.254654403892346,9.978048317949288,0.7233939140569419,9.981354546966031
32,3,18,10,9.978048317949288,9.982435167999938,0.004386850050650537,9.981354546966031
32,3,19,1,2.404415008961223,2.9619722589850426,0.5575572500238195,9.981354546966031
32,3,19,2,2.9619722589850426,3.5268907509744167,0.5649184919893742,9.981354546966031
32,3,19,3,3.5268907509744167,4.090382696944289,0.5634919459698722,9.981354546966031
32,3,19,4,4.090382696944289,4.645468428963795,0.5550857320195064,9.981354546966031
32,3,19,5,4.645468428963795,5.210447551915422,0.5649791229516268,9.981354546966031
32,3,19,6,5.210447551915422,5.768947275006212,0.5584997230907902,9.981354546966031
32,3,19,7,5.768947275006212,6.335608060937375,0.5666607859311625,9.981354546966031
32,3,19,8,6.335608060937375,6.896475091925822,0.5608670309884474,9.981354546966031
32,3,19,9,6.896475091925822,7.461081104003824,0.5646060120780021,9.981354546966031
32,3,19,10,7.461081104003824,8.02194508491084,0.5608639809070155,9.981354546966031
32,3,19,11,8.02194508491084,8.600836477940902,0.5788913930300623,9.981354546966031
32,3,19,12,8.600836477940902,9.254589134943672,0.6537526570027694,9.981354546966031
32,3,19,13,9.254589134943672,9.977981400908902,0.7233922659652308,9.981354546966031
32,3,19,14,9.977981400908902,9.982377100968733,0.004395700059831142,9.981354546966031
32,3,20,1,6.89757876296062,7.462275544996373,0.5646967820357531,9.981354546966031
32,3,20,2,7.462275544996373,8.023195647983812,0.5609201029874384,9.981354546966031
32,3,20,3,8.023195647983812,8.602236495004036,0.5790408470202237,9.981354546966031
32,3,20,4,8.602236495004036,9.255571313900873,0.6533348188968375,9.981354546966031
32,3,20,5,9.255571313900873,9.979120116913691,0.7235488030128181,9.981354546966031
32,3,20,6,9.979120116913691,9.983209570986219,0.004089454072527587,9.981354546966031
32,3,21,1,-0.39970239507965744,0.16613077896181494,0.5658331740414724,9.981354546966031
32,3,21,2,0.16613077896181494,0.7140905288979411,0.5479597499361262,9.981354546966031
32,3,21,3,0.7140905288979411,1.2855892590014264,0.5714987301034853,9.981354546966031
32,3,21,4,1.2855892590014264,1.8350006989203393,0.549411439918913,9.981354546966031
32,3,21,5,1.8350006989203393,2.404548389953561,0.5695476910332218,9.981354546966031
32,3,21,6,2.404548389953561,2.9620979799656197,0.5575495900120586,9.981354546966031
32,3,21,7,2.9620979799656197,3.527006972930394,0.5649089929647744,9.981354546966031
32,3,21,8,3.527006972930394,4.090513103990816,0.5635061310604215,9.981354546966031
32,3,21,9,4.090513103990816,4.647318822913803,0.5568057189229876,9.981354546966031
32,3,21,10,4.647318822913803,5.2115366839570925,0.5642178610432893,9.981354546966031
32,3,21,11,5.2115366839570925,5.770991171943024,0.5594544879859313,9.981354546966031
32,3,21,12,5.770991171943024,6.337246051989496,0.566254880046472,9.981354546966031
32,3,21,13,6.337246051989496,6.8981031649746,0.5608571129851043,9.981354546966031
32,3,21,14,6.8981031649746,7.46314360096585,0.56504043599125,9.981354546966031
32,3,21,15,7.46314360096585,8.024175159982406,0.5610315590165555,9.981354546966031
32,3,21,16,8.024175159982406,8.602955056005158,0.5787798960227519,9.981354546966031
32,3,21,17,8.602955056005158,9.25622703100089,0.6532719749957323,9.981354546966031
32,3,21,18,9.25622703100089,9.979822614928707,0.7235955839278176,9.981354546966031
32,3,21,19,9.979822614928707,9.984338371898048,0.004515756969340146,9.981354546966031
32,3,22,1,6.336072855978273,6.896709121996537,0.560636266018264,9.981354546966031
32,3,22,2,6.896709121996537,7.461281113908626,0.5645719919120893,9.981354546966031
32,3,22,3,7.461281113908626,8.022145617986098,0.5608645040774718,9.981354546966031
32,3,22,4,8.022145617986098,8.601031170925125,0.5788855529390275,9.981354546966031
32,3,22,5,8.601031170925125,9.254795745946467,0.6537645750213414,9.981354546966031
32,3,22,6,9.254795745946467,9.97831623791717,0.723520491970703,9.981354546966031
32,3,22,7,9.97831623791717,9.982552562956698,0.00423632503952831,9.981354546966031
32,3,23,1,7.46307124895975,8.024111661943607,0.5610404129838571,9.981354546966031
32,3,23,2,8.024111661943607,8.602891992894001,0.5787803309503943,9.981354546966031
32,3,23,3,8.602891992894001,9.256161062978208,0.6532690700842068,9.981354546966031
32,3,23,4,9.256161062978208,9.979752624989487,0.7235915620112792,9.981354546966031
32,3,23,5,9.979752624989487,9.984278487972915,0.004525862983427942,9.981354546966031
32,3,24,1,6.895860717981122,7.460492123966105,0.5646314059849828,9.981354546966031
32,3,24,2,7.460492123966105,8.021376949967816,0.5608848260017112,9.981354546966031
32,3,24,3,8.021376949967816,8.600280516897328,0.5789035669295117,9.981354546966031
32,3,24,4,8.600280516897328,9.254032535944134,0.6537520190468058,9.981354546966031
32,3,24,5,9.254032535944134,9.977233220939524,0.7232006849953905,9.981354546966031
32,3,24,6,9.977233220939524,9.982011682004668,0.004778461065143347,9.981354546966031
32,3,25,1,4.090245460974984,4.646530133904889,0.5562846729299054,9.981354546966031
32,3,25,2,4.646530133904889,5.210959471995011,0.5644293380901217,9.981354546966031
32,3,25,3,5.210959471995011,5.769561590976082,0.5586021189810708,9.981354546966031
32,3,25,4,5.769561590976082,6.336427546921186,0.5668659559451044,9.981354546966031
32,3,25,5,6.336427546921186,6.8970487179467455,0.5606211710255593,9.981354546966031
32,3,25,6,6.8970487179467455,7.462013901909813,0.5649651839630678,9.981354546966031
32,3,25,7,7.462013901909813,8.02258243295364,0.5605685310438275,9.981354546966031
32,3,25,8,8.02258243295364,8.601927271927707,0.5793448389740661,9.981354546966031
32,3,25,9,8.601927271927707,9.255311733926646,0.6533844619989395,9.981354546966031
32,3,25,10,9.255311733926646,9.978837395901792,0.7235256619751453,9.981354546966031
32,3,25,11,9.978837395901792,9.982972085941583,0.004134690039791167,9.981354546966031
32,3,26,1,3.52627168095205,4.089328312897123,0.5630566319450736,9.981354546966031
32,3,26,2,4.089328312897123,4.646273467922583,0.5569451550254598,9.981354546966031
32,3,26,3,4.646273467922583,5.210829537943937,0.5645560700213537,9.981354546966031
32,3,26,4,5.210829537943937,5.769420791999437,0.5585912540555,9.981354546966031
32,3,26,5,5.769420791999437,6.336291529005393,0.5668707370059565,9.981354546966031
32,3,26,6,6.336291529005393,6.896916733938269,0.5606252049328759,9.981354546966031
32,3,26,7,6.896916733938269,7.46188393200282,0.5649671980645508,9.981354546966031
32,3,26,8,7.46188393200282,8.022454878897406,0.5605709468945861,9.981354546966031
32,3,26,9,8.022454878897406,8.601290904916823,0.5788360260194167,9.981354546966031
32,3,26,10,8.601290904916823,9.255054391920567,0.6537634870037436,9.981354546966031
32,3,26,11,9.255054391920567,9.978607386001386,0.7235529940808192,9.981354546966031
32,3,26,12,9.978607386001386,9.982794727897272,0.0041873418958857656,9.981354546966031
32,3,27,1,1.8341216678963974,2.403267928981222,0.5691462610848248,9.981354546966031
32,3,27,2,2.403267928981222,2.960677469964139,0.557409540982917,9.981354546966031
32,3,27,3,2.960677469964139,3.5254367128945887,0.5647592429304495,9.981354546966031
32,3,27,4,3.5254367128945887,4.088814312941395,0.563377600046806,9.981354546966031
32,3,27,5,4.088814312941395,4.646597454906441,0.5577831419650465,9.981354546966031
32,3,27,6,4.646597454906441,5.211026776931249,0.5644293220248073,9.981354546966031
32,3,27,7,5.211026776931249,5.77014070795849,0.559113931027241,9.981354546966031
32,3,27,8,5.77014070795849,6.336637822911143,0.5664971149526536,9.981354546966031
32,3,27,9,6.336637822911143,6.8971858019940555,0.5605479790829122,9.981354546966031
32,3,27,10,6.8971858019940555,7.46214533795137,0.5649595359573141,9.981354546966031
32,3,27,11,7.46214533795137,8.023133241920732,0.5609879039693624,9.981354546966031
32,3,27,12,8.023133241920732,8.602174763916992,0.5790415219962597,9.981354546966031
32,3,27,13,8.602174763916992,9.255509599926881,0.6533348360098898,9.981354546966031
32,3,27,14,9.255509599926881,9.979048119974323,0.7235385200474411,9.981354546966031
32,3,27,15,9.979048119974323,9.983151651918888,0.004103531944565475,9.981354546966031
32,3,28,1,2.961857722955756,3.526826163986698,0.5649684410309419,9.981354546966031
32,3,28,2,3.526826163986698,4.090316471992992,0.5634903080062941,9.981354546966031
32,3,28,3,4.090316471992992,4.645393091952428,0.5550766199594364,9.981354546966031
32,3,28,4,4.645393091952428,5.210369808948599,0.5649767169961706,9.981354546966031
32,3,28,5,5.210369808948599,5.768871649983339,0.5585018410347402,9.981354546966031
32,3,28,6,5.768871649983339,6.334974005934782,0.5661023559514433,9.981354546966031
32,3,28,7,6.334974005934782,6.896300741005689,0.5613267350709066,9.981354546966031
32,3,28,8,6.896300741005689,7.460936361923814,0.5646356209181249,9.981354546966031
32,3,28,9,7.460936361923814,8.021672417991795,0.5607360560679808,9.981354546966031
32,3,28,10,8.021672417991795,8.600566837005317,0.5788944190135226,9.981354546966031
32,3,28,11,8.600566837005317,9.254322308930568,0.6537554719252512,9.981354546966031
32,3,28,12,9.254322308930568,9.977685497957282,0.7233631890267134,9.981354546966031
32,3,28,13,9.977685497957282,9.982256251969375,0.004570754012092948,9.981354546966031
32,3,29,1,8.023062217980623,8.602109212893993,0.5790469949133694,9.981354546966031
32,3,29,2,8.602109212893993,9.255444100941531,0.6533348880475387,9.981354546966031
32,3,29,3,9.255444100941531,9.978977824910544,0.7235337239690125,9.981354546966031
32,3,29,4,9.978977824910544,9.983089991961606,0.004112167051061988,9.981354546966031
32,3,30,1,1.2853505039820448,1.8347774009453133,0.5494268969632685,9.981354546966031
32,3,30,2,1.8347774009453133,2.4040235040010884,0.5692461030557752,9.981354546966031
32,3,30,3,2.4040235040010884,2.9614847229095176,0.5574612189084291,9.981354546966031
32,3,30,4,2.9614847229095176,3.5266490129288286,0.565164290019311,9.981354546966031
32,3,30,5,3.5266490129288286,4.089893501950428,0.5632444890215993,9.981354546966031
32,3,30,6,4.089893501950428,4.647190794930793,0.5572972929803655,9.981354546966031
32,3,30,7,4.647190794930793,5.211405515903607,0.5642147209728137,9.981354546966031
32,3,30,8,5.211405515903607,5.770851149922237,0.5594456340186298,9.981354546966031
32,3,30,9,5.770851149922237,6.337112515931949,0.5662613660097122,9.981354546966031
32,3,30,10,6.337112515931949,6.8979778019711375,0.5608652860391885,9.981354546966031
32,3,30,11,6.8979778019711375,7.462654853006825,0.5646770510356873,9.981354546966031
32,3,30,12,7.462654853006825,8.023902453947812,0.5612476009409875,9.981354546966031
32,3,30,13,8.023902453947812,8.602764323935844,0.5788618699880317,9.981354546966031
32,3,30,14,8.602764323935844,9.256016854895279,0.6532525309594348,9.981354546966031
32,3,30,15,9.256016854895279,9.979607777902856,0.7235909230075777,9.981354546966031
32,3,30,16,9.979607777902856,9.984157125931233,0.0045493480283766985,9.981354546966031
32,3,31,1,8.601783293997869,9.255186089896597,0.6534027958987281,9.981354546966031
32,3,31,2,9.255186089896597,9.978684665984474,0.7234985760878772,9.981354546966031
32,3,31,3,9.978684665984474,9.982856280985288,0.0041716150008141994,9.981354546966031
32,4,0,3,-0.1207719809608534,0.45759661810006946,0.5783685990609229,9.993943245033734
32,4,0,4,0.45759661810006946,1.0151156780775636,0.5575190599774942,9.993943245033734
32,4,0,5,1.0151156780775636,1.5742558090714738,0.5591401309939101,9.993943245033734
32,4,0,6,1.5742558090714738,2.132983487099409,0.5587276780279353,9.993943245033734
32,4,0,7,2.132983487099409,2.6890354050556198,0.5560519179562107,9.993943245033734
32,4,0,8,2.6890354050556198,3.2560362070798874,0.5670008020242676,9.993943245033734
32,4,0,9,3.2560362070798874,3.8104510540142655,0.5544148469343781,9.993943245033734
32,4,0,10,3.8104510540142655,4.378313294029795,0.5678622400155291,9.993943245033734
32,4,0,11,4.378313294029795,4.935070096049458,0.5567568020196632,9.993943245033734
32,4,0,12,4.935070096049458,5.498833863064647,0.5637637670151889,9.993943245033734
32,4,0,13,5.498833863064647,6.066784788039513,0.5679509249748662,9.993943245033734
32,4,0,14,6.066784788039513,6.625725862104446,0.5589410740649328,9.993943245033734
32,4,0,15,6.625725862104446,7.192385355010629,0.566659492906183,9.993943245033734
32,4,0,16,7.192385355010629,7.752293729106896,0.5599083740962669,9.993943245033734
32,4,0,17,7.752293729106896,8.317043387098238,0.5647496579913422,9.993943245033734
32,4,0,18,8.317043387098238,8.924339808057994,0.6072964209597558,9.993943245033734
32,4,0,19,8.924339808057994,9.611293199006468,0.6869533909484744,9.993943245033734
32,4,0,20,9.611293199006468,9.991562250070274,0.3802690510638058,9.993943245033734
32,4,0,21,9.991562250070274,9.99711004504934,0.005547794979065657,9.993943245033734
32,4,1,1,-0.12091542198322713,0.4575241090497002,0.5784395310329273,9.993943245033734
32,4,1,2,0.4575241090497002,1.0161733700660989,0.5586492610163987,9.993943245033734
32,4,1,3,1.0161733700660989,1.5756334631005302,0.5594600930344313,9.993943245033734
32,4,1,4,1.5756334631005302,2.133989335037768,0.5583558719372377,9.993943245033734
32,4,1,5,2.133989335037768,2.690486019011587,0.556496683973819,9.993943245033734
32,4,1,6,2.690486019011587,3.2577071640407667,0.5672211450291798,9.993943245033734
32,4,1,7,3.2577071640407667,3.812118559028022,0.5544113949872553,9.993943245033734
32,4,1,8,3.812118559028022,4.3801605380140245,0.5680419789860025,9.993943245033734
32,4,1,9,4.3801605380140245,4.934512937092222,0.5543523990781978,9.993943245033734
32,4,1,10,4.934512937092222,5.498627601074986,0.5641146639827639,9.993943245033734
32,4,1,11,5.498627601074986,6.064158316003159,0.5655307149281725,9.993943245033734
32,4,1,12,6.064158316003159,6.6250514960847795,0.5608931800816208,9.993943245033734
32,4,1,13,6.6250514960847795,7.192070039105602,0.5670185430208221,9.993943245033734
32,4,1,14,7.192070039105602,7.752028441056609,0.5599584019510075,9.993943245033734
32,4,1,15,7.752028441056609,8.316755864070728,0.5647274230141193,9.993943245033734
32,4,1,16,8.316755864070728,8.924063259037212,0.6073073949664831,9.993943245033734
32,4,1,17,8.924063259037212,9.611034674104303,0.6869714150670916,9.993943245033734
32,4,1,18,9.611034674104303,9.99120018701069,0.38016551290638745,9.993943245033734
32,4,1,19,9.99120018701069,9.996869600028731,0.005669413018040359,9.993943245033734
32,4,2,1,0.45701459900010377,1.015270902076736,0.5582563030766323,9.993943245033734
32,4,2,2,1.015270902076736,1.5744210490956903,0.5591501470189542,9.993943245033734
32,4,2,3,1.5744210490956903,2.133062136010267,0.5586410869145766,9.993943245033734
32,4,2,4,2.133062136010267,2.689600264071487,0.55653812806122,9.993943245033734
32,4,2,5,2.689600264071487,3.2562371210660785,0.5666368569945917,9.993943245033734
32,4,2,6,3.2562371210660785,3.810597167001106,0.5543600459350273,9.993943245033734
32,4,2,7,3.810597167001106,4.37854966102168,0.5679524940205738,9.993943245033734
32,4,2,8,4.37854966102168,4.936341519001871,0.5577918579801917,9.993943245033734
32,4,2,9,4.936341519001871,5.499669012031518,0.5633274930296466,9.993943245033734
32,4,2,10,5.499669012031518,6.069988030008972,0.5703190179774538,9.993943245033734
32,4,2,11,6.069988030008972,6.627038066042587,0.5570500360336155,9.993943245033734
32,4,2,12,6.627038066042587,7.193335460033268,0.5662973939906806,9.993943245033734
32,4,2,13,7.193335460033268,7.753511124057695,0.5601756640244275,9.993943245033734
32,4,2,14,7.753511124057695,8.319112416007556,0.5656012919498608,9.993943245033734
32,4,2,15,8.319112416007556,8.925566554069519,0.606454138061963,9.993943245033734
32,4,2,16,8.925566554069519,9.612352715106681,0.686786161037162,9.993943245033734
32,4,2,17,9.612352715106681,9.995369117008522,0.38301640190184116,9.993943245033734
32,4,3,1,1.0157120920484886,1.5745797050185502,0.5588676129700616,9.993943245033734
32,4,3,2,1.5745797050185502,2.133179727010429,0.5586000219918787,9.993943245033734
32,4,3,3,2.133179727010429,2.689673090004362,0.5564933629939333,9.993943245033734
32,4,3,4,2.689673090004362,3.256372284027748,0.5666991940233856,9.993943245033734
32,4,3,5,3.256372284027748,3.8107388840289786,0.5543666000012308,9.993943245033734
32,4,3,6,3.8107388840289786,4.378617376089096,0.5678784920601174,9.993943245033734
32,4,3,7,4.378617376089096,4.935904175043106,0.55728679895401,9.993943245033734
32,4,3,8,4.935904175043106,5.499316469067708,0.5634122940246016,9.993943245033734
32,4,3,9,5.499316469067708,6.0683472560485825,0.5690307869808748,9.993943245033734
32,4,3,10,6.0683472560485825,6.626705044065602,0.5583577880170196,9.993943245033734
32,4,3,11,6.626705044065602,7.192973031080328,0.5662679870147258,9.993943245033734
32,4,3,12,7.192973031080328,7.753205928020179,0.5602328969398513,9.993943245033734
32,4,3,13,7.753205928020179,8.318706139107235,0.5655002110870555,9.993943245033734
32,4,3,14,8.318706139107235,8.925243591074832,0.606537451967597,9.993943245033734
32,4,3,15,8.925243591074832,9.612064796034247,0.6868212049594149,9.993943245033734
32,4,3,16,9.612064796034247,9.994943047058769,0.3828782510245219,9.993943245033734
32,4,4,1,1.0161076260264963,1.5755624810699373,0.5594548550434411,9.993943245033734
32,4,4,2,1.5755624810699373,2.1339152241125703,0.5583527430426329,9.993943245033734
32,4,4,3,2.1339152241125703,2.690418757032603,0.5565035329200327,9.993943245033734
32,4,4,4,2.690418757032603,3.2576448370236903,0.5672260799910873,9.993943245033734
32,4,4,5,3.2576448370236903,3.812059743097052,0.5544149060733616,9.993943245033734
32,4,4,6,3.812059743097052,4.380095376051031,0.5680356329539791,9.993943245033734
32,4,4,7,4.380095376051031,4.9362769920844585,0.5561816160334274,9.993943245033734
32,4,4,8,4.9362769920844585,5.499603930045851,0.5633269379613921,9.993943245033734
32,4,4,9,5.499603930045851,6.069787631044164,0.5701837009983137,9.993943245033734
32,4,4,10,6.069787631044164,6.626971054007299,0.5571834229631349,9.993943245033734
32,4,4,11,6.626971054007299,7.193275748053566,0.5663046940462664,9.993943245033734
32,4,4,12,7.193275748053566,7.753450438030995,0.5601746899774298,9.993943245033734
32,4,4,13,7.753450438030995,8.319043675088324,0.5655932370573282,9.993943245033734
32,4,4,14,8.319043675088324,8.925502547062933,0.6064588719746098,9.993943245033734
32,4,4,15,8.925502547062933,9.61229278310202,0.6867902360390872,9.993943245033734
32,4,4,16,9.61229278310202,9.995285691111349,0.38299290800932795,9.993943245033734
32,4,5,1,0.45738791406620294,1.0158186920452863,0.5584307779790834,9.993943245033734
32,4,5,2,1.0158186920452863,1.5751604890683666,0.5593417970230803,9.993943245033734
32,4,5,3,1.5751604890683666,2.1333967520622537,0.5582362629938871,9.993943245033734
32,4,5,4,2.1333967520622537,2.6901373110013083,0.5567405589390546,9.993943245033734
32,4,5,5,2.6901373110013083,3.2574463080381975,0.5673089970368892,9.993943245033734
32,4,5,6,3.2574463080381975,3.8118762630037963,0.5544299549655989,9.993943245033734
32,4,5,7,3.8118762630037963,4.379191535059363,0.5673152720555663,9.993943245033734
32,4,5,8,4.379191535059363,4.934186308062635,0.5549947730032727,9.993943245033734
32,4,5,9,4.934186308062635,5.498487711069174,0.5643014030065387,9.993943245033734
32,4,5,10,5.498487711069174,6.063880089088343,0.565392378019169,9.993943245033734
32,4,5,11,6.063880089088343,6.624788594082929,0.5609085049945861,9.993943245033734
32,4,5,12,6.624788594082929,7.191936244023964,0.5671476499410346,9.993943245033734
32,4,5,13,7.191936244023964,7.751483270083554,0.5595470260595903,9.993943245033734
32,4,5,14,7.751483270083554,8.316326876054518,0.5648436059709638,9.993943245033734
32,4,5,15,8.316326876054518,8.923696872079745,0.607369996025227,9.993943245033734
32,4,5,16,8.923696872079745,9.610832416103221,0.6871355440234765,9.993943245033734
32,4,5,17,9.610832416103221,9.990989504032768,0.38015708792954683,9.993943245033734
32,4,5,18,9.990989504032768,9.996678522089496,0.005689018056727946,9.993943245033734
32,4,6,1,2.1328020140063018,2.6888325640466064,0.5560305500403047,9.993943245033734
32,4,6,2,2.6888325640466064,3.255867044092156,0.5670344800455496,9.993943245033734
32,4,6,3,3.255867044092156,3.8102839330676943,0.5544168889755383,9.993943245033734
32,4,6,4,3.8102839330676943,4.3781441380269825,0.5678602049592882,9.993943245033734
32,4,6,5,4.3781441380269825,4.935755076003261,0.5576109379762784,9.993943245033734
32,4,6,6,4.935755076003261,5.499186637112871,0.5634315611096099,9.993943245033734
32,4,6,7,5.499186637112871,6.067932234029286,0.5687455969164148,9.993943245033734
32,4,6,8,6.067932234029286,6.626061046030372,0.5581288120010868,9.993943245033734
32,4,6,9,6.626061046030372,7.19270007009618,0.5666390240658075,9.993943245033734
32,4,6,10,7.19270007009618,7.753015747060999,0.5603156769648194,9.993943245033734
32,4,6,11,7.753015747060999,8.318017861107364,0.565002114046365,9.993943245033734
32,4,6,12,8.318017861107364,8.924897368997335,0.6068795078899711,9.993943245033734
32,4,6,13,8.924897368997335,9.611775046098046,0.6868776771007106,9.993943245033734
32,4,6,14,9.611775046098046,9.994438679073937,0.38266363297589123,9.993943245033734
32,4,7,1,1.5754453201079741,2.1334948270814493,0.5580495069734752,9.993943245033734
32,4,7,2,2.1334948270814493,2.6902053540106863,0.556710526929237,9.993943245033734
32,4,7,3,2.6902053540106863,3.2575133030768484,0.5673079490661621,9.993943245033734
32,4,7,4,3.2575133030768484,3.8119386651087552,0.5544253620319068,9.993943245033734
32,4,7,5,3.8119386651087552,4.379251905018464,0.5673132399097085,9.993943245033734
32,4,7,6,4.379251905018464,4.936211538035423,0.5569596330169588,9.993943245033734
32,4,7,7,4.936211538035423,5.499509556102566,0.5632980180671439,9.993943245033734
32,4,7,8,5.499509556102566,6.069432140095159,0.569922583992593,9.993943245033734
32,4,7,9,6.069432140095159,6.626907435012981,0.5574752949178219,9.993943245033734
32,4,7,10,6.626907435012981,7.193217453081161,0.5663100180681795,9.993943245033734
32,4,7,11,7.193217453081161,7.753390940022655,0.560173486941494,9.993943245033734
32,4,7,12,7.753390940022655,8.318928709020838,0.5655377689981833,9.993943245033734
32,4,7,13,8.318928709020838,8.925437748082913,0.6065090390620753,9.993943245033734
32,4,7,14,8.925437748082913,9.612236070097424,0.6867983220145106,9.993943245033734
32,4,7,15,9.612236070097424,9.995201342040673,0.3829652719432488,9.993943245033734
32,4,8,1,1.575071049039252,2.1333237671060488,0.5582527180667967,9.993943245033734
32,4,8,2,2.1333237671060488,2.6897538730408996,0.5564301059348509,9.993943245033734
32,4,8,3,2.6897538730408996,3.2564416150562465,0.5666877420153469,9.993943245033734
32,4,8,4,3.2564416150562465,3.810806878027506,0.5543652629712597,9.993943245033734
32,4,8,5,3.810806878027506,4.378681890084408,0.567875012056902,9.993943245033734
32,4,8,6,4.378681890084408,4.9359783690888435,0.5572964790044352,9.993943245033734
32,4,8,7,4.9359783690888435,5.499383719055913,0.5634053499670699,9.993943245033734
32,4,8,8,5.499383719055913,6.0686405510641634,0.5692568320082501,9.993943245033734
32,4,8,9,6.0686405510641634,6.626775427022949,0.5581348759587854,9.993943245033734
32,4,8,10,6.626775427022949,7.193093928042799,0.5663185010198504,9.993943245033734
32,4,8,11,7.193093928042799,7.75326590007171,0.5601719720289111,9.993943245033734
32,4,8,12,7.75326590007171,8.318782743997872,0.5655168439261615,9.993943245033734
32,4,8,13,8.318782743997872,8.925310951075517,0.6065282070776448,9.993943245033734
32,4,8,14,8.925310951075517,9.61212163802702,0.6868106869515032,9.993943245033734
32,4,8,15,9.61212163802702,9.995028506033123,0.38290686800610274,9.993943245033734
32,4,9,1,2.133843137999065,2.690353253041394,0.5565101150423288,9.993943245033734
32,4,9,2,2.690353253041394,3.25758441304788,0.5672311600064859,9.993943245033734
32,4,9,3,3.25758441304788,3.811998339020647,0.5544139259727672,9.993943245033734
32,4,9,4,3.811998339020647,4.380033377092332,0.5680350380716845,9.993943245033734
32,4,9,5,4.380033377092332,4.935291834059171,0.5552584569668397,9.993943245033734
32,4,9,6,4.935291834059171,5.499025245080702,0.5637334110215306,9.993943245033734
32,4,9,7,5.499025245080702,6.067747990018688,0.5687227449379861,9.993943245033734
32,4,9,8,6.067747990018688,6.625926554086618,0.55817856406793,9.993943245033734
32,4,9,9,6.625926554086618,7.192575354012661,0.5666487999260426,9.993943245033734
32,4,9,10,7.192575354012661,7.752490674029104,0.5599153200164437,9.993943245033734
32,4,9,11,7.752490674029104,8.317765563027933,0.5652748889988288,9.993943245033734
32,4,9,12,8.317765563027933,8.92468436609488,0.6069188030669466,9.993943245033734
32,4,9,13,8.92468436609488,9.611592450062744,0.6869080839678645,9.993943245033734
32,4,9,14,9.611592450062744,9.991833913023584,0.38024146296083927,9.993943245033734
32,4,9,15,9.991833913023584,9.997356814099476,0.00552290107589215,9.993943245033734
32,4,10,1,7.194200798054226,7.753857992007397,0.5596571939531714,9.993943245033734
32,4,10,2,7.753857992007397,8.319371322053485,0.5655133300460875,9.993943245033734
32,4,10,3,8.319371322053485,8.92586029600352,0.6064889739500359,9.993943245033734
32,4,10,4,8.92586029600352,9.612578887026757,0.6867185910232365,9.993943245033734
32,4,10,5,9.612578887026757,9.995696975034662,0.3831180880079046,9.993943245033734
32,4,11,1,8.317672208067961,8.924610861111432,0.6069386530434713,9.993943245033734
32,4,11,2,8.924610861111432,9.611535860109143,0.6869249989977106,9.993943245033734
32,4,11,3,9.611535860109143,9.991769551998004,0.38023369188886136,9.993943245033734
32,4,11,4,9.991769551998004,9.997295463108458,0.005525911110453308,9.993943245033734
32,4,12,1,7.19387193408329,7.753756329067983,0.5598843949846923,9.993943245033734
32,4,12,2,7.753756329067983,8.319309749058448,0.565553419990465,9.993943245033734
32,4,12,3,8.319309749058448,8.925801466102712,0.6064917170442641,9.993943245033734
32,4,12,4,8.925801466102712,9.612522280076519,0.6867208139738068,9.993943245033734
32,4,12,5,9.612522280076519,9.995618887012824,0.38309660693630576,9.993943245033734
32,4,13,1,2.690065482049249,3.257381988107227,0.5673165060579777,9.993943245033734
32,4,13,2,3.257381988107227,3.811107471003197,0.5537254828959703,9.993943245033734
32,4,13,3,3.811107471003197,4.378883945057169,0.5677764740539715,9.993943245033734
32,4,13,4,4.378883945057169,4.9364110440947115,0.5575270990375429,9.993943245033734
32,4,13,5,4.9364110440947115,5.500118037103675,0.5637069930089638,9.993943245033734
32,4,13,6,5.500118037103675,6.070479750051163,0.5703617129474878,9.993943245033734
32,4,13,7,6.070479750051163,6.6271711520385,0.5566914019873366,9.993943245033734
32,4,13,8,6.6271711520385,7.1934518970083445,0.5662807449698448,9.993943245033734
32,4,13,9,7.1934518970083445,7.753629849059507,0.5601779520511627,9.993943245033734
32,4,13,10,7.753629849059507,8.31924656208139,0.5656167130218819,9.993943245033734
32,4,13,11,8.31924656208139,8.925737372017466,0.6064908099360764,9.993943245033734
32,4,13,12,8.925737372017466,9.612466155085713,0.6867287830682471,9.993943245033734
32,4,13,13,9.612466155085713,9.995536869042553,0.38307071395684034,9.993943245033734
32,4,14,1,6.625570091069676,7.192254085093737,0.5666839940240607,9.993943245033734
32,4,14,2,7.192254085093737,7.75215841003228,0.5599043249385431,9.993943245033734
32,4,14,3,7.75215841003228,8.316897145006806,0.5647387349745259,9.993943245033734
32,4,14,4,8.316897145006806,8.924198593012989,0.6073014480061829,9.993943245033734
32,4,14,5,8.924198593012989,9.611161533044651,0.6869629400316626,9.993943245033734
32,4,14,6,9.611161533044651,9.991335970000364,0.38017443695571274,9.993943245033734
32,4,14,7,9.991335970000364,9.99698832910508,0.005652359104715288,9.993943245033734
32,4,15,1,3.2569421880180016,3.8109408220043406,0.553998633986339,9.993943245033734
32,4,15,2,3.8109408220043406,4.378754807054065,0.5678139850497246,9.993943245033734
32,4,15,3,4.378754807054065,4.935218943050131,0.556464135996066,9.993943245033734
32,4,15,4,4.935218943050131,5.498961172066629,0.5637422290164977,9.993943245033734
32,4,15,5,5.498961172066629,6.0674087760271505,0.5684476039605215,9.993943245033734
32,4,15,6,6.0674087760271505,6.62585917301476,0.5584503969876096,9.993943245033734
32,4,15,7,6.62585917301476,7.192511806031689,0.566652633016929,9.993943245033734
32,4,15,8,7.192511806031689,7.752426079008728,0.5599142729770392,9.993943245033734
32,4,15,9,7.752426079008728,8.317190867033787,0.5647647880250588,9.993943245033734
32,4,15,10,8.317190867033787,8.924480950110592,0.6072900830768049,9.993943245033734
32,4,15,11,8.924480950110592,9.611477301106788,0.6869963509961963,9.993943245033734
32,4,15,12,9.611477301106788,9.991700764046982,0.3802234629401937,9.993943245033734
32,4,15,13,9.991700764046982,9.997234167065471,0.00553340301848948,9.993943245033734
32,4,16,1,2.689451648038812,3.2561612440040335,0.5667095959652215,9.993943245033734
32,4,16,2,3.2561612440040335,3.8105271700769663,0.5543659260729328,9.993943245033734
32,4,16,3,3.8105271700769663,4.378391622100025,0.5678644520230591,9.993943245033734
32,4,16,4,4.378391622100025,4.933904548059218,0.5555129259591922,9.993943245033734
32,4,16,5,4.933904548059218,5.497707145055756,0.5638025969965383,9.993943245033734
32,4,16,6,5.497707145055756,6.061646996997297,0.5639398519415408,9.993943245033734
32,4,16,7,6.061646996997297,6.6242790770484135,0.5626320800511166,9.993943245033734
32,4,16,8,6.6242790770484135,7.1914360841037706,0.5671570070553571,9.993943245033734
32,4,16,9,7.1914360841037706,7.75100473605562,0.5595686519518495,9.993943245033734
32,4,16,10,7.75100473605562,8.315835428074934,0.5648306920193136,9.993943245033734
32,4,16,11,8.315835428074934,8.92322389606852,0.6073884679935873,9.993943245033734
32,4,16,12,8.92322389606852,9.610383130027913,0.6871592339593917,9.993943245033734
32,4,16,13,9.610383130027913,9.990677915047854,0.38029478501994163,9.993943245033734
32,4,16,14,9.990677915047854,9.996401011012495,0.005723095964640379,9.993943245033734
32,4,17,1,7.751951135112904,8.316662441007793,0.5647113058948889,9.993943245033734
32,4,17,2,8.316662441007793,8.923988438094966,0.6073259970871732,9.993943245033734
32,4,17,3,8.923988438094966,9.610967230051756,0.6869787919567898,9.993943245033734
32,4,17,4,9.610967230051756,9.991128119057976,0.3801608890062198,9.993943245033734
32,4,17,5,9.991128119057976,9.996807537041605,0.0056794179836288095,9.993943245033734
32,4,18,1,7.752806021017022,8.317870252998546,0.5650642319815233,9.993943245033734
32,4,18,2,8.317870252998546,8.924758028006181,0.6068877750076354,9.993943245033734
32,4,18,3,8.924758028006181,9.611650390084833,0.6868923620786518,9.993943245033734
32,4,18,4,9.611650390084833,9.991897733998485,0.380247343913652,9.993943245033734
32,4,18,5,9.991897733998485,9.997416519094259,0.005518785095773637,9.993943245033734
32,4,19,1,3.8114974891068414,4.379018553066999,0.5675210639601573,9.993943245033734
32,4,19,2,4.379018553066999,4.935827582026832,0.5568090289598331,9.993943245033734
32,4,19,3,4.935827582026832,5.499252720037475,0.5634251380106434,9.993943245033734
32,4,19,4,5.499252720037475,6.068041515070945,0.5687887950334698,9.993943245033734
32,4,19,5,6.068041515070945,6.6266342690214515,0.5585927539505064,9.993943245033734
32,4,19,6,6.6266342690214515,7.1929097580723464,0.566275489050895,9.993943245033734
32,4,19,7,7.1929097580723464,7.7531406310154125,0.5602308729430661,9.993943245033734
32,4,19,8,7.7531406310154125,8.318157746107318,0.565017115091905,9.993943245033734
32,4,19,9,8.318157746107318,8.925035765045322,0.606878018938005,9.993943245033734
32,4,19,10,8.925035765045322,9.61189025209751,0.6868544870521873,9.993943245033734
32,4,19,11,9.61189025209751,9.994771679048426,0.38288142695091665,9.993943245033734
32,4,20,1,4.3796358340187,4.93609944707714,0.5564636130584404,9.993943245033734
32,4,20,2,4.93609944707714,5.49944637902081,0.5633469319436699,9.993943245033734
32,4,20,3,5.49944637902081,6.069026247016154,0.5695798679953441,9.993943245033734
32,4,20,4,6.069026247016154,6.6268423170549795,0.5578160700388253,9.993943245033734
32,4,20,5,6.6268423170549795,7.193156486027874,0.5663141689728945,9.993943245033734
32,4,20,6,7.193156486027874,7.753327688085847,0.5601712020579726,9.993943245033734
32,4,20,7,7.753327688085847,8.318852203083225,0.565524514997378,9.993943245033734
32,4,20,8,8.318852203083225,8.92537384107709,0.6065216379938647,9.993943245033734
32,4,20,9,8.92537384107709,9.612177785020322,0.6868039439432323,9.993943245033734
32,4,20,10,9.612177785020322,9.995113858021796,0.38293607300147414,9.993943245033734
32,4,21,1,4.934989989036694,5.498762470087968,0.5637724810512736,9.993943245033734
32,4,21,2,5.498762470087968,6.066285361070186,0.5675228909822181,9.993943245033734
32,4,21,3,6.066285361070186,6.6256488770013675,0.5593635159311816,9.993943245033734
32,4,21,4,6.6256488770013675,7.19232130702585,0.5666724300244823,9.993943245033734
32,4,21,5,7.19232130702585,7.752224581083283,0.559903274057433,9.993943245033734
32,4,21,6,7.752224581083283,8.316969485022128,0.5647449039388448,9.993943245033734
32,4,21,7,8.316969485022128,8.924268732080236,0.6072992470581084,9.993943245033734
32,4,21,8,8.924268732080236,9.611225262051448,0.6869565299712121,9.993943245033734
32,4,21,9,9.611225262051448,9.991402601008303,0.38017733895685524,9.993943245033734
32,4,21,10,9.991402601008303,9.997048514080234,0.0056459130719304085,9.993943245033734
32,4,22,1,8.318625420099124,8.925174632109702,0.6065492120105773,9.993943245033734
32,4,22,2,8.925174632109702,9.612004046095535,0.6868294139858335,9.993943245033734
32,4,22,3,9.612004046095535,9.99485702603124,0.38285297993570566,9.993943245033734
32,4,23,1,6.626553027075715,7.192843512049876,0.5662904849741608,9.993943245033734
32,4,23,2,7.192843512049876,7.753077147062868,0.5602336350129917,9.993943245033734
32,4,23,3,7.753077147062868,8.318089745007455,0.5650125979445875,9.993943245033734
32,4,23,4,8.318089745007455,8.924962339107879,0.6068725941004232,9.993943245033734
32,4,23,5,8.924962339107879,9.611832633032463,0.686870293924585,9.993943245033734
32,4,23,6,9.611832633032463,9.994673000066541,0.38284036703407764,9.993943245033734
32,4,24,1,3.8118098550476134,4.379127400112338,0.567317545064725,9.993943245033734
32,4,24,2,4.379127400112338,4.934076942037791,0.5549495419254526,9.993943245033734
32,4,24,3,4.934076942037791,5.4984104270115495,0.5643334849737585,9.993943245033734
32,4,24,4,5.4984104270115495,6.063527353107929,0.5651169260963798,9.993943245033734
32,4,24,5,6.063527353107929,6.624710819101892,0.5611834659939632,9.993943245033734
32,4,24,6,6.624710819101892,7.191864709020592,0.5671538899186999,9.993943245033734
32,4,24,7,7.191864709020592,7.751410183031112,0.5595454740105197,9.993943245033734
32,4,24,8,7.751410183031112,8.316245143068954,0.5648349600378424,9.993943245033734
32,4,24,9,8.316245143068954,8.923620465095155,0.6073753220262006,9.993943245033734
32,4,24,10,8.923620465095155,9.610762825002894,0.6871423599077389,9.993943245033734
32,4,24,11,9.610762825002894,9.990918988012709,0.3801561630098149,9.993943245033734
32,4,24,12,9.990918988012709,9.996615911019035,0.00569692300632596,9.993943245033734
32,4,25,1,3.257279468001798,3.8110459280433133,0.5537664600415155,9.993943245033734
32,4,25,2,3.8110459280433133,4.378820666112006,0.5677747380686924,9.993943245033734
32,4,25,3,4.378820666112006,4.935140099027194,0.5563194329151884,9.993943245033734
32,4,25,4,4.935140099027194,5.498897550045513,0.5637574510183185,9.993943245033734
32,4,25,5,5.498897550045513,6.067070401040837,0.5681728509953246,9.993943245033734
32,4,25,6,6.067070401040837,6.625791089027189,0.5587206879863515,9.993943245033734
32,4,25,7,6.625791089027189,7.192447909037583,0.5666568200103939,9.993943245033734
32,4,25,8,7.192447909037583,7.752358689089306,0.5599107800517231,9.993943245033734
32,4,25,9,7.752358689089306,8.317114641075023,0.5647559519857168,9.993943245033734
32,4,25,10,8.317114641075023,8.924407146056183,0.6072925049811602,9.993943245033734
32,4,25,11,8.924407146056183,9.61141282808967,0.6870056820334867,9.993943245033734
32,4,25,12,9.61141282808967,9.99163258203771,0.3802197539480403,9.993943245033734
32,4,25,13,9.99163258203771,9.997173025039956,0.00554044300224632,9.993943245033734
32,4,26,1,6.0651642919983715,6.625176557106897,0.5600122651085258,9.993943245033734
32,4,26,2,6.625176557106897,7.1921328090829775,0.5669562519760802,9.993943245033734
32,4,26,3,7.1921328090829775,7.752095082076266,0.5599622729932889,9.993943245033734
32,4,26,4,7.752095082076266,8.316828126087785,0.5647330440115184,9.993943245033734
32,4,26,5,8.316828126087785,8.92412925104145,0.6073011249536648,9.993943245033734
32,4,26,6,8.92412925104145,9.611095846048556,0.6869665950071067,9.993943245033734
32,4,26,7,9.611095846048556,9.991269346093759,0.3801735000452027,9.993943245033734
32,4,26,8,9.991269346093759,9.996928984997794,0.005659638904035091,9.993943245033734
32,4,27,1,5.4982333281077445,6.06321559404023,0.5649822659324855,9.993943245033734
32,4,27,2,6.06321559404023,6.624639849062078,0.5614242550218478,9.993943245033734
32,4,27,3,6.624639849062078,7.191690415027551,0.5670505659654737,9.993943245033734
32,4,27,4,7.191690415027551,7.7512462720042095,0.5595558569766581,9.993943245033734
32,4,27,5,7.7512462720042095,8.316167605109513,0.5649213331053033,9.993943245033734
32,4,27,6,8.316167605109513,8.923545204102993,0.6073775989934802,9.993943245033734
32,4,27,7,8.923545204102993,9.610628785099834,0.6870835809968412,9.993943245033734
32,4,27,8,9.610628785099834,9.990848650108092,0.38021986500825733,9.993943245033734
32,4,27,9,9.990848650108092,9.996552866068669,0.00570421596057713,9.993943245033734
32,4,28,1,4.935675195069052,5.4991236050846055,0.5634484100155532,9.993943245033734
32,4,28,2,5.4991236050846055,6.067857336020097,0.5687337309354916,9.993943245033734
32,4,28,3,6.067857336020097,6.625994520029053,0.558137184008956,9.993943245033734
32,4,28,4,6.625994520029053,7.192640373017639,0.5666458529885858,9.993943245033734
32,4,28,5,7.192640373017639,7.752950005000457,0.5603096319828182,9.993943245033734
32,4,28,6,7.752950005000457,8.317945011076517,0.5649950060760602,9.993943245033734
32,4,28,7,8.317945011076517,8.924828033079393,0.6068830220028758,9.993943245033734
32,4,28,8,8.924828033079393,9.611706831026822,0.6868787979474291,9.993943245033734
32,4,28,9,9.611706831026822,9.994352082023397,0.38264525099657476,9.993943245033734
32,4,29,1,4.379961331025697,4.934331092052162,0.5543697610264644,9.993943245033734
32,4,29,2,4.934331092052162,5.498559046071023,0.564227954018861,9.993943245033734
32,4,29,3,5.498559046071023,6.064079649047926,0.5655206029769033,9.993943245033734
32,4,29,4,6.064079649047926,6.624860503012314,0.5607808539643884,9.993943245033734
32,4,29,5,6.624860503012314,7.192002796102315,0.5671422930900007,9.993943245033734
32,4,29,6,7.192002796102315,7.751551725086756,0.5595489289844409,9.993943245033734
32,4,29,7,7.751551725086756,8.316401626099832,0.5648499010130763,9.993943245033734
32,4,29,8,8.316401626099832,8.923915225081146,0.6075135989813134,9.993943245033734
32,4,29,9,8.923915225081146,9.610898500075564,0.686983274994418,9.993943245033734
32,4,29,10,9.610898500075564,9.991058759042062,0.3801602589664981,9.993943245033734
32,4,29,11,9.991058759042062,9.996745582087897,0.005686823045834899,9.993943245033734
32,4,30,1,5.500043090083636,6.070338846067898,0.5702957559842616,9.993943245033734
32,4,30,2,6.070338846067898,6.627104922081344,0.5567660760134459,9.993943245033734
32,4,30,3,6.627104922081344,7.193394834059291,0.5662899119779468,9.993943245033734
32,4,30,4,7.193394834059291,7.753570794011466,0.5601759599521756,9.993943245033734
32,4,30,5,7.753570794011466,8.319176526041701,0.5656057320302352,9.993943245033734
32,4,30,6,8.319176526041701,8.925662491004914,0.6064859649632126,9.993943245033734
32,4,30,7,8.925662491004914,9.612410443020053,0.6867479520151392,9.993943245033734
32,4,30,8,9.612410443020053,9.995453431038186,0.38304298801813275,9.993943245033734
32,4,31,1,6.062835890101269,6.624547818093561,0.5617119279922917,9.993943245033734
32,4,31,2,6.624547818093561,7.1916037410264835,0.5670559229329228,9.993943245033734
32,4,31,3,7.1916037410264835,7.751162716071121,0.5595589750446379,9.993943245033734
32,4,31,4,7.751162716071121,8.316079142037779,0.5649164259666577,9.993943245033734
32,4,31,5,8.316079142037779,8.923458517063409,0.60737937502563,9.993943245033734
32,4,31,6,8.923458517063409,9.610549302073196,0.6870907850097865,9.993943245033734
32,4,31,7,9.610549302073196,9.990775087033398,0.3802257849602029,9.993943245033734
32,4,31,8,9.990775087033398,9.996484918054193,0.005709831020794809,9.993943245033734
32,5,0,1,3.241679550963454,3.7936140469973907,0.5519344960339367,9.963877810980193
32,5,0,2,3.7936140469973907,4.364784355973825,0.5711703089764342,9.963877810980193
32,5,0,3,4.364784355973825,4.920993904932402,0.5562095489585772,9.963877810980193
32,5,0,4,4.920993904932402,5.484334719018079,0.5633408140856773,9.963877810980193
32,5,0,5,5.484334719018079,6.042658283025958,0.5583235640078783,9.963877810980193
32,5,0,6,6.042658283025958,6.602871823939495,0.5602135409135371,9.963877810980193
32,5,0,7,6.602871823939495,7.170228503993712,0.5673566800542176,9.963877810980193
32,5,0,8,7.170228503993712,7.728208267944865,0.5579797639511526,9.963877810980193
32,5,0,9,7.728208267944865,8.292288924916647,0.5640806569717824,9.963877810980193
32,5,0,10,8.292288924916647,8.895392981008627,0.6031040560919791,9.963877810980193
32,5,0,11,8.895392981008627,9.58307719801087,0.6876842170022428,9.963877810980193
32,5,0,12,9.58307719801087,9.961427789996378,0.3783505919855088,9.963877810980193
32,5,0,13,9.961427789996378,9.966039818013087,0.004612028016708791,9.963877810980193
32,5,1,3,-0.1357712100725621,0.4427994559518993,0.5785706660244614,9.963877810980193
32,5,1,4,0.4427994559518993,0.9978468189947307,0.5550473630428314,9.963877810980193
32,5,1,5,0.9978468189947307,1.553199351998046,0.5553525330033153,9.963877810980193
32,5,1,6,1.553199351998046,2.1184446109691635,0.5652452589711174,9.963877810980193
32,5,1,7,2.1184446109691635,2.673218125011772,0.5547735140426084,9.963877810980193
32,5,1,8,2.673218125011772,3.24208183796145,0.5688637129496783,9.963877810980193
32,5,1,9,3.24208183796145,3.794017113978043,0.551935276016593,9.963877810980193
32,5,1,10,3.794017113978043,4.36518812191207,0.5711710079340264,9.963877810980193
32,5,1,11,4.36518812191207,4.920450713951141,0.555262592039071,9.963877810980193
32,5,1,12,4.920450713951141,5.483863204019144,0.5634124900680035,9.963877810980193
32,5,1,13,5.483863204019144,6.04218138800934,0.5583181839901954,9.963877810980193
32,5,1,14,6.04218138800934,6.602408602018841,0.560227214009501,9.963877810980193
32,5,1,15,6.602408602018841,7.16977632092312,0.5673677189042792,9.963877810980193
32,5,1,16,7.16977632092312,7.727267779991962,0.5574914590688422,9.963877810980193
32,5,1,17,7.727267779991962,8.29169955092948,0.5644317709375173,9.963877810980193
32,5,1,18,8.29169955092948,8.894880431005731,0.6031808800762519,9.963877810980193
32,5,1,19,8.894880431005731,9.582584665971808,0.6877042349660769,9.963877810980193
32,5,1,20,9.582584665971808,9.960892690927722,0.3783080249559134,9.963877810980193
32,5,1,21,9.960892690927722,9.965627458994277,0.004734768066555262,9.963877810980193
32,5,2,1,5.485423416947015,6.043918264913373,0.5584948479663581,9.963877810980193
32,5,2,2,6.043918264913373,6.60349521797616,0.5595769530627877,9.963877810980193
32,5,2,3,6.60349521797616,7.170842484920286,0.5673472669441253,9.963877810980193
32,5,2,4,7.170842484920286,7.728830931941047,0.5579884470207617,9.963877810980193
32,5,2,5,7.728830931941047,8.293265637941658,0.5644347060006112,9.963877810980193
32,5,2,6,8.293265637941658,8.89603627892211,0.6027706409804523,9.963877810980193
32,5,2,7,8.89603627892211,9.583697699010372,0.6876614200882614,9.963877810980193
32,5,2,8,9.583697699010372,9.96213664591778,0.37843894690740854,9.963877810980193
32,5,2,9,9.96213664591778,9.96661485300865,0.004478207090869546,9.963877810980193
32,5,3,1,4.921421477920376,5.484447267022915,0.5630257891025394,9.963877810980193
32,5,3,2,5.484447267022915,6.042718927958049,0.5582716609351337,9.963877810980193
32,5,3,3,6.042718927958049,6.602929015993141,0.5602100880350918,9.963877810980193
32,5,3,4,6.602929015993141,7.170290838927031,0.5673618229338899,9.963877810980193
32,5,3,5,7.170290838927031,7.728267965023406,0.5579771260963753,9.963877810980193
32,5,3,6,7.728267965023406,8.292347784969024,0.5640798199456185,9.963877810980193
32,5,3,7,8.292347784969024,8.895449912990443,0.603102128021419,9.963877810980193
32,5,3,8,8.895449912990443,9.583134689950384,0.6876847769599408,9.963877810980193
32,5,3,9,9.583134689950384,9.96148550498765,0.3783508150372654,9.963877810980193
32,5,3,10,9.96148550498765,9.966093938914128,0.004608433926478028,9.963877810980193
32,5,4,1,-0.1359214880503714,0.4419144180137664,0.5778359060641378,9.963877810980193
32,5,4,2,0.4419144180137664,0.998619296005927,0.5567048779921606,9.963877810980193
32,5,4,3,0.998619296005927,1.5541844569379464,0.5555651609320194,9.963877810980193
32,5,4,4,1.5541844569379464,2.119635234004818,0.5654507770668715,9.963877810980193
32,5,4,5,2.119635234004818,2.6745068059535697,0.5548715719487518,9.963877810980193
32,5,4,6,2.6745068059535697,3.243108846945688,0.5686020409921184,9.963877810980193
32,5,4,7,3.243108846945688,3.7953319249209017,0.5522230779752135,9.963877810980193
32,5,4,8,3.7953319249209017,4.366382910986431,0.5710509860655293,9.963877810980193
32,5,4,9,4.366382910986431,4.922499984968454,0.5561170739820227,9.963877810980193
32,5,4,10,4.922499984968454,5.485902869026177,0.563402884057723,9.963877810980193
32,5,4,11,5.485902869026177,6.04435547394678,0.5584526049206033,9.963877810980193
32,5,4,12,6.04435547394678,6.6046716859564185,0.5603162120096385,9.963877810980193
32,5,4,13,6.6046716859564185,7.17218838899862,0.5675167030422017,9.963877810980193
32,5,4,14,7.17218838899862,7.72993419400882,0.5577458050101995,9.963877810980193
32,5,4,15,7.72993419400882,8.294382816995494,0.5644486229866743,9.963877810980193
32,5,4,16,8.294382816995494,8.896873257006519,0.6024904400110245,9.963877810980193
32,5,4,17,8.896873257006519,9.584455520962365,0.6875822639558464,9.963877810980193
32,5,4,18,9.584455520962365,9.964844051981345,0.38038853101897985,9.963877810980193
32,5,5,1,2.67402110400144,3.242479895008728,0.5684587910072878,9.963877810980193
32,5,5,2,3.242479895008728,3.7944462839514017,0.5519663889426738,9.963877810980193
32,5,5,3,3.7944462839514017,4.365529200993478,0.5710829170420766,9.963877810980193
32,5,5,4,4.365529200993478,4.921914033940993,0.556384832947515,9.963877810980193
32,5,5,5,4.921914033940993,5.485550174023956,0.5636361400829628,9.963877810980193
32,5,5,6,5.485550174023956,6.044045349000953,0.5584951749769971,9.963877810980193
32,5,5,7,6.044045349000953,6.603661314002238,0.5596159650012851,9.963877810980193
32,5,5,8,6.603661314002238,7.1709563080221415,0.5672949940199032,9.963877810980193
32,5,5,9,7.1709563080221415,7.729289876995608,0.5583335689734668,9.963877810980193
32,5,5,10,7.729289876995608,8.29379040200729,0.564500525011681,9.963877810980193
32,5,5,11,8.29379040200729,8.896358401980251,0.6025679999729618,9.963877810980193
32,5,5,12,8.896358401980251,9.583965894998983,0.6876074930187315,9.963877810980193
32,5,5,13,9.583965894998983,9.964263569912873,0.38029767491389066,9.963877810980193
32,5,6,1,3.795648676925339,4.366826550918631,0.5711778739932925,9.963877810980193
32,5,6,2,4.366826550918631,4.920932427980006,0.5541058770613745,9.963877810980193
32,5,6,3,4.920932427980006,5.484273685025983,0.5633412570459768,9.963877810980193
32,5,6,4,5.484273685025983,6.042598282918334,0.5583245978923514,9.963877810980193
32,5,6,5,6.042598282918334,6.602812679018825,0.5602143961004913,9.963877810980193
32,5,6,6,6.602812679018825,7.17016803601291,0.567355356994085,9.963877810980193
32,5,6,7,7.17016803601291,7.728146577021107,0.5579785410081968,9.963877810980193
32,5,6,8,7.728146577021107,8.292229790939018,0.564083213917911,9.963877810980193
32,5,6,9,8.292229790939018,8.895331528969109,0.6031017380300909,9.963877810980193
32,5,6,10,8.895331528969109,9.583020170917735,0.6876886419486254,9.963877810980193
32,5,6,11,9.583020170917735,9.961366822943091,0.3783466520253569,9.963877810980193
32,5,6,12,9.961366822943091,9.96598359302152,0.00461677007842809,9.963877810980193
32,5,7,1,0.4427087539806962,0.9975479299901053,0.5548391760094091,9.963877810980193
32,5,7,2,0.9975479299901053,1.5530073919799179,0.5554594619898126,9.963877810980193
32,5,7,3,1.5530073919799179,2.1181961270049214,0.5651887350250036,9.963877810980193
32,5,7,4,2.1181961270049214,2.6729974480113015,0.55480132100638,9.963877810980193
32,5,7,5,2.6729974480113015,3.241859638947062,0.5688621909357607,9.963877810980193
32,5,7,6,3.241859638947062,3.7938426489708945,0.5519830100238323,9.963877810980193
32,5,7,7,3.7938426489708945,4.364952293923125,0.5711096449522302,9.963877810980193
32,5,7,8,4.364952293923125,4.9202863639220595,0.5553340699989349,9.963877810980193
32,5,7,9,4.9202863639220595,5.483706064987928,0.5634197010658681,9.963877810980193
32,5,7,10,5.483706064987928,6.042034882004373,0.5583288170164451,9.963877810980193
32,5,7,11,6.042034882004373,6.60226326296106,0.560228380956687,9.963877810980193
32,5,7,12,6.60226326296106,7.169622876914218,0.5673596139531583,9.963877810980193
32,5,7,13,7.169622876914218,7.727113401982933,0.5574905250687152,9.963877810980193
32,5,7,14,7.727113401982933,8.291559453005902,0.5644460510229692,9.963877810980193
32,5,7,15,8.291559453005902,8.894735535024665,0.6031760820187628,9.963877810980193
32,5,7,16,8.894735535024665,9.582452997914515,0.6877174628898501,9.963877810980193
32,5,7,17,9.582452997914515,9.960821539978497,0.3783685420639813,9.963877810980193
32,5,7,18,9.960821539978497,9.96555520396214,0.004733663983643055,9.963877810980193
32,5,8,1,6.604109818930738,7.171496195020154,0.5673863760894164,9.963877810980193
32,5,8,2,7.171496195020154,7.729504823917523,0.5580086288973689,9.963877810980193
32,5,8,3,7.729504823917523,8.294025324983522,0.5645205010659993,9.963877810980193
32,5,8,4,8.294025324983522,8.896526076947339,0.6025007519638166,9.963877810980193
32,5,8,5,8.896526076947339,9.58412860298995,0.6876025260426104,9.963877810980193
32,5,8,6,9.58412860298995,9.964467059937306,0.38033845694735646,9.963877810980193
32,5,9,1,2.1190986479632556,2.673557263915427,0.5544586159521714,9.963877810980193
32,5,9,2,2.673557263915427,3.242288728011772,0.568731464096345,9.963877810980193
32,5,9,3,3.242288728011772,3.7943054389907047,0.5520167109789327,9.963877810980193
32,5,9,4,3.7943054389907047,4.365398294990882,0.5710928560001776,9.963877810980193
32,5,9,5,4.365398294990882,4.921628795913421,0.5562305009225383,9.963877810980193
32,5,9,6,4.921628795913421,5.485063318978064,0.5634345230646431,9.963877810980193
32,5,9,7,5.485063318978064,6.043024057988077,0.5579607390100136,9.963877810980193
32,5,9,8,6.043024057988077,6.60316482395865,0.5601407659705728,9.963877810980193
32,5,9,9,6.60316482395865,7.17053997493349,0.5673751509748399,9.963877810980193
32,5,9,10,7.17053997493349,7.728513178997673,0.5579732040641829,9.963877810980193
32,5,9,11,7.728513178997673,8.29258248291444,0.5640693039167672,9.963877810980193
32,5,9,12,8.29258248291444,8.895676762913354,0.6030942799989134,9.963877810980193
32,5,9,13,8.895676762913354,9.583411752944812,0.6877349900314584,9.963877810980193
32,5,9,14,9.583411752944812,9.961739041027613,0.3783272880828008,9.963877810980193
32,5,9,15,9.961739041027613,9.966322774998844,0.004583733971230686,9.963877810980193
32,5,10,1,1.5537114780163392,2.1186600719811395,0.5649485939648002,9.963877810980193
32,5,10,2,2.1186600719811395,2.6734177629696205,0.554757690988481,9.963877810980193
32,5,10,3,2.6734177629696205,3.2422229619696736,0.5688051990000531,9.963877810980193
32,5,10,4,3.2422229619696736,3.794163718004711,0.5519407560350373,9.963877810980193
32,5,10,5,3.794163718004711,4.3653303269529715,0.5711666089482605,9.963877810980193
32,5,10,6,4.3653303269529715,4.921846944955178,0.5565166180022061,9.963877810980193
32,5,10,7,4.921846944955178,5.485490500926971,0.5636435559717938,9.963877810980193
32,5,10,8,5.485490500926971,6.04398402501829,0.5584935240913182,9.963877810980193
32,5,10,9,6.04398402501829,6.603551802923903,0.5595677779056132,9.963877810980193
32,5,10,10,6.603551802923903,7.170899307006039,0.5673475040821359,9.963877810980193
32,5,10,11,7.170899307006039,7.729230227996595,0.5583309209905565,9.963877810980193
32,5,10,12,7.729230227996595,8.293732448015362,0.5645022200187668,9.963877810980193
32,5,10,13,8.293732448015362,8.896301909931935,0.6025694619165733,9.963877810980193
32,5,10,14,8.896301909931935,9.583868480985984,0.6875665710540488,9.963877810980193
32,5,10,15,9.583868480985984,9.962311517912894,0.3784430369269103,9.963877810980193
32,5,10,16,9.962311517912894,9.966791443992406,0.0044799260795116425,9.963877810980193
32,5,11,1,4.922372847911902,5.485781861934811,0.5634090140229091,9.963877810980193
32,5,11,2,5.485781861934811,6.044236975023523,0.5584551130887121,9.963877810980193
32,5,11,3,6.044236975023523,6.604551390977576,0.5603144159540534,9.963877810980193
32,5,11,4,6.604551390977576,7.1720664439490065,0.5675150529714301,9.963877810980193
32,5,11,5,7.1720664439490065,7.729794480022974,0.5577280360739678,9.963877810980193
32,5,11,6,7.729794480022974,8.29426555999089,0.564471079967916,9.963877810980193
32,5,11,7,8.29426555999089,8.896755032939836,0.6024894729489461,9.963877810980193
32,5,11,8,8.896755032939836,9.5843460499309,0.687591016991064,9.963877810980193
32,5,11,9,9.5843460499309,9.964716529008001,0.38037047907710075,9.963877810980193
32,5,12,1,5.484936628956348,6.042963395011611,0.5580267660552636,9.963877810980193
32,5,12,2,6.042963395011611,6.603105506976135,0.5601421119645238,9.963877810980193
32,5,12,3,6.603105506976135,7.1704766899347305,0.5673711829585955,9.963877810980193
32,5,12,4,7.1704766899347305,7.728448846959509,0.5579721570247784,9.963877810980193
32,5,12,5,7.728448846959509,8.292525448021479,0.56407660106197,9.963877810980193
32,5,12,6,8.292525448021479,8.895621458999813,0.6030960109783337,9.963877810980193
32,5,12,7,8.895621458999813,9.583305683918297,0.6876842249184847,9.963877810980193
32,5,12,8,9.583305683918297,9.96166823792737,0.3783625540090725,9.963877810980193
32,5,12,9,9.96166823792737,9.966267313924618,0.004599075997248292,9.963877810980193
32,5,13,1,7.729161624913104,8.293361329939216,0.5641997050261125,9.963877810980193
32,5,13,2,8.293361329939216,8.896097327000462,0.6027359970612451,9.963877810980193
32,5,13,3,8.896097327000462,9.583759182947688,0.6876618559472263,9.963877810980193
32,5,13,4,9.583759182947688,9.962196704931557,0.3784375219838694,9.963877810980193
32,5,13,5,9.962196704931557,9.966674241935834,0.00447753700427711,9.963877810980193
32,5,14,1,0.9982422889443114,1.553366774925962,0.5551244859816507,9.963877810980193
32,5,14,2,1.553366774925962,2.1185154949780554,0.5651487200520933,9.963877810980193
32,5,14,3,2.1185154949780554,2.673344347975217,0.5548288529971614,9.963877810980193
32,5,14,4,2.673344347975217,3.2421544149983674,0.5688100670231506,9.963877810980193
32,5,14,5,3.2421544149983674,3.794089955976233,0.5519355409778655,9.963877810980193
32,5,14,6,3.794089955976233,4.365262141916901,0.571172185940668,9.963877810980193
32,5,14,7,4.365262141916901,4.922039587981999,0.556777446065098,9.963877810980193
32,5,14,8,4.922039587981999,5.485669663990848,0.5636300760088488,9.963877810980193
32,5,14,9,5.485669663990848,6.044176517985761,0.5585068539949134,9.963877810980193
32,5,14,10,6.044176517985761,6.604490406927653,0.5603138889418915,9.963877810980193
32,5,14,11,6.604490406927653,7.171693613985553,0.5672032070579007,9.963877810980193
32,5,14,12,7.171693613985553,7.729624773026444,0.5579311590408906,9.963877810980193
32,5,14,13,7.729624773026444,8.29414995899424,0.5645251859677956,9.963877810980193
32,5,14,14,8.29414995899424,8.896640177001245,0.6024902180070058,9.963877810980193
32,5,14,15,8.896640177001245,9.58423631300684,0.6875961360055953,9.963877810980193
32,5,14,16,9.58423631300684,9.964592919917777,0.38035660691093653,9.963877810980193
32,5,15,1,7.728075935970992,8.292166745988652,0.5640908100176603,9.963877810980193
32,5,15,2,8.292166745988652,8.895275388960727,0.6031086429720744,9.963877810980193
32,5,15,3,8.895275388960727,9.58296246593818,0.6876870769774541,9.963877810980193
32,5,15,4,9.58296246593818,9.961305981967598,0.3783435160294175,9.963877810980193
32,5,15,5,9.961305981967598,9.965925948927179,0.004619966959580779,9.963877810980193
32,5,16,1,4.366682444931939,4.921734262956306,0.5550518180243671,9.963877810980193
32,5,16,2,4.921734262956306,5.4851317659486085,0.5633975029923022,9.963877810980193
32,5,16,3,5.4851317659486085,6.043785294983536,0.5586535290349275,9.963877810980193
32,5,16,4,6.043785294983536,6.603437295998447,0.5596520010149106,9.963877810980193
32,5,16,5,6.603437295998447,7.170778888976201,0.5673415929777548,9.963877810980193
32,5,16,6,7.170778888976201,7.728771285968833,0.5579923969926313,9.963877810980193
32,5,16,7,7.728771285968833,8.29320600896608,0.5644347229972482,9.963877810980193
32,5,16,8,8.29320600896608,8.8959776799893,0.6027716710232198,9.963877810980193
32,5,16,9,8.8959776799893,9.583642901969142,0.6876652219798416,9.963877810980193
32,5,16,10,9.583642901969142,9.962073192931712,0.3784302909625694,9.963877810980193
32,5,16,11,9.962073192931712,9.96655805897899,0.004484866047278047,9.963877810980193
32,5,17,1,8.292955241980962,8.89579112897627,0.6028358869953081,9.963877810980193
32,5,17,2,8.89579112897627,9.583472402999178,0.687681274022907,9.963877810980193
32,5,17,3,9.583472402999178,9.96179927396588,0.3783268709667027,9.963877810980193
32,5,17,4,9.96179927396588,9.966385853942484,0.004586579976603389,9.963877810980193
32,5,18,1,2.6743182169739157,3.242574790958315,0.5682565739843994,9.963877810980193
32,5,18,2,3.242574790958315,3.7945131169399247,0.5519383259816095,9.963877810980193
32,5,18,3,3.7945131169399247,4.36559473501984,0.5710816180799156,9.963877810980193
32,5,18,4,4.36559473501984,4.922438342007808,0.5568436069879681,9.963877810980193
32,5,18,5,4.922438342007808,5.485842817928642,0.5634044759208336,9.963877810980193
32,5,18,6,5.485842817928642,6.04429671401158,0.5584538960829377,9.963877810980193
32,5,18,7,6.04429671401158,6.604611198999919,0.5603144849883392,9.963877810980193
32,5,18,8,6.604611198999919,7.172126550925896,0.5675153519259766,9.963877810980193
32,5,18,9,7.172126550925896,7.729872626950964,0.5577460760250688,9.963877810980193
32,5,18,10,7.729872626950964,8.294322396977805,0.5644497700268403,9.963877810980193
32,5,18,11,8.294322396977805,8.896819064975716,0.6024966679979116,9.963877810980193
32,5,18,12,8.896819064975716,9.584401196916588,0.6875821319408715,9.963877810980193
32,5,18,13,9.584401196916588,9.964781738934107,0.3803805420175195,9.963877810980193
32,5,19,1,7.171313924016431,7.729383650934324,0.5580697269178927,9.963877810980193
32,5,19,2,7.729383650934324,8.293849515961483,0.5644658650271595,9.963877810980193
32,5,19,3,8.293849515961483,8.896414089947939,0.6025645739864558,9.963877810980193
32,5,19,4,8.896414089947939,9.584022954921238,0.6876088649732992,9.963877810980193
32,5,19,5,9.584022954921238,9.964339843951166,0.38031688902992755,9.963877810980193
32,5,20,1,6.6044233539141715,7.171630985918455,0.5672076320042834,9.963877810980193
32,5,20,2,7.171630985918455,7.72956352494657,0.5579325390281156,9.963877810980193
32,5,20,3,7.72956352494657,8.294088403927162,0.5645248789805919,9.963877810980193
32,5,20,4,8.294088403927162,8.896582786925137,0.6024943829979748,9.963877810980193
32,5,20,5,8.896582786925137,9.584181067999452,0.6875982810743153,9.963877810980193
32,5,20,6,9.584181067999452,9.964527718024328,0.380346650024876,9.963877810980193
32,5,21,1,4.366088883951306,4.920732507947832,0.554643623996526,9.963877810980193
32,5,21,2,4.920732507947832,5.484077187022194,0.5633446790743619,9.963877810980193
32,5,21,3,5.484077187022194,6.042406747932546,0.5583295609103516,9.963877810980193
32,5,21,4,6.042406747932546,6.602621351019479,0.5602146030869335,9.963877810980193
32,5,21,5,6.602621351019479,7.169988702982664,0.5673673519631848,9.963877810980193
32,5,21,6,7.169988702982664,7.727490926976316,0.5575022239936516,9.963877810980193
32,5,21,7,7.727490926976316,8.291913841967471,0.5644229149911553,9.963877810980193
32,5,21,8,8.291913841967471,8.89509426895529,0.6031804269878194,9.963877810980193
32,5,21,9,8.89509426895529,9.582787432009354,0.6876931630540639,9.963877810980193
32,5,21,10,9.582787432009354,9.961112231947482,0.3783247999381274,9.963877810980193
32,5,21,11,9.961112231947482,9.965752469957806,0.004640238010324538,9.963877810980193
32,5,22,1,6.0437109069898725,6.603373278980143,0.5596623719902709,9.963877810980193
32,5,22,2,6.603373278980143,7.1706557179568335,0.5672824389766902,9.963877810980193
32,5,22,3,7.1706557179568335,7.7287015919573605,0.558045874000527,9.963877810980193
32,5,22,4,7.7287015919573605,8.293146183015779,0.5644445910584182,9.963877810980193
32,5,22,5,8.293146183015779,8.89590976794716,0.602763584931381,9.963877810980193
32,5,22,6,8.89590976794716,9.58358372701332,0.68767395906616,9.963877810980193
32,5,22,7,9.58358372701332,9.961917274980806,0.3783335479674861,9.963877810980193
32,5,22,8,9.961917274980806,9.966499145957641,0.004581870976835489,9.963877810980193
32,5,23,1,0.9985459799645469,1.5538210530066863,0.5552750730421394,9.963877810980193
32,5,23,2,1.5538210530066863,2.1194707379909232,0.565649684984237,9.963877810980193
32,5,23,3,2.1194707379909232,2.67438228498213,0.5549115469912067,9.963877810980193
32,5,23,4,2.67438228498213,3.2426354109775275,0.5682531259953976,9.963877810980193
32,5,23,5,3.2426354109775275,3.7950493230018765,0.552413912024349,9.963877810980193
32,5,23,6,3.7950493230018765,4.366161520010792,0.5711121970089152,9.963877810980193
32,5,23,7,4.366161520010792,4.920805883011781,0.554644363000989,9.963877810980193
32,5,23,8,4.920805883011781,5.484148915973492,0.5633430329617113,9.963877810980193
32,5,23,9,5.484148915973492,6.042473679990508,0.5583247640170157,9.963877810980193
32,5,23,10,6.042473679990508,6.602687153965235,0.5602134739747271,9.963877810980193
32,5,23,11,6.602687153965235,7.170051950961351,0.5673647969961166,9.963877810980193
32,5,23,12,7.170051950961351,7.727557186968625,0.5575052360072732,9.963877810980193
32,5,23,13,7.727557186968625,8.291980733978562,0.5644235470099375,9.963877810980193
32,5,23,14,8.291980733978562,8.895159109961241,0.6031783759826794,9.963877810980193
32,5,23,15,8.895159109961241,9.582847469020635,0.6876883590593934,9.963877810980193
32,5,23,16,9.582847469020635,9.961176262935624,0.37832879391498864,9.963877810980193
32,5,23,17,9.961176262935624,9.965811387985013,0.004635125049389899,9.963877810980193
32,5,24,1,2.119400932919234,2.6736552140209824,0.5542542811017483,9.963877810980193
32,5,24,2,2.6736552140209824,3.2423511089291424,0.56869589490816,9.963877810980193
32,5,24,3,3.2423511089291424,3.7943780350033194,0.552026926074177,9.963877810980193
32,5,24,4,3.7943780350033194,4.365464558941312,0.5710865239379928,9.963877810980193
32,5,24,5,4.365464558941312,4.92156297294423,0.5560984140029177,9.963877810980193
32,5,24,6,4.92156297294423,5.484576113987714,0.5630131410434842,9.963877810980193
32,5,24,7,5.484576113987714,6.042850443976931,0.5582743299892172,9.963877810980193
32,5,24,8,6.042850443976931,6.603046736912802,0.5601962929358706,9.963877810980193
32,5,24,9,6.603046736912802,7.170416053966619,0.5673693170538172,9.963877810980193
32,5,24,10,7.170416053966619,7.728389482013881,0.5579734280472621,9.963877810980193
32,5,24,11,7.728389482013881,8.292465089005418,0.5640756069915369,9.963877810980193
32,5,24,12,8.292465089005418,8.89556354098022,0.6030984519748017,9.963877810980193
32,5,24,13,8.89556354098022,9.583250812953338,0.6876872719731182,9.963877810980193
32,5,24,14,9.583250812953338,9.961609300924465,0.37835848797112703,9.963877810980193
32,5,24,15,9.961609300924465,9.966208374942653,0.004599074018187821,9.963877810980193
32,5,25,1,1.5541213089600205,2.1195663770195097,0.5654450680594891,9.963877810980193
32,5,25,2,2.1195663770195097,2.674443732947111,0.5548773559276015,9.963877810980193
32,5,25,3,2.674443732947111,3.2426947340136394,0.5682510010665283,9.963877810980193
32,5,25,4,3.2426947340136394,3.7951187369180843,0.5524240029044449,9.963877810980193
32,5,25,5,3.7951187369180843,4.3662275759270415,0.5711088390089571,9.963877810980193
32,5,25,6,4.3662275759270415,4.921976469922811,0.5557488939957693,9.963877810980193
32,5,25,7,4.921976469922811,5.485608424991369,0.5636319550685585,9.963877810980193
32,5,25,8,5.485608424991369,6.044112570001744,0.5585041450103745,9.963877810980193
32,5,25,9,6.044112570001744,6.603735091979615,0.5596225219778717,9.963877810980193
32,5,25,10,6.603735091979615,7.171384154935367,0.567649062955752,9.963877810980193
32,5,25,11,7.171384154935367,7.729444361990318,0.5580602070549503,9.963877810980193
32,5,25,12,7.729444361990318,8.29390758392401,0.5644632219336927,9.963877810980193
32,5,25,13,8.29390758392401,8.896468756021932,0.6025611720979214,9.963877810980193
32,5,25,14,8.896468756021932,9.58407627698034,0.6876075209584087,9.963877810980193
32,5,25,15,9.58407627698034,9.964401996927336,0.3803257199469954,9.963877810980193
32,5,26,1,8.293663339922205,8.89624263998121,0.6025793000590056,9.963877810980193
32,5,26,2,8.89624263998121,9.583814661949873,0.6875720219686627,9.963877810980193
32,5,26,3,9.583814661949873,9.96225430292543,0.37843964097555727,9.963877810980193
32,5,26,4,9.96225430292543,9.966735265916213,0.004480962990783155,9.963877810980193
32,5,27,1,6.043390111997724,6.603273464017548,0.5598833520198241,9.963877810980193
32,5,27,2,6.603273464017548,7.170598160941154,0.5673246969236061,9.963877810980193
32,5,27,3,7.170598160941154,7.7285726859699935,0.5579745250288397,9.963877810980193
32,5,27,4,7.7285726859699935,8.293084658915177,0.5645119729451835,9.963877810980193
32,5,27,5,8.293084658915177,8.895852554938756,0.6027678960235789,9.963877810980193
32,5,27,6,8.895852554938756,9.58352967700921,0.6876771220704541,9.963877810980193
32,5,27,7,9.58352967700921,9.961858871974982,0.37832919496577233,9.963877810980193
32,5,27,8,9.961858871974982,9.966442863922566,0.004583991947583854,9.963877810980193
32,5,28,1,3.7949691499816254,4.365700155962259,0.5707310059806332,9.963877810980193
32,5,28,2,4.365700155962259,4.920540125924163,0.554839969961904,9.963877810980193
32,5,28,3,4.920540125924163,5.4839436339680105,0.563403508043848,9.963877810980193
32,5,28,4,5.4839436339680105,6.042257867986336,0.5583142340183258,9.963877810980193
32,5,28,5,6.042257867986336,6.602481105015613,0.5602232370292768,9.963877810980193
32,5,28,6,6.602481105015613,7.169918732019141,0.5674376270035282,9.963877810980193
32,5,28,7,7.169918732019141,7.727344639017247,0.5574259069981053,9.963877810980193
32,5,28,8,7.727344639017247,8.291777884936891,0.5644332459196448,9.963877810980193
32,5,28,9,8.291777884936891,8.894950218964368,0.6031723340274766,9.963877810980193
32,5,28,10,8.894950218964368,9.58270959102083,0.6877593720564619,9.963877810980193
32,5,28,11,9.58270959102083,9.961043849005364,0.3783342579845339,9.963877810980193
32,5,28,12,9.961043849005364,9.9656870609615,0.004643211956135929,9.963877810980193
32,5,29,1,0.4423706859815866,0.9977710390230641,0.5554003530414775,9.963877810980193
32,5,29,2,0.9977710390230641,1.5531303900061175,0.5553593509830534,9.963877810980193
32,5,29,3,1.5531303900061175,2.11836736893747,0.5652369789313525,9.963877810980193
32,5,29,4,2.11836736893747,2.6731439299182966,0.5547765609808266,9.963877810980193
32,5,29,5,2.6731439299182966,3.24194680491928,0.5688028750009835,9.963877810980193
32,5,29,6,3.24194680491928,3.7939378769369796,0.5519910720176995,9.963877810980193
32,5,29,7,3.7939378769369796,4.36503361701034,0.5710957400733605,9.963877810980193
32,5,29,8,4.36503361701034,4.921494742971845,0.5564611259615049,9.963877810980193
32,5,29,9,4.921494742971845,5.484512613969855,0.56301787099801,9.963877810980193
32,5,29,10,5.484512613969855,6.042789474944584,0.5582768609747291,9.963877810980193
32,5,29,11,6.042789474944584,6.602987892925739,0.5601984179811552,9.963877810980193
32,5,29,12,6.602987892925739,7.170352641027421,0.5673647481016815,9.963877810980193
32,5,29,13,7.170352641027421,7.728327953955159,0.5579753129277378,9.963877810980193
32,5,29,14,7.728327953955159,8.292405280983075,0.5640773270279169,9.963877810980193
32,5,29,15,8.292405280983075,8.895506278960966,0.6031009979778901,9.963877810980193
32,5,29,16,8.895506278960966,9.583192353020422,0.6876860740594566,9.963877810980193
32,5,29,17,9.583192353020422,9.961547386017628,0.37835503299720585,9.963877810980193
32,5,29,18,9.961547386017628,9.966151018976234,0.0046036329586058855,9.963877810980193
32,5,30,1,3.2430396819254383,3.7952621219446883,0.5522224400192499,9.963877810980193
32,5,30,2,3.7952621219446883,4.366291448008269,0.5710293260635808,9.963877810980193
32,5,30,3,4.366291448008269,4.920872198999859,0.5545807509915903,9.963877810980193
32,5,30,4,4.920872198999859,5.484212897950783,0.563340698950924,9.963877810980193
32,5,30,5,5.484212897950783,6.042534476961009,0.5583215790102258,9.963877810980193
32,5,30,6,6.042534476961009,6.602752199978568,0.5602177230175585,9.963877810980193
32,5,30,7,6.602752199978568,7.170111840940081,0.5673596409615129,9.963877810980193
32,5,30,8,7.170111840940081,7.727619239944033,0.5575073990039527,9.963877810980193
32,5,30,9,7.727619239944033,8.29204020393081,0.5644209639867768,9.963877810980193
32,5,30,10,8.29204020393081,8.895218358025886,0.603178154095076,9.963877810980193
32,5,30,11,8.895218358025886,9.582905230927281,0.687686872901395,9.963877810980193
32,5,30,12,9.582905230927281,9.96123960299883,0.3783343720715493,9.963877810980193
32,5,30,13,9.96123960299883,9.965868360013701,0.004628757014870644,9.963877810980193
32,5,31,1,7.172002904932015,7.729721503914334,0.5577185989823192,9.963877810980193
32,5,31,2,7.729721503914334,8.294208153965883,0.5644866500515491,9.963877810980193
32,5,31,3,8.294208153965883,8.896696413983591,0.6024882600177079,9.963877810980193
32,5,31,4,8.896696413983591,9.584291815990582,0.6875954020069912,9.963877810980193
32,5,31,5,9.584291815990582,9.96465621702373,0.38036440103314817,9.963877810980193
32,6,0,1,-0.10852200805675238,0.47058124793693423,0.5791032559936866,10.002497185021639
32,6,0,2,0.47058124793693423,1.0253652859246358,0.5547840379877016,10.002497185021639
32,6,0,3,1.0253652859246358,1.5850142010021955,0.5596489150775596,10.002497185021639
32,6,0,4,1.5850142010021955,2.1509265230270103,0.5659123220248148,10.002497185021639
32,6,0,5,2.1509265230270103,2.7057513969484717,0.5548248739214614,10.002497185021639
32,6,0,6,2.7057513969484717,3.274090162012726,0.5683387650642544,10.002497185021639
32,6,0,7,3.274090162012726,3.829414046020247,0.555323884007521,10.002497185021639
32,6,0,8,3.829414046020247,4.395456688012928,0.5660426419926807,10.002497185021639
32,6,0,9,4.395456688012928,4.954350849031471,0.558894161018543,10.002497185021639
32,6,0,10,4.954350849031471,5.518341850023717,0.563991000992246,10.002497185021639
32,6,0,11,5.518341850023717,6.079847716959193,0.5615058669354767,10.002497185021639
32,6,0,12,6.079847716959193,6.639537630951963,0.55968991399277,10.002497185021639
32,6,0,13,6.639537630951963,7.204005231964402,0.5644676010124385,10.002497185021639
32,6,0,14,7.204005231964402,7.762840252020396,0.5588350200559944,10.002497185021639
32,6,0,15,7.762840252020396,8.329026413033716,0.5661861610133201,10.002497185021639
32,6,0,16,8.329026413033716,8.936222975957207,0.607196562923491,10.002497185021639
32,6,0,17,8.936222975957207,9.624424926005304,0.6882019500480965,10.002497185021639
32,6,0,18,9.624424926005304,10.004178210976534,0.37975328497122973,10.002497185021639
32,6,1,1,3.2738745489623398,3.8285807400243357,0.5547061910619959,10.002497185021639
32,6,1,2,3.8285807400243357,4.394805577001534,0.5662248369771987,10.002497185021639
32,6,1,3,4.394805577001534,4.953779730014503,0.5589741530129686,10.002497185021639
32,6,1,4,4.953779730014503,5.5175521719502285,0.5637724419357255,10.002497185021639
32,6,1,5,5.5175521719502285,6.078480902011506,0.5609287300612777,10.002497185021639
32,6,1,6,6.078480902011506,6.638025813968852,0.5595449119573459,10.002497185021639
32,6,1,7,6.638025813968852,7.2023772220127285,0.5643514080438763,10.002497185021639
32,6,1,8,7.2023772220127285,7.7610231779981405,0.558645955985412,10.002497185021639
32,6,1,9,7.7610231779981405,8.327437420957722,0.5664142429595813,10.002497185021639
32,6,1,10,8.327437420957722,8.935077436966822,0.6076400160090998,10.002497185021639
32,6,1,11,8.935077436966822,9.6232833849499,0.6882059479830787,10.002497185021639
32,6,1,12,9.6232833849499,10.003137234947644,0.37985384999774396,10.002497185021639
32,6,2,3,-0.10907065705396235,0.4697419999865815,0.5788126570405439,10.002497185021639
32,6,2,4,0.4697419999865815,1.0253010019659996,0.5555590019794181,10.002497185021639
32,6,2,5,1.0253010019659996,1.5849509899271652,0.5596499879611656,10.002497185021639
32,6,2,6,1.5849509899271652,2.1508671880001202,0.565916198072955,10.002497185021639
32,6,2,7,2.1508671880001202,2.7056949930265546,0.5548278050264344,10.002497185021639
32,6,2,8,2.7056949930265546,3.2739940020255744,0.5682990089990199,10.002497185021639
32,6,2,9,3.2739940020255744,3.82935367396567,0.5553596719400957,10.002497185021639
32,6,2,10,3.82935367396567,4.395366032025777,0.5660123580601066,10.002497185021639
32,6,2,11,4.395366032025777,4.9531790249748155,0.5578129929490387,10.002497185021639
32,6,2,12,4.9531790249748155,5.516759805963375,0.5635807809885591,10.002497185021639
32,6,2,13,5.516759805963375,6.078066276968457,0.5613064710050821,10.002497185021639
32,6,2,14,6.078066276968457,6.63757118396461,0.5595049069961533,10.002497185021639
32,6,2,15,6.63757118396461,7.201908509014174,0.5643373250495642,10.002497185021639
32,6,2,16,7.201908509014174,7.760670264950022,0.5587617559358478,10.002497185021639
32,6,2,17,7.760670264950022,8.326662163017318,0.5659918980672956,10.002497185021639
32,6,2,18,8.326662163017318,8.93458991998341,0.6079277569660917,10.002497185021639
32,6,2,19,8.93458991998341,9.622887054923922,0.6882971349405125,10.002497185021639
32,6,2,20,9.622887054923922,10.000884418026544,0.37799736310262233,10.002497185021639
32,6,2,21,10.000884418026544,10.005431286990643,0.004546868964098394,10.002497185021639
32,6,3,1,1.585331583977677,2.1510088259819895,0.5656772420043126,10.002497185021639
32,6,3,2,2.1510088259819895,2.7061312809819356,0.5551224549999461,10.002497185021639
32,6,3,3,2.7061312809819356,3.274510469986126,0.5683791890041903,10.002497185021639
32,6,3,4,3.274510469986126,3.82961026893463,0.555099798948504,10.002497185021639
32,6,3,5,3.82961026893463,4.395638806978241,0.5660285380436108,10.002497185021639
32,6,3,6,4.395638806978241,4.9536271509714425,0.5579883439932019,10.002497185021639
32,6,3,7,4.9536271509714425,5.516982491011731,0.5633553400402889,10.002497185021639
32,6,3,8,5.516982491011731,6.078246482997201,0.5612639919854701,10.002497185021639
32,6,3,9,6.078246482997201,6.637841118033975,0.559594635036774,10.002497185021639
32,6,3,10,6.637841118033975,7.202196729020216,0.5643556109862402,10.002497185021639
32,6,3,11,7.202196729020216,7.760850862949155,0.5586541339289397,10.002497185021639
32,6,3,12,7.760850862949155,8.326840391964652,0.5659895290154964,10.002497185021639
32,6,3,13,8.326840391964652,8.934756775968708,0.6079163840040565,10.002497185021639
32,6,3,14,8.934756775968708,9.623059964971617,0.6883031890029088,10.002497185021639
32,6,3,15,9.623059964971617,10.002799845999107,0.3797398810274899,10.002497185021639
32,6,4,1,6.639295973000117,7.203836697037332,0.5645407240372151,10.002497185021639
32,6,4,2,7.203836697037332,7.762359424959868,0.5585227279225364,10.002497185021639
32,6,4,3,7.762359424959868,8.328388781985268,0.5660293570253998,10.002497185021639
32,6,4,4,8.328388781985268,8.935907772975042,0.6075189909897745,10.002497185021639
32,6,4,5,8.935907772975042,9.62415718997363,0.6882494169985875,10.002497185021639
32,6,4,6,9.62415718997363,10.00391007703729,0.3797528870636597,10.002497185021639
32,6,5,1,1.5857521300204098,2.151191802928224,0.5654396729078144,10.002497185021639
32,6,5,2,2.151191802928224,2.706300606019795,0.5551088030915707,10.002497185021639
32,6,5,3,2.706300606019795,3.274681924027391,0.5683813180075958,10.002497185021639
32,6,5,4,3.274681924027391,3.829762493027374,0.5550805689999834,10.002497185021639
32,6,5,5,3.829762493027374,4.395831222995184,0.5660687299678102,10.002497185021639
32,6,5,6,4.395831222995184,4.954405698925257,0.5585744759300724,10.002497185021639
32,6,5,7,4.954405698925257,5.51839611097239,0.5639904120471328,10.002497185021639
32,6,5,8,5.51839611097239,6.079905387945473,0.5615092769730836,10.002497185021639
32,6,5,9,6.079905387945473,6.639590236940421,0.559684848994948,10.002497185021639
32,6,5,10,6.639590236940421,7.204062446020544,0.5644722090801224,10.002497185021639
32,6,5,11,7.204062446020544,7.762897023931146,0.5588345779106021,10.002497185021639
32,6,5,12,7.762897023931146,8.329088032944128,0.5661910090129822,10.002497185021639
32,6,5,13,8.329088032944128,8.936280615977012,0.6071925830328837,10.002497185021639
32,6,5,14,8.936280615977012,9.624484702944756,0.6882040869677439,10.002497185021639
32,6,5,15,9.624484702944756,10.004238434950821,0.37975373200606555,10.002497185021639
32,6,6,1,4.396149673033506,4.953717263997532,0.5575675909640267,10.002497185021639
32,6,6,2,4.953717263997532,5.517038746969774,0.5633214829722419,10.002497185021639
32,6,6,3,5.517038746969774,6.078305743983947,0.5612669970141724,10.002497185021639
32,6,6,4,6.078305743983947,6.637903169030324,0.5595974250463769,10.002497185021639
32,6,6,5,6.637903169030324,7.20225918001961,0.564356010989286,10.002497185021639
32,6,6,6,7.20225918001961,7.760910238022916,0.5586510580033064,10.002497185021639
32,6,6,7,7.760910238022916,8.326898996951059,0.5659887589281425,10.002497185021639
32,6,6,8,8.326898996951059,8.934811924933456,0.6079129279823974,10.002497185021639
32,6,6,9,8.934811924933456,9.623115930939093,0.6883040060056373,10.002497185021639
32,6,6,10,9.623115930939093,10.002855447935872,0.37973951699677855,10.002497185021639
32,6,7,1,6.6390015500364825,7.203740578959696,0.5647390289232135,10.002497185021639
32,6,7,2,7.203740578959696,7.7622980260057375,0.5585574470460415,10.002497185021639
32,6,7,3,7.7622980260057375,8.328332407982089,0.5660343819763511,10.002497185021639
32,6,7,4,8.328332407982089,8.935853953938931,0.6075215459568426,10.002497185021639
32,6,7,5,8.935853953938931,9.624103621928953,0.6882496679900214,10.002497185021639
32,6,7,6,9.624103621928953,10.003856554976664,0.37975293304771185,10.002497185021639
32,6,8,1,2.149868850945495,2.7052131589734927,0.5553443080279976,10.002497185021639
32,6,8,2,2.7052131589734927,3.273462329991162,0.5682491710176691,10.002497185021639
32,6,8,3,3.273462329991162,3.8284185479860753,0.5549562179949135,10.002497185021639
32,6,8,4,3.8284185479860753,4.394680912955664,0.5662623649695888,10.002497185021639
32,6,8,5,4.394680912955664,4.954177837003954,0.5594969240482897,10.002497185021639
32,6,8,6,4.954177837003954,5.517876363010146,0.563698526006192,10.002497185021639
32,6,8,7,5.517876363010146,6.079272329923697,0.5613959669135511,10.002497185021639
32,6,8,8,6.079272329923697,6.638477804022841,0.5592054740991443,10.002497185021639
32,6,8,9,6.638477804022841,7.2034753549378365,0.5649975509149954,10.002497185021639
32,6,8,10,7.2034753549378365,7.762123998021707,0.5586486430838704,10.002497185021639
32,6,8,11,7.762123998021707,8.328162509948015,0.5660385119263083,10.002497185021639
32,6,8,12,8.328162509948015,8.935690421960317,0.6075279120123014,10.002497185021639
32,6,8,13,8.935690421960317,9.623888431000523,0.6881980090402067,10.002497185021639
32,6,8,14,9.623888431000523,10.003690475015901,0.37980204401537776,10.002497185021639
32,6,9,1,7.7627257209969684,8.32890345796477,0.566177736967802,10.002497185021639
32,6,9,2,8.32890345796477,8.936113663949072,0.6072102059843019,10.002497185021639
32,6,9,3,8.936113663949072,9.624318836955354,0.6882051730062813,10.002497185021639
32,6,9,4,9.624318836955354,10.004070039023645,0.3797512020682916,10.002497185021639
32,6,10,1,4.952904982957989,5.516626546974294,0.5637215640163049,10.002497185021639
32,6,10,2,5.516626546974294,6.077879903954454,0.5612533569801599,10.002497185021639
32,6,10,3,6.077879903954454,6.6374301799805835,0.5595502760261297,10.002497185021639
32,6,10,4,6.6374301799805835,7.201775779016316,0.5643455990357324,10.002497185021639
32,6,10,5,7.201775779016316,7.760471638990566,0.5586958599742502,10.002497185021639
32,6,10,6,7.760471638990566,8.326440638978966,0.5659689999883994,10.002497185021639
32,6,10,7,8.326440638978966,8.934397135977633,0.6079564969986677,10.002497185021639
32,6,10,8,8.934397135977633,9.62269940902479,0.6883022730471566,10.002497185021639
32,6,10,9,9.62269940902479,10.00070373096969,0.37800432194489986,10.002497185021639
32,6,10,10,10.00070373096969,10.00531854503788,0.0046148140681907535,10.002497185021639
32,6,11,1,8.327362044947222,8.934970736969262,0.6076086920220405,10.002497185021639
32,6,11,2,8.934970736969262,9.623227081960067,0.6882563449908048,10.002497185021639
32,6,11,3,9.623227081960067,10.00307738094125,0.3798502989811823,10.002497185021639
32,6,12,1,1.0258147800341249,1.5846833740361035,0.5588685940019786,10.002497185021639
32,6,12,2,1.5846833740361035,2.149113019928336,0.5644296458922327,10.002497185021639
32,6,12,3,2.149113019928336,2.7049431999912485,0.5558301800629124,10.002497185021639
32,6,12,4,2.7049431999912485,3.2732646289514378,0.5683214289601892,10.002497185021639
32,6,12,5,3.2732646289514378,3.8282878899481148,0.555023260996677,10.002497185021639
32,6,12,6,3.8282878899481148,4.3945480569964275,0.5662601670483127,10.002497185021639
32,6,12,7,4.3945480569964275,4.954121993971057,0.5595739369746298,10.002497185021639
32,6,12,8,4.954121993971057,5.517825008020736,0.563703014049679,10.002497185021639
32,6,12,9,5.517825008020736,6.079213188029826,0.5613881800090894,10.002497185021639
32,6,12,10,6.079213188029826,6.6384246200323105,0.5592114320024848,10.002497185021639
32,6,12,11,6.6384246200323105,7.203417334007099,0.5649927139747888,10.002497185021639
32,6,12,12,7.203417334007099,7.762070670956746,0.5586533369496465,10.002497185021639
32,6,12,13,7.762070670956746,8.328107631998137,0.5660369610413909,10.002497185021639
32,6,12,14,8.328107631998137,8.935636818991043,0.607529186992906,10.002497185021639
32,6,12,15,8.935636818991043,9.623836804996245,0.6881999860052019,10.002497185021639
32,6,12,16,9.623836804996245,10.003637425950728,0.37980062095448375,10.002497185021639
32,6,13,1,3.2744504109723493,3.8295566389570013,0.5551062279846519,10.002497185021639
32,6,13,2,3.8295566389570013,4.395584765938111,0.5660281269811094,10.002497185021639
32,6,13,3,4.395584765938111,4.9532452640123665,0.5576604980742559,10.002497185021639
32,6,13,4,4.9532452640123665,5.516819685930386,0.5635744219180197,10.002497185021639
32,6,13,5,5.516819685930386,6.078126478008926,0.5613067920785397,10.002497185021639
32,6,13,6,6.078126478008926,6.637633268954232,0.5595067909453064,10.002497185021639
32,6,13,7,6.637633268954232,7.201990974950604,0.5643577059963718,10.002497185021639
32,6,13,8,7.201990974950604,7.7607313400367275,0.5587403650861233,10.002497185021639
32,6,13,9,7.7607313400367275,8.326724510989152,0.5659931709524244,10.002497185021639
32,6,13,10,8.326724510989152,8.934648034977727,0.6079235239885747,10.002497185021639
32,6,13,11,8.934648034977727,9.622946509975009,0.688298474997282,10.002497185021639
32,6,13,12,9.622946509975009,10.00268094893545,0.37973443896044046,10.002497185021639
32,6,14,1,6.079097043955699,6.638369216001593,0.559272172045894,10.002497185021639
32,6,14,2,6.638369216001593,7.203000055975281,0.5646308399736881,10.002497185021639
32,6,14,3,7.203000055975281,7.7619125880301,0.5589125320548192,10.002497185021639
32,6,14,4,7.7619125880301,8.327982852002606,0.5660702639725059,10.002497185021639
32,6,14,5,8.327982852002606,8.935463675996289,0.6074808239936829,10.002497185021639
32,6,14,6,8.935463675996289,9.62372971593868,0.6882660399423912,10.002497185021639
32,6,14,7,9.62372971593868,10.003528920002282,0.3797992040636018,10.002497185021639
32,6,15,1,6.079782219021581,6.639473814982921,0.5596915959613398,10.002497185021639
32,6,15,2,6.639473814982921,7.2039496779907495,0.5644758630078286,10.002497185021639
32,6,15,3,7.2039496779907495,7.762785754981451,0.5588360769907013,10.002497185021639
32,6,15,4,7.762785754981451,8.328965428983793,0.5661796740023419,10.002497185021639
32,6,15,5,8.328965428983793,8.936169189983048,0.6072037609992549,10.002497185021639
32,6,15,6,8.936169189983048,9.624371477984823,0.6882022880017757,10.002497185021639
32,6,15,7,9.624371477984823,10.00412411999423,0.3797526420094073,10.002497185021639
32,6,16,1,7.761520012980327,8.32762678200379,0.5661067690234631,10.002497185021639
32,6,16,2,8.32762678200379,8.935192771954462,0.6075659899506718,10.002497185021639
32,6,16,3,8.935192771954462,9.623394883936271,0.6882021119818091,10.002497185021639
32,6,16,4,9.623394883936271,10.003252080990933,0.3798571970546618,10.002497185021639
32,6,17,1,3.8292022539535537,4.394895656965673,0.5656934030121192,10.002497185021639
32,6,17,2,4.394895656965673,4.95390243595466,0.5590067789889872,10.002497185021639
32,6,17,3,4.95390243595466,5.517666646977887,0.5637642110232264,10.002497185021639
32,6,17,4,5.517666646977887,6.078648090944625,0.5609814439667389,10.002497185021639
32,6,17,5,6.078648090944625,6.6381395909702405,0.5594915000256151,10.002497185021639
32,6,17,6,6.6381395909702405,7.202489439980127,0.5643498490098864,10.002497185021639
32,6,17,7,7.202489439980127,7.761589000932872,0.5590995609527454,10.002497185021639
32,6,17,8,7.761589000932872,8.327687748940662,0.5660987480077893,10.002497185021639
32,6,17,9,8.327687748940662,8.935246396926232,0.6075586479855701,10.002497185021639
32,6,17,10,8.935246396926232,9.623449663980864,0.6882032670546323,10.002497185021639
32,6,17,11,9.623449663980864,10.0033074519597,0.3798577879788354,10.002497185021639
32,6,18,1,0.4701304850168526,1.0254586460068822,0.5553281609900296,10.002497185021639
32,6,18,2,1.0254586460068822,1.5853985620196909,0.5599399160128087,10.002497185021639
32,6,18,3,1.5853985620196909,2.1510653459699824,0.5656667839502916,10.002497185021639
32,6,18,4,2.1510653459699824,2.706195155973546,0.5551298100035638,10.002497185021639
32,6,18,5,2.706195155973546,3.2745766970328987,0.5683815410593525,10.002497185021639
32,6,18,6,3.2745766970328987,3.8296616330044344,0.5550849359715357,10.002497185021639
32,6,18,7,3.8296616330044344,4.395720963017084,0.5660593300126493,10.002497185021639
32,6,18,8,4.395720963017084,4.9540634480072185,0.5583424849901348,10.002497185021639
32,6,18,9,4.9540634480072185,5.517772836028598,0.5637093880213797,10.002497185021639
32,6,18,10,5.517772836028598,6.078761812997982,0.5609889769693837,10.002497185021639
32,6,18,11,6.078761812997982,6.638250190997496,0.5594883779995143,10.002497185021639
32,6,18,12,6.638250190997496,7.202939918963239,0.5646897279657423,10.002497185021639
32,6,18,13,7.202939918963239,7.7617882209597155,0.558848301996477,10.002497185021639
32,6,18,14,7.7617882209597155,8.327923833974637,0.5661356130149215,10.002497185021639
32,6,18,15,8.327923833974637,8.9354084309889,0.6074845970142633,10.002497185021639
32,6,18,16,8.9354084309889,9.623674231930636,0.6882658009417355,10.002497185021639
32,6,18,17,9.623674231930636,10.003469877992757,0.3797956460621208,10.002497185021639
32,6,19,1,4.395300125004724,4.953104991000146,0.557804865995422,10.002497185021639
32,6,19,2,4.953104991000146,5.516698839026503,0.5635938480263576,10.002497185021639
32,6,19,3,5.516698839026503,6.077999014989473,0.5613001759629697,10.002497185021639
32,6,19,4,6.077999014989473,6.637501418008469,0.5595024030189961,10.002497185021639
32,6,19,5,6.637501418008469,7.201844468014315,0.5643430500058457,10.002497185021639
32,6,19,6,7.201844468014315,7.760600463952869,0.5587559959385544,10.002497185021639
32,6,19,7,7.760600463952869,8.326518942019902,0.565918478067033,10.002497185021639
32,6,19,8,8.326518942019902,8.93452432693448,0.608005384914577,10.002497185021639
32,6,19,9,8.93452432693448,9.62282317399513,0.6882988470606506,10.002497185021639
32,6,19,10,9.62282317399513,10.000823794980533,0.37800062098540366,10.002497185021639
32,6,19,11,10.000823794980533,10.00537525699474,0.004551462014205754,10.002497185021639
32,6,20,1,4.953561611007899,5.516927897930145,0.5633662869222462,10.002497185021639
32,6,20,2,5.516927897930145,6.078189047984779,0.5612611500546336,10.002497185021639
32,6,20,3,6.078189047984779,6.637719454942271,0.5595304069574922,10.002497185021639
32,6,20,4,6.637719454942271,7.202126765972935,0.5644073110306635,10.002497185021639
32,6,20,5,7.202126765972935,7.760791435954161,0.5586646699812263,10.002497185021639
32,6,20,6,7.760791435954161,8.326782271033153,0.565990835078992,10.002497185021639
32,6,20,7,8.326782271033153,8.934702210943215,0.6079199399100617,10.002497185021639
32,6,20,8,8.934702210943215,9.623003963031806,0.6883017520885915,10.002497185021639
32,6,20,9,9.623003963031806,10.002743346965872,0.3797393839340657,10.002497185021639
32,6,21,1,0.47042571392375976,1.025550914928317,0.5551252010045573,10.002497185021639
32,6,21,2,1.025550914928317,1.5854543779278174,0.5599034629995003,10.002497185021639
32,6,21,3,1.5854543779278174,2.151120546972379,0.5656661690445617,10.002497185021639
32,6,21,4,2.151120546972379,2.706249658949673,0.5551291119772941,10.002497185021639
32,6,21,5,2.706249658949673,3.27463048894424,0.5683808299945667,10.002497185021639
32,6,21,6,3.27463048894424,3.829712050035596,0.555081561091356,10.002497185021639
32,6,21,7,3.829712050035596,4.395777547033504,0.5660654969979078,10.002497185021639
32,6,21,8,4.395777547033504,4.954457034007646,0.5586794869741425,10.002497185021639
32,6,21,9,4.954457034007646,5.518448921968229,0.563991887960583,10.002497185021639
32,6,21,10,5.518448921968229,6.079963793978095,0.5615148720098659,10.002497185021639
32,6,21,11,6.079963793978095,6.63964287599083,0.5596790820127353,10.002497185021639
32,6,21,12,6.63964287599083,7.204117259941995,0.5644743839511648,10.002497185021639
32,6,21,13,7.204117259941995,7.762950125033967,0.558832865091972,10.002497185021639
32,6,21,14,7.762950125033967,8.329150359029882,0.5662002339959145,10.002497185021639
32,6,21,15,8.329150359029882,8.936336103943177,0.6071857449132949,10.002497185021639
32,6,21,16,8.936336103943177,9.624540452030487,0.6882043480873108,10.002497185021639
32,6,21,17,9.624540452030487,10.00429242302198,0.37975197099149227,10.002497185021639
32,6,22,1,5.517408462939784,6.078421653946862,0.5610131910070777,10.002497185021639
32,6,22,2,6.078421653946862,6.6379655780037865,0.5595439240569249,10.002497185021639
32,6,22,3,6.6379655780037865,7.20231959503144,0.5643540170276538,10.002497185021639
32,6,22,4,7.20231959503144,7.76096735696774,0.5586477619362995,10.002497185021639
32,6,22,5,7.76096735696774,8.326956584933214,0.5659892279654741,10.002497185021639
32,6,22,6,8.326956584933214,8.934865097980946,0.6079085130477324,10.002497185021639
32,6,22,7,8.934865097980946,9.623169403988868,0.6883043060079217,10.002497185021639
32,6,22,8,9.623169403988868,10.002910134964623,0.37974073097575456,10.002497185021639
32,6,23,1,5.518174733966589,6.079363766941242,0.561189032974653,10.002497185021639
32,6,23,2,6.079363766941242,6.638541689957492,0.5591779230162501,10.002497185021639
32,6,23,3,6.638541689957492,7.203539688023739,0.5649979980662465,10.002497185021639
32,6,23,4,7.203539688023739,7.7621824470115826,0.558642758987844,10.002497185021639
32,6,23,5,7.7621824470115826,8.328219085000455,0.5660366379888728,10.002497185021639
32,6,23,6,8.328219085000455,8.935744202928618,0.6075251179281622,10.002497185021639
32,6,23,7,8.935744202928618,9.6239460229408,0.688201820012182,10.002497185021639
32,6,23,8,9.6239460229408,10.00374734797515,0.37980132503435016,10.002497185021639
32,6,24,1,3.828890983015299,4.394386689993553,0.565495706978254,10.002497185021639
32,6,24,2,4.394386689993553,4.952489065937698,0.558102375944145,10.002497185021639
32,6,24,3,4.952489065937698,5.516450072987936,0.5639610070502385,10.002497185021639
32,6,24,4,5.516450072987936,6.07774207892362,0.5612920059356838,10.002497185021639
32,6,24,5,6.07774207892362,6.6373059949837625,0.5595639160601422,10.002497185021639
32,6,24,6,6.6373059949837625,7.201670457958244,0.5643644629744813,10.002497185021639
32,6,24,7,7.201670457958244,7.760345611022785,0.5586751530645415,10.002497185021639
32,6,24,8,7.760345611022785,8.326289433985949,0.5659438229631633,10.002497185021639
32,6,24,9,8.326289433985949,8.934278437984176,0.6079890039982274,10.002497185021639
32,6,24,10,8.934278437984176,9.622567162965424,0.6882887249812484,10.002497185021639
32,6,24,11,9.622567162965424,10.000635709962808,0.37806854699738324,10.002497185021639
32,6,24,12,10.000635709962808,10.005249843932688,0.0046141339698806405,10.002497185021639
32,6,25,1,1.025198247982189,1.5848459829576313,0.5596477349754423,10.002497185021639
32,6,25,2,1.5848459829576313,2.1507943589240313,0.5659483759663999,10.002497185021639
32,6,25,3,2.1507943589240313,2.7056374099338427,0.5548430510098115,10.002497185021639
32,6,25,4,2.7056374099338427,3.2739377409452572,0.5683003310114145,10.002497185021639
32,6,25,5,3.2739377409452572,3.8292637430131435,0.5553260020678863,10.002497185021639
32,6,25,6,3.8292637430131435,4.394952806993388,0.5656890639802441,10.002497185021639
32,6,25,7,4.394952806993388,4.954004846978933,0.559052039985545,10.002497185021639
32,6,25,8,4.954004846978933,5.517719186958857,0.5637143399799243,10.002497185021639
32,6,25,9,5.517719186958857,6.078703598934226,0.5609844119753689,10.002497185021639
32,6,25,10,6.078703598934226,6.6381934779929,0.559489879058674,10.002497185021639
32,6,25,11,6.6381934779929,7.2025553960120305,0.5643619180191308,10.002497185021639
32,6,25,12,7.2025553960120305,7.761645274003968,0.5590898779919371,10.002497185021639
32,6,25,13,7.761645274003968,8.327745183953084,0.5660999099491164,10.002497185021639
32,6,25,14,8.327745183953084,8.935298747033812,0.607553563080728,10.002497185021639
32,6,25,15,8.935298747033812,9.623560181935318,0.6882614349015057,10.002497185021639
32,6,25,16,9.623560181935318,10.00336030498147,0.3798001230461523,10.002497185021639
32,6,26,1,8.32880350900814,8.93605823093094,0.6072547219228,10.002497185021639
32,6,26,2,8.93605823093094,9.624263081001118,0.6882048500701785,10.002497185021639
32,6,26,3,9.624263081001118,10.004015409038402,0.3797523280372843,10.002497185021639
32,6,27,1,2.1494913350325078,2.7050746539607644,0.5555833189282566,10.002497185021639
32,6,27,2,2.7050746539607644,3.273360883933492,0.5682862299727276,10.002497185021639
32,6,27,3,3.273360883933492,3.8283582309959456,0.5549973470624536,10.002497185021639
32,6,27,4,3.8283582309959456,4.394617940997705,0.5662597100017592,10.002497185021639
32,6,27,5,4.394617940997705,4.953840060974471,0.5592221199767664,10.002497185021639
32,6,27,6,4.953840060974471,5.517610413953662,0.5637703529791906,10.002497185021639
32,6,27,7,5.517610413953662,6.07858762703836,0.5609772130846977,10.002497185021639
32,6,27,8,6.07858762703836,6.638082592980936,0.5594949659425765,10.002497185021639
32,6,27,9,6.638082592980936,7.202433003927581,0.5643504109466448,10.002497185021639
32,6,27,10,7.202433003927581,7.76107896596659,0.5586459620390087,10.002497185021639
32,6,27,11,7.76107896596659,8.327501196996309,0.5664222310297191,10.002497185021639
32,6,27,12,8.327501196996309,8.93513575498946,0.6076345579931512,10.002497185021639
32,6,27,13,8.93513575498946,9.623338648932986,0.6882028939435259,10.002497185021639
32,6,27,14,9.623338648932986,10.003195010009222,0.37985636107623577,10.002497185021639
32,6,28,1,2.7055713300360367,3.273563795024529,0.5679924649884924,10.002497185021639
32,6,28,2,3.273563795024529,3.828477118979208,0.5549133239546791,10.002497185021639
32,6,28,3,3.828477118979208,4.394741268013604,0.5662641490343958,10.002497185021639
32,6,28,4,4.394741268013604,4.9542933870106936,0.5595521189970896,10.002497185021639
32,6,28,5,4.9542933870106936,5.518288661027327,0.5639952740166336,10.002497185021639
32,6,28,6,5.518288661027327,6.079478401923552,0.561189740896225,10.002497185021639
32,6,28,7,6.079478401923552,6.6393866470316425,0.5599082451080903,10.002497185021639
32,6,28,8,6.6393866470316425,7.203894237987697,0.5645075909560546,10.002497185021639
32,6,28,9,7.203894237987697,7.762415927951224,0.558521689963527,10.002497185021639
32,6,28,10,7.762415927951224,8.328445832943544,0.5660299049923196,10.002497185021639
32,6,28,11,8.328445832943544,8.935962182935327,0.6075163499917835,10.002497185021639
32,6,28,12,8.935962182935327,9.624209127970971,0.6882469450356439,10.002497185021639
32,6,28,13,9.624209127970971,10.003962010028772,0.3797528820578009,10.002497185021639
32,6,29,1,2.706046223989688,3.2741757549811155,0.5681295309914276,10.002497185021639
32,6,29,2,3.2741757549811155,3.8294703440042213,0.5552945890231058,10.002497185021639
32,6,29,3,3.8294703440042213,4.39552877494134,0.5660584309371188,10.002497185021639
32,6,29,4,4.39552877494134,4.95423600403592,0.5587072290945798,10.002497185021639
32,6,29,5,4.95423600403592,5.518235038034618,0.563999033998698,10.002497185021639
32,6,29,6,5.518235038034618,6.079422954004258,0.56118791596964,10.002497185021639
32,6,29,7,6.079422954004258,6.638647713931277,0.5592247599270195,10.002497185021639
32,6,29,8,6.638647713931277,7.203596377978101,0.564948664046824,10.002497185021639
32,6,29,9,7.203596377978101,7.762240302981809,0.5586439250037074,10.002497185021639
32,6,29,10,7.762240302981809,8.328277315944433,0.5660370129626244,10.002497185021639
32,6,29,11,8.328277315944433,8.93579805502668,0.607520739082247,10.002497185021639
32,6,29,12,8.93579805502668,9.624045309028588,0.688247254001908,10.002497185021639
32,6,29,13,9.624045309028588,10.00380270194728,0.37975739291869104,10.002497185021639
32,6,30,1,7.202876348979771,7.7617284749867395,0.5588521260069683,10.002497185021639
32,6,30,2,7.7617284749867395,8.327861952013336,0.5661334770265967,10.002497185021639
32,6,30,3,8.327861952013336,8.935354450019076,0.6074924980057403,10.002497185021639
32,6,30,4,8.935354450019076,9.623618335928768,0.6882638859096915,10.002497185021639
32,6,30,5,9.623618335928768,10.003416383988224,0.37979804805945605,10.002497185021639
32,6,31,1,7.203351952019148,7.7620120799401775,0.5586601279210299,10.002497185021639
32,6,31,2,7.7620120799401775,8.328047962975688,0.5660358830355108,10.002497185021639
32,6,31,3,8.328047962975688,8.935579741955735,0.6075317789800465,10.002497185021639
32,6,31,4,8.935579741955735,9.62378290493507,0.6882031629793346,10.002497185021639
32,6,31,5,9.62378290493507,10.003584148944356,0.37980124400928617,10.002497185021639
32,7,0,1,7.4739983909530565,8.037138698040508,0.5631403070874512,9.990091340965591
32,7,0,2,8.037138698040508,8.614140474935994,0.5770017768954858,9.990091340965591
32,7,0,3,8.614140474935994,9.266808234038763,0.6526677591027692,9.990091340965591
32,7,0,4,9.266808234038763,9.98755225201603,0.7207440179772675,9.990091340965591
32,7,0,5,9.98755225201603,9.991951821022667,0.004399569006636739,9.990091340965591
32,7,1,1,2.419619697961025,2.9798071009572595,0.5601874029962346,9.990091340965591
32,7,1,2,2.9798071009572595,3.5414536140160635,0.561646513058804,9.990091340965591
32,7,1,3,3.5414536140160635,4.104183972929604,0.5627303589135408,9.990091340965591
32,7,1,4,4.104183972929604,4.659673605929129,0.5554896329995245,9.990091340965591
32,7,1,5,4.659673605929129,5.224025093019009,0.5643514870898798,9.990091340965591
32,7,1,6,5.224025093019009,5.781328090000898,0.557302996981889,9.990091340965591
32,7,1,7,5.781328090000898,6.3461628769291565,0.5648347869282588,9.990091340965591
32,7,1,8,6.3461628769291565,6.906384869012982,0.5602219920838252,9.990091340965591
32,7,1,9,6.906384869012982,7.473606233019382,0.5672213640064001,9.990091340965591
32,7,1,10,7.473606233019382,8.036642714985646,0.5630364819662645,9.990091340965591
32,7,1,11,8.036642714985646,8.613915825961158,0.5772731109755114,9.990091340965591
32,7,1,12,8.613915825961158,9.266632945975289,0.6527171200141311,9.990091340965591
32,7,1,13,9.266632945975289,9.987362371990457,0.7207294260151684,9.990091340965591
32,7,1,14,9.987362371990457,9.991777061019093,0.004414689028635621,9.990091340965591
32,7,2,1,0.729637315031141,1.300475282012485,0.5708379669813439,9.990091340965591
32,7,2,2,1.300475282012485,1.8514219529461116,0.5509466709336266,9.990091340965591
32,7,2,3,1.8514219529461116,2.4179874479305,0.5665654949843884,9.990091340965591
32,7,2,4,2.4179874479305,2.978630095953122,0.5606426480226219,9.990091340965591
32,7,2,5,2.978630095953122,3.5400772489374503,0.5614471529843286,9.990091340965591
32,7,2,6,3.5400772489374503,4.102666174992919,0.5625889260554686,9.990091340965591
32,7,2,7,4.102666174992919,4.660167280002497,0.5575011050095782,9.990091340965591
32,7,2,8,4.660167280002497,5.224729639943689,0.564562359941192,9.990091340965591
32,7,2,9,5.224729639943689,5.782324695959687,0.5575950560159981,9.990091340965591
32,7,2,10,5.782324695959687,6.3466901099309325,0.5643654139712453,9.990091340965591
32,7,2,11,6.3466901099309325,6.907279431936331,0.5605893220053986,9.990091340965591
32,7,2,12,6.907279431936331,7.474657904938795,0.5673784730024636,9.990091340965591
32,7,2,13,7.474657904938795,8.037678466993384,0.5630205620545894,9.990091340965591
32,7,2,14,8.037678466993384,8.614682561950758,0.577004094957374,9.990091340965591
32,7,2,15,8.614682561950758,9.267251814017072,0.6525692520663142,9.990091340965591
32,7,2,16,9.267251814017072,9.988034941023216,0.7207831270061433,9.990091340965591
32,7,2,17,9.988034941023216,9.992383896955289,0.004348955932073295,9.990091340965591
32,7,3,1,6.907215156941675,7.474596421932802,0.567381264991127,9.990091340965591
32,7,3,2,7.474596421932802,8.03760809195228,0.5630116700194776,9.990091340965591
32,7,3,3,8.03760809195228,8.61461995402351,0.577011862071231,9.990091340965591
32,7,3,4,8.61461995402351,9.267196601023898,0.6525766470003873,9.990091340965591
32,7,3,5,9.267196601023898,9.987976694945246,0.7207800939213485,9.990091340965591
32,7,3,6,9.987976694945246,9.992330244975165,0.0043535500299185514,9.990091340965591
32,7,4,1,6.347471887944266,6.908097871928476,0.5606259839842096,9.990091340965591
32,7,4,2,6.908097871928476,7.47526321595069,0.5671653440222144,9.990091340965591
32,7,4,3,7.47526321595069,8.038336453959346,0.5630732380086556,9.990091340965591
32,7,4,4,8.038336453959346,8.615608728956431,0.5772722749970853,9.990091340965591
32,7,4,5,8.615608728956431,9.267918798024766,0.652310069068335,9.990091340965591
32,7,4,6,9.267918798024766,9.990456776926294,0.7225379789015278,9.990091340965591
32,7,5,1,4.103725967928767,4.659990321029909,0.5562643531011418,9.990091340965591
32,7,5,2,4.659990321029909,5.224547556019388,0.5645572349894792,9.990091340965591
32,7,5,3,5.224547556019388,5.782121042022482,0.5575734860030934,9.990091340965591
32,7,5,4,5.782121042022482,6.346513394964859,0.5643923529423773,9.990091340965591
32,7,5,5,6.346513394964859,6.906789388973266,0.560275994008407,9.990091340965591
32,7,5,6,6.906789388973266,7.474357504979707,0.5675681160064414,9.990091340965591
32,7,5,7,7.474357504979707,8.037410579039715,0.5630530740600079,9.990091340965591
32,7,5,8,8.037410579039715,8.614377305959351,0.5769667269196361,9.990091340965591
32,7,5,9,8.614377305959351,9.267034724005498,0.6526574180461466,9.990091340965591
32,7,5,10,9.267034724005498,9.987789648002945,0.7207549239974469,9.990091340965591
32,7,5,11,9.987789648002945,9.99217070301529,0.004381055012345314,9.990091340965591
32,7,6,1,3.5411541019566357,4.103931198944338,0.562777096987702,9.990091340965591
32,7,6,2,4.103931198944338,4.660822812933475,0.5568916139891371,9.990091340965591
32,7,6,3,4.660822812933475,5.225367296952754,0.5645444840192795,9.990091340965591
32,7,6,4,5.225367296952754,5.783164632041007,0.557797335088253,9.990091340965591
32,7,6,5,5.783164632041007,6.347537430003285,0.5643727979622781,9.990091340965591
32,7,6,6,6.347537430003285,6.908151236944832,0.5606138069415465,9.990091340965591
32,7,6,7,6.908151236944832,7.475320850033313,0.5671696130884811,9.990091340965591
32,7,6,8,7.475320850033313,8.038405037950724,0.5630841879174113,9.990091340965591
32,7,6,9,8.038405037950724,8.61568782501854,0.5772827870678157,9.990091340965591
32,7,6,10,8.61568782501854,9.267975380993448,0.6522875559749082,9.990091340965591
32,7,6,11,9.267975380993448,9.990532425930724,0.7225570449372754,9.990091340965591
32,7,7,1,2.9800913389772177,3.5419718589400873,0.5618805199628696,9.990091340965591
32,7,7,2,3.5419718589400873,4.104324140935205,0.5623522819951177,9.990091340965591
32,7,7,3,4.104324140935205,4.660994619014673,0.556670478079468,9.990091340965591
32,7,7,4,4.660994619014673,5.225578097975813,0.5645834789611399,9.990091340965591
32,7,7,5,5.225578097975813,5.783357020933181,0.5577789229573682,9.990091340965591
32,7,7,6,5.783357020933181,6.347715239040554,0.5643582181073725,9.990091340965591
32,7,7,7,6.347715239040554,6.908315644017421,0.5606004049768671,9.990091340965591
32,7,7,8,6.908315644017421,7.475500543019734,0.5671848990023136,9.990091340965591
32,7,7,9,7.475500543019734,8.038591813994572,0.5630912709748372,9.990091340965591
32,7,7,10,8.038591813994572,8.615863997023553,0.5772721830289811,9.990091340965591
32,7,7,11,8.615863997023553,9.26814107503742,0.6522770780138671,9.990091340965591
32,7,7,12,9.26814107503742,9.990733754937537,0.7225926799001172,9.990091340965591
32,7,8,1,4.1032181000337005,4.659885598928668,0.5566674988949671,9.990091340965591
32,7,8,2,4.659885598928668,5.224484298028983,0.5645986991003156,9.990091340965591
32,7,8,3,5.224484298028983,5.781671526958235,0.5571872289292514,9.990091340965591
32,7,8,4,5.781671526958235,6.346350569976494,0.5646790430182591,9.990091340965591
32,7,8,5,6.346350569976494,6.906667809933424,0.5603172399569303,9.990091340965591
32,7,8,6,6.906667809933424,7.474227620987222,0.5675598110537976,9.990091340965591
32,7,8,7,7.474227620987222,8.037274625035934,0.5630470040487126,9.990091340965591
32,7,8,8,8.037274625035934,8.614261006936431,0.5769863819004968,9.990091340965591
32,7,8,9,8.614261006936431,9.26692499103956,0.6526639841031283,9.990091340965591
32,7,8,10,9.26692499103956,9.987669612979516,0.7207446219399571,9.990091340965591
32,7,8,11,9.987669612979516,9.992062345030718,0.004392732051201165,9.990091340965591
32,7,9,2,-0.38990424503572285,0.18255962303373963,0.5724638680694625,9.990091340965591
32,7,9,3,0.18255962303373963,0.729788344935514,0.5472287219017744,9.990091340965591
32,7,9,4,0.729788344935514,1.3010933949844912,0.5713050500489771,9.990091340965591
32,7,9,5,1.3010933949844912,1.85174451302737,0.5506511180428788,9.990091340965591
32,7,9,6,1.85174451302737,2.4187884780112654,0.5670439649838954,9.990091340965591
32,7,9,7,2.4187884780112654,2.978970900992863,0.5601824229815975,9.990091340965591
32,7,9,8,2.978970900992863,3.5404831669293344,0.5615122659364715,9.990091340965591
32,7,9,9,3.5404831669293344,4.103345292969607,0.5628621260402724,9.990091340965591
32,7,9,10,4.103345292969607,4.660622217925265,0.5572769249556586,9.990091340965591
32,7,9,11,4.660622217925265,5.224905750947073,0.5642835330218077,9.990091340965591
32,7,9,12,5.224905750947073,5.782826210022904,0.5579204590758309,9.990091340965591
32,7,9,13,5.782826210022904,6.346960401977412,0.5641341919545084,9.990091340965591
32,7,9,14,6.346960401977412,6.907523073023185,0.5605626710457727,9.990091340965591
32,7,9,15,6.907523073023185,7.474901309935376,0.5673782369121909,9.990091340965591
32,7,9,16,7.474901309935376,8.038018889026716,0.5631175790913403,9.990091340965591
32,7,9,17,8.038018889026716,8.614919043960981,0.5769001549342647,9.990091340965591
32,7,9,18,8.614919043960981,9.26754751498811,0.6526284710271284,9.990091340965591
32,7,9,19,9.26754751498811,9.988268626038916,0.7207211110508069,9.990091340965591
32,7,9,20,9.988268626038916,9.992601415026002,0.004332788987085223,9.990091340965591
32,7,10,1,1.3010007080156356,1.851651694974862,0.5506509869592264,9.990091340965591
32,7,10,2,1.851651694974862,2.4181599050061777,0.5665082100313157,9.990091340965591
32,7,10,3,2.4181599050061777,2.9787539859535173,0.5605940809473395,9.990091340965591
32,7,10,4,2.9787539859535173,3.5402374760014936,0.5614834900479764,9.990091340965591
32,7,10,5,3.5402374760014936,4.102816730970517,0.5625792549690232,9.990091340965591
32,7,10,6,4.102816730970517,4.660222315927967,0.5574055849574506,9.990091340965591
32,7,10,7,4.660222315927967,5.224787269951776,0.5645649540238082,9.990091340965591
32,7,10,8,5.224787269951776,5.782397873001173,0.5576106030493975,9.990091340965591
32,7,10,9,5.782397873001173,6.34674987802282,0.5643520050216466,9.990091340965591
32,7,10,10,6.34674987802282,6.90733827103395,0.5605883930111304,9.990091340965591
32,7,10,11,6.90733827103395,7.474718046956696,0.5673797759227455,9.990091340965591
32,7,10,12,7.474718046956696,8.037746749003418,0.5630287020467222,9.990091340965591
32,7,10,13,8.037746749003418,8.614743932033889,0.5769971830304712,9.990091340965591
32,7,10,14,8.614743932033889,9.26730777695775,0.6525638449238613,9.990091340965591
32,7,10,15,9.26730777695775,9.988095224020071,0.720787447062321,9.990091340965591
32,7,10,16,9.988095224020071,9.992442784947343,0.004347560927271843,9.990091340965591
32,7,11,1,0.7300931320060045,1.301619717036374,0.5715265850303695,9.990091340965591
32,7,11,2,1.301619717036374,1.8524577360367402,0.5508380190003663,9.990091340965591
32,7,11,3,1.8524577360367402,2.4190590219805017,0.5666012859437615,9.990091340965591
32,7,11,4,2.4190590219805017,2.9795603019883856,0.5605012800078839,9.990091340965591
32,7,11,5,2.9795603019883856,3.5412337529705837,0.5616734509821981,9.990091340965591
32,7,11,6,3.5412337529705837,4.103989094961435,0.5627553419908509,9.990091340965591
32,7,11,7,4.103989094961435,4.660880957962945,0.5568918630015105,9.990091340965591
32,7,11,8,4.660880957962945,5.225455192034133,0.5645742340711877,9.990091340965591
32,7,11,9,5.225455192034133,5.783229521010071,0.5577743289759383,9.990091340965591
32,7,11,10,5.783229521010071,6.347597201936878,0.5643676809268072,9.990091340965591
32,7,11,11,6.347597201936878,6.908207105938345,0.5606099040014669,9.990091340965591
32,7,11,12,6.908207105938345,7.475377921015024,0.567170815076679,9.990091340965591
32,7,11,13,7.475377921015024,8.038468210957944,0.5630902899429202,9.990091340965591
32,7,11,14,8.038468210957944,8.61574835400097,0.5772801430430263,9.990091340965591
32,7,11,15,8.61574835400097,9.268031687941402,0.6522833339404315,9.990091340965591
32,7,11,16,9.268031687941402,9.990603204001673,0.7225715160602704,9.990091340965591
32,7,12,2,-0.3898019570624456,0.18268684798385948,0.5724888050463051,9.990091340965591
32,7,12,3,0.18268684798385948,0.7301766499876976,0.5474898020038381,9.990091340965591
32,7,12,4,0.7301766499876976,1.3017009909963235,0.5715243410086259,9.990091340965591
32,7,12,5,1.3017009909963235,1.852539764950052,0.5508387739537284,9.990091340965591
32,7,12,6,1.852539764950052,2.4191333040362224,0.5665935390861705,9.990091340965591
32,7,12,7,2.4191333040362224,2.979622547980398,0.5604892439441755,9.990091340965591
32,7,12,8,2.979622547980398,3.54130190203432,0.561679354053922,9.990091340965591
32,7,12,9,3.54130190203432,4.104046363965608,0.5627444619312882,9.990091340965591
32,7,12,10,4.104046363965608,4.6607648560311645,0.5567184920655563,9.990091340965591
32,7,12,11,4.6607648560311645,5.225021368009038,0.5642565119778737,9.990091340965591
32,7,12,12,5.225021368009038,5.782993932021782,0.5579725640127435,9.990091340965591
32,7,12,13,5.782993932021782,6.347075460944325,0.5640815289225429,9.990091340965591
32,7,12,14,6.347075460944325,6.907949842978269,0.5608743820339441,9.990091340965591
32,7,12,15,6.907949842978269,7.47514075296931,0.5671909099910408,9.990091340965591
32,7,12,16,7.47514075296931,8.038209246937186,0.5630684939678758,9.990091340965591
32,7,12,17,8.038209246937186,8.61509361595381,0.576884369016625,9.990091340965591
32,7,12,18,8.61509361595381,9.26771656400524,0.6526229480514303,9.990091340965591
32,7,12,19,9.26771656400524,9.988550095935352,0.7208335319301113,9.990091340965591
32,7,12,20,9.988550095935352,9.992764533031732,0.004214437096379697,9.990091340965591
32,7,13,1,1.3014878790127113,1.8518591659376398,0.5503712869249284,9.990091340965591
32,7,13,2,1.8518591659376398,2.418865710031241,0.5670065440936014,9.990091340965591
32,7,13,3,2.418865710031241,2.979037398006767,0.5601716879755259,9.990091340965591
32,7,13,4,2.979037398006767,3.5405540999490768,0.5615167019423097,9.990091340965591
32,7,13,5,3.5405540999490768,4.1034176929388195,0.5628635929897428,9.990091340965591
32,7,13,6,4.1034176929388195,4.6606799609726295,0.55726226803381,9.990091340965591
32,7,13,7,4.6606799609726295,5.224964165012352,0.5642842040397227,9.990091340965591
32,7,13,8,5.224964165012352,5.782891266979277,0.557927101966925,9.990091340965591
32,7,13,9,5.782891266979277,6.34701763803605,0.5641263710567728,9.990091340965591
32,7,13,10,6.34701763803605,6.907580488012172,0.5605628499761224,9.990091340965591
32,7,13,11,6.907580488012172,7.4749624219257385,0.5673819339135662,9.990091340965591
32,7,13,12,7.4749624219257385,8.038083272986114,0.5631208510603756,9.990091340965591
32,7,13,13,8.038083272986114,8.614976965938695,0.5768936929525807,9.990091340965591
32,7,13,14,8.614976965938695,9.267605448025279,0.652628482086584,9.990091340965591
32,7,13,15,9.267605448025279,9.988423242000863,0.7208177939755842,9.990091340965591
32,7,13,16,9.988423242000863,9.99265510798432,0.004231865983456373,9.990091340965591
32,7,14,1,2.418697261950001,2.978897223016247,0.560199961066246,9.990091340965591
32,7,14,2,2.978897223016247,3.540326689952053,0.561429466935806,9.990091340965591
32,7,14,3,3.540326689952053,4.1028851580340415,0.5625584680819884,9.990091340965591
32,7,14,4,4.1028851580340415,4.660278638941236,0.5573934809071943,9.990091340965591
32,7,14,5,4.660278638941236,5.224845650023781,0.5645670110825449,9.990091340965591
32,7,14,6,5.224845650023781,5.782462964998558,0.5576173149747774,9.990091340965591
32,7,14,7,5.782462964998558,6.346810803981498,0.5643478389829397,9.990091340965591
32,7,14,8,6.346810803981498,6.907402293989435,0.560591490007937,9.990091340965591
32,7,14,9,6.907402293989435,7.474778490024619,0.567376196035184,9.990091340965591
32,7,14,10,7.474778490024619,8.037884437013417,0.5631059469887987,9.990091340965591
32,7,14,11,8.037884437013417,8.614801906980574,0.5769174699671566,9.990091340965591
32,7,14,12,8.614801906980574,9.26736387098208,0.6525619640015066,9.990091340965591
32,7,14,13,9.26736387098208,9.988152135978453,0.7207882649963722,9.990091340965591
32,7,14,14,9.988152135978453,9.992495717015117,0.0043435810366645455,9.990091340965591
32,7,15,1,6.345848302938975,6.906182857928798,0.5603345549898222,9.990091340965591
32,7,15,2,6.906182857928798,7.473325368016958,0.5671425100881606,9.990091340965591
32,7,15,3,7.473325368016958,8.035941935959272,0.5626165679423138,9.990091340965591
32,7,15,4,8.035941935959272,8.613535186974332,0.5775932510150596,9.990091340965591
32,7,15,5,8.613535186974332,9.266293543973006,0.6527583569986746,9.990091340965591
32,7,15,6,9.266293543973006,9.987028348026797,0.7207348040537909,9.990091340965591
32,7,15,7,9.987028348026797,9.991555296001025,0.004526947974227369,9.990091340965591
32,7,16,1,4.660560401971452,5.223590834997594,0.5630304330261424,9.990091340965591
32,7,16,2,5.223590834997594,5.780982082011178,0.5573912470135838,9.990091340965591
32,7,16,3,5.780982082011178,6.345378594007343,0.5643965119961649,9.990091340965591
32,7,16,4,6.345378594007343,6.905989532941021,0.560610938933678,9.990091340965591
32,7,16,5,6.905989532941021,7.472812150954269,0.5668226180132478,9.990091340965591
32,7,16,6,7.472812150954269,8.035635638982058,0.5628234880277887,9.990091340965591
32,7,16,7,8.035635638982058,8.613305103965104,0.577669464983046,9.990091340965591
32,7,16,8,8.613305103965104,9.266064155031927,0.6527590510668233,9.990091340965591
32,7,16,9,9.266064155031927,9.986664735013619,0.7206005799816921,9.990091340965591
32,7,16,10,9.986664735013619,9.991430526017211,0.004765791003592312,9.990091340965591
32,7,17,1,0.183002226985991,0.7302683730376884,0.5472661460516974,9.990091340965591
32,7,17,2,0.7302683730376884,1.3017705020029098,0.5715021289652213,9.990091340965591
32,7,17,3,1.3017705020029098,1.8530075849266723,0.5512370829237625,9.990091340965591
32,7,17,4,1.8530075849266723,2.419723922968842,0.5667163380421698,9.990091340965591
32,7,17,5,2.419723922968842,2.980160098988563,0.5604361760197207,9.990091340965591
32,7,17,6,2.980160098988563,3.5420414629625157,0.5618813639739528,9.990091340965591
32,7,17,7,3.5420414629625157,4.104382877936587,0.5623414149740711,9.990091340965591
32,7,17,8,4.104382877936587,4.659794735955074,0.5554118580184877,9.990091340965591
32,7,17,9,4.659794735955074,5.224089371971786,0.5642946360167116,9.990091340965591
32,7,17,10,5.224089371971786,5.78149433596991,0.557404963998124,9.990091340965591
32,7,17,11,5.78149433596991,6.346224684966728,0.5647303489968181,9.990091340965591
32,7,17,12,6.346224684966728,6.906544953933917,0.5603202689671889,9.990091340965591
32,7,17,13,6.906544953933917,7.473673332948238,0.5671283790143207,9.990091340965591
32,7,17,14,7.473673332948238,8.036712512956,0.5630391800077632,9.990091340965591
32,7,17,15,8.036712512956,8.613978506997228,0.5772659940412268,9.990091340965591
32,7,17,16,8.613978506997228,9.266692537930794,0.6527140309335664,9.990091340965591
32,7,17,17,9.266692537930794,9.987429755972698,0.7207372180419043,9.990091340965591
32,7,17,18,9.987429755972698,9.991832604981028,0.004402849008329213,9.990091340965591
32,7,18,1,1.8523154449649155,2.418984440038912,0.5666689950739965,9.990091340965591
32,7,18,2,2.418984440038912,2.9794955659890547,0.5605111259501427,9.990091340965591
32,7,18,3,2.9794955659890547,3.5407275640172884,0.5612319980282336,9.990091340965591
32,7,18,4,3.5407275640172884,4.103847856982611,0.5631202929653227,9.990091340965591
32,7,18,5,4.103847856982611,4.659251921926625,0.555404064944014,9.990091340965591
32,7,18,6,4.659251921926625,5.223756741033867,0.5645048191072419,9.990091340965591
32,7,18,7,5.223756741033867,5.781170447007753,0.557413705973886,9.990091340965591
32,7,18,8,5.781170447007753,6.345937256002799,0.5647668089950457,9.990091340965591
32,7,18,9,6.345937256002799,6.906258066999726,0.5603208109969273,9.990091340965591
32,7,18,10,6.906258066999726,7.473412383929826,0.5671543169301003,9.990091340965591
32,7,18,11,7.473412383929826,8.036018416984007,0.5626060330541804,9.990091340965591
32,7,18,12,8.036018416984007,8.613679833943024,0.5776614169590175,9.990091340965591
32,7,18,13,8.613679833943024,9.266357637941837,0.652677803998813,9.990091340965591
32,7,18,14,9.266357637941837,9.987088970956393,0.7207313330145553,9.990091340965591
32,7,18,15,9.987088970956393,9.991611209930852,0.004522238974459469,9.990091340965591
32,7,19,1,5.782042033970356,6.346450879937038,0.5644088459666818,9.990091340965591
32,7,19,2,6.346450879937038,6.906728114001453,0.5602772340644151,9.990091340965591
32,7,19,3,6.906728114001453,7.474293965031393,0.56756585102994,9.990091340965591
32,7,19,4,7.474293965031393,8.037337788962759,0.5630438239313662,9.990091340965591
32,7,19,5,8.037337788962759,8.614318058942445,0.5769802699796855,9.990091340965591
32,7,19,6,8.614318058942445,9.266978007974103,0.6526599490316585,9.990091340965591
32,7,19,7,9.266978007974103,9.987727936008014,0.7207499280339107,9.990091340965591
32,7,19,8,9.987727936008014,9.992115153931081,0.00438721792306751,9.990091340965591
32,7,20,1,1.852920725941658,2.4192312320228666,0.5663105060812086,9.990091340965591
32,7,20,2,2.4192312320228666,2.9796825669473037,0.5604513349244371,9.990091340965591
32,7,20,3,2.9796825669473037,3.541381368995644,0.5616988020483404,9.990091340965591
32,7,20,4,3.541381368995644,4.1041024789446965,0.5627211099490523,9.990091340965591
32,7,20,5,4.1041024789446965,4.660937289008871,0.5568348100641742,9.990091340965591
32,7,20,6,4.660937289008871,5.225517816026695,0.5645805270178244,9.990091340965591
32,7,20,7,5.225517816026695,5.783292106934823,0.557774290908128,9.990091340965591
32,7,20,8,5.783292106934823,6.347656146041118,0.5643640391062945,9.990091340965591
32,7,20,9,6.347656146041118,6.908261678996496,0.5606055329553783,9.990091340965591
32,7,20,10,6.908261678996496,7.475441507995129,0.5671798289986327,9.990091340965591
32,7,20,11,7.475441507995129,8.038529224926606,0.5630877169314772,9.990091340965591
32,7,20,12,8.038529224926606,8.615805901936255,0.5772766770096496,9.990091340965591
32,7,20,13,8.615805901936255,9.268085449002683,0.6522795470664278,9.990091340965591
32,7,20,14,9.268085449002683,9.99067152000498,0.7225860710022971,9.990091340965591
32,7,21,1,4.659600212937221,5.223861097008921,0.5642608840717003,9.990091340965591
32,7,21,2,5.223861097008921,5.781254185014404,0.5573930880054832,9.990091340965591
32,7,21,3,5.781254185014404,6.346094646025449,0.5648404610110447,9.990091340965591
32,7,21,4,6.346094646025449,6.906322252936661,0.5602276069112122,9.990091340965591
32,7,21,5,6.906322252936661,7.4734805199550465,0.5671582670183852,9.990091340965591
32,7,21,6,7.4734805199550465,8.03608556999825,0.5626050500432029,9.990091340965591
32,7,21,7,8.03608556999825,8.613746776012704,0.5776612060144544,9.990091340965591
32,7,21,8,8.613746776012704,9.266505409032106,0.6527586330194026,9.990091340965591
32,7,21,9,9.266505409032106,9.987237502937205,0.7207320939050987,9.990091340965591
32,7,21,10,9.987237502937205,9.991665115929209,0.00442761299200356,9.990091340965591
32,7,22,1,2.9793723829789087,3.5406584199517965,0.5612860369728878,9.990091340965591
32,7,22,2,3.5406584199517965,4.103789216955192,0.5631307970033959,9.990091340965591
32,7,22,3,4.103789216955192,4.660048599005677,0.5562593820504844,9.990091340965591
32,7,22,4,4.660048599005677,5.224608125980012,0.5645595269743353,9.990091340965591
32,7,22,5,5.224608125980012,5.782191372942179,0.5575832469621673,9.990091340965591
32,7,22,6,5.782191372942179,6.346572760026902,0.5643813870847225,9.990091340965591
32,7,22,7,6.346572760026902,6.906845869962126,0.5602731099352241,9.990091340965591
32,7,22,8,6.906845869962126,7.474426586995833,0.5675807170337066,9.990091340965591
32,7,22,9,7.474426586995833,8.037477293983102,0.5630507069872692,9.990091340965591
32,7,22,10,8.037477293983102,8.614439666038379,0.5769623720552772,9.990091340965591
32,7,22,11,8.614439666038379,9.267089586006477,0.6526499199680984,9.990091340965591
32,7,22,12,9.267089586006477,9.98786145192571,0.7207718659192324,9.990091340965591
32,7,22,13,9.98786145192571,9.992224031942897,0.004362580017186701,9.990091340965591
32,7,23,1,6.907852286007255,7.4750668769702315,0.5672145909629762,9.990091340965591
32,7,23,2,7.4750668769702315,8.038145669037476,0.5630787920672446,9.990091340965591
32,7,23,3,8.038145669037476,8.615033717942424,0.5768880489049479,9.990091340965591
32,7,23,4,8.615033717942424,9.267661191988736,0.6526274740463123,9.990091340965591
32,7,23,5,9.267661191988736,9.988491932977922,0.7208307409891859,9.990091340965591
32,7,23,6,9.988491932977922,9.992709044949152,0.004217111971229315,9.990091340965591
32,7,24,1,5.2244164570001885,5.7816030769608915,0.557186619960703,9.990091340965591
32,7,24,2,5.7816030769608915,6.346290163928643,0.5646870869677514,9.990091340965591
32,7,24,3,6.346290163928643,6.906610316946171,0.5603201530175284,9.990091340965591
32,7,24,4,6.906610316946171,7.474067781935446,0.5674574649892747,9.990091340965591
32,7,24,5,7.474067781935446,8.03720182995312,0.5631340480176732,9.990091340965591
32,7,24,6,8.03720182995312,8.614199731964618,0.5769979020114988,9.990091340965591
32,7,24,7,8.614199731964618,9.266865961020812,0.6526662290561944,9.990091340965591
32,7,24,8,9.266865961020812,9.987610875978135,0.7207449149573222,9.990091340965591
32,7,24,9,9.987610875978135,9.992007469991222,0.0043965940130874515,9.990091340965591
32,7,25,1,8.037013971013948,8.61407877097372,0.5770647999597713,9.990091340965591
32,7,25,2,8.61407877097372,9.266750389011577,0.6526716180378571,9.990091340965591
32,7,25,3,9.266750389011577,9.987492179032415,0.7207417900208384,9.990091340965591
32,7,25,4,9.987492179032415,9.991886743926443,0.004394564894028008,9.990091340965591
32,7,26,1,5.225304340943694,5.783099898020737,0.5577955570770428,9.990091340965591
32,7,26,2,5.783099898020737,6.347133500967175,0.5640336029464379,9.990091340965591
32,7,26,3,6.347133500967175,6.908010384999216,0.5608768840320408,9.990091340965591
32,7,26,4,6.908010384999216,7.475203188019805,0.567192803020589,9.990091340965591
32,7,26,5,7.475203188019805,8.038272756966762,0.5630695689469576,9.990091340965591
32,7,26,6,8.038272756966762,8.615549198933877,0.5772764419671148,9.990091340965591
32,7,26,7,8.615549198933877,9.26786252495367,0.6523133260197937,9.990091340965591
32,7,26,8,9.26786252495367,9.98866445000749,0.72080192505382,9.990091340965591
32,7,26,9,9.98866445000749,9.992872209986672,0.004207759979180992,9.990091340965591
32,7,27,1,7.473231595009565,8.035865584970452,0.5626339899608865,9.990091340965591
32,7,27,2,8.035865584970452,8.613459902931936,0.5775943179614842,9.990091340965591
32,7,27,3,8.613459902931936,9.266223824000917,0.6527639210689813,9.990091340965591
32,7,27,4,9.266223824000917,9.986963736941107,0.7207399129401892,9.990091340965591
32,7,27,5,9.986963736941107,9.99149829999078,0.004534563049674034,9.990091340965591
32,7,28,1,5.782752946019173,6.346902224002406,0.5641492779832333,9.990091340965591
32,7,28,2,6.346902224002406,6.907463751966134,0.5605615279637277,9.990091340965591
32,7,28,3,6.907463751966134,7.474840337992646,0.5673765860265121,9.990091340965591
32,7,28,4,7.474840337992646,8.037952794926241,0.5631124569335952,9.990091340965591
32,7,28,5,8.037952794926241,8.614859733032063,0.5769069381058216,9.990091340965591
32,7,28,6,8.614859733032063,9.267487854929641,0.6526281218975782,9.990091340965591
32,7,28,7,9.267487854929641,9.988209316972643,0.7207214620430022,9.990091340965591
32,7,28,8,9.988209316972643,9.992547661997378,0.0043383450247347355,9.990091340965591
32,7,29,1,8.615479192929342,9.26780544698704,0.652326254057698,9.990091340965591
32,7,29,2,9.26780544698704,9.988606718950905,0.7208012719638646,9.990091340965591
32,7,29,3,9.988606718950905,9.992818651953712,0.0042119330028072,9.990091340965591
32,7,30,1,8.036559487925842,8.61385111999698,0.5772916320711374,9.990091340965591
32,7,30,2,8.61385111999698,9.266571079962887,0.652719959965907,9.990091340965591
32,7,30,3,9.266571079962887,9.987301268032752,0.7207301880698651,9.990091340965591
32,7,30,4,9.987301268032752,9.99172060098499,0.004419332952238619,9.990091340965591
32,7,31,1,3.5418582640122622,4.1042670250171795,0.5624087610049173,9.990091340965591
32,7,31,2,4.1042670250171795,4.660108821000904,0.5558417959837243,9.990091340965591
32,7,31,3,4.660108821000904,5.224669115035795,0.5645602940348908,9.990091340965591
32,7,31,4,5.224669115035795,5.7822570549324155,0.5575879398966208,9.990091340965591
32,7,31,5,5.7822570549324155,6.346628698986024,0.5643716440536082,9.990091340965591
32,7,31,6,6.346628698986024,6.906901177950203,0.5602724789641798,9.990091340965591
32,7,31,7,6.906901177950203,7.474487866973504,0.567586689023301,9.990091340965591
32,7,31,8,7.474487866973504,8.037540351971984,0.5630524849984795,9.990091340965591
32,7,31,9,8.037540351971984,8.61449821095448,0.576957858982496,9.990091340965591
32,7,31,10,8.61449821095448,9.267143102013506,0.6526448910590261,9.990091340965591
32,7,31,11,9.267143102013506,9.987919420935214,0.7207763189217076,9.990091340965591
32,7,31,12,9.987919420935214,9.992276350967586,0.004356930032372475,9.990091340965591
32,8,0,1,4.109135404927656,4.666485975962132,0.5573505710344762,10.000150583917275
32,8,0,2,4.666485975962132,5.233433902962133,0.5669479270000011,10.000150583917275
32,8,0,3,5.233433902962133,5.791385382995941,0.5579514800338075,10.000150583917275
32,8,0,4,5.791385382995941,6.357589744962752,0.5662043619668111,10.000150583917275
32,8,0,5,6.357589744962752,6.919083818909712,0.5614940739469603,10.000150583917275
32,8,0,6,6.919083818909712,7.4834294359898195,0.5643456170801073,10.000150583917275
32,8,0,7,7.4834294359898195,8.04653090192005,0.5631014659302309,10.000150583917275
32,8,0,8,8.04653090192005,8.623357329983264,0.5768264280632138,10.000150583917275
32,8,0,9,8.623357329983264,9.27708793093916,0.6537306009558961,10.000150583917275
32,8,0,10,9.27708793093916,10.000454278895631,0.7233663479564711,10.000150583917275
32,8,1,1,0.733209649915807,1.3044262919574976,0.5712166420416906,10.000150583917275
32,8,1,2,1.3044262919574976,1.8532350509194657,0.5488087589619681,10.000150583917275
32,8,1,3,1.8532350509194657,2.422094982000999,0.5688599310815334,10.000150583917275
32,8,1,4,2.422094982000999,2.982017839909531,0.559922857908532,10.000150583917275
32,8,1,5,2.982017839909531,3.545925462967716,0.563907623058185,10.000150583917275
32,8,1,6,3.545925462967716,4.10755800397601,0.5616325410082936,10.000150583917275
32,8,1,7,4.10755800397601,4.666700822999701,0.5591428190236911,10.000150583917275
32,8,1,8,4.666700822999701,5.233636069926433,0.5669352469267324,10.000150583917275
32,8,1,9,5.233636069926433,5.791684606927447,0.5580485370010138,10.000150583917275
32,8,1,10,5.791684606927447,6.35774650296662,0.566061896039173,10.000150583917275
32,8,1,11,6.35774650296662,6.919379958999343,0.5616334560327232,10.000150583917275
32,8,1,12,6.919379958999343,7.483572513912804,0.5641925549134612,10.000150583917275
32,8,1,13,7.483572513912804,8.046676333993673,0.5631038200808689,10.000150583917275
32,8,1,14,8.046676333993673,8.623596321907826,0.5769199879141524,10.000150583917275
32,8,1,15,8.623596321907826,9.277341701905243,0.6537453799974173,10.000150583917275
32,8,1,16,9.277341701905243,10.000751409912482,0.7234097080072388,10.000150583917275
32,8,2,2,-0.3876257051015273,0.18327413592487574,0.570899841026403,10.000150583917275
32,8,2,3,0.18327413592487574,0.733757623936981,0.5504834880121052,10.000150583917275
32,8,2,4,0.733757623936981,1.3047053389018402,0.5709477149648592,10.000150583917275
32,8,2,5,1.3047053389018402,1.853449037997052,0.5487436990952119,10.000150583917275
32,8,2,6,1.853449037997052,2.422782267909497,0.569333229912445,10.000150583917275
32,8,2,7,2.422782267909497,2.9826379439327866,0.5598556760232896,10.000150583917275
32,8,2,8,2.9826379439327866,3.5464166649617255,0.5637787210289389,10.000150583917275
32,8,2,9,3.5464166649617255,4.108534010942094,0.5621173459803686,10.000150583917275
32,8,2,10,4.108534010942094,4.668296780902892,0.5597627699607983,10.000150583917275
32,8,2,11,4.668296780902892,5.235284664900973,0.5669878839980811,10.000150583917275
32,8,2,12,5.235284664900973,5.793152961996384,0.5578682970954105,10.000150583917275
32,8,2,13,5.793152961996384,6.3592663638992235,0.5661134019028395,10.000150583917275
32,8,2,14,6.3592663638992235,6.921021325979382,0.5617549620801583,10.000150583917275
32,8,2,15,6.921021325979382,7.485798673005775,0.5647773470263928,10.000150583917275
32,8,2,16,7.485798673005775,8.049187164986506,0.5633884919807315,10.000150583917275
32,8,2,17,8.049187164986506,8.625225562951528,0.5760383979650214,10.000150583917275
32,8,2,18,8.625225562951528,9.27873533591628,0.6535097729647532,10.000150583917275
32,8,2,19,9.27873533591628,10.002418866963126,0.723683531046845,10.000150583917275
32,8,3,1,8.047342043952085,8.623953494010493,0.5766114500584081,10.000150583917275
32,8,3,2,8.623953494010493,9.277664740919136,0.6537112469086424,10.000150583917275
32,8,3,3,9.277664740919136,10.001163740991615,0.7234990000724792,10.000150583917275
32,8,4,1,1.854144876007922,2.4233063959982246,0.5691615199903026,10.000150583917275
32,8,4,2,2.4233063959982246,2.9828824219293892,0.5595760259311646,10.000150583917275
32,8,4,3,2.9828824219293892,3.547019080957398,0.5641366590280086,10.000150583917275
32,8,4,4,3.547019080957398,4.109293961897492,0.5622748809400946,10.000150583917275
32,8,4,5,4.109293961897492,4.667589818942361,0.5582958570448682,10.000150583917275
32,8,4,6,4.667589818942361,5.234117268002592,0.5665274490602314,10.000150583917275
32,8,4,7,5.234117268002592,5.792378660989925,0.5582613929873332,10.000150583917275
32,8,4,8,5.792378660989925,6.358161493903026,0.5657828329131007,10.000150583917275
32,8,4,9,6.358161493903026,6.920187340932898,0.5620258470298722,10.000150583917275
32,8,4,10,6.920187340932898,7.484217692981474,0.5640303520485759,10.000150583917275
32,8,4,11,7.484217692981474,8.047470068908297,0.5632523759268224,10.000150583917275
32,8,4,12,8.047470068908297,8.624069556943141,0.5765994880348444,10.000150583917275
32,8,4,13,8.624069556943141,9.277783224941231,0.6537136679980904,10.000150583917275
32,8,4,14,9.277783224941231,10.001322160940617,0.723538935999386,10.000150583917275
32,8,5,1,7.485048250993714,8.048841695999727,0.5637934450060129,10.000150583917275
32,8,5,2,8.048841695999727,8.624482852988876,0.5756411569891497,10.000150583917275
32,8,5,3,8.624482852988876,9.278225591988303,0.6537427389994264,10.000150583917275
32,8,5,4,9.278225591988303,10.001866490929388,0.7236408989410847,10.000150583917275
32,8,6,1,5.235887476010248,5.793387904996052,0.5575004289858043,10.000150583917275
32,8,6,2,5.793387904996052,6.359467876958661,0.5660799719626084,10.000150583917275
32,8,6,3,6.359467876958661,6.921650659991428,0.5621827830327675,10.000150583917275
32,8,6,4,6.921650659991428,7.486097443965264,0.5644467839738354,10.000150583917275
32,8,6,5,7.486097443965264,8.049400657997467,0.563303214032203,10.000150583917275
32,8,6,6,8.049400657997467,8.625447934959084,0.5760472769616172,10.000150583917275
32,8,6,7,8.625447934959084,9.278969332925044,0.6535213979659602,10.000150583917275
32,8,6,8,9.278969332925044,10.002720276010223,0.7237509430851787,10.000150583917275
32,8,7,1,2.981857557897456,3.5458066849969327,0.5639491270994768,10.000150583917275
32,8,7,2,3.5458066849969327,4.107450363924727,0.5616436789277941,10.000150583917275
32,8,7,3,4.107450363924727,4.66783674096223,0.5603863770375028,10.000150583917275
32,8,7,4,4.66783674096223,5.234820951940492,0.5669842109782621,10.000150583917275
32,8,7,5,5.234820951940492,5.792724265949801,0.5579033140093088,10.000150583917275
32,8,7,6,5.792724265949801,6.358442054945044,0.5657177889952436,10.000150583917275
32,8,7,7,6.358442054945044,6.920472327969037,0.5620302730239928,10.000150583917275
32,8,7,8,6.920472327969037,7.48448635591194,0.5640140279429033,10.000150583917275
32,8,7,9,7.48448635591194,8.047803874011151,0.5633175180992112,10.000150583917275
32,8,7,10,8.047803874011151,8.624307988910004,0.576504114898853,10.000150583917275
32,8,7,11,8.624307988910004,9.278044550912455,0.6537365620024502,10.000150583917275
32,8,7,12,9.278044550912455,10.001636973931454,0.7235924230189994,10.000150583917275
32,8,8,1,0.7335326899774373,1.3045472959056497,0.5710146059282124,10.000150583917275
32,8,8,2,1.3045472959056497,1.8533141259104013,0.5487668300047517,10.000150583917275
32,8,8,3,1.8533141259104013,2.4222336729289964,0.568919547018595,10.000150583917275
32,8,8,4,2.4222336729289964,2.9820912278955802,0.5598575549665838,10.000150583917275
32,8,8,5,2.9820912278955802,3.54600411595311,0.5639128880575299,10.000150583917275
32,8,8,6,3.54600411595311,4.107653426006436,0.5616493100533262,10.000150583917275
32,8,8,7,4.107653426006436,4.666779771912843,0.5591263459064066,10.000150583917275
32,8,8,8,4.666779771912843,5.233821974950843,0.5670422030379996,10.000150583917275
32,8,8,9,5.233821974950843,5.791757402010262,0.5579354270594195,10.000150583917275
32,8,8,10,5.791757402010262,6.357825470971875,0.5660680689616129,10.000150583917275
32,8,8,11,6.357825470971875,6.919457053998485,0.5616315830266103,10.000150583917275
32,8,8,12,6.919457053998485,7.48364778899122,0.5641907349927351,10.000150583917275
32,8,8,13,7.48364778899122,8.046821862924844,0.5631740739336237,10.000150583917275
32,8,8,14,8.046821862924844,8.623670554952696,0.5768486920278519,10.000150583917275
32,8,8,15,8.623670554952696,9.27740876597818,0.6537382110254839,10.000150583917275
32,8,8,16,9.27740876597818,10.000837822910398,0.7234290569322184,10.000150583917275
32,8,9,1,0.18319811089895666,0.7336797890020534,0.5504816781030968,10.000150583917275
32,8,9,2,0.7336797890020534,1.3046310379868373,0.5709512489847839,10.000150583917275
32,8,9,3,1.3046310379868373,1.853384963935241,0.5487539259484038,10.000150583917275
32,8,9,4,1.853384963935241,2.42230968689546,0.5689247229602188,10.000150583917275
32,8,9,5,2.42230968689546,2.9824577919207513,0.5601481050252914,10.000150583917275
32,8,9,6,2.9824577919207513,3.546272245934233,0.5638144540134817,10.000150583917275
32,8,9,7,3.546272245934233,4.107909646001644,0.5616374000674114,10.000150583917275
32,8,9,8,4.107909646001644,4.66822323994711,0.560313593945466,10.000150583917275
32,8,9,9,4.66822323994711,5.235209172940813,0.5669859329937026,10.000150583917275
32,8,9,10,5.235209172940813,5.7930706379702315,0.5578614650294185,10.000150583917275
32,8,9,11,5.7930706379702315,6.359194529009983,0.5661238910397515,10.000150583917275
32,8,9,12,6.359194529009983,6.920947661972605,0.5617531329626217,10.000150583917275
32,8,9,13,6.920947661972605,7.485728689935058,0.5647810279624537,10.000150583917275
32,8,9,14,7.485728689935058,8.049131243955344,0.5634025540202856,10.000150583917275
32,8,9,15,8.049131243955344,8.62516372592654,0.5760324819711968,10.000150583917275
32,8,9,16,8.62516372592654,9.278640377917327,0.6534766519907862,10.000150583917275
32,8,9,17,9.278640377917327,10.002341260900721,0.723700882983394,10.000150583917275
32,8,10,1,3.5474320109933615,4.109535656985827,0.5621036459924653,10.000150583917275
32,8,10,2,4.109535656985827,4.666584241902456,0.5570485849166289,10.000150583917275
32,8,10,3,4.666584241902456,5.233545409981161,0.5669611680787057,10.000150583917275
32,8,10,4,5.233545409981161,5.791599417920224,0.558054007939063,10.000150583917275
32,8,10,5,5.791599417920224,6.357673398917541,0.5660739809973165,10.000150583917275
32,8,10,6,6.357673398917541,6.919169063912705,0.5614956649951637,10.000150583917275
32,8,10,7,6.919169063912705,7.483502540970221,0.5643334770575166,10.000150583917275
32,8,10,8,7.483502540970221,8.046600031899288,0.5630974909290671,10.000150583917275
32,8,10,9,8.046600031899288,8.623531052959152,0.5769310210598633,10.000150583917275
32,8,10,10,8.623531052959152,9.2772764749825,0.6537454220233485,10.000150583917275
32,8,10,11,9.2772764749825,10.000520817004144,0.7232443420216441,10.000150583917275
32,8,11,1,6.3572777869412675,6.9188883129972965,0.5616105260560289,10.000150583917275
32,8,11,2,6.9188883129972965,7.483240583911538,0.5643522709142417,10.000150583917275
32,8,11,3,7.483240583911538,8.045973905944265,0.5627333220327273,10.000150583917275
32,8,11,4,8.045973905944265,8.623095495975576,0.5771215900313109,10.000150583917275
32,8,11,5,8.623095495975576,9.276867292937823,0.6537717969622463,10.000150583917275
32,8,11,6,9.276867292937823,9.998608756926842,0.7217414639890194,10.000150583917275
32,8,11,7,9.998608756926842,10.003200032981113,0.0045912760542705655,10.000150583917275
32,8,12,1,1.3054105580085889,1.8543331769760698,0.548922618967481,10.000150583917275
32,8,12,2,1.8543331769760698,2.423470819951035,0.5691376429749653,10.000150583917275
32,8,12,3,2.423470819951035,2.983011575997807,0.559540756046772,10.000150583917275
32,8,12,4,2.983011575997807,3.5471492529613897,0.5641376769635826,10.000150583917275
32,8,12,5,3.5471492529613897,4.109435735968873,0.5622864830074832,10.000150583917275
32,8,12,6,4.109435735968873,4.668133797007613,0.55869806103874,10.000150583917275
32,8,12,7,4.668133797007613,5.2351352599216625,0.5670014629140496,10.000150583917275
32,8,12,8,5.2351352599216625,5.793003182974644,0.5578679230529815,10.000150583917275
32,8,12,9,5.793003182974644,6.35912673198618,0.5661235490115359,10.000150583917275
32,8,12,10,6.35912673198618,6.920879698940553,0.5617529669543728,10.000150583917275
32,8,12,11,6.920879698940553,7.485268830903806,0.564389131963253,10.000150583917275
32,8,12,12,7.485268830903806,8.04900344600901,0.5637346151052043,10.000150583917275
32,8,12,13,8.04900344600901,8.625041511957534,0.5760380659485236,10.000150583917275
32,8,12,14,8.625041511957534,9.278508700896055,0.6534671889385208,10.000150583917275
32,8,12,15,9.278508700896055,10.002181820920669,0.723673120024614,10.000150583917275
32,8,13,1,8.046438018907793,8.62327500898391,0.5768369900761172,10.000150583917275
32,8,13,2,8.62327500898391,9.277017619926482,0.6537426109425724,10.000150583917275
32,8,13,3,9.277017619926482,10.000385193969123,0.7233675740426406,10.000150583917275
32,8,14,1,2.9823865509824827,3.5461949369637296,0.5638083859812468,10.000150583917275
32,8,14,2,3.5461949369637296,4.107832753914408,0.5616378169506788,10.000150583917275
32,8,14,3,4.107832753914408,4.667908745002933,0.5600759910885245,10.000150583917275
32,8,14,4,4.667908745002933,5.234909666934982,0.5670009219320491,10.000150583917275
32,8,14,5,5.234909666934982,5.7927932139718905,0.5578835470369086,10.000150583917275
32,8,14,6,5.7927932139718905,6.358518308959901,0.5657250949880108,10.000150583917275
32,8,14,7,6.358518308959901,6.92054137296509,0.5620230640051886,10.000150583917275
32,8,14,8,6.92054137296509,7.484548773965798,0.5640074010007083,10.000150583917275
32,8,14,9,7.484548773965798,8.048682576976717,0.5641338030109182,10.000150583917275
32,8,14,10,8.048682576976717,8.624366336967796,0.5756837599910796,10.000150583917275
32,8,14,11,8.624366336967796,9.278106138925068,0.653739801957272,10.000150583917275
32,8,14,12,9.278106138925068,10.001717078965157,0.7236109400400892,10.000150583917275
32,8,15,1,6.358904768945649,6.920647354912944,0.5617425859672949,10.000150583917275
32,8,15,2,6.920647354912944,7.484622172894888,0.5639748179819435,10.000150583917275
32,8,15,3,7.484622172894888,8.048759558005258,0.5641373851103708,10.000150583917275
32,8,15,4,8.048759558005258,8.624424311914481,0.5756647539092228,10.000150583917275
32,8,15,5,8.624424311914481,9.278166342992336,0.6537420310778543,10.000150583917275
32,8,15,6,9.278166342992336,10.0017907199217,0.7236243769293651,10.000150583917275
32,8,16,1,3.5468701099744067,4.108736552996561,0.5618664430221543,10.000150583917275
32,8,16,2,4.108736552996561,4.6680622909916565,0.5593257379950956,10.000150583917275
32,8,16,3,4.6680622909916565,5.2350651999004185,0.567002908908762,10.000150583917275
32,8,16,4,5.2350651999004185,5.792937305988744,0.5578721060883254,10.000150583917275
32,8,16,5,5.792937305988744,6.359061079914682,0.5661237739259377,10.000150583917275
32,8,16,6,6.359061079914682,6.920798445935361,0.5617373660206795,10.000150583917275
32,8,16,7,6.920798445935361,7.485194736975245,0.5643962910398841,10.000150583917275
32,8,16,8,7.485194736975245,8.04894984595012,0.563755108974874,10.000150583917275
32,8,16,9,8.04894984595012,8.62493516097311,0.5759853150229901,10.000150583917275
32,8,16,10,8.62493516097311,9.278448411962017,0.6535132509889081,10.000150583917275
32,8,16,11,9.278448411962017,10.002104184939526,0.7236557729775086,10.000150583917275
32,8,17,1,5.234658256988041,5.792567109921947,0.557908852933906,10.000150583917275
32,8,17,2,5.792567109921947,6.358300428953953,0.565733319032006,10.000150583917275
32,8,17,3,6.358300428953953,6.920325006940402,0.562024577986449,10.000150583917275
32,8,17,4,6.920325006940402,7.484354219981469,0.5640292130410671,10.000150583917275
32,8,17,5,7.484354219981469,8.047597130993381,0.5632429110119119,10.000150583917275
32,8,17,6,8.047597130993381,8.624187499983236,0.576590368989855,10.000150583917275
32,8,17,7,8.624187499983236,9.277920451946557,0.6537329519633204,10.000150583917275
32,8,17,8,9.277920451946557,10.00147786794696,0.7235574160004035,10.000150583917275
32,8,18,1,5.792304422007874,6.358085251995362,0.5657808299874887,10.000150583917275
32,8,18,2,6.358085251995362,6.920121340896003,0.5620360889006406,10.000150583917275
32,8,18,3,6.920121340896003,7.484154263976961,0.5640329230809584,10.000150583917275
32,8,18,4,7.484154263976961,8.04740843793843,0.563254173961468,10.000150583917275
32,8,18,5,8.04740843793843,8.624012811924331,0.5766043739859015,10.000150583917275
32,8,18,6,8.624012811924331,9.277724482002668,0.6537116700783372,10.000150583917275
32,8,18,7,9.277724482002668,10.00124278489966,0.7235183028969914,10.000150583917275
32,8,19,1,1.8538451970089227,2.423191382898949,0.5693461858900264,10.000150583917275
32,8,19,2,2.423191382898949,2.9828158889431506,0.5596245060442016,10.000150583917275
32,8,19,3,2.9828158889431506,3.5469493319978938,0.5641334430547431,10.000150583917275
32,8,19,4,3.5469493319978938,4.109218257945031,0.5622689259471372,10.000150583917275
32,8,19,5,4.109218257945031,4.668789743911475,0.559571485966444,10.000150583917275
32,8,19,6,4.668789743911475,5.235501907998696,0.566712164087221,10.000150583917275
32,8,19,7,5.235501907998696,5.793287317967042,0.5577854099683464,10.000150583917275
32,8,19,8,5.793287317967042,6.359402775997296,0.5661154580302536,10.000150583917275
32,8,19,9,6.359402775997296,6.921574719948694,0.5621719439513981,10.000150583917275
32,8,19,10,6.921574719948694,7.486024108948186,0.5644493889994919,10.000150583917275
32,8,19,11,7.486024108948186,8.049349274951965,0.5633251660037786,10.000150583917275
32,8,19,12,8.049349274951965,8.625389391905628,0.5760401169536635,10.000150583917275
32,8,19,13,8.625389391905628,9.278910788940266,0.6535213970346376,10.000150583917275
32,8,19,14,9.278910788940266,10.00264735892415,0.7237365699838847,10.000150583917275
32,8,20,1,5.791078244918026,6.356660621007904,0.5655823760898784,10.000150583917275
32,8,20,2,6.356660621007904,6.918601946905255,0.5619413258973509,10.000150583917275
32,8,20,3,6.918601946905255,7.482989653944969,0.5643877070397139,10.000150583917275
32,8,20,4,7.482989653944969,8.045827808906324,0.562838154961355,10.000150583917275
32,8,20,5,8.045827808906324,8.62291211495176,0.5770843060454354,10.000150583917275
32,8,20,6,8.62291211495176,9.276670999010094,0.6537588840583339,10.000150583917275
32,8,20,7,9.276670999010094,9.99837598495651,0.7217049859464169,10.000150583917275
32,8,20,8,9.99837598495651,10.00313412793912,0.00475814298260957,10.000150583917275
32,8,21,1,4.66869704099372,5.235390590969473,0.5666935499757528,10.000150583917275
32,8,21,2,5.235390590969473,5.793222360895015,0.5578317699255422,10.000150583917275
32,8,21,3,5.793222360895015,6.359341843985021,0.5661194830900058,10.000150583917275
32,8,21,4,6.359341843985021,6.921477611991577,0.5621357680065557,10.000150583917275
32,8,21,5,6.921477611991577,7.485961754922755,0.5644841429311782,10.000150583917275
32,8,21,6,7.485961754922755,8.049296305980533,0.5633345510577783,10.000150583917275
32,8,21,7,8.049296305980533,8.625335605000146,0.5760392990196124,10.000150583917275
32,8,21,8,8.625335605000146,9.278854477917776,0.6535188729176298,10.000150583917275
32,8,21,9,9.278854477917776,10.002567344927229,0.7237128670094535,10.000150583917275
32,8,22,1,2.423080389969982,2.982749879010953,0.5596694890409708,10.000150583917275
32,8,22,2,2.982749879010953,3.5464888609712943,0.5637389819603413,10.000150583917275
32,8,22,3,3.5464888609712943,4.108611045987345,0.5621221850160509,10.000150583917275
32,8,22,4,4.108611045987345,4.666171978926286,0.5575609329389408,10.000150583917275
32,8,22,5,4.666171978926286,5.233186368946917,0.5670143900206313,10.000150583917275
32,8,22,6,5.233186368946917,5.791292109992355,0.5581057410454378,10.000150583917275
32,8,22,7,5.791292109992355,6.357374007930048,0.5660818979376927,10.000150583917275
32,8,22,8,6.357374007930048,6.918989900965244,0.5616158930351958,10.000150583917275
32,8,22,9,6.918989900965244,7.483344102976844,0.5643542020116001,10.000150583917275
32,8,22,10,7.483344102976844,8.046050741919316,0.5627066389424726,10.000150583917275
32,8,22,11,8.046050741919316,8.623173428000882,0.5771226860815659,10.000150583917275
32,8,22,12,8.623173428000882,9.27694625093136,0.6537728229304776,10.000150583917275
32,8,22,13,9.27694625093136,10.000312129966915,0.7233658790355548,10.000150583917275
32,8,23,1,1.3050992760108784,1.8542420809390023,0.549142804928124,10.000150583917275
32,8,23,2,1.8542420809390023,2.4234024729812518,0.5691603920422494,10.000150583917275
32,8,23,3,2.4234024729812518,2.982946431962773,0.5595439589815214,10.000150583917275
32,8,23,4,2.982946431962773,3.5470836010063067,0.5641371690435335,10.000150583917275
32,8,23,5,3.5470836010063067,4.1093671679263934,0.5622835669200867,10.000150583917275
32,8,23,6,4.1093671679263934,4.667682480998337,0.5583153130719438,10.000150583917275
32,8,23,7,4.667682480998337,5.234196583973244,0.5665141029749066,10.000150583917275
32,8,23,8,5.234196583973244,5.792452925001271,0.5582563410280272,10.000150583917275
32,8,23,9,5.792452925001271,6.358232175000012,0.5657792499987409,10.000150583917275
32,8,23,10,6.358232175000012,6.920258114929311,0.5620259399292991,10.000150583917275
32,8,23,11,6.920258114929311,7.484285818994977,0.5640277040656656,10.000150583917275
32,8,23,12,7.484285818994977,8.047534224926494,0.5632484059315175,10.000150583917275
32,8,23,13,8.047534224926494,8.624130720971152,0.5765964960446581,10.000150583917275
32,8,23,14,8.624130720971152,9.277849440928549,0.6537187199573964,10.000150583917275
32,8,23,15,9.277849440928549,10.001401781919412,0.7235523409908637,10.000150583917275
32,8,24,1,6.9214024029206485,7.485899947932921,0.5644975450122729,10.000150583917275
32,8,24,2,7.485899947932921,8.04924243397545,0.5633424860425293,10.000150583917275
32,8,24,3,8.04924243397545,8.625280731008388,0.5760382970329374,10.000150583917275
32,8,24,4,8.625280731008388,9.278797632898204,0.6535169018898159,10.000150583917275
32,8,24,5,9.278797632898204,10.002490393002518,0.7236927601043135,10.000150583917275
32,8,25,1,8.624869548948482,9.278385469922796,0.6535159209743142,10.000150583917275
32,8,25,2,9.278385469922796,10.002027106005698,0.7236416360829026,10.000150583917275
32,8,26,1,2.4226968499133363,2.9825605949154124,0.559863745002076,10.000150583917275
32,8,26,2,2.9825605949154124,3.5463443369371817,0.5637837420217693,10.000150583917275
32,8,26,3,3.5463443369371817,4.107989679905586,0.5616453429684043,10.000150583917275
32,8,26,4,4.107989679905586,4.667984863976017,0.5599951840704307,10.000150583917275
32,8,26,5,4.667984863976017,5.234991290955804,0.5670064269797876,10.000150583917275
32,8,26,6,5.234991290955804,5.792861811933108,0.5578705209773034,10.000150583917275
32,8,26,7,5.792861811933108,6.358994351001456,0.5661325390683487,10.000150583917275
32,8,26,8,6.358994351001456,6.920720846974291,0.5617264959728345,10.000150583917275
32,8,26,9,6.920720846974291,7.485128749976866,0.564407903002575,10.000150583917275
32,8,26,10,7.485128749976866,8.0488982249517,0.5637694749748334,10.000150583917275
32,8,26,11,8.0488982249517,8.624541983008385,0.5756437580566853,10.000150583917275
32,8,26,12,8.624541983008385,9.278285818989389,0.6537438359810039,10.000150583917275
32,8,26,13,9.278285818989389,10.001943547977135,0.7236577289877459,10.000150583917275
32,8,27,2,-0.3877115420764312,0.18281969497911632,0.5705312370555475,10.000150583917275
32,8,27,3,0.18281969497911632,0.7327166529139504,0.5498969579348341,10.000150583917275
32,8,27,4,0.7327166529139504,1.3041928929742426,0.5714762400602922,10.000150583917275
32,8,27,5,1.3041928929742426,1.8530713180080056,0.548878425033763,10.000150583917275
32,8,27,6,1.8530713180080056,2.421898211003281,0.5688268929952756,10.000150583917275
32,8,27,7,2.421898211003281,2.9813275169581175,0.5594293059548363,10.000150583917275
32,8,27,8,2.9813275169581175,3.545495444908738,0.5641679279506207,10.000150583917275
32,8,27,9,3.545495444908738,4.107209077919833,0.5617136330110952,10.000150583917275
32,8,27,10,4.107209077919833,4.66776078089606,0.5605517029762268,10.000150583917275
32,8,27,11,4.66776078089606,5.2347473739646375,0.5669865930685773,10.000150583917275
32,8,27,12,5.2347473739646375,5.7926447310019284,0.5578973570372909,10.000150583917275
32,8,27,13,5.7926447310019284,6.358374284929596,0.5657295539276674,10.000150583917275
32,8,27,14,6.358374284929596,6.920404510921799,0.5620302259922028,10.000150583917275
32,8,27,15,6.920404510921799,7.484420739929192,0.5640162290073931,10.000150583917275
32,8,27,16,7.484420739929192,8.047668225946836,0.5632474860176444,10.000150583917275
32,8,27,17,8.047668225946836,8.624247574945912,0.5765793489990756,10.000150583917275
32,8,27,18,8.624247574945912,9.27798289700877,0.6537353220628574,10.000150583917275
32,8,27,19,9.27798289700877,10.001555696944706,0.7235727999359369,10.000150583917275
32,8,28,1,6.919962681946345,7.4839908899739385,0.5640282080275938,10.000150583917275
32,8,28,2,7.4839908899739385,8.046958124963567,0.5629672349896282,10.000150583917275
32,8,28,3,8.046958124963567,8.623793656937778,0.5768355319742113,10.000150583917275
32,8,28,4,8.623793656937778,9.277536132954992,0.6537424760172144,10.000150583917275
32,8,28,5,9.277536132954992,10.00100287492387,0.7234667419688776,10.000150583917275
32,8,29,1,7.485650256974623,8.049075386952609,0.5634251299779862,10.000150583917275
32,8,29,2,8.049075386952609,8.625104940962046,0.5760295540094376,10.000150583917275
32,8,29,3,8.625104940962046,9.278569701942615,0.6534647609805688,10.000150583917275
32,8,29,4,9.278569701942615,10.002258821972646,0.7236891200300306,10.000150583917275
32,8,30,1,4.667359444894828,5.23395502299536,0.5665955781005323,10.000150583917275
32,8,30,2,5.23395502299536,5.7918314099079,0.5578763869125396,10.000150583917275
32,8,30,3,5.7918314099079,6.357894195010886,0.5660627851029858,10.000150583917275
32,8,30,4,6.357894195010886,6.919530079001561,0.5616358839906752,10.000150583917275
32,8,30,5,6.919530079001561,7.483874944970012,0.5643448659684509,10.000150583917275
32,8,30,6,7.483874944970012,8.046893578954041,0.5630186339840293,10.000150583917275
32,8,30,7,8.046893578954041,8.623734595952556,0.5768410169985145,10.000150583917275
32,8,30,8,8.623734595952556,9.277473342954181,0.6537387470016256,10.000150583917275
32,8,30,9,9.277473342954181,10.000921507948078,0.7234481649938971,10.000150583917275
32,8,31,1,4.108444518991746,4.6675050558988005,0.5590605369070545,10.000150583917275
32,8,31,2,4.6675050558988005,5.234035578905605,0.5665305230068043,10.000150583917275
32,8,31,3,5.234035578905605,5.7919272389262915,0.5578916600206867,10.000150583917275
32,8,31,4,5.7919272389262915,6.35796201589983,0.5660347769735381,10.000150583917275
32,8,31,5,6.35796201589983,6.920050332904793,0.5620883170049638,10.000150583917275
32,8,31,6,6.920050332904793,7.484068415942602,0.5640180830378085,10.000150583917275
32,8,31,7,7.484068415942602,8.047029189998284,0.5629607740556821,10.000150583917275
32,8,31,8,8.047029189998284,8.623859604937024,0.5768304149387404,10.000150583917275
32,8,31,9,8.623859604937024,9.277597325970419,0.6537377210333943,10.000150583917275
32,8,31,10,9.277597325970419,10.00108272198122,0.7234853960108012,10.000150583917275
32,9,0,1,4.088034647051245,4.649068349041045,0.5610337019897997,9.978173946030438
32,9,0,2,4.649068349041045,5.213081149035133,0.5640127999940887,9.978173946030438
32,9,0,3,5.213081149035133,5.7705976739525795,0.5575165249174461,9.978173946030438
32,9,0,4,5.7705976739525795,6.3386057750321925,0.568008101079613,9.978173946030438
32,9,0,5,6.3386057750321925,6.896780123002827,0.5581743479706347,9.978173946030438
32,9,0,6,6.896780123002827,7.463557441020384,0.5667773180175573,9.978173946030438
32,9,0,7,7.463557441020384,8.025219216011465,0.5616617749910802,9.978173946030438
32,9,0,8,8.025219216011465,8.601971272029914,0.5767520560184494,9.978173946030438
32,9,0,9,8.601971272029914,9.25339317403268,0.6514219020027667,9.978173946030438
32,9,0,10,9.25339317403268,9.975992519990541,0.7225993459578604,9.978173946030438
32,9,0,11,9.975992519990541,9.98046779294964,0.00447527295909822,9.978173946030438
32,9,1,1,3.529406746965833,4.088995213969611,0.5595884670037776,9.978173946030438
32,9,1,2,4.088995213969611,4.649506313959137,0.560511099989526,9.978173946030438
32,9,1,3,4.649506313959137,5.213481466984376,0.5639751530252397,9.978173946030438
32,9,1,4,5.213481466984376,5.771966467960738,0.5584850009763613,9.978173946030438
32,9,1,5,5.771966467960738,6.339723967015743,0.5677574990550056,9.978173946030438
32,9,1,6,6.339723967015743,6.898357526049949,0.558633559034206,9.978173946030438
32,9,1,7,6.898357526049949,7.465337792062201,0.5669802660122514,9.978173946030438
32,9,1,8,7.465337792062201,8.026504041044973,0.5611662489827722,9.978173946030438
32,9,1,9,8.026504041044973,8.603251285036094,0.5767472439911216,9.978173946030438
32,9,1,10,8.603251285036094,9.254397524055094,0.651146239018999,9.978173946030438
32,9,1,11,9.254397524055094,9.978872669977136,0.7244751459220424,9.978173946030438
32,9,2,1,0.7195059369551018,1.2933619470568374,0.5738560101017356,9.978173946030438
32,9,2,2,1.2933619470568374,1.8428435920504853,0.5494816449936479,9.978173946030438
32,9,2,3,1.8428435920504853,2.4073413950391114,0.5644978029886261,9.978173946030438
32,9,2,4,2.4073413950391114,2.964366295025684,0.5570248999865726,9.978173946030438
32,9,2,5,2.964366295025684,3.529631098965183,0.565264803939499,9.978173946030438
32,9,2,6,3.529631098965183,4.089539094013162,0.5599079950479791,9.978173946030438
32,9,2,7,4.089539094013162,4.6496227299794555,0.5600836359662935,9.978173946030438
32,9,2,8,4.6496227299794555,5.213598257978447,0.5639755279989913,9.978173946030438
32,9,2,9,5.213598257978447,5.772108035045676,0.5585097770672292,9.978173946030438
32,9,2,10,5.772108035045676,6.339854113990441,0.567746078944765,9.978173946030438
32,9,2,11,6.339854113990441,6.898497777990997,0.5586436640005559,9.978173946030438
32,9,2,12,6.898497777990997,7.465475840028375,0.5669780620373785,9.978173946030438
32,9,2,13,7.465475840028375,8.026621135999449,0.5611452959710732,9.978173946030438
32,9,2,14,8.026621135999449,8.603366033057682,0.5767448970582336,9.978173946030438
32,9,2,15,8.603366033057682,9.254512812010944,0.6511467789532617,9.978173946030438
32,9,2,16,9.254512812010944,9.978991094976664,0.7244782829657197,9.978173946030438
32,9,3,1,7.46418355696369,8.025495402049273,0.5613118450855836,9.978173946030438
32,9,3,2,8.025495402049273,8.602194746024907,0.5766993439756334,9.978173946030438
32,9,3,3,8.602194746024907,9.253622391959652,0.6514276459347457,9.978173946030438
32,9,3,4,9.253622391959652,9.976224589976482,0.7226021980168298,9.978173946030438
32,9,3,5,9.976224589976482,9.980701319058426,0.004476729081943631,9.978173946030438
32,9,4,1,-0.39537180203478783,0.16919806797523052,0.5645698700100183,9.978173946030438
32,9,4,2,0.16919806797523052,0.7183939500246197,0.5491958820493892,9.978173946030438
32,9,4,3,0.7183939500246197,1.2930339659797028,0.5746400159550831,9.978173946030438
32,9,4,4,1.2930339659797028,1.8422998510068282,0.5492658850271255,9.978173946030438
32,9,4,5,1.8422998510068282,2.40641199296806,0.5641121419612318,9.978173946030438
32,9,4,6,2.40641199296806,2.963896178989671,0.5574841860216111,9.978173946030438
32,9,4,7,2.963896178989671,3.528933224035427,0.5650370450457558,9.978173946030438
32,9,4,8,3.528933224035427,4.0887253059772775,0.5597920819418505,9.978173946030438
32,9,4,9,4.0887253059772775,4.649733031983487,0.5610077260062099,9.978173946030438
32,9,4,10,4.649733031983487,5.213707946008071,0.563974914024584,9.978173946030438
32,9,4,11,5.213707946008071,5.772244113031775,0.5585361670237035,9.978173946030438
32,9,4,12,5.772244113031775,6.339989867992699,0.5677457549609244,9.978173946030438
32,9,4,13,6.339989867992699,6.898634225013666,0.5586443570209667,9.978173946030438
32,9,4,14,6.898634225013666,7.465605534962378,0.5669713099487126,9.978173946030438
32,9,4,15,7.465605534962378,8.026734033948742,0.5611284989863634,9.978173946030438
32,9,4,16,8.026734033948742,8.60348257003352,0.5767485360847786,9.978173946030438
32,9,4,17,8.60348257003352,9.254622798995115,0.6511402289615944,9.978173946030438
32,9,4,18,9.254622798995115,9.97910499095451,0.724482191959396,9.978173946030438
32,9,5,1,0.7191029579844326,1.2932710259919986,0.574168068007566,9.978173946030438
32,9,5,2,1.2932710259919986,1.8427848969586194,0.5495138709666207,9.978173946030438
32,9,5,3,1.8427848969586194,2.407271106960252,0.5644862100016326,9.978173946030438
32,9,5,4,2.407271106960252,2.9643129570176825,0.5570418500574306,9.978173946030438
32,9,5,5,2.9643129570176825,3.5295806060312316,0.5652676490135491,9.978173946030438
32,9,5,6,3.5295806060312316,4.089476614957675,0.5598960089264438,9.978173946030438
32,9,5,7,4.089476614957675,4.649318362004124,0.5598417470464483,9.978173946030438
32,9,5,8,4.649318362004124,5.213306842953898,0.5639884809497744,9.978173946030438
32,9,5,9,5.213306842953898,5.771358089987189,0.5580512470332906,9.978173946030438
32,9,5,10,5.771358089987189,6.339410473010503,0.5680523830233142,9.978173946030438
32,9,5,11,6.339410473010503,6.897244608961046,0.557834135950543,9.978173946030438
32,9,5,12,6.897244608961046,7.464481292059645,0.5672366830985993,9.978173946030438
32,9,5,13,7.464481292059645,8.025726053048857,0.5612447609892115,9.978173946030438
32,9,5,14,8.025726053048857,8.60276055894792,0.5770345058990642,9.978173946030438
32,9,5,15,8.60276055894792,9.253950014011934,0.6511894550640136,9.978173946030438
32,9,5,16,9.253950014011934,9.976573314983398,0.7226233009714633,9.978173946030438
32,9,5,17,9.976573314983398,9.980925248004496,0.004351933021098375,9.978173946030438
32,9,6,1,1.842194730998017,2.4063450390240178,0.5641503080260009,9.978173946030438
32,9,6,2,2.4063450390240178,2.9635216670576483,0.5571766280336305,9.978173946030438
32,9,6,3,2.9635216670576483,3.528477941057645,0.5649562739999965,9.978173946030438
32,9,6,4,3.528477941057645,4.088498194003478,0.5600202529458329,9.978173946030438
32,9,6,5,4.088498194003478,4.649678008980118,0.56117981497664,9.978173946030438
32,9,6,6,4.649678008980118,5.213654458057135,0.5639764490770176,9.978173946030438
32,9,6,7,5.213654458057135,5.772176256054081,0.5585217979969457,9.978173946030438
32,9,6,8,5.772176256054081,6.339925555046648,0.5677492989925668,9.978173946030438
32,9,6,9,6.339925555046648,6.898561398964375,0.5586358439177275,9.978173946030438
32,9,6,10,6.898561398964375,7.4655366350198165,0.5669752360554412,9.978173946030438
32,9,6,11,7.4655366350198165,8.02667718695011,0.5611405519302934,9.978173946030438
32,9,6,12,8.02667718695011,8.603421434992924,0.5767442480428144,9.978173946030438
32,9,6,13,8.603421434992924,9.254567630006932,0.6511461950140074,9.978173946030438
32,9,6,14,9.254567630006932,9.97904860402923,0.724480974022299,9.978173946030438
32,9,7,1,8.602637344039977,9.253773586009629,0.6511362419696525,9.978173946030438
32,9,7,2,9.253773586009629,9.976444388041273,0.7226708020316437,9.978173946030438
32,9,7,3,9.976444388041273,9.980815173010342,0.004370784969069064,9.978173946030438
32,9,8,1,1.2925382619723678,1.841699104057625,0.5491608420852572,9.978173946030438
32,9,8,2,1.841699104057625,2.4060558499768376,0.5643567459192127,9.978173946030438
32,9,8,3,2.4060558499768376,2.963006748002954,0.5569508980261162,9.978173946030438
32,9,8,4,2.963006748002954,3.5281856049550697,0.5651788569521159,9.978173946030438
32,9,8,5,3.5281856049550697,4.088207894004881,0.5600222890498117,9.978173946030438
32,9,8,6,4.088207894004881,4.649129583965987,0.5609216899611056,9.978173946030438
32,9,8,7,4.649129583965987,5.2131369590060785,0.5640073750400916,9.978173946030438
32,9,8,8,5.2131369590060785,5.7706698320107535,0.5575328730046749,9.978173946030438
32,9,8,9,5.7706698320107535,6.33867862902116,0.5680087970104069,9.978173946030438
32,9,8,10,6.33867862902116,6.896860333974473,0.5581817049533129,9.978173946030438
32,9,8,11,6.896860333974473,7.463621331029572,0.5667609970550984,9.978173946030438
32,9,8,12,7.463621331029572,8.025277266046032,0.5616559350164607,9.978173946030438
32,9,8,13,8.025277266046032,8.602028019959107,0.5767507539130747,9.978173946030438
32,9,8,14,8.602028019959107,9.25344869401306,0.6514206740539521,9.978173946030438
32,9,8,15,9.25344869401306,9.976051460020244,0.722602766007185,9.978173946030438
32,9,8,16,9.976051460020244,9.980531812994741,0.004480352974496782,9.978173946030438
32,9,9,1,2.963814025046304,3.528562664054334,0.5647486390080303,9.978173946030438
32,9,9,2,3.528562664054334,4.088562355958857,0.5599996919045225,9.978173946030438
32,9,9,3,4.088562355958857,4.649563660961576,0.5610013050027192,9.978173946030438
32,9,9,4,4.649563660961576,5.213542693061754,0.5639790321001783,9.978173946030438
32,9,9,5,5.213542693061754,5.772038268041797,0.5584955749800429,9.978173946030438
32,9,9,6,5.772038268041797,6.339789672987536,0.5677514049457386,9.978173946030438
32,9,9,7,6.339789672987536,6.89842929400038,0.5586396210128441,9.978173946030438
32,9,9,8,6.89842929400038,7.465402461006306,0.5669731670059264,9.978173946030438
32,9,9,9,7.465402461006306,8.026563083054498,0.5611606220481917,9.978173946030438
32,9,9,10,8.026563083054498,8.603309312951751,0.5767462298972532,9.978173946030438
32,9,9,11,8.603309312951751,9.254453727975488,0.6511444150237367,9.978173946030438
32,9,9,12,9.254453727975488,9.978933790000156,0.7244800620246679,9.978173946030438
32,9,10,1,1.8425970419775695,2.4065169140230864,0.563919872045517,9.978173946030438
32,9,10,2,2.4065169140230864,2.963958985055797,0.5574420710327104,9.978173946030438
32,9,10,3,2.963958985055797,3.528989556012675,0.5650305709568784,9.978173946030438
32,9,10,4,3.528989556012675,4.088786588981748,0.5597970329690725,9.978173946030438
32,9,10,5,4.088786588981748,4.648490012972616,0.559703423990868,9.978173946030438
32,9,10,6,4.648490012972616,5.212728652986698,0.5642386400140822,9.978173946030438
32,9,10,7,5.212728652986698,5.770136732957326,0.557408079970628,9.978173946030438
32,9,10,8,5.770136732957326,6.3377300220308825,0.5675932890735567,9.978173946030438
32,9,10,9,6.3377300220308825,6.89626142301131,0.5585314009804279,9.978173946030438
32,9,10,10,6.89626142301131,7.4631108769681305,0.5668494539568201,9.978173946030438
32,9,10,11,7.4631108769681305,8.02492635406088,0.5618154770927504,9.978173946030438
32,9,10,12,8.02492635406088,8.601680296007544,0.576753941946663,9.978173946030438
32,9,10,13,8.601680296007544,9.253097736043856,0.6514174400363117,9.978173946030438
32,9,10,14,9.253097736043856,9.975703133037314,0.7226053969934583,9.978173946030438
32,9,10,15,9.975703133037314,9.980186267988756,0.00448313495144248,9.978173946030438
32,9,11,1,2.963449439033866,3.5284134689718485,0.5649640299379826,9.978173946030438
32,9,11,2,3.5284134689718485,4.08842275000643,0.5600092810345814,9.978173946030438
32,9,11,3,4.08842275000643,4.648317918996327,0.5598951689898968,9.978173946030438
32,9,11,4,4.648317918996327,5.212657400988974,0.564339481992647,9.978173946030438
32,9,11,5,5.212657400988974,5.770043703960255,0.5573863029712811,9.978173946030438
32,9,11,6,5.770043703960255,6.337642104947008,0.5675984009867534,9.978173946030438
32,9,11,7,6.337642104947008,6.896172182983719,0.5585300780367106,9.978173946030438
32,9,11,8,6.896172182983719,7.463021739968099,0.5668495569843799,9.978173946030438
32,9,11,9,7.463021739968099,8.024426385993138,0.5614046460250393,9.978173946030438
32,9,11,10,8.024426385993138,8.60142053104937,0.5769941450562328,9.978173946030438
32,9,11,11,8.60142053104937,9.25289005995728,0.65146952890791,9.978173946030438
32,9,11,12,9.25289005995728,9.97549732902553,0.7226072690682486,9.978173946030438
32,9,11,13,9.97549732902553,9.980061872047372,0.004564543021842837,9.978173946030438
32,9,12,1,6.8977809509960935,7.464727740036324,0.5669467890402302,9.978173946030438
32,9,12,2,7.464727740036324,8.025898325955495,0.5611705859191716,9.978173946030438
32,9,12,3,8.025898325955495,8.602929858025163,0.5770315320696682,9.978173946030438
32,9,12,4,8.602929858025163,9.254120778059587,0.6511909200344235,9.978173946030438
32,9,12,5,9.254120778059587,9.978544668061659,0.7244238900020719,9.978173946030438
32,9,13,1,5.214375943993218,5.77258522703778,0.5582092830445617,9.978173946030438
32,9,13,2,5.77258522703778,6.340198304038495,0.5676130770007148,9.978173946030438
32,9,13,3,6.340198304038495,6.898836505948566,0.5586382019100711,9.978173946030438
32,9,13,4,6.898836505948566,7.465800364036113,0.5669638580875471,9.978173946030438
32,9,13,5,7.465800364036113,8.026900850003585,0.5611004859674722,9.978173946030438
32,9,13,6,8.026900850003585,8.603664583992213,0.5767637339886278,9.978173946030438
32,9,13,7,8.603664583992213,9.254797206027433,0.6511326220352203,9.978173946030438
32,9,13,8,9.254797206027433,9.97927798004821,0.7244807740207762,9.978173946030438
32,9,14,1,6.338439046987332,6.896646394976415,0.5582073479890823,9.978173946030438
32,9,14,2,6.896646394976415,7.4634094630600885,0.5667630680836737,9.978173946030438
32,9,14,3,7.4634094630600885,8.025102904997766,0.5616934419376776,9.978173946030438
32,9,14,4,8.025102904997766,8.601857346016914,0.5767544410191476,9.978173946030438
32,9,14,5,8.601857346016914,9.253277671057731,0.6514203250408173,9.978173946030438
32,9,14,6,9.253277671057731,9.975877285003662,0.7225996139459312,9.978173946030438
32,9,14,7,9.975877285003662,9.980356012005359,0.004478727001696825,9.978173946030438
32,9,15,1,2.4068177429726347,2.964074188959785,0.5572564459871501,9.978173946030438
32,9,15,2,2.964074188959785,3.529082437045872,0.5650082480860874,9.978173946030438
32,9,15,3,3.529082437045872,4.088845259044319,0.5597628219984472,9.978173946030438
32,9,15,4,4.088845259044319,4.64867902698461,0.5598337679402903,9.978173946030438
32,9,15,5,4.64867902698461,5.2129253699677065,0.5642463429830968,9.978173946030438
32,9,15,6,5.2129253699677065,5.770288971019909,0.5573636010522023,9.978173946030438
32,9,15,7,5.770288971019909,6.337873039999977,0.567584068980068,9.978173946030438
32,9,15,8,6.337873039999977,6.896522628958337,0.5586495889583603,9.978173946030438
32,9,15,9,6.896522628958337,7.463335950043984,0.5668133210856467,9.978173946030438
32,9,15,10,7.463335950043984,8.025045376969501,0.5617094269255176,9.978173946030438
32,9,15,11,8.025045376969501,8.601800655014813,0.5767552780453116,9.978173946030438
32,9,15,12,8.601800655014813,9.253219904960133,0.6514192499453202,9.978173946030438
32,9,15,13,9.253219904960133,9.975817110971548,0.7225972060114145,9.978173946030438
32,9,15,14,9.975817110971548,9.980300485971384,0.004483374999836087,9.978173946030438
32,9,16,1,0.16904983902350068,0.7186590159544721,0.5496091769309714,9.978173946030438
32,9,16,2,0.7186590159544721,1.2931729699485004,0.5745139539940283,9.978173946030438
32,9,16,3,1.2931729699485004,1.8427218029974028,0.5495488330489025,9.978173946030438
32,9,16,4,1.8427218029974028,2.4072134509915486,0.5644916479941458,9.978173946030438
32,9,16,5,2.4072134509915486,2.9642594980541617,0.5570460470626131,9.978173946030438
32,9,16,6,2.9642594980541617,3.529530012048781,0.5652705139946193,9.978173946030438
32,9,16,7,3.529530012048781,4.089410749962553,0.5598807379137725,9.978173946030438
32,9,16,8,4.089410749962553,4.649258202989586,0.5598474530270323,9.978173946030438
32,9,16,9,4.649258202989586,5.213249637978151,0.5639914349885657,9.978173946030438
32,9,16,10,5.213249637978151,5.771286256960593,0.5580366189824417,9.978173946030438
32,9,16,11,5.771286256960593,6.339340231963433,0.5680539750028402,9.978173946030438
32,9,16,12,6.339340231963433,6.897182464948855,0.557842232985422,9.978173946030438
32,9,16,13,6.897182464948855,7.464325601002201,0.5671431360533461,9.978173946030438
32,9,16,14,7.464325601002201,8.025665438966826,0.5613398379646242,9.978173946030438
32,9,16,15,8.025665438966826,8.602702690986916,0.5770372520200908,9.978173946030438
32,9,16,16,8.602702690986916,9.253829487948678,0.651126796961762,9.978173946030438
32,9,16,17,9.253829487948678,9.976515759946778,0.7226862719981,9.978173946030438
32,9,16,18,9.976515759946778,9.980868573999032,0.0043528140522539616,9.978173946030438
32,9,17,1,3.5288537540473044,4.088664080016315,0.5598103259690106,9.978173946030438
32,9,17,2,4.088664080016315,4.64938161498867,0.5607175349723548,9.978173946030438
32,9,17,3,4.64938161498867,5.213364038034342,0.5639824230456725,9.978173946030438
32,9,17,4,5.213364038034342,5.771430965978652,0.55806692794431,9.978173946030438
32,9,17,5,5.771430965978652,6.339483157033101,0.5680521910544485,9.978173946030438
32,9,17,6,6.339483157033101,6.897310342988931,0.5578271859558299,9.978173946030438
32,9,17,7,6.897310342988931,7.464550283038989,0.5672399400500581,9.978173946030438
32,9,17,8,7.464550283038989,8.02578419004567,0.561233907006681,9.978173946030438
32,9,17,9,8.02578419004567,8.602817057981156,0.5770328679354861,9.978173946030438
32,9,17,10,8.602817057981156,9.254010276985355,0.6511932190041989,9.978173946030438
32,9,17,11,9.254010276985355,9.976632234058343,0.7226219570729882,9.978173946030438
32,9,17,12,9.976632234058343,9.980980613036081,0.004348378977738321,9.978173946030438
32,9,18,1,4.089279306004755,4.648614258039743,0.5593349520349875,9.978173946030438
32,9,18,2,4.648614258039743,5.212862906977534,0.5642486489377916,9.978173946030438
32,9,18,3,5.212862906977534,5.7702166630188,0.557353756041266,9.978173946030438
32,9,18,4,5.7702166630188,6.3378052189946175,0.5675885559758171,9.978173946030438
32,9,18,5,6.3378052189946175,6.896336587960832,0.5585313689662144,9.978173946030438
32,9,18,6,6.896336587960832,7.4632650290150195,0.5669284410541877,9.978173946030438
32,9,18,7,7.4632650290150195,8.024988919962198,0.561723890947178,9.978173946030438
32,9,18,8,8.024988919962198,8.601743233040906,0.576754313078709,9.978173946030438
32,9,18,9,8.601743233040906,9.253160131978802,0.6514168989378959,9.978173946030438
32,9,18,10,9.253160131978802,9.975761758978479,0.7226016269996762,9.978173946030438
32,9,18,11,9.975761758978479,9.980243877973408,0.004482118994928896,9.978173946030438
32,9,19,1,2.4070954900234938,2.964150056010112,0.5570545659866184,9.978173946030438
32,9,19,2,2.964150056010112,3.529136497993022,0.56498644198291,9.978173946030438
32,9,19,3,3.529136497993022,4.088901459006593,0.5597649610135704,9.978173946030438
32,9,19,4,4.088901459006593,4.6494393000612035,0.5605378410546109,9.978173946030438
32,9,19,5,4.6494393000612035,5.213418837054633,0.5639795369934291,9.978173946030438
32,9,19,6,5.213418837054633,5.771896891994402,0.5584780549397692,9.978173946030438
32,9,19,7,5.771896891994402,6.339656897005625,0.5677600050112233,9.978173946030438
32,9,19,8,6.339656897005625,6.898288934957236,0.558632037951611,9.978173946030438
32,9,19,9,6.898288934957236,7.4652746269712225,0.5669856920139864,9.978173946030438
32,9,19,10,7.4652746269712225,8.026438125991262,0.56116349902004,9.978173946030438
32,9,19,11,8.026438125991262,8.603194906027056,0.5767567800357938,9.978173946030438
32,9,19,12,8.603194906027056,9.254342718049884,0.6511478120228276,9.978173946030438
32,9,19,13,9.254342718049884,9.978811201057397,0.724468483007513,9.978173946030438
32,9,20,1,5.7718172679888085,6.339585572015494,0.5677683040266857,9.978173946030438
32,9,20,2,6.339585572015494,6.897373227053322,0.5577876550378278,9.978173946030438
32,9,20,3,6.897373227053322,7.464614995988086,0.567241768934764,9.978173946030438
32,9,20,4,7.464614995988086,8.025839186040685,0.5612241900525987,9.978173946030438
32,9,20,5,8.025839186040685,8.60287247900851,0.5770332929678261,9.978173946030438
32,9,20,6,8.60287247900851,9.254064611974172,0.6511921329656616,9.978173946030438
32,9,20,7,9.254064611974172,9.976689197006635,0.7226245850324631,9.978173946030438
32,9,20,8,9.976689197006635,9.981034478987567,0.004345281980931759,9.978173946030438
32,9,21,1,4.648974576033652,5.213021342060529,0.5640467660268769,9.978173946030438
32,9,21,2,5.213021342060529,5.77051795902662,0.5574966169660911,9.978173946030438
32,9,21,3,5.77051795902662,6.338532150024548,0.5680141909979284,9.978173946030438
32,9,21,4,6.338532150024548,6.896714654983953,0.5581825049594045,9.978173946030438
32,9,21,5,6.896714654983953,7.463485148968175,0.5667704939842224,9.978173946030438
32,9,21,6,7.463485148968175,8.025161092053168,0.5616759430849925,9.978173946030438
32,9,21,7,8.025161092053168,8.601912342011929,0.576751249958761,9.978173946030438
32,9,21,8,8.601912342011929,9.253336464986205,0.6514241229742765,9.978173946030438
32,9,21,9,9.253336464986205,9.975934774964117,0.7225983099779114,9.978173946030438
32,9,21,10,9.975934774964117,9.980411216965877,0.004476442001760006,9.978173946030438
32,9,22,1,6.898160521988757,7.464831997058354,0.5666714750695974,9.978173946030438
32,9,22,2,7.464831997058354,8.025954185985029,0.5611221889266744,9.978173946030438
32,9,22,3,8.025954185985029,8.602986668003723,0.5770324820186943,9.978173946030438
32,9,22,4,8.602986668003723,9.254175189998932,0.6511885219952092,9.978173946030438
32,9,22,5,9.254175189998932,9.978617322049104,0.7244421320501715,9.978173946030438
32,9,23,1,4.648159960983321,5.212508686003275,0.5643487250199541,9.978173946030438
32,9,23,2,5.212508686003275,5.769830474047922,0.5573217880446464,9.978173946030438
32,9,23,3,5.769830474047922,6.337437756010331,0.5676072819624096,9.978173946030438
32,9,23,4,6.337437756010331,6.896003392059356,0.5585656360490248,9.978173946030438
32,9,23,5,6.896003392059356,7.462865713052452,0.5668623209930956,9.978173946030438
32,9,23,6,7.462865713052452,8.024289721040986,0.5614240079885349,9.978173946030438
32,9,23,7,8.024289721040986,8.601284382049926,0.5769946610089391,9.978173946030438
32,9,23,8,8.601284382049926,9.252751491963863,0.6514671099139377,9.978173946030438
32,9,23,9,9.252751491963863,9.97542245395016,0.7226709619862959,9.978173946030438
32,9,23,10,9.97542245395016,9.979989366955124,0.00456691300496459,9.978173946030438
32,9,24,1,6.33925773401279,6.897115078987554,0.5578573449747637,9.978173946030438
32,9,24,2,6.897115078987554,7.464261585962959,0.5671465069754049,9.978173946030438
32,9,24,3,7.464261585962959,8.025555068976246,0.5612934830132872,9.978173946030438
32,9,24,4,8.025555068976246,8.602249764022417,0.5766946950461715,9.978173946030438
32,9,24,5,8.602249764022417,9.253677204949781,0.6514274409273639,9.978173946030438
32,9,24,6,9.253677204949781,9.976281782030128,0.7226045770803466,9.978173946030438
32,9,24,7,9.976281782030128,9.980757795041427,0.004476013011299074,9.978173946030438
32,9,25,1,-0.3959920449415222,0.16856694396119565,0.5645589889027178,9.978173946030438
32,9,25,2,0.16856694396119565,0.7185373150277883,0.5499703710665926,9.978173946030438
32,9,25,3,0.7185373150277883,1.2931037460220978,0.5745664309943095,9.978173946030438
32,9,25,4,1.2931037460220978,1.8426618620287627,0.5495581160066649,9.978173946030438
32,9,25,5,1.8426618620287627,2.407154079992324,0.5644922179635614,9.978173946030438
32,9,25,6,2.407154079992324,2.9642046069493517,0.5570505269570276,9.978173946030438
32,9,25,7,2.9642046069493517,3.5294641420478,0.5652595350984484,9.978173946030438
32,9,25,8,3.5294641420478,4.0893454710021615,0.5598813289543614,9.978173946030438
32,9,25,9,4.0893454710021615,4.649790617986582,0.5604451469844207,9.978173946030438
32,9,25,10,4.649790617986582,5.214097304968163,0.5643066869815812,9.978173946030438
32,9,25,11,5.214097304968163,5.772447188035585,0.5583498830674216,9.978173946030438
32,9,25,12,5.772447188035585,6.3401216979837045,0.5676745099481195,9.978173946030438
32,9,25,13,6.3401216979837045,6.8987684060120955,0.558646708028391,9.978173946030438
32,9,25,14,6.8987684060120955,7.46573052695021,0.5669621209381148,9.978173946030438
32,9,25,15,7.46573052695021,8.026845064014196,0.5611145370639861,9.978173946030438
32,9,25,16,8.026845064014196,8.603597113979049,0.5767520499648526,9.978173946030438
32,9,25,17,8.603597113979049,9.254731166060083,0.6511340520810336,9.978173946030438
32,9,25,18,9.254731166060083,9.979220606037416,0.724489439977333,9.978173946030438
32,9,26,1,5.214012298965827,5.772373751038685,0.5583614520728588,9.978173946030438
32,9,26,2,5.772373751038685,6.34005682496354,0.5676830739248544,9.978173946030438
32,9,26,3,6.34005682496354,6.898702980950475,0.5586461559869349,9.978173946030438
32,9,26,4,6.898702980950475,7.465669178054668,0.5669661971041933,9.978173946030438
32,9,26,5,7.465669178054668,8.026789963012561,0.5611207849578932,9.978173946030438
32,9,26,6,8.026789963012561,8.603539156960323,0.5767491939477623,9.978173946030438
32,9,26,7,8.603539156960323,9.254677930031903,0.6511387730715796,9.978173946030438
32,9,26,8,9.254677930031903,9.979163444018923,0.7244855139870197,9.978173946030438
32,9,27,1,5.771195754990913,6.338849929976277,0.5676541749853641,9.978173946030438
32,9,27,2,6.338849929976277,6.89700148999691,0.558151560020633,9.978173946030438
32,9,27,3,6.89700148999691,7.463758114026859,0.5667566240299493,9.978173946030438
32,9,27,4,7.463758114026859,8.025401343009435,0.5616432289825752,9.978173946030438
32,9,27,5,8.025401343009435,8.602139140013605,0.5767377970041707,9.978173946030438
32,9,27,6,8.602139140013605,9.253568334970623,0.6514291949570179,9.978173946030438
32,9,27,7,9.253568334970623,9.976164971012622,0.7225966360419989,9.978173946030438
32,9,27,8,9.976164971012622,9.980645349016413,0.004480378003790975,9.978173946030438
32,9,28,1,8.026243892963976,8.603077795007266,0.5768339020432904,9.978173946030438
32,9,28,2,8.603077795007266,9.254233076004311,0.6511552809970453,9.978173946030438
32,9,28,3,9.254233076004311,9.978682046057656,0.724448970053345,9.978173946030438
32,9,29,1,7.465195597964339,8.026341055054218,0.5611454570898786,9.978173946030438
32,9,29,2,8.026341055054218,8.603138774051331,0.5767977189971134,9.978173946030438
32,9,29,3,8.603138774051331,9.254288875963539,0.6511501019122079,9.978173946030438
32,9,29,4,9.254288875963539,9.978750415961258,0.7244615399977192,9.978173946030438
32,9,30,1,8.024848325992934,8.601550420979038,0.5767020949861035,9.978173946030438
32,9,30,2,8.601550420979038,9.252963416045532,0.6514129950664937,9.978173946030438
32,9,30,3,9.252963416045532,9.975639450014569,0.7226760339690372,9.978173946030438
32,9,30,4,9.975639450014569,9.98012793797534,0.004488487960770726,9.978173946030438
32,9,31,1,1.2929245410487056,1.8418634979752824,0.5489389569265768,9.978173946030438
32,9,31,2,1.8418634979752824,2.406182773062028,0.5643192750867456,9.978173946030438
32,9,31,3,2.406182773062028,2.963131912983954,0.556949139921926,9.978173946030438
32,9,31,4,2.963131912983954,3.5283144409768283,0.5651825279928744,9.978173946030438
32,9,31,5,3.5283144409768283,4.088281159056351,0.5599667180795223,9.978173946030438
32,9,31,6,4.088281159056351,4.649192270007916,0.5609111109515652,9.978173946030438
32,9,31,7,4.649192270007916,5.213192655006424,0.5640003849985078,9.978173946030438
32,9,31,8,5.213192655006424,5.770744279958308,0.5575516249518842,9.978173946030438
32,9,31,9,5.770744279958308,6.33874575397931,0.5680014740210027,9.978173946030438
32,9,31,10,6.33874575397931,6.896932682022452,0.558186928043142,9.978173946030438
32,9,31,11,6.896932682022452,7.463695005048066,0.566762323025614,9.978173946030438
32,9,31,12,7.463695005048066,8.025345825008117,0.5616508199600503,9.978173946030438
32,9,31,13,8.025345825008117,8.602083942038007,0.5767381170298904,9.978173946030438
32,9,31,14,8.602083942038007,9.253513147006743,0.6514292049687356,9.978173946030438
32,9,31,15,9.253513147006743,9.976108856964856,0.7225957099581137,9.978173946030438
32,9,31,16,9.976108856964856,9.980588488047943,0.004479631083086133,9.978173946030438
