B,n,k,t_iter
1,64,4,0.01076977199409157
1,64,5,0.011232155957259238
1,64,6,0.011129916063509881
1,64,7,0.01110754394903779
1,64,8,0.010590177960693836
1,64,9,0.011090544983744621
1,64,10,0.010880855028517544
1,64,11,0.011154160019941628
1,64,12,0.010684735025279224
1,64,13,0.0109107899479568
1,64,14,0.011344662052579224
1,64,15,0.010708917980082333
1,64,16,0.01125629898160696
1,64,17,0.010884786024689674
1,64,18,0.011104670003987849
1,64,19,0.010901749017648399
1,64,20,0.010956451995298266
1,64,21,0.010748337022960186
1,64,22,0.010832889005541801
1,64,23,0.011227626935578883
1,64,24,0.010953161981888115
1,64,25,0.010925112059339881
1,64,26,0.01099858502857387
1,64,27,0.011035274947062135
1,64,28,0.010858132969588041
1,64,29,0.010999671998433769
1,64,30,0.010943456087261438
1,64,31,0.010726421955041587
1,64,32,0.011255980003625154
1,64,33,0.01084886398166418
1,64,34,0.011190281016752124
1,64,35,0.010878589004278183
1,64,36,0.010704127955250442
1,64,37,0.010965317022055387
1,64,38,0.010990852024406195
1,64,39,0.010992527939379215
1,64,40,0.010978359030559659
1,64,41,0.010868567042052746
1,64,42,0.011027315980754793
1,64,43,0.011110635008662939
1,64,44,0.01087714300956577
1,64,45,0.010873215971514583
1,64,46,0.011190165998414159
1,64,47,0.010874646017327905
1,64,48,0.01095497701317072
1,64,49,0.010824602912180126
1,64,50,0.010965834022499621
1,64,51,0.010837268084287643
1,64,52,0.011698624002747238
1,64,53,0.010648016002960503
1,64,54,0.010624991962686181
1,64,55,0.011350321001373231
1,64,56,0.010774908936582506
1,64,57,0.010970947099849582
1,64,58,0.010624129907228053
1,64,59,0.011371175991371274
1,64,60,0.010971963056363165
1,64,61,0.010981792933307588
1,64,62,0.011139900074340403
1,64,63,0.010893653961829841
1,64,64,0.010694253025576472
1,64,65,0.011120815994217992
1,64,66,0.011181254987604916
1,64,67,0.010715711046941578
1,64,68,0.010804703924804926
1,64,69,0.011226384085603058
1,64,70,0.010832997970283031
1,64,71,0.01163603295572102
1,64,72,0.01055824605282396
1,64,73,0.011243468965403736
1,64,74,0.010854938998818398
1,64,75,0.010829207953065634
1,64,76,0.011077827075496316
1,64,77,0.010951614938676357
1,64,78,0.011664774036034942
1,64,79,0.010793816996738315
1,64,80,0.011170402052812278
1,64,81,0.011176166939549148
1,64,82,0.010619117063470185
1,64,83,0.010878954897634685
1,64,84,0.011143472045660019
1,64,85,0.010835202992893755
1,64,86,0.010780689073726535
1,64,87,0.011323551996611059
1,64,88,0.010894763981923461
1,64,89,0.011246925918385386
1,64,90,0.011382157099433243
1,64,91,0.010712864925153553
1,64,92,0.010922104003839195
1,64,93,0.01088642398826778
1,64,94,0.011178996996022761
1,64,95,0.010688808979466558
1,64,96,0.01130193006247282
1,64,97,0.010801204014569521
1,64,98,0.01171739399433136
1,64,99,0.010865274933166802
1,64,100,0.010735903051681817
1,64,101,0.010959335952065885
1,64,102,0.01092084706760943
1,64,103,0.01085509394761175
1,64,104,0.011068557039834559
1,64,105,0.011218716041184962
1,64,106,0.010691462899558246
1,64,107,0.011283064028248191
1,64,108,0.01120258099399507
1,64,109,0.010838176007382572
1,64,110,0.011057032039389014
1,64,111,0.010679661994799972
1,64,112,0.011323638027533889
1,64,113,0.01090759492944926
1,64,114,0.01071240403689444
1,64,115,0.011245987028814852
1,64,116,0.011290900991298258
1,64,117,0.010967804933898151
1,64,118,0.010950213996693492
1,64,119,0.0108467050595209
1,64,120,0.010794700006954372
1,64,121,0.011542691965587437
1,64,122,0.010793479043059051
1,64,123,0.010731310001574457
1,64,124,0.011235834914259613
1,64,125,0.01113149500451982
1,64,126,0.011252254014834762
1,64,127,0.01066655304748565
1,64,128,0.011178207932971418
1,64,129,0.0106811230070889
1,64,130,0.011306714033707976
1,64,131,0.010906239040195942
1,64,132,0.011001669918186963
1,64,133,0.011000333004631102
1,64,134,0.011025438085198402
1,64,135,0.011328072985634208
1,64,136,0.010636368999257684
1,64,137,0.011332370922900736
1,64,138,0.010743473074398935
1,64,139,0.011307838023640215
1,64,140,0.010840530972927809
1,64,141,0.010874292929656804
1,64,142,0.011045530089177191
1,64,143,0.01105799397919327
1,64,144,0.01149728603195399
1,64,145,0.01074013696052134
1,64,146,0.010810091975145042
1,64,147,0.011150790029205382
1,64,148,0.010836423956789076
1,64,149,0.010900675086304545
1,64,150,0.01107024191878736
1,64,151,0.010794139001518488
1,64,152,0.0116319420048967
1,64,153,0.011166743002831936
1,64,154,0.010788390995003283
1,64,155,0.010875748004764318
1,64,156,0.010931903030723333
1,64,157,0.01089601602870971
1,64,158,0.011357020935975015
1,64,159,0.010616409010253847
1,64,160,0.010950176976621151
1,64,161,0.011461385991424322
1,64,162,0.010982651030644774
1,64,163,0.011036820011213422
1,64,164,0.010893368045799434
1,64,165,0.011057706899009645
1,64,166,0.010746583109721541
1,64,167,0.011282144929282367
1,64,168,0.011392478016205132
1,64,169,0.010509044979698956
1,64,170,0.01092808903194964
1,64,171,0.011213470017537475
1,64,172,0.011144672986119986
1,64,173,0.011222557979635894
1,64,174,0.010720037971623242
1,64,175,0.010744380066171288
1,64,176,0.011270602000877261
1,64,177,0.010967749985866249
1,64,178,0.01066165801603347
1,64,179,0.011183106922544539
1,64,180,0.011059510055929422
1,64,181,0.0112838139757514
1,64,182,0.011069442960433662
1,64,183,0.010896614054217935
1,64,184,0.010530543979257345
1,64,185,0.011646679020486772
1,64,186,0.010659012012183666
1,64,187,0.010891893994994462
1,64,188,0.011312752030789852
1,64,189,0.011064165970310569
1,64,190,0.011157055967487395
1,64,191,0.011048431973904371
1,64,192,0.010698008001782
1,64,193,0.011062989011406898
1,64,194,0.0106719700852409
1,64,195,0.011340823955833912
1,64,196,0.011052767978981137
1,64,197,0.010924051981419325
1,64,198,0.010987889021635056
1,64,199,0.011056820047087967
1,64,200,0.011378530994988978
1,64,201,0.010719935991801322
1,64,202,0.010931810946203768
1,64,203,0.01075665804091841
1,64,204,0.01121233101002872
1,64,205,0.01072688598651439
1,64,206,0.011037976015359163
1,64,207,0.01103655993938446
1,64,208,0.011118864989839494
1,64,209,0.011498820036649704
1,64,210,0.010650595999322832
1,64,211,0.010929131996817887
1,64,212,0.010698197991587222
1,64,213,0.01119918399490416
1,64,214,0.010959631064906716
1,64,215,0.010836101020686328
1,64,216,0.011045006918720901
1,64,217,0.011513321078382432
1,64,218,0.010916606988757849
1,64,219,0.010800627991557121
1,64,220,0.01083163102157414
1,64,221,0.010757190990261734
1,64,222,0.011406749952584505
1,64,223,0.011136143002659082
1,64,224,0.0105112410383299
1,64,225,0.011168194003403187
1,64,226,0.011155618936754763
1,64,227,0.011192825040780008
1,64,228,0.010702620027586818
1,64,229,0.011229803902097046
1,64,230,0.010750006069429219
1,64,231,0.01136766595300287
1,64,232,0.01096247707027942
1,64,233,0.010780696989968419
1,64,234,0.011120553012005985
1,64,235,0.010898874956183136
1,64,236,0.011268925038166344
1,64,237,0.010839784983545542
1,64,238,0.01097357994876802
1,64,239,0.010878839064389467
1,64,240,0.015051463968120515
1,64,241,0.00746088195592165
1,64,242,0.010522616095840931
1,64,243,0.010974628967233002
1,64,244,0.010953315999358892
1,64,245,0.011217601946555078
1,64,246,0.010998037061654031
1,64,247,0.010748639004305005
1,64,248,0.011076497961767018
1,64,249,0.011161754955537617
1,64,250,0.010896116029471159
1,64,251,0.010769076994620264
1,64,252,0.011311618029139936
1,64,253,0.010751390946097672
1,64,254,0.011171841993927956
1,64,255,0.010973939090035856
1,256,4,0.011319281067699194
1,256,5,0.01114251697435975
1,256,6,0.010897036991082132
1,256,7,0.011446794029325247
1,256,8,0.01116068393457681
1,256,9,0.010773897054605186
1,256,10,0.010819216957315803
1,256,11,0.010843336000107229
1,256,12,0.01097291603218764
1,256,13,0.011040905024856329
1,256,14,0.011326492996886373
1,256,15,0.010799978976137936
1,256,16,0.011157558998093009
1,256,17,0.011015110998414457
1,256,18,0.010933413985185325
1,256,19,0.011047762003727257
1,256,20,0.010956077952869236
1,256,21,0.010769343003630638
1,256,22,0.011243309010751545
1,256,23,0.011092653032392263
1,256,24,0.010866942000575364
1,256,25,0.011120263021439314
1,256,26,0.010925094014964998
1,256,27,0.011246062931604683
1,256,28,0.010605712071992457
1,256,29,0.011283834930509329
1,256,30,0.010759070049971342
1,256,31,0.011172630009241402
1,256,32,0.010637087980285287
1,256,33,0.011606995016336441
1,256,34,0.010595144936814904
1,256,35,0.011056120041757822
1,256,36,0.011005655978806317
1,256,37,0.011118268012069166
1,256,38,0.01114460895769298
1,256,39,0.010644140071235597
1,256,40,0.011223132954910398
1,256,41,0.010648599010892212
1,256,42,0.011407610028982162
1,256,43,0.010863606003113091
1,256,44,0.010905165923759341
1,256,45,0.011039787088520825
1,256,46,0.011177240987308323
1,256,47,0.011153614963404834
1,256,48,0.010736283962614834
1,256,49,0.011060218093916774
1,256,50,0.010676103993318975
1,256,51,0.011320946970954537
1,256,52,0.011167283984832466
1,256,53,0.010582307004369795
1,256,54,0.0114123800303787
1,256,55,0.010849075973965228
1,256,56,0.010975499986670911
1,256,57,0.011026808992028236
1,256,58,0.010869233985431492
1,256,59,0.010740282014012337
1,256,60,0.011345144012011588
1,256,61,0.01109977695159614
1,256,62,0.010739189106971025
1,256,63,0.01128715998493135
1,256,64,0.011030428926460445
1,256,65,0.01109500101301819
1,256,66,0.010613415972329676
1,256,67,0.011218387051485479
1,256,68,0.010661995969712734
1,256,69,0.010928748990409076
1,256,70,0.011474042083136737
1,256,71,0.010812622960656881
1,256,72,0.011352841975167394
1,256,73,0.010493505047634244
1,256,74,0.011435023974627256
1,256,75,0.01097885996568948
1,256,76,0.010583317023701966
1,256,77,0.011254267999902368
1,256,78,0.010664499015547335
1,256,79,0.011561519000679255
1,256,80,0.010639806976541877
1,256,81,0.010976040037348866
1,256,82,0.011209464981220663
1,256,83,0.011003338964655995
1,256,84,0.01110105006955564
1,256,85,0.01065650093369186
1,256,86,0.01125726301688701
1,256,87,0.010582186048850417
1,256,88,0.011465964955277741
1,256,89,0.010899872053414583
1,256,90,0.010818028007633984
1,256,91,0.011005888925865293
1,256,92,0.011288982001133263
1,256,93,0.011265623033978045
1,256,94,0.010396391968242824
1,256,95,0.011126923025585711
1,256,96,0.011050777975469828
1,256,97,0.011307173990644515
1,256,98,0.011196927982382476
1,256,99,0.010571894003078341
1,256,100,0.010697556077502668
1,256,101,0.011396338930353522
1,256,102,0.010994932032190263
1,256,103,0.010963096050545573
1,256,104,0.010640738997608423
1,256,105,0.010893909959122539
1,256,106,0.011370521038770676
1,256,107,0.011011087917722762
1,256,108,0.010875357082113624
1,256,109,0.011277184006758034
1,256,110,0.01094782492145896
1,256,111,0.01117574202362448
1,256,112,0.010671335039660335
1,256,113,0.010779127012938261
1,256,114,0.010965132969431579
1,256,115,0.011439544963650405
1,256,116,0.010932210017926991
1,256,117,0.0113210070412606
1,256,118,0.011064722901210189
1,256,119,0.010259797098115087
1,256,120,0.01145227300003171
1,256,121,0.010897009982727468
1,256,122,0.010714376927353442
1,256,123,0.01085212908219546
1,256,124,0.011124669923447073
1,256,125,0.011395513080060482
1,256,126,0.011066400911659002
1,256,127,0.01092880207579583
1,256,128,0.010873851017095149
1,256,129,0.011133429943583906
1,256,130,0.011366704013198614
1,256,131,0.01048859499860555
1,256,132,0.010897304979152977
1,256,133,0.010845604003407061
1,256,134,0.011311411042697728
1,256,135,0.010920068947598338
1,256,136,0.011054262053221464
1,256,137,0.011385504971258342
1,256,138,0.010611078003421426
1,256,139,0.01143236004281789
1,256,140,0.010496935923583806
1,256,141,0.010828618076629937
1,256,142,0.010946905007585883
1,256,143,0.011548801907338202
1,256,144,0.010711127077229321
1,256,145,0.011061221943236887
1,256,146,0.01085225900169462
1,256,147,0.011304454994387925
1,256,148,0.0113069589715451
1,256,149,0.01099192607216537
1,256,150,0.010338593972846866
1,256,151,0.011341201956383884
1,256,152,0.011357194045558572
1,256,153,0.010566247976385057
1,256,154,0.011415855027735233
1,256,155,0.011303142993710935
1,256,156,0.01082540804054588
1,256,157,0.010919756954535842
1,256,158,0.0106897980440408
1,256,159,0.010814058012329042
1,256,160,0.011273005977272987
1,256,161,0.011317790020257235
1,256,162,0.010505298967473209
1,256,163,0.011305648018606007
1,256,164,0.01056351896841079
1,256,165,0.011660218005999923
1,256,166,0.01093806594144553
1,256,167,0.01092093309853226
1,256,168,0.010917918989434838
1,256,169,0.011131483013741672
1,256,170,0.01071901700925082
1,256,171,0.011096043977886438
1,256,172,0.011416184017434716
1,256,173,0.011109446990303695
1,256,174,0.01080434792675078
1,256,175,0.010729297995567322
1,256,176,0.011257997015491128
1,256,177,0.010620353044942021
1,256,178,0.011303392937406898
1,256,179,0.010834932094439864
1,256,180,0.010903933900408447
1,256,181,0.011243013083003461
1,256,182,0.011013628914952278
1,256,183,0.011243491084314883
1,256,184,0.010897497995756567
1,256,185,0.01110836397856474
1,256,186,0.010535186971537769
1,256,187,0.011359633994288743
1,256,188,0.010534845059737563
1,256,189,0.011295914999209344
1,256,190,0.011366831022314727
1,256,191,0.010810654959641397
1,256,192,0.01101234694942832
1,256,193,0.010861000046133995
1,256,194,0.011478394968435168
1,256,195,0.010569683974608779
1,256,196,0.011031815083697438
1,256,197,0.010915272985585034
1,256,198,0.010924817994236946
1,256,199,0.010983412037603557
1,256,200,0.011318596894852817
1,256,201,0.011125471093691885
1,256,202,0.0113926709163934
1,256,203,0.010579282999970019
1,256,204,0.011259778984822333
1,256,205,0.010246229008771479
1,256,206,0.0113359420793131
1,256,207,0.011090204934589565
1,256,208,0.010817095986567438
1,256,209,0.011371078086085618
1,256,210,0.010533322929404676
1,256,211,0.011421928065828979
1,256,212,0.01058187591843307
1,256,213,0.011619559023529291
1,256,214,0.010653697070665658
1,256,215,0.011254725977778435
1,256,216,0.011319989920593798
1,256,217,0.010646097012795508
1,256,218,0.010994586045853794
1,256,219,0.011457197018899024
1,256,220,0.010997407953254879
1,256,221,0.010539242997765541
1,256,222,0.010889402008615434
1,256,223,0.01078506896737963
1,256,224,0.01134600699879229
1,256,225,0.010845837066881359
1,256,226,0.010883679031394422
1,256,227,0.01097934995777905
1,256,228,0.011648284969851375
1,256,229,0.011217952007427812
1,256,230,0.010631200042553246
1,256,231,0.010906385025009513
1,256,232,0.010658378945663571
1,256,233,0.011546405032277107
1,256,234,0.011149773956276476
1,256,235,0.010675759986042976
1,256,236,0.01082099205814302
1,256,237,0.011467949021607637
1,256,238,0.010615807957947254
1,256,239,0.011320992023684084
1,256,240,0.01072974200360477
1,256,241,0.010853143990971148
1,256,242,0.01104161492548883
1,256,243,0.011555406032130122
1,256,244,0.01077743200585246
1,256,245,0.011065713013522327
1,256,246,0.010801033000461757
1,256,247,0.011563658947125077
1,256,248,0.010885682073421776
1,256,249,0.010923940921202302
1,256,250,0.010889647994190454
1,256,251,0.0107406300958246
1,256,252,0.011317061958834529
1,256,253,0.011047772946767509
1,256,254,0.010983088053762913
1,256,255,0.010642640991136432
1,1024,4,0.011300995014607906
1,1024,5,0.011483025969937444
1,1024,6,0.011046548024751246
1,1024,7,0.011419339920394123
1,1024,8,0.010559763060882688
1,1024,9,0.01086259598378092
1,1024,10,0.011362671968527138
1,1024,11,0.01138296804856509
1,1024,12,0.010581900947727263
1,1024,13,0.011079688090831041
1,1024,14,0.011672339984215796
1,1024,15,0.0107600640039891
1,1024,16,0.010929291951470077
1,1024,17,0.010857066954486072
1,1024,18,0.010975895100273192
1,1024,19,0.011044127983041108
1,1024,20,0.011694200919009745
1,1024,21,0.010496365022845566
1,1024,22,0.01105962903238833
1,1024,23,0.011718429042957723
1,1024,24,0.010696504963561893
1,1024,25,0.01069458294659853
1,1024,26,0.011227281065657735
1,1024,27,0.010602236958220601
1,1024,28,0.011429192032665014
1,1024,29,0.011227692011743784
1,1024,30,0.010582749964669347
1,1024,31,0.011449764017015696
1,1024,32,0.011044792947359383
1,1024,33,0.011051461100578308
1,1024,34,0.010873365914449096
1,1024,35,0.01089107699226588
1,1024,36,0.010748092085123062
1,1024,37,0.011604580911807716
1,1024,38,0.011017754091881216
1,1024,39,0.010642686975188553
1,1024,40,0.011145118973217905
1,1024,41,0.011393127962946892
1,1024,42,0.011225639027543366
1,1024,43,0.010582883027382195
1,1024,44,0.011424300028011203
1,1024,45,0.010422640945762396
1,1024,46,0.011554333032108843
1,1024,47,0.010720544029027224
1,1024,48,0.01113028998952359
1,1024,49,0.011018337914720178
1,1024,50,0.01128955208696425
1,1024,51,0.011044910992495716
1,1024,52,0.010919938911683857
1,1024,53,0.010688958107493818
1,1024,54,0.01096634694840759
1,1024,55,0.010943875997327268
1,1024,56,0.011694604996591806
1,1024,57,0.010801597964018583
1,1024,58,0.010780668002553284
1,1024,59,0.010818556998856366
1,1024,60,0.011878555989824235
1,1024,61,0.010591344092972577
1,1024,62,0.01145406998693943
1,1024,63,0.010312431957572699
1,1024,64,0.011115364031866193
1,1024,65,0.011332015972584486
1,1024,66,0.011274288059212267
1,1024,67,0.010368767892941833
1,1024,68,0.01128287601750344
1,1024,69,0.010965725989080966
1,1024,70,0.011335953022353351
1,1024,71,0.01064997201319784
1,1024,72,0.01099564996547997
1,1024,73,0.010950975003652275
1,1024,74,0.011401078081689775
1,1024,75,0.011546242982149124
1,1024,76,0.010270799975842237
1,1024,77,0.011405489058233798
1,1024,78,0.011292618932202458
1,1024,79,0.01087587105575949
1,1024,80,0.01092336094006896
1,1024,81,0.0105925970710814
1,1024,82,0.010821050964295864
1,1024,83,0.011727322009392083
1,1024,84,0.011691008927300572
1,1024,85,0.010330200078897178
1,1024,86,0.010488639934919775
1,1024,87,0.011751763056963682
1,1024,88,0.011029343004338443
1,1024,89,0.010874146013520658
1,1024,90,0.010557202971540391
1,1024,91,0.010992559022270143
1,1024,92,0.011591543909162283
1,1024,93,0.01094397809356451
1,1024,94,0.010950531926937401
1,1024,95,0.011136183049529791
1,1024,96,0.011102524003945291
1,1024,97,0.011151543934829533
1,1024,98,0.010757461073808372
1,1024,99,0.010743398917838931
1,1024,100,0.010902872076258063
1,1024,101,0.01180305692832917
1,1024,102,0.010692529031075537
1,1024,103,0.011084545054472983
1,1024,104,0.011001863982528448
1,1024,105,0.011090041021816432
1,1024,106,0.011861038976348937
1,1024,107,0.010281031019985676
1,1024,108,0.010782888974063098
1,1024,109,0.011082270997576416
1,1024,110,0.010892192018218338
1,1024,111,0.011166436015628278
1,1024,112,0.011551533010788262
1,1024,113,0.010444864979945123
1,1024,114,0.01093501690775156
1,1024,115,0.011903155012987554
1,1024,116,0.010426190099678934
1,1024,117,0.011178164975717664
1,1024,118,0.01082799001596868
1,1024,119,0.010857068002223969
1,1024,120,0.01117393292952329
1,1024,121,0.01145305298268795
1,1024,122,0.010422275983728468
1,1024,123,0.011053275084123015
1,1024,124,0.011828341986984015
1,1024,125,0.01076118799392134
1,1024,126,0.010887861950322986
1,1024,127,0.010979949031025171
1,1024,128,0.010739612043835223
1,1024,129,0.011370541993528605
1,1024,130,0.011308935936540365
1,1024,131,0.010395153076387942
1,1024,132,0.011172098922543228
1,1024,133,0.011326492996886373
1,1024,134,0.011205894988961518
1,1024,135,0.010811621090397239
1,1024,136,0.011045484920032322
1,1024,137,0.010591867030598223
1,1024,138,0.011369985993951559
1,1024,139,0.011421139002777636
1,1024,140,0.010596662061288953
1,1024,141,0.011254713987000287
1,1024,142,0.013316557975485921
1,1024,143,0.008832867024466395
1,1024,144,0.010836978908628225
1,1024,145,0.010625634109601378
1,1024,146,0.01124193798750639
1,1024,147,0.010865721968002617
1,1024,148,0.011146220960654318
1,1024,149,0.011119758011773229
1,1024,150,0.011149458005093038
1,1024,151,0.0110000129789114
1,1024,152,0.010956077021546662
1,1024,153,0.011274751042947173
1,1024,154,0.010644502006471157
1,1024,155,0.011132044019177556
1,1024,156,0.011045841965824366
1,1024,157,0.011182339978404343
1,1024,158,0.011082376004196703
1,1024,159,0.010997612029314041
1,1024,160,0.010898047941736877
1,1024,161,0.011049819993786514
1,1024,162,0.011299672070890665
1,1024,163,0.010659466963261366
1,1024,164,0.01149343594443053
1,1024,165,0.010785654070787132
1,1024,166,0.01100307097658515
1,1024,167,0.011250099982134998
1,1024,168,0.010861902963370085
1,1024,169,0.01117421209346503
1,1024,170,0.010989123955368996
1,1024,171,0.010782761964946985
1,1024,172,0.011125595076009631
1,1024,173,0.011023606988601387
1,1024,174,0.011069061933085322
1,1024,175,0.01140477298758924
1,1024,176,0.010845634038560092
1,1024,177,0.010979142971336842
1,1024,178,0.011076200054958463
1,1024,179,0.011128859943710268
1,1024,180,0.010760635021142662
1,1024,181,0.01124718808569014
1,1024,182,0.010896743973717093
1,1024,183,0.011088656960055232
1,1024,184,0.011211166041903198
1,1024,185,0.011089773965068161
1,1024,186,0.010903013055212796
1,1024,187,0.011239092913456261
1,1024,188,0.010927113005891442
1,1024,189,0.010990608017891645
1,1024,190,0.01117647998034954
1,1024,191,0.010747014079242945
1,1024,192,0.011399284936487675
1,1024,193,0.010877988068386912
1,1024,194,0.010938823921605945
1,1024,195,0.011045710067264736
1,1024,196,0.011389817926101387
1,1024,197,0.011073506087996066
1,1024,198,0.010778269963338971
1,1024,199,0.01130983594339341
1,1024,200,0.010739452089183033
1,1024,201,0.010965145891532302
1,1024,202,0.011407795012928545
1,1024,203,0.010867712087929249
1,1024,204,0.011105559999123216
1,1024,205,0.010970712988637388
1,1024,206,0.011027510976418853
1,1024,207,0.011261994019150734
1,1024,208,0.01093388395383954
1,1024,209,0.010726797976531088
1,1024,210,0.011047805077396333
1,1024,211,0.011521752923727036
1,1024,212,0.010820555035024881
1,1024,213,0.01094987301621586
1,1024,214,0.011031728936359286
1,1024,215,0.011401802068576217
1,1024,216,0.010987667017616332
1,1024,217,0.011120919021777809
1,1024,218,0.0106046519940719
1,1024,219,0.011024078936316073
1,1024,220,0.011140745016746223
1,1024,221,0.01091805100440979
1,1024,222,0.011016458040103316
1,1024,223,0.01136801193933934
1,1024,224,0.011050640954636037
1,1024,225,0.010840082075446844
1,1024,226,0.011299137026071548
1,1024,227,0.011172469006851315
1,1024,228,0.010592834907583892
1,1024,229,0.011145128053613007
1,1024,230,0.010977120022289455
1,1024,231,0.011318147997371852
1,1024,232,0.010808125021867454
1,1024,233,0.01130414695944637
1,1024,234,0.010945945978164673
1,1024,235,0.011017290060408413
1,1024,236,0.011022988939657807
1,1024,237,0.011084516067057848
1,1024,238,0.010894273989833891
1,1024,239,0.010944147943519056
1,1024,240,0.011466861004009843
1,1024,241,0.010656957048922777
1,1024,242,0.011544778011739254
1,1024,243,0.010634180973283947
1,1024,244,0.011201320914551616
1,1024,245,0.011151080019772053
1,1024,246,0.010658779996447265
1,1024,247,0.011172035010531545
1,1024,248,0.011544020031578839
1,1024,249,0.010703403037041426
1,1024,250,0.011031645932234824
1,1024,251,0.011117593036033213
1,1024,252,0.011112198000773787
1,1024,253,0.010899179033003747
1,1024,254,0.011258306913077831
1,1024,255,0.010818090057000518
1,4096,4,0.011565834050998092
1,4096,5,0.01109867892228067
1,4096,6,0.011485052993521094
1,4096,7,0.011149213998578489
1,4096,8,0.011395968031138182
1,4096,9,0.011308250017464161
1,4096,10,0.011038984986953437
1,4096,11,0.011321921017952263
1,4096,12,0.011286970926448703
1,4096,13,0.011421532020904124
1,4096,14,0.011056052055209875
1,4096,15,0.01143373898230493
1,4096,16,0.011034313007257879
1,4096,17,0.011508499970659614
1,4096,18,0.011163937044329941
1,4096,19,0.010968131013214588
1,4096,20,0.011060079908929765
1,4096,21,0.011431959108449519
1,4096,22,0.011403326992876828
1,4096,23,0.011018092976883054
1,4096,24,0.011380397016182542
1,4096,25,0.011196516919881105
1,4096,26,0.01131911901757121
1,4096,27,0.010996412020176649
1,4096,28,0.011200957000255585
1,4096,29,0.011113838059827685
1,4096,30,0.011348958942107856
1,4096,31,0.011651956010609865
1,4096,32,0.011066989973187447
1,4096,33,0.011192366015166044
1,4096,34,0.011055342969484627
1,4096,35,0.0114534409949556
1,4096,36,0.011182083981111646
1,4096,37,0.01094803202431649
1,4096,38,0.011087306076660752
1,4096,39,0.011256833910010755
1,4096,40,0.01158672000747174
1,4096,41,0.010861132992431521
1,4096,42,0.011526530026458204
1,4096,43,0.011069757048971951
1,4096,44,0.011369301937520504
1,4096,45,0.011154983076266944
1,4096,46,0.0108808649238199
1,4096,47,0.01123320299666375
1,4096,48,0.011395983048714697
1,4096,49,0.011526286019943655
1,4096,50,0.010776771930977702
1,4096,51,0.011491007055155933
1,4096,52,0.011183060938492417
1,4096,53,0.011338314041495323
1,4096,54,0.011115340981632471
1,4096,55,0.010961131076328456
1,4096,56,0.011344419908709824
1,4096,57,0.011230167001485825
1,4096,58,0.0115235400153324
1,4096,59,0.010967371985316277
1,4096,60,0.011504465015605092
1,4096,61,0.010963623062707484
1,4096,62,0.011285625980235636
1,4096,63,0.011334721930325031
1,4096,64,0.011021528043784201
1,4096,65,0.011019318946637213
1,4096,66,0.011354163056239486
1,4096,67,0.011117800953797996
1,4096,68,0.011482216068543494
1,4096,69,0.011266530957072973
1,4096,70,0.011270264047197998
1,4096,71,0.011257871985435486
1,4096,72,0.011129408027045429
1,4096,73,0.011129547958262265
1,4096,74,0.01097140705678612
1,4096,75,0.011257211910560727
1,4096,76,0.01151080708950758
1,4096,77,0.011090475949458778
1,4096,78,0.011496254010125995
1,4096,79,0.011025778017938137
1,4096,80,0.011327362968586385
1,4096,81,0.011258385027758777
1,4096,82,0.010996331926435232
1,4096,83,0.01121111202519387
1,4096,84,0.01098632498178631
1,4096,85,0.01183303608559072
1,4096,86,0.010721511906012893
1,4096,87,0.011619911063462496
1,4096,88,0.011087588034570217
1,4096,89,0.011225717957131565
1,4096,90,0.011233028955757618
1,4096,91,0.010912938974797726
1,4096,92,0.01130092900712043
1,4096,93,0.011282371007837355
1,4096,94,0.011554017080925405
1,4096,95,0.010816805996000767
1,4096,96,0.01153748796787113
1,4096,97,0.011106527992524207
1,4096,98,0.01127073005773127
1,4096,99,0.011227753944694996
1,4096,100,0.01091541105415672
1,4096,101,0.01131811598315835
1,4096,102,0.011170330923050642
1,4096,103,0.011595066054724157
1,4096,104,0.010901439934968948
1,4096,105,0.01160590210929513
1,4096,106,0.01096441294066608
1,4096,107,0.011192325968295336
1,4096,108,0.011250670999288559
1,4096,109,0.010971146053634584
1,4096,110,0.01136895699892193
1,4096,111,0.011215009959414601
1,4096,112,0.011302169994451106
1,4096,113,0.011094980989582837
1,4096,114,0.011567254085093737
1,4096,115,0.01100471697282046
1,4096,116,0.011410802020691335
1,4096,117,0.011183912982232869
1,4096,118,0.011086585931479931
1,4096,119,0.011030969093553722
1,4096,120,0.011338493903167546
1,4096,121,0.011633649002760649
1,4096,122,0.011020766105502844
1,4096,123,0.011358592892065644
1,4096,124,0.011150868027471006
1,4096,125,0.011272351024672389
1,4096,126,0.011086410959251225
1,4096,127,0.011202419991604984
1,4096,128,0.011042139027267694
1,4096,129,0.011229973053559661
1,4096,130,0.011536801001057029
1,4096,131,0.011027863947674632
1,4096,132,0.011447658063843846
1,4096,133,0.011167660006321967
1,4096,134,0.011102606891654432
1,4096,135,0.010996490018442273
1,4096,136,0.011293078074231744
1,4096,137,0.01119342097081244
1,4096,138,0.011418557958677411
1,4096,139,0.01132772897835821
1,4096,140,0.011040522018447518
1,4096,141,0.011591818067245185
1,4096,142,0.01105518697295338
1,4096,143,0.011150480946525931
1,4096,144,0.01131679699756205
1,4096,145,0.011077282018959522
1,4096,146,0.011137187015265226
1,4096,147,0.011596165015362203
1,4096,148,0.0112367810215801
1,4096,149,0.010821284959092736
1,4096,150,0.011691857012920082
1,4096,151,0.011228541960008442
1,4096,152,0.011316910036839545
1,4096,153,0.011031073052436113
1,4096,154,0.010959059000015259
1,4096,155,0.011435645981691778
1,4096,156,0.011236472986638546
1,4096,157,0.011180332046933472
1,4096,158,0.011402070987969637
1,4096,159,0.011265518958680332
1,4096,160,0.010970358969643712
1,4096,161,0.011485828086733818
1,4096,162,0.011133964988403022
1,4096,163,0.011287075001746416
1,4096,164,0.011584623949602246
1,4096,165,0.011032333015464246
1,4096,166,0.011351470020599663
1,4096,167,0.010881965979933739
1,4096,168,0.011382894008420408
1,4096,169,0.011195780942216516
1,4096,170,0.01124935399275273
1,4096,171,0.01137072208803147
1,4096,172,0.011206624913029373
1,4096,173,0.010860676993615925
1,4096,174,0.01125147903803736
1,4096,175,0.011519873980432749
1,4096,176,0.011467608041130006
1,4096,177,0.010601677000522614
1,4096,178,0.011594197945669293
1,4096,179,0.011377526097930968
1,4096,180,0.011176129919476807
1,4096,181,0.010902974056079984
1,4096,182,0.011222571949474514
1,4096,183,0.01156989997252822
1,4096,184,0.011317404103465378
1,4096,185,0.011019803932867944
1,4096,186,0.011656371061690152
1,4096,187,0.010542117990553379
1,4096,188,0.011335314949974418
1,4096,189,0.011339770047925413
1,4096,190,0.011206315946765244
1,4096,191,0.011159971007145941
1,4096,192,0.011580388993024826
1,4096,193,0.011264770058915019
1,4096,194,0.011069089989177883
1,4096,195,0.011552090989425778
1,4096,196,0.010736702010035515
1,4096,197,0.011645123944617808
1,4096,198,0.0109918910311535
1,4096,199,0.011199894943274558
1,4096,200,0.011236409074626863
1,4096,201,0.011112835025414824
1,4096,202,0.011283408966846764
1,4096,203,0.011624342994764447
1,4096,204,0.010989426984451711
1,4096,205,0.010940692038275301
1,4096,206,0.01145232398994267
1,4096,207,0.011422210023738444
1,4096,208,0.010887770913541317
1,4096,209,0.01134041405748576
1,4096,210,0.011581655009649694
1,4096,211,0.011107177007943392
1,4096,212,0.011145813972689211
1,4096,213,0.011463392991572618
1,4096,214,0.010702830040827394
1,4096,215,0.011606986983679235
1,4096,216,0.011089649982750416
1,4096,217,0.011030516936443746
1,4096,218,0.011202111025340855
1,4096,219,0.01143810001667589
1,4096,220,0.011563322972506285
1,4096,221,0.011094982037320733
1,4096,222,0.011153292027302086
1,4096,223,0.010982687934301794
1,4096,224,0.01158879604190588
1,4096,225,0.01106835005339235
1,4096,226,0.011107103899121284
1,4096,227,0.011206121067516506
1,4096,228,0.011242388980463147
1,4096,229,0.01156446198001504
1,4096,230,0.011097670067101717
1,4096,231,0.011588217923417687
1,4096,232,0.01066836400423199
1,4096,233,0.01145697699394077
1,4096,234,0.011431585997343063
1,4096,235,0.010830804007127881
1,4096,236,0.011504805064760149
1,4096,237,0.011069258907809854
1,4096,238,0.011620972072705626
1,4096,239,0.010807235026732087
1,4096,240,0.01173352391924709
1,4096,241,0.01075345603749156
1,4096,242,0.01163973193615675
1,4096,243,0.011266054003499448
1,4096,244,0.01079975301399827
1,4096,245,0.011509541072882712
1,4096,246,0.01084931194782257
1,4096,247,0.011794122052378953
1,4096,248,0.010927371913567185
1,4096,249,0.011313450057059526
1,4096,250,0.011054059024900198
1,4096,251,0.011319180950522423
1,4096,252,0.011436764034442604
1,4096,253,0.01085304794833064
1,4096,254,0.011848879046738148
1,4096,255,0.010976410936564207
2,64,4,0.011224655492696911
2,64,5,0.010853829968255013
2,64,6,0.011545993038453162
2,64,7,0.011188686010427773
2,64,8,0.011030160007067025
2,64,9,0.011072634952142835
2,64,10,0.011195041006430984
2,64,11,0.01106400351272896
2,64,12,0.011050102533772588
2,64,13,0.01110798993613571
2,64,14,0.010981429019011557
2,64,15,0.01161278848303482
2,64,16,0.010841429058928043
2,64,17,0.01119071344146505
2,64,18,0.011135207547340542
2,64,19,0.011145176482386887
2,64,20,0.010828937462065369
2,64,21,0.011296255514025688
2,64,22,0.010954021010547876
2,64,23,0.011303798528388143
2,64,24,0.011156756954733282
2,64,25,0.010968670540023595
2,64,26,0.011226308473851532
2,64,27,0.011082970071583986
2,64,28,0.011201394954696298
2,64,29,0.011041815974749625
2,64,30,0.011219193052966148
2,64,31,0.010931359487585723
2,64,32,0.011030733934603631
2,64,33,0.011146719043608755
2,64,34,0.010939545521978289
2,64,35,0.011517217964865267
2,64,36,0.0109158034902066
2,64,37,0.011086924059782177
2,64,38,0.011136933462694287
2,64,39,0.01098643901059404
2,64,40,0.01123541797278449
2,64,41,0.01095170748885721
2,64,42,0.011204923503100872
2,64,43,0.010912700032349676
2,64,44,0.01125371950911358
2,64,45,0.011099068447947502
2,64,46,0.011355806549545377
2,64,47,0.010940950480289757
2,64,48,0.011258958955295384
2,64,49,0.010923466586973518
2,64,50,0.010977938945870847
2,64,51,0.011242367967497557
2,64,52,0.011117861547973007
2,64,53,0.011450529505964369
2,64,54,0.01096755248727277
2,64,55,0.011055264505557716
2,64,56,0.01107800001045689
2,64,57,0.011184166534803808
2,64,58,0.010922351968474686
2,64,59,0.01119527401169762
2,64,60,0.011017504963092506
2,64,61,0.010989300499204546
2,64,62,0.01150902098743245
2,64,63,0.010956152575090528
2,64,64,0.011301717953756452
2,64,65,0.010919152002315968
2,64,66,0.011513172998093069
2,64,67,0.010725839529186487
2,64,68,0.011098246439360082
2,64,69,0.010916132538113743
2,64,70,0.011284979991614819
2,64,71,0.011496843537315726
2,64,72,0.011064108926802874
2,64,73,0.011233722034376115
2,64,74,0.010996191995218396
2,64,75,0.010944872512482107
2,64,76,0.011111524479929358
2,64,77,0.011150711972732097
2,64,78,0.011157376051414758
2,64,79,0.010984354943502694
2,64,80,0.011673613043967634
2,64,81,0.01087555754929781
2,64,82,0.011286961962468922
2,64,83,0.01115399197442457
2,64,84,0.010994113981723785
2,64,85,0.011040731566026807
2,64,86,0.011196434439625591
2,64,87,0.011049140011891723
2,64,88,0.011156009510159492
2,64,89,0.011379575007595122
2,64,90,0.011249696486629546
2,64,91,0.010863336559850723
2,64,92,0.011122098425403237
2,64,93,0.011437680048402399
2,64,94,0.010824682947713882
2,64,95,0.010956398502457887
2,64,96,0.011144788062665612
2,64,97,0.011162868468090892
2,64,98,0.011463353992439806
2,64,99,0.011214366473723203
2,64,100,0.010723725543357432
2,64,101,0.011255138437263668
2,64,102,0.010949280578643084
2,64,103,0.011158097942825407
2,64,104,0.01105800102232024
2,64,105,0.011351715016644448
2,64,106,0.011089750449173152
2,64,107,0.011283605068456382
2,64,108,0.01123530644690618
2,64,109,0.010765696060843766
2,64,110,0.01136527443304658
2,64,111,0.010932707053143531
2,64,112,0.011116199486423284
2,64,113,0.011253901466261595
2,64,114,0.010899034037720412
2,64,115,0.011486651026643813
2,64,116,0.011090917978435755
2,64,117,0.011086164508014917
2,64,118,0.010946740978397429
2,64,119,0.011403754004277289
2,64,120,0.010790276457555592
2,64,121,0.01123909605666995
2,64,122,0.011360768985468894
2,64,123,0.010711873008403927
2,64,124,0.011248732975218445
2,64,125,0.011277994490228593
2,64,126,0.011007510009221733
2,64,127,0.011122994998004287
2,64,128,0.011354045011103153
2,64,129,0.010954537487123162
2,64,130,0.011072904511820525
2,64,131,0.011326620995532721
2,64,132,0.010883441544137895
2,64,133,0.011578803474549204
2,64,134,0.010803901997860521
2,64,135,0.011411352956201881
2,64,136,0.01091153605375439
2,64,137,0.011327832005918026
2,64,138,0.011093754961621016
2,64,139,0.010955134988762438
2,64,140,0.011032936512492597
2,64,141,0.011130459024570882
2,64,142,0.01110497146146372
2,64,143,0.01111943949945271
2,64,144,0.011432057537604123
2,64,145,0.011021941027138382
2,64,146,0.011062446923460811
2,64,147,0.011468963988590986
2,64,148,0.010755356517620385
2,64,149,0.011431010556407273
2,64,150,0.01073367049684748
2,64,151,0.011044297949410975
2,64,152,0.011150949518196285
2,64,153,0.011487593525089324
2,64,154,0.011065302009228617
2,64,155,0.011053565482143313
2,64,156,0.011290085967630148
2,64,157,0.01095730351516977
2,64,158,0.011388822051230818
2,64,159,0.010887313459534198
2,64,160,0.011012128496076912
2,64,161,0.011110152001492679
2,64,162,0.011472497484646738
2,64,163,0.011061466473620385
2,64,164,0.01098629052285105
2,64,165,0.011512196040712297
2,64,166,0.010800744988955557
2,64,167,0.011305933527182788
2,64,168,0.010936296952422708
2,64,169,0.010952532989904284
2,64,170,0.011126872559543699
2,64,171,0.011411921004764736
2,64,172,0.011085298960097134
2,64,173,0.01099722646176815
2,64,174,0.01147507707355544
2,64,175,0.011160677473526448
2,64,176,0.011054419504944235
2,64,177,0.010806362959556282
2,64,178,0.01104974903864786
2,64,179,0.011137625959236175
2,64,180,0.011301514517981559
2,64,181,0.01142561947926879
2,64,182,0.010817070549819618
2,64,183,0.011423560499679297
2,64,184,0.010680653504095972
2,64,185,0.011263551015872508
2,64,186,0.011255164979957044
2,64,187,0.01097837946144864
2,64,188,0.01111401553498581
2,64,189,0.011398122471291572
2,64,190,0.011047106061596423
2,64,191,0.01105332194129005
2,64,192,0.011438402521889657
2,64,193,0.010693653952330351
2,64,194,0.01135891251033172
2,64,195,0.011111827509012073
2,64,196,0.010953812510706484
2,64,197,0.011237869039177895
2,64,198,0.011228093004319817
2,64,199,0.011053200927563012
2,64,200,0.011164181516505778
2,64,201,0.011126711033284664
2,64,202,0.010965047520585358
2,64,203,0.01129160198615864
2,64,204,0.011095806024968624
2,64,205,0.011049999971874058
2,64,206,0.01114251249236986
2,64,207,0.011473462509457022
2,64,208,0.011133222025819123
2,64,209,0.010845494456589222
2,64,210,0.011326258478220552
2,64,211,0.010803879995364696
2,64,212,0.011610111047048122
2,64,213,0.01073934801388532
2,64,214,0.01231477496912703
2,64,215,0.010203587531577796
2,64,216,0.011152774444781244
2,64,217,0.011253292032051831
2,64,218,0.011056744959205389
2,64,219,0.011085862526670098
2,64,220,0.011154292500577867
2,64,221,0.010886004485655576
2,64,222,0.011396493995562196
2,64,223,0.011048074054997414
2,64,224,0.010964392451569438
2,64,225,0.011110023013316095
2,64,226,0.011528303497470915
2,64,227,0.010881535476073623
2,64,228,0.011149296537041664
2,64,229,0.011260041501373053
2,64,230,0.010910903511103243
2,64,231,0.011595657968427986
2,64,232,0.01098454650491476
2,64,233,0.01162255898816511
2,64,234,0.010414705495350063
2,64,235,0.011399118520785123
2,64,236,0.01093215000582859
2,64,237,0.01127151446416974
2,64,238,0.011076803028117865
2,64,239,0.011074770998675376
2,64,240,0.01126109150936827
2,64,241,0.011195928498636931
2,64,242,0.011170825979206711
2,64,243,0.0109858145006001
2,64,244,0.011122822528705001
2,64,245,0.01143641147064045
2,64,246,0.01069864898454398
2,64,247,0.01146146102109924
2,64,248,0.010773098503705114
2,64,249,0.011440657021012157
2,64,250,0.010837804002221674
2,64,251,0.011183072987478226
2,64,252,0.011118234950117767
2,64,253,0.01118787401355803
2,64,254,0.011129897553473711
2,64,255,0.011731568491086364
2,256,4,0.011379658011719584
2,256,5,0.010955184989143163
2,256,6,0.011057261493988335
2,256,7,0.011247057991567999
2,256,8,0.01118727249559015
2,256,9,0.011060056509450078
2,256,10,0.011139546986669302
2,256,11,0.011139264970552176
2,256,12,0.011377684015315026
2,256,13,0.011548967042472214
2,256,14,0.011185259965714067
2,256,15,0.011007874563802034
2,256,16,0.010993284988217056
2,256,17,0.011059687938541174
2,256,18,0.011146317527163774
2,256,19,0.011104053468443453
2,256,20,0.011184077069628984
2,256,21,0.011224799498450011
2,256,22,0.011232455435674638
2,256,23,0.0111545380204916
2,256,24,0.01121177599998191
2,256,25,0.011137083056382835
2,256,26,0.011083744931966066
2,256,27,0.01110790902748704
2,256,28,0.01131049997638911
2,256,29,0.011259535502176732
2,256,30,0.011115722998511046
2,256,31,0.011110562016256154
2,256,32,0.011030315014068037
2,256,33,0.011199364031199366
2,256,34,0.011153195460792631
2,256,35,0.011184967530425638
2,256,36,0.011093569977674633
2,256,37,0.011166595504619181
2,256,38,0.01112244901014492
2,256,39,0.011248584487475455
2,256,40,0.01119275001110509
2,256,41,0.010986748500727117
2,256,42,0.011169827484991401
2,256,43,0.011281081475317478
2,256,44,0.01105330401333049
2,256,45,0.010977257508784533
2,256,46,0.011154294479638338
2,256,47,0.01151519501581788
2,256,48,0.011485484486911446
2,256,49,0.011000880505889654
2,256,50,0.010960315528791398
2,256,51,0.010811173997353762
2,256,52,0.011050198459997773
2,256,53,0.011304118030238897
2,256,54,0.011245658504776657
2,256,55,0.011136292538139969
2,256,56,0.011137154477182776
2,256,57,0.011136541957966983
2,256,58,0.011144176998641342
2,256,59,0.011197588464710861
2,256,60,0.010945065529085696
2,256,61,0.01092699047876522
2,256,62,0.011250637006014585
2,256,63,0.011206876544747502
2,256,64,0.01110184146091342
2,256,65,0.011161579517647624
2,256,66,0.01116291555808857
2,256,67,0.011079458461608738
2,256,68,0.011222347500734031
2,256,69,0.011046615021768957
2,256,70,0.011130616476293653
2,256,71,0.011250014998950064
2,256,72,0.011058354517444968
2,256,73,0.010996769939083606
2,256,74,0.011146461067255586
2,256,75,0.011250030423980206
2,256,76,0.011143653537146747
2,256,77,0.011278323479928076
2,256,78,0.011013992480002344
2,256,79,0.011237124039325863
2,256,80,0.011202960507944226
2,256,81,0.011080325988586992
2,256,82,0.011147573997732252
2,256,83,0.011015103023964912
2,256,84,0.011211570992600173
2,256,85,0.011092661996372044
2,256,86,0.011190977471414953
2,256,87,0.011025302985217422
2,256,88,0.011224155547097325
2,256,89,0.01134532899595797
2,256,90,0.010964210552629083
2,256,91,0.010939881496597081
2,256,92,0.011010923481080681
2,256,93,0.011216717946808785
2,256,94,0.011296620999928564
2,256,95,0.011154708045069128
2,256,96,0.011002186976838857
2,256,97,0.011191150988452137
2,256,98,0.011281444516498595
2,256,99,0.011200413515325636
2,256,100,0.010989156959112734
2,256,101,0.011033541581127793
2,256,102,0.011228190967813134
2,256,103,0.011098438000772148
2,256,104,0.011201238492503762
2,256,105,0.011056569986976683
2,256,106,0.010956596524920315
2,256,107,0.01124904747121036
2,256,108,0.011310703994240612
2,256,109,0.011013180017471313
2,256,110,0.011000803962815553
2,256,111,0.011275322525762022
2,256,112,0.011161763512063771
2,256,113,0.01116595946950838
2,256,114,0.011102191056124866
2,256,115,0.011220242478884757
2,256,116,0.01126460696104914
2,256,117,0.011072013527154922
2,256,118,0.011115769972093403
2,256,119,0.010996557015459985
2,256,120,0.011191026482265443
2,256,121,0.011189208540599793
2,256,122,0.011129183985758573
2,256,123,0.011151121987495571
2,256,124,0.011068255989812315
2,256,125,0.011215511010959744
2,256,126,0.011242152540944517
2,256,127,0.011097358947154135
2,256,128,0.010990947019308805
2,256,129,0.011194689490366727
2,256,130,0.011179946013726294
2,256,131,0.011141524999402463
2,256,132,0.011124183016363531
2,256,133,0.011197454994544387
2,256,134,0.011218563478905708
2,256,135,0.011148950026836246
2,256,136,0.011097220471128821
2,256,137,0.01102037401869893
2,256,138,0.011242484964895993
2,256,139,0.011133997526485473
2,256,140,0.011022172984667122
2,256,141,0.011171066027600318
2,256,142,0.011317987984512001
2,256,143,0.011251621530391276
2,256,144,0.011100862466264516
2,256,145,0.01101689599454403
2,256,146,0.010966092988383025
2,256,147,0.011135739041492343
2,256,148,0.011213289515580982
2,256,149,0.011122793483082205
2,256,150,0.011183444934431463
2,256,151,0.011101915559265763
2,256,152,0.011193213518708944
2,256,153,0.011227406444959342
2,256,154,0.011141705035697669
2,256,155,0.011413904023356736
2,256,156,0.011332151480019093
2,256,157,0.011132638494018465
2,256,158,0.011123282485641539
2,256,159,0.010910684475675225
2,256,160,0.011162654031068087
2,256,161,0.011264072498306632
2,256,162,0.01107152202166617
2,256,163,0.011196616513188928
2,256,164,0.011151222512125969
2,256,165,0.011209084943402559
2,256,166,0.011145469965413213
2,256,167,0.01088639855151996
2,256,168,0.010990006034262478
2,256,169,0.011423256422858685
2,256,170,0.01142021152190864
2,256,171,0.011111388041172177
2,256,172,0.011060911987442523
2,256,173,0.011007413966581225
2,256,174,0.011219030537176877
2,256,175,0.01139438949758187
2,256,176,0.010924115951638669
2,256,177,0.010799534036777914
2,256,178,0.011108857986982912
2,256,179,0.01124865555902943
2,256,180,0.011198959487956017
2,256,181,0.011175430961884558
2,256,182,0.011272212024778128
2,256,183,0.011320000980049372
2,256,184,0.010907310526818037
2,256,185,0.010919431515503675
2,256,186,0.011222578992601484
2,256,187,0.01133302244124934
2,256,188,0.011316640535369515
2,256,189,0.011134239961393178
2,256,190,0.01125295803649351
2,256,191,0.01100633543683216
2,256,192,0.010768391541205347
2,256,193,0.011016418517101556
2,256,194,0.01117054803762585
2,256,195,0.011117504443973303
2,256,196,0.011147924000397325
2,256,197,0.011100039526354522
2,256,198,0.011089956969954073
2,256,199,0.011340801022015512
2,256,200,0.011131101520732045
2,256,201,0.011093844950664788
2,256,202,0.011180313013028353
2,256,203,0.011131754494272172
2,256,204,0.011149607540573925
2,256,205,0.011103513475973159
2,256,206,0.0114920525229536
2,256,207,0.01128456846345216
2,256,208,0.010972052987199277
2,256,209,0.011026462016161531
2,256,210,0.011124449025373906
2,256,211,0.011215203499887139
2,256,212,0.011100147967226803
2,256,213,0.011054889007937163
2,256,214,0.011105079029221088
2,256,215,0.011487003008369356
2,256,216,0.011388691957108676
2,256,217,0.010931150522083044
2,256,218,0.010829602018930018
2,256,219,0.011053238995373249
2,256,220,0.011281371931545436
2,256,221,0.01124255359172821
2,256,222,0.010987756482791156
2,256,223,0.011187468946445733
2,256,224,0.011274746560957283
2,256,225,0.01108808146091178
2,256,226,0.011272061965428293
2,256,227,0.011064543563406914
2,256,228,0.011036017967853695
2,256,229,0.011251369025558233
2,256,230,0.01119140099035576
2,256,231,0.010920005443040282
2,256,232,0.011111003055702895
2,256,233,0.011281957966275513
2,256,234,0.011281245504505932
2,256,235,0.011192163045052439
2,256,236,0.010990079492330551
2,256,237,0.011037198011763394
2,256,238,0.01137347350595519
2,256,239,0.01126786699751392
2,256,240,0.010832834930624813
2,256,241,0.010961678577587008
2,256,242,0.011345348437316716
2,256,243,0.01134376646950841
2,256,244,0.011147680517751724
2,256,245,0.010970967006869614
2,256,246,0.011030019028112292
2,256,247,0.01131404348416254
2,256,248,0.01118010701611638
2,256,249,0.011102695483714342
2,256,250,0.011299339530523866
2,256,251,0.010943454515654594
2,256,252,0.011036069015972316
2,256,253,0.011414280452299863
2,256,254,0.011171969992574304
2,256,255,0.010947643022518605
2,1024,4,0.011599920049775392
2,1024,5,0.01129257696447894
2,1024,6,0.011280641541816294
2,1024,7,0.011522657994646579
2,1024,8,0.011232329998165369
2,1024,9,0.011165498523041606
2,1024,10,0.011153051513247192
2,1024,11,0.011258215468842536
2,1024,12,0.011611693480517715
2,1024,13,0.011382312048226595
2,1024,14,0.01096199348103255
2,1024,15,0.011240374471526593
2,1024,16,0.011241409520152956
2,1024,17,0.011076480965130031
2,1024,18,0.011045999999623746
2,1024,19,0.011200569570064545
2,1024,20,0.011278870981186628
2,1024,21,0.01118178351316601
2,1024,22,0.011211081990040839
2,1024,23,0.011530673946253955
2,1024,24,0.011341350036673248
2,1024,25,0.01102731702849269
2,1024,26,0.01112264400580898
2,1024,27,0.01118437945842743
2,1024,28,0.011328407505061477
2,1024,29,0.011128177982755005
2,1024,30,0.011100159492343664
2,1024,31,0.01123662549071014
2,1024,32,0.011460677022114396
2,1024,33,0.01149890455417335
2,1024,34,0.011077606934122741
2,1024,35,0.010960053477901965
2,1024,36,0.011090269545093179
2,1024,37,0.011178357992321253
2,1024,38,0.011178647982887924
2,1024,39,0.011276329052634537
2,1024,40,0.011245577945373952
2,1024,41,0.011274756048806012
2,1024,42,0.011241535481531173
2,1024,43,0.011277195473667234
2,1024,44,0.01116370054660365
2,1024,45,0.010990198934450746
2,1024,46,0.011368178005795926
2,1024,47,0.01121109101222828
2,1024,48,0.011016992561053485
2,1024,49,0.011262634943705052
2,1024,50,0.011384840006940067
2,1024,51,0.011408985999878496
2,1024,52,0.011341133038513362
2,1024,53,0.011028600973077118
2,1024,54,0.010975112963933498
2,1024,55,0.01133706356631592
2,1024,56,0.011180402478203177
2,1024,57,0.01117541646817699
2,1024,58,0.011335999530274421
2,1024,59,0.01131934649311006
2,1024,60,0.011343504535034299
2,1024,61,0.011164232972078025
2,1024,62,0.011054004018660635
2,1024,63,0.011179921973962337
2,1024,64,0.01136187749216333
2,1024,65,0.011176157044246793
2,1024,66,0.010997076984494925
2,1024,67,0.011374463967513293
2,1024,68,0.011419682006817311
2,1024,69,0.011264280998148024
2,1024,70,0.011275925498921424
2,1024,71,0.011035217496100813
2,1024,72,0.011022117512766272
2,1024,73,0.011324303457513452
2,1024,74,0.011212327983230352
2,1024,75,0.011221453023608774
2,1024,76,0.011247197049669921
2,1024,77,0.011212921468541026
2,1024,78,0.01137484551873058
2,1024,79,0.01124587596859783
2,1024,80,0.011093137494754046
2,1024,81,0.01107376057188958
2,1024,82,0.011232703982386738
2,1024,83,0.011321328463964164
2,1024,84,0.011311129026580602
2,1024,85,0.011261130450293422
2,1024,86,0.011210076045244932
2,1024,87,0.011298917001113296
2,1024,88,0.01112207694677636
2,1024,89,0.01094843604369089
2,1024,90,0.01109087048098445
2,1024,91,0.011367661005351692
2,1024,92,0.011315960495267063
2,1024,93,0.011067941028159112
2,1024,94,0.011268568458035588
2,1024,95,0.011464081006124616
2,1024,96,0.0112930765026249
2,1024,97,0.011042357014957815
2,1024,98,0.010983300453517586
2,1024,99,0.011198687076102942
2,1024,100,0.011332653928548098
2,1024,101,0.011373877001460642
2,1024,102,0.011388771526981145
2,1024,103,0.011107783066108823
2,1024,104,0.011141479481011629
2,1024,105,0.011409829428885132
2,1024,106,0.011386308004148304
2,1024,107,0.011004957079421729
2,1024,108,0.010922609420958906
2,1024,109,0.011233719589654356
2,1024,110,0.011264811444561929
2,1024,111,0.01117739750770852
2,1024,112,0.011356494505889714
2,1024,113,0.011245142959523946
2,1024,114,0.011214218509849161
2,1024,115,0.011275819560978562
2,1024,116,0.011166906508151442
2,1024,117,0.011242252483498305
2,1024,118,0.011097266455180943
2,1024,119,0.011204688984435052
2,1024,120,0.01125436753500253
2,1024,121,0.011321127007249743
2,1024,122,0.011305861466098577
2,1024,123,0.011214343539904803
2,1024,124,0.011172936472576112
2,1024,125,0.011050047527533025
2,1024,126,0.01127454248489812
2,1024,127,0.011227521987166256
2,1024,128,0.01123565947636962
2,1024,129,0.011311720008961856
2,1024,130,0.011316454038023949
2,1024,131,0.011243917455431074
2,1024,132,0.011226992530282587
2,1024,133,0.01122605602722615
2,1024,134,0.011087008460890502
2,1024,135,0.011221069027669728
2,1024,136,0.011155660497024655
2,1024,137,0.011219402484130114
2,1024,138,0.011282173509243876
2,1024,139,0.011227429029531777
2,1024,140,0.011301051476038992
2,1024,141,0.011446928489021957
2,1024,142,0.011310870992019773
2,1024,143,0.0111217430094257
2,1024,144,0.011162750946823508
2,1024,145,0.011080008582212031
2,1024,146,0.011247459973674268
2,1024,147,0.011211405042558908
2,1024,148,0.011289218440651894
2,1024,149,0.01129192253574729
2,1024,150,0.011332624475471675
2,1024,151,0.01138534297933802
2,1024,152,0.011125436052680016
2,1024,153,0.011225325462874025
2,1024,154,0.010993628471624106
2,1024,155,0.011188119009602815
2,1024,156,0.011459039989858866
2,1024,157,0.011112044041510671
2,1024,158,0.011169397505000234
2,1024,159,0.011389860999770463
2,1024,160,0.011331119458191097
2,1024,161,0.011136231070850044
2,1024,162,0.011166759999468923
2,1024,163,0.011184192961081862
2,1024,164,0.011217534018214792
2,1024,165,0.011195078957825899
2,1024,166,0.011186814052052796
2,1024,167,0.01130780199309811
2,1024,168,0.01133937545819208
2,1024,169,0.011317841534037143
2,1024,170,0.011023128463421017
2,1024,171,0.011237462516874075
2,1024,172,0.01131486298982054
2,1024,173,0.011164593510329723
2,1024,174,0.011224665504414588
2,1024,175,0.01126349245896563
2,1024,176,0.011290504597127438
2,1024,177,0.011271244438830763
2,1024,178,0.01138549653114751
2,1024,179,0.011226578964851797
2,1024,180,0.011134963540825993
2,1024,181,0.01114192244131118
2,1024,182,0.011126706493087113
2,1024,183,0.011189032520633191
2,1024,184,0.011205935501493514
2,1024,185,0.011188774020411074
2,1024,186,0.011351602501235902
2,1024,187,0.011322898499201983
2,1024,188,0.011193085985723883
2,1024,189,0.011272679490502924
2,1024,190,0.011138181493151933
2,1024,191,0.011111855041235685
2,1024,192,0.011156951484736055
2,1024,193,0.011272124014794827
2,1024,194,0.011317383963614702
2,1024,195,0.011352695000823587
2,1024,196,0.011240943509619683
2,1024,197,0.011145000986289233
2,1024,198,0.011332207010127604
2,1024,199,0.01122704049339518
2,1024,200,0.011113888002000749
2,1024,201,0.011226008471567184
2,1024,202,0.011327520536724478
2,1024,203,0.011199333472177386
2,1024,204,0.0112560810521245
2,1024,205,0.011396002024412155
2,1024,206,0.011146307922899723
2,1024,207,0.011276864563114941
2,1024,208,0.011280733509920537
2,1024,209,0.011024275445379317
2,1024,210,0.011200241977348924
2,1024,211,0.011488831543829292
2,1024,212,0.011233043973334134
2,1024,213,0.011217744497116655
2,1024,214,0.011276287026703358
2,1024,215,0.011043578968383372
2,1024,216,0.01123071153415367
2,1024,217,0.011217658990062773
2,1024,218,0.011157112545333803
2,1024,219,0.011299333942588419
2,1024,220,0.01131857349537313
2,1024,221,0.011185484530869871
2,1024,222,0.011354484013281763
2,1024,223,0.011221442953683436
2,1024,224,0.01105623651528731
2,1024,225,0.01127473049564287
2,1024,226,0.011234530014917254
2,1024,227,0.01129004854010418
2,1024,228,0.011275795986875892
2,1024,229,0.011095573951024562
2,1024,230,0.011251118499785662
2,1024,231,0.01139994099503383
2,1024,232,0.011255856545176357
2,1024,233,0.011088267958257347
2,1024,234,0.011155239073559642
2,1024,235,0.011192108446266502
2,1024,236,0.011295911041088402
2,1024,237,0.011281947430688888
2,1024,238,0.011311085021588951
2,1024,239,0.011465237534139305
2,1024,240,0.011284117470495403
2,1024,241,0.011114335036836565
2,1024,242,0.011144046962726861
2,1024,243,0.011253586504608393
2,1024,244,0.01141802448546514
2,1024,245,0.011125191987957805
2,1024,246,0.011259692022576928
2,1024,247,0.011445759970229119
2,1024,248,0.011105009005405009
2,1024,249,0.011241747008170933
2,1024,250,0.011316866555716842
2,1024,251,0.011193764978088439
2,1024,252,0.011329814966302365
2,1024,253,0.011363836063537747
2,1024,254,0.011162293434608728
2,1024,255,0.010920398053713143
2,4096,4,0.010337217012420297
2,4096,5,0.011601798003539443
2,4096,6,0.011750380508601665
2,4096,7,0.011934677488170564
2,4096,8,0.011216748505830765
2,4096,9,0.011836932506412268
2,4096,10,0.011535509955137968
2,4096,11,0.011631690489593893
2,4096,12,0.011579530546441674
2,4096,13,0.011492299963720143
2,4096,14,0.011705103039275855
2,4096,15,0.011585380940232426
2,4096,16,0.011580695048905909
2,4096,17,0.011522860440891236
2,4096,18,0.011815785081125796
2,4096,19,0.011555126984603703
2,4096,20,0.011222592496778816
2,4096,21,0.011908030486665666
2,4096,22,0.011432320985477418
2,4096,23,0.011136382527183741
2,4096,24,0.012045050971210003
2,4096,25,0.011335210525430739
2,4096,26,0.01129789900733158
2,4096,27,0.01207529497332871
2,4096,28,0.011581166530959308
2,4096,29,0.011561959981918335
2,4096,30,0.01148371450835839
2,4096,31,0.011550810013432056
2,4096,32,0.01163854799233377
2,4096,33,0.011497542494907975
2,4096,34,0.01140550896525383
2,4096,35,0.011646860046312213
2,4096,36,0.011623435013461858
2,4096,37,0.011616275471169502
2,4096,38,0.01178738399175927
2,4096,39,0.011171880993060768
2,4096,40,0.011587780027184635
2,4096,41,0.011709569953382015
2,4096,42,0.011285902524832636
2,4096,43,0.011558727535884827
2,4096,44,0.011926406936254352
2,4096,45,0.0112094865180552
2,4096,46,0.011773531034123152
2,4096,47,0.011982982454355806
2,4096,48,0.011227156035602093
2,4096,49,0.011525804526172578
2,4096,50,0.011853612959384918
2,4096,51,0.01136306906118989
2,4096,52,0.011546145949978381
2,4096,53,0.011635089525952935
2,4096,54,0.011674638488329947
2,4096,55,0.011487292475067079
2,4096,56,0.011499818006996065
2,4096,57,0.011760230991058052
2,4096,58,0.01119929552078247
2,4096,59,0.011975623958278447
2,4096,60,0.011366194987203926
2,4096,61,0.011490721080917865
2,4096,62,0.011747505457606167
2,4096,63,0.011715254979208112
2,4096,64,0.011647762497887015
2,4096,65,0.011258666520006955
2,4096,66,0.011550065479241312
2,4096,67,0.011807116970885545
2,4096,68,0.011476150073576719
2,4096,69,0.011098248476628214
2,4096,70,0.01201600453350693
2,4096,71,0.011449826008174568
2,4096,72,0.011388162965886295
2,4096,73,0.011980293493252248
2,4096,74,0.011462409980595112
2,4096,75,0.011408792051952332
2,4096,76,0.011786883464083076
2,4096,77,0.011678553477395326
2,4096,78,0.011376242036931217
2,4096,79,0.011710941966157407
2,4096,80,0.011489306518342346
2,4096,81,0.011679032992105931
2,4096,82,0.011690142506267875
2,4096,83,0.011526046029757708
2,4096,84,0.011552877025678754
2,4096,85,0.011360091448295861
2,4096,86,0.011910966015420854
2,4096,87,0.011401200492400676
2,4096,88,0.011180225992575288
2,4096,89,0.012254445988219231
2,4096,90,0.011404422984924167
2,4096,91,0.011300844023935497
2,4096,92,0.011892136477399617
2,4096,93,0.011484928021673113
2,4096,94,0.0115469730226323
2,4096,95,0.011416311492212117
2,4096,96,0.0117392364772968
2,4096,97,0.01142620004247874
2,4096,98,0.011763842951040715
2,4096,99,0.011563937528990209
2,4096,100,0.01139128050999716
2,4096,101,0.01179471000796184
2,4096,102,0.011459665023721755
2,4096,103,0.011625883460510522
2,4096,104,0.011600210040342063
2,4096,105,0.01156939344946295
2,4096,106,0.011386416503228247
2,4096,107,0.01185789203736931
2,4096,108,0.01138689648360014
2,4096,109,0.011639890493825078
2,4096,110,0.01167017495026812
2,4096,111,0.01121079153381288
2,4096,112,0.011922173027414829
2,4096,113,0.01147163548739627
2,4096,114,0.01149923651246354
2,4096,115,0.011638873955234885
2,4096,116,0.011970888532232493
2,4096,117,0.011304774438031018
2,4096,118,0.011496937018819153
2,4096,119,0.011917338066268712
2,4096,120,0.011457652959506959
2,4096,121,0.011579768965020776
2,4096,122,0.011182536545675248
2,4096,123,0.01207328902091831
2,4096,124,0.011658852512482554
2,4096,125,0.011280223960056901
2,4096,126,0.011665204481687397
2,4096,127,0.01155670901061967
2,4096,128,0.011706394026987255
2,4096,129,0.011544744949787855
2,4096,130,0.011451008031144738
2,4096,131,0.011696556000970304
2,4096,132,0.011470706493128091
2,4096,133,0.011727586039341986
2,4096,134,0.011837192461825907
2,4096,135,0.011088290018960834
2,4096,136,0.01189562096260488
2,4096,137,0.011700974486302584
2,4096,138,0.01135464507387951
2,4096,139,0.01157097693067044
2,4096,140,0.01162351603852585
2,4096,141,0.011384563986212015
2,4096,142,0.011709143058396876
2,4096,143,0.01163280091714114
2,4096,144,0.01138837356120348
2,4096,145,0.011824063956737518
2,4096,146,0.011706378019880503
2,4096,147,0.011457649001386017
2,4096,148,0.0114205734571442
2,4096,149,0.011883191007655114
2,4096,150,0.011685034027323127
2,4096,151,0.011101577489171177
2,4096,152,0.011825783469248563
2,4096,153,0.011791925004217774
2,4096,154,0.011167335032951087
2,4096,155,0.012023647024761885
2,4096,156,0.011186817428097129
2,4096,157,0.011799622036051005
2,4096,158,0.011677692527882755
2,4096,159,0.0113629384431988
2,4096,160,0.01209507352905348
2,4096,161,0.011058699514251202
2,4096,162,0.01170486700721085
2,4096,163,0.01185766200069338
2,4096,164,0.011233499506488442
2,4096,165,0.011619276483543217
2,4096,166,0.011551497504115105
2,4096,167,0.011586452485062182
2,4096,168,0.011772656987886876
2,4096,169,0.01148030353942886
2,4096,170,0.011774513986892998
2,4096,171,0.011408734018914402
2,4096,172,0.011483635986223817
2,4096,173,0.011950845015235245
2,4096,174,0.01115478848805651
2,4096,175,0.01135983900167048
2,4096,176,0.012122688989620656
2,4096,177,0.011412164953071624
2,4096,178,0.011556589568499476
2,4096,179,0.011697337962687016
2,4096,180,0.011538941063918173
2,4096,181,0.011768910917453468
2,4096,182,0.011346889019478112
2,4096,183,0.011435777007136494
2,4096,184,0.011810940050054342
2,4096,185,0.011469269986264408
2,4096,186,0.011637349496595562
2,4096,187,0.01155072043184191
2,4096,188,0.011362636520061642
2,4096,189,0.01204879954457283
2,4096,190,0.01146626251284033
2,4096,191,0.011157512955833226
2,4096,192,0.012028845492750406
2,4096,193,0.011644109501503408
2,4096,194,0.011371781001798809
2,4096,195,0.011902614554855973
2,4096,196,0.011439194960985333
2,4096,197,0.011475918523501605
2,4096,198,0.01199962996179238
2,4096,199,0.011115526489447802
2,4096,200,0.011553705495316535
2,4096,201,0.011839455517474562
2,4096,202,0.011453989485744387
2,4096,203,0.011728473997209221
2,4096,204,0.01151784451212734
2,4096,205,0.011799188505392522
2,4096,206,0.01156933355377987
2,4096,207,0.011574044416192919
2,4096,208,0.011675289017148316
2,4096,209,0.01139772852184251
2,4096,210,0.011751022015232593
2,4096,211,0.011796545004472136
2,4096,212,0.01115090394159779
2,4096,213,0.011725731543265283
2,4096,214,0.01173029450001195
2,4096,215,0.011150789970997721
2,4096,216,0.01196435053134337
2,4096,217,0.011384710494894534
2,4096,218,0.011318351491354406
2,4096,219,0.012046508491039276
2,4096,220,0.011545207002200186
2,4096,221,0.011518283979967237
2,4096,222,0.011557762569282204
2,4096,223,0.01154894701903686
2,4096,224,0.011798047460615635
2,4096,225,0.011518291488755494
2,4096,226,0.01136178249726072
2,4096,227,0.011846933979541063
2,4096,228,0.011686979501973838
2,4096,229,0.011563962965738028
2,4096,230,0.011595603544265032
2,4096,231,0.011520422529429197
2,4096,232,0.011707913945429027
2,4096,233,0.011555069533642381
2,4096,234,0.011476490006316453
2,4096,235,0.011648793530184776
2,4096,236,0.011614893446676433
2,4096,237,0.011639525997452438
2,4096,238,0.011627469502855092
2,4096,239,0.01139776548370719
2,4096,240,0.011634438531473279
2,4096,241,0.01169983297586441
2,4096,242,0.01126366900280118
2,4096,243,0.011692540545482188
2,4096,244,0.01166249648667872
2,4096,245,0.011491971439681947
2,4096,246,0.011869521054904908
2,4096,247,0.011523851484525949
2,4096,248,0.011516514990944415
2,4096,249,0.011730140016879886
2,4096,250,0.011567932495381683
2,4096,251,0.011559749022126198
2,4096,252,0.011747761454898864
2,4096,253,0.011131273582577705
2,4096,254,0.011547085945494473
2,4096,255,0.011663018492981791
4,64,4,0.010856395529117435
4,64,5,0.011348462488967925
4,64,6,0.011622121965046972
4,64,7,0.011145825032144785
4,64,8,0.01080453343456611
4,64,9,0.011076777533162385
4,64,10,0.011484358983580023
4,64,11,0.011219698004424572
4,64,12,0.011166165058966726
4,64,13,0.010846003016922623
4,64,14,0.011358791496604681
4,64,15,0.011800213484093547
4,64,16,0.011020831065252423
4,64,17,0.010893188533373177
4,64,18,0.01121905050240457
4,64,19,0.011103748460300267
4,64,20,0.011537886573933065
4,64,21,0.010888464457821101
4,64,22,0.011354779009707272
4,64,23,0.011032095004338771
4,64,24,0.01151162397582084
4,64,25,0.011149769474286586
4,64,26,0.01073368452489376
4,64,27,0.0111465779482387
4,64,28,0.01127353752963245
4,64,29,0.01076168951112777
4,64,30,0.01160287600941956
4,64,31,0.010867493459954858
4,64,32,0.011294867494143546
4,64,33,0.011475137958768755
4,64,34,0.011170088488142937
4,64,35,0.010857308516278863
4,64,36,0.011042241065297276
4,64,37,0.011529225448612124
4,64,38,0.010938205465208739
4,64,39,0.011301336460746825
4,64,40,0.010735925054177642
4,64,41,0.011279029480647296
4,64,42,0.011281406506896019
4,64,43,0.011301645019557327
4,64,44,0.010965958004817367
4,64,45,0.011450168036390096
4,64,46,0.010977851459756494
4,64,47,0.011291125498246402
4,64,48,0.011697354028001428
4,64,49,0.010253334417939186
4,64,50,0.01120259054005146
4,64,51,0.011150314472615719
4,64,52,0.011651608452666551
4,64,53,0.01108674897113815
4,64,54,0.010975518496707082
4,64,55,0.011166168551426381
4,64,56,0.011153403436765075
4,64,57,0.011415123473852873
4,64,58,0.010604597511701286
4,64,59,0.011299656995106488
4,64,60,0.01096000854158774
4,64,61,0.01164231903385371
4,64,62,0.011165552481543273
4,64,63,0.01093414198840037
4,64,64,0.011311815993394703
4,64,65,0.011184634931851178
4,64,66,0.011314606002997607
4,64,67,0.01112854148959741
4,64,68,0.011420383001677692
4,64,69,0.010728900495450944
4,64,70,0.01142359001096338
4,64,71,0.01145466900197789
4,64,72,0.010913801961578429
4,64,73,0.011120890500023961
4,64,74,0.010970169503707439
4,64,75,0.011234499514102936
4,64,76,0.011095149558968842
4,64,77,0.011753030004911125
4,64,78,0.010834622487891465
4,64,79,0.011175879451911896
4,64,80,0.011391486506909132
4,64,81,0.010994948970619589
4,64,82,0.011048368585761636
4,64,83,0.0112390864524059
4,64,84,0.011565331020392478
4,64,85,0.010713862488046288
4,64,86,0.01150565396528691
4,64,87,0.011088794039096683
4,64,88,0.010917212523054332
4,64,89,0.011595104006119072
4,64,90,0.010812511492986232
4,64,91,0.011315781972371042
4,64,92,0.011344189988449216
4,64,93,0.011129097023513168
4,64,94,0.011119827453512698
4,64,95,0.011517915991134942
4,64,96,0.011015339521691203
4,64,97,0.011292450537439436
4,64,98,0.01124504895415157
4,64,99,0.011007448483724147
4,64,100,0.010997539502568543
4,64,101,0.01135781197808683
4,64,102,0.011387152480892837
4,64,103,0.01090522698359564
4,64,104,0.011505109490826726
4,64,105,0.011000470025464892
4,64,106,0.01138537097722292
4,64,107,0.011167302029207349
4,64,108,0.01109591155545786
4,64,109,0.010813689441420138
4,64,110,0.011113533983007073
4,64,111,0.011719072528649122
4,64,112,0.011053847963921726
4,64,113,0.011486192466691136
4,64,114,0.010931678058113903
4,64,115,0.011435865424573421
4,64,116,0.01106058555888012
4,64,117,0.01100462453905493
4,64,118,0.010946609429083765
4,64,119,0.01158065756317228
4,64,120,0.011295991542283446
4,64,121,0.011263354972470552
4,64,122,0.011085246980655938
4,64,123,0.011111053987406194
4,64,124,0.011240421968977898
4,64,125,0.011340900033246726
4,64,126,0.010821629490237683
4,64,127,0.011012985545676202
4,64,128,0.011697277484927326
4,64,129,0.01118071802193299
4,64,130,0.010772916488349438
4,64,131,0.011535952507983893
4,64,132,0.011000493017490953
4,64,133,0.011414566484745592
4,64,134,0.011007692490238696
4,64,135,0.010779968986753374
4,64,136,0.01125618553487584
4,64,137,0.011447096476331353
4,64,138,0.0112243170151487
4,64,139,0.011387553997337818
4,64,140,0.011414904496632516
4,64,141,0.010799661977216601
4,64,142,0.011393283028155565
4,64,143,0.011279836005996913
4,64,144,0.010646538983564824
4,64,145,0.011014048010110855
4,64,146,0.011554975004401058
4,64,147,0.011690666491631418
4,64,148,0.010756228992249817
4,64,149,0.011993150517810136
4,64,150,0.010537535999901593
4,64,151,0.011244432476814836
4,64,152,0.011459735047537833
4,64,153,0.010824469500221312
4,64,154,0.010904104448854923
4,64,155,0.011507295537739992
4,64,156,0.011456347478087991
4,64,157,0.010716298536863178
4,64,158,0.011519638530444354
4,64,159,0.011224869464058429
4,64,160,0.011198533058632165
4,64,161,0.011455163941718638
4,64,162,0.010732745518907905
4,64,163,0.010964483488351107
4,64,164,0.011411294050049037
4,64,165,0.01157415093621239
4,64,166,0.010991708026267588
4,64,167,0.010833066480699927
4,64,168,0.011599847464822233
4,64,169,0.011323195532895625
4,64,170,0.01135015400359407
4,64,171,0.010713485535234213
4,64,172,0.010954529512673616
4,64,173,0.011490841454360634
4,64,174,0.011016636504791677
4,64,175,0.011337611998897046
4,64,176,0.011219249514397234
4,64,177,0.011403537937439978
4,64,178,0.01147761452011764
4,64,179,0.010868093464523554
4,64,180,0.010608812561258674
4,64,181,0.011268323985859752
4,64,182,0.01108190801460296
4,64,183,0.011583145998883992
4,64,184,0.011177901993505657
4,64,185,0.011628496460616589
4,64,186,0.010887110023759305
4,64,187,0.01156215847004205
4,64,188,0.011085279460530728
4,64,189,0.010803259036038071
4,64,190,0.01093797554494813
4,64,191,0.011652808520011604
4,64,192,0.010875914944335818
4,64,193,0.011214795580599457
4,64,194,0.01126760250190273
4,64,195,0.01125908101676032
4,64,196,0.011798099498264492
4,64,197,0.011028521985281259
4,64,198,0.010811478539835662
4,64,199,0.010978293954394758
4,64,200,0.011636624520178884
4,64,201,0.011149533442221582
4,64,202,0.011070615553762764
4,64,203,0.01127705251565203
4,64,204,0.011145882948767394
4,64,205,0.011612631031312048
4,64,206,0.011115477012936026
4,64,207,0.01089414197485894
4,64,208,0.01093672402203083
4,64,209,0.011623220460023731
4,64,210,0.011212267505470663
4,64,211,0.011031116533558816
4,64,212,0.010996370459906757
4,64,213,0.011337187490426004
4,64,214,0.011642026016488671
4,64,215,0.011176711996085942
4,64,216,0.010915544000454247
4,64,217,0.011018124059773982
4,64,218,0.011443648545537144
4,64,219,0.010810786974616349
4,64,220,0.011413066473323852
4,64,221,0.011241732514463365
4,64,222,0.011307679989840835
4,64,223,0.011471958016045392
4,64,224,0.011249147006310523
4,64,225,0.010534018510952592
4,64,226,0.011415072018280625
4,64,227,0.011405502969864756
4,64,228,0.010917091043666005
4,64,229,0.011200202454347163
4,64,230,0.011183733004145324
4,64,231,0.011372671986464411
4,64,232,0.011598552053328604
4,64,233,0.011218644969630986
4,64,234,0.010858484951313585
4,64,235,0.010864312527701259
4,64,236,0.011587189976125956
4,64,237,0.010906096547842026
4,64,238,0.011342308018356562
4,64,239,0.011389170482289046
4,64,240,0.011182437010575086
4,64,241,0.011655986949335784
4,64,242,0.011149477970320731
4,64,243,0.010971056530252099
4,64,244,0.010939890518784523
4,64,245,0.011466843541711569
4,64,246,0.010846394987311214
4,64,247,0.011191365483682603
4,64,248,0.0113933120155707
4,64,249,0.011075633927248418
4,64,250,0.011596922529861331
4,64,251,0.011081992473918945
4,64,252,0.010935786529444158
4,64,253,0.011107709491625428
4,64,254,0.011260671482887119
4,64,255,0.01196917553897947
4,256,4,0.01130913948873058
4,256,5,0.01176536554703489
4,256,6,0.011129443999379873
4,256,7,0.01157327793771401
4,256,8,0.01062884199200198
4,256,9,0.011521438544150442
4,256,10,0.011041430523619056
4,256,11,0.01134166499832645
4,256,12,0.011233610974159092
4,256,13,0.011820390005595982
4,256,14,0.011118939495645463
4,256,15,0.0110748375300318
4,256,16,0.011513040459249169
4,256,17,0.011297295044641942
4,256,18,0.010882528498768806
4,256,19,0.011097183916717768
4,256,20,0.011922875011805445
4,256,21,0.010706318484153599
4,256,22,0.0110724504920654
4,256,23,0.011719225032720715
4,256,24,0.0109886284917593
4,256,25,0.011339497519657016
4,256,26,0.010922074492555112
4,256,27,0.011205716466065496
4,256,28,0.010911507532000542
4,256,29,0.011955459078308195
4,256,30,0.010775564529467374
4,256,31,0.010994293494150043
4,256,32,0.011745693976990879
4,256,33,0.01093292108271271
4,256,34,0.011218626517802477
4,256,35,0.011430870916228741
4,256,36,0.010668335016816854
4,256,37,0.011152550927363336
4,256,38,0.011503560526762158
4,256,39,0.011270599497947842
4,256,40,0.011187688971403986
4,256,41,0.011576794553548098
4,256,42,0.010803185985423625
4,256,43,0.011660238495096564
4,256,44,0.010951350501272827
4,256,45,0.01088868355145678
4,256,46,0.011009085981640965
4,256,47,0.011988483020104468
4,256,48,0.010733556002378464
4,256,49,0.01144104904960841
4,256,50,0.011358430958352983
4,256,51,0.010928967036306858
4,256,52,0.011132445477414876
4,256,53,0.010930265474598855
4,256,54,0.011374981491826475
4,256,55,0.011243870540056378
4,256,56,0.011339960037730634
4,256,57,0.01119166548596695
4,256,58,0.011155232030432671
4,256,59,0.011384261946659535
4,256,60,0.011039951990824193
4,256,61,0.011344593949615955
4,256,62,0.011373513552825898
4,256,63,0.010872873477637768
4,256,64,0.011038797965738922
4,256,65,0.011488978983834386
4,256,66,0.011173631006386131
4,256,67,0.011212218028958887
4,256,68,0.011727495468221605
4,256,69,0.01086558197857812
4,256,70,0.010968106973450631
4,256,71,0.01146439102012664
4,256,72,0.011048914049752057
4,256,73,0.010933608980849385
4,256,74,0.011454104038421065
4,256,75,0.011184018920175731
4,256,76,0.011202635476365685
4,256,77,0.011589244531933218
4,256,78,0.011043722450267524
4,256,79,0.010777166520711035
4,256,80,0.011761762958485633
4,256,81,0.010874909057747573
4,256,82,0.010970334522426128
4,256,83,0.011644725513178855
4,256,84,0.011081918433774263
4,256,85,0.011097501555923373
4,256,86,0.011763861461076885
4,256,87,0.010876970540266484
4,256,88,0.011645452526863664
4,256,89,0.010920080414507538
4,256,90,0.010976268560625613
4,256,91,0.010941001994069666
4,256,92,0.011688834987580776
4,256,93,0.011103673954494298
4,256,94,0.011117077548988163
4,256,95,0.011191149533260614
4,256,96,0.011481823516078293
4,256,97,0.011398347036447376
4,256,98,0.011126934026833624
4,256,99,0.010872270970139652
4,256,100,0.011258447484578937
4,256,101,0.011418862035498023
4,256,102,0.011478758999146521
4,256,103,0.010855171480216086
4,256,104,0.010985565488226712
4,256,105,0.011376485461369157
4,256,106,0.011219215055461973
4,256,107,0.011476786981802434
4,256,108,0.010760868026409298
4,256,109,0.01123946945881471
4,256,110,0.011325949511956424
4,256,111,0.011548285430762917
4,256,112,0.011233825527597219
4,256,113,0.010888886521570385
4,256,114,0.011327918502502143
4,256,115,0.011192792502697557
4,256,116,0.011377026501577348
4,256,117,0.011065984494052827
4,256,118,0.01108586898772046
4,256,119,0.011653254041448236
4,256,120,0.011062802979722619
4,256,121,0.011188066040631384
4,256,122,0.011113517452031374
4,256,123,0.01125956850592047
4,256,124,0.010939640982542187
4,256,125,0.011801515996921808
4,256,126,0.010971331503242254
4,256,127,0.011228415998630226
4,256,128,0.010945109534077346
4,256,129,0.011655342997983098
4,256,130,0.011105222976766527
4,256,131,0.011032350012101233
4,256,132,0.011537748505361378
4,256,133,0.011354151531122625
4,256,134,0.011321023979689926
4,256,135,0.011160464957356453
4,256,136,0.010978167585562915
4,256,137,0.011371771455742419
4,256,138,0.01141005102545023
4,256,139,0.011010952468495816
4,256,140,0.010856328066438437
4,256,141,0.011566058499738574
4,256,142,0.010882191942073405
4,256,143,0.011984103010036051
4,256,144,0.011018408986274153
4,256,145,0.011014995514415205
4,256,146,0.011440428032074124
4,256,147,0.01175020297523588
4,256,148,0.011030762980226427
4,256,149,0.011055171489715576
4,256,150,0.010966796544380486
4,256,151,0.011835925979539752
4,256,152,0.010897799453232437
4,256,153,0.011126275989226997
4,256,154,0.011141358991153538
4,256,155,0.011334289505612105
4,256,156,0.011528860952239484
4,256,157,0.011205739981960505
4,256,158,0.011050824483390898
4,256,159,0.011108535982202739
4,256,160,0.011665063502732664
4,256,161,0.011555974488146603
4,256,162,0.010566736455075443
4,256,163,0.01128738553961739
4,256,164,0.011272796022240072
4,256,165,0.011783601948991418
4,256,166,0.011153334053233266
4,256,167,0.011012491071596742
4,256,168,0.011300654034130275
4,256,169,0.011560423008631915
4,256,170,0.010860918962862343
4,256,171,0.011259689519647509
4,256,172,0.01111652801046148
4,256,173,0.01097973994910717
4,256,174,0.011851187504362315
4,256,175,0.011236691439989954
4,256,176,0.01155053952243179
4,256,177,0.010555889050010592
4,256,178,0.011599681514780968
4,256,179,0.011578125006053597
4,256,180,0.010797182039823383
4,256,181,0.011235421523451805
4,256,182,0.01109273050678894
4,256,183,0.011818899947684258
4,256,184,0.010963912529405206
4,256,185,0.010786890983581543
4,256,186,0.011163205548655242
4,256,187,0.011194757476914674
4,256,188,0.01151715696323663
4,256,189,0.011525897483807057
4,256,190,0.01122447953093797
4,256,191,0.011206099996343255
4,256,192,0.011632702546194196
4,256,193,0.011200043489225209
4,256,194,0.011396611051168293
4,256,195,0.010697991005145013
4,256,196,0.011680910945869982
4,256,197,0.011316402000375092
4,256,198,0.011004810512531549
4,256,199,0.010969563503749669
4,256,200,0.011328572523780167
4,256,201,0.011565426539164037
4,256,202,0.011572376941330731
4,256,203,0.010915208491496742
4,256,204,0.010810418520122766
4,256,205,0.01172902953112498
4,256,206,0.011314779461827129
4,256,207,0.010953634977340698
4,256,208,0.011230251984670758
4,256,209,0.011364348989445716
4,256,210,0.01160809100838378
4,256,211,0.011158151493873447
4,256,212,0.011165023955982178
4,256,213,0.010783343052025884
4,256,214,0.011944675468839705
4,256,215,0.011015626543667167
4,256,216,0.01094437000574544
4,256,217,0.011254602461121976
4,256,218,0.011259149585384876
4,256,219,0.011838606500532478
4,256,220,0.01085449947277084
4,256,221,0.011604146449826658
4,256,222,0.010845774493645877
4,256,223,0.011723688046913594
4,256,224,0.01108983694575727
4,256,225,0.010761212557554245
4,256,226,0.011394465924240649
4,256,227,0.01158756553195417
4,256,228,0.011199091502930969
4,256,229,0.01087170047685504
4,256,230,0.01178266853094101
4,256,231,0.010522807482630014
4,256,232,0.01200668845558539
4,256,233,0.011292469047475606
4,256,234,0.010812353517394513
4,256,235,0.011123711941763759
4,256,236,0.011303489562124014
4,256,237,0.011759725457523018
4,256,238,0.010950210504233837
4,256,239,0.011280961043667048
4,256,240,0.01090425142319873
4,256,241,0.011648232059087604
4,256,242,0.011675442976411432
4,256,243,0.010679646977223456
4,256,244,0.011185384937562048
4,256,245,0.011206455470528454
4,256,246,0.011917338008061051
4,256,247,0.010813600558321923
4,256,248,0.011122781957965344
4,256,249,0.011183190043084323
4,256,250,0.011753291531931609
4,256,251,0.01126047596335411
4,256,252,0.01093286246759817
4,256,253,0.011090889573097229
4,256,254,0.011012464470695704
4,256,255,0.012098006496671587
4,1024,4,0.012150608061347157
4,1024,5,0.01086187397595495
4,1024,6,0.011735964042600244
4,1024,7,0.01119814591947943
4,1024,8,0.011971776548307389
4,1024,9,0.011384932033251971
4,1024,10,0.011255984019953758
4,1024,11,0.011278597521595657
4,1024,12,0.01128982799127698
4,1024,13,0.011609899462200701
4,1024,14,0.011349095031619072
4,1024,15,0.011279705038759857
4,1024,16,0.011228218500036746
4,1024,17,0.011774111480917782
4,1024,18,0.011122684518340975
4,1024,19,0.011241320986300707
4,1024,20,0.011355264985468239
4,1024,21,0.011155640007928014
4,1024,22,0.011708106030710042
4,1024,23,0.01133848400786519
4,1024,24,0.011284759035333991
4,1024,25,0.01116038451436907
4,1024,26,0.011726144468411803
4,1024,27,0.011052318557631224
4,1024,28,0.011366979975719005
4,1024,29,0.01116121798986569
4,1024,30,0.01140019396552816
4,1024,31,0.011711543542332947
4,1024,32,0.011255701538175344
4,1024,33,0.011358377989381552
4,1024,34,0.011051075533032417
4,1024,35,0.011745213472750038
4,1024,36,0.011229235504288226
4,1024,37,0.011234150035306811
4,1024,38,0.011324386519845575
4,1024,39,0.011589989997446537
4,1024,40,0.011291372997220606
4,1024,41,0.011069077008869499
4,1024,42,0.011383483477402478
4,1024,43,0.011097306502051651
4,1024,44,0.011697067064233124
4,1024,45,0.011296541022602469
4,1024,46,0.011773131031077355
4,1024,47,0.0111724819871597
4,1024,48,0.011707591474987566
4,1024,49,0.011475722014438361
4,1024,50,0.011302715516649187
4,1024,51,0.011443535040598363
4,1024,52,0.011404359014704823
4,1024,53,0.011324070976115763
4,1024,54,0.01141611603088677
4,1024,55,0.01159086701227352
4,1024,56,0.011200939421541989
4,1024,57,0.011796193022746593
4,1024,58,0.01127008453477174
4,1024,59,0.011217765510082245
4,1024,60,0.01110039051854983
4,1024,61,0.011497115017846227
4,1024,62,0.011734200525097549
4,1024,63,0.011440652015153319
4,1024,64,0.011642249999567866
4,1024,65,0.011091557040344924
4,1024,66,0.011669640487525612
4,1024,67,0.011197640502359718
4,1024,68,0.011324791936203837
4,1024,69,0.011358571995515376
4,1024,70,0.01162314898101613
4,1024,71,0.011248521448578686
4,1024,72,0.011328055988997221
4,1024,73,0.011353231442626566
4,1024,74,0.011391889478545636
4,1024,75,0.011599267018027604
4,1024,76,0.011382950993720442
4,1024,77,0.011306954955216497
4,1024,78,0.01119014952564612
4,1024,79,0.01143948349636048
4,1024,80,0.011685679026413709
4,1024,81,0.011375204485375434
4,1024,82,0.011260086495894939
4,1024,83,0.011313665541820228
4,1024,84,0.011509096017107368
4,1024,85,0.011460068461019546
4,1024,86,0.011414920969400555
4,1024,87,0.011323801532853395
4,1024,88,0.011455835483502597
4,1024,89,0.011296222975943238
4,1024,90,0.011270214978139848
4,1024,91,0.01143560849595815
4,1024,92,0.011087043967563659
4,1024,93,0.011930238513741642
4,1024,94,0.010932462988421321
4,1024,95,0.01142274052836001
4,1024,96,0.011329276487231255
4,1024,97,0.01151796750491485
4,1024,98,0.01141841703793034
4,1024,99,0.011336941504850984
4,1024,100,0.011452044476754963
4,1024,101,0.011745569470804185
4,1024,102,0.011184837494511157
4,1024,103,0.01146027649519965
4,1024,104,0.011175780557096004
4,1024,105,0.011558995465748012
4,1024,106,0.011533166049048305
4,1024,107,0.011322965030558407
4,1024,108,0.011684893048368394
4,1024,109,0.011208999960217625
4,1024,110,0.011306848493404686
4,1024,111,0.011511397489812225
4,1024,112,0.011160403955727816
4,1024,113,0.011393441527616233
4,1024,114,0.01167894754325971
4,1024,115,0.011284960492048413
4,1024,116,0.011130221479106694
4,1024,117,0.011439460969995707
4,1024,118,0.01106765802251175
4,1024,119,0.011838440550491214
4,1024,120,0.010993428470101207
4,1024,121,0.011503032059408724
4,1024,122,0.011244840978179127
4,1024,123,0.011806076508946717
4,1024,124,0.011227417504414916
4,1024,125,0.01114753499859944
4,1024,126,0.011471424950286746
4,1024,127,0.011078874522354454
4,1024,128,0.01180010347161442
4,1024,129,0.011020617501344532
4,1024,130,0.011759033019188792
4,1024,131,0.011057512485422194
4,1024,132,0.011540733510628343
4,1024,133,0.011301076970994473
4,1024,134,0.011553519463632256
4,1024,135,0.011372641543857753
4,1024,136,0.011334949522279203
4,1024,137,0.011615292518399656
4,1024,138,0.011051906447391957
4,1024,139,0.011735435051377863
4,1024,140,0.011220123444218189
4,1024,141,0.012004521558992565
4,1024,142,0.011135008477140218
4,1024,143,0.011119054979644716
4,1024,144,0.01130320952506736
4,1024,145,0.011578991485293955
4,1024,146,0.011666955018881708
4,1024,147,0.011224606540054083
4,1024,148,0.011634423513896763
4,1024,149,0.011393010499887168
4,1024,150,0.0116356314974837
4,1024,151,0.01134294446092099
4,1024,152,0.011252183467149734
4,1024,153,0.011414955544751137
4,1024,154,0.011461921036243439
4,1024,155,0.011470703931991011
4,1024,156,0.011266277462709695
4,1024,157,0.011624836013652384
4,1024,158,0.011242191481869668
4,1024,159,0.011430126498453319
4,1024,160,0.01137895550346002
4,1024,161,0.011634277470875531
4,1024,162,0.011200396518688649
4,1024,163,0.011709241953212768
4,1024,164,0.011004024476278573
4,1024,165,0.011733794992323965
4,1024,166,0.01133098197169602
4,1024,167,0.01175221847370267
4,1024,168,0.011299539532046765
4,1024,169,0.011329429980833083
4,1024,170,0.011500165972393006
4,1024,171,0.011218473955523223
4,1024,172,0.01175876148045063
4,1024,173,0.010970878531225026
4,1024,174,0.011689895996823907
4,1024,175,0.01125687948660925
4,1024,176,0.011776898987591267
4,1024,177,0.011518430954311043
4,1024,178,0.011146549542900175
4,1024,179,0.011788193485699594
4,1024,180,0.011115996981970966
4,1024,181,0.011697586567606777
4,1024,182,0.011032602982595563
4,1024,183,0.011672175489366055
4,1024,184,0.011212966521270573
4,1024,185,0.011909495980944484
4,1024,186,0.011229781957808882
4,1024,187,0.01112595753511414
4,1024,188,0.011282882478553802
4,1024,189,0.011474903556518257
4,1024,190,0.011343882943037897
4,1024,191,0.011574092030059546
4,1024,192,0.011271096474956721
4,1024,193,0.011242282460443676
4,1024,194,0.01170021848520264
4,1024,195,0.01128769404022023
4,1024,196,0.011193575512152165
4,1024,197,0.011439401481766254
4,1024,198,0.011348472035024315
4,1024,199,0.011279376980382949
4,1024,200,0.01121994451386854
4,1024,201,0.01151917752576992
4,1024,202,0.01141198055120185
4,1024,203,0.011685722973197699
4,1024,204,0.011334828508552164
4,1024,205,0.011461481975857168
4,1024,206,0.011479555978439748
4,1024,207,0.011518083978444338
4,1024,208,0.01118509698426351
4,1024,209,0.011635704548098147
4,1024,210,0.011425539967603981
4,1024,211,0.011441431997809559
4,1024,212,0.011564755055587739
4,1024,213,0.011405207973439246
4,1024,214,0.011754032981116325
4,1024,215,0.01118472556117922
4,1024,216,0.011459664034191519
4,1024,217,0.0113387854071334
4,1024,218,0.011385395075194538
4,1024,219,0.01130735845072195
4,1024,220,0.01151582651073113
4,1024,221,0.011742162983864546
4,1024,222,0.011213071004021913
4,1024,223,0.012039916531648487
4,1024,224,0.01094566099345684
4,1024,225,0.011711499013472348
4,1024,226,0.011174937477335334
4,1024,227,0.011438466492109
4,1024,228,0.01116594800259918
4,1024,229,0.011668115970678627
4,1024,230,0.011623746016994119
4,1024,231,0.011401245486922562
4,1024,232,0.011692807544022799
4,1024,233,0.01113708142656833
4,1024,234,0.011107850528787822
4,1024,235,0.011550095456186682
4,1024,236,0.011123141506686807
4,1024,237,0.011087121034506708
4,1024,238,0.011757559957914054
4,1024,239,0.011190559482201934
4,1024,240,0.011173551029060036
4,1024,241,0.011255121498834342
4,1024,242,0.011571519949939102
4,1024,243,0.011060681543312967
4,1024,244,0.012083295499905944
4,1024,245,0.011257723497692496
4,1024,246,0.01097395399119705
4,1024,247,0.011616050556767732
4,1024,248,0.011242433974985033
4,1024,249,0.01132412749575451
4,1024,250,0.011486408475320786
4,1024,251,0.011672032007481903
4,1024,252,0.011305470485240221
4,1024,253,0.011999275535345078
4,1024,254,0.010937147482763976
4,1024,255,0.010871777485590428
4,4096,4,0.013776211999356747
4,4096,5,0.012089284020476043
4,4096,6,0.0124127744929865
4,4096,7,0.01235716644441709
4,4096,8,0.012267788988538086
4,4096,9,0.012014216976240277
4,4096,10,0.012286828481592238
4,4096,11,0.012301123002544045
4,4096,12,0.011937834962736815
4,4096,13,0.012028458528220654
4,4096,14,0.012107316986657679
4,4096,15,0.01223462395137176
4,4096,16,0.012161026592366397
4,4096,17,0.011932680034078658
4,4096,18,0.012303615512792021
4,4096,19,0.011987126432359219
4,4096,20,0.0121601895079948
4,4096,21,0.01211468450492248
4,4096,22,0.011993468971922994
4,4096,23,0.011954390502069145
4,4096,24,0.012328620534390211
4,4096,25,0.011789897573180497
4,4096,26,0.012051110970787704
4,4096,27,0.01200858800439164
4,4096,28,0.012190100969746709
4,4096,29,0.01201524946372956
4,4096,30,0.012056584528181702
4,4096,31,0.011782036512158811
4,4096,32,0.012293413979932666
4,4096,33,0.01169309503166005
4,4096,34,0.012074924947228283
4,4096,35,0.012054317048750818
4,4096,36,0.01196693250676617
4,4096,37,0.01232145493850112
4,4096,38,0.011981435003690422
4,4096,39,0.012000150978565216
4,4096,40,0.012070182536263019
4,4096,41,0.012258206028491259
4,4096,42,0.011974094028118998
4,4096,43,0.012104858527891338
4,4096,44,0.012154701456893235
4,4096,45,0.012079593958333135
4,4096,46,0.012043717550113797
4,4096,47,0.012088258459698409
4,4096,48,0.011977964953985065
4,4096,49,0.012198971991892904
4,4096,50,0.01197620149469003
4,4096,51,0.0117188825388439
4,4096,52,0.012318250490352511
4,4096,53,0.011875419528223574
4,4096,54,0.012083934503607452
4,4096,55,0.011868288973346353
4,4096,56,0.012040935514960438
4,4096,57,0.012076540035195649
4,4096,58,0.012158558471128345
4,4096,59,0.01204115548171103
4,4096,60,0.012241809978149831
4,4096,61,0.0119975705165416
4,4096,62,0.012031579506583512
4,4096,63,0.01212355651659891
4,4096,64,0.011836043442599475
4,4096,65,0.012160141544882208
4,4096,66,0.012132262985687703
4,4096,67,0.01211439649341628
4,4096,68,0.011898434488102794
4,4096,69,0.012299299065489322
4,4096,70,0.012003335461486131
4,4096,71,0.011934579000808299
4,4096,72,0.012176916468888521
4,4096,73,0.012113536533433944
4,4096,74,0.012284833996091038
4,4096,75,0.01215315645094961
4,4096,76,0.011749989062082022
4,4096,77,0.012158590427134186
4,4096,78,0.012139409431256354
4,4096,79,0.01199938403442502
4,4096,80,0.011907121981494129
4,4096,81,0.012355012993793935
4,4096,82,0.011957776034250855
4,4096,83,0.012286076496820897
4,4096,84,0.011891454458236694
4,4096,85,0.012115468038246036
4,4096,86,0.01222378999227658
4,4096,87,0.011897693970240653
4,4096,88,0.012222530494909734
4,4096,89,0.012016010528896004
4,4096,90,0.012105889443773776
4,4096,91,0.012186446518171579
4,4096,92,0.01192664250265807
4,4096,93,0.012191993475425988
4,4096,94,0.012072339013684541
4,4096,95,0.011836353514809161
4,4096,96,0.012135650496929884
4,4096,97,0.01193338300799951
4,4096,98,0.012153462041169405
4,4096,99,0.012065991992130876
4,4096,100,0.012234809924848378
4,4096,101,0.01195606350665912
4,4096,102,0.012104224530048668
4,4096,103,0.011964180564973503
4,4096,104,0.012159884499851614
4,4096,105,0.012064232549164444
4,4096,106,0.011932656983844936
4,4096,107,0.01206184149486944
4,4096,108,0.012061846966389567
4,4096,109,0.011992232000920922
4,4096,110,0.012052405043505132
4,4096,111,0.011938776529859751
4,4096,112,0.012072022014763206
4,4096,113,0.012398670020047575
4,4096,114,0.011766009498387575
4,4096,115,0.012242287979461253
4,4096,116,0.012073341524228454
4,4096,117,0.012264319928362966
4,4096,118,0.011985944001935422
4,4096,119,0.012084792542736977
4,4096,120,0.012113553995732218
4,4096,121,0.011995876906439662
4,4096,122,0.012098573031835258
4,4096,123,0.012054307444486767
4,4096,124,0.012047985452227294
4,4096,125,0.012159970530774444
4,4096,126,0.011987001460511237
4,4096,127,0.012032987549901009
4,4096,128,0.012049157987348735
4,4096,129,0.01217266300227493
4,4096,130,0.012100969906896353
4,4096,131,0.012127163063269109
4,4096,132,0.01197457400849089
4,4096,133,0.012312467442825437
4,4096,134,0.011971542495302856
4,4096,135,0.012019622488878667
4,4096,136,0.01210691302549094
4,4096,137,0.012203408521600068
4,4096,138,0.0122013064683415
4,4096,139,0.011909943481441587
4,4096,140,0.012067497009411454
4,4096,141,0.012225673999637365
4,4096,142,0.012073761550709605
4,4096,143,0.012026322539895773
4,4096,144,0.012248215498402715
4,4096,145,0.011941787030082196
4,4096,146,0.01223987143021077
4,4096,147,0.011938079027459025
4,4096,148,0.012144708074629307
4,4096,149,0.011932799476198852
4,4096,150,0.012211019464302808
4,4096,151,0.011982668482232839
4,4096,152,0.01205295551335439
4,4096,153,0.012166813539806753
4,4096,154,0.01203248300589621
4,4096,155,0.012079229985829443
4,4096,156,0.012009770493023098
4,4096,157,0.0119594790157862
4,4096,158,0.012398658494930714
4,4096,159,0.011905555496923625
4,4096,160,0.012028139492031187
4,4096,161,0.012008128047455102
4,4096,162,0.012176116521004587
4,4096,163,0.012104509980417788
4,4096,164,0.01188543753232807
4,4096,165,0.01221964048454538
4,4096,166,0.012081770517397672
4,4096,167,0.01212327549001202
4,4096,168,0.011903714970685542
4,4096,169,0.012131994997616857
4,4096,170,0.012099340499844402
4,4096,171,0.011980133538600057
4,4096,172,0.012104359455406666
4,4096,173,0.012026117998175323
4,4096,174,0.012203246005810797
4,4096,175,0.012105230533052236
4,4096,176,0.012109853967558593
4,4096,177,0.012025698029901832
4,4096,178,0.01203188847284764
4,4096,179,0.012364629015792161
4,4096,180,0.012100678985007107
4,4096,181,0.012230896449182183
4,4096,182,0.011886873980984092
4,4096,183,0.012157626508269459
4,4096,184,0.012216905073728412
4,4096,185,0.011905872961506248
4,4096,186,0.012190083507448435
4,4096,187,0.012122253479901701
4,4096,188,0.01197240047622472
4,4096,189,0.012091780954506248
4,4096,190,0.012072454497683793
4,4096,191,0.012205604987684637
4,4096,192,0.012017618049867451
4,4096,193,0.01215600298019126
4,4096,194,0.012095590995159
4,4096,195,0.01195413147797808
4,4096,196,0.01235338649712503
4,4096,197,0.012064858980011195
4,4096,198,0.011961023439653218
4,4096,199,0.011928536521736532
4,4096,200,0.0122437565587461
4,4096,201,0.011766684940084815
4,4096,202,0.012113208998925984
4,4096,203,0.012547387508675456
4,4096,204,0.011708608421031386
4,4096,205,0.0123793805250898
4,4096,206,0.011706313001923263
4,4096,207,0.012297233450226486
4,4096,208,0.012124963570386171
4,4096,209,0.01198016497073695
4,4096,210,0.012138666468672454
4,4096,211,0.011967859463766217
4,4096,212,0.012216680042911321
4,4096,213,0.012001833063550293
4,4096,214,0.012000704009551555
4,4096,215,0.012246411468368024
4,4096,216,0.011901958961971104
4,4096,217,0.012339609558694065
4,4096,218,0.011786042538005859
4,4096,219,0.0122643934446387
4,4096,220,0.011963366065174341
4,4096,221,0.012117585982196033
4,4096,222,0.0122161804465577
4,4096,223,0.012070252967532724
4,4096,224,0.0122532689711079
4,4096,225,0.012067724019289017
4,4096,226,0.012078990985173732
4,4096,227,0.012163541978225112
4,4096,228,0.011966334539465606
4,4096,229,0.012151946488302201
4,4096,230,0.012090075004380196
4,4096,231,0.011927952989935875
4,4096,232,0.012252571003045887
4,4096,233,0.011987932026386261
4,4096,234,0.011971857980825007
4,4096,235,0.012215418042615056
4,4096,236,0.011946745973546058
4,4096,237,0.012209644541144371
4,4096,238,0.011936805036384612
4,4096,239,0.012221149052493274
4,4096,240,0.012166500964667648
4,4096,241,0.012080702988896519
4,4096,242,0.012193441449198872
4,4096,243,0.011947304999921471
4,4096,244,0.012169394525699317
4,4096,245,0.012232724518980831
4,4096,246,0.012231872009579092
4,4096,247,0.012169485969934613
4,4096,248,0.01195057004224509
4,4096,249,0.01195906347129494
4,4096,250,0.012235133501235396
4,4096,251,0.0116674349992536
4,4096,252,0.012028890021611005
4,4096,253,0.01192677702056244
4,4096,254,0.011380519485101104
4,4096,255,0.01209764095256105
8,64,4,0.011317390482872725
8,64,5,0.011058706033509225
8,64,6,0.011671507498249412
8,64,7,0.010414733085781336
8,64,8,0.01181211945367977
8,64,9,0.011352524510584772
8,64,10,0.010545458004344255
8,64,11,0.01146746997255832
8,64,12,0.011646032507997006
8,64,13,0.010720001999288797
8,64,14,0.011293660034425557
8,64,15,0.011280992475803941
8,64,16,0.0106919034733437
8,64,17,0.011523137451149523
8,64,18,0.011097298411186785
8,64,19,0.011324556020554155
8,64,20,0.0110237454646267
8,64,21,0.011189841956365854
8,64,22,0.011064015503507107
8,64,23,0.010983176063746214
8,64,24,0.011566780973225832
8,64,25,0.010543432494159788
8,64,26,0.011620530975051224
8,64,27,0.011005055508576334
8,64,28,0.011333021975588053
8,64,29,0.010989502421580255
8,64,30,0.011124074517283589
8,64,31,0.011190864956006408
8,64,32,0.011164219991769642
8,64,33,0.011251702497247607
8,64,34,0.010711713985074311
8,64,35,0.011670247477013618
8,64,36,0.010944266512524337
8,64,37,0.010895707528106868
8,64,38,0.010988641472067684
8,64,39,0.011566731496714056
8,64,40,0.010918101004790515
8,64,41,0.010774115449748933
8,64,42,0.012176098010968417
8,64,43,0.010006213036831468
8,64,44,0.011725960008334368
8,64,45,0.011066946492064744
8,64,46,0.011021050449926406
8,64,47,0.010737059055827558
8,64,48,0.011405005934648216
8,64,49,0.011365352023858577
8,64,50,0.01085906446678564
8,64,51,0.011903327540494502
8,64,52,0.01043741701869294
8,64,53,0.011582606006413698
8,64,54,0.01091383647872135
8,64,55,0.010916056984569877
8,64,56,0.011253010015934706
8,64,57,0.01144720648881048
8,64,58,0.01127255498431623
8,64,59,0.010523938515689224
8,64,60,0.011621657002251595
8,64,61,0.01051772350911051
8,64,62,0.011542779975570738
8,64,63,0.010999275487847626
8,64,64,0.012127918540500104
8,64,65,0.010229900013655424
8,64,66,0.01142588147195056
8,64,67,0.011146671022288501
8,64,68,0.010878954490181059
8,64,69,0.011441630020271987
8,64,70,0.010947195463813841
8,64,71,0.01147403847426176
8,64,72,0.011347382504027337
8,64,73,0.01103097148006782
8,64,74,0.010933242505416274
8,64,75,0.011314026545733213
8,64,76,0.011508259980473667
8,64,77,0.01071739406324923
8,64,78,0.012023056973703206
8,64,79,0.010577633511275053
8,64,80,0.011317767028231174
8,64,81,0.011146212520543486
8,64,82,0.011132435058243573
8,64,83,0.010769623972009867
8,64,84,0.011515565041918308
8,64,85,0.01149082399206236
8,64,86,0.010658036509994417
8,64,87,0.01152872754028067
8,64,88,0.011167567514348775
8,64,89,0.011206221068277955
8,64,90,0.01126133993966505
8,64,91,0.010719167010392994
8,64,92,0.011404313030652702
8,64,93,0.01090483897132799
8,64,94,0.011836307996418327
8,64,95,0.010672719974536449
8,64,96,0.011515713471453637
8,64,97,0.010981921514030546
8,64,98,0.011354468006175011
8,64,99,0.011336504481732845
8,64,100,0.0111264520091936
8,64,101,0.010882372444029897
8,64,102,0.011484589020255953
8,64,103,0.011314461473375559
8,64,104,0.010797155555337667
8,64,105,0.011126299039460719
8,64,106,0.011634635971859097
8,64,107,0.011577804456464946
8,64,108,0.011400180461350828
8,64,109,0.01017890899674967
8,64,110,0.011323870508931577
8,64,111,0.011026393971405923
8,64,112,0.011713219049852341
8,64,113,0.010928770992904902
8,64,114,0.011190894991159439
8,64,115,0.011238992505241185
8,64,116,0.012789856467861682
8,64,117,0.009920055978000164
8,64,118,0.011025938030797988
8,64,119,0.010880848509259522
8,64,120,0.011403510987292975
8,64,121,0.011247562011703849
8,64,122,0.011047335516195744
8,64,123,0.01125856296857819
8,64,124,0.011112076987046748
8,64,125,0.011510809476021677
8,64,126,0.011620439996477216
8,64,127,0.010676500503905118
8,64,128,0.010777854535263032
8,64,129,0.011612277012318373
8,64,130,0.011296667973510921
8,64,131,0.010916610481217504
8,64,132,0.011213971476536244
8,64,133,0.01157290197443217
8,64,134,0.010939372004941106
8,64,135,0.01176981849130243
8,64,136,0.010517330025322735
8,64,137,0.010919909458607435
8,64,138,0.01165642001433298
8,64,139,0.01118825253797695
8,64,140,0.011053694470319897
8,64,141,0.011051614012103528
8,64,142,0.011405150522477925
8,64,143,0.01075877045514062
8,64,144,0.012161114951595664
8,64,145,0.010501854529138654
8,64,146,0.011192268982995301
8,64,147,0.011330623528920114
8,64,148,0.011471724486909807
8,64,149,0.010834026033990085
8,64,150,0.011156119522638619
8,64,151,0.011890834488440305
8,64,152,0.010280580027028918
8,64,153,0.011795268510468304
8,64,154,0.010449460940435529
8,64,155,0.011398299015127122
8,64,156,0.011593948467634618
8,64,157,0.011146666016429663
8,64,158,0.010978290520142764
8,64,159,0.011384290992282331
8,64,160,0.011065881000831723
8,64,161,0.011052840505726635
8,64,162,0.011626235558651388
8,64,163,0.011133395018987358
8,64,164,0.010876829561311752
8,64,165,0.01127402950078249
8,64,166,0.011344822007231414
8,64,167,0.011067626532167196
8,64,168,0.011318778444547206
8,64,169,0.011025742976926267
8,64,170,0.011591750546358526
8,64,171,0.011316678544972092
8,64,172,0.010687152447644621
8,64,173,0.011270667018834502
8,64,174,0.010982369014527649
8,64,175,0.011765479517634958
8,64,176,0.010972027957905084
8,64,177,0.01132995547959581
8,64,178,0.011144496034830809
8,64,179,0.010782876459416002
8,64,180,0.012188914988655597
8,64,181,0.010575586522463709
8,64,182,0.01125188049627468
8,64,183,0.010986426961608231
8,64,184,0.011607320047914982
8,64,185,0.010926483490038663
8,64,186,0.011411250045057386
8,64,187,0.011541805986780673
8,64,188,0.010540231945924461
8,64,189,0.011780217464547604
8,64,190,0.011050774541217834
8,64,191,0.011005692009348422
8,64,192,0.01127258047927171
8,64,193,0.011452902515884489
8,64,194,0.01110788801452145
8,64,195,0.011029430490452796
8,64,196,0.01137040596222505
8,64,197,0.011062864563427866
8,64,198,0.011480604473035783
8,64,199,0.010849435057025403
8,64,200,0.011613765498623252
8,64,201,0.011366385559085757
8,64,202,0.011321511003188789
8,64,203,0.011137020075693727
8,64,204,0.011319364479277283
8,64,205,0.011146956006996334
8,64,206,0.01131031900877133
8,64,207,0.011608305445406586
8,64,208,0.010858079534955323
8,64,209,0.011103283031843603
8,64,210,0.011603250983171165
8,64,211,0.01121906196931377
8,64,212,0.011165410047397017
8,64,213,0.011018509569112211
8,64,214,0.01153495698235929
8,64,215,0.011383552511688322
8,64,216,0.011473455466330051
8,64,217,0.010748414031695575
8,64,218,0.010996953526046127
8,64,219,0.011869196954648942
8,64,220,0.01094343257136643
8,64,221,0.011596579977776855
8,64,222,0.011226943985093385
8,64,223,0.011005883454345167
8,64,224,0.01151229499373585
8,64,225,0.011441845505032688
8,64,226,0.011075836955569685
8,64,227,0.010803844488691539
8,64,228,0.011562609462998807
8,64,229,0.011072862544097006
8,64,230,0.01156379550229758
8,64,231,0.011203122965525836
8,64,232,0.011226288974285126
8,64,233,0.011452461476437747
8,64,234,0.011417584028095007
8,64,235,0.011013368552085012
8,64,236,0.010675856552552432
8,64,237,0.011733289516996592
8,64,238,0.011233270459342748
8,64,239,0.011268885515164584
8,64,240,0.011251230956986547
8,64,241,0.011240893451031297
8,64,242,0.011518710991367698
8,64,243,0.010874116036575288
8,64,244,0.011326899460982531
8,64,245,0.011220377054996789
8,64,246,0.011366122984327376
8,64,247,0.011288439971394837
8,64,248,0.011321184516418725
8,64,249,0.011112654930911958
8,64,250,0.011334708600770682
8,64,251,0.011610896443016827
8,64,252,0.011560415499843657
8,64,253,0.010776794515550137
8,64,254,0.011267472465988249
8,64,255,0.011380869487766176
8,256,4,0.011833253549411893
8,256,5,0.01166841306257993
8,256,6,0.011018748977221549
8,256,7,0.011728846002370119
8,256,8,0.011158056033309549
8,256,9,0.011292098963167518
8,256,10,0.011549994524102658
8,256,11,0.011273848009295762
8,256,12,0.011580483464058489
8,256,13,0.011106140969786793
8,256,14,0.011159438057802618
8,256,15,0.01104379550088197
8,256,16,0.011334679962601513
8,256,17,0.01133896951796487
8,256,18,0.011023509490769356
8,256,19,0.011548174486961216
8,256,20,0.011399925977457315
8,256,21,0.011292523064184934
8,256,22,0.010998541547451168
8,256,23,0.011481126945000142
8,256,24,0.01111164246685803
8,256,25,0.011064001475460827
8,256,26,0.011292160023003817
8,256,27,0.011085135512985289
8,256,28,0.011582599952816963
8,256,29,0.011326753534376621
8,256,30,0.011456458014436066
8,256,31,0.011212546494789422
8,256,32,0.011170640995260328
8,256,33,0.01114867051364854
8,256,34,0.011096495494712144
8,256,35,0.011577738972846419
8,256,36,0.010857255023438483
8,256,37,0.012103651068173349
8,256,38,0.010840848495718092
8,256,39,0.011131156992632896
8,256,40,0.011159117450006306
8,256,41,0.011703326017595828
8,256,42,0.010727546003181487
8,256,43,0.011274093005340546
8,256,44,0.011405488010495901
8,256,45,0.010937281011138111
8,256,46,0.011790701013524085
8,256,47,0.011289917980320752
8,256,48,0.010969355527777225
8,256,49,0.01127818803070113
8,256,50,0.011108856531791389
8,256,51,0.011585431988351047
8,256,52,0.011090197484008968
8,256,53,0.011395002016797662
8,256,54,0.011354722955729812
8,256,55,0.010857816028874367
8,256,56,0.011494575010146946
8,256,57,0.011421193485148251
8,256,58,0.011133480991702527
8,256,59,0.011140919988974929
8,256,60,0.01137072202982381
8,256,61,0.011128178972285241
8,256,62,0.011431624996475875
8,256,63,0.011448656965512782
8,256,64,0.011203156493138522
8,256,65,0.011325516505166888
8,256,66,0.01111785345710814
8,256,67,0.010881080059334636
8,256,68,0.011397752037737519
8,256,69,0.011276883538812399
8,256,70,0.011568034533411264
8,256,71,0.011367866478394717
8,256,72,0.010907573509030044
8,256,73,0.011334686481859535
8,256,74,0.01132482208777219
8,256,75,0.01121374050853774
8,256,76,0.011662365519441664
8,256,77,0.01122666901210323
8,256,78,0.010867917560972273
8,256,79,0.011589978006668389
8,256,80,0.011250268493313342
8,256,81,0.011020572972483933
8,256,82,0.011376774054951966
8,256,83,0.01280490995850414
8,256,84,0.009554824035149068
8,256,85,0.011664102552458644
8,256,86,0.011482965492177755
8,256,87,0.010956775047816336
8,256,88,0.011842797510325909
8,256,89,0.010777446033898741
8,256,90,0.011068662046454847
8,256,91,0.01614962500752881
8,256,92,0.007210716023109853
8,256,93,0.010815541492775083
8,256,94,0.011727883014827967
8,256,95,0.010795389534905553
8,256,96,0.011342308484017849
8,256,97,0.01108559052227065
8,256,98,0.01149930601241067
8,256,99,0.01118052052333951
8,256,100,0.010945106507278979
8,256,101,0.011732363025657833
8,256,102,0.01108403952093795
8,256,103,0.011239089479204267
8,256,104,0.011661399970762432
8,256,105,0.010866329481359571
8,256,106,0.011067287006881088
8,256,107,0.011901222576852888
8,256,108,0.01101671892683953
8,256,109,0.01109641051152721
8,256,110,0.011533017503097653
8,256,111,0.010758079530205578
8,256,112,0.01198897894937545
8,256,113,0.01135394349694252
8,256,114,0.010814915003720671
8,256,115,0.010963421023916453
8,256,116,0.01200417592190206
8,256,117,0.010817818518262357
8,256,118,0.011325410043355078
8,256,119,0.011197289451956749
8,256,120,0.011233087454456836
8,256,121,0.011802320543210953
8,256,122,0.011029479501303285
8,256,123,0.0111714624799788
8,256,124,0.011034907482098788
8,256,125,0.012042213056702167
8,256,126,0.0108937660115771
8,256,127,0.011148072488140315
8,256,128,0.011305219493806362
8,256,129,0.011256231518927962
8,256,130,0.011251528456341475
8,256,131,0.012026454496663064
8,256,132,0.010431779955979437
8,256,133,0.011161721020471305
8,256,134,0.011977723974268883
8,256,135,0.011018287972547114
8,256,136,0.011086770973633975
8,256,137,0.01132776594022289
8,256,138,0.011214242491405457
8,256,139,0.011577621567994356
8,256,140,0.011679409944918007
8,256,141,0.010688612470403314
8,256,142,0.010973313474096358
8,256,143,0.011633471003733575
8,256,144,0.011144588002935052
8,256,145,0.011796832492109388
8,256,146,0.01101283699972555
8,256,147,0.0108639175305143
8,256,148,0.01195727096637711
8,256,149,0.011274789518211037
8,256,150,0.010875571984797716
8,256,151,0.011100231553427875
8,256,152,0.011636376497335732
8,256,153,0.010747851512860507
8,256,154,0.01192773599177599
8,256,155,0.011180768487975001
8,256,156,0.010838394053280354
8,256,157,0.012161830498371273
8,256,158,0.011066211038269103
8,256,159,0.010985220491420478
8,256,160,0.011389475082978606
8,256,161,0.011528354953043163
8,256,162,0.011236972000915557
8,256,163,0.010964613000396639
8,256,164,0.011427938006818295
8,256,165,0.011387641541659832
8,256,166,0.011687046498991549
8,256,167,0.011204674025066197
8,256,168,0.010830687475390732
8,256,169,0.011289076472166926
8,256,170,0.011690725979860872
8,256,171,0.011064237973187119
8,256,172,0.01129363349173218
8,256,173,0.011128030018880963
8,256,174,0.011433835956268013
8,256,175,0.011314780509565026
8,256,176,0.011525493988301605
8,256,177,0.01106852904194966
8,256,178,0.011254279525019228
8,256,179,0.011575673473998904
8,256,180,0.011145196564029902
8,256,181,0.011296142474748194
8,256,182,0.011049897992052138
8,256,183,0.011589563509915024
8,256,184,0.01145887200254947
8,256,185,0.011183275433722883
8,256,186,0.010968799993861467
8,256,187,0.011433937528636307
8,256,188,0.011481106514111161
8,256,189,0.011443935509305447
8,256,190,0.011094161483924836
8,256,191,0.011495779443066567
8,256,192,0.011296939512249082
8,256,193,0.0112301004701294
8,256,194,0.011181819485500455
8,256,195,0.011097064998466522
8,256,196,0.011526913556735963
8,256,197,0.011412801977712661
8,256,198,0.011089333973359317
8,256,199,0.011217289604246616
8,256,200,0.011094739951658994
8,256,201,0.012043123017065227
8,256,202,0.011013234499841928
8,256,203,0.011323924525640905
8,256,204,0.011025680461898446
8,256,205,0.011381609016098082
8,256,206,0.011613070440944284
8,256,207,0.010898935957811773
8,256,208,0.011794052552431822
8,256,209,0.010928895499091595
8,256,210,0.011679127987008542
8,256,211,0.011373201559763402
8,256,212,0.011030484980437905
8,256,213,0.011022537481039762
8,256,214,0.0115935840876773
8,256,215,0.011496938939671963
8,256,216,0.01112676301272586
8,256,217,0.011484955030027777
8,256,218,0.011070300941355526
8,256,219,0.01172448555007577
8,256,220,0.010953946970403194
8,256,221,0.011610263492912054
8,256,222,0.010843969997949898
8,256,223,0.011576300428714603
8,256,224,0.0114424605271779
8,256,225,0.011525089503265917
8,256,226,0.010816374502610415
8,256,227,0.011490767064969987
8,256,228,0.011383651988580823
8,256,229,0.011232824006583542
8,256,230,0.011573400988709182
8,256,231,0.011096430942416191
8,256,232,0.011596554482821375
8,256,233,0.011165680072735995
8,256,234,0.011473950988147408
8,256,235,0.011015124968253076
8,256,236,0.011222514556720853
8,256,237,0.011824958492070436
8,256,238,0.010678893479052931
8,256,239,0.011417756497394294
8,256,240,0.011459225963335484
8,256,241,0.01197576051345095
8,256,242,0.010821227042470127
8,256,243,0.011665235972031951
8,256,244,0.010431592992972583
8,256,245,0.011591323476750404
8,256,246,0.011708589969202876
8,256,247,0.011424124997574836
8,256,248,0.0110442090081051
8,256,249,0.011453836516011506
8,256,250,0.011519951454829425
8,256,251,0.011206464492715895
8,256,252,0.011676335008814931
8,256,253,0.01106137252645567
8,256,254,0.011419416056014597
8,256,255,0.011567696055863053
8,1024,4,0.011283348489087075
8,1024,5,0.01143550599226728
8,1024,6,0.011957665556110442
8,1024,7,0.011740810994524509
8,1024,8,0.01168165699345991
8,1024,9,0.011784905509557575
8,1024,10,0.011730914004147053
8,1024,11,0.011572268966119736
8,1024,12,0.011679169489070773
8,1024,13,0.011442687013186514
8,1024,14,0.011782167013734579
8,1024,15,0.011669002997223288
8,1024,16,0.011435434455052018
8,1024,17,0.011696022003889084
8,1024,18,0.011690819927025586
8,1024,19,0.011433971463702619
8,1024,20,0.011700053990352899
8,1024,21,0.011783690482843667
8,1024,22,0.011360879987478256
8,1024,23,0.011685228964779526
8,1024,24,0.011826211004517972
8,1024,25,0.011186493502464145
8,1024,26,0.011389448016416281
8,1024,27,0.01180300145642832
8,1024,28,0.011414812528528273
8,1024,29,0.011399989482015371
8,1024,30,0.011917924508452415
8,1024,31,0.011500082502607256
8,1024,32,0.011681211995892227
8,1024,33,0.011596335505601019
8,1024,34,0.011681624979246408
8,1024,35,0.011610502027906477
8,1024,36,0.011873547453433275
8,1024,37,0.01155294751515612
8,1024,38,0.011682731041219085
8,1024,39,0.011304683983325958
8,1024,40,0.011726098542567343
8,1024,41,0.011641253484413028
8,1024,42,0.011642606521490961
8,1024,43,0.011657619965262711
8,1024,44,0.011553934018593282
8,1024,45,0.011643472011201084
8,1024,46,0.011629380518570542
8,1024,47,0.01120575942331925
8,1024,48,0.01147870603017509
8,1024,49,0.011856672004796565
8,1024,50,0.01173032500082627
8,1024,51,0.011684142518788576
8,1024,52,0.011692964471876621
8,1024,53,0.011693724023643881
8,1024,54,0.011671770014800131
8,1024,55,0.011480479501187801
8,1024,56,0.011722687457222492
8,1024,57,0.011488538468256593
8,1024,58,0.01188141549937427
8,1024,59,0.01164256950141862
8,1024,60,0.011875661497469991
8,1024,61,0.011683040007483214
8,1024,62,0.01170531299430877
8,1024,63,0.011235208541620523
8,1024,64,0.0117232704651542
8,1024,65,0.011247539485339075
8,1024,66,0.011527114547789097
8,1024,67,0.011965242971200496
8,1024,68,0.011820859042927623
8,1024,69,0.011851088493131101
8,1024,70,0.01193985901772976
8,1024,71,0.011862552026286721
8,1024,72,0.011636106471996754
8,1024,73,0.011892731999978423
8,1024,74,0.01167430350324139
8,1024,75,0.011794643534813076
8,1024,76,0.011693054984789342
8,1024,77,0.01168793550459668
8,1024,78,0.011533199460245669
8,1024,79,0.0114363674656488
8,1024,80,0.011512488010339439
8,1024,81,0.011463096016086638
8,1024,82,0.011429720441810787
8,1024,83,0.011517292528878897
8,1024,84,0.011880449950695038
8,1024,85,0.011884240433573723
8,1024,86,0.011906168016139418
8,1024,87,0.011764713563024998
8,1024,88,0.011697139940224588
8,1024,89,0.011651880980934948
8,1024,90,0.011503966001328081
8,1024,91,0.011569887457881123
8,1024,92,0.01155711046885699
8,1024,93,0.01168192847399041
8,1024,94,0.011704512988217175
8,1024,95,0.011821877502370626
8,1024,96,0.0116143764462322
8,1024,97,0.011552390002179891
8,1024,98,0.011480118439067155
8,1024,99,0.01142845704453066
8,1024,100,0.011296804994344711
8,1024,101,0.011712452513165772
8,1024,102,0.011370343447197229
8,1024,103,0.011393905966542661
8,1024,104,0.011713504558429122
8,1024,105,0.011466588941402733
8,1024,106,0.011567324574571103
8,1024,107,0.011425616568885744
8,1024,108,0.0115438710199669
8,1024,109,0.011400633491575718
8,1024,110,0.01183237851364538
8,1024,111,0.011676971975248307
8,1024,112,0.011524664529133588
8,1024,113,0.011677955044433475
8,1024,114,0.011691403051372617
8,1024,115,0.011479353008326143
8,1024,116,0.011550959548912942
8,1024,117,0.011833930446300656
8,1024,118,0.011443648021668196
8,1024,119,0.0118531555053778
8,1024,120,0.011365215526893735
8,1024,121,0.011872785515151918
8,1024,122,0.011332961497828364
8,1024,123,0.011874334537424147
8,1024,124,0.01132532797055319
8,1024,125,0.011857914039865136
8,1024,126,0.011472217040136456
8,1024,127,0.011723103991243988
8,1024,128,0.011523872497491539
8,1024,129,0.011729203048162162
8,1024,130,0.011622587509918958
8,1024,131,0.011422548443078995
8,1024,132,0.012017085507977754
8,1024,133,0.011289650516118854
8,1024,134,0.011805877496954054
8,1024,135,0.011260116007179022
8,1024,136,0.01176780101377517
8,1024,137,0.01166178093990311
8,1024,138,0.011648459534626454
8,1024,139,0.011689087492413819
8,1024,140,0.011643170495517552
8,1024,141,0.011727165430784225
8,1024,142,0.011754883045796305
8,1024,143,0.011777179024647921
8,1024,144,0.011749983474146575
8,1024,145,0.011651250009890646
8,1024,146,0.011727036035154015
8,1024,147,0.011601052479818463
8,1024,148,0.011565588996745646
8,1024,149,0.011605241452343762
8,1024,150,0.011612119502387941
8,1024,151,0.01154730241978541
8,1024,152,0.011618245509453118
8,1024,153,0.011613873473834246
8,1024,154,0.011544013977982104
8,1024,155,0.011769114527851343
8,1024,156,0.01163134491071105
8,1024,157,0.011484954040497541
8,1024,158,0.011636593495495617
8,1024,159,0.011485636001452804
8,1024,160,0.011635481496341527
8,1024,161,0.011535376426763833
8,1024,162,0.011951663997024298
8,1024,163,0.011567101522814482
8,1024,164,0.011652790009975433
8,1024,165,0.011611423455178738
8,1024,166,0.01156741357408464
8,1024,167,0.011616291478276253
8,1024,168,0.011610436486080289
8,1024,169,0.011699723487254232
8,1024,170,0.011545446526724845
8,1024,171,0.011577853525523096
8,1024,172,0.011558933940250427
8,1024,173,0.011463165050372481
8,1024,174,0.011509763484355062
8,1024,175,0.011664739984553307
8,1024,176,0.0115859285579063
8,1024,177,0.01165052253054455
8,1024,178,0.011579790501855314
8,1024,179,0.011756637482903898
8,1024,180,0.01166125905001536
8,1024,181,0.01176224899245426
8,1024,182,0.011673332483042032
8,1024,183,0.011758213979192078
8,1024,184,0.012102709559258074
8,1024,185,0.011272824951447546
8,1024,186,0.011906731990166008
8,1024,187,0.011412869032938033
8,1024,188,0.011711642961017787
8,1024,189,0.011455879954155535
8,1024,190,0.011728962941560894
8,1024,191,0.011527122464030981
8,1024,192,0.011739016976207495
8,1024,193,0.011522844026330858
8,1024,194,0.011720309499651194
8,1024,195,0.011651043954771012
8,1024,196,0.011616944044362754
8,1024,197,0.01172457548091188
8,1024,198,0.011728672019671649
8,1024,199,0.011586443521082401
8,1024,200,0.011722732044290751
8,1024,201,0.01167565694777295
8,1024,202,0.011574811534956098
8,1024,203,0.011702208081260324
8,1024,204,0.011637892457656562
8,1024,205,0.011721575516276062
8,1024,206,0.011655565991532058
8,1024,207,0.011766103969421238
8,1024,208,0.011621284007560462
8,1024,209,0.011645415448583663
8,1024,210,0.011649037478491664
8,1024,211,0.011620463046710938
8,1024,212,0.011775384482461959
8,1024,213,0.011475972482003272
8,1024,214,0.01172568101901561
8,1024,215,0.011786060989834368
8,1024,216,0.011481442546937615
8,1024,217,0.01152580400230363
8,1024,218,0.011967635015025735
8,1024,219,0.011481726018246263
8,1024,220,0.01180040353210643
8,1024,221,0.011472260521259159
8,1024,222,0.011623536003753543
8,1024,223,0.01138088945299387
8,1024,224,0.01178337400779128
8,1024,225,0.011421711940784007
8,1024,226,0.01141454849857837
8,1024,227,0.011793051497079432
8,1024,228,0.011479530017822981
8,1024,229,0.011798010556958616
8,1024,230,0.011513159959577024
8,1024,231,0.011810960480943322
8,1024,232,0.011585362488403916
8,1024,233,0.01170815504156053
8,1024,234,0.011526936432346702
8,1024,235,0.011659907584544271
8,1024,236,0.011656131537165493
8,1024,237,0.011697812471538782
8,1024,238,0.011840577004477382
8,1024,239,0.011697735521011055
8,1024,240,0.011714980006217957
8,1024,241,0.011714582506101578
8,1024,242,0.011470728553831577
8,1024,243,0.01168784499168396
8,1024,244,0.011755565996281803
8,1024,245,0.011722578026819974
8,1024,246,0.011774237034842372
8,1024,247,0.011759325512684882
8,1024,248,0.011741740978322923
8,1024,249,0.011742156464606524
8,1024,250,0.011885529500432312
8,1024,251,0.01143273600609973
8,1024,252,0.011722233553882688
8,1024,253,0.011768291471526027
8,1024,254,0.011383057571947575
8,1024,255,0.011233652010560036
8,4096,4,0.09267230104887858
8,4096,5,0.09299618343356997
8,4096,6,0.054720423999242485
8,4096,7,0.05337555502774194
8,4096,8,0.015366147505119443
8,4096,9,0.013176537526305765
8,4096,10,0.013203254027757794
8,4096,11,0.013145693461410701
8,4096,12,0.01314952300162986
8,4096,13,0.01302002149168402
8,4096,14,0.01297186006559059
8,4096,15,0.013139446033164859
8,4096,16,0.012811813037842512
8,4096,17,0.013022248982451856
8,4096,18,0.012889361009001732
8,4096,19,0.0130860524950549
8,4096,20,0.012814113986678421
8,4096,21,0.01309346896596253
8,4096,22,0.012951706070452929
8,4096,23,0.01276685600169003
8,4096,24,0.013130726525560021
8,4096,25,0.012671074422542006
8,4096,26,0.013236344559118152
8,4096,27,0.012746496475301683
8,4096,28,0.01315595000050962
8,4096,29,0.012711096554994583
8,4096,30,0.013228843512479216
8,4096,31,0.012632002995815128
8,4096,32,0.013155709544662386
8,4096,33,0.012710956507362425
8,4096,34,0.013147866993676871
8,4096,35,0.012846953060943633
8,4096,36,0.013079564494546503
8,4096,37,0.012814661546144634
8,4096,38,0.013061682460829616
8,4096,39,0.012910594465211034
8,4096,40,0.013071462512016296
8,4096,41,0.012899604975245893
8,4096,42,0.01298117043916136
8,4096,43,0.012914565450046211
8,4096,44,0.01297347852960229
8,4096,45,0.01293870498193428
8,4096,46,0.012916486011818051
8,4096,47,0.0129342355648987
8,4096,48,0.012902496557217091
8,4096,49,0.012933972524479032
8,4096,50,0.012896097032353282
8,4096,51,0.012931977515108883
8,4096,52,0.012875208514742553
8,4096,53,0.012987339519895613
8,4096,54,0.012893516453914344
8,4096,55,0.013190686469897628
8,4096,56,0.012859897513408214
8,4096,57,0.013049602508544922
8,4096,58,0.013017937482800335
8,4096,59,0.01305434899404645
8,4096,60,0.012850644008722156
8,4096,61,0.013103384000714868
8,4096,62,0.012907169992104173
8,4096,63,0.013097147922962904
8,4096,64,0.012730820046272129
8,4096,65,0.013172034523449838
8,4096,66,0.01288574846694246
8,4096,67,0.013098092982545495
8,4096,68,0.012795953021850437
8,4096,69,0.013132661988493055
8,4096,70,0.012659348431043327
8,4096,71,0.013155226013623178
8,4096,72,0.012665155460126698
8,4096,73,0.013266217021737248
8,4096,74,0.012624743510968983
8,4096,75,0.013222694979049265
8,4096,76,0.012661384011153132
8,4096,77,0.013140880968421698
8,4096,78,0.01281060348264873
8,4096,79,0.013165425509214401
8,4096,80,0.012808762025088072
8,4096,81,0.013104607060085982
8,4096,82,0.01283941644942388
8,4096,83,0.013107698934618384
8,4096,84,0.012839550036005676
8,4096,85,0.013052023015916348
8,4096,86,0.012837028072681278
8,4096,87,0.012937139486894011
8,4096,88,0.012894786021206528
8,4096,89,0.01291809551184997
8,4096,90,0.012879735964816064
8,4096,91,0.012993197538889945
8,4096,92,0.012895222520455718
8,4096,93,0.012850264960434288
8,4096,94,0.013033344992436469
8,4096,95,0.012826950522139668
8,4096,96,0.013008963549509645
8,4096,97,0.012824685021769255
8,4096,98,0.013044127554167062
8,4096,99,0.012806975923012942
8,4096,100,0.012929831980727613
8,4096,101,0.012849818507675081
8,4096,102,0.012887438526377082
8,4096,103,0.012871680548414588
8,4096,104,0.012879743531811982
8,4096,105,0.012877206550911069
8,4096,106,0.01287425245391205
8,4096,107,0.012890262994915247
8,4096,108,0.012899975525215268
8,4096,109,0.01286309352144599
8,4096,110,0.013051906484179199
8,4096,111,0.012824471981730312
8,4096,112,0.013051941466983408
8,4096,113,0.012841853022109717
8,4096,114,0.013150842511095107
8,4096,115,0.012843216944020241
8,4096,116,0.013028530520386994
8,4096,117,0.012888734054286033
8,4096,118,0.012944132962729782
8,4096,119,0.012895452498923987
8,4096,120,0.012971793010365218
8,4096,121,0.012893561040982604
8,4096,122,0.012997714977245778
8,4096,123,0.012943603040184826
8,4096,124,0.01293214043835178
8,4096,125,0.013139776536263525
8,4096,126,0.012843855016399175
8,4096,127,0.013141162984538823
8,4096,128,0.012922274530865252
8,4096,129,0.013041458965744823
8,4096,130,0.012925973569508642
8,4096,131,0.013185121468268335
8,4096,132,0.01291088602738455
8,4096,133,0.013163171475753188
8,4096,134,0.012793905043508857
8,4096,135,0.013176616979762912
8,4096,136,0.012844398501329124
8,4096,137,0.012910801509860903
8,4096,138,0.012914123013615608
8,4096,139,0.012967760965693742
8,4096,140,0.012908436532597989
8,4096,141,0.013044558465480804
8,4096,142,0.012759884470142424
8,4096,143,0.013238735031336546
8,4096,144,0.012847727979533374
8,4096,145,0.012932819430716336
8,4096,146,0.012809848529286683
8,4096,147,0.013229274947661906
8,4096,148,0.012766999541781843
8,4096,149,0.013134595996234566
8,4096,150,0.012856912042479962
8,4096,151,0.013215799001045525
8,4096,152,0.01275973895099014
8,4096,153,0.013151741528417915
8,4096,154,0.012811115011572838
8,4096,155,0.013204704504460096
8,4096,156,0.012800369004253298
8,4096,157,0.013169342069886625
8,4096,158,0.012834911933168769
8,4096,159,0.01315274799708277
8,4096,160,0.012843789008911699
8,4096,161,0.013114034489262849
8,4096,162,0.012854219530709088
8,4096,163,0.013103988545481116
8,4096,164,0.012886937998700887
8,4096,165,0.013013966497965157
8,4096,166,0.012983468011952937
8,4096,167,0.01304365205578506
8,4096,168,0.013015272503253073
8,4096,169,0.012992302479688078
8,4096,170,0.01304281153716147
8,4096,171,0.013005767075810581
8,4096,172,0.013045605504885316
8,4096,173,0.012985715991817415
8,4096,174,0.013081661483738571
8,4096,175,0.012994021992199123
8,4096,176,0.012953326979186386
8,4096,177,0.012959486048202962
8,4096,178,0.013027386972680688
8,4096,179,0.012904376024380326
8,4096,180,0.013049372471868992
8,4096,181,0.012890402460470796
8,4096,182,0.013141673000063747
8,4096,183,0.012909057550132275
8,4096,184,0.012964212975930423
8,4096,185,0.012892469530925155
8,4096,186,0.013215632003266364
8,4096,187,0.01287024753401056
8,4096,188,0.013010621478315443
8,4096,189,0.013085315003991127
8,4096,190,0.012994439981412143
8,4096,191,0.012821231503039598
8,4096,192,0.012980962463188916
8,4096,193,0.013359558477532119
8,4096,194,0.012750894529744983
8,4096,195,0.013230299984570593
8,4096,196,0.012749383575282991
8,4096,197,0.013245630485471338
8,4096,198,0.012858562520705163
8,4096,199,0.013019716483540833
8,4096,200,0.01293209899449721
8,4096,201,0.01304223103215918
8,4096,202,0.013038656557910144
8,4096,203,0.012969364994205534
8,4096,204,0.013009363494347781
8,4096,205,0.013003329571802169
8,4096,206,0.012844108510762453
8,4096,207,0.012998749502003193
8,4096,208,0.013012197508942336
8,4096,209,0.012979140505194664
8,4096,210,0.012997938552871346
8,4096,211,0.01299942098557949
8,4096,212,0.013016085547860712
8,4096,213,0.012895182939246297
8,4096,214,0.012974438490346074
8,4096,215,0.013059757475275546
8,4096,216,0.012881666014436632
8,4096,217,0.013121318479534239
8,4096,218,0.012866052507888526
8,4096,219,0.013007674948312342
8,4096,220,0.013069987471681088
8,4096,221,0.013026287546381354
8,4096,222,0.012978156562894583
8,4096,223,0.0130908889696002
8,4096,224,0.012937998049892485
8,4096,225,0.013086841499898583
8,4096,226,0.01301632501417771
8,4096,227,0.013053933449555188
8,4096,228,0.01298088050680235
8,4096,229,0.013035372481681406
8,4096,230,0.0130989765166305
8,4096,231,0.01293202955275774
8,4096,232,0.013158850430045277
8,4096,233,0.012995174096431583
8,4096,234,0.013136574008967727
8,4096,235,0.012984548520762473
8,4096,236,0.012991148047149181
8,4096,237,0.01298774650786072
8,4096,238,0.013060887984465808
8,4096,239,0.012915404979139566
8,4096,240,0.013177256507333368
8,4096,241,0.012930853001307696
8,4096,242,0.012980256520677358
8,4096,243,0.013045487517956644
8,4096,244,0.013050383073277771
8,4096,245,0.013039189972914755
8,4096,246,0.012749158951919526
8,4096,247,0.01315193553455174
8,4096,248,0.012565822515171021
8,4096,249,0.013162249000743032
8,4096,250,0.01246768148848787
8,4096,251,0.012949886498972774
8,4096,252,0.01219723146641627
8,4096,253,0.012660045525990427
8,4096,254,0.011982906027697027
8,4096,255,0.012546118523459882
16,64,4,0.01116476854076609
16,64,5,0.01126212946837768
16,64,6,0.011683038028422743
16,64,7,0.011408065969590098
16,64,8,0.010666524525731802
16,64,9,0.011212304467335343
16,64,10,0.011365776532329619
16,64,11,0.011265282519161701
16,64,12,0.011255485529545695
16,64,13,0.010993124451488256
16,64,14,0.011250780487898737
16,64,15,0.011355928494594991
16,64,16,0.011407849029637873
16,64,17,0.010699863021727651
16,64,18,0.011178194487001747
16,64,19,0.011431808001361787
16,64,20,0.010988558060489595
16,64,21,0.011392484477255493
16,64,22,0.010866985016036779
16,64,23,0.011198090971447527
16,64,24,0.011392658983822912
16,64,25,0.011048369517084211
16,64,26,0.0112055650097318
16,64,27,0.011031180969439447
16,64,28,0.011452606471721083
16,64,29,0.011193112994078547
16,64,30,0.011029760004021227
16,64,31,0.011301939026452601
16,64,32,0.011212752549909055
16,64,33,0.011237262515351176
16,64,34,0.010743386461399496
16,64,35,0.011354862013831735
16,64,36,0.010901733010541648
16,64,37,0.011580097547266632
16,64,38,0.011265412962529808
16,64,39,0.011052765534259379
16,64,40,0.011021308542694896
16,64,41,0.01131827401695773
16,64,42,0.011509589094202965
16,64,43,0.011057360447011888
16,64,44,0.010809669503942132
16,64,45,0.011041920457500964
16,64,46,0.011558329977560788
16,64,47,0.011003385006915778
16,64,48,0.011167114542331547
16,64,49,0.011324082966893911
16,64,50,0.011116838024463505
16,64,51,0.011440411501098424
16,64,52,0.011079824529588223
16,64,53,0.010942598979454488
16,64,54,0.011434499465394765
16,64,55,0.01086051348829642
16,64,56,0.011460251989774406
16,64,57,0.01130947849014774
16,64,58,0.011198697495274246
16,64,59,0.01101962401298806
16,64,60,0.011085819453001022
16,64,61,0.01148184499470517
16,64,62,0.010711171489674598
16,64,63,0.011376672016922385
16,64,64,0.011318995035253465
16,64,65,0.011619533004704863
16,64,66,0.010862913448363543
16,64,67,0.011259274499025196
16,64,68,0.011245170957408845
16,64,69,0.011048885993659496
16,64,70,0.011506978538818657
16,64,71,0.01091353700030595
16,64,72,0.011334355978760868
16,64,73,0.011266161513049155
16,64,74,0.011827399022877216
16,64,75,0.010610531026031822
16,64,76,0.011499312531668693
16,64,77,0.01125094247981906
16,64,78,0.011403292475733906
16,64,79,0.010915177525021136
16,64,80,0.011265726934652776
16,64,81,0.01151606097118929
16,64,82,0.011164866504259408
16,64,83,0.011712894483935088
16,64,84,0.011039192497264594
16,64,85,0.011100628995336592
16,64,86,0.011152809020131826
16,64,87,0.01181612053187564
16,64,88,0.010956591460853815
16,64,89,0.010894404025748372
16,64,90,0.011174114013556391
16,64,91,0.011734235973563045
16,64,92,0.011319168552290648
16,64,93,0.011034457013010979
16,64,94,0.0110927305649966
16,64,95,0.011375925038009882
16,64,96,0.011637962015811354
16,64,97,0.010817546921316534
16,64,98,0.011124844488222152
16,64,99,0.011457399523351341
16,64,100,0.011609069013502449
16,64,101,0.011011388502083719
16,64,102,0.011192959966138005
16,64,103,0.011639689444564283
16,64,104,0.010984833992552012
16,64,105,0.011462794500403106
16,64,106,0.011057533032726496
16,64,107,0.010936527571175247
16,64,108,0.011183800001163036
16,64,109,0.011716777982655913
16,64,110,0.011196294450201094
16,64,111,0.011249259056057781
16,64,112,0.011567463516257703
16,64,113,0.010853762971237302
16,64,114,0.011614399496465921
16,64,115,0.011348262953106314
16,64,116,0.010816497553605586
16,64,117,0.011084825440775603
16,64,118,0.011916315066628158
16,64,119,0.011215787439141423
16,64,120,0.01111294748261571
16,64,121,0.01147542049875483
16,64,122,0.010890809469856322
16,64,123,0.011637747520580888
16,64,124,0.01132831850554794
16,64,125,0.011002287501469254
16,64,126,0.01106312550837174
16,64,127,0.011850612005218863
16,64,128,0.011117369518615305
16,64,129,0.01090216648299247
16,64,130,0.011784680536948144
16,64,131,0.010939032421447337
16,64,132,0.011383826495148242
16,64,133,0.011465985502582043
16,64,134,0.01078853104263544
16,64,135,0.011305428575724363
16,64,136,0.011762482987251133
16,64,137,0.011241108004469424
16,64,138,0.010947731498163193
16,64,139,0.011846356966998428
16,64,140,0.010861508548259735
16,64,141,0.011318540025968105
16,64,142,0.011529776500537992
16,64,143,0.011040073994081467
16,64,144,0.010968628048431128
16,64,145,0.011662996024824679
16,64,146,0.01122502249199897
16,64,147,0.011147871031425893
16,64,148,0.0116088479408063
16,64,149,0.010936567559838295
16,64,150,0.011588724562898278
16,64,151,0.011148390010930598
16,64,152,0.010946839000098407
16,64,153,0.011312694987282157
16,64,154,0.011552632495295256
16,64,155,0.011332285474054515
16,64,156,0.011093105014879256
16,64,157,0.01149650540901348
16,64,158,0.011025301471818238
16,64,159,0.01165742048760876
16,64,160,0.011161745002027601
16,64,161,0.011347724997904152
16,64,162,0.011039247445296496
16,64,163,0.011682460957672447
16,64,164,0.011226710979826748
16,64,165,0.011006594519130886
16,64,166,0.011596375959925354
16,64,167,0.0110640799975954
16,64,168,0.011195797007530928
16,64,169,0.011282565421424806
16,64,170,0.011789199488703161
16,64,171,0.01081650092964992
16,64,172,0.011241241474635899
16,64,173,0.01182607898954302
16,64,174,0.010936418024357408
16,64,175,0.011633742484264076
16,64,176,0.010978422535117716
16,64,177,0.011646942468360066
16,64,178,0.011244817462284118
16,64,179,0.011390602041501552
16,64,180,0.011143584561068565
16,64,181,0.011174595972988755
16,64,182,0.011559951934032142
16,64,183,0.011180220055393875
16,64,184,0.011291789473034441
16,64,185,0.011088808008935302
16,64,186,0.01143252954352647
16,64,187,0.01152548351092264
16,64,188,0.011101040989160538
16,64,189,0.011191735975444317
16,64,190,0.011310027504805475
16,64,191,0.011719227011781186
16,64,192,0.011195603001397103
16,64,193,0.011240102525334805
16,64,194,0.011213511519599706
16,64,195,0.01198534294962883
16,64,196,0.011083946039434522
16,64,197,0.011270729533862323
16,64,198,0.011297177406959236
16,64,199,0.011140571965370327
16,64,200,0.011594555515330285
16,64,201,0.011414758977480233
16,64,202,0.011269008449744433
16,64,203,0.011226373026147485
16,64,204,0.011615340015850961
16,64,205,0.011332791997119784
16,64,206,0.011539335479028523
16,64,207,0.011022044462151825
16,64,208,0.011226583505049348
16,64,209,0.01169737899908796
16,64,210,0.01135884050745517
16,64,211,0.011234491015784442
16,64,212,0.011212953482754529
16,64,213,0.011615789029747248
16,64,214,0.011264939443208277
16,64,215,0.01163576851831749
16,64,216,0.010972913005389273
16,64,217,0.011965378536842763
16,64,218,0.011089514009654522
16,64,219,0.011110035935416818
16,64,220,0.011986488534603268
16,64,221,0.010676821460947394
16,64,222,0.012027204968035221
16,64,223,0.010786977014504373
16,64,224,0.011740641028154641
16,64,225,0.010998412501066923
16,64,226,0.011784284026362002
16,64,227,0.011166703014168888
16,64,228,0.011712929466739297
16,64,229,0.010943476518150419
16,64,230,0.011260538478381932
16,64,231,0.011590903508476913
16,64,232,0.01133467146428302
16,64,233,0.011294647527392954
16,64,234,0.011147191456984729
16,64,235,0.011742102971766144
16,64,236,0.010988579480908811
16,64,237,0.01217222650302574
16,64,238,0.010804450488649309
16,64,239,0.011541980493348092
16,64,240,0.011386127502191812
16,64,241,0.011301984486635774
16,64,242,0.01132471056189388
16,64,243,0.011174312559887767
16,64,244,0.011985399527475238
16,64,245,0.011066502018366009
16,64,246,0.011452327540609986
16,64,247,0.011059201031457633
16,64,248,0.011860419472213835
16,64,249,0.011358651041518897
16,64,250,0.011051414476241916
16,64,251,0.011403103533666581
16,64,252,0.011061083932872862
16,64,253,0.011951573949772865
16,64,254,0.011615430004894733
16,64,255,0.012393041048198938
16,256,4,0.011439574998803437
16,256,5,0.011496654013171792
16,256,6,0.011544450011570007
16,256,7,0.011496971535962075
16,256,8,0.011675898975227028
16,256,9,0.011371938977390528
16,256,10,0.011628142499830574
16,256,11,0.011348673491738737
16,256,12,0.01122938800835982
16,256,13,0.01124491891823709
16,256,14,0.011350640037562698
16,256,15,0.011406285979319364
16,256,16,0.01140753854997456
16,256,17,0.01149480597814545
16,256,18,0.01150687545305118
16,256,19,0.011454328952822834
16,256,20,0.011487832525745034
16,256,21,0.011290873924735934
16,256,22,0.011189726006705314
16,256,23,0.011222881963476539
16,256,24,0.011361965560354292
16,256,25,0.01135356049053371
16,256,26,0.01142615603748709
16,256,27,0.011444713571108878
16,256,28,0.011427504534367472
16,256,29,0.011694035492837429
16,256,30,0.011477847001515329
16,256,31,0.011394128494430333
16,256,32,0.01144635200034827
16,256,33,0.010956737503875047
16,256,34,0.011343838938046247
16,256,35,0.01124038000125438
16,256,36,0.01133200351614505
16,256,37,0.011403639044146985
16,256,38,0.011446664982941002
16,256,39,0.0113532489631325
16,256,40,0.011232281511183828
16,256,41,0.011260307510383427
16,256,42,0.011195337516255677
16,256,43,0.01161047350615263
16,256,44,0.011198777996469289
16,256,45,0.011607270920649171
16,256,46,0.011329363973345608
16,256,47,0.011460130976047367
16,256,48,0.011314383009448647
16,256,49,0.01138843345688656
16,256,50,0.011411667510401458
16,256,51,0.011369003041181713
16,256,52,0.011484816495794803
16,256,53,0.011373868968803436
16,256,54,0.01141706295311451
16,256,55,0.011363983561750501
16,256,56,0.011317387979943305
16,256,57,0.01134574256138876
16,256,58,0.011451070487964898
16,256,59,0.011510779964737594
16,256,60,0.011471260047983378
16,256,61,0.01145366148557514
16,256,62,0.011114147026091814
16,256,63,0.011897837510332465
16,256,64,0.011169690522365272
16,256,65,0.011162203503772616
16,256,66,0.01115925598423928
16,256,67,0.01114154199603945
16,256,68,0.011580225022044033
16,256,69,0.011106744001153857
16,256,70,0.011822339496575296
16,256,71,0.01201898802537471
16,256,72,0.011969908489845693
16,256,73,0.011707968544214964
16,256,74,0.01056149392388761
16,256,75,0.011532368487678468
16,256,76,0.011147864512167871
16,256,77,0.011492257472127676
16,256,78,0.011465220071841031
16,256,79,0.0114930389681831
16,256,80,0.011446021555457264
16,256,81,0.011822589440271258
16,256,82,0.01124951004749164
16,256,83,0.011041469988413155
16,256,84,0.011072501016315073
16,256,85,0.011393617023713887
16,256,86,0.011481888068374246
16,256,87,0.011425033502746373
16,256,88,0.01117082149721682
16,256,89,0.011235551035497338
16,256,90,0.011647073435597122
16,256,91,0.011606898508034647
16,256,92,0.0114592689787969
16,256,93,0.011154054023791105
16,256,94,0.01134289801120758
16,256,95,0.01137345057213679
16,256,96,0.011365542479325086
16,256,97,0.01163718948373571
16,256,98,0.01121851644711569
16,256,99,0.0116873785154894
16,256,100,0.011153685045428574
16,256,101,0.011515213933307678
16,256,102,0.011142293573357165
16,256,103,0.011520714440848678
16,256,104,0.011547633504960686
16,256,105,0.01155830646166578
16,256,106,0.011477658059448004
16,256,107,0.011456239502876997
16,256,108,0.011418081528972834
16,256,109,0.011501675995532423
16,256,110,0.011393852473702282
16,256,111,0.01147561747347936
16,256,112,0.011314602510537952
16,256,113,0.011454797524493188
16,256,114,0.01167802803684026
16,256,115,0.011655462032649666
16,256,116,0.011260753497481346
16,256,117,0.011312260467093438
16,256,118,0.011255207529757172
16,256,119,0.011267724505160004
16,256,120,0.011276421544607729
16,256,121,0.011275528464466333
16,256,122,0.011365854006726295
16,256,123,0.011609905457589775
16,256,124,0.011577230063267052
16,256,125,0.011352211004123092
16,256,126,0.011354042973835021
16,256,127,0.011348906555213034
16,256,128,0.01153697504196316
16,256,129,0.011108962004072964
16,256,130,0.011546269990503788
16,256,131,0.011607728025410324
16,256,132,0.011510187527164817
16,256,133,0.011526930495165288
16,256,134,0.011221268970984966
16,256,135,0.011675023997668177
16,256,136,0.011367034050635993
16,256,137,0.01162400096654892
16,256,138,0.01136007602326572
16,256,139,0.0116207575192675
16,256,140,0.011163259507156909
16,256,141,0.011770274490118027
16,256,142,0.011367437487933785
16,256,143,0.01177944103255868
16,256,144,0.011357554467394948
16,256,145,0.011317677504848689
16,256,146,0.011334454989992082
16,256,147,0.011274532473180443
16,256,148,0.011517105565872043
16,256,149,0.011178776563610882
16,256,150,0.011740249989088625
16,256,151,0.011529676034115255
16,256,152,0.011473777471110225
16,256,153,0.011514868470840156
16,256,154,0.011430131504312158
16,256,155,0.01127798150992021
16,256,156,0.011307309498079121
16,256,157,0.011411720013711601
16,256,158,0.011409893981181085
16,256,159,0.011848473455756903
16,256,160,0.011576854973100126
16,256,161,0.011512544995639473
16,256,162,0.011399902519769967
16,256,163,0.011306604545097798
16,256,164,0.011290276539511979
16,256,165,0.01131088996771723
16,256,166,0.011163312010467052
16,256,167,0.011472318030428141
16,256,168,0.011541814485099167
16,256,169,0.011488985503092408
16,256,170,0.011500746011734009
16,256,171,0.011533946031704545
16,256,172,0.011531888972967863
16,256,173,0.0112402105005458
16,256,174,0.011258848535362631
16,256,175,0.011254783603362739
16,256,176,0.011199415486771613
16,256,177,0.011272772506345063
16,256,178,0.011183604947291315
16,256,179,0.01186652947217226
16,256,180,0.011232953984290361
16,256,181,0.011411441955715418
16,256,182,0.011339635530021042
16,256,183,0.011487712909001857
16,256,184,0.011531880998518318
16,256,185,0.011568773479666561
16,256,186,0.011521713982801884
16,256,187,0.011576888035051525
16,256,188,0.011488270596601069
16,256,189,0.011461113055702299
16,256,190,0.011505091446451843
16,256,191,0.011189443001057953
16,256,192,0.011307382548693568
16,256,193,0.011402440548408777
16,256,194,0.011503482004627585
16,256,195,0.01150872599100694
16,256,196,0.011592381459195167
16,256,197,0.011440526985097677
16,256,198,0.011373356450349092
16,256,199,0.011403372511267662
16,256,200,0.011536716017872095
16,256,201,0.011484127026051283
16,256,202,0.011542068037670106
16,256,203,0.011502552486490458
16,256,204,0.011790036514867097
16,256,205,0.01149632700253278
16,256,206,0.011437812529038638
16,256,207,0.011303001490887254
16,256,208,0.011254847049713135
16,256,209,0.011329079454299062
16,256,210,0.011365101963747293
16,256,211,0.011940871539991349
16,256,212,0.011412073974497616
16,256,213,0.011589858040679246
16,256,214,0.011424321448430419
16,256,215,0.01160379993962124
16,256,216,0.011419995047617704
16,256,217,0.011245206464082003
16,256,218,0.011296168551780283
16,256,219,0.011109625978861004
16,256,220,0.011967456026468426
16,256,221,0.011688806000165641
16,256,222,0.011691995488945395
16,256,223,0.011687734455335885
16,256,224,0.011462538037449121
16,256,225,0.011463067028671503
16,256,226,0.011342081939801574
16,256,227,0.011780915490817279
16,256,228,0.011689617473166436
16,256,229,0.011682670970913023
16,256,230,0.011596900003496557
16,256,231,0.011527839989867061
16,256,232,0.011511182994581759
16,256,233,0.011532942007761449
16,256,234,0.011634134454652667
16,256,235,0.011596687021665275
16,256,236,0.01167538744630292
16,256,237,0.011584187508560717
16,256,238,0.011530865507666022
16,256,239,0.011457579559646547
16,256,240,0.01150135399075225
16,256,241,0.011455091007519513
16,256,242,0.011518337996676564
16,256,243,0.011265390028711408
16,256,244,0.011501454981043935
16,256,245,0.011314998439047486
16,256,246,0.011860828031785786
16,256,247,0.011450432997662574
16,256,248,0.011426200508140028
16,256,249,0.011455576051957905
16,256,250,0.011403913958929479
16,256,251,0.01173559098970145
16,256,252,0.011442001501563936
16,256,253,0.011718983994796872
16,256,254,0.012341941997874528
16,256,255,0.012160871468950063
16,1024,4,0.01272260450059548
16,1024,5,0.012506222527008504
16,1024,6,0.012303187453653663
16,1024,7,0.012155261531006545
16,1024,8,0.012151785078458488
16,1024,9,0.012095922022126615
16,1024,10,0.01215098745888099
16,1024,11,0.01204434601822868
16,1024,12,0.01211794395931065
16,1024,13,0.012066965515259653
16,1024,14,0.01211940246867016
16,1024,15,0.012100919033400714
16,1024,16,0.012025244010146707
16,1024,17,0.012099538987968117
16,1024,18,0.012059288972523063
16,1024,19,0.012045016512274742
16,1024,20,0.01206198101863265
16,1024,21,0.012064211477991194
16,1024,22,0.0120225659920834
16,1024,23,0.012090353528037667
16,1024,24,0.012044360511936247
16,1024,25,0.012148652982432395
16,1024,26,0.012038380024023354
16,1024,27,0.012034432496875525
16,1024,28,0.012200828059576452
16,1024,29,0.012034401937853545
16,1024,30,0.01204247452551499
16,1024,31,0.012163782492280006
16,1024,32,0.012073557067196816
16,1024,33,0.012046842486597598
16,1024,34,0.012095626967493445
16,1024,35,0.012042196467518806
16,1024,36,0.012022781476844102
16,1024,37,0.012050548451952636
16,1024,38,0.01210565201472491
16,1024,39,0.011995039007160813
16,1024,40,0.012081419001333416
16,1024,41,0.012015749467536807
16,1024,42,0.012120414932724088
16,1024,43,0.012090219010133296
16,1024,44,0.012027894495986402
16,1024,45,0.012106461508665234
16,1024,46,0.012052194448187947
16,1024,47,0.012106434442102909
16,1024,48,0.012063106521964073
16,1024,49,0.012097171042114496
16,1024,50,0.012061945453751832
16,1024,51,0.012035196472425014
16,1024,52,0.012072702986188233
16,1024,53,0.012124557048082352
16,1024,54,0.012039810477290303
16,1024,55,0.012130021466873586
16,1024,56,0.012113271979615092
16,1024,57,0.012082025990821421
16,1024,58,0.01203150546643883
16,1024,59,0.012159320991486311
16,1024,60,0.012232748966198415
16,1024,61,0.011996324989013374
16,1024,62,0.012214247486554086
16,1024,63,0.012029873963911086
16,1024,64,0.012187716492917389
16,1024,65,0.01209097495302558
16,1024,66,0.012154579977504909
16,1024,67,0.012105333968065679
16,1024,68,0.01202457450563088
16,1024,69,0.012096086516976357
16,1024,70,0.01221274200361222
16,1024,71,0.012141405022703111
16,1024,72,0.012156296987086535
16,1024,73,0.012146844004746526
16,1024,74,0.012083971465472132
16,1024,75,0.01212868542643264
16,1024,76,0.012131964496802539
16,1024,77,0.01214874698780477
16,1024,78,0.012153368501458317
16,1024,79,0.012156055483501405
16,1024,80,0.012147129978984594
16,1024,81,0.012275842018425465
16,1024,82,0.012179745477624238
16,1024,83,0.01214734953828156
16,1024,84,0.012062836496625096
16,1024,85,0.011996603512670845
16,1024,86,0.011989126505795866
16,1024,87,0.011997936468105763
16,1024,88,0.012024332536384463
16,1024,89,0.01204277150100097
16,1024,90,0.012042791990097612
16,1024,91,0.012031009537167847
16,1024,92,0.012037789507303387
16,1024,93,0.012237574032042176
16,1024,94,0.01220368396025151
16,1024,95,0.012187471031211317
16,1024,96,0.012247578997630626
16,1024,97,0.012242370517924428
16,1024,98,0.012237960996571928
16,1024,99,0.01220998854842037
16,1024,100,0.012189863482490182
16,1024,101,0.012183103011921048
16,1024,102,0.01219423150178045
16,1024,103,0.01210089004598558
16,1024,104,0.012106260983273387
16,1024,105,0.012091670476365834
16,1024,106,0.012052648526150733
16,1024,107,0.012065662536770105
16,1024,108,0.012030915531795472
16,1024,109,0.01196974457707256
16,1024,110,0.011966990947257727
16,1024,111,0.011956302972976118
16,1024,112,0.01195524848299101
16,1024,113,0.012111719988752156
16,1024,114,0.012027234421111643
16,1024,115,0.012131024501286447
16,1024,116,0.012114520475734025
16,1024,117,0.012107236543670297
16,1024,118,0.01210234104655683
16,1024,119,0.012154111987911165
16,1024,120,0.012133258976973593
16,1024,121,0.012049049022607505
16,1024,122,0.012085782072972506
16,1024,123,0.012007272976916283
16,1024,124,0.012256159563548863
16,1024,125,0.012126606015954167
16,1024,126,0.012113521515857428
16,1024,127,0.012247782957274467
16,1024,128,0.012107226066291332
16,1024,129,0.012251886015292257
16,1024,130,0.012171744543593377
16,1024,131,0.012244415003806353
16,1024,132,0.012161603022832423
16,1024,133,0.012125333538278937
16,1024,134,0.01225576049182564
16,1024,135,0.012184075021650642
16,1024,136,0.01224945898866281
16,1024,137,0.012170972011517733
16,1024,138,0.012262033007573336
16,1024,139,0.012144766980782151
16,1024,140,0.012195641989819705
16,1024,141,0.012120311497710645
16,1024,142,0.012176764488685876
16,1024,143,0.012175638519693166
16,1024,144,0.012147684930823743
16,1024,145,0.012246778991539031
16,1024,146,0.012070979457348585
16,1024,147,0.012183494516648352
16,1024,148,0.012094834062736481
16,1024,149,0.012132602976635098
16,1024,150,0.012075368547812104
16,1024,151,0.01214366895146668
16,1024,152,0.012159032979980111
16,1024,153,0.012170825502835214
16,1024,154,0.01214847102528438
16,1024,155,0.012189583503641188
16,1024,156,0.012187779531814158
16,1024,157,0.012189149507321417
16,1024,158,0.012189302535261959
16,1024,159,0.012245372403413057
16,1024,160,0.012279431510251015
16,1024,161,0.012186905485577881
16,1024,162,0.012103860499337316
16,1024,163,0.012152995041105896
16,1024,164,0.012042259972076863
16,1024,165,0.012093855533748865
16,1024,166,0.012058538966812193
16,1024,167,0.012071839533746243
16,1024,168,0.012042340997140855
16,1024,169,0.012064783542882651
16,1024,170,0.012037701497320086
16,1024,171,0.012088423012755811
16,1024,172,0.012091831013094634
16,1024,173,0.012074463011231273
16,1024,174,0.012179755023680627
16,1024,175,0.012158233963418752
16,1024,176,0.012051630998030305
16,1024,177,0.012215453083626926
16,1024,178,0.012124447501264513
16,1024,179,0.012106869951821864
16,1024,180,0.012187634012661874
16,1024,181,0.012133768061175942
16,1024,182,0.012201518984511495
16,1024,183,0.012142815510742366
16,1024,184,0.012193692498840392
16,1024,185,0.012194709503091872
16,1024,186,0.01206855644704774
16,1024,187,0.012179176497738808
16,1024,188,0.012309894955251366
16,1024,189,0.012099010462407023
16,1024,190,0.01224739250028506
16,1024,191,0.012137585959862918
16,1024,192,0.012194201990496367
16,1024,193,0.012152867042459548
16,1024,194,0.0121617850381881
16,1024,195,0.012185731960926205
16,1024,196,0.012193271017167717
16,1024,197,0.012185252562630922
16,1024,198,0.01214985700789839
16,1024,199,0.012178714445326477
16,1024,200,0.012131392024457455
16,1024,201,0.012224001460708678
16,1024,202,0.012200994475279003
16,1024,203,0.012196656432934105
16,1024,204,0.01220332452794537
16,1024,205,0.012171507987659425
16,1024,206,0.01222639752086252
16,1024,207,0.012250517029315233
16,1024,208,0.012214197020512074
16,1024,209,0.01222548307850957
16,1024,210,0.012205991486553103
16,1024,211,0.01208948902785778
16,1024,212,0.012150635477155447
16,1024,213,0.012303786003030837
16,1024,214,0.012088529532775283
16,1024,215,0.012277115019969642
16,1024,216,0.012120848463382572
16,1024,217,0.01232390000950545
16,1024,218,0.012221197015605867
16,1024,219,0.012169061985332519
16,1024,220,0.012239986972417682
16,1024,221,0.012245471472851932
16,1024,222,0.012235409521963447
16,1024,223,0.012223172059748322
16,1024,224,0.012267183046787977
16,1024,225,0.012289197999052703
16,1024,226,0.012270702456589788
16,1024,227,0.012249285471625626
16,1024,228,0.012261645460966974
16,1024,229,0.012302846007514745
16,1024,230,0.012309440469834954
16,1024,231,0.012163606006652117
16,1024,232,0.012199192948173732
16,1024,233,0.012160822458099574
16,1024,234,0.012164290004875511
16,1024,235,0.012160367507021874
16,1024,236,0.012144279491622001
16,1024,237,0.012159874953795224
16,1024,238,0.012157426564954221
16,1024,239,0.012137554469518363
16,1024,240,0.012177967990282923
16,1024,241,0.012155484990216792
16,1024,242,0.012185936502646655
16,1024,243,0.012156028999015689
16,1024,244,0.012103640008717775
16,1024,245,0.012189720524474978
16,1024,246,0.012148080510087311
16,1024,247,0.012186190986540169
16,1024,248,0.012141150538809597
16,1024,249,0.012230250053107738
16,1024,250,0.012188369524665177
16,1024,251,0.012055197497829795
16,1024,252,0.01195926545187831
16,1024,253,0.01186346949543804
16,1024,254,0.011577399563975632
16,1024,255,0.01144628698239103
16,4096,4,0.09549739997601137
16,4096,5,0.09765293949749321
16,4096,6,0.09516468399669975
16,4096,7,0.09719785704510286
16,4096,8,0.09599809948122129
16,4096,9,0.0967321950593032
16,4096,10,0.09562444454059005
16,4096,11,0.09664347348734736
16,4096,12,0.09557657002005726
16,4096,13,0.0956059719901532
16,4096,14,0.059677682467736304
16,4096,15,0.05490035243565217
16,4096,16,0.019328645488712937
16,4096,17,0.015063855506014079
16,4096,18,0.015308562549762428
16,4096,19,0.015010841540060937
16,4096,20,0.015138874994590878
16,4096,21,0.014959785446990281
16,4096,22,0.015007445006631315
16,4096,23,0.014974464022088796
16,4096,24,0.014987612550612539
16,4096,25,0.014971690950915217
16,4096,26,0.014876762521453202
16,4096,27,0.014909517485648394
16,4096,28,0.014771322486922145
16,4096,29,0.014846534526441246
16,4096,30,0.014772870054002851
16,4096,31,0.014870417944621295
16,4096,32,0.014730491966474801
16,4096,33,0.014906146039720625
16,4096,34,0.014665012538898736
16,4096,35,0.014871535007841885
16,4096,36,0.014639013970736414
16,4096,37,0.014762083475943655
16,4096,38,0.014765623491257429
16,4096,39,0.014648279000539333
16,4096,40,0.014780741999857128
16,4096,41,0.014595453045330942
16,4096,42,0.014768927998375148
16,4096,43,0.014588412479497492
16,4096,44,0.014716726494953036
16,4096,45,0.014726957015227526
16,4096,46,0.014659811975434422
16,4096,47,0.01478364143986255
16,4096,48,0.014628287928644568
16,4096,49,0.014761470491066575
16,4096,50,0.014604250492993742
16,4096,51,0.014725857472512871
16,4096,52,0.014621132519096136
16,4096,53,0.014705895504448563
16,4096,54,0.014664349961094558
16,4096,55,0.014687347516883165
16,4096,56,0.014621184964198619
16,4096,57,0.01473601150792092
16,4096,58,0.014616219443269074
16,4096,59,0.014722698542755097
16,4096,60,0.014650386467110366
16,4096,61,0.014714337536133826
16,4096,62,0.014641831396147609
16,4096,63,0.014767078449949622
16,4096,64,0.014639057568274438
16,4096,65,0.014754019503016025
16,4096,66,0.014650335535407066
16,4096,67,0.014751705981325358
16,4096,68,0.01463944895658642
16,4096,69,0.014798349991906434
16,4096,70,0.01463764300569892
16,4096,71,0.014770937501452863
16,4096,72,0.014595498505514115
16,4096,73,0.014788584026973695
16,4096,74,0.014630521007347852
16,4096,75,0.014796066505368799
16,4096,76,0.014668143528979272
16,4096,77,0.01482055545784533
16,4096,78,0.01468911801930517
16,4096,79,0.014793029462452978
16,4096,80,0.01468368899077177
16,4096,81,0.014753085502889007
16,4096,82,0.014726600493304431
16,4096,83,0.014762361475732177
16,4096,84,0.014750661968719214
16,4096,85,0.014779058459680527
16,4096,86,0.014735187462065369
16,4096,87,0.014698809012770653
16,4096,88,0.014748214452993125
16,4096,89,0.014729479560628533
16,4096,90,0.014746394997928292
16,4096,91,0.014757359924260527
16,4096,92,0.014725336048286408
16,4096,93,0.014792158443015069
16,4096,94,0.014665378024801612
16,4096,95,0.014807133004069328
16,4096,96,0.01464074500836432
16,4096,97,0.014816087030339986
16,4096,98,0.014723705011419952
16,4096,99,0.014689863484818488
16,4096,100,0.014753935975022614
16,4096,101,0.01466561999404803
16,4096,102,0.014800299482885748
16,4096,103,0.014665400958620012
16,4096,104,0.014769546047318727
16,4096,105,0.014668709482066333
16,4096,106,0.014736848010215908
16,4096,107,0.01471079996554181
16,4096,108,0.014801478013396263
16,4096,109,0.014700954547151923
16,4096,110,0.014760166988708079
16,4096,111,0.014805693994276226
16,4096,112,0.014695318415760994
16,4096,113,0.014701005013193935
16,4096,114,0.014847451995592564
16,4096,115,0.014773760922253132
16,4096,116,0.014639012573752552
16,4096,117,0.014804638980422169
16,4096,118,0.014650935539975762
16,4096,119,0.014797553478274494
16,4096,120,0.014736277051270008
16,4096,121,0.014799819036852568
16,4096,122,0.014765113999601454
16,4096,123,0.01468393742106855
16,4096,124,0.014753264549653977
16,4096,125,0.01489707746077329
16,4096,126,0.014650020457338542
16,4096,127,0.014827394974417984
16,4096,128,0.014680767490062863
16,4096,129,0.014905831485521048
16,4096,130,0.014629601500928402
16,4096,131,0.014915717532858253
16,4096,132,0.014617296459618956
16,4096,133,0.014864333963487297
16,4096,134,0.014816268987488002
16,4096,135,0.014563833479769528
16,4096,136,0.014918553992174566
16,4096,137,0.014524578989949077
16,4096,138,0.014870408573187888
16,4096,139,0.014773786999285221
16,4096,140,0.014655257517006248
16,4096,141,0.014774919545743614
16,4096,142,0.014768448483664542
16,4096,143,0.014794295944739133
16,4096,144,0.014588369987905025
16,4096,145,0.014839333016425371
16,4096,146,0.014783224964048713
16,4096,147,0.014612001541536301
16,4096,148,0.014788568951189518
16,4096,149,0.014678022533189505
16,4096,150,0.01484676799736917
16,4096,151,0.014633325976319611
16,4096,152,0.014888260513544083
16,4096,153,0.014718037040438503
16,4096,154,0.01469279348384589
16,4096,155,0.014780033496208489
16,4096,156,0.014777727017644793
16,4096,157,0.014792338013648987
16,4096,158,0.014647896983660758
16,4096,159,0.014845881552901119
16,4096,160,0.014610368467401713
16,4096,161,0.01488117955159396
16,4096,162,0.014624243485741317
16,4096,163,0.014875606982968748
16,4096,164,0.014613973966334015
16,4096,165,0.014882016461342573
16,4096,166,0.014659453940112144
16,4096,167,0.014875507506076247
16,4096,168,0.014640063454862684
16,4096,169,0.014848074992187321
16,4096,170,0.01472993299830705
16,4096,171,0.014820003940258175
16,4096,172,0.014803892932832241
16,4096,173,0.014793866488616914
16,4096,174,0.01488335954491049
16,4096,175,0.014816319511737674
16,4096,176,0.014788490487262607
16,4096,177,0.014864012482576072
16,4096,178,0.014739465957973152
16,4096,179,0.0148399299941957
16,4096,180,0.014760795515030622
16,4096,181,0.014842429489362985
16,4096,182,0.014748630521353334
16,4096,183,0.014817351009696722
16,4096,184,0.014792339992709458
16,4096,185,0.014802745543420315
16,4096,186,0.014867882535327226
16,4096,187,0.014819888980127871
16,4096,188,0.014858610986266285
16,4096,189,0.01482048851903528
16,4096,190,0.01479823054978624
16,4096,191,0.014811797009315342
16,4096,192,0.014748389483429492
16,4096,193,0.014879391994327307
16,4096,194,0.01471104344818741
16,4096,195,0.01492827053880319
16,4096,196,0.014681800035759807
16,4096,197,0.01484652201179415
16,4096,198,0.014768727996852249
16,4096,199,0.01481114502530545
16,4096,200,0.014724862005095929
16,4096,201,0.01486495800781995
16,4096,202,0.01473608851665631
16,4096,203,0.014845703495666385
16,4096,204,0.014722584455739707
16,4096,205,0.01482338400091976
16,4096,206,0.014776806463487446
16,4096,207,0.01478446094552055
16,4096,208,0.014779986522626132
16,4096,209,0.014780993456952274
16,4096,210,0.014802712481468916
16,4096,211,0.014741052989847958
16,4096,212,0.014805758430156857
16,4096,213,0.014747695997357368
16,4096,214,0.014785280975047499
16,4096,215,0.014796478499192744
16,4096,216,0.014803066966123879
16,4096,217,0.014747073990292847
16,4096,218,0.014812346955295652
16,4096,219,0.01474893355043605
16,4096,220,0.01480355451349169
16,4096,221,0.014769083529245108
16,4096,222,0.014806479506660253
16,4096,223,0.014792763453442603
16,4096,224,0.014804892998654395
16,4096,225,0.014793380512855947
16,4096,226,0.014804622973315418
16,4096,227,0.014799391035921872
16,4096,228,0.014803002995904535
16,4096,229,0.014790723042096943
16,4096,230,0.014723866479471326
16,4096,231,0.014870276034343988
16,4096,232,0.014786004030611366
16,4096,233,0.014875827007927
16,4096,234,0.014661420020274818
16,4096,235,0.014866384444758296
16,4096,236,0.014561484509613365
16,4096,237,0.014800542499870062
16,4096,238,0.01459194504423067
16,4096,239,0.014745435561053455
16,4096,240,0.014537400507833809
16,4096,241,0.014816188020631671
16,4096,242,0.014410584466531873
16,4096,243,0.01472028048010543
16,4096,244,0.013937526440713555
16,4096,245,0.014615499007049948
16,4096,246,0.013747982447966933
16,4096,247,0.01451470353640616
16,4096,248,0.013499652035534382
16,4096,249,0.014401509484741837
16,4096,250,0.013285122462548316
16,4096,251,0.014295128989033401
16,4096,252,0.013038976932875812
16,4096,253,0.014105508045759052
16,4096,254,0.012717374018393457
16,4096,255,0.013886227505281568
32,64,4,0.01178232952952385
32,64,5,0.012019222020171583
32,64,6,0.011333194968756288
32,64,7,0.01147084153490141
32,64,8,0.011591417482122779
32,64,9,0.011819559440482408
32,64,10,0.01152509602252394
32,64,11,0.011324980005156249
32,64,12,0.011525965936016291
32,64,13,0.011429762991610914
32,64,14,0.012004561023786664
32,64,15,0.01126069953897968
32,64,16,0.011750956007745117
32,64,17,0.01117581845028326
32,64,18,0.011741151043679565
32,64,19,0.01175905397394672
32,64,20,0.011241444968618453
32,64,21,0.011905518942512572
32,64,22,0.011297728051431477
32,64,23,0.011419262969866395
32,64,24,0.011729243968147784
32,64,25,0.011344556987751275
32,64,26,0.011570061498787254
32,64,27,0.01145267701940611
32,64,28,0.011042019992601126
32,64,29,0.011690646992065012
32,64,30,0.011900756042450666
32,64,31,0.01176521647721529
32,64,32,0.010968237998895347
32,64,33,0.01193173648789525
32,64,34,0.01156212849309668
32,64,35,0.011372759006917477
32,64,36,0.011490846052765846
32,64,37,0.011169766541570425
32,64,38,0.011417781992349774
32,64,39,0.011891537520568818
32,64,40,0.011424321972299367
32,64,41,0.01159501145593822
32,64,42,0.01127224398078397
32,64,43,0.011756462452467531
32,64,44,0.011252586962655187
32,64,45,0.011612810485530645
32,64,46,0.011368476552888751
32,64,47,0.011457870597951114
32,64,48,0.011612424510531127
32,64,49,0.011854165990371257
32,64,50,0.01130076200934127
32,64,51,0.011544506007339805
32,64,52,0.012033491511829197
32,64,53,0.011329365021083504
32,64,54,0.011254189012106508
32,64,55,0.011494708014652133
32,64,56,0.011770082055591047
32,64,57,0.011695888999383897
32,64,58,0.011890128545928746
32,64,59,0.011169170495122671
32,64,60,0.011359757510945201
32,64,61,0.011819804494734854
32,64,62,0.011404388525988907
32,64,63,0.01161192450672388
32,64,64,0.0114871829864569
32,64,65,0.011960995965637267
32,64,66,0.011583013518247753
32,64,67,0.011748769436962903
32,64,68,0.01115093007683754
32,64,69,0.011857856996357441
32,64,70,0.01110214099753648
32,64,71,0.012279066548217088
32,64,72,0.011286825523711741
32,64,73,0.01134386652847752
32,64,74,0.012089283496607095
32,64,75,0.011676822497975081
32,64,76,0.011609097011387348
32,64,77,0.011154029984027147
32,64,78,0.011956393020227551
32,64,79,0.011165959993377328
32,64,80,0.011846792011056095
32,64,81,0.011666820966638625
32,64,82,0.011274594988208264
32,64,83,0.012131840048823506
32,64,84,0.011642626486718655
32,64,85,0.011683030519634485
32,64,86,0.011227092996705323
32,64,87,0.0118818010087125
32,64,88,0.011405122000724077
32,64,89,0.011584582040086389
32,64,90,0.011863373511005193
32,64,91,0.011310656962450594
32,64,92,0.011862162500619888
32,64,93,0.01176190801197663
32,64,94,0.011775758524890989
32,64,95,0.011307735578157008
32,64,96,0.011978199472650886
32,64,97,0.011611215013545007
32,64,98,0.011269930575508624
32,64,99,0.011741227994207293
32,64,100,0.012037115986458957
32,64,101,0.011566678003873676
32,64,102,0.011800130538176745
32,64,103,0.011203340953215957
32,64,104,0.012008127989247441
32,64,105,0.01111310051055625
32,64,106,0.011782098037656397
32,64,107,0.011808848532382399
32,64,108,0.011580800462979823
32,64,109,0.011929583502933383
32,64,110,0.011529795010574162
32,64,111,0.01188236550660804
32,64,112,0.010859768954105675
32,64,113,0.012008565536234528
32,64,114,0.011433344974648207
32,64,115,0.011533140495885164
32,64,116,0.011707790952641517
32,64,117,0.011959353520069271
32,64,118,0.01192748750327155
32,64,119,0.011640214477665722
32,64,120,0.011565390042960644
32,64,121,0.01138660148717463
32,64,122,0.011910802510101348
32,64,123,0.011255625984631479
32,64,124,0.01186301198322326
32,64,125,0.011731562961358577
32,64,126,0.01195322402054444
32,64,127,0.01174420490860939
32,64,128,0.01175456854980439
32,64,129,0.011328467982821167
32,64,130,0.01198928599478677
32,64,131,0.011269281443674117
32,64,132,0.011682932497933507
32,64,133,0.011781393026467413
32,64,134,0.011442519491538405
32,64,135,0.011945121921598911
32,64,136,0.011508052470162511
32,64,137,0.012099192477762699
32,64,138,0.011300213518552482
32,64,139,0.011826642032247037
32,64,140,0.011362317018210888
32,64,141,0.011561289487872273
32,64,142,0.012281497474759817
32,64,143,0.012015496497042477
32,64,144,0.011145620490424335
32,64,145,0.011969929037149996
32,64,146,0.011894237948581576
32,64,147,0.01144242100417614
32,64,148,0.011451230035163462
32,64,149,0.011803749948740005
32,64,150,0.011492615041788667
32,64,151,0.012285394011996686
32,64,152,0.011673789995256811
32,64,153,0.011791647993959486
32,64,154,0.011493335012346506
32,64,155,0.011427089455537498
32,64,156,0.012031004473101348
32,64,157,0.01143576658796519
32,64,158,0.011817000049632043
32,64,159,0.011754553008358926
32,64,160,0.011663312441669405
32,64,161,0.012119885417632759
32,64,162,0.01164064253680408
32,64,163,0.011557533056475222
32,64,164,0.01156745245680213
32,64,165,0.011933852510992438
32,64,166,0.01154143048916012
32,64,167,0.011450877995230258
32,64,168,0.012191208952572197
32,64,169,0.012045373499859124
32,64,170,0.011226559057831764
32,64,171,0.012002089060842991
32,64,172,0.011751116486266255
32,64,173,0.01159427547827363
32,64,174,0.01148366800043732
32,64,175,0.012116069032344967
32,64,176,0.011479829961899668
32,64,177,0.011801404994912446
32,64,178,0.011804599489551038
32,64,179,0.011802989523857832
32,64,180,0.011828771559521556
32,64,181,0.011766484007239342
32,64,182,0.011471794510725886
32,64,183,0.0116376934456639
32,64,184,0.011742874456103891
32,64,185,0.011782913526985794
32,64,186,0.011739733978174627
32,64,187,0.011502973036840558
32,64,188,0.012349147931672633
32,64,189,0.011730291473213583
32,64,190,0.011374607449397445
32,64,191,0.011620528530329466
32,64,192,0.011881468468345702
32,64,193,0.011463644448667765
32,64,194,0.012337393476627767
32,64,195,0.011898875993210822
32,64,196,0.011734910018276423
32,64,197,0.01199373952113092
32,64,198,0.011788524978328496
32,64,199,0.01180502848001197
32,64,200,0.011826631030999124
32,64,201,0.011526866001076996
32,64,202,0.012041031499393284
32,64,203,0.011781784996856004
32,64,204,0.011894160532392561
32,64,205,0.012340434012003243
32,64,206,0.011530994030181319
32,64,207,0.011735967535059899
32,64,208,0.01179970003431663
32,64,209,0.012044392002280802
32,64,210,0.011259411519858986
32,64,211,0.01292222406482324
32,64,212,0.011490777018480003
32,64,213,0.011743539478629827
32,64,214,0.012145514017902315
32,64,215,0.01162630453472957
32,64,216,0.011638898984529078
32,64,217,0.011377229529898614
32,64,218,0.012226663529872894
32,64,219,0.011931936955079436
32,64,220,0.011893182469066232
32,64,221,0.011967701429966837
32,64,222,0.011984047072473913
32,64,223,0.01189088454702869
32,64,224,0.011732614017091691
32,64,225,0.011972812993917614
32,64,226,0.011993263964541256
32,64,227,0.011604908504523337
32,64,228,0.01226398698054254
32,64,229,0.011945127509534359
32,64,230,0.011809161980636418
32,64,231,0.012020349560771137
32,64,232,0.01151029096217826
32,64,233,0.012033706996589899
32,64,234,0.012007466051727533
32,64,235,0.011271568480879068
32,64,236,0.01276690699160099
32,64,237,0.011078327021095902
32,64,238,0.0122460174607113
32,64,239,0.011777825537137687
32,64,240,0.01209013891639188
32,64,241,0.0114759590360336
32,64,242,0.01190194400260225
32,64,243,0.011926332954317331
32,64,244,0.011853697593323886
32,64,245,0.011855840508360416
32,64,246,0.012436110991984606
32,64,247,0.011426227516494691
32,64,248,0.012341638037469238
32,64,249,0.012247973994817585
32,64,250,0.011347081570420414
32,64,251,0.011837524536531419
32,64,252,0.01608525699703023
32,64,253,0.0077958750189282
32,64,254,0.012434321513865143
32,64,255,0.013902909005992115
32,256,4,0.01199593354249373
32,256,5,0.011999072972685099
32,256,6,0.012071286502759904
32,256,7,0.012073813530150801
32,256,8,0.01206845452543348
32,256,9,0.011970710474997759
32,256,10,0.011790574004407972
32,256,11,0.011803176486864686
32,256,12,0.01195216947235167
32,256,13,0.011941207514610142
32,256,14,0.012076169543433934
32,256,15,0.011893726012203842
32,256,16,0.011757875501643866
32,256,17,0.011784148984588683
32,256,18,0.011768908996600658
32,256,19,0.011713315965607762
32,256,20,0.01174555195029825
32,256,21,0.011671426997054368
32,256,22,0.01205151155591011
32,256,23,0.011594033450819552
32,256,24,0.012112269992940128
32,256,25,0.011963794473558664
32,256,26,0.011788837960921228
32,256,27,0.011769920005463064
32,256,28,0.011774528946261853
32,256,29,0.011859687976539135
32,256,30,0.011876541480887681
32,256,31,0.011935746064409614
32,256,32,0.011879505997058004
32,256,33,0.0118718795129098
32,256,34,0.011716520530171692
32,256,35,0.012077744991984218
32,256,36,0.011650628526695073
32,256,37,0.012314099993091077
32,256,38,0.011525892012286931
32,256,39,0.012279264512471855
32,256,40,0.011911277542822063
32,256,41,0.011728956538718194
32,256,42,0.01179356302600354
32,256,43,0.011717093992047012
32,256,44,0.01190045045223087
32,256,45,0.011708494508638978
32,256,46,0.012369971023872495
32,256,47,0.011627800529822707
32,256,48,0.012498176016379148
32,256,49,0.011254556477069855
32,256,50,0.01208706252509728
32,256,51,0.011742084519937634
32,256,52,0.012027766555547714
32,256,53,0.011995686509180814
32,256,54,0.011773800011724234
32,256,55,0.01201845402829349
32,256,56,0.011956959555391222
32,256,57,0.01191965100588277
32,256,58,0.012031971011310816
32,256,59,0.011879305995535105
32,256,60,0.011756927415262908
32,256,61,0.011862247483804822
32,256,62,0.011737507011275738
32,256,63,0.01191504398593679
32,256,64,0.011777063482441008
32,256,65,0.012023181072436273
32,256,66,0.011812512471806258
32,256,67,0.012094091449398547
32,256,68,0.011610725021455437
32,256,69,0.011928271036595106
32,256,70,0.012034330517053604
32,256,71,0.012043274531606585
32,256,72,0.012044048518873751
32,256,73,0.011906496481969953
32,256,74,0.011914923961739987
32,256,75,0.011935643968172371
32,256,76,0.011913311434909701
32,256,77,0.01183193747419864
32,256,78,0.01188754744362086
32,256,79,0.01177784102037549
32,256,80,0.011943152931053191
32,256,81,0.01177307398756966
32,256,82,0.012002154544461519
32,256,83,0.0117587685235776
32,256,84,0.012082283501513302
32,256,85,0.011697990994434804
32,256,86,0.012198292999528348
32,256,87,0.011736239481251687
32,256,88,0.012093197961803526
32,256,89,0.011806660972069949
32,256,90,0.0120916414889507
32,256,91,0.011856103548780084
32,256,92,0.01196761050960049
32,256,93,0.011892062029801309
32,256,94,0.012047324446029961
32,256,95,0.01183630496961996
32,256,96,0.011807814007624984
32,256,97,0.011929102009162307
32,256,98,0.011824658955447376
32,256,99,0.011911543959286064
32,256,100,0.011910811997950077
32,256,101,0.01215183804742992
32,256,102,0.012186480511445552
32,256,103,0.012123918975703418
32,256,104,0.01185017655370757
32,256,105,0.011970068502705544
32,256,106,0.011997021560091525
32,256,107,0.01198334142100066
32,256,108,0.011878029501531273
32,256,109,0.011939929507207125
32,256,110,0.011823363485746086
32,256,111,0.011724927520845085
32,256,112,0.011680404946673661
32,256,113,0.012211572495289147
32,256,114,0.012035639490932226
32,256,115,0.011827576963696629
32,256,116,0.012023760529700667
32,256,117,0.011776039027608931
32,256,118,0.011970330029726028
32,256,119,0.012140433478634804
32,256,120,0.012164321960881352
32,256,121,0.012113853532355279
32,256,122,0.012017521017696708
32,256,123,0.012031718040816486
32,256,124,0.01205318549182266
32,256,125,0.012030008481815457
32,256,126,0.012159070582129061
32,256,127,0.01183738000690937
32,256,128,0.012003477022517473
32,256,129,0.011817694990895689
32,256,130,0.012009463040158153
32,256,131,0.01204340299591422
32,256,132,0.012043705442920327
32,256,133,0.011976041947491467
32,256,134,0.01205185748403892
32,256,135,0.012097395490854979
32,256,136,0.012134611955843866
32,256,137,0.01213353150524199
32,256,138,0.012004932505078614
32,256,139,0.011950306536164135
32,256,140,0.011938898009248078
32,256,141,0.011897968943230808
32,256,142,0.011905927036423236
32,256,143,0.012500872951932251
32,256,144,0.01239261805312708
32,256,145,0.012235707486979663
32,256,146,0.01216857845429331
32,256,147,0.012163251987658441
32,256,148,0.012186087493319064
32,256,149,0.012165546999312937
32,256,150,0.011929721513297409
32,256,151,0.012013153522275388
32,256,152,0.01196306204656139
32,256,153,0.012022586015518755
32,256,154,0.012105619010981172
32,256,155,0.012084621062967926
32,256,156,0.012114357436075807
32,256,157,0.012056840991135687
32,256,158,0.0119893554947339
32,256,159,0.011962197546381503
32,256,160,0.011958926043007523
32,256,161,0.012182517966721207
32,256,162,0.011965919053182006
32,256,163,0.012256156536750495
32,256,164,0.011972819513175637
32,256,165,0.011945272563025355
32,256,166,0.011962427000980824
32,256,167,0.011932780558709055
32,256,168,0.012000666523817927
32,256,169,0.01227777951862663
32,256,170,0.012234935478772968
32,256,171,0.012215768045280129
32,256,172,0.012268059537746012
32,256,173,0.012054574966896325
32,256,174,0.012080132029950619
32,256,175,0.011876048985868692
32,256,176,0.012085106049198657
32,256,177,0.012092153541743755
32,256,178,0.012157967954408377
32,256,179,0.012093024502974004
32,256,180,0.012091910000890493
32,256,181,0.0120478494791314
32,256,182,0.012048831558786333
32,256,183,0.01206845958949998
32,256,184,0.01205267000477761
32,256,185,0.012038398475851864
32,256,186,0.012094591977074742
32,256,187,0.012062367983162403
32,256,188,0.012138737016357481
32,256,189,0.012135565979406238
32,256,190,0.01210075948620215
32,256,191,0.012147541041485965
32,256,192,0.012145523040089756
32,256,193,0.012170800007879734
32,256,194,0.012166932981926948
32,256,195,0.012191685498692095
32,256,196,0.011885055515449494
32,256,197,0.012234579480718821
32,256,198,0.01226261944975704
32,256,199,0.0122246885439381
32,256,200,0.012229610525537282
32,256,201,0.012216453033033758
32,256,202,0.012236888462211937
32,256,203,0.01221022248500958
32,256,204,0.012161744409240782
32,256,205,0.012129030539654195
32,256,206,0.01212590653449297
32,256,207,0.01215684594353661
32,256,208,0.01210788544267416
32,256,209,0.012108368042390794
32,256,210,0.012148746463935822
32,256,211,0.012179939483758062
32,256,212,0.012290929444134235
32,256,213,0.012308195000514388
32,256,214,0.012266182515304536
32,256,215,0.012043752940371633
32,256,216,0.012188598979264498
32,256,217,0.011891244968865067
32,256,218,0.012203319522086531
32,256,219,0.012335965991951525
32,256,220,0.012316120497416705
32,256,221,0.012038302433211356
32,256,222,0.012203911028336734
32,256,223,0.012026733020320535
32,256,224,0.012176552962046117
32,256,225,0.012331895995885134
32,256,226,0.012224979524035007
32,256,227,0.012273641536012292
32,256,228,0.012077332474291325
32,256,229,0.012077379040420055
32,256,230,0.012250858941115439
32,256,231,0.012225708458572626
32,256,232,0.012221763492561877
32,256,233,0.012201152509078383
32,256,234,0.012170135509222746
32,256,235,0.012178868986666203
32,256,236,0.01229757402325049
32,256,237,0.012281968025490642
32,256,238,0.012454912473913282
32,256,239,0.012179964513052255
32,256,240,0.011984124023001641
32,256,241,0.012052864534780383
32,256,242,0.01208116754423827
32,256,243,0.012282614537980407
32,256,244,0.012226811028085649
32,256,245,0.01213501300662756
32,256,246,0.01214666257146746
32,256,247,0.012190325418487191
32,256,248,0.012184864957816899
32,256,249,0.012298161978833377
32,256,250,0.01219645095989108
32,256,251,0.012267666519619524
32,256,252,0.012329782533925027
32,256,253,0.01222535502165556
32,256,254,0.011806234950199723
32,256,255,0.01158283551922068
32,1024,4,0.09118724649306387
32,1024,5,0.09112498944159597
32,1024,6,0.09110912855248898
32,1024,7,0.0689587764791213
32,1024,8,0.03017653350252658
32,1024,9,0.013745262054726481
32,1024,10,0.013731603976339102
32,1024,11,0.013669319509062916
32,1024,12,0.013549426977988333
32,1024,13,0.013542837463319302
32,1024,14,0.013454779458697885
32,1024,15,0.013271148025523871
32,1024,16,0.013345048006158322
32,1024,17,0.013224786496721208
32,1024,18,0.013285822526086122
32,1024,19,0.01321066147647798
32,1024,20,0.013263801985885948
32,1024,21,0.013195546518545598
32,1024,22,0.013202917063608766
32,1024,23,0.013186881493311375
32,1024,24,0.01320791442412883
32,1024,25,0.013242392451502383
32,1024,26,0.013187361473683268
32,1024,27,0.013204290473368019
32,1024,28,0.01323410402983427
32,1024,29,0.013242184009868652
32,1024,30,0.013191260513849556
32,1024,31,0.013193336024414748
32,1024,32,0.01319435692857951
32,1024,33,0.013237076986115426
32,1024,34,0.013240329455584288
32,1024,35,0.013172134931664914
32,1024,36,0.013199095032177866
32,1024,37,0.013217011583037674
32,1024,38,0.013198987988289446
32,1024,39,0.013195993495173752
32,1024,40,0.01319311698898673
32,1024,41,0.013199758483096957
32,1024,42,0.01325827301479876
32,1024,43,0.013278679456561804
32,1024,44,0.013229514530394226
32,1024,45,0.013226049486547709
32,1024,46,0.013270891970023513
32,1024,47,0.013269013492390513
32,1024,48,0.01328033849131316
32,1024,49,0.01328327547525987
32,1024,50,0.013321375998202711
32,1024,51,0.013300806982442737
32,1024,52,0.013268338982015848
32,1024,53,0.013249552517663687
32,1024,54,0.013318513461854309
32,1024,55,0.013265136512927711
32,1024,56,0.013323745981324464
32,1024,57,0.013283571519423276
32,1024,58,0.01327286649029702
32,1024,59,0.01333975256420672
32,1024,60,0.013320426980499178
32,1024,61,0.013282939908094704
32,1024,62,0.01334472355665639
32,1024,63,0.013253739976789802
32,1024,64,0.01332496153190732
32,1024,65,0.013377838011365384
32,1024,66,0.013315886491909623
32,1024,67,0.013366763072554022
32,1024,68,0.013292236952111125
32,1024,69,0.013259516039397568
32,1024,70,0.013360060518607497
32,1024,71,0.013247781491372734
32,1024,72,0.013353798072785139
32,1024,73,0.013311840535607189
32,1024,74,0.01330488605890423
32,1024,75,0.013365730992518365
32,1024,76,0.013233824982307851
32,1024,77,0.013243827444966882
32,1024,78,0.013279626495204866
32,1024,79,0.013234629004728049
32,1024,80,0.013253345503471792
32,1024,81,0.013202821486629546
32,1024,82,0.013232943951152265
32,1024,83,0.013278125086799264
32,1024,84,0.013227715506218374
32,1024,85,0.013200758025050163
32,1024,86,0.013165280979592353
32,1024,87,0.013200557033997029
32,1024,88,0.013191098987590522
32,1024,89,0.013202696456573904
32,1024,90,0.013187362521421164
32,1024,91,0.013208777003455907
32,1024,92,0.013208263088017702
32,1024,93,0.013203819515183568
32,1024,94,0.013215193001087755
32,1024,95,0.013314968498889357
32,1024,96,0.01332342141540721
32,1024,97,0.013307542016264051
32,1024,98,0.013399654999375343
32,1024,99,0.013349585002288222
32,1024,100,0.01336726947920397
32,1024,101,0.013391576998401433
32,1024,102,0.013399806513916701
32,1024,103,0.013399110524915159
32,1024,104,0.013327385007869452
32,1024,105,0.013308636494912207
32,1024,106,0.0133686299668625
32,1024,107,0.013398223498370498
32,1024,108,0.013369204942137003
32,1024,109,0.013349926040973514
32,1024,110,0.013331905531231314
32,1024,111,0.013350631052162498
32,1024,112,0.0133846954558976
32,1024,113,0.013369311986025423
32,1024,114,0.013353106973227113
32,1024,115,0.013303007057402283
32,1024,116,0.013309514033608139
32,1024,117,0.01336917799199
32,1024,118,0.013373925525229424
32,1024,119,0.013321423495654017
32,1024,120,0.013350338966120034
32,1024,121,0.013310322538018227
32,1024,122,0.013366936473175883
32,1024,123,0.013358920987229794
32,1024,124,0.01332319201901555
32,1024,125,0.013275523961056024
32,1024,126,0.013335263007320464
32,1024,127,0.0133951420430094
32,1024,128,0.01340330793755129
32,1024,129,0.01329512253869325
32,1024,130,0.013364038954023272
32,1024,131,0.013276661513373256
32,1024,132,0.013379401993006468
32,1024,133,0.013418366957921535
32,1024,134,0.013427476515062153
32,1024,135,0.013381591474171728
32,1024,136,0.013365044025704265
32,1024,137,0.013438002963084728
32,1024,138,0.013502965972293168
32,1024,139,0.013362766010686755
32,1024,140,0.01342411048244685
32,1024,141,0.01342721952823922
32,1024,142,0.013349903980270028
32,1024,143,0.013333462527953088
32,1024,144,0.013328980538062751
32,1024,145,0.013396514521446079
32,1024,146,0.013436586479656398
32,1024,147,0.013334112474694848
32,1024,148,0.013394912995863706
32,1024,149,0.01333788048941642
32,1024,150,0.013305923959705979
32,1024,151,0.013393265486229211
32,1024,152,0.013400708034168929
32,1024,153,0.013395410496741533
32,1024,154,0.01341554697137326
32,1024,155,0.013439694535918534
32,1024,156,0.013385357975494117
32,1024,157,0.013422707503195852
32,1024,158,0.013414939458016306
32,1024,159,0.013393296510912478
32,1024,160,0.01341862347908318
32,1024,161,0.013384541438426822
32,1024,162,0.013421726471278816
32,1024,163,0.01348359853727743
32,1024,164,0.013488414988387376
32,1024,165,0.013427926518488675
32,1024,166,0.013462071947287768
32,1024,167,0.013457180524710566
32,1024,168,0.013480585999786854
32,1024,169,0.01347360503859818
32,1024,170,0.013493319042026997
32,1024,171,0.013480661960784346
32,1024,172,0.013497514533810318
32,1024,173,0.013504733971785754
32,1024,174,0.013479551998898387
32,1024,175,0.013477599539328367
32,1024,176,0.013453475025016814
32,1024,177,0.013475284038577229
32,1024,178,0.013503837457392365
32,1024,179,0.013474072969984263
32,1024,180,0.013477870495989919
32,1024,181,0.013455276028253138
32,1024,182,0.01351088605588302
32,1024,183,0.013480141060426831
32,1024,184,0.01349541253875941
32,1024,185,0.013427176512777805
32,1024,186,0.013477499014697969
32,1024,187,0.013511913479305804
32,1024,188,0.013490488985553384
32,1024,189,0.013529969553928822
32,1024,190,0.013537392020225525
32,1024,191,0.013517363928258419
32,1024,192,0.013565164990723133
32,1024,193,0.013532199489418417
32,1024,194,0.013519692525733262
32,1024,195,0.013497605046723038
32,1024,196,0.013508065487258136
32,1024,197,0.01350023748818785
32,1024,198,0.01348704844713211
32,1024,199,0.013494668470229954
32,1024,200,0.013492173980921507
32,1024,201,0.01351933553814888
32,1024,202,0.013418195536360145
32,1024,203,0.013428585487417877
32,1024,204,0.013435680011752993
32,1024,205,0.013445005984976888
32,1024,206,0.013411057530902326
32,1024,207,0.013370538072194904
32,1024,208,0.01339263905538246
32,1024,209,0.013430383522063494
32,1024,210,0.013410455489065498
32,1024,211,0.013408943021204323
32,1024,212,0.013420963485259563
32,1024,213,0.013462169037666172
32,1024,214,0.013439488539006561
32,1024,215,0.013506654009688646
32,1024,216,0.013542247470468283
32,1024,217,0.01349417248275131
32,1024,218,0.01343005447415635
32,1024,219,0.013541969528887421
32,1024,220,0.013532691518776119
32,1024,221,0.0135643714456819
32,1024,222,0.013591288996394724
32,1024,223,0.013556028483435512
32,1024,224,0.01365298795280978
32,1024,225,0.013564207998570055
32,1024,226,0.01360842795111239
32,1024,227,0.013602974999230355
32,1024,228,0.013580856495536864
32,1024,229,0.01354901201557368
32,1024,230,0.0134610875393264
32,1024,231,0.01353755802847445
32,1024,232,0.013625559455249459
32,1024,233,0.013557208003476262
32,1024,234,0.013547630980610847
32,1024,235,0.013581642473582178
32,1024,236,0.013558794453274459
32,1024,237,0.013509644020814449
32,1024,238,0.01353593950625509
32,1024,239,0.013546592032071203
32,1024,240,0.01357451401418075
32,1024,241,0.013625320047140121
32,1024,242,0.013513260520994663
32,1024,243,0.013428516569547355
32,1024,244,0.013397423026617616
32,1024,245,0.013474855513777584
32,1024,246,0.013420736533589661
32,1024,247,0.013366099039558321
32,1024,248,0.013278116006404161
32,1024,249,0.013159291993360966
32,1024,250,0.013162979506887496
32,1024,251,0.012959696003235877
32,1024,252,0.012880063499324024
32,1024,253,0.012905224517453462
32,1024,254,0.012354124977719039
32,1024,255,0.01210532698314637
32,4096,4,0.10025099047925323
32,4096,5,0.10086682357359678
32,4096,6,0.10025257454253733
32,4096,7,0.10040995653253049
32,4096,8,0.10083321551792324
32,4096,9,0.0998695680173114
32,4096,10,0.1006859164335765
32,4096,11,0.10005329496925697
32,4096,12,0.10045306396204978
32,4096,13,0.0998990120133385
32,4096,14,0.10061543347546831
32,4096,15,0.1001531325164251
32,4096,16,0.09995376202277839
32,4096,17,0.10001825500512496
32,4096,18,0.10093743895413354
32,4096,19,0.09940713102696463
32,4096,20,0.10052053700201213
32,4096,21,0.0989694909658283
32,4096,22,0.09987843950511888
32,4096,23,0.09895883896388113
32,4096,24,0.09988637000788003
32,4096,25,0.09888689749641344
32,4096,26,0.0996550020063296
32,4096,27,0.09895430848700926
32,4096,28,0.09930961497593671
32,4096,29,0.09877501346636564
32,4096,30,0.0808626240468584
32,4096,31,0.05884907196741551
32,4096,32,0.04063694254728034
32,4096,33,0.018864099984057248
32,4096,34,0.01874952606158331
32,4096,35,0.01874904549913481
32,4096,36,0.018685476039536297
32,4096,37,0.018725910980720073
32,4096,38,0.018591143016237766
32,4096,39,0.018626729492098093
32,4096,40,0.018504521052818745
32,4096,41,0.018530075962189585
32,4096,42,0.018464943976141512
32,4096,43,0.018524290528148413
32,4096,44,0.018477795994840562
32,4096,45,0.018501288490369916
32,4096,46,0.018458631995599717
32,4096,47,0.018486338492948562
32,4096,48,0.01847734145121649
32,4096,49,0.018419748463202268
32,4096,50,0.018478345533367246
32,4096,51,0.018428866053000093
32,4096,52,0.018382963549811393
32,4096,53,0.01841372501803562
32,4096,54,0.01837509748293087
32,4096,55,0.018393225560430437
32,4096,56,0.018357838969677687
32,4096,57,0.018389968492556363
32,4096,58,0.018370083475019783
32,4096,59,0.018391760007943958
32,4096,60,0.0183672999846749
32,4096,61,0.01837503054412082
32,4096,62,0.018318392510991544
32,4096,63,0.018392695055808872
32,4096,64,0.018299331481102854
32,4096,65,0.018385628529358655
32,4096,66,0.018296665512025356
32,4096,67,0.018386919982731342
32,4096,68,0.01829313498456031
32,4096,69,0.01840107241878286
32,4096,70,0.018265075981616974
32,4096,71,0.01841355749638751
32,4096,72,0.018312248459551483
32,4096,73,0.018395876977592707
32,4096,74,0.018239420547615737
32,4096,75,0.018388217489700764
32,4096,76,0.0182839100016281
32,4096,77,0.018381792528089136
32,4096,78,0.018260977522004396
32,4096,79,0.01839626597939059
32,4096,80,0.018315668974537402
32,4096,81,0.01839445100631565
32,4096,82,0.018292578519321978
32,4096,83,0.01839713694062084
32,4096,84,0.018289681989699602
32,4096,85,0.01833714998792857
32,4096,86,0.018295084999408573
32,4096,87,0.01838844403391704
32,4096,88,0.018296628957614303
32,4096,89,0.01838914951076731
32,4096,90,0.018268389510922134
32,4096,91,0.01838360953843221
32,4096,92,0.01831230049720034
32,4096,93,0.018386730458587408
32,4096,94,0.018300556985195726
32,4096,95,0.018380839494057
32,4096,96,0.018295089015737176
32,4096,97,0.0183969929930754
32,4096,98,0.01829696202185005
32,4096,99,0.01839454408036545
32,4096,100,0.018293786968570203
32,4096,101,0.018370146513916552
32,4096,102,0.018298604001756757
32,4096,103,0.01840431900927797
32,4096,104,0.0182572869816795
32,4096,105,0.01838727603899315
32,4096,106,0.018337454472202808
32,4096,107,0.018375896965153515
32,4096,108,0.0183035884401761
32,4096,109,0.01844223152147606
32,4096,110,0.018292004941031337
32,4096,111,0.01844400353729725
32,4096,112,0.018326407996937633
32,4096,113,0.01843376999022439
32,4096,114,0.018326059507671744
32,4096,115,0.018443337990902364
32,4096,116,0.018315050459932536
32,4096,117,0.018482526531443
32,4096,118,0.01834126649191603
32,4096,119,0.018522986443713307
32,4096,120,0.018355947511736304
32,4096,121,0.01845248695462942
32,4096,122,0.018353070016019046
32,4096,123,0.018474578973837197
32,4096,124,0.018380278546828777
32,4096,125,0.018496594508178532
32,4096,126,0.01838080899324268
32,4096,127,0.0184607554692775
32,4096,128,0.01848642050754279
32,4096,129,0.018451265001203865
32,4096,130,0.01848412654362619
32,4096,131,0.018431776494253427
32,4096,132,0.018413501966279
32,4096,133,0.018492011993657798
32,4096,134,0.01846380956703797
32,4096,135,0.01844470709329471
32,4096,136,0.018466159992385656
32,4096,137,0.018438164959661663
32,4096,138,0.01847964950138703
32,4096,139,0.01846314751310274
32,4096,140,0.01851323846494779
32,4096,141,0.01844048104248941
32,4096,142,0.018506498483475298
32,4096,143,0.01846278546145186
32,4096,144,0.0184796794783324
32,4096,145,0.018487933499272913
32,4096,146,0.01844036451075226
32,4096,147,0.018476666999049485
32,4096,148,0.018474913493264467
32,4096,149,0.01855225401232019
32,4096,150,0.01846726849908009
32,4096,151,0.018531251465901732
32,4096,152,0.0184626339469105
32,4096,153,0.018514312570914626
32,4096,154,0.01853717298945412
32,4096,155,0.018513235496357083
32,4096,156,0.018532684014644474
32,4096,157,0.01845496497116983
32,4096,158,0.01855361752677709
32,4096,159,0.018468231544829905
32,4096,160,0.01855704700574279
32,4096,161,0.018489000969566405
32,4096,162,0.018541344441473484
32,4096,163,0.018566511513199657
32,4096,164,0.018541025056038052
32,4096,165,0.018513692950364202
32,4096,166,0.01853119197767228
32,4096,167,0.018557641480583698
32,4096,168,0.018556931463535875
32,4096,169,0.018544047430623323
32,4096,170,0.01855268853250891
32,4096,171,0.018529557972215116
32,4096,172,0.018569725507404655
32,4096,173,0.018512859474867582
32,4096,174,0.018557846487965435
32,4096,175,0.018492073519155383
32,4096,176,0.018570280983112752
32,4096,177,0.01850045198807493
32,4096,178,0.018570513057056814
32,4096,179,0.018519033037591726
32,4096,180,0.018567604944109917
32,4096,181,0.01852110103936866
32,4096,182,0.018560288997832686
32,4096,183,0.01851870951941237
32,4096,184,0.018540024990215898
32,4096,185,0.018578895018436015
32,4096,186,0.018513963965233415
32,4096,187,0.01856221054913476
32,4096,188,0.018553194066043943
32,4096,189,0.018588446022477
32,4096,190,0.018542244448326528
32,4096,191,0.01857715705409646
32,4096,192,0.018512102018576115
32,4096,193,0.01857890991959721
32,4096,194,0.018555068993009627
32,4096,195,0.018591500993352383
32,4096,196,0.018529484048485756
32,4096,197,0.01857824402395636
32,4096,198,0.018559495452791452
32,4096,199,0.01860206003766507
32,4096,200,0.018548812484368682
32,4096,201,0.01859467598842457
32,4096,202,0.01853739348007366
32,4096,203,0.01859926653560251
32,4096,204,0.018511090020183474
32,4096,205,0.018578633957076818
32,4096,206,0.01851605804404244
32,4096,207,0.018546884995885193
32,4096,208,0.018512689042836428
32,4096,209,0.01855163852451369
32,4096,210,0.018469622533302754
32,4096,211,0.01854496105806902
32,4096,212,0.01842858799500391
32,4096,213,0.01855502201942727
32,4096,214,0.018386055016890168
32,4096,215,0.018535183975473046
32,4096,216,0.018413973040878773
32,4096,217,0.018500123522244394
32,4096,218,0.01840786199318245
32,4096,219,0.01843846502015367
32,4096,220,0.018311776977498084
32,4096,221,0.018410827964544296
32,4096,222,0.018281202937941998
32,4096,223,0.0183651065453887
32,4096,224,0.018178077472839504
32,4096,225,0.018275767972227186
32,4096,226,0.018044247990474105
32,4096,227,0.01822496799286455
32,4096,228,0.017559289000928402
32,4096,229,0.01806760049657896
32,4096,230,0.017300215433351696
32,4096,231,0.01775799650931731
32,4096,232,0.017136518959887326
32,4096,233,0.017560567473992705
32,4096,234,0.016987653041724116
32,4096,235,0.017555970000103116
32,4096,236,0.0167422394733876
32,4096,237,0.0173929154407233
32,4096,238,0.016452279523946345
32,4096,239,0.017313638993073255
32,4096,240,0.016318449983373284
32,4096,241,0.017223178001586348
32,4096,242,0.016379442007746547
32,4096,243,0.01706891000503674
32,4096,244,0.01631479593925178
32,4096,245,0.016980662068817765
32,4096,246,0.016256236529443413
32,4096,247,0.017042726511135697
32,4096,248,0.016131619457155466
32,4096,249,0.016802922531496733
32,4096,250,0.0158119898987934
32,4096,251,0.016599413531366736
32,4096,252,0.01571581303142011
32,4096,253,0.016533412504941225
32,4096,254,0.014862412994261831
32,4096,255,0.015906257438473403
