B,repeat,stream_index,k,start_minus_fire,end_minus_fire,t_iter_observed,injection_ttft
8,0,0,57,-0.0036215719301253557,0.008560608024708927,0.012182179954834282,0.9386940749827772
8,0,0,58,0.008560608024708927,0.01958375098183751,0.011023142957128584,0.9386940749827772
8,0,0,59,0.01958375098183751,0.03381487505976111,0.014231124077923596,0.9386940749827772
8,0,0,60,0.03381487505976111,0.11884936108253896,0.08503448602277786,0.9386940749827772
8,0,0,61,0.11884936108253896,0.21697727998252958,0.09812791889999062,0.9386940749827772
8,0,0,62,0.21697727998252958,0.3208417419809848,0.10386446199845523,0.9386940749827772
8,0,0,63,0.3208417419809848,0.430397876072675,0.10955613409169018,0.9386940749827772
8,0,0,64,0.430397876072675,0.5460636629723012,0.11566578689962626,0.9386940749827772
8,0,0,65,0.5460636629723012,0.6681659569730982,0.12210229400079697,0.9386940749827772
8,0,0,66,0.6681659569730982,0.796381670050323,0.1282157130772248,0.9386940749827772
8,0,0,67,0.796381670050323,0.9392381299985573,0.14285645994823426,0.9386940749827772
8,0,1,58,-0.0035783000057563186,0.008612134028226137,0.012190434033982456,0.9386940749827772
8,0,1,59,0.008612134028226137,0.019671596004627645,0.011059461976401508,0.9386940749827772
8,0,1,60,0.019671596004627645,0.03385691798757762,0.014185321982949972,0.9386940749827772
8,0,1,61,0.03385691798757762,0.11890092503745109,0.08504400704987347,0.9386940749827772
8,0,1,62,0.11890092503745109,0.21704055403824896,0.09813962900079787,0.9386940749827772
8,0,1,63,0.21704055403824896,0.32090776204131544,0.10386720800306648,0.9386940749827772
8,0,1,64,0.32090776204131544,0.4304615689907223,0.10955380694940686,0.9386940749827772
8,0,1,65,0.4304615689907223,0.5461209630593657,0.11565939406864345,0.9386940749827772
8,0,1,66,0.5461209630593657,0.6682240410009399,0.12210307794157416,0.9386940749827772
8,0,1,67,0.6682240410009399,0.7964408540865406,0.12821681308560073,0.9386940749827772
8,0,1,68,0.7964408540865406,0.9393172659911215,0.1428764119045809,0.9386940749827772
8,0,2,54,-0.0034338749246671796,0.008811576990410686,0.012245451915077865,0.9386940749827772
8,0,2,55,0.008811576990410686,0.019805908086709678,0.010994331096298993,0.9386940749827772
8,0,2,56,0.019805908086709678,0.03398931701667607,0.01418340892996639,0.9386940749827772
8,0,2,57,0.03398931701667607,0.11904386105015874,0.08505454403348267,0.9386940749827772
8,0,2,58,0.11904386105015874,0.2172132070409134,0.09816934599075466,0.9386940749827772
8,0,2,59,0.2172132070409134,0.3211058200104162,0.1038926129695028,0.9386940749827772
8,0,2,60,0.3211058200104162,0.43065471097361296,0.10954889096319675,0.9386940749827772
8,0,2,61,0.43065471097361296,0.5462855810765177,0.11563087010290474,0.9386940749827772
8,0,2,62,0.5462855810765177,0.6683936190092936,0.12210803793277591,0.9386940749827772
8,0,2,63,0.6683936190092936,0.7966035919962451,0.12820997298695147,0.9386940749827772
8,0,2,64,0.7966035919962451,0.939551503979601,0.14294791198335588,0.9386940749827772
8,0,3,56,-0.003664479940198362,0.008506934042088687,0.01217141398228705,0.9386940749827772
8,0,3,57,0.008506934042088687,0.01953877799678594,0.011031843954697251,0.9386940749827772
8,0,3,58,0.01953877799678594,0.03377054200973362,0.014231764012947679,0.9386940749827772
8,0,3,59,0.03377054200973362,0.1187932969769463,0.08502275496721268,0.9386940749827772
8,0,3,60,0.1187932969769463,0.21691488299984485,0.09812158602289855,0.9386940749827772
8,0,3,61,0.21691488299984485,0.32077294297050685,0.103858059970662,0.9386940749827772
8,0,3,62,0.32077294297050685,0.4303302200278267,0.10955727705731988,0.9386940749827772
8,0,3,63,0.4303302200278267,0.5459977929713205,0.11566757294349372,0.9386940749827772
8,0,3,64,0.5459977929713205,0.6681071930797771,0.12210940010845661,0.9386940749827772
8,0,3,65,0.6681071930797771,0.7963224130216986,0.12821521994192153,0.9386940749827772
8,0,3,66,0.7963224130216986,0.9391580100636929,0.14283559704199433,0.9386940749827772
8,0,4,56,-0.003817328019067645,0.00832873408216983,0.012146062101237476,0.9386940749827772
8,0,4,57,0.00832873408216983,0.019409689004532993,0.011080954922363162,0.9386940749827772
8,0,4,58,0.019409689004532993,0.0336110059870407,0.014201316982507706,0.9386940749827772
8,0,4,59,0.0336110059870407,0.11855772405397147,0.08494671806693077,0.9386940749827772
8,0,4,60,0.11855772405397147,0.21661205508280545,0.09805433102883399,0.9386940749827772
8,0,4,61,0.21661205508280545,0.3204497470287606,0.10383769194595516,0.9386940749827772
8,0,4,62,0.3204497470287606,0.4301167690427974,0.10966702201403677,0.9386940749827772
8,0,4,63,0.4301167690427974,0.5456938460702077,0.11557707702741027,0.9386940749827772
8,0,4,64,0.5456938460702077,0.6678299240302294,0.1221360779600218,0.9386940749827772
8,0,4,65,0.6678299240302294,0.7961554219946265,0.12832549796439707,0.9386940749827772
8,0,4,66,0.7961554219946265,0.9389793149894103,0.14282389299478382,0.9386940749827772
8,0,5,55,-0.0037102740025147796,0.008449148037470877,0.012159422039985657,0.9386940749827772
8,0,5,56,0.008449148037470877,0.0194931470323354,0.011043998994864523,0.9386940749827772
8,0,5,57,0.0194931470323354,0.03367234708275646,0.014179200050421059,0.9386940749827772
8,0,5,58,0.03367234708275646,0.11865028797183186,0.0849779408890754,0.9386940749827772
8,0,5,59,0.11865028797183186,0.2168371530715376,0.09818686509970576,0.9386940749827772
8,0,5,60,0.2168371530715376,0.3206858449848369,0.10384869191329926,0.9386940749827772
8,0,5,61,0.3206858449848369,0.4302585870027542,0.10957274201791734,0.9386940749827772
8,0,5,62,0.4302585870027542,0.5459226079983637,0.11566402099560946,0.9386940749827772
8,0,5,63,0.5459226079983637,0.6680404500802979,0.12211784208193421,0.9386940749827772
8,0,5,64,0.6680404500802979,0.7962572959950194,0.1282168459147215,0.9386940749827772
8,0,5,65,0.7962572959950194,0.9390748990699649,0.1428176030749455,0.9386940749827772
8,0,6,54,-0.0034959979820996523,0.00875722907949239,0.012253227061592042,0.9386940749827772
8,0,6,55,0.00875722907949239,0.019763997057452798,0.011006767977960408,0.9386940749827772
8,0,6,56,0.019763997057452798,0.03394513204693794,0.014181134989485145,0.9386940749827772
8,0,6,57,0.03394513204693794,0.11899660702329129,0.08505147497635335,0.9386940749827772
8,0,6,58,0.11899660702329129,0.21715478599071503,0.09815817896742374,0.9386940749827772
8,0,6,59,0.21715478599071503,0.32103635708335787,0.10388157109264284,0.9386940749827772
8,0,6,60,0.32103635708335787,0.4305928440298885,0.10955648694653064,0.9386940749827772
8,0,6,61,0.4305928440298885,0.5462301310617477,0.11563728703185916,0.9386940749827772
8,0,6,62,0.5462301310617477,0.6683384580537677,0.12210832699202001,0.9386940749827772
8,0,6,63,0.6683384580537677,0.7965502940351143,0.12821183598134667,0.9386940749827772
8,0,6,64,0.7965502940351143,0.9394722880097106,0.14292199397459626,0.9386940749827772
8,0,7,55,-0.00353821599856019,0.008665565983392298,0.012203781981952488,0.9386940749827772
8,0,7,56,0.008665565983392298,0.019715932081453502,0.011050366098061204,0.9386940749827772
8,0,7,57,0.019715932081453502,0.033901551039889455,0.014185618958435953,0.9386940749827772
8,0,7,58,0.033901551039889455,0.11894837906584144,0.08504682802595198,0.9386940749827772
8,0,7,59,0.11894837906584144,0.2170979849761352,0.09814960591029376,0.9386940749827772
8,0,7,60,0.2170979849761352,0.3209732010727748,0.10387521609663963,0.9386940749827772
8,0,7,61,0.3209732010727748,0.43052575597539544,0.10955255490262061,0.9386940749827772
8,0,7,62,0.43052575597539544,0.5461775100557134,0.11565175408031791,0.9386940749827772
8,0,7,63,0.5461775100557134,0.66828295099549,0.1221054409397766,0.9386940749827772
8,0,7,64,0.66828295099549,0.7964975889772177,0.12821463798172772,0.9386940749827772
8,0,7,65,0.7964975889772177,0.9393947509815916,0.14289716200437397,0.9386940749827772
8,1,0,54,-0.015127246035262942,0.002418754040263593,0.017546000075526536,0.9254550139885396
8,1,0,55,0.002418754040263593,0.00889974704477936,0.006480993004515767,0.9254550139885396
8,1,0,56,0.00889974704477936,0.024065335048362613,0.015165588003583252,0.9254550139885396
8,1,0,57,0.024065335048362613,0.10334946296643466,0.07928412791807204,0.9254550139885396
8,1,0,58,0.10334946296643466,0.20330271101556718,0.09995324804913253,0.9254550139885396
8,1,0,59,0.20330271101556718,0.30702324700541794,0.10372053598985076,0.9254550139885396
8,1,0,60,0.30702324700541794,0.41726047301199287,0.11023722600657493,0.9254550139885396
8,1,0,61,0.41726047301199287,0.5328638070495799,0.11560333403758705,0.9254550139885396
8,1,0,62,0.5328638070495799,0.6551885600201786,0.12232475297059864,0.9254550139885396
8,1,0,63,0.6551885600201786,0.7839617050485685,0.12877314502839,0.9254550139885396
8,1,0,64,0.7839617050485685,0.9257355149602517,0.1417738099116832,0.9254550139885396
8,1,1,57,-0.015219614957459271,0.002312130993232131,0.017531745950691402,0.9254550139885396
8,1,1,58,0.002312130993232131,0.008804604061879218,0.006492473068647087,0.9254550139885396
8,1,1,59,0.008804604061879218,0.023935675038956106,0.015131070977076888,0.9254550139885396
8,1,1,60,0.023935675038956106,0.10323794407304376,0.07930226903408766,0.9254550139885396
8,1,1,61,0.10323794407304376,0.2031762470724061,0.09993830299936235,0.9254550139885396
8,1,1,62,0.2031762470724061,0.30691698705777526,0.10374073998536915,0.9254550139885396
8,1,1,63,0.30691698705777526,0.4171531010651961,0.11023611400742084,0.9254550139885396
8,1,1,64,0.4171531010651961,0.5327482500579208,0.11559514899272472,0.9254550139885396
8,1,1,65,0.5327482500579208,0.6550775379873812,0.1223292879294604,0.9254550139885396
8,1,1,66,0.6550775379873812,0.7838508590357378,0.1287733210483566,0.9254550139885396
8,1,1,67,0.7838508590357378,0.9256214339984581,0.14177057496272027,0.9254550139885396
8,1,2,56,-0.015008226037025452,0.002521718037314713,0.017529944074340165,0.9254550139885396
8,1,2,57,0.002521718037314713,0.00901891605462879,0.006497198017314076,0.9254550139885396
8,1,2,58,0.00901891605462879,0.024157101986929774,0.015138185932300985,0.9254550139885396
8,1,2,59,0.024157101986929774,0.10345055803190917,0.0792934560449794,0.9254550139885396
8,1,2,60,0.10345055803190917,0.20341426599770784,0.09996370796579868,0.9254550139885396
8,1,2,61,0.20341426599770784,0.3071210670750588,0.10370680107735097,0.9254550139885396
8,1,2,62,0.3071210670750588,0.41736068204045296,0.11023961496539414,0.9254550139885396
8,1,2,63,0.41736068204045296,0.5329674349632114,0.11560675292275846,0.9254550139885396
8,1,2,64,0.5329674349632114,0.6552904910640791,0.12232305610086769,0.9254550139885396
8,1,2,65,0.6552904910640791,0.7840599400224164,0.1287694489583373,0.9254550139885396
8,1,2,66,0.7840599400224164,0.9259047739906237,0.14184483396820724,0.9254550139885396
8,1,3,58,-0.015170420985668898,0.00236467900685966,0.017535099992528558,0.9254550139885396
8,1,3,59,0.00236467900685966,0.008853901061229408,0.006489222054369748,0.9254550139885396
8,1,3,60,0.008853901061229408,0.023983785999007523,0.015129884937778115,0.9254550139885396
8,1,3,61,0.023983785999007523,0.10329714196268469,0.07931335596367717,0.9254550139885396
8,1,3,62,0.10329714196268469,0.2032437650486827,0.099946623085998,0.9254550139885396
8,1,3,63,0.2032437650486827,0.30697253404650837,0.10372876899782568,0.9254550139885396
8,1,3,64,0.30697253404650837,0.417208640021272,0.11023610597476363,0.9254550139885396
8,1,3,65,0.417208640021272,0.5328090050024912,0.11560036498121917,0.9254550139885396
8,1,3,66,0.5328090050024912,0.655134784989059,0.1223257799865678,0.9254550139885396
8,1,3,67,0.655134784989059,0.7839121620636433,0.12877737707458436,0.9254550139885396
8,1,3,68,0.7839121620636433,0.925683084060438,0.14177092199679464,0.9254550139885396
8,1,4,56,-0.014965606038458645,0.0025706470478326082,0.017536253086291254,0.9254550139885396
8,1,4,57,0.0025706470478326082,0.009065167047083378,0.00649451999925077,0.9254550139885396
8,1,4,58,0.009065167047083378,0.024201247026212513,0.015136079979129136,0.9254550139885396
8,1,4,59,0.024201247026212513,0.10349875804968178,0.07929751102346927,0.9254550139885396
8,1,4,60,0.10349875804968178,0.20346754998899996,0.09996879193931818,0.9254550139885396
8,1,4,61,0.20346754998899996,0.3071714530233294,0.10370390303432941,0.9254550139885396
8,1,4,62,0.3071714530233294,0.41740818007383496,0.11023672705050558,0.9254550139885396
8,1,4,63,0.41740818007383496,0.5330156959826127,0.11560751590877771,0.9254550139885396
8,1,4,64,0.5330156959826127,0.6553403430152684,0.12232464703265578,0.9254550139885396
8,1,4,65,0.6553403430152684,0.784107533050701,0.12876719003543258,0.9254550139885396
8,1,4,66,0.784107533050701,0.9259689430473372,0.1418614099966362,0.9254550139885396
8,1,5,54,-0.01530393399298191,0.0022499889601022005,0.01755392295308411,0.9254550139885396
8,1,5,55,0.0022499889601022005,0.008717169985175133,0.006467181025072932,0.9254550139885396
8,1,5,56,0.008717169985175133,0.023862957023084164,0.015145787037909031,0.9254550139885396
8,1,5,57,0.023862957023084164,0.103088652016595,0.07922569499351084,0.9254550139885396
8,1,5,58,0.103088652016595,0.2030118170659989,0.0999231650494039,0.9254550139885396
8,1,5,59,0.2030118170659989,0.3068323030602187,0.10382048599421978,0.9254550139885396
8,1,5,60,0.3068323030602187,0.4170629190048203,0.1102306159446016,0.9254550139885396
8,1,5,61,0.4170629190048203,0.5326140449615195,0.11555112595669925,0.9254550139885396
8,1,5,62,0.5326140449615195,0.654989217990078,0.12237517302855849,0.9254550139885396
8,1,5,63,0.654989217990078,0.7837523650377989,0.12876314704772085,0.9254550139885396
8,1,5,64,0.7837523650377989,0.9255626350641251,0.14181027002632618,0.9254550139885396
8,1,6,55,-0.015052792965434492,0.002471233019605279,0.01752402598503977,0.9254550139885396
8,1,6,56,0.002471233019605279,0.008946486981585622,0.006475253961980343,0.9254550139885396
8,1,6,57,0.008946486981585622,0.02411257300991565,0.015166086028330028,0.9254550139885396
8,1,6,58,0.02411257300991565,0.10340126301161945,0.0792886900017038,0.9254550139885396
8,1,6,59,0.10340126301161945,0.20335970597807318,0.09995844296645373,0.9254550139885396
8,1,6,60,0.20335970597807318,0.3070728520397097,0.10371314606163651,0.9254550139885396
8,1,6,61,0.3070728520397097,0.41731145803350955,0.11023860599379987,0.9254550139885396
8,1,6,62,0.41731145803350955,0.532915796036832,0.11560433800332248,0.9254550139885396
8,1,6,63,0.532915796036832,0.6552414189791307,0.12232562294229865,0.9254550139885396
8,1,6,64,0.6552414189791307,0.7840105330105871,0.1287691140314564,0.9254550139885396
8,1,6,65,0.7840105330105871,0.9258367710281163,0.14182623801752925,0.9254550139885396
8,1,7,55,-0.0149225490167737,0.0026207020273432136,0.017543251044116914,0.9254550139885396
8,1,7,56,0.0026207020273432136,0.00910932500846684,0.006488622981123626,0.9254550139885396
8,1,7,57,0.00910932500846684,0.024246294982731342,0.015136969974264503,0.9254550139885396
8,1,7,58,0.024246294982731342,0.10354768496472389,0.07930138998199254,0.9254550139885396
8,1,7,59,0.10354768496472389,0.20352183002978563,0.09997414506506175,0.9254550139885396
8,1,7,60,0.20352183002978563,0.30722062406130135,0.10369879403151572,0.9254550139885396
8,1,7,61,0.30722062406130135,0.4174545550486073,0.11023393098730594,0.9254550139885396
8,1,7,62,0.4174545550486073,0.5330656790174544,0.1156111239688471,0.9254550139885396
8,1,7,63,0.5330656790174544,0.6553893419913948,0.12232366297394037,0.9254550139885396
8,1,7,64,0.6553893419913948,0.7841530150035396,0.12876367301214486,0.9254550139885396
8,1,7,65,0.7841530150035396,0.9260338749736547,0.14188085997011513,0.9254550139885396
8,2,0,56,-0.0067241640063002706,0.006999110919423401,0.013723274925723672,0.9371911899652332
8,2,0,57,0.006999110919423401,0.016548421932384372,0.00954931101296097,0.9371911899652332
8,2,0,58,0.016548421932384372,0.0323751550167799,0.015826733084395528,0.9371911899652332
8,2,0,59,0.0323751550167799,0.11461074196267873,0.08223558694589883,0.9371911899652332
8,2,0,60,0.11461074196267873,0.21265950391534716,0.09804876195266843,0.9371911899652332
8,2,0,61,0.21265950391534716,0.3163026350084692,0.10364313109312207,0.9371911899652332
8,2,0,62,0.3163026350084692,0.42635304399300367,0.11005040898453444,0.9371911899652332
8,2,0,63,0.42635304399300367,0.5408105049282312,0.11445746093522757,0.9371911899652332
8,2,0,64,0.5408105049282312,0.6629979909630492,0.122187486034818,0.9371911899652332
8,2,0,65,0.6629979909630492,0.792881081928499,0.1298830909654498,0.9371911899652332
8,2,0,66,0.792881081928499,0.936126809916459,0.14324572798795998,0.9371911899652332
8,2,0,67,0.936126809916459,0.9382498259656131,0.002123016049154103,0.9371911899652332
8,2,1,58,-0.0069922670954838395,0.006665915949270129,0.013658183044753969,0.9371911899652332
8,2,1,59,0.006665915949270129,0.016252044937573373,0.009586128988303244,0.9371911899652332
8,2,1,60,0.016252044937573373,0.03207956091500819,0.015827515977434814,0.9371911899652332
8,2,1,61,0.03207956091500819,0.11430876690428704,0.08222920598927885,0.9371911899652332
8,2,1,62,0.11430876690428704,0.21236807794775814,0.0980593110434711,0.9371911899652332
8,2,1,63,0.21236807794775814,0.31589160999283195,0.10352353204507381,0.9371911899652332
8,2,1,64,0.31589160999283195,0.4259603669634089,0.11006875697057694,0.9371911899652332
8,2,1,65,0.4259603669634089,0.5404642649227753,0.11450389795936644,0.9371911899652332
8,2,1,66,0.5404642649227753,0.6627101699123159,0.12224590498954058,0.9371911899652332
8,2,1,67,0.6627101699123159,0.7925130589865148,0.1298028890741989,0.9371911899652332
8,2,1,68,0.7925130589865148,0.935581803903915,0.14306874491740018,0.9371911899652332
8,2,1,69,0.935581803903915,0.937935879919678,0.0023540760157629848,0.9371911899652332
8,2,2,57,-0.006848784047178924,0.006821724004112184,0.013670508051291108,0.9371911899652332
8,2,2,58,0.006821724004112184,0.01638059690594673,0.009558872901834548,0.9371911899652332
8,2,2,59,0.01638059690594673,0.03220415790565312,0.015823560999706388,0.9371911899652332
8,2,2,60,0.03220415790565312,0.11445322597865015,0.08224906807299703,0.9371911899652332
8,2,2,61,0.11445322597865015,0.21251225797459483,0.09805903199594468,0.9371911899652332
8,2,2,62,0.21251225797459483,0.31610165594611317,0.10358939797151834,0.9371911899652332
8,2,2,63,0.31610165594611317,0.4261965570040047,0.11009490105789155,0.9371911899652332
8,2,2,64,0.4261965570040047,0.5406648189527914,0.11446826194878668,0.9371911899652332
8,2,2,65,0.5406648189527914,0.6628509350121021,0.12218611605931073,0.9371911899652332
8,2,2,66,0.6628509350121021,0.7927355889696628,0.12988465395756066,0.9371911899652332
8,2,2,67,0.7927355889696628,0.9357239499222487,0.14298836095258594,0.9371911899652332
8,2,2,68,0.9357239499222487,0.9380820209626108,0.0023580710403621197,0.9371911899652332
8,2,3,58,-0.00676370901055634,0.006924737012013793,0.013688446022570133,0.9371911899652332
8,2,3,59,0.006924737012013793,0.0165017859544605,0.009577048942446709,0.9371911899652332
8,2,3,60,0.0165017859544605,0.03233312594238669,0.015831339987926185,0.9371911899652332
8,2,3,61,0.03233312594238669,0.11455903691239655,0.08222591097000986,0.9371911899652332
8,2,3,62,0.11455903691239655,0.2126113889971748,0.09805235208477825,0.9371911899652332
8,2,3,63,0.2126113889971748,0.31621378497220576,0.10360239597503096,0.9371911899652332
8,2,3,64,0.31621378497220576,0.4263016409240663,0.11008785595186055,0.9371911899652332
8,2,3,65,0.4263016409240663,0.5407637429889292,0.11446210206486285,0.9371911899652332
8,2,3,66,0.5407637429889292,0.6629492649808526,0.12218552199192345,0.9371911899652332
8,2,3,67,0.6629492649808526,0.7928335159085691,0.1298842509277165,0.9371911899652332
8,2,3,68,0.7928335159085691,0.9360680859535933,0.14323457004502416,0.9371911899652332
8,2,3,69,0.9360680859535933,0.9381942269392312,0.002126140985637903,0.9371911899652332
8,2,4,56,-0.006930887000635266,0.006767242914065719,0.013698129914700985,0.9371911899652332
8,2,4,57,0.006767242914065719,0.01633151399437338,0.009564271080307662,0.9371911899652332
8,2,4,58,0.01633151399437338,0.03215356997679919,0.01582205598242581,0.9371911899652332
8,2,4,59,0.03215356997679919,0.11439717991743237,0.08224360994063318,0.9371911899652332
8,2,4,60,0.11439717991743237,0.21245593600906432,0.09805875609163195,0.9371911899652332
8,2,4,61,0.21245593600906432,0.3160303379409015,0.1035744019318372,0.9371911899652332
8,2,4,62,0.3160303379409015,0.42613565898500383,0.11010532104410231,0.9371911899652332
8,2,4,63,0.42613565898500383,0.5406094219069928,0.11447376292198896,0.9371911899652332
8,2,4,64,0.5406094219069928,0.6627951739355922,0.12218575202859938,0.9371911899652332
8,2,4,65,0.6627951739355922,0.7926746569573879,0.12987948302179575,0.9371911899652332
8,2,4,66,0.7926746569573879,0.9356601029867306,0.1429854460293427,0.9371911899652332
8,2,4,67,0.9356601029867306,0.9380126729374751,0.0023525699507445097,0.9371911899652332
8,2,5,55,-0.006644967012107372,0.007108742953278124,0.013753709965385497,0.9371911899652332
8,2,5,56,0.007108742953278124,0.016637336928397417,0.009528593975119293,0.9371911899652332
8,2,5,57,0.016637336928397417,0.0324592279503122,0.01582189102191478,0.9371911899652332
8,2,5,58,0.0324592279503122,0.11471046297810972,0.08225123502779752,0.9371911899652332
8,2,5,59,0.11471046297810972,0.2127510509453714,0.09804058796726167,0.9371911899652332
8,2,5,60,0.2127510509453714,0.31640980299562216,0.10365875205025077,0.9371911899652332
8,2,5,61,0.31640980299562216,0.42645369097590446,0.1100438879802823,0.9371911899652332
8,2,5,62,0.42645369097590446,0.540902180946432,0.11444848997052759,0.9371911899652332
8,2,5,63,0.540902180946432,0.6631065959809348,0.12220441503450274,0.9371911899652332
8,2,5,64,0.6631065959809348,0.7929732219781727,0.12986662599723786,0.9371911899652332
8,2,5,65,0.7929732219781727,0.9362411559559405,0.14326793397776783,0.9371911899652332
8,2,5,66,0.9362411559559405,0.9383581329602748,0.0021169770043343306,0.9371911899652332
8,2,6,55,-0.006803167052567005,0.006873825914226472,0.013676992966793478,0.9371911899652332
8,2,6,56,0.006873825914226472,0.016426799003966153,0.00955297308973968,0.9371911899652332
8,2,6,57,0.016426799003966153,0.032288916991092265,0.015862117987126112,0.9371911899652332
8,2,6,58,0.032288916991092265,0.11450676491949707,0.08221784792840481,0.9371911899652332
8,2,6,59,0.11450676491949707,0.2125631219241768,0.09805635700467974,0.9371911899652332
8,2,6,60,0.2125631219241768,0.31615827896166593,0.10359515703748912,0.9371911899652332
8,2,6,61,0.31615827896166593,0.42624980898108333,0.1100915300194174,0.9371911899652332
8,2,6,62,0.42624980898108333,0.5407154699787498,0.11446566099766642,0.9371911899652332
8,2,6,63,0.5407154699787498,0.6628998370142654,0.1221843670355156,0.9371911899652332
8,2,6,64,0.6628998370142654,0.7927853509318084,0.129885513917543,0.9371911899652332
8,2,6,65,0.7927853509318084,0.9359156920108944,0.14313034107908607,0.9371911899652332
8,2,6,66,0.9359156920108944,0.9381389690097421,0.002223276998847723,0.9371911899652332
8,2,7,54,-0.006684250081889331,0.007058714982122183,0.013742965064011514,0.9371911899652332
8,2,7,55,0.007058714982122183,0.016592958942055702,0.00953424395993352,0.9371911899652332
8,2,7,56,0.016592958942055702,0.032416476984508336,0.015823518042452633,0.9371911899652332
8,2,7,57,0.032416476984508336,0.11466035398188978,0.08224387699738145,0.9371911899652332
8,2,7,58,0.11466035398188978,0.2127062239451334,0.0980458699632436,0.9371911899652332
8,2,7,59,0.2127062239451334,0.3163576249498874,0.103651401004754,0.9371911899652332
8,2,7,60,0.3163576249498874,0.42640313296578825,0.11004550801590085,0.9371911899652332
8,2,7,61,0.42640313296578825,0.5408562009688467,0.11445306800305843,0.9371911899652332
8,2,7,62,0.5408562009688467,0.6630482929758728,0.12219209200702608,0.9371911899652332
8,2,7,63,0.6630482929758728,0.7929284139536321,0.12988012097775936,0.9371911899652332
8,2,7,64,0.7929284139536321,0.9361833209404722,0.14325490698684007,0.9371911899652332
8,2,7,65,0.9361833209404722,0.9383054620120674,0.0021221410715952516,0.9371911899652332
16,0,0,25,-0.008035316946916282,0.004588037030771375,0.012623353977687657,0.9464416130213067
16,0,0,26,0.004588037030771375,0.01636687107384205,0.011778834043070674,0.9464416130213067
16,0,0,27,0.01636687107384205,0.031349227065220475,0.014982355991378427,0.9464416130213067
16,0,0,28,0.031349227065220475,0.11787346506025642,0.08652423799503595,0.9464416130213067
16,0,0,29,0.11787346506025642,0.21892484999261796,0.10105138493236154,0.9464416130213067
16,0,0,30,0.21892484999261796,0.323035423993133,0.10411057400051504,0.9464416130213067
16,0,0,31,0.323035423993133,0.434072433039546,0.111037009046413,0.9464416130213067
16,0,0,32,0.434072433039546,0.5496400890406221,0.1155676560010761,0.9464416130213067
16,0,0,33,0.5496400890406221,0.672460108064115,0.12282001902349293,0.9464416130213067
16,0,0,34,0.672460108064115,0.8189440090209246,0.14648390095680952,0.9464416130213067
16,0,0,35,0.8189440090209246,0.9439744510455057,0.12503044202458113,0.9464416130213067
16,0,0,36,0.9439744510455057,0.9478147230111063,0.00384027196560055,0.9464416130213067
16,0,1,22,-0.007991323014721274,0.004712881054729223,0.012704204069450498,0.9464416130213067
16,0,1,23,0.004712881054729223,0.01649479696061462,0.011781915905885398,0.9464416130213067
16,0,1,24,0.01649479696061462,0.03146645799279213,0.014971661032177508,0.9464416130213067
16,0,1,25,0.03146645799279213,0.11800062097609043,0.0865341629832983,0.9464416130213067
16,0,1,26,0.11800062097609043,0.21898040198720992,0.10097978101111948,0.9464416130213067
16,0,1,27,0.21898040198720992,0.32309127098415047,0.10411086899694055,0.9464416130213067
16,0,1,28,0.32309127098415047,0.4341230579884723,0.11103178700432181,0.9464416130213067
16,0,1,29,0.4341230579884723,0.5496930030640215,0.11556994507554919,0.9464416130213067
16,0,1,30,0.5496930030640215,0.6725245660636574,0.12283156299963593,0.9464416130213067
16,0,1,31,0.6725245660636574,0.8190052760764956,0.14648071001283824,0.9464416130213067
16,0,1,32,0.8190052760764956,0.9440340009750798,0.1250287248985842,0.9464416130213067
16,0,1,33,0.9440340009750798,0.9478745380183682,0.00384053704328835,0.9464416130213067
16,0,2,30,-0.008082479937002063,0.004523077979683876,0.012605557916685939,0.9464416130213067
16,0,2,31,0.004523077979683876,0.016303183045238256,0.01178010506555438,0.9464416130213067
16,0,2,32,0.016303183045238256,0.03129474900197238,0.01499156595673412,0.9464416130213067
16,0,2,33,0.03129474900197238,0.11781744402833283,0.08652269502636045,0.9464416130213067
16,0,2,34,0.11781744402833283,0.2188668519956991,0.10104940796736628,0.9464416130213067
16,0,2,35,0.2188668519956991,0.3229779159883037,0.10411106399260461,0.9464416130213067
16,0,2,36,0.3229779159883037,0.4340197000419721,0.11104178405366838,0.9464416130213067
16,0,2,37,0.4340197000419721,0.549588410067372,0.11556871002539992,0.9464416130213067
16,0,2,38,0.549588410067372,0.6723822259809822,0.12279381591361016,0.9464416130213067
16,0,2,39,0.6723822259809822,0.8188825900433585,0.14650036406237632,0.9464416130213067
16,0,2,40,0.8188825900433585,0.9439114519627765,0.12502886191941798,0.9464416130213067
16,0,2,41,0.9439114519627765,0.9477516390616074,0.0038401870988309383,0.9464416130213067
16,0,3,28,-0.007713417988270521,0.005011294037103653,0.012724712025374174,0.9464416130213067
16,0,3,29,0.005011294037103653,0.016788625973276794,0.011777331936173141,0.9464416130213067
16,0,3,30,0.016788625973276794,0.03172318101860583,0.014934555045329034,0.9464416130213067
16,0,3,31,0.03172318101860583,0.11825823702383786,0.08653505600523204,0.9464416130213067
16,0,3,32,0.11825823702383786,0.21931277599651366,0.1010545389726758,0.9464416130213067
16,0,3,33,0.21931277599651366,0.32342760905157775,0.10411483305506408,0.9464416130213067
16,0,3,34,0.32342760905157775,0.4344518299913034,0.11102422093972564,0.9464416130213067
16,0,3,35,0.4344518299913034,0.5523020359687507,0.11785020597744733,0.9464416130213067
16,0,3,36,0.5523020359687507,0.6728091880213469,0.12050715205259621,0.9464416130213067
16,0,3,37,0.6728091880213469,0.8192739720689133,0.14646478404756635,0.9464416130213067
16,0,3,38,0.8192739720689133,0.9443169579608366,0.1250429858919233,0.9464416130213067
16,0,3,39,0.9443169579608366,0.9481431890744716,0.0038262311136350036,0.9464416130213067
16,0,4,26,-0.007579008932225406,0.005172093049623072,0.012751101981848478,0.9464416130213067
16,0,4,27,0.005172093049623072,0.016956100007519126,0.011784006957896054,0.9464416130213067
16,0,4,28,0.016956100007519126,0.03187543002422899,0.014919330016709864,0.9464416130213067
16,0,4,29,0.03187543002422899,0.11843155499082059,0.0865561249665916,0.9464416130213067
16,0,4,30,0.11843155499082059,0.21946941502392292,0.10103786003310233,0.9464416130213067
16,0,4,31,0.21946941502392292,0.32358104398008436,0.10411162895616144,0.9464416130213067
16,0,4,32,0.32358104398008436,0.4345943310763687,0.11101328709628433,0.9464416130213067
16,0,4,33,0.4345943310763687,0.5525321699678898,0.1179378388915211,0.9464416130213067
16,0,4,34,0.5525321699678898,0.6729667440522462,0.12043457408435643,0.9464416130213067
16,0,4,35,0.6729667440522462,0.819430519011803,0.14646377495955676,0.9464416130213067
16,0,4,36,0.819430519011803,0.9444799060001969,0.12504938698839396,0.9464416130213067
16,0,4,37,0.9444799060001969,0.9483022050699219,0.003822299069724977,0.9464416130213067
16,0,5,29,-0.007870496017858386,0.00483990297652781,0.012710398994386196,0.9464416130213067
16,0,5,30,0.00483990297652781,0.016613719053566456,0.011773816077038646,0.9464416130213067
16,0,5,31,0.016613719053566456,0.031574132037349045,0.01496041298378259,0.9464416130213067
16,0,5,32,0.031574132037349045,0.11810699000488967,0.08653285796754062,0.9464416130213067
16,0,5,33,0.11810699000488967,0.21908898698166013,0.10098199697677046,0.9464416130213067
16,0,5,34,0.21908898698166013,0.32319760706741363,0.1041086200857535,0.9464416130213067
16,0,5,35,0.32319760706741363,0.43422274896875024,0.11102514190133661,0.9464416130213067
16,0,5,36,0.43422274896875024,0.5518856920534745,0.11766294308472425,0.9464416130213067
16,0,5,37,0.5518856920534745,0.6726444660453126,0.1207587739918381,0.9464416130213067
16,0,5,38,0.6726444660453126,0.8191153090447187,0.14647084299940616,0.9464416130213067
16,0,5,39,0.8191153090447187,0.9441487130243331,0.12503340397961438,0.9464416130213067
16,0,5,40,0.9441487130243331,0.9479835029924288,0.00383478996809572,0.9464416130213067
16,0,6,25,-0.007491576950997114,0.005279826000332832,0.012771402951329947,0.9464416130213067
16,0,6,26,0.005279826000332832,0.017065362073481083,0.01178553607314825,0.9464416130213067
16,0,6,27,0.017065362073481083,0.03197071701288223,0.01490535493940115,0.9464416130213067
16,0,6,28,0.03197071701288223,0.11853128997609019,0.08656057296320796,0.9464416130213067
16,0,6,29,0.11853128997609019,0.2195748049998656,0.1010435150237754,0.9464416130213067
16,0,6,30,0.2195748049998656,0.3236846550134942,0.1041098500136286,0.9464416130213067
16,0,6,31,0.3236846550134942,0.43468928104266524,0.11100462602917105,0.9464416130213067
16,0,6,32,0.43468928104266524,0.5526701940689236,0.11798091302625835,0.9464416130213067
16,0,6,33,0.5526701940689236,0.6730675189755857,0.1203973249066621,0.9464416130213067
16,0,6,34,0.6730675189755857,0.8195305370027199,0.14646301802713424,0.9464416130213067
16,0,6,35,0.8195305370027199,0.944585315999575,0.12505477899685502,0.9464416130213067
16,0,6,36,0.944585315999575,0.9484069800237194,0.003821664024144411,0.9464416130213067
16,0,7,27,-0.007623487035743892,0.00511983607430011,0.012743323110044003,0.9464416130213067
16,0,7,28,0.00511983607430011,0.01690126198809594,0.011781425913795829,0.9464416130213067
16,0,7,29,0.01690126198809594,0.031829023035243154,0.014927761047147214,0.9464416130213067
16,0,7,30,0.031829023035243154,0.11835579003673047,0.08652676700148731,0.9464416130213067
16,0,7,31,0.11835579003673047,0.219417865970172,0.10106207593344152,0.9464416130213067
16,0,7,32,0.219417865970172,0.323531880043447,0.10411401407327503,0.9464416130213067
16,0,7,33,0.323531880043447,0.4345476219896227,0.1110157419461757,0.9464416130213067
16,0,7,34,0.4345476219896227,0.552466691005975,0.1179190690163523,0.9464416130213067
16,0,7,35,0.552466691005975,0.67291413503699,0.12044744403101504,0.9464416130213067
16,0,7,36,0.67291413503699,0.8193813230609521,0.14646718802396208,0.9464416130213067
16,0,7,37,0.8193813230609521,0.9444268250372261,0.12504550197627395,0.9464416130213067
16,0,7,38,0.9444268250372261,0.9482514620758593,0.0038246370386332273,0.9464416130213067
16,0,8,27,-0.00794574897736311,0.004781126976013184,0.012726875953376293,0.9464416130213067
16,0,8,28,0.004781126976013184,0.016555833048187196,0.011774706072174013,0.9464416130213067
16,0,8,29,0.016555833048187196,0.03152313001919538,0.014967296971008182,0.9464416130213067
16,0,8,30,0.03152313001919538,0.11805674701463431,0.08653361699543893,0.9464416130213067
16,0,8,31,0.11805674701463431,0.21903596597258002,0.1009792189579457,0.9464416130213067
16,0,8,32,0.21903596597258002,0.3231447630096227,0.10410879703704268,0.9464416130213067
16,0,8,33,0.3231447630096227,0.43417421099729836,0.11102944798767567,0.9464416130213067
16,0,8,34,0.43417421099729836,0.5497428530361503,0.11556864203885198,0.9464416130213067
16,0,8,35,0.5497428530361503,0.6725876290583983,0.12284477602224797,0.9464416130213067
16,0,8,36,0.6725876290583983,0.8190627329749987,0.14647510391660035,0.9464416130213067
16,0,8,37,0.8190627329749987,0.9440914479782805,0.12502871500328183,0.9464416130213067
16,0,8,38,0.9440914479782805,0.9479288869770244,0.0038374389987438917,0.9464416130213067
16,0,9,28,-0.00813347997609526,0.0044077340280637145,0.012541214004158974,0.9464416130213067
16,0,9,29,0.0044077340280637145,0.016232555033639073,0.011824821005575359,0.9464416130213067
16,0,9,30,0.016232555033639073,0.031235369970090687,0.015002814936451614,0.9464416130213067
16,0,9,31,0.031235369970090687,0.11774856701958925,0.08651319704949856,0.9464416130213067
16,0,9,32,0.11774856701958925,0.21879763202741742,0.10104906500782818,0.9464416130213067
16,0,9,33,0.21879763202741742,0.3229127550730482,0.10411512304563075,0.9464416130213067
16,0,9,34,0.3229127550730482,0.4339581310050562,0.11104537593200803,0.9464416130213067
16,0,9,35,0.4339581310050562,0.5495273290434852,0.11556919803842902,0.9464416130213067
16,0,9,36,0.5495273290434852,0.6723020100034773,0.12277468095999211,0.9464416130213067
16,0,9,37,0.6723020100034773,0.818814761005342,0.14651275100186467,0.9464416130213067
16,0,9,38,0.818814761005342,0.9438490000320598,0.12503423902671784,0.9464416130213067
16,0,9,39,0.9438490000320598,0.947690809960477,0.003841809928417206,0.9464416130213067
16,0,10,23,-0.00753483094740659,0.00522671896032989,0.01276154990773648,0.9464416130213067
16,0,10,24,0.00522671896032989,0.017009539995342493,0.011782821035012603,0.9464416130213067
16,0,10,25,0.017009539995342493,0.03192193200811744,0.014912392012774944,0.9464416130213067
16,0,10,26,0.03192193200811744,0.11848131299484521,0.08655938098672777,0.9464416130213067
16,0,10,27,0.11848131299484521,0.2195228299824521,0.10104151698760688,0.9464416130213067
16,0,10,28,0.2195228299824521,0.32363111001905054,0.10410828003659844,0.9464416130213067
16,0,10,29,0.32363111001905054,0.43464157404378057,0.11101046402473003,0.9464416130213067
16,0,10,30,0.43464157404378057,0.5526009280001745,0.1179593539563939,0.9464416130213067
16,0,10,31,0.5526009280001745,0.6730167419882491,0.12041581398807466,0.9464416130213067
16,0,10,32,0.6730167419882491,0.8194792320718989,0.14646249008364975,0.9464416130213067
16,0,10,33,0.8194792320718989,0.9445325089618564,0.1250532768899575,0.9464416130213067
16,0,10,34,0.9445325089618564,0.9483544690301642,0.003821960068307817,0.9464416130213067
16,0,11,26,-0.00822226598393172,0.004332964075729251,0.012555230059660971,0.9464416130213067
16,0,11,27,0.004332964075729251,0.016080458066426218,0.011747493990696967,0.9464416130213067
16,0,11,28,0.016080458066426218,0.031104217981919646,0.015023759915493429,0.9464416130213067
16,0,11,29,0.031104217981919646,0.11761142907198519,0.08650721109006554,0.9464416130213067
16,0,11,30,0.11761142907198519,0.21860989299602807,0.10099846392404288,0.9464416130213067
16,0,11,31,0.21860989299602807,0.32274811202660203,0.10413821903057396,0.9464416130213067
16,0,11,32,0.32274811202660203,0.4338073859689757,0.11105927394237369,0.9464416130213067
16,0,11,33,0.4338073859689757,0.549257899983786,0.11545051401481032,0.9464416130213067
16,0,11,34,0.549257899983786,0.6719302049605176,0.12267230497673154,0.9464416130213067
16,0,11,35,0.6719302049605176,0.818484905990772,0.14655470103025436,0.9464416130213067
16,0,11,36,0.818484905990772,0.9437732000369579,0.1252882940461859,0.9464416130213067
16,0,11,37,0.9437732000369579,0.9476188609842211,0.003845660947263241,0.9464416130213067
16,0,12,24,-0.007824884029105306,0.004898095969110727,0.012722979998216033,0.9464416130213067
16,0,12,25,0.004898095969110727,0.016670954995788634,0.011772859026677907,0.9464416130213067
16,0,12,26,0.016670954995788634,0.031622370006516576,0.014951415010727942,0.9464416130213067
16,0,12,27,0.031622370006516576,0.1181580270640552,0.08653565705753863,0.9464416130213067
16,0,12,28,0.1181580270640552,0.21914131997618824,0.10098329291213304,0.9464416130213067
16,0,12,29,0.21914131997618824,0.3233229740289971,0.10418165405280888,0.9464416130213067
16,0,12,30,0.3233229740289971,0.4342719679698348,0.11094899394083768,0.9464416130213067
16,0,12,31,0.4342719679698348,0.5521005670307204,0.11782859906088561,0.9464416130213067
16,0,12,32,0.5521005670307204,0.6726971640018746,0.12059659697115421,0.9464416130213067
16,0,12,33,0.6726971640018746,0.8191684579942375,0.14647129399236292,0.9464416130213067
16,0,12,34,0.8191684579942375,0.9442055739928037,0.12503711599856615,0.9464416130213067
16,0,12,35,0.9442055739928037,0.9480391800170764,0.00383360602427274,0.9464416130213067
16,0,13,22,-0.007780320942401886,0.004955390002578497,0.012735710944980383,0.9464416130213067
16,0,13,23,0.004955390002578497,0.016727745067328215,0.011772355064749718,0.9464416130213067
16,0,13,24,0.016727745067328215,0.031671909033320844,0.01494416396599263,0.9464416130213067
16,0,13,25,0.031671909033320844,0.11820758203975856,0.08653567300643772,0.9464416130213067
16,0,13,26,0.11820758203975856,0.21925675007514656,0.10104916803538799,0.9464416130213067
16,0,13,27,0.21925675007514656,0.323377414024435,0.10412066394928843,0.9464416130213067
16,0,13,28,0.323377414024435,0.4343988460022956,0.11102143197786063,0.9464416130213067
16,0,13,29,0.4343988460022956,0.5521968899993226,0.11779804399702698,0.9464416130213067
16,0,13,30,0.5521968899993226,0.672751095960848,0.12055420596152544,0.9464416130213067
16,0,13,31,0.672751095960848,0.8192213859874755,0.14647029002662748,0.9464416130213067
16,0,13,32,0.8192213859874755,0.9442602900089696,0.1250389040214941,0.9464416130213067
16,0,13,33,0.9442602900089696,0.9480906879762188,0.003830397967249155,0.9464416130213067
16,0,14,23,-0.007666765013709664,0.005065020057372749,0.012731785071082413,0.9464416130213067
16,0,14,24,0.005065020057372749,0.016845318023115396,0.011780297965742648,0.9464416130213067
16,0,14,25,0.016845318023115396,0.03177968296222389,0.014934364939108491,0.9464416130213067
16,0,14,26,0.03177968296222389,0.11830830504186451,0.08652862207964063,0.9464416130213067
16,0,14,27,0.11830830504186451,0.21936505800113082,0.1010567529592663,0.9464416130213067
16,0,14,28,0.21936505800113082,0.32348163903225213,0.10411658103112131,0.9464416130213067
16,0,14,29,0.32348163903225213,0.4344998450251296,0.11101820599287748,0.9464416130213067
16,0,14,30,0.4344998450251296,0.5523868660675362,0.11788702104240656,0.9464416130213067
16,0,14,31,0.5523868660675362,0.6728610839927569,0.12047421792522073,0.9464416130213067
16,0,14,32,0.6728610839927569,0.8193273299839348,0.14646624599117786,0.9464416130213067
16,0,14,33,0.8193273299839348,0.9443711920175701,0.12504386203363538,0.9464416130213067
16,0,14,34,0.9443711920175701,0.9481995200039819,0.0038283279864117503,0.9464416130213067
16,0,15,24,-0.007446729927323759,0.0053344659972935915,0.01278119592461735,0.9464416130213067
16,0,15,25,0.0053344659972935915,0.017119897063821554,0.011785431066527963,0.9464416130213067
16,0,15,26,0.017119897063821554,0.032018998987041414,0.01489910192321986,0.9464416130213067
16,0,15,27,0.032018998987041414,0.11857891001272947,0.08655991102568805,0.9464416130213067
16,0,15,28,0.11857891001272947,0.2196248120162636,0.10104590200353414,0.9464416130213067
16,0,15,29,0.2196248120162636,0.32373664306942374,0.10411183105316013,0.9464416130213067
16,0,15,30,0.32373664306942374,0.43473394901957363,0.1109973059501499,0.9464416130213067
16,0,15,31,0.43473394901957363,0.5527429500361905,0.11800900101661682,0.9464416130213067
16,0,15,32,0.5527429500361905,0.6731204299721867,0.12037747993599623,0.9464416130213067
16,0,15,33,0.6731204299721867,0.8196057609748095,0.14648533100262284,0.9464416130213067
16,0,15,34,0.8196057609748095,0.9446380579611287,0.12503229698631912,0.9464416130213067
16,0,15,35,0.9446380579611287,0.9484589820494875,0.003820924088358879,0.9464416130213067
16,1,0,30,-0.005137637024745345,0.0074986950494349,0.012636332074180245,0.9431738200364634
16,1,0,31,0.0074986950494349,0.018994349986314774,0.011495654936879873,0.9431738200364634
16,1,0,32,0.018994349986314774,0.03266887704376131,0.01367452705744654,0.9431738200364634
16,1,0,33,0.03266887704376131,0.11703629395924509,0.08436741691548377,0.9431738200364634
16,1,0,34,0.11703629395924509,0.21419965603854507,0.09716336207929999,0.9431738200364634
16,1,0,35,0.21419965603854507,0.3183149870019406,0.10411533096339554,0.9431738200364634
16,1,0,36,0.3183149870019406,0.4287486909888685,0.11043370398692787,0.9431738200364634
16,1,0,37,0.4287486909888685,0.5459862150019035,0.117237524013035,0.9431738200364634
16,1,0,38,0.5459862150019035,0.6673366790637374,0.12135046406183392,0.9431738200364634
16,1,0,39,0.6673366790637374,0.8005463670706376,0.13320968800690025,0.9431738200364634
16,1,0,40,0.8005463670706376,0.9437022770289332,0.14315590995829552,0.9431738200364634
16,1,1,29,-0.004905360983684659,0.0077459829626604915,0.01265134394634515,0.9431738200364634
16,1,1,30,0.0077459829626604915,0.019289285060949624,0.011543302098289132,0.9431738200364634
16,1,1,31,0.019289285060949624,0.03291353106033057,0.013624245999380946,0.9431738200364634
16,1,1,32,0.03291353106033057,0.11741069296840578,0.08449716190807521,0.9431738200364634
16,1,1,33,0.11741069296840578,0.21454248402733356,0.09713179105892777,0.9431738200364634
16,1,1,34,0.21454248402733356,0.31866918702144176,0.1041267029941082,0.9431738200364634
16,1,1,35,0.31866918702144176,0.4291495999787003,0.11048041295725852,0.9431738200364634
16,1,1,36,0.4291495999787003,0.5462707380065694,0.11712113802786916,0.9431738200364634
16,1,1,37,0.5462707380065694,0.6676029299851507,0.12133219197858125,0.9431738200364634
16,1,1,38,0.6676029299851507,0.8008176930015907,0.13321476301643997,0.9431738200364634
16,1,1,39,0.8008176930015907,0.944128978997469,0.14331128599587828,0.9431738200364634
16,1,2,28,-0.005090625025331974,0.007555437041446567,0.01264606206677854,0.9431738200364634
16,1,2,29,0.007555437041446567,0.01909734506625682,0.011541908024810255,0.9431738200364634
16,1,2,30,0.01909734506625682,0.03271457797382027,0.013617232907563448,0.9431738200364634
16,1,2,31,0.03271457797382027,0.11709505505859852,0.08438047708477825,0.9431738200364634
16,1,2,32,0.11709505505859852,0.2142577279591933,0.09716267290059477,0.9431738200364634
16,1,2,33,0.2142577279591933,0.3183752349577844,0.10411750699859113,0.9431738200364634
16,1,2,34,0.3183752349577844,0.42881516902707517,0.11043993406929076,0.9431738200364634
16,1,2,35,0.42881516902707517,0.5460522059584036,0.11723703693132848,0.9431738200364634
16,1,2,36,0.5460522059584036,0.6673937629675493,0.12134155700914562,0.9431738200364634
16,1,2,37,0.6673937629675493,0.8006083479849622,0.1332145850174129,0.9431738200364634
16,1,2,38,0.8006083479849622,0.9437938960036263,0.14318554801866412,0.9431738200364634
16,1,3,28,-0.005048049963079393,0.0076045970199629664,0.01265264698304236,0.9431738200364634
16,1,3,29,0.0076045970199629664,0.019153555971570313,0.011548958951607347,0.9431738200364634
16,1,3,30,0.019153555971570313,0.03275752498302609,0.013603969011455774,0.9431738200364634
16,1,3,31,0.03275752498302609,0.11725247104186565,0.08449494605883956,0.9431738200364634
16,1,3,32,0.11725247104186565,0.21430964104365557,0.09705717000178993,0.9431738200364634
16,1,3,33,0.21430964104365557,0.31843203597236425,0.10412239492870867,0.9431738200364634
16,1,3,34,0.31843203597236425,0.4288727539824322,0.11044071801006794,0.9431738200364634
16,1,3,35,0.4288727539824322,0.546107314992696,0.11723456101026386,0.9431738200364634
16,1,3,36,0.546107314992696,0.6674494190374389,0.12134210404474288,0.9431738200364634
16,1,3,37,0.6674494190374389,0.8006617920473218,0.13321237300988287,0.9431738200364634
16,1,3,38,0.8006617920473218,0.943879920989275,0.14321812894195318,0.9431738200364634
16,1,4,27,-0.004709471948444843,0.00796712702140212,0.012676598969846964,0.9431738200364634
16,1,4,28,0.00796712702140212,0.019470855011604726,0.011503727990202606,0.9431738200364634
16,1,4,29,0.019470855011604726,0.03311821504030377,0.01364736002869904,0.9431738200364634
16,1,4,30,0.03311821504030377,0.11760571505874395,0.08448750001844019,0.9431738200364634
16,1,4,31,0.11760571505874395,0.2147435899823904,0.09713787492364645,0.9431738200364634
16,1,4,32,0.2147435899823904,0.31887089798692614,0.10412730800453573,0.9431738200364634
16,1,4,33,0.31887089798692614,0.4293739720014855,0.11050307401455939,0.9431738200364634
16,1,4,34,0.4293739720014855,0.5469603940146044,0.11758642201311886,0.9431738200364634
16,1,4,35,0.5469603940146044,0.6678152770036831,0.12085488298907876,0.9431738200364634
16,1,4,36,0.6678152770036831,0.8010221209842712,0.13320684398058802,0.9431738200364634
16,1,4,37,0.8010221209842712,0.9444674149854109,0.1434452940011397,0.9431738200364634
16,1,5,26,-0.004668195964768529,0.008013427956029773,0.012681623920798302,0.9431738200364634
16,1,5,27,0.008013427956029773,0.019531934056431055,0.011518506100401282,0.9431738200364634
16,1,5,28,0.019531934056431055,0.033159286016598344,0.013627351960167289,0.9431738200364634
16,1,5,29,0.033159286016598344,0.11764963006135076,0.08449034404475242,0.9431738200364634
16,1,5,30,0.11764963006135076,0.21479086205363274,0.09714123199228197,0.9431738200364634
16,1,5,31,0.21479086205363274,0.3189150580437854,0.10412419599015266,0.9431738200364634
16,1,5,32,0.3189150580437854,0.42942556005436927,0.11051050201058388,0.9431738200364634
16,1,5,33,0.42942556005436927,0.5470150790642947,0.11758951900992543,0.9431738200364634
16,1,5,34,0.5470150790642947,0.6678638129960746,0.12084873393177986,0.9431738200364634
16,1,5,35,0.6678638129960746,0.8010716349817812,0.1332078219857067,0.9431738200364634
16,1,5,36,0.8010716349817812,0.9445456130197272,0.14347397803794593,0.9431738200364634
16,1,6,27,-0.004794331034645438,0.007846825057640672,0.01264115609228611,0.9431738200364634
16,1,6,28,0.007846825057640672,0.019388013053685427,0.011541187996044755,0.9431738200364634
16,1,6,29,0.019388013053685427,0.03299991297535598,0.013611899921670556,0.9431738200364634
16,1,6,30,0.03299991297535598,0.11751124798320234,0.08451133500784636,0.9431738200364634
16,1,6,31,0.11751124798320234,0.2146453430177644,0.09713409503456205,0.9431738200364634
16,1,6,32,0.2146453430177644,0.3187756290426478,0.10413028602488339,0.9431738200364634
16,1,6,33,0.3187756290426478,0.42926532099954784,0.11048969195690006,0.9431738200364634
16,1,6,34,0.42926532099954784,0.5467739710584283,0.11750865005888045,0.9431738200364634
16,1,6,35,0.5467739710584283,0.6677121389657259,0.12093816790729761,0.9431738200364634
16,1,6,36,0.6677121389657259,0.8009240489918739,0.13321191002614796,0.9431738200364634
16,1,6,37,0.8009240489918739,0.9443050039699301,0.14338095497805625,0.9431738200364634
16,1,7,23,-0.00485956494230777,0.007798501988872886,0.012658066931180656,0.9431738200364634
16,1,7,24,0.007798501988872886,0.019344788044691086,0.0115462860558182,0.9431738200364634
16,1,7,25,0.019344788044691086,0.03295924805570394,0.013614460011012852,0.9431738200364634
16,1,7,26,0.03295924805570394,0.11746314202900976,0.08450389397330582,0.9431738200364634
16,1,7,27,0.11746314202900976,0.21459525998216122,0.09713211795315146,0.9431738200364634
16,1,7,28,0.21459525998216122,0.3187255250522867,0.10413026507012546,0.9431738200364634
16,1,7,29,0.3187255250522867,0.429209043039009,0.11048351798672229,0.9431738200364634
16,1,7,30,0.429209043039009,0.5463238430675119,0.11711480002850294,0.9431738200364634
16,1,7,31,0.5463238430675119,0.6676597910700366,0.12133594800252467,0.9431738200364634
16,1,7,32,0.6676597910700366,0.8008745800470933,0.13321478897705674,0.9431738200364634
16,1,7,33,0.8008745800470933,0.9442196510499343,0.143345071002841,0.9431738200364634
16,1,8,25,-0.004544671974144876,0.008153698057867587,0.012698370032012463,0.9431738200364634
16,1,8,26,0.008153698057867587,0.01965592196211219,0.011502223904244602,0.9431738200364634
16,1,8,27,0.01965592196211219,0.03327621496282518,0.01362029300071299,0.9431738200364634
16,1,8,28,0.03327621496282518,0.117782237008214,0.08450602204538882,0.9431738200364634
16,1,8,29,0.117782237008214,0.2149327420629561,0.0971505050547421,0.9431738200364634
16,1,8,30,0.2149327420629561,0.3190497469622642,0.10411700489930809,0.9431738200364634
16,1,8,31,0.3190497469622642,0.42958335601724684,0.11053360905498266,0.9431738200364634
16,1,8,32,0.42958335601724684,0.5471717029577121,0.11758834694046527,0.9431738200364634
16,1,8,33,0.5471717029577121,0.6680098830256611,0.120838180067949,0.9431738200364634
16,1,8,34,0.6680098830256611,0.8012696199584752,0.13325973693281412,0.9431738200364634
16,1,8,35,0.8012696199584752,0.944776855991222,0.14350723603274673,0.9431738200364634
16,1,9,25,-0.004625836969353259,0.00805655203294009,0.012682389002293348,0.9431738200364634
16,1,9,26,0.00805655203294009,0.01957364205736667,0.01151709002442658,0.9431738200364634
16,1,9,27,0.01957364205736667,0.03319800295867026,0.01362436090130359,0.9431738200364634
16,1,9,28,0.03319800295867026,0.11769461305812001,0.08449661009944975,0.9431738200364634
16,1,9,29,0.11769461305812001,0.21483731304761022,0.09714269998949021,0.9431738200364634
16,1,9,30,0.21483731304761022,0.3189600750338286,0.10412276198621839,0.9431738200364634
16,1,9,31,0.3189600750338286,0.42947796906810254,0.11051789403427392,0.9431738200364634
16,1,9,32,0.42947796906810254,0.5470654639648274,0.11758749489672482,0.9431738200364634
16,1,9,33,0.5470654639648274,0.6679124659858644,0.12084700202103704,0.9431738200364634
16,1,9,34,0.6679124659858644,0.8011728300480172,0.1332603640621528,0.9431738200364634
16,1,9,35,0.8011728300480172,0.9446240990655497,0.14345126901753247,0.9431738200364634
16,1,10,24,-0.004947833018377423,0.007699419977143407,0.01264725299552083,0.9431738200364634
16,1,10,25,0.007699419977143407,0.01924489496741444,0.011545474990271032,0.9431738200364634
16,1,10,26,0.01924489496741444,0.03284135600551963,0.01359646103810519,0.9431738200364634
16,1,10,27,0.03284135600551963,0.1173639070475474,0.08452255104202777,0.9431738200364634
16,1,10,28,0.1173639070475474,0.21449036698322743,0.09712645993568003,0.9431738200364634
16,1,10,29,0.21449036698322743,0.31853576097637415,0.10404539399314672,0.9431738200364634
16,1,10,30,0.31853576097637415,0.42908698902465403,0.11055122804827988,0.9431738200364634
16,1,10,31,0.42908698902465403,0.5462235460290685,0.1171365570044145,0.9431738200364634
16,1,10,32,0.5462235460290685,0.6675527619663626,0.12132921593729407,0.9431738200364634
16,1,10,33,0.6675527619663626,0.8007657330017537,0.1332129710353911,0.9431738200364634
16,1,10,34,0.8007657330017537,0.9440429450478405,0.1432772120460868,0.9431738200364634
16,1,11,24,-0.005222697975113988,0.007371871033683419,0.012594569008797407,0.9431738200364634
16,1,11,25,0.007371871033683419,0.01890479598660022,0.011532924952916801,0.9431738200364634
16,1,11,26,0.01890479598660022,0.03257960302289575,0.013674807036295533,0.9431738200364634
16,1,11,27,0.03257960302289575,0.1168967210687697,0.08431711804587394,0.9431738200364634
16,1,11,28,0.1168967210687697,0.21403439796995372,0.09713767690118402,0.9431738200364634
16,1,11,29,0.21403439796995372,0.318159569054842,0.10412517108488828,0.9431738200364634
16,1,11,30,0.318159569054842,0.42860438802745193,0.11044481897260994,0.9431738200364634
16,1,11,31,0.42860438802745193,0.5458053749753162,0.1172009869478643,0.9431738200364634
16,1,11,32,0.5458053749753162,0.6672313860617578,0.12142601108644158,0.9431738200364634
16,1,11,33,0.6672313860617578,0.8003116090549156,0.1330802229931578,0.9431738200364634
16,1,11,34,0.8003116090549156,0.9435960979899392,0.14328448893502355,0.9431738200364634
16,1,12,26,-0.004751650965772569,0.007893307018093765,0.012644957983866334,0.9431738200364634
16,1,12,27,0.007893307018093765,0.01942881301511079,0.011535505997017026,0.9431738200364634
16,1,12,28,0.01942881301511079,0.03306929999962449,0.0136404869845137,0.9431738200364634
16,1,12,29,0.03306929999962449,0.11755890003405511,0.08448960003443062,0.9431738200364634
16,1,12,30,0.11755890003405511,0.2146952459588647,0.09713634592480958,0.9431738200364634
16,1,12,31,0.2146952459588647,0.3188242700416595,0.10412902408279479,0.9431738200364634
16,1,12,32,0.3188242700416595,0.42931979906279594,0.11049552902113646,0.9431738200364634
16,1,12,33,0.42931979906279594,0.5469008790096268,0.11758107994683087,0.9431738200364634
16,1,12,34,0.5469008790096268,0.6677639660192654,0.12086308700963855,0.9431738200364634
16,1,12,35,0.6677639660192654,0.8009726780001074,0.13320871198084205,0.9431738200364634
16,1,12,36,0.8009726780001074,0.9443874770076945,0.14341479900758713,0.9431738200364634
16,1,13,23,-0.005007285042665899,0.007652822067029774,0.012660107109695673,0.9431738200364634
16,1,13,24,0.007652822067029774,0.01920041406992823,0.011547592002898455,0.9431738200364634
16,1,13,25,0.01920041406992823,0.03280023904517293,0.013599824975244701,0.9431738200364634
16,1,13,26,0.03280023904517293,0.11731337406672537,0.08451313502155244,0.9431738200364634
16,1,13,27,0.11731337406672537,0.2143590620253235,0.09704568795859814,0.9431738200364634
16,1,13,28,0.2143590620253235,0.3184859639732167,0.1041269019478932,0.9431738200364634
16,1,13,29,0.3184859639732167,0.42892798606771976,0.11044202209450305,0.9431738200364634
16,1,13,30,0.42892798606771976,0.5461708380607888,0.11724285199306905,0.9431738200364634
16,1,13,31,0.5461708380607888,0.6675008250167593,0.12132998695597053,0.9431738200364634
16,1,13,32,0.6675008250167593,0.8007119999965653,0.13321117497980595,0.9431738200364634
16,1,13,33,0.8007119999965653,0.9439622670179233,0.143250267021358,0.9431738200364634
16,1,14,22,-0.0045850209426134825,0.008100696024484932,0.012685716967098415,0.9431738200364634
16,1,14,23,0.008100696024484932,0.01961463096085936,0.011513934936374426,0.9431738200364634
16,1,14,24,0.01961463096085936,0.03323712502606213,0.013622494065202773,0.9431738200364634
16,1,14,25,0.03323712502606213,0.11773888196330518,0.08450175693724304,0.9431738200364634
16,1,14,26,0.11773888196330518,0.2148851320380345,0.09714625007472932,0.9431738200364634
16,1,14,27,0.2148851320380345,0.3190047889947891,0.10411965695675462,0.9431738200364634
16,1,14,28,0.3190047889947891,0.4295299389632419,0.11052514996845275,0.9431738200364634
16,1,14,29,0.4295299389632419,0.5471229830291122,0.11759304406587034,0.9431738200364634
16,1,14,30,0.5471229830291122,0.6679608080303296,0.12083782500121742,0.9431738200364634
16,1,14,31,0.6679608080303296,0.8012230970198289,0.1332622889894992,0.9431738200364634
16,1,14,32,0.8012230970198289,0.9446999770589173,0.14347688003908843,0.9431738200364634
16,1,15,22,-0.00450331496540457,0.008206606027670205,0.012709920993074775,0.9431738200364634
16,1,15,23,0.008206606027670205,0.01969466602895409,0.011488060001283884,0.9431738200364634
16,1,15,24,0.01969466602895409,0.03331469895783812,0.01362003292888403,0.9431738200364634
16,1,15,25,0.03331469895783812,0.11782570602372289,0.08451100706588477,0.9431738200364634
16,1,15,26,0.11782570602372289,0.21497861901298165,0.09715291298925877,0.9431738200364634
16,1,15,27,0.21497861901298165,0.3190942690707743,0.10411565005779266,0.9431738200364634
16,1,15,28,0.3190942690707743,0.4296368070645258,0.11054253799375147,0.9431738200364634
16,1,15,29,0.4296368070645258,0.5472189720021561,0.1175821649376303,0.9431738200364634
16,1,15,30,0.5472189720021561,0.6680843340000138,0.12086536199785769,0.9431738200364634
16,1,15,31,0.6680843340000138,0.8013158560497686,0.13323152204975486,0.9431738200364634
16,1,15,32,0.8013158560497686,0.9448503829771653,0.14353452692739666,0.9431738200364634
16,2,0,30,-0.009427322074770927,0.0026879659853875637,0.012115288060158491,0.9441961519187316
16,2,0,31,0.0026879659853875637,0.014853726956062019,0.012165760970674455,0.9441961519187316
16,2,0,32,0.014853726956062019,0.02969620598014444,0.014842479024082422,0.9441961519187316
16,2,0,33,0.02969620598014444,0.11682358896359801,0.08712738298345357,0.9441961519187316
16,2,0,34,0.11682358896359801,0.21662964194547385,0.09980605298187584,0.9441961519187316
16,2,0,35,0.21662964194547385,0.320868429960683,0.10423878801520914,0.9441961519187316
16,2,0,36,0.320868429960683,0.43113955890294164,0.11027112894225866,0.9441961519187316
16,2,0,37,0.43113955890294164,0.5471741009969264,0.11603454209398478,0.9441961519187316
16,2,0,38,0.5471741009969264,0.6698284769663587,0.1226543759694323,0.9441961519187316
16,2,0,39,0.6698284769663587,0.8009589849971235,0.13113050803076476,0.9441961519187316
16,2,0,40,0.8009589849971235,0.9429631759412587,0.1420041909441352,0.9441961519187316
16,2,0,41,0.9429631759412587,0.9459759729215875,0.003012796980328858,0.9441961519187316
16,2,1,29,-0.00947438704315573,0.002636614954099059,0.012111001997254789,0.9441961519187316
16,2,1,30,0.002636614954099059,0.014806974912062287,0.012170359957963228,0.9441961519187316
16,2,1,31,0.014806974912062287,0.029652619967237115,0.014845645055174828,0.9441961519187316
16,2,1,32,0.029652619967237115,0.11675841698888689,0.08710579702164978,0.9441961519187316
16,2,1,33,0.11675841698888689,0.21657715493347496,0.09981873794458807,0.9441961519187316
16,2,1,34,0.21657715493347496,0.32081162999384105,0.1042344750603661,0.9441961519187316
16,2,1,35,0.32081162999384105,0.43108609097544104,0.11027446098159999,0.9441961519187316
16,2,1,36,0.43108609097544104,0.5471148709766567,0.11602878000121564,0.9441961519187316
16,2,1,37,0.5471148709766567,0.6697618420002982,0.12264697102364153,0.9441961519187316
16,2,1,38,0.6697618420002982,0.8008990508969873,0.13113720889668912,0.9441961519187316
16,2,1,39,0.8008990508969873,0.9428965429542586,0.1419974920572713,0.9441961519187316
16,2,1,40,0.9428965429542586,0.9459174509393051,0.003020907985046506,0.9441961519187316
16,2,2,28,-0.009573635994456708,0.002510998980142176,0.012084634974598885,0.9441961519187316
16,2,2,29,0.002510998980142176,0.014750025933608413,0.012239026953466237,0.9441961519187316
16,2,2,30,0.014750025933608413,0.029606044990941882,0.01485601905733347,0.9441961519187316
16,2,2,31,0.029606044990941882,0.11669654096476734,0.08709049597382545,0.9441961519187316
16,2,2,32,0.11669654096476734,0.2165184619370848,0.09982192097231746,0.9441961519187316
16,2,2,33,0.2165184619370848,0.3207422049017623,0.10422374296467751,0.9441961519187316
16,2,2,34,0.3207422049017623,0.43102675396949053,0.11028454906772822,0.9441961519187316
16,2,2,35,0.43102675396949053,0.5470514759654179,0.1160247219959274,0.9441961519187316
16,2,2,36,0.5470514759654179,0.6696962519781664,0.12264477601274848,0.9441961519187316
16,2,2,37,0.6696962519781664,0.8008281849324703,0.13113193295430392,0.9441961519187316
16,2,2,38,0.8008281849324703,0.942826107959263,0.1419979230267927,0.9441961519187316
16,2,2,39,0.942826107959263,0.9458591549191624,0.003033046959899366,0.9441961519187316
16,2,3,24,-0.008921432076022029,0.0033628579694777727,0.012284290045499802,0.9441961519187316
16,2,3,25,0.0033628579694777727,0.015373317990452051,0.012010460020974278,0.9441961519187316
16,2,3,26,0.015373317990452051,0.030230266973376274,0.014856948982924223,0.9441961519187316
16,2,3,27,0.030230266973376274,0.11742739495821297,0.0871971279848367,0.9441961519187316
16,2,3,28,0.11742739495821297,0.21724864898715168,0.09982125402893871,0.9441961519187316
16,2,3,29,0.21724864898715168,0.3215110399760306,0.1042623909888789,0.9441961519187316
16,2,3,30,0.3215110399760306,0.431713311932981,0.11020227195695043,0.9441961519187316
16,2,3,31,0.431713311932981,0.5478007219498977,0.11608741001691669,0.9441961519187316
16,2,3,32,0.5478007219498977,0.6704656089423224,0.12266488699242473,0.9441961519187316
16,2,3,33,0.6704656089423224,0.8016326709184796,0.13116706197615713,0.9441961519187316
16,2,3,34,0.8016326709184796,0.945228470955044,0.14359580003656447,0.9441961519187316
16,2,4,27,-0.009093246073462069,0.003044484998099506,0.012137731071561575,0.9441961519187316
16,2,4,28,0.003044484998099506,0.01519887091126293,0.012154385913163424,0.9441961519187316
16,2,4,29,0.01519887091126293,0.03004511189647019,0.01484624098520726,0.9441961519187316
16,2,4,30,0.03004511189647019,0.11718868894968182,0.08714357705321163,0.9441961519187316
16,2,4,31,0.11718868894968182,0.21699905896093696,0.09981037001125515,0.9441961519187316
16,2,4,32,0.21699905896093696,0.3213027419988066,0.10430368303786963,0.9441961519187316
16,2,4,33,0.3213027419988066,0.43147490289993584,0.11017216090112925,0.9441961519187316
16,2,4,34,0.43147490289993584,0.5475672199390829,0.11609231703914702,0.9441961519187316
16,2,4,35,0.5475672199390829,0.6702134029474109,0.12264618300832808,0.9441961519187316
16,2,4,36,0.6702134029474109,0.8013694660039619,0.13115606305655092,0.9441961519187316
16,2,4,37,0.8013694660039619,0.9449099709745497,0.1435405049705878,0.9441961519187316
16,2,5,27,-0.009136188076809049,0.002995766932144761,0.01213195500895381,0.9441961519187316
16,2,5,28,0.002995766932144761,0.01515311689581722,0.012157349963672459,0.9441961519187316
16,2,5,29,0.01515311689581722,0.030002934974618256,0.014849818078801036,0.9441961519187316
16,2,5,30,0.030002934974618256,0.11714090092573315,0.08713796595111489,0.9441961519187316
16,2,5,31,0.11714090092573315,0.21694878092966974,0.09980788000393659,0.9441961519187316
16,2,5,32,0.21694878092966974,0.32118155190255493,0.10423277097288519,0.9441961519187316
16,2,5,33,0.32118155190255493,0.431424627895467,0.11024307599291205,0.9441961519187316
16,2,5,34,0.431424627895467,0.5475110219558701,0.11608639406040311,0.9441961519187316
16,2,5,35,0.5475110219558701,0.6701591470045969,0.1226481250487268,0.9441961519187316
16,2,5,36,0.6701591470045969,0.8013120999094099,0.131152952904813,0.9441961519187316
16,2,5,37,0.8013120999094099,0.9448257249314338,0.14351362502202392,0.9441961519187316
16,2,6,26,-0.0089649100555107,0.0033144549233838916,0.012279364978894591,0.9441961519187316
16,2,6,27,0.0033144549233838916,0.015331153990700841,0.01201669906731695,0.9441961519187316
16,2,6,28,0.015331153990700841,0.030188800999894738,0.014857647009193897,0.9441961519187316
16,2,6,29,0.030188800999894738,0.1173803909914568,0.08719158999156207,0.9441961519187316
16,2,6,30,0.1173803909914568,0.21719992195721716,0.09981953096576035,0.9441961519187316
16,2,6,31,0.21719992195721716,0.3214603438973427,0.10426042194012552,0.9441961519187316
16,2,6,32,0.3214603438973427,0.4316650779219344,0.11020473402459174,0.9441961519187316
16,2,6,33,0.4316650779219344,0.5477385160047561,0.11607343808282167,0.9441961519187316
16,2,6,34,0.5477385160047561,0.6703734629554674,0.12263494695071131,0.9441961519187316
16,2,6,35,0.6703734629554674,0.8015761729329824,0.13120270997751504,0.9441961519187316
16,2,6,36,0.8015761729329824,0.9451489729108289,0.14357279997784644,0.9441961519187316
16,2,7,26,-0.009050446096807718,0.0032139309914782643,0.012264377088285983,0.9441961519187316
16,2,7,27,0.0032139309914782643,0.015242951922118664,0.0120290209306404,0.9441961519187316
16,2,7,28,0.015242951922118664,0.03008685796521604,0.014843906043097377,0.9441961519187316
16,2,7,29,0.03008685796521604,0.117284188978374,0.08719733101315796,0.9441961519187316
16,2,7,30,0.117284188978374,0.21709893795195967,0.09981474897358567,0.9441961519187316
16,2,7,31,0.21709893795195967,0.32135896396357566,0.10426002601161599,0.9441961519187316
16,2,7,32,0.32135896396357566,0.4315220389980823,0.11016307503450662,0.9441961519187316
16,2,7,33,0.4315220389980823,0.5476242869626731,0.11610224796459079,0.9441961519187316
16,2,7,34,0.5476242869626731,0.6702664019539952,0.12264211499132216,0.9441961519187316
16,2,7,35,0.6702664019539952,0.8014262139331549,0.1311598119791597,0.9441961519187316
16,2,7,36,0.8014262139331549,0.9449908449314535,0.14356463099829853,0.9441961519187316
16,2,8,28,-0.009252571035176516,0.002898045931942761,0.012150616967119277,0.9441961519187316
16,2,8,29,0.002898045931942761,0.015038916957564652,0.012140871025621891,0.9441961519187316
16,2,8,30,0.015038916957564652,0.029914045007899404,0.014875128050334752,0.9441961519187316
16,2,8,31,0.029914045007899404,0.11703712400048971,0.08712307899259031,0.9441961519187316
16,2,8,32,0.11703712400048971,0.21684917400125414,0.09981205000076443,0.9441961519187316
16,2,8,33,0.21684917400125414,0.3210791799938306,0.10423000599257648,0.9441961519187316
16,2,8,34,0.3210791799938306,0.43133201100863516,0.11025283101480454,0.9441961519187316
16,2,8,35,0.43133201100863516,0.5474003870040178,0.11606837599538267,0.9441961519187316
16,2,8,36,0.5474003870040178,0.6700513539835811,0.12265096697956324,0.9441961519187316
16,2,8,37,0.6700513539835811,0.8011973130051047,0.1311459590215236,0.9441961519187316
16,2,8,38,0.8011973130051047,0.9432246990036219,0.14202738599851727,0.9441961519187316
16,2,8,39,0.9432246990036219,0.9462011489085853,0.002976449904963374,0.9441961519187316
16,2,9,22,-0.008877284009940922,0.0034102899953722954,0.012287574005313218,0.9441961519187316
16,2,9,23,0.0034102899953722954,0.015416195965372026,0.01200590596999973,0.9441961519187316
16,2,9,24,0.015416195965372026,0.030270382994785905,0.014854187029413879,0.9441961519187316
16,2,9,25,0.030270382994785905,0.11747838696464896,0.08720800396986306,0.9441961519187316
16,2,9,26,0.11747838696464896,0.21729694993700832,0.09981856297235936,0.9441961519187316
16,2,9,27,0.21729694993700832,0.321560280979611,0.10426333104260266,0.9441961519187316
16,2,9,28,0.321560280979611,0.43175973591860384,0.11019945493899286,0.9441961519187316
16,2,9,29,0.43175973591860384,0.5478540069889277,0.11609427107032388,0.9441961519187316
16,2,9,30,0.5478540069889277,0.6705197090050206,0.12266570201609284,0.9441961519187316
16,2,9,31,0.6705197090050206,0.8016865069512278,0.13116679794620723,0.9441961519187316
16,2,9,32,0.8016865069512278,0.945305633940734,0.14361912698950619,0.9441961519187316
16,2,10,25,-0.009296077070757747,0.002848178963176906,0.012144256033934653,0.9441961519187316
16,2,10,26,0.002848178963176906,0.014992614975199103,0.012144436012022197,0.9441961519187316
16,2,10,27,0.014992614975199103,0.02983096893876791,0.014838353963568807,0.9441961519187316
16,2,10,28,0.02983096893876791,0.11698242696002126,0.08715145802125335,0.9441961519187316
16,2,10,29,0.11698242696002126,0.2167977310018614,0.09981530404184014,0.9441961519187316
16,2,10,30,0.2167977310018614,0.32102679496165365,0.10422906395979226,0.9441961519187316
16,2,10,31,0.32102679496165365,0.4312850459245965,0.11025825096294284,0.9441961519187316
16,2,10,32,0.4312850459245965,0.5473430099664256,0.11605796404182911,0.9441961519187316
16,2,10,33,0.5473430099664256,0.669996247976087,0.12265323800966144,0.9441961519187316
16,2,10,34,0.669996247976087,0.8011378509690985,0.13114160299301147,0.9441961519187316
16,2,10,35,0.8011378509690985,0.9431603269185871,0.14202247594948858,0.9441961519187316
16,2,10,36,0.9431603269185871,0.9461454639676958,0.0029851370491087437,0.9441961519187316
16,2,11,23,-0.009383561089634895,0.0027369719464331865,0.012120533036068082,0.9441961519187316
16,2,11,24,0.0027369719464331865,0.014899861998856068,0.012162890052422881,0.9441961519187316
16,2,11,25,0.014899861998856068,0.02973964996635914,0.01483978796750307,0.9441961519187316
16,2,11,26,0.02973964996635914,0.11687825189437717,0.08713860192801803,0.9441961519187316
16,2,11,27,0.11687825189437717,0.2166809489717707,0.09980269707739353,0.9441961519187316
16,2,11,28,0.2166809489717707,0.32092373294290155,0.10424278397113085,0.9441961519187316
16,2,11,29,0.32092373294290155,0.4311881969915703,0.11026446404866874,0.9441961519187316
16,2,11,30,0.4311881969915703,0.5472320469561964,0.11604384996462613,0.9441961519187316
16,2,11,31,0.5472320469561964,0.6698853159323335,0.12265326897613704,0.9441961519187316
16,2,11,32,0.6698853159323335,0.801019191974774,0.13113387604244053,0.9441961519187316
16,2,11,33,0.801019191974774,0.9430294369813055,0.14201024500653148,0.9441961519187316
16,2,11,34,0.9430294369813055,0.9460326669504866,0.0030032299691811204,0.9441961519187316
16,2,12,23,-0.009179974091239274,0.0029474509647116065,0.01212742505595088,0.9441961519187316
16,2,12,24,0.0029474509647116065,0.015083878999575973,0.012136428034864366,0.9441961519187316
16,2,12,25,0.015083878999575973,0.0299586869077757,0.014874807908199728,0.9441961519187316
16,2,12,26,0.0299586869077757,0.11708888993598521,0.08713020302820951,0.9441961519187316
16,2,12,27,0.11708888993598521,0.21689934993628412,0.09981046000029892,0.9441961519187316
16,2,12,28,0.21689934993628412,0.32113130390644073,0.10423195397015661,0.9441961519187316
16,2,12,29,0.32113130390644073,0.4313793529290706,0.11024804902262986,0.9441961519187316
16,2,12,30,0.4313793529290706,0.5474557119887322,0.11607635905966163,0.9441961519187316
16,2,12,31,0.5474557119887322,0.6701061009662226,0.12265038897749037,0.9441961519187316
16,2,12,32,0.6701061009662226,0.8012540698982775,0.13114796893205494,0.9441961519187316
16,2,12,33,0.8012540698982775,0.9447217870038003,0.14346771710552275,0.9441961519187316
16,2,13,25,-0.0096352529944852,0.0024343039840459824,0.012069556978531182,0.9441961519187316
16,2,13,26,0.0024343039840459824,0.014609536970965564,0.012175232986919582,0.9441961519187316
16,2,13,27,0.014609536970965564,0.029492169967852533,0.014882632996886969,0.9441961519187316
16,2,13,28,0.029492169967852533,0.11660080892033875,0.08710863895248622,0.9441961519187316
16,2,13,29,0.11660080892033875,0.21642923192121089,0.09982842300087214,0.9441961519187316
16,2,13,30,0.21642923192121089,0.3205584039678797,0.10412917204666883,0.9441961519187316
16,2,13,31,0.3205584039678797,0.4309408819535747,0.110382477985695,0.9441961519187316
16,2,13,32,0.4309408819535747,0.5469496729783714,0.11600879102479666,0.9441961519187316
16,2,13,33,0.5469496729783714,0.6695957808988169,0.1226461079204455,0.9441961519187316
16,2,13,34,0.6695957808988169,0.8005707080010325,0.1309749271022156,0.9441961519187316
16,2,13,35,0.8005707080010325,0.9427399809937924,0.14216927299275994,0.9441961519187316
16,2,13,36,0.9427399809937924,0.9457948039053008,0.0030548229115083814,0.9441961519187316
16,2,14,24,-0.009007970103994012,0.003266711952164769,0.012274682056158781,0.9441961519187316
16,2,14,25,0.003266711952164769,0.01528719998896122,0.01202048803679645,0.9441961519187316
16,2,14,26,0.01528719998896122,0.03014491591602564,0.014857715927064419,0.9441961519187316
16,2,14,27,0.03014491591602564,0.11733449099119753,0.08718957507517189,0.9441961519187316
16,2,14,28,0.11733449099119753,0.2171513729263097,0.09981688193511218,0.9441961519187316
16,2,14,29,0.2171513729263097,0.3214101999765262,0.1042588270502165,0.9441961519187316
16,2,14,30,0.3214101999765262,0.4316155139822513,0.11020531400572509,0.9441961519187316
16,2,14,31,0.4316155139822513,0.5476794369751588,0.11606392299290746,0.9441961519187316
16,2,14,32,0.5476794369751588,0.670318430988118,0.1226389940129593,0.9441961519187316
16,2,14,33,0.670318430988118,0.8014800609089434,0.13116162992082536,0.9441961519187316
16,2,14,34,0.8014800609089434,0.9450683449395001,0.14358828403055668,0.9441961519187316
16,2,15,22,-0.009339455049484968,0.0027983849868178368,0.012137840036302805,0.9441961519187316
16,2,15,23,0.0027983849868178368,0.014945855946280062,0.012147470959462225,0.9441961519187316
16,2,15,24,0.014945855946280062,0.029786934959702194,0.014841079013422132,0.9441961519187316
16,2,15,25,0.029786934959702194,0.11693118396215141,0.08714424900244921,0.9441961519187316
16,2,15,26,0.11693118396215141,0.21672986599151045,0.09979868202935904,0.9441961519187316
16,2,15,27,0.21672986599151045,0.3209746709326282,0.10424480494111776,0.9441961519187316
16,2,15,28,0.3209746709326282,0.43123808200471103,0.11026341107208282,0.9441961519187316
16,2,15,29,0.43123808200471103,0.5472873999970034,0.11604931799229234,0.9441961519187316
16,2,15,30,0.5472873999970034,0.6699406309053302,0.1226532309083268,0.9441961519187316
16,2,15,31,0.6699406309053302,0.8010781710036099,0.13113754009827971,0.9441961519187316
16,2,15,32,0.8010781710036099,0.9430948809022084,0.1420167098985985,0.9441961519187316
16,2,15,33,0.9430948809022084,0.9460888369940221,0.002993956091813743,0.9441961519187316
32,0,0,11,-0.0038535980274900794,0.0892066559754312,0.09306025400292128,1.4621410559630021
32,0,0,12,0.0892066559754312,0.18452421796973795,0.09531756199430674,1.4621410559630021
32,0,0,13,0.18452421796973795,0.2781064519658685,0.09358223399613053,1.4621410559630021
32,0,0,14,0.2781064519658685,0.36928516102489084,0.09117870905902237,1.4621410559630021
32,0,0,15,0.36928516102489084,0.5520840210374445,0.18279886001255363,1.4621410559630021
32,0,0,16,0.5520840210374445,0.5656396860722452,0.013555665034800768,1.4621410559630021
32,0,0,17,0.5656396860722452,0.6478055600309744,0.08216587395872921,1.4621410559630021
32,0,0,18,0.6478055600309744,0.7497989219846204,0.10199336195364594,1.4621410559630021
32,0,0,19,0.7497989219846204,0.8632323279744014,0.11343340598978102,1.4621410559630021
32,0,0,20,0.8632323279744014,0.9831628859974444,0.11993055802304298,1.4621410559630021
32,0,0,21,0.9831628859974444,1.107737481012009,0.12457459501456469,1.4621410559630021
32,0,0,22,1.107737481012009,1.2368033770471811,0.12906589603517205,1.4621410559630021
32,0,0,23,1.2368033770471811,1.3818044740473852,0.14500109700020403,1.4621410559630021
32,0,0,24,1.3818044740473852,1.4627465880475938,0.08094211400020868,1.4621410559630021
32,0,1,9,-0.10385123395826668,0.0020844819955527782,0.10593571595381945,1.4621410559630021
32,0,1,10,0.0020844819955527782,0.09002818097360432,0.08794369897805154,1.4621410559630021
32,0,1,11,0.09002818097360432,0.1852746440563351,0.09524646308273077,1.4621410559630021
32,0,1,12,0.1852746440563351,0.2789284100290388,0.0936537659727037,1.4621410559630021
32,0,1,13,0.2789284100290388,0.37033078796230257,0.09140237793326378,1.4621410559630021
32,0,1,14,0.37033078796230257,0.5530427930643782,0.18271200510207564,1.4621410559630021
32,0,1,15,0.5530427930643782,0.566551796044223,0.013509002979844809,1.4621410559630021
32,0,1,16,0.566551796044223,0.6487703659804538,0.08221856993623078,1.4621410559630021
32,0,1,17,0.6487703659804538,0.7506265069823712,0.10185614100191742,1.4621410559630021
32,0,1,18,0.7506265069823712,0.8642377720680088,0.11361126508563757,1.4621410559630021
32,0,1,19,0.8642377720680088,0.9841287230374292,0.11989095096942037,1.4621410559630021
32,0,1,20,0.9841287230374292,1.108844276983291,0.12471555394586176,1.4621410559630021
32,0,1,21,1.108844276983291,1.2379040920641273,0.12905981508083642,1.4621410559630021
32,0,1,22,1.2379040920641273,1.3828341850312427,0.14493009296711534,1.4621410559630021
32,0,1,23,1.3828341850312427,1.4635672169970348,0.08073303196579218,1.4621410559630021
32,0,2,8,-0.10307607694994658,0.001971950987353921,0.1050480279373005,1.4621410559630021
32,0,2,9,0.001971950987353921,0.08992193196900189,0.08794998098164797,1.4621410559630021
32,0,2,10,0.08992193196900189,0.1851744269952178,0.09525249502621591,1.4621410559630021
32,0,2,11,0.1851744269952178,0.27882865897845477,0.09365423198323697,1.4621410559630021
32,0,2,12,0.27882865897845477,0.3700710789998993,0.09124242002144456,1.4621410559630021
32,0,2,13,0.3700710789998993,0.5528636020608246,0.1827925230609253,1.4621410559630021
32,0,2,14,0.5528636020608246,0.5664045950397849,0.013540992978960276,1.4621410559630021
32,0,2,15,0.5664045950397849,0.6486128499964252,0.0822082549566403,1.4621410559630021
32,0,2,16,0.6486128499964252,0.7504736910341308,0.10186084103770554,1.4621410559630021
32,0,2,17,0.7504736910341308,0.8640486029908061,0.11357491195667535,1.4621410559630021
32,0,2,18,0.8640486029908061,0.9839695560513064,0.11992095306050032,1.4621410559630021
32,0,2,19,0.9839695560513064,1.108658885001205,0.12468932894989848,1.4621410559630021
32,0,2,20,1.108658885001205,1.2377162800403312,0.12905739503912628,1.4621410559630021
32,0,2,21,1.2377162800403312,1.3826199519680813,0.1449036719277501,1.4621410559630021
32,0,2,22,1.3826199519680813,1.463430913980119,0.08081096201203763,1.4621410559630021
32,0,3,9,-0.004332687938585877,0.08871809497941285,0.09305078291799873,1.4621410559630021
32,0,3,10,0.08871809497941285,0.1838930119993165,0.09517491701990366,1.4621410559630021
32,0,3,11,0.1838930119993165,0.2774631379870698,0.09357012598775327,1.4621410559630021
32,0,3,12,0.2774631379870698,0.36867568700108677,0.09121254901401699,1.4621410559630021
32,0,3,13,0.36867568700108677,0.5514930990757421,0.1828174120746553,1.4621410559630021
32,0,3,14,0.5514930990757421,0.565129054011777,0.013635954936034977,1.4621410559630021
32,0,3,15,0.565129054011777,0.6471498049795628,0.08202075096778572,1.4621410559630021
32,0,3,16,0.6471498049795628,0.749180143000558,0.10203033802099526,1.4621410559630021
32,0,3,17,0.749180143000558,0.8624559480231255,0.11327580502256751,1.4621410559630021
32,0,3,18,0.8624559480231255,0.9825290200533345,0.120073072030209,1.4621410559630021
32,0,3,19,0.9825290200533345,1.1070332110393792,0.1245041909860447,1.4621410559630021
32,0,3,20,1.1070332110393792,1.2360138570657,0.12898064602632076,1.4621410559630021
32,0,3,21,1.2360138570657,1.3809797880239785,0.14496593095827848,1.4621410559630021
32,0,3,22,1.3809797880239785,1.4622492600465193,0.08126947202254087,1.4621410559630021
32,0,4,7,-0.003954319981858134,0.08909123996272683,0.09304555994458497,1.4621410559630021
32,0,4,8,0.08909123996272683,0.18427361000794917,0.09518237004522234,1.4621410559630021
32,0,4,9,0.18427361000794917,0.27793138404376805,0.09365777403581887,1.4621410559630021
32,0,4,10,0.27793138404376805,0.3691203650087118,0.09118898096494377,1.4621410559630021
32,0,4,11,0.3691203650087118,0.5518546410603449,0.18273427605163306,1.4621410559630021
32,0,4,12,0.5518546410603449,0.5654887680429965,0.013634126982651651,1.4621410559630021
32,0,4,13,0.5654887680429965,0.6476376249920577,0.08214885694906116,1.4621410559630021
32,0,4,14,0.6476376249920577,0.7495655440725386,0.10192791908048093,1.4621410559630021
32,0,4,15,0.7495655440725386,0.8629303890047595,0.11336484493222088,1.4621410559630021
32,0,4,16,0.8629303890047595,0.9829188310541213,0.11998844204936177,1.4621410559630021
32,0,4,17,0.9829188310541213,1.107540087075904,0.12462125602178276,1.4621410559630021
32,0,4,18,1.107540087075904,1.2366068620467559,0.12906677497085184,1.4621410559630021
32,0,4,19,1.2366068620467559,1.3814952119719237,0.14488834992516786,1.4621410559630021
32,0,4,20,1.3814952119719237,1.4626036350382492,0.08110842306632549,1.4621410559630021
32,0,5,8,-0.003749993978999555,0.089470160077326,0.09322015405632555,1.4621410559630021
32,0,5,9,0.089470160077326,0.18469552707392722,0.09522536699660122,1.4621410559630021
32,0,5,10,0.18469552707392722,0.27833625907078385,0.09364073199685663,1.4621410559630021
32,0,5,11,0.27833625907078385,0.36945345206186175,0.0911171929910779,1.4621410559630021
32,0,5,12,0.36945345206186175,0.5522486900445074,0.18279523798264563,1.4621410559630021
32,0,5,13,0.5522486900445074,0.5657831750577316,0.013534485013224185,1.4621410559630021
32,0,5,14,0.5657831750577316,0.6479670320404693,0.08218385698273778,1.4621410559630021
32,0,5,15,0.6479670320404693,0.7499557760311291,0.10198874399065971,1.4621410559630021
32,0,5,16,0.7499557760311291,0.8634269000031054,0.11347112397197634,1.4621410559630021
32,0,5,17,0.8634269000031054,0.983332516043447,0.11990561604034156,1.4621410559630021
32,0,5,18,0.983332516043447,1.1080414130119607,0.12470889696851373,1.4621410559630021
32,0,5,19,1.1080414130119607,1.236997924046591,0.12895651103463024,1.4621410559630021
32,0,5,20,1.236997924046591,1.3819938329979777,0.1449959089513868,1.4621410559630021
32,0,5,21,1.3819938329979777,1.4628909380408004,0.08089710504282266,1.4621410559630021
32,0,6,8,-0.003798329969868064,0.08940563898067921,0.09320396895054728,1.4621410559630021
32,0,6,9,0.08940563898067921,0.18464406405109912,0.09523842507041991,1.4621410559630021
32,0,6,10,0.18464406405109912,0.278285069973208,0.09364100592210889,1.4621410559630021
32,0,6,11,0.278285069973208,0.3693928000284359,0.09110773005522788,1.4621410559630021
32,0,6,12,0.3693928000284359,0.552194140967913,0.18280134093947709,1.4621410559630021
32,0,6,13,0.552194140967913,0.56573514000047,0.01354099903255701,1.4621410559630021
32,0,6,14,0.56573514000047,0.6479136040434241,0.08217846404295415,1.4621410559630021
32,0,6,15,0.6479136040434241,0.7499044290743768,0.10199082503095269,1.4621410559630021
32,0,6,16,0.7499044290743768,0.8633602920453995,0.11345586297102273,1.4621410559630021
32,0,6,17,0.8633602920453995,0.9832762869773433,0.11991599493194371,1.4621410559630021
32,0,6,18,0.9832762869773433,1.1079753909725696,0.12469910399522632,1.4621410559630021
32,0,6,19,1.1079753909725696,1.2369323000311852,0.12895690905861557,1.4621410559630021
32,0,6,20,1.2369323000311852,1.3819301740732044,0.14499787404201925,1.4621410559630021
32,0,6,21,1.3819301740732044,1.4628443130059168,0.08091413893271238,1.4621410559630021
32,0,7,1,0.0893472790485248,0.18458980007562786,0.09524252102710307,1.4621410559630021
32,0,7,2,0.18458980007562786,0.278229387011379,0.09363958693575114,1.4621410559630021
32,0,7,3,0.278229387011379,0.3693399829789996,0.09111059596762061,1.4621410559630021
32,0,7,4,0.3693399829789996,0.5521394399693236,0.18279945699032396,1.4621410559630021
32,0,7,5,0.5521394399693236,0.5656879270682111,0.013548487098887563,1.4621410559630021
32,0,7,6,0.5656879270682111,0.6478608279721811,0.08217290090397,1.4621410559630021
32,0,7,7,0.6478608279721811,0.7498534789774567,0.10199265100527555,1.4621410559630021
32,0,7,8,0.7498534789774567,0.8632984299911186,0.11344495101366192,1.4621410559630021
32,0,7,9,0.8632984299911186,0.9832192769972607,0.11992084700614214,1.4621410559630021
32,0,7,10,0.9832192769972607,1.1078026130562648,0.12458333605900407,1.4621410559630021
32,0,7,11,1.1078026130562648,1.236867260071449,0.12906464701518416,1.4621410559630021
32,0,7,12,1.236867260071449,1.3818672420457006,0.14499998197425157,1.4621410559630021
32,0,7,13,1.3818672420457006,1.4627966950647533,0.08092945301905274,1.4621410559630021
32,0,8,7,-0.0035985850263386965,0.08980028098449111,0.0933988660108298,1.4621410559630021
32,0,8,8,0.08980028098449111,0.1850720050279051,0.095271724043414,1.4621410559630021
32,0,8,9,0.1850720050279051,0.278730895020999,0.09365888999309391,1.4621410559630021
32,0,8,10,0.278730895020999,0.3699693370144814,0.09123844199348241,1.4621410559630021
32,0,8,11,0.3699693370144814,0.5527521210024133,0.1827827839879319,1.4621410559630021
32,0,8,12,0.5527521210024133,0.5661939419806004,0.013441820978187025,1.4621410559630021
32,0,8,13,0.5661939419806004,0.6484423920046538,0.08224845002405345,1.4621410559630021
32,0,8,14,0.6484423920046538,0.7503101690672338,0.10186777706257999,1.4621410559630021
32,0,8,15,0.7503101690672338,0.8638578340178356,0.11354766495060176,1.4621410559630021
32,0,8,16,0.8638578340178356,0.9838060420006514,0.1199482079828158,1.4621410559630021
32,0,8,17,0.9838060420006514,1.1084768440341577,0.12467080203350633,1.4621410559630021
32,0,8,18,1.1084768440341577,1.2374503610190004,0.12897351698484272,1.4621410559630021
32,0,8,19,1.2374503610190004,1.3824306529713795,0.14498029195237905,1.4621410559630021
32,0,8,20,1.3824306529713795,1.4632902180310339,0.08085956505965441,1.4621410559630021
32,0,9,1,-0.10284668393433094,0.002371876034885645,0.10521855996921659,1.4621410559630021
32,0,9,2,0.002371876034885645,0.0902461709920317,0.08787429495714605,1.4621410559630021
32,0,9,3,0.0902461709920317,0.18549988802988082,0.09525371703784913,1.4621410559630021
32,0,9,4,0.18549988802988082,0.27912820503115654,0.09362831700127572,1.4621410559630021
32,0,9,5,0.27912820503115654,0.37054609996266663,0.09141789493151009,1.4621410559630021
32,0,9,6,0.37054609996266663,0.5535203829640523,0.18297428300138563,1.4621410559630021
32,0,9,7,0.5535203829640523,0.5669463489903137,0.013425966026261449,1.4621410559630021
32,0,9,8,0.5669463489903137,0.6491410010494292,0.08219465205911547,1.4621410559630021
32,0,9,9,0.6491410010494292,0.7510056199971586,0.10186461894772947,1.4621410559630021
32,0,9,10,0.7510056199971586,0.8647113960469142,0.11370577604975551,1.4621410559630021
32,0,9,11,0.8647113960469142,0.9845207770122215,0.11980938096530735,1.4621410559630021
32,0,9,12,0.9845207770122215,1.1092806389788166,0.12475986196659505,1.4621410559630021
32,0,9,13,1.1092806389788166,1.2383580700261518,0.12907743104733527,1.4621410559630021
32,0,9,14,1.2383580700261518,1.3832399160601199,0.14488184603396803,1.4621410559630021
32,0,9,15,1.3832399160601199,1.4638870189664885,0.08064710290636867,1.4621410559630021
32,0,10,5,-0.0039030539337545633,0.0891507719643414,0.09305382589809597,1.4621410559630021
32,0,10,6,0.0891507719643414,0.18432658503297716,0.09517581306863576,1.4621410559630021
32,0,10,7,0.18432658503297716,0.27798718702979386,0.0936606019968167,1.4621410559630021
32,0,10,8,0.27798718702979386,0.36917443200945854,0.09118724497966468,1.4621410559630021
32,0,10,9,0.36917443200945854,0.5519712390378118,0.18279680702835321,1.4621410559630021
32,0,10,10,0.5519712390378118,0.5655412040650845,0.013569965027272701,1.4621410559630021
32,0,10,11,0.5655412040650845,0.6476933930534869,0.08215218898840249,1.4621410559630021
32,0,10,12,0.6476933930534869,0.749619149020873,0.10192575596738607,1.4621410559630021
32,0,10,13,0.749619149020873,0.8629912240430713,0.11337207502219826,1.4621410559630021
32,0,10,14,0.8629912240430713,0.9830465760314837,0.12005535198841244,1.4621410559630021
32,0,10,15,0.9830465760314837,1.107605839963071,0.12455926393158734,1.4621410559630021
32,0,10,16,1.107605839963071,1.2366749990032986,0.12906915904022753,1.4621410559630021
32,0,10,17,1.2366749990032986,1.3816738639725372,0.14499886496923864,1.4621410559630021
32,0,10,18,1.3816738639725372,1.4626524320337921,0.08097856806125492,1.4621410559630021
32,0,11,6,-0.0036448680330067873,0.08974416507408023,0.09338903310708702,1.4621410559630021
32,0,11,7,0.08974416507408023,0.18502193002495915,0.09527776495087892,1.4621410559630021
32,0,11,8,0.18502193002495915,0.2786817440064624,0.09365981398150325,1.4621410559630021
32,0,11,9,0.2786817440064624,0.36991856701206416,0.09123682300560176,1.4621410559630021
32,0,11,10,0.36991856701206416,0.5526937759714201,0.18277520895935595,1.4621410559630021
32,0,11,11,0.5526937759714201,0.5660969690652564,0.013403193093836308,1.4621410559630021
32,0,11,12,0.5660969690652564,0.6483305570436642,0.08223358797840774,1.4621410559630021
32,0,11,13,0.6483305570436642,0.7502598210703582,0.101929264026694,1.4621410559630021
32,0,11,14,0.7502598210703582,0.86379657802172,0.1135367569513619,1.4621410559630021
32,0,11,15,0.86379657802172,0.9837541660526767,0.11995758803095669,1.4621410559630021
32,0,11,16,0.9837541660526767,1.1084066700423136,0.1246525039896369,1.4621410559630021
32,0,11,17,1.1084066700423136,1.2373822840163484,0.1289756139740348,1.4621410559630021
32,0,11,18,1.2373822840163484,1.3823651920538396,0.14498290803749114,1.4621410559630021
32,0,11,19,1.3823651920538396,1.463244665064849,0.0808794730110094,1.4621410559630021
32,0,12,6,-0.00400942494161427,0.08897807099856436,0.09298749594017863,1.4621410559630021
32,0,12,7,0.08897807099856436,0.18421741400379688,0.09523934300523251,1.4621410559630021
32,0,12,8,0.18421741400379688,0.2778326190309599,0.09361520502716303,1.4621410559630021
32,0,12,9,0.2778326190309599,0.36906475899741054,0.09123213996645063,1.4621410559630021
32,0,12,10,0.36906475899741054,0.5517989139771089,0.18273415497969836,1.4621410559630021
32,0,12,11,0.5517989139771089,0.5653941939817742,0.013595280004665256,1.4621410559630021
32,0,12,12,0.5653941939817742,0.6475741029717028,0.08217990898992866,1.4621410559630021
32,0,12,13,0.6475741029717028,0.749467846006155,0.1018937430344522,1.4621410559630021
32,0,12,14,0.749467846006155,0.8628645839635283,0.11339673795737326,1.4621410559630021
32,0,12,15,0.8628645839635283,0.9828612470300868,0.11999666306655854,1.4621410559630021
32,0,12,16,0.9828612470300868,1.1073936299653724,0.12453238293528557,1.4621410559630021
32,0,12,17,1.1073936299653724,1.2364436619682238,0.12905003200285137,1.4621410559630021
32,0,12,18,1.2364436619682238,1.3814170750556514,0.14497341308742762,1.4621410559630021
32,0,12,19,1.3814170750556514,1.4625555160455406,0.0811384409898892,1.4621410559630021
32,0,13,3,-0.004198772949166596,0.08884981204755604,0.09304858499672264,1.4621410559630021
32,0,13,4,0.08884981204755604,0.1840300060575828,0.09518019401002675,1.4621410559630021
32,0,13,5,0.1840300060575828,0.2775631899712607,0.09353318391367793,1.4621410559630021
32,0,13,6,0.2775631899712607,0.36880287202075124,0.09123968204949051,1.4621410559630021
32,0,13,7,0.36880287202075124,0.5516066900454462,0.18280381802469492,1.4621410559630021
32,0,13,8,0.5516066900454462,0.565213349997066,0.013606659951619804,1.4621410559630021
32,0,13,9,0.565213349997066,0.6472853829618543,0.08207203296478838,1.4621410559630021
32,0,13,10,0.6472853829618543,0.7492818610044196,0.10199647804256529,1.4621410559630021
32,0,13,11,0.7492818610044196,0.862590788048692,0.11330892704427242,1.4621410559630021
32,0,13,12,0.862590788048692,0.9826602810062468,0.12006949295755476,1.4621410559630021
32,0,13,13,0.9826602810062468,1.1071723729837686,0.12451209197752178,1.4621410559630021
32,0,13,14,1.1071723729837686,1.236210318049416,0.12903794506564736,1.4621410559630021
32,0,13,15,1.236210318049416,1.381190265994519,0.14497994794510305,1.4621410559630021
32,0,13,16,1.381190265994519,1.4623089260421693,0.08111866004765034,1.4621410559630021
32,0,14,5,-0.004132668022066355,0.08891726599540561,0.09304993401747197,1.4621410559630021
32,0,14,6,0.08891726599540561,0.18409761600196362,0.095180350006558,1.4621410559630021
32,0,14,7,0.18409761600196362,0.27777220599818975,0.09367458999622613,1.4621410559630021
32,0,14,8,0.27777220599818975,0.3689994510496035,0.09122724505141377,1.4621410559630021
32,0,14,9,0.3689994510496035,0.551734784967266,0.1827353339176625,1.4621410559630021
32,0,14,10,0.551734784967266,0.5653206299757585,0.01358584500849247,1.4621410559630021
32,0,14,11,0.5653206299757585,0.6475073379697278,0.08218670799396932,1.4621410559630021
32,0,14,12,0.6475073379697278,0.7494013090617955,0.10189397109206766,1.4621410559630021
32,0,14,13,0.7494013090617955,0.862735421047546,0.1133341119857505,1.4621410559630021
32,0,14,14,0.862735421047546,0.9827929569873959,0.12005753593984991,1.4621410559630021
32,0,14,15,0.9827929569873959,1.1073186110006645,0.12452565401326865,1.4621410559630021
32,0,14,16,1.1073186110006645,1.2363564349943772,0.12903782399371266,1.4621410559630021
32,0,14,17,1.2363564349943772,1.3813424659892917,0.14498603099491447,1.4621410559630021
32,0,14,18,1.3813424659892917,1.4624994019977748,0.08115693600848317,1.4621410559630021
32,0,15,3,-0.10369361797347665,0.002032916061580181,0.10572653403505683,1.4621410559630021
32,0,15,4,0.002032916061580181,0.08997554797679186,0.08794263191521168,1.4621410559630021
32,0,15,5,0.08997554797679186,0.18522324599325657,0.09524769801646471,1.4621410559630021
32,0,15,6,0.18522324599325657,0.27887837507296354,0.09365512907970697,1.4621410559630021
32,0,15,7,0.27887837507296354,0.3701572900172323,0.09127891494426876,1.4621410559630021
32,0,15,8,0.3701572900172323,0.5529179150471464,0.18276062502991408,1.4621410559630021
32,0,15,9,0.5529179150471464,0.5664587940555066,0.013540879008360207,1.4621410559630021
32,0,15,10,0.5664587940555066,0.6486653750762343,0.08220658102072775,1.4621410559630021
32,0,15,11,0.6486653750762343,0.7505242470651865,0.10185887198895216,1.4621410559630021
32,0,15,12,0.7505242470651865,0.8641140820691362,0.1135898350039497,1.4621410559630021
32,0,15,13,0.8641140820691362,0.9840236339950934,0.1199095519259572,1.4621410559630021
32,0,15,14,0.9840236339950934,1.1087200039764866,0.12469636998139322,1.4621410559630021
32,0,15,15,1.1087200039764866,1.237779253977351,0.12905925000086427,1.4621410559630021
32,0,15,16,1.237779253977351,1.382676295004785,0.14489704102743417,1.4621410559630021
32,0,15,17,1.382676295004785,1.463476030039601,0.08079973503481597,1.4621410559630021
32,0,16,3,-0.10363965493161231,0.0021356770303100348,0.10577533196192235,1.4621410559630021
32,0,16,4,0.0021356770303100348,0.0900812919717282,0.08794561494141817,1.4621410559630021
32,0,16,5,0.0900812919717282,0.1853261130163446,0.0952448210446164,1.4621410559630021
32,0,16,6,0.1853261130163446,0.27897794207092375,0.09365182905457914,1.4621410559630021
32,0,16,7,0.27897794207092375,0.37038441002368927,0.09140646795276552,1.4621410559630021
32,0,16,8,0.37038441002368927,0.5530995599692687,0.18271514994557947,1.4621410559630021
32,0,16,9,0.5530995599692687,0.5665988550754264,0.01349929510615766,1.4621410559630021
32,0,16,10,0.5665988550754264,0.6488234340213239,0.08222457894589752,1.4621410559630021
32,0,16,11,0.6488234340213239,0.7506770740728825,0.10185364005155861,1.4621410559630021
32,0,16,12,0.7506770740728825,0.8643003510078415,0.113623276934959,1.4621410559630021
32,0,16,13,0.8643003510078415,0.984185706009157,0.11988535500131547,1.4621410559630021
32,0,16,14,0.984185706009157,1.1089109539752826,0.12472524796612561,1.4621410559630021
32,0,16,15,1.1089109539752826,1.2379693550756201,0.1290584011003375,1.4621410559630021
32,0,16,16,1.2379693550756201,1.3828959639649838,0.1449266088893637,1.4621410559630021
32,0,16,17,1.3828959639649838,1.4636160540394485,0.08072009007446468,1.4621410559630021
32,0,17,1,0.002260269015096128,0.09014269500039518,0.08788242598529905,1.4621410559630021
32,0,17,2,0.09014269500039518,0.1853794320486486,0.09523673704825342,1.4621410559630021
32,0,17,3,0.1853794320486486,0.2790276000741869,0.09364816802553833,1.4621410559630021
32,0,17,4,0.2790276000741869,0.37044420605525374,0.09141660598106682,1.4621410559630021
32,0,17,5,0.37044420605525374,0.5534087300766259,0.1829645240213722,1.4621410559630021
32,0,17,6,0.5534087300766259,0.5668556189630181,0.013446888886392117,1.4621410559630021
32,0,17,7,0.5668556189630181,0.6490397299639881,0.08218411100097,1.4621410559630021
32,0,17,8,0.6490397299639881,0.7509074399713427,0.10186771000735462,1.4621410559630021
32,0,17,9,0.7509074399713427,0.8645923159783706,0.11368487600702792,1.4621410559630021
32,0,17,10,0.8645923159783706,0.9844037409638986,0.11981142498552799,1.4621410559630021
32,0,17,11,0.9844037409638986,1.1091618289938197,0.12475808802992105,1.4621410559630021
32,0,17,12,1.1091618289938197,1.2382296050200239,0.12906777602620423,1.4621410559630021
32,0,17,13,1.2382296050200239,1.3831260399892926,0.14489643496926874,1.4621410559630021
32,0,17,14,1.3831260399892926,1.4637967250309885,0.08067068504169583,1.4621410559630021
32,0,18,1,0.27770956500899047,0.3688819180242717,0.09117235301528126,1.4621410559630021
32,0,18,2,0.3688819180242717,0.551673608017154,0.1827916899928823,1.4621410559630021
32,0,18,3,0.551673608017154,0.5652717059710994,0.013598097953945398,1.4621410559630021
32,0,18,4,0.5652717059710994,0.6474322449648753,0.08216053899377584,1.4621410559630021
32,0,18,5,0.6474322449648753,0.7493447159649804,0.10191247100010514,1.4621410559630021
32,0,18,6,0.7493447159649804,0.8626660869922489,0.11332137102726847,1.4621410559630021
32,0,18,7,0.8626660869922489,0.9827294120332226,0.12006332504097372,1.4621410559630021
32,0,18,8,0.9827294120332226,1.1072478990536183,0.1245184870203957,1.4621410559630021
32,0,18,9,1.1072478990536183,1.236287530977279,0.12903963192366064,1.4621410559630021
32,0,18,10,1.236287530977279,1.381270062061958,0.14498253108467907,1.4621410559630021
32,0,18,11,1.381270062061958,1.462445450015366,0.08117538795340806,1.4621410559630021
32,0,19,2,-0.0036924509331583977,0.08952510298695415,0.09321755392011255,1.4621410559630021
32,0,19,3,0.08952510298695415,0.1847471740329638,0.09522207104600966,1.4621410559630021
32,0,19,4,0.1847471740329638,0.2783857809845358,0.093638606951572,1.4621410559630021
32,0,19,5,0.2783857809845358,0.36950594605877995,0.09112016507424414,1.4621410559630021
32,0,19,6,0.36950594605877995,0.5523845179704949,0.18287857191171497,1.4621410559630021
32,0,19,7,0.5523845179704949,0.5658286160323769,0.01344409806188196,1.4621410559630021
32,0,19,8,0.5658286160323769,0.6480650970479473,0.08223648101557046,1.4621410559630021
32,0,19,9,0.6480650970479473,0.7500077550066635,0.10194265795871615,1.4621410559630021
32,0,19,10,0.7500077550066635,0.8634904300561175,0.11348267504945397,1.4621410559630021
32,0,19,11,0.8634904300561175,0.9833865910768509,0.11989616102073342,1.4621410559630021
32,0,19,12,0.9833865910768509,1.1081032659858465,0.12471667490899563,1.4621410559630021
32,0,19,13,1.1081032659858465,1.237060314975679,0.1289570489898324,1.4621410559630021
32,0,19,14,1.237060314975679,1.382057012990117,0.14499669801443815,1.4621410559630021
32,0,19,15,1.382057012990117,1.4629391269991174,0.08088211400900036,1.4621410559630021
32,0,20,2,-0.10296028899028897,0.0023150689667090774,0.10527535795699805,1.4621410559630021
32,0,20,3,0.0023150689667090774,0.09019653603900224,0.08788146707229316,1.4621410559630021
32,0,20,4,0.09019653603900224,0.18544858205132186,0.09525204601231962,1.4621410559630021
32,0,20,5,0.18544858205132186,0.27907717402558774,0.09362859197426587,1.4621410559630021
32,0,20,6,0.27907717402558774,0.37049598805606365,0.09141881403047591,1.4621410559630021
32,0,20,7,0.37049598805606365,0.5534672120120376,0.18297122395597398,1.4621410559630021
32,0,20,8,0.5534672120120376,0.5669002450304106,0.013433033018372953,1.4621410559630021
32,0,20,9,0.5669002450304106,0.649090965045616,0.08219072001520544,1.4621410559630021
32,0,20,10,0.649090965045616,0.7509563929634169,0.10186542791780084,1.4621410559630021
32,0,20,11,0.7509563929634169,0.8646519719623029,0.11369557899888605,1.4621410559630021
32,0,20,12,0.8646519719623029,0.984468542970717,0.11981657100841403,1.4621410559630021
32,0,20,13,0.984468542970717,1.1092230799840763,0.12475453701335937,1.4621410559630021
32,0,20,14,1.1092230799840763,1.238293891074136,0.12907081109005958,1.4621410559630021
32,0,20,15,1.238293891074136,1.3831837420584634,0.1448898509843275,1.4621410559630021
32,0,20,16,1.3831837420584634,1.4638415470253676,0.08065780496690422,1.4621410559630021
32,0,21,1,-0.0034753959625959396,0.08987056999467313,0.09334596595726907,1.4621410559630021
32,0,21,2,0.08987056999467313,0.185123658971861,0.09525308897718787,1.4621410559630021
32,0,21,3,0.185123658971861,0.27877926104702055,0.09365560207515955,1.4621410559630021
32,0,21,4,0.27877926104702055,0.3700203059706837,0.09124104492366314,1.4621410559630021
32,0,21,5,0.3700203059706837,0.5528063919628039,0.1827860859921202,1.4621410559630021
32,0,21,6,0.5528063919628039,0.5662407759809867,0.013434384018182755,1.4621410559630021
32,0,21,7,0.5662407759809867,0.6484986810246482,0.0822579050436616,1.4621410559630021
32,0,21,8,0.6484986810246482,0.7503606040263548,0.1018619230017066,1.4621410559630021
32,0,21,9,0.7503606040263548,0.8639220730401576,0.11356146901380271,1.4621410559630021
32,0,21,10,0.8639220730401576,0.9838592449668795,0.11993717192672193,1.4621410559630021
32,0,21,11,0.9838592449668795,1.1085375170223415,0.124678272055462,1.4621410559630021
32,0,21,12,1.1085375170223415,1.2375833940459415,0.12904587702360004,1.4621410559630021
32,0,21,13,1.2375833940459415,1.3824983900412917,0.14491499599535018,1.4621410559630021
32,0,21,14,1.3824983900412917,1.4633363189641386,0.08083792892284691,1.4621410559630021
32,0,22,1,0.5663548939628527,0.6485586960334331,0.08220380207058042,1.4621410559630021
32,0,22,2,0.6485586960334331,0.7504115370102227,0.1018528409767896,1.4621410559630021
32,0,22,3,0.7504115370102227,0.8639852750347927,0.11357373802457005,1.4621410559630021
32,0,22,4,0.8639852750347927,0.9839144879952073,0.11992921296041459,1.4621410559630021
32,0,22,5,0.9839144879952073,1.1085982230724767,0.12468373507726938,1.4621410559630021
32,0,22,6,1.1085982230724767,1.237651488976553,0.1290532659040764,1.4621410559630021
32,0,22,7,1.237651488976553,1.382557787001133,0.14490629802457988,1.4621410559630021
32,0,22,8,1.382557787001133,1.4633809990482405,0.08082321204710752,1.4621410559630021
32,0,23,1,0.3702751500532031,0.5529882420087233,0.1827130919555202,1.4621410559630021
32,0,23,2,0.5529882420087233,0.5665050119860098,0.013516769977286458,1.4621410559630021
32,0,23,3,0.5665050119860098,0.6487169970059767,0.08221198501996696,1.4621410559630021
32,0,23,4,0.6487169970059767,0.7505743500078097,0.10185735300183296,1.4621410559630021
32,0,23,5,0.7505743500078097,0.8641739840386435,0.11359963403083384,1.4621410559630021
32,0,23,6,0.8641739840386435,0.9840740420622751,0.11990005802363157,1.4621410559630021
32,0,23,7,0.9840740420622751,1.1087812719633803,0.12470722990110517,1.4621410559630021
32,0,23,8,1.1087812719633803,1.2378404589835554,0.12905918702017516,1.4621410559630021
32,0,23,9,1.2378404589835554,1.3827331940410659,0.14489273505751044,1.4621410559630021
32,0,23,10,1.3827331940410659,1.4635201570345089,0.08078696299344301,1.4621410559630021
32,0,24,1,0.18446942197624594,0.27805205597542226,0.09358263399917632,1.4621410559630021
32,0,24,2,0.27805205597542226,0.36923078005202115,0.09117872407659888,1.4621410559630021
32,0,24,3,0.36923078005202115,0.5520303910598159,0.18279961100779474,1.4621410559630021
32,0,24,4,0.5520303910598159,0.565590228070505,0.01355983701068908,1.4621410559630021
32,0,24,5,0.565590228070505,0.6477517649764195,0.08216153690591455,1.4621410559630021
32,0,24,6,0.6477517649764195,0.7496725009987131,0.10192073602229357,1.4621410559630021
32,0,24,7,0.7496725009987131,0.8631678509991616,0.11349535000044852,1.4621410559630021
32,0,24,8,0.8631678509991616,0.9831070359796286,0.11993918498046696,1.4621410559630021
32,0,24,9,0.9831070359796286,1.1076711060013622,0.12456407002173364,1.4621410559630021
32,0,24,10,1.1076711060013622,1.2367402160307392,0.12906911002937704,1.4621410559630021
32,0,24,11,1.2367402160307392,1.3817405250156298,0.14500030898489058,1.4621410559630021
32,0,24,12,1.3817405250156298,1.4627001690678298,0.08095964405220002,1.4621410559630021
32,0,25,1,0.2786277789855376,0.3698638960486278,0.0912361170630902,1.4621410559630021
32,0,25,2,0.3698638960486278,0.5526336110197008,0.18276971497107297,1.4621410559630021
32,0,25,3,0.5526336110197008,0.5660520370583981,0.013418426038697362,1.4621410559630021
32,0,25,4,0.5660520370583981,0.648278700071387,0.08222666301298887,1.4621410559630021
32,0,25,5,0.648278700071387,0.7502094570081681,0.10193075693678111,1.4621410559630021
32,0,25,6,0.7502094570081681,0.8637367719784379,0.1135273149702698,1.4621410559630021
32,0,25,7,0.8637367719784379,0.9837030309718102,0.11996625899337232,1.4621410559630021
32,0,25,8,0.9837030309718102,1.1083456999622285,0.12464266899041831,1.4621410559630021
32,0,25,9,1.1083456999622285,1.2373164540622383,0.1289707541000098,1.4621410559630021
32,0,25,10,1.2373164540622383,1.3823051820509136,0.14498872798867524,1.4621410559630021
32,0,25,11,1.3823051820509136,1.4631971550406888,0.08089197298977524,1.4621410559630021
32,0,26,1,0.18490454298444092,0.2784569190116599,0.093552376027219,1.4621410559630021
32,0,26,2,0.2784569190116599,0.36960931797511876,0.09115239896345884,1.4621410559630021
32,0,26,3,0.36960931797511876,0.5524526929948479,0.18284337501972914,1.4621410559630021
32,0,26,4,0.5524526929948479,0.5658749559661373,0.013422262971289456,1.4621410559630021
32,0,26,5,0.5658749559661373,0.6481215690728277,0.08224661310669035,1.4621410559630021
32,0,26,6,0.6481215690728277,0.75005804002285,0.10193647095002234,1.4621410559630021
32,0,26,7,0.75005804002285,0.8635517070069909,0.11349366698414087,1.4621410559630021
32,0,26,8,0.8635517070069909,0.9835375919938087,0.11998588498681784,1.4621410559630021
32,0,26,9,0.9835375919938087,1.1081640369957313,0.12462644500192255,1.4621410559630021
32,0,26,10,1.1081640369957313,1.2371231010183692,0.1289590640226379,1.4621410559630021
32,0,26,11,1.2371231010183692,1.382117699016817,0.14499459799844772,1.4621410559630021
32,0,26,12,1.382117699016817,1.4629860309651121,0.08086833194829524,1.4621410559630021
32,0,27,1,0.08964341902174056,0.18497019400820136,0.0953267749864608,1.4621410559630021
32,0,27,2,0.18497019400820136,0.2785092160338536,0.09353902202565223,1.4621410559630021
32,0,27,3,0.2785092160338536,0.36966610606759787,0.09115689003374428,1.4621410559630021
32,0,27,4,0.36966610606759787,0.5525052140001208,0.1828391079325229,1.4621410559630021
32,0,27,5,0.5525052140001208,0.5659537360770628,0.013448522076942027,1.4621410559630021
32,0,27,6,0.5659537360770628,0.6481748590013012,0.08222112292423844,1.4621410559630021
32,0,27,7,0.6481748590013012,0.7501078250352293,0.1019329660339281,1.4621410559630021
32,0,27,8,0.7501078250352293,0.8636114710243419,0.11350364598911256,1.4621410559630021
32,0,27,9,0.8636114710243419,0.9835950339911506,0.11998356296680868,1.4621410559630021
32,0,27,10,0.9835950339911506,1.1082226419821382,0.1246276079909876,1.4621410559630021
32,0,27,11,1.1082226419821382,1.2371857879916206,0.12896314600948244,1.4621410559630021
32,0,27,12,1.2371857879916206,1.382179543026723,0.14499375503510237,1.4621410559630021
32,0,27,13,1.382179543026723,1.4630325250327587,0.08085298200603575,1.4621410559630021
32,0,28,1,0.5532384440302849,0.5666488390415907,0.013410395011305809,1.4621410559630021
32,0,28,2,0.5666488390415907,0.6488761670188978,0.08222732797730714,1.4621410559630021
32,0,28,3,0.6488761670188978,0.7507544379914179,0.10187827097252011,1.4621410559630021
32,0,28,4,0.7507544379914179,0.8643977360334247,0.11364329804200679,1.4621410559630021
32,0,28,5,0.8643977360334247,0.984243290964514,0.11984555493108928,1.4621410559630021
32,0,28,6,0.984243290964514,1.1089715650305152,0.12472827406600118,1.4621410559630021
32,0,28,7,1.1089715650305152,1.2380347669823095,0.12906320195179433,1.4621410559630021
32,0,28,8,1.2380347669823095,1.3829550599912181,0.14492029300890863,1.4621410559630021
32,0,28,9,1.3829550599912181,1.4636603749822825,0.08070531499106437,1.4621410559630021
32,0,29,1,0.36979695002082735,0.5525725650368258,0.18277561501599848,1.4621410559630021
32,0,29,2,0.5525725650368258,0.5660048190038651,0.013432253967039287,1.4621410559630021
32,0,29,3,0.5660048190038651,0.6482269830303267,0.08222216402646154,1.4621410559630021
32,0,29,4,0.6482269830303267,0.7501570510212332,0.10193006799090654,1.4621410559630021
32,0,29,5,0.7501570510212332,0.8636735500767827,0.1135164990555495,1.4621410559630021
32,0,29,6,0.8636735500767827,0.9836496229982004,0.11997607292141765,1.4621410559630021
32,0,29,7,0.9836496229982004,1.1082842859905213,0.12463466299232095,1.4621410559630021
32,0,29,8,1.1082842859905213,1.2372507359832525,0.1289664499927312,1.4621410559630021
32,0,29,9,1.2372507359832525,1.3822427380364388,0.1449920020531863,1.4621410559630021
32,0,29,10,1.3822427380364388,1.4630775940604508,0.08083485602401197,1.4621410559630021
32,0,30,1,0.5667549130739644,0.6489350660704076,0.08218015299644321,1.4621410559630021
32,0,30,2,0.6489350660704076,0.750806836062111,0.10187176999170333,1.4621410559630021
32,0,30,3,0.750806836062111,0.8644697980489582,0.11366296198684722,1.4621410559630021
32,0,30,4,0.8644697980489582,0.9842963080154732,0.119826509966515,1.4621410559630021
32,0,30,5,0.9842963080154732,1.1090373019687831,0.12474099395330995,1.4621410559630021
32,0,30,6,1.1090373019687831,1.2381009559612721,0.12906365399248898,1.4621410559630021
32,0,30,7,1.2381009559612721,1.3830141460057348,0.14491319004446268,1.4621410559630021
32,0,30,8,1.3830141460057348,1.4637038300279528,0.08068968402221799,1.4621410559630021
32,0,31,1,0.5533536750590429,0.5668082790216431,0.013454603962600231,1.4621410559630021
32,0,31,2,0.5668082790216431,0.6489880779990926,0.08217979897744954,1.4621410559630021
32,0,31,3,0.6489880779990926,0.7508573679951951,0.10186928999610245,1.4621410559630021
32,0,31,4,0.7508573679951951,0.8645308159757406,0.11367344798054546,1.4621410559630021
32,0,31,5,0.8645308159757406,0.9843507020268589,0.11981988605111837,1.4621410559630021
32,0,31,6,0.9843507020268589,1.1091027840739116,0.12475208204705268,1.4621410559630021
32,0,31,7,1.1091027840739116,1.2381655490025878,0.1290627649286762,1.4621410559630021
32,0,31,8,1.2381655490025878,1.383069791016169,0.1449042420135811,1.4621410559630021
32,0,31,9,1.383069791016169,1.4637500899843872,0.08068029896821827,1.4621410559630021
32,1,0,11,-0.0036804990377277136,0.08966068702284247,0.09334118606057018,1.4418000939767808
32,1,0,12,0.08966068702284247,0.17938158800825477,0.0897209009854123,1.4418000939767808
32,1,0,13,0.17938158800825477,0.27050588093698025,0.09112429292872548,1.4418000939767808
32,1,0,14,0.27050588093698025,0.36120652593672276,0.09070064499974251,1.4418000939767808
32,1,0,15,0.36120652593672276,0.4513855029363185,0.09017897699959576,1.4418000939767808
32,1,0,16,0.4513855029363185,0.5415205389726907,0.09013503603637218,1.4418000939767808
32,1,0,17,0.5415205389726907,0.6341404980048537,0.09261995903216302,1.4418000939767808
32,1,0,18,0.6341404980048537,0.733807596960105,0.09966709895525128,1.4418000939767808
32,1,0,19,0.733807596960105,0.8474130999529734,0.11360550299286842,1.4418000939767808
32,1,0,20,0.8474130999529734,0.9681126279756427,0.12069952802266926,1.4418000939767808
32,1,0,21,0.9681126279756427,1.0865229559130967,0.11841032793745399,1.4418000939767808
32,1,0,22,1.0865229559130967,1.215129566960968,0.1286066110478714,1.4418000939767808
32,1,0,23,1.215129566960968,1.3479674139525741,0.13283784699160606,1.4418000939767808
32,1,0,24,1.3479674139525741,1.4435208819340914,0.09555346798151731,1.4418000939767808
32,1,1,1,0.17954135895706713,0.27060893294401467,0.09106757398694754,1.4418000939767808
32,1,1,2,0.27060893294401467,0.36129699391312897,0.0906880609691143,1.4418000939767808
32,1,1,3,0.36129699391312897,0.4514863259391859,0.09018933202605695,1.4418000939767808
32,1,1,4,0.4514863259391859,0.5416299329372123,0.09014360699802637,1.4418000939767808
32,1,1,5,0.5416299329372123,0.6342350579798222,0.09260512504260987,1.4418000939767808
32,1,1,6,0.6342350579798222,0.7339053669711575,0.09967030899133533,1.4418000939767808
32,1,1,7,0.7339053669711575,0.8475072309374809,0.11360186396632344,1.4418000939767808
32,1,1,8,0.8475072309374809,0.9682128359563649,0.12070560501888394,1.4418000939767808
32,1,1,9,0.9682128359563649,1.0866320750210434,0.11841923906467855,1.4418000939767808
32,1,1,10,1.0866320750210434,1.2152395449811593,0.12860746996011585,1.4418000939767808
32,1,1,11,1.2152395449811593,1.3480767200235277,0.13283717504236847,1.4418000939767808
32,1,1,12,1.3480767200235277,1.4436268099816516,0.09555008995812386,1.4418000939767808
32,1,2,7,-0.004452733090147376,0.08868329599499702,0.0931360290851444,1.4418000939767808
32,1,2,8,0.08868329599499702,0.1785536209354177,0.08987032494042069,1.4418000939767808
32,1,2,9,0.1785536209354177,0.2693818089319393,0.09082818799652159,1.4418000939767808
32,1,2,10,0.2693818089319393,0.36015361291356385,0.09077180398162454,1.4418000939767808
32,1,2,11,0.36015361291356385,0.45016812393441796,0.09001451102085412,1.4418000939767808
32,1,2,12,0.45016812393441796,0.5402532459702343,0.09008512203581631,1.4418000939767808
32,1,2,13,0.5402532459702343,0.6330713459756225,0.09281810000538826,1.4418000939767808
32,1,2,14,0.6330713459756225,0.7326210559112951,0.09954970993567258,1.4418000939767808
32,1,2,15,0.7326210559112951,0.8463545279810205,0.1137334720697254,1.4418000939767808
32,1,2,16,0.8463545279810205,0.9670300339348614,0.12067550595384091,1.4418000939767808
32,1,2,17,0.9670300339348614,1.0852905029896647,0.11826046905480325,1.4418000939767808
32,1,2,18,1.0852905029896647,1.2138739509973675,0.12858344800770283,1.4418000939767808
32,1,2,19,1.2138739509973675,1.3466684259474277,0.13279447495006025,1.4418000939767808
32,1,2,20,1.3466684259474277,1.442303678020835,0.09563525207340717,1.4418000939767808
32,1,3,9,-0.004143911995925009,0.08894258399959654,0.09308649599552155,1.4418000939767808
32,1,3,10,0.08894258399959654,0.17888199898879975,0.08993941498920321,1.4418000939767808
32,1,3,11,0.17888199898879975,0.2696652109734714,0.09078321198467165,1.4418000939767808
32,1,3,12,0.2696652109734714,0.3605793529422954,0.09091414196882397,1.4418000939767808
32,1,3,13,0.3605793529422954,0.450681910966523,0.09010255802422762,1.4418000939767808
32,1,3,14,0.450681910966523,0.540713200927712,0.09003128996118903,1.4418000939767808
32,1,3,15,0.540713200927712,0.6334803119534627,0.09276711102575064,1.4418000939767808
32,1,3,16,0.6334803119534627,0.7330657090060413,0.09958539705257863,1.4418000939767808
32,1,3,17,0.7330657090060413,0.8467558849370107,0.11369017593096942,1.4418000939767808
32,1,3,18,0.8467558849370107,0.9673917070031166,0.1206358220661059,1.4418000939767808
32,1,3,19,0.9673917070031166,1.0858317249221727,0.11844001791905612,1.4418000939767808
32,1,3,20,1.0858317249221727,1.2142968570115045,0.12846513208933175,1.4418000939767808
32,1,3,21,1.2142968570115045,1.3471512409159914,0.1328543839044869,1.4418000939767808
32,1,3,22,1.3471512409159914,1.4428007960086688,0.09564955509267747,1.4418000939767808
32,1,4,10,-0.004191925982013345,0.08889218396507204,0.09308410994708538,1.4418000939767808
32,1,4,11,0.08889218396507204,0.1788312930148095,0.08993910904973745,1.4418000939767808
32,1,4,12,0.1788312930148095,0.269610003917478,0.09077871090266854,1.4418000939767808
32,1,4,13,0.269610003917478,0.36034875200130045,0.09073874808382243,1.4418000939767808
32,1,4,14,0.36034875200130045,0.4504426459316164,0.09009389393031597,1.4418000939767808
32,1,4,15,0.4504426459316164,0.540529593010433,0.09008694707881659,1.4418000939767808
32,1,4,16,0.540529593010433,0.6332680919440463,0.0927384989336133,1.4418000939767808
32,1,4,17,0.6332680919440463,0.732904250966385,0.09963615902233869,1.4418000939767808
32,1,4,18,0.732904250966385,0.8466082399245352,0.11370398895815015,1.4418000939767808
32,1,4,19,0.8466082399245352,0.9672368749743327,0.1206286350497976,1.4418000939767808
32,1,4,20,0.9672368749743327,1.0855778299737722,0.11834095499943942,1.4418000939767808
32,1,4,21,1.0855778299737722,1.2141152289696038,0.1285373989958316,1.4418000939767808
32,1,4,22,1.2141152289696038,1.3469739130232483,0.13285868405364454,1.4418000939767808
32,1,4,23,1.3469739130232483,1.4425273609813303,0.09555344795808196,1.4418000939767808
32,1,5,9,-0.004036484053358436,0.08922897290904075,0.09326545696239918,1.4418000939767808
32,1,5,10,0.08922897290904075,0.1790369419613853,0.08980796905234456,1.4418000939767808
32,1,5,11,0.1790369419613853,0.2700020109768957,0.09096506901551038,1.4418000939767808
32,1,5,12,0.2700020109768957,0.3607881380012259,0.0907861270243302,1.4418000939767808
32,1,5,13,0.3607881380012259,0.45098109799437225,0.09019295999314636,1.4418000939767808
32,1,5,14,0.45098109799437225,0.5410788080189377,0.09009771002456546,1.4418000939767808
32,1,5,15,0.5410788080189377,0.6337188989855349,0.0926400909665972,1.4418000939767808
32,1,5,16,0.6337188989855349,0.733324368018657,0.09960546903312206,1.4418000939767808
32,1,5,17,0.733324368018657,0.8470479679526761,0.11372359993401915,1.4418000939767808
32,1,5,18,0.8470479679526761,0.9677139460109174,0.12066597805824131,1.4418000939767808
32,1,5,19,0.9677139460109174,1.086095692939125,0.11838174692820758,1.4418000939767808
32,1,5,20,1.086095692939125,1.214670622954145,0.12857493001502007,1.4418000939767808
32,1,5,21,1.214670622954145,1.3475364709738642,0.13286584801971912,1.4418000939767808
32,1,5,22,1.3475364709738642,1.4430784019641578,0.09554193099029362,1.4418000939767808
32,1,6,1,0.54180347698275,0.6343375329161063,0.09253405593335629,1.4418000939767808
32,1,6,2,0.6343375329161063,0.733999382937327,0.09966185002122074,1.4418000939767808
32,1,6,3,0.733999382937327,0.8475972189335153,0.11359783599618822,1.4418000939767808
32,1,6,4,0.8475972189335153,0.96834029792808,0.12074307899456471,1.4418000939767808
32,1,6,5,0.96834029792808,1.0867422969313338,0.11840199900325388,1.4418000939767808
32,1,6,6,1.0867422969313338,1.215350870974362,0.12860857404302806,1.4418000939767808
32,1,6,7,1.215350870974362,1.3481873349519446,0.13283646397758275,1.4418000939767808
32,1,6,8,1.3481873349519446,1.4437339439755306,0.09554660902358592,1.4418000939767808
32,1,7,8,-0.004659140016883612,0.08852827595546842,0.09318741597235203,1.4418000939767808
32,1,7,9,0.08852827595546842,0.17822002398315817,0.08969174802768975,1.4418000939767808
32,1,7,10,0.17822002398315817,0.26914111396763474,0.09092108998447657,1.4418000939767808
32,1,7,11,0.26914111396763474,0.3598232949152589,0.09068218094762415,1.4418000939767808
32,1,7,12,0.3598232949152589,0.44985890202224255,0.09003560710698366,1.4418000939767808
32,1,7,13,0.44985890202224255,0.5397360199131072,0.08987711789086461,1.4418000939767808
32,1,7,14,0.5397360199131072,0.6326802769908682,0.092944257077761,1.4418000939767808
32,1,7,15,0.6326802769908682,0.7319111409597099,0.09923086396884173,1.4418000939767808
32,1,7,16,0.7319111409597099,0.8460224330192432,0.1141112920595333,1.4418000939767808
32,1,7,17,0.8460224330192432,0.9665798529749736,0.12055741995573044,1.4418000939767808
32,1,7,18,0.9665798529749736,1.0849448239896446,0.11836497101467103,1.4418000939767808
32,1,7,19,1.0849448239896446,1.2133349379291758,0.12839011393953115,1.4418000939767808
32,1,7,20,1.2133349379291758,1.3462599000195041,0.13292496209032834,1.4418000939767808
32,1,7,21,1.3462599000195041,1.4419953789329156,0.0957354789134115,1.4418000939767808
32,1,8,1,0.45083408697973937,0.5409075720235705,0.09007348504383117,1.4418000939767808
32,1,8,2,0.5409075720235705,0.6335761579684913,0.09266858594492078,1.4418000939767808
32,1,8,3,0.6335761579684913,0.7331696819746867,0.09959352400619537,1.4418000939767808
32,1,8,4,0.7331696819746867,0.8468489879742265,0.11367930599953979,1.4418000939767808
32,1,8,5,0.8468489879742265,0.967499008984305,0.12065002101007849,1.4418000939767808
32,1,8,6,0.967499008984305,1.085935303941369,0.11843629495706409,1.4418000939767808
32,1,8,7,1.085935303941369,1.2144119499716908,0.12847664603032172,1.4418000939767808
32,1,8,8,1.2144119499716908,1.3473495609359816,0.1329376109642908,1.4418000939767808
32,1,8,9,1.3473495609359816,1.442916155909188,0.09556659497320652,1.4418000939767808
32,1,9,7,-0.003988048993051052,0.08928317402023822,0.09327122301328927,1.4418000939767808
32,1,9,8,0.08928317402023822,0.17908672394696623,0.08980354992672801,1.4418000939767808
32,1,9,9,0.17908672394696623,0.27005126094445586,0.09096453699748963,1.4418000939767808
32,1,9,10,0.27005126094445586,0.36083515000063926,0.0907838890561834,1.4418000939767808
32,1,9,11,0.36083515000063926,0.45102860499173403,0.09019345499109477,1.4418000939767808
32,1,9,12,0.45102860499173403,0.5411347789922729,0.09010617400053889,1.4418000939767808
32,1,9,13,0.5411347789922729,0.6337654759408906,0.0926306969486177,1.4418000939767808
32,1,9,14,0.6337654759408906,0.7334428490139544,0.09967737307306379,1.4418000939767808
32,1,9,15,0.7334428490139544,0.8470940459519625,0.11365119693800807,1.4418000939767808
32,1,9,16,0.8470940459519625,0.9677643639734015,0.12067031802143902,1.4418000939767808
32,1,9,17,0.9677643639734015,1.0861492059193552,0.11838484194595367,1.4418000939767808
32,1,9,18,1.0861492059193552,1.2147293880116194,0.1285801820922643,1.4418000939767808
32,1,9,19,1.2147293880116194,1.3475938899209723,0.13286450190935284,1.4418000939767808
32,1,9,20,1.3475938899209723,1.44313584594056,0.09554195601958781,1.4418000939767808
32,1,10,6,-0.004351729992777109,0.0887883729301393,0.09314010292291641,1.4418000939767808
32,1,10,7,0.0887883729301393,0.1787303069140762,0.0899419339839369,1.4418000939767808
32,1,10,8,0.1787303069140762,0.2695001079700887,0.09076980105601251,1.4418000939767808
32,1,10,9,0.2695001079700887,0.3602518979460001,0.09075178997591138,1.4418000939767808
32,1,10,10,0.3602518979460001,0.45034347695764154,0.09009157901164144,1.4418000939767808
32,1,10,11,0.45034347695764154,0.5403664630139247,0.09002298605628312,1.4418000939767808
32,1,10,12,0.5403664630139247,0.633169544977136,0.0928030819632113,1.4418000939767808
32,1,10,13,0.633169544977136,0.7327643299940974,0.0995947850169614,1.4418000939767808
32,1,10,14,0.7327643299940974,0.8464513029903173,0.11368697299621999,1.4418000939767808
32,1,10,15,0.8464513029903173,0.9671307009411976,0.12067939795088023,1.4418000939767808
32,1,10,16,0.9671307009411976,1.0854537369450554,0.11832303600385785,1.4418000939767808
32,1,10,17,1.0854537369450554,1.2139948779949918,0.1285411410499364,1.4418000939767808
32,1,10,18,1.2139948779949918,1.3468581449706107,0.1328632669756189,1.4418000939767808
32,1,10,19,1.3468581449706107,1.4424112809356302,0.09555313596501946,1.4418000939767808
32,1,11,2,-0.004085628082975745,0.08899348694831133,0.09307911503128707,1.4418000939767808
32,1,11,3,0.08899348694831133,0.1789303719997406,0.08993688505142927,1.4418000939767808
32,1,11,4,0.1789303719997406,0.26971849997062236,0.09078812797088176,1.4418000939767808
32,1,11,5,0.26971849997062236,0.36062951502390206,0.0909110150532797,1.4418000939767808
32,1,11,6,0.36062951502390206,0.4507286179577932,0.09009910293389112,1.4418000939767808
32,1,11,7,0.4507286179577932,0.5407684849342331,0.09003986697643995,1.4418000939767808
32,1,11,8,0.5407684849342331,0.6335284529486671,0.09275996801443398,1.4418000939767808
32,1,11,9,0.6335284529486671,0.7331172620179132,0.09958880906924605,1.4418000939767808
32,1,11,10,0.7331172620179132,0.8468019389547408,0.1136846769368276,1.4418000939767808
32,1,11,11,0.8468019389547408,0.9674427299760282,0.12064079102128744,1.4418000939767808
32,1,11,12,0.9674427299760282,1.0858861729502678,0.11844344297423959,1.4418000939767808
32,1,11,13,1.0858861729502678,1.2143550559412688,0.128468882991001,1.4418000939767808
32,1,11,14,1.2143550559412688,1.34720744099468,0.13285238505341113,1.4418000939767808
32,1,11,15,1.34720744099468,1.4428603500127792,0.09565290901809931,1.4418000939767808
32,1,12,6,-0.004511284991167486,0.08862362895160913,0.09313491394277662,1.4418000939767808
32,1,12,7,0.08862362895160913,0.17849919793661684,0.0898755689850077,1.4418000939767808
32,1,12,8,0.17849919793661684,0.26932460092939436,0.09082540299277753,1.4418000939767808
32,1,12,9,0.26932460092939436,0.3601015369640663,0.09077693603467196,1.4418000939767808
32,1,12,10,0.3601015369640663,0.45011675800196826,0.09001522103790194,1.4418000939767808
32,1,12,11,0.45011675800196826,0.5401952510001138,0.09007849299814552,1.4418000939767808
32,1,12,12,0.5401952510001138,0.6330202979734167,0.09282504697330296,1.4418000939767808
32,1,12,13,0.6330202979734167,0.7325331949396059,0.09951289696618915,1.4418000939767808
32,1,12,14,0.7325331949396059,0.8463048529811203,0.11377165804151446,1.4418000939767808
32,1,12,15,0.8463048529811203,0.9669773959321901,0.12067254295106977,1.4418000939767808
32,1,12,16,0.9669773959321901,1.085234681959264,0.11825728602707386,1.4418000939767808
32,1,12,17,1.085234681959264,1.2138065350009128,0.12857185304164886,1.4418000939767808
32,1,12,18,1.2138065350009128,1.346607337007299,0.13280080200638622,1.4418000939767808
32,1,12,19,1.346607337007299,1.4422463920200244,0.0956390550127253,1.4418000939767808
32,1,13,8,-0.00384588201995939,0.08954997593536973,0.09339585795532912,1.4418000939767808
32,1,13,9,0.08954997593536973,0.17928577901329845,0.08973580307792872,1.4418000939767808
32,1,13,10,0.17928577901329845,0.2704014569753781,0.09111567796207964,1.4418000939767808
32,1,13,11,0.2704014569753781,0.3611161910230294,0.09071473404765129,1.4418000939767808
32,1,13,12,0.3611161910230294,0.4512600399320945,0.09014384890906513,1.4418000939767808
32,1,13,13,0.4512600399320945,0.541405280935578,0.09014524100348353,1.4418000939767808
32,1,13,14,0.541405280935578,0.6340458620106801,0.09264058107510209,1.4418000939767808
32,1,13,15,0.6340458620106801,0.7337057939730585,0.09965993196237832,1.4418000939767808
32,1,13,16,0.7337057939730585,0.8473212729441002,0.11361547897104174,1.4418000939767808
32,1,13,17,0.8473212729441002,0.9680140719283372,0.12069279898423702,1.4418000939767808
32,1,13,18,0.9680140719283372,1.0864111009286717,0.11839702900033444,1.4418000939767808
32,1,13,19,1.0864111009286717,1.215015385998413,0.1286042850697413,1.4418000939767808
32,1,13,20,1.215015385998413,1.3478605810087174,0.13284519501030445,1.4418000939767808
32,1,13,21,1.3478605810087174,1.4434040929190814,0.09554351191036403,1.4418000939767808
32,1,14,5,-0.0038925959961488843,0.08938145102001727,0.09327404701616615,1.4418000939767808
32,1,14,6,0.08938145102001727,0.1791832729941234,0.08980182197410613,1.4418000939767808
32,1,14,7,0.1791832729941234,0.27015119697898626,0.09096792398486286,1.4418000939767808
32,1,14,8,0.27015119697898626,0.3609260739758611,0.09077487699687481,1.4418000939767808
32,1,14,9,0.3609260739758611,0.4511201619170606,0.09019408794119954,1.4418000939767808
32,1,14,10,0.4511201619170606,0.5412442779634148,0.09012411604635417,1.4418000939767808
32,1,14,11,0.5412442779634148,0.6338615969289094,0.09261731896549463,1.4418000939767808
32,1,14,12,0.6338615969289094,0.7335571029689163,0.09969550604000688,1.4418000939767808
32,1,14,13,0.7335571029689163,0.8471845799358562,0.11362747696693987,1.4418000939767808
32,1,14,14,0.8471845799358562,0.9678647179389372,0.12068013800308108,1.4418000939767808
32,1,14,15,0.9678647179389372,1.0862546709831804,0.11838995304424316,1.4418000939767808
32,1,14,16,1.0862546709831804,1.2148448609514162,0.1285901899682358,1.4418000939767808
32,1,14,17,1.2148448609514162,1.3477003650041297,0.1328555040527135,1.4418000939767808
32,1,14,18,1.3477003650041297,1.4432466089492664,0.09554624394513667,1.4418000939767808
32,1,15,5,-0.004400740028358996,0.08873677894007415,0.09313751896843314,1.4418000939767808
32,1,15,6,0.08873677894007415,0.178676120005548,0.08993934106547385,1.4418000939767808
32,1,15,7,0.178676120005548,0.2694378530140966,0.09076173300854862,1.4418000939767808
32,1,15,8,0.2694378530140966,0.3602032639319077,0.0907654109178111,1.4418000939767808
32,1,15,9,0.3602032639319077,0.45029250101651996,0.09008923708461225,1.4418000939767808
32,1,15,10,0.45029250101651996,0.5403099429095164,0.09001744189299643,1.4418000939767808
32,1,15,11,0.5403099429095164,0.6331211079377681,0.09281116502825171,1.4418000939767808
32,1,15,12,0.6331211079377681,0.7326939719496295,0.09957286401186138,1.4418000939767808
32,1,15,13,0.7326939719496295,0.846403602976352,0.11370963102672249,1.4418000939767808
32,1,15,14,0.846403602976352,0.9670807089423761,0.1206771059660241,1.4418000939767808
32,1,15,15,0.9670807089423761,1.0853957110084593,0.11831500206608325,1.4418000939767808
32,1,15,16,1.0853957110084593,1.2139348390046507,0.12853912799619138,1.4418000939767808
32,1,15,17,1.2139348390046507,1.3467963950242847,0.132861556019634,1.4418000939767808
32,1,15,18,1.3467963950242847,1.4423585400218144,0.09556214499752969,1.4418000939767808
32,1,16,1,0.2702685589902103,0.36102144699543715,0.09075288800522685,1.4418000939767808
32,1,16,2,0.36102144699543715,0.45116656192112714,0.09014511492569,1.4418000939767808
32,1,16,3,0.45116656192112714,0.5412967029260471,0.09013014100492,1.4418000939767808
32,1,16,4,0.5412967029260471,0.6339496169239283,0.09265291399788111,1.4418000939767808
32,1,16,5,0.6339496169239283,0.7336068319855258,0.09965721506159753,1.4418000939767808
32,1,16,6,0.7336068319855258,0.8472309039207175,0.11362407193519175,1.4418000939767808
32,1,16,7,0.8472309039207175,0.9679137839702889,0.1206828800495714,1.4418000939767808
32,1,16,8,0.9679137839702889,1.0863070089835674,0.11839322501327842,1.4418000939767808
32,1,16,9,1.0863070089835674,1.2149022619705647,0.12859525298699737,1.4418000939767808
32,1,16,10,1.2149022619705647,1.3477543379412964,0.13285207597073168,1.4418000939767808
32,1,16,11,1.3477543379412964,1.4432998650008813,0.09554552705958486,1.4418000939767808
32,1,17,4,-0.003632693085819483,0.08971128391567618,0.09334397700149566,1.4418000939767808
32,1,17,5,0.08971128391567618,0.17943131492938846,0.08972003101371229,1.4418000939767808
32,1,17,6,0.17943131492938846,0.27055466594174504,0.09112335101235658,1.4418000939767808
32,1,17,7,0.27055466594174504,0.3612529509700835,0.09069828502833843,1.4418000939767808
32,1,17,8,0.3612529509700835,0.45143447699956596,0.09018152602948248,1.4418000939767808
32,1,17,9,0.45143447699956596,0.5415755269350484,0.09014104993548244,1.4418000939767808
32,1,17,10,0.5415755269350484,0.6341882050037384,0.09261267806869,1.4418000939767808
32,1,17,11,0.6341882050037384,0.7338568089762703,0.09966860397253186,1.4418000939767808
32,1,17,12,0.7338568089762703,0.8474582909839228,0.11360148200765252,1.4418000939767808
32,1,17,13,0.8474582909839228,0.968162250937894,0.12070395995397121,1.4418000939767808
32,1,17,14,0.968162250937894,1.086580439005047,0.1184181880671531,1.4418000939767808
32,1,17,15,1.086580439005047,1.2151855919510126,0.12860515294596553,1.4418000939767808
32,1,17,16,1.2151855919510126,1.3480217750184238,0.13283618306741118,1.4418000939767808
32,1,17,17,1.3480217750184238,1.4435761289205402,0.09555435390211642,1.4418000939767808
32,1,18,4,-0.004241473041474819,0.0888405789155513,0.09308205195702612,1.4418000939767808
32,1,18,5,0.0888405789155513,0.1787817069562152,0.0899411280406639,1.4418000939767808
32,1,18,6,0.1787817069562152,0.26955544599331915,0.09077373903710395,1.4418000939767808
32,1,18,7,0.26955544599331915,0.36029942193999887,0.09074397594667971,1.4418000939767808
32,1,18,8,0.36029942193999887,0.45039399596862495,0.09009457402862608,1.4418000939767808
32,1,18,9,0.45039399596862495,0.5404220559867099,0.09002806001808494,1.4418000939767808
32,1,18,10,0.5404220559867099,0.6332185489591211,0.09279649297241122,1.4418000939767808
32,1,18,11,0.6332185489591211,0.7328363630222157,0.09961781406309456,1.4418000939767808
32,1,18,12,0.7328363630222157,0.8465110160177574,0.11367465299554169,1.4418000939767808
32,1,18,13,0.8465110160177574,0.9671849989099428,0.12067398289218545,1.4418000939767808
32,1,18,14,0.9671849989099428,1.0855204119579867,0.11833541304804385,1.4418000939767808
32,1,18,15,1.0855204119579867,1.2140559569234028,0.1285355449654162,1.4418000939767808
32,1,18,16,1.2140559569234028,1.3469164490234107,0.13286049210000783,1.4418000939767808
32,1,18,17,1.3469164490234107,1.442471640999429,0.09555519197601825,1.4418000939767808
32,1,19,3,-0.0034470700193196535,0.08984321099705994,0.0932902810163796,1.4418000939767808
32,1,19,4,0.08984321099705994,0.17965891992207617,0.08981570892501622,1.4418000939767808
32,1,19,5,0.17965891992207617,0.27070561796426773,0.09104669804219157,1.4418000939767808
32,1,19,6,0.27070561796426773,0.36138690600637347,0.09068128804210573,1.4418000939767808
32,1,19,7,0.36138690600637347,0.45157799997832626,0.0901910939719528,1.4418000939767808
32,1,19,8,0.45157799997832626,0.5418606409803033,0.09028264100197703,1.4418000939767808
32,1,19,9,0.5418606409803033,0.6343845889205113,0.09252394794020802,1.4418000939767808
32,1,19,10,0.6343845889205113,0.7340477949474007,0.09966320602688938,1.4418000939767808
32,1,19,11,0.7340477949474007,0.8476480389945209,0.11360024404712021,1.4418000939767808
32,1,19,12,0.8476480389945209,0.9683882920071483,0.12074025301262736,1.4418000939767808
32,1,19,13,0.9683882920071483,1.0867932649562135,0.11840497294906527,1.4418000939767808
32,1,19,14,1.0867932649562135,1.2154112439602613,0.1286179790040478,1.4418000939767808
32,1,19,15,1.2154112439602613,1.3482428930001333,0.132831649039872,1.4418000939767808
32,1,19,16,1.3482428930001333,1.4437872970011085,0.09554440400097519,1.4418000939767808
32,1,20,2,-0.0033923930022865534,0.0898926539812237,0.09328504698351026,1.4418000939767808
32,1,20,3,0.0898926539812237,0.17970698000863194,0.08981432602740824,1.4418000939767808
32,1,20,4,0.17970698000863194,0.27075246593449265,0.0910454859258607,1.4418000939767808
32,1,20,5,0.27075246593449265,0.36143253999762237,0.09068007406312972,1.4418000939767808
32,1,20,6,0.36143253999762237,0.4516234459588304,0.09019090596120805,1.4418000939767808
32,1,20,7,0.4516234459588304,0.5419139679288492,0.09029052197001874,1.4418000939767808
32,1,20,8,0.5419139679288492,0.6344314169837162,0.09251744905486703,1.4418000939767808
32,1,20,9,0.6344314169837162,0.7340954139363021,0.09966399695258588,1.4418000939767808
32,1,20,10,0.7340954139363021,0.8476931470213458,0.11359773308504373,1.4418000939767808
32,1,20,11,0.8476931470213458,0.968436309020035,0.12074316199868917,1.4418000939767808
32,1,20,12,0.968436309020035,1.0868444410152733,0.11840813199523836,1.4418000939767808
32,1,20,13,1.0868444410152733,1.2154717999510467,0.12862735893577337,1.4418000939767808
32,1,20,14,1.2154717999510467,1.3482975310180336,0.13282573106698692,1.4418000939767808
32,1,20,15,1.3482975310180336,1.4438369809649885,0.09553944994695485,1.4418000939767808
32,1,21,1,0.450572203961201,0.5406004389515147,0.09002823499031365,1.4418000939767808
32,1,21,2,0.5406004389515147,0.6333697049412876,0.09276926598977298,1.4418000939767808
32,1,21,3,0.6333697049412876,0.7329574789619073,0.09958777402061969,1.4418000939767808
32,1,21,4,0.7329574789619073,0.8466620629187673,0.11370458395686,1.4418000939767808
32,1,21,5,0.8466620629187673,0.9672902720049024,0.12062820908613503,1.4418000939767808
32,1,21,6,0.9672902720049024,1.085723776021041,0.11843350401613861,1.4418000939767808
32,1,21,7,1.085723776021041,1.2141764069674537,0.12845263094641268,1.4418000939767808
32,1,21,8,1.2141764069674537,1.3470337139442563,0.13285730697680265,1.4418000939767808
32,1,21,9,1.3470337139442563,1.442583138938062,0.09554942499380559,1.4418000939767808
32,1,22,1,-0.0034978020703420043,0.08979247696697712,0.09329027903731912,1.4418000939767808
32,1,22,2,0.08979247696697712,0.17960779299028218,0.08981531602330506,1.4418000939767808
32,1,22,3,0.17960779299028218,0.2706582329701632,0.09105043997988105,1.4418000939767808
32,1,22,4,0.2706582329701632,0.3613420659676194,0.09068383299745619,1.4418000939767808
32,1,22,5,0.3613420659676194,0.45153254293836653,0.09019047697074711,1.4418000939767808
32,1,22,6,0.45153254293836653,0.5416832079645246,0.0901506650261581,1.4418000939767808
32,1,22,7,0.5416832079645246,0.63428128301166,0.09259807504713535,1.4418000939767808
32,1,22,8,0.63428128301166,0.733952738926746,0.09967145591508597,1.4418000939767808
32,1,22,9,0.733952738926746,0.8475507069379091,0.11359796801116318,1.4418000939767808
32,1,22,10,0.8475507069379091,0.9682862439658493,0.12073553702794015,1.4418000939767808
32,1,22,11,0.9682862439658493,1.086686132941395,0.11839988897554576,1.4418000939767808
32,1,22,12,1.086686132941395,1.2152940420201048,0.12860790907870978,1.4418000939767808
32,1,22,13,1.2152940420201048,1.3481349289650097,0.13284088694490492,1.4418000939767808
32,1,22,14,1.3481349289650097,1.4436807299498469,0.09554580098483711,1.4418000939767808
32,1,23,3,-0.003940563998185098,0.08933153096586466,0.09327209496404976,1.4418000939767808
32,1,23,4,0.08933153096586466,0.17913610592950135,0.0898045749636367,1.4418000939767808
32,1,23,5,0.17913610592950135,0.2701020099921152,0.09096590406261384,1.4418000939767808
32,1,23,6,0.2701020099921152,0.3608800049405545,0.0907779949484393,1.4418000939767808
32,1,23,7,0.3608800049405545,0.45107499591540545,0.09019499097485095,1.4418000939767808
32,1,23,8,0.45107499591540545,0.5411887369118631,0.09011374099645764,1.4418000939767808
32,1,23,9,0.5411887369118631,0.6338136059930548,0.09262486908119172,1.4418000939767808
32,1,23,10,0.6338136059930548,0.7335059850011021,0.09969237900804728,1.4418000939767808
32,1,23,11,0.7335059850011021,0.8471391199855134,0.1136331349844113,1.4418000939767808
32,1,23,12,0.8471391199855134,0.9678152119740844,0.12067609198857099,1.4418000939767808
32,1,23,13,0.9678152119740844,1.0862016379833221,0.11838642600923777,1.4418000939767808
32,1,23,14,1.0862016379833221,1.2147877649404109,0.1285861269570887,1.4418000939767808
32,1,23,15,1.2147877649404109,1.347648283932358,0.13286051899194717,1.4418000939767808
32,1,23,16,1.347648283932358,1.4431928769918159,0.09554459305945784,1.4418000939767808
32,1,24,1,0.36052089801523834,0.4506332769524306,0.09011237893719226,1.4418000939767808
32,1,24,2,0.4506332769524306,0.540658077923581,0.0900248009711504,1.4418000939767808
32,1,24,3,0.540658077923581,0.6334218350239098,0.0927637571003288,1.4418000939767808
32,1,24,4,0.6334218350239098,0.7330115379299968,0.09958970290608704,1.4418000939767808
32,1,24,5,0.7330115379299968,0.84670943999663,0.1136979020666331,1.4418000939767808
32,1,24,6,0.84670943999663,0.9673420619219542,0.1206326219253242,1.4418000939767808
32,1,24,7,0.9673420619219542,1.0857805269770324,0.11843846505507827,1.4418000939767808
32,1,24,8,1.0857805269770324,1.2142375599360093,0.12845703295897692,1.4418000939767808
32,1,24,9,1.2142375599360093,1.3470925919245929,0.1328550319885835,1.4418000939767808
32,1,24,10,1.3470925919245929,1.4426364559913054,0.09554386406671256,1.4418000939767808
32,1,25,1,0.08949772897176445,0.1792365260189399,0.08973879704717547,1.4418000939767808
32,1,25,2,0.1792365260189399,0.27031805692240596,0.09108153090346605,1.4418000939767808
32,1,25,3,0.27031805692240596,0.36106916796416044,0.09075111104175448,1.4418000939767808
32,1,25,4,0.36106916796416044,0.4512135019758716,0.09014433401171118,1.4418000939767808
32,1,25,5,0.4512135019758716,0.5413507509510964,0.09013724897522479,1.4418000939767808
32,1,25,6,0.5413507509510964,0.63399835198652,0.09264760103542358,1.4418000939767808
32,1,25,7,0.63399835198652,0.7336557669332251,0.0996574149467051,1.4418000939767808
32,1,25,8,0.7336557669332251,0.8472753929672763,0.11361962603405118,1.4418000939767808
32,1,25,9,0.8472753929672763,0.9679635509382933,0.12068815797101706,1.4418000939767808
32,1,25,10,0.9679635509382933,1.0863587210187688,0.11839517008047551,1.4418000939767808
32,1,25,11,1.0863587210187688,1.214958720956929,0.12859999993816018,1.4418000939767808
32,1,25,12,1.214958720956929,1.3478066469542682,0.1328479259973392,1.4418000939767808
32,1,25,13,1.3478066469542682,1.4433519279118627,0.09554528095759451,1.4418000939767808
32,1,26,1,-0.0037303370190784335,0.0896101399557665,0.09334047697484493,1.4418000939767808
32,1,26,2,0.0896101399557665,0.17933308496139944,0.08972294500563294,1.4418000939767808
32,1,26,3,0.17933308496139944,0.2704523259308189,0.09111924096941948,1.4418000939767808
32,1,26,4,0.2704523259308189,0.3611611999804154,0.09070887404959649,1.4418000939767808
32,1,26,5,0.3611611999804154,0.4513363509904593,0.09017515101004392,1.4418000939767808
32,1,26,6,0.4513363509904593,0.5414585180114955,0.09012216702103615,1.4418000939767808
32,1,26,7,0.5414585180114955,0.6340930010192096,0.09263448300771415,1.4418000939767808
32,1,26,8,0.6340930010192096,0.7337549279909581,0.09966192697174847,1.4418000939767808
32,1,26,9,0.7337549279909581,0.8473666219506413,0.11361169395968318,1.4418000939767808
32,1,26,10,0.8473666219506413,0.9680627490160987,0.1206961270654574,1.4418000939767808
32,1,26,11,0.9680627490160987,1.0864712879993021,0.11840853898320347,1.4418000939767808
32,1,26,12,1.0864712879993021,1.2150729119312018,0.12860162393189967,1.4418000939767808
32,1,26,13,1.2150729119312018,1.3479124939767644,0.13283958204556257,1.4418000939767808
32,1,26,14,1.3479124939767644,1.4434562569949776,0.09554376301821321,1.4418000939767808
32,1,27,1,0.5401291289599612,0.6329632779816166,0.09283414902165532,1.4418000939767808
32,1,27,2,0.6329632779816166,0.7324302019551396,0.09946692397352308,1.4418000939767808
32,1,27,3,0.7324302019551396,0.8462536869337782,0.11382348497863859,1.4418000939767808
32,1,27,4,0.8462536869337782,0.9669173919828609,0.12066370504908264,1.4418000939767808
32,1,27,5,0.9669173919828609,1.085176675929688,0.11825928394682705,1.4418000939767808
32,1,27,6,1.085176675929688,1.213658571941778,0.12848189601209015,1.4418000939767808
32,1,27,7,1.213658571941778,1.3465429419884458,0.13288437004666775,1.4418000939767808
32,1,27,8,1.3465429419884458,1.442187367938459,0.0956444259500131,1.4418000939767808
32,1,28,1,0.36004511499777436,0.4500606299843639,0.09001551498658955,1.4418000939767808
32,1,28,2,0.4500606299843639,0.5399782739114016,0.08991764392703772,1.4418000939767808
32,1,28,3,0.5399782739114016,0.6328555669169873,0.09287729300558567,1.4418000939767808
32,1,28,4,0.6328555669169873,0.7322169319959357,0.09936136507894844,1.4418000939767808
32,1,28,5,0.7322169319959357,0.8461997020058334,0.11398277000989765,1.4418000939767808
32,1,28,6,0.8461997020058334,0.9667924569221213,0.12059275491628796,1.4418000939767808
32,1,28,7,0.9667924569221213,1.0851172769907862,0.11832482006866485,1.4418000939767808
32,1,28,8,1.0851172769907862,1.2135894579114392,0.12847218092065305,1.4418000939767808
32,1,28,9,1.2135894579114392,1.3464800029760227,0.13289054506458342,1.4418000939767808
32,1,28,10,1.3464800029760227,1.4421300370013341,0.09565003402531147,1.4418000939767808
32,1,29,1,0.2698942219140008,0.3606890590162948,0.09079483710229397,1.4418000939767808
32,1,29,2,0.3606890590162948,0.4508847009856254,0.09019564196933061,1.4418000939767808
32,1,29,3,0.4508847009856254,0.5409652329981327,0.09008053201250732,1.4418000939767808
32,1,29,4,0.5409652329981327,0.6336232089670375,0.0926579759689048,1.4418000939767808
32,1,29,5,0.6336232089670375,0.7332209019223228,0.09959769295528531,1.4418000939767808
32,1,29,6,0.7332209019223228,0.8468949699308723,0.11367406800854951,1.4418000939767808
32,1,29,7,0.8468949699308723,0.9676071299472824,0.12071216001641005,1.4418000939767808
32,1,29,8,0.9676071299472824,1.085988146951422,0.11838101700413972,1.4418000939767808
32,1,29,9,1.085988146951422,1.2144743909593672,0.12848624400794506,1.4418000939767808
32,1,29,10,1.2144743909593672,1.3474106589565054,0.1329362679971382,1.4418000939767808
32,1,29,11,1.3474106589565054,1.4429704549256712,0.09555979596916586,1.4418000939767808
32,1,30,1,0.0891219419427216,0.1789869739441201,0.0898650320013985,1.4418000939767808
32,1,30,2,0.1789869739441201,0.2699503250187263,0.09096335107460618,1.4418000939767808
32,1,30,3,0.2699503250187263,0.36073800502344966,0.09078768000472337,1.4418000939767808
32,1,30,4,0.36073800502344966,0.4509342099772766,0.09019620495382696,1.4418000939767808
32,1,30,5,0.4509342099772766,0.5410215019946918,0.09008729201741517,1.4418000939767808
32,1,30,6,0.5410215019946918,0.6336711429757997,0.09264964098110795,1.4418000939767808
32,1,30,7,0.6336711429757997,0.7332731349160895,0.09960199194028974,1.4418000939767808
32,1,30,8,0.7332731349160895,0.8469988969154656,0.11372576199937612,1.4418000939767808
32,1,30,9,0.8469988969154656,0.9676617570221424,0.12066286010667682,1.4418000939767808
32,1,30,10,0.9676617570221424,1.0860418039374053,0.11838004691526294,1.4418000939767808
32,1,30,11,1.0860418039374053,1.214606910943985,0.12856510700657964,1.4418000939767808
32,1,30,12,1.214606910943985,1.3474785219877958,0.13287161104381084,1.4418000939767808
32,1,30,13,1.3474785219877958,1.4430247959680855,0.0955462739802897,1.4418000939767808
32,1,31,1,0.17842544696759433,0.26925473602022976,0.09082928905263543,1.4418000939767808
32,1,31,2,0.26925473602022976,0.3599187359213829,0.09066399990115315,1.4418000939767808
32,1,31,3,0.3599187359213829,0.44999399001244456,0.09007525409106165,1.4418000939767808
32,1,31,4,0.44999399001244456,0.5398670029826462,0.08987301297020167,1.4418000939767808
32,1,31,5,0.5398670029826462,0.6327950099948794,0.09292800701223314,1.4418000939767808
32,1,31,6,0.6327950099948794,0.7321121669374406,0.09931715694256127,1.4418000939767808
32,1,31,7,0.7321121669374406,0.8461315059103072,0.11401933897286654,1.4418000939767808
32,1,31,8,0.8461315059103072,0.9667248589685187,0.1205933530582115,1.4418000939767808
32,1,31,9,0.9667248589685187,1.085052206995897,0.11832734802737832,1.4418000939767808
32,1,31,10,1.085052206995897,1.2135105889756233,0.12845838197972625,1.4418000939767808
32,1,31,11,1.2135105889756233,1.3463974689366296,0.13288687996100634,1.4418000939767808
32,1,31,12,1.3463974689366296,1.4420694599393755,0.09567199100274593,1.4418000939767808
32,2,0,10,-0.06871051003690809,0.0265450410079211,0.09525555104482919,1.4205858279019594
32,2,0,11,0.0265450410079211,0.11719170294236392,0.09064666193444282,1.4205858279019594
32,2,0,12,0.11719170294236392,0.20668729592580348,0.08949559298343956,1.4205858279019594
32,2,0,13,0.20668729592580348,0.29710783797781914,0.09042054205201566,1.4205858279019594
32,2,0,14,0.29710783797781914,0.38700062897987664,0.08989279100205749,1.4205858279019594
32,2,0,15,0.38700062897987664,0.4770104569615796,0.09000982798170298,1.4205858279019594
32,2,0,16,0.4770104569615796,0.5674134589498863,0.09040300198830664,1.4205858279019594
32,2,0,17,0.5674134589498863,0.6635375849436969,0.0961241259938106,1.4205858279019594
32,2,0,18,0.6635375849436969,0.7671658749459311,0.10362829000223428,1.4205858279019594
32,2,0,19,0.7671658749459311,0.8833253319608048,0.11615945701487362,1.4205858279019594
32,2,0,20,0.8833253319608048,1.0042616989230737,0.12093636696226895,1.4205858279019594
32,2,0,21,1.0042616989230737,1.1270334399305284,0.1227717410074547,1.4205858279019594
32,2,0,22,1.1270334399305284,1.2538735119160265,0.12684007198549807,1.4205858279019594
32,2,0,23,1.2538735119160265,1.3901421129703522,0.1362686010543257,1.4205858279019594
32,2,0,24,1.3901421129703522,1.421013385988772,0.030871273018419743,1.4205858279019594
32,2,1,7,-0.06888283207081258,0.02632478391751647,0.09520761598832905,1.4205858279019594
32,2,1,8,0.02632478391751647,0.11707930290140212,0.09075451898388565,1.4205858279019594
32,2,1,9,0.11707930290140212,0.20658402889966965,0.08950472599826753,1.4205858279019594
32,2,1,10,0.20658402889966965,0.2969887258950621,0.09040469699539244,1.4205858279019594
32,2,1,11,0.2969887258950621,0.3868942519184202,0.0899055260233581,1.4205858279019594
32,2,1,12,0.3868942519184202,0.4768955339677632,0.09000128204934299,1.4205858279019594
32,2,1,13,0.4768955339677632,0.5673045549774542,0.09040902100969106,1.4205858279019594
32,2,1,14,0.5673045549774542,0.6634179688990116,0.09611341392155737,1.4205858279019594
32,2,1,15,0.6634179688990116,0.7670549099566415,0.10363694105762988,1.4205858279019594
32,2,1,16,0.7670549099566415,0.8832013650098816,0.11614645505324006,1.4205858279019594
32,2,1,17,0.8832013650098816,1.0041530849412084,0.1209517199313268,1.4205858279019594
32,2,1,18,1.0041530849412084,1.1269364749314263,0.12278338999021798,1.4205858279019594
32,2,1,19,1.1269364749314263,1.2536800579400733,0.12674358300864697,1.4205858279019594
32,2,1,20,1.2536800579400733,1.389946084935218,0.13626602699514478,1.4205858279019594
32,2,1,21,1.389946084935218,1.420915863942355,0.030969779007136822,1.4205858279019594
32,2,2,9,-0.06844071706291288,0.0270742749562487,0.09551499201916158,1.4205858279019594
32,2,2,10,0.0270742749562487,0.11761794798076153,0.09054367302451283,1.4205858279019594
32,2,2,11,0.11761794798076153,0.2071307699661702,0.08951282198540866,1.4205858279019594
32,2,2,12,0.2071307699661702,0.2977838709484786,0.09065310098230839,1.4205858279019594
32,2,2,13,0.2977838709484786,0.38776150590274483,0.08997763495426625,1.4205858279019594
32,2,2,14,0.38776150590274483,0.4775936749065295,0.08983216900378466,1.4205858279019594
32,2,2,15,0.4775936749065295,0.5679771729046479,0.0903834979981184,1.4205858279019594
32,2,2,16,0.5679771729046479,0.6642920019803569,0.09631482907570899,1.4205858279019594
32,2,2,17,0.6642920019803569,0.7678215879714116,0.10352958599105477,1.4205858279019594
32,2,2,18,0.7678215879714116,0.8840837639290839,0.1162621759576723,1.4205858279019594
32,2,2,19,0.8840837639290839,1.0049269999144599,0.12084323598537594,1.4205858279019594
32,2,2,20,1.0049269999144599,1.1276072768960148,0.12268027698155493,1.4205858279019594
32,2,2,21,1.1276072768960148,1.2544202789431438,0.12681300204712898,1.4205858279019594
32,2,2,22,1.2544202789431438,1.390731049934402,0.13631077099125832,1.4205858279019594
32,2,2,23,1.390731049934402,1.4216012889519334,0.030870239017531276,1.4205858279019594
32,2,3,10,-0.06798849499318749,0.027437993907369673,0.09542648890055716,1.4205858279019594
32,2,3,11,0.027437993907369673,0.11790673190262169,0.09046873799525201,1.4205858279019594
32,2,3,12,0.11790673190262169,0.20754741597920656,0.08964068407658488,1.4205858279019594
32,2,3,13,0.20754741597920656,0.2981760259717703,0.09062860999256372,1.4205858279019594
32,2,3,14,0.2981760259717703,0.38814681698568165,0.08997079101391137,1.4205858279019594
32,2,3,15,0.38814681698568165,0.47812021896243095,0.0899734019767493,1.4205858279019594
32,2,3,16,0.47812021896243095,0.5684412949485704,0.09032107598613948,1.4205858279019594
32,2,3,17,0.5684412949485704,0.6647417409112677,0.09630044596269727,1.4205858279019594
32,2,3,18,0.6647417409112677,0.7682133069029078,0.10347156599164009,1.4205858279019594
32,2,3,19,0.7682133069029078,0.8845222829841077,0.11630897608119994,1.4205858279019594
32,2,3,20,0.8845222829841077,1.0053276139078662,0.12080533092375845,1.4205858279019594
32,2,3,21,1.0053276139078662,1.128027515951544,0.12269990204367787,1.4205858279019594
32,2,3,22,1.128027515951544,1.254858277970925,0.12683076201938093,1.4205858279019594
32,2,3,23,1.254858277970925,1.3912007689941674,0.13634249102324247,1.4205858279019594
32,2,3,24,1.3912007689941674,1.4219586019171402,0.03075783292297274,1.4205858279019594
32,2,4,8,-0.06839110003784299,0.027168052969500422,0.09555915300734341,1.4205858279019594
32,2,4,9,0.027168052969500422,0.11766494193580002,0.0904968889662996,1.4205858279019594
32,2,4,10,0.11766494193580002,0.20717570092529058,0.08951075898949057,1.4205858279019594
32,2,4,11,0.20717570092529058,0.2978385220048949,0.09066282107960433,1.4205858279019594
32,2,4,12,0.2978385220048949,0.387813652982004,0.08997513097710907,1.4205858279019594
32,2,4,13,0.387813652982004,0.4777573999017477,0.08994374691974372,1.4205858279019594
32,2,4,14,0.4777573999017477,0.568146520992741,0.09038912109099329,1.4205858279019594
32,2,4,15,0.568146520992741,0.6644068089080974,0.09626028791535646,1.4205858279019594
32,2,4,16,0.6644068089080974,0.7679253600072116,0.10351855109911412,1.4205858279019594
32,2,4,17,0.7679253600072116,0.8841954169329256,0.11627005692571402,1.4205858279019594
32,2,4,18,0.8841954169329256,1.0050268049817532,0.12083138804882765,1.4205858279019594
32,2,4,19,1.0050268049817532,1.127697138930671,0.12267033394891769,1.4205858279019594
32,2,4,20,1.127697138930671,1.2545186378993094,0.12682149896863848,1.4205858279019594
32,2,4,21,1.2545186378993094,1.3908362559741363,0.1363176180748269,1.4205858279019594
32,2,4,22,1.3908362559741363,1.4216891779797152,0.030852922005578876,1.4205858279019594
32,2,5,6,-0.06877812405582517,0.026422956958413124,0.0952010810142383,1.4205858279019594
32,2,5,7,0.026422956958413124,0.11713867797516286,0.09071572101674974,1.4205858279019594
32,2,5,8,0.11713867797516286,0.2066376709844917,0.08949899300932884,1.4205858279019594
32,2,5,9,0.2066376709844917,0.29704872996080667,0.09041105897631496,1.4205858279019594
32,2,5,10,0.29704872996080667,0.3869475380051881,0.08989880804438144,1.4205858279019594
32,2,5,11,0.3869475380051881,0.47695570590440184,0.09000816789921373,1.4205858279019594
32,2,5,12,0.47695570590440184,0.5673595119733363,0.0904038060689345,1.4205858279019594
32,2,5,13,0.5673595119733363,0.6634787289658561,0.0961192169925198,1.4205858279019594
32,2,5,14,0.6634787289658561,0.7671110118972138,0.10363228293135762,1.4205858279019594
32,2,5,15,0.7671110118972138,0.8832639579195529,0.11615294602233917,1.4205858279019594
32,2,5,16,0.8832639579195529,1.0042085140012205,0.12094455608166754,1.4205858279019594
32,2,5,17,1.0042085140012205,1.1269845179049298,0.12277600390370935,1.4205858279019594
32,2,5,18,1.1269845179049298,1.253809644957073,0.12682512705214322,1.4205858279019594
32,2,5,19,1.253809644957073,1.3900818550027907,0.13627221004571766,1.4205858279019594
32,2,5,20,1.3900818550027907,1.4209643279900774,0.030882472987286747,1.4205858279019594
32,2,6,7,-0.0678929970599711,0.027537752990610898,0.09543075005058199,1.4205858279019594
32,2,6,8,0.027537752990610898,0.11800224892795086,0.09046449593733996,1.4205858279019594
32,2,6,9,0.11800224892795086,0.20763605297543108,0.08963380404748023,1.4205858279019594
32,2,6,10,0.20763605297543108,0.2982847219100222,0.09064866893459111,1.4205858279019594
32,2,6,11,0.2982847219100222,0.388243707944639,0.08995898603461683,1.4205858279019594
32,2,6,12,0.388243707944639,0.47822340694256127,0.08997969899792224,1.4205858279019594
32,2,6,13,0.47822340694256127,0.5686553689884022,0.09043196204584092,1.4205858279019594
32,2,6,14,0.5686553689884022,0.6649355969857424,0.09628022799734026,1.4205858279019594
32,2,6,15,0.6649355969857424,0.7683602629695088,0.10342466598376632,1.4205858279019594
32,2,6,16,0.7683602629695088,0.8846801989711821,0.11631993600167334,1.4205858279019594
32,2,6,17,0.8846801989711821,1.005477889906615,0.12079769093543291,1.4205858279019594
32,2,6,18,1.005477889906615,1.128160324995406,0.12268243508879095,1.4205858279019594
32,2,6,19,1.128160324995406,1.2550059469649568,0.12684562196955085,1.4205858279019594
32,2,6,20,1.2550059469649568,1.3913561669178307,0.13635021995287389,1.4205858279019594
32,2,6,21,1.3913561669178307,1.4220893419114873,0.030733174993656576,1.4205858279019594
32,2,7,8,-0.06817002105526626,0.02732978097628802,0.09549980203155428,1.4205858279019594
32,2,7,9,0.02732978097628802,0.11780499399174005,0.09047521301545203,1.4205858279019594
32,2,7,10,0.11780499399174005,0.20745833194814622,0.08965333795640618,1.4205858279019594
32,2,7,11,0.20745833194814622,0.2980701389024034,0.09061180695425719,1.4205858279019594
32,2,7,12,0.2980701389024034,0.3880138269159943,0.08994368801359087,1.4205858279019594
32,2,7,13,0.3880138269159943,0.47801881399936974,0.09000498708337545,1.4205858279019594
32,2,7,14,0.47801881399936974,0.5683426629984751,0.0903238489991054,1.4205858279019594
32,2,7,15,0.5683426629984751,0.664630448911339,0.09628778591286391,1.4205858279019594
32,2,7,16,0.664630448911339,0.7681170179275796,0.10348656901624054,1.4205858279019594
32,2,7,17,0.7681170179275796,0.8844154299004003,0.11629841197282076,1.4205858279019594
32,2,7,18,0.8844154299004003,1.0052287559956312,0.12081332609523088,1.4205858279019594
32,2,7,19,1.0052287559956312,1.12793184700422,0.12270309100858867,1.4205858279019594
32,2,7,20,1.12793184700422,1.2547531829914078,0.12682133598718792,1.4205858279019594
32,2,7,21,1.2547531829914078,1.391098641906865,0.13634545891545713,1.4205858279019594
32,2,7,22,1.391098641906865,1.4218699919292703,0.030771350022405386,1.4205858279019594
32,2,8,6,-0.06782452005427331,0.027586114942096174,0.09541063499636948,1.4205858279019594
32,2,8,7,0.027586114942096174,0.11815866793040186,0.09057255298830569,1.4205858279019594
32,2,8,8,0.11815866793040186,0.20774567790795118,0.08958700997754931,1.4205858279019594
32,2,8,9,0.20774567790795118,0.29838984191883355,0.09064416401088238,1.4205858279019594
32,2,8,10,0.29838984191883355,0.3883404639782384,0.08995062205940485,1.4205858279019594
32,2,8,11,0.3883404639782384,0.4783235969953239,0.08998313301708549,1.4205858279019594
32,2,8,12,0.4783235969953239,0.5687683729920536,0.09044477599672973,1.4205858279019594
32,2,8,13,0.5687683729920536,0.6650441169040278,0.09627574391197413,1.4205858279019594
32,2,8,14,0.6650441169040278,0.7684726079460233,0.10342849104199558,1.4205858279019594
32,2,8,15,0.7684726079460233,0.8847810649313033,0.11630845698527992,1.4205858279019594
32,2,8,16,0.8847810649313033,1.0055754529312253,0.12079438799992204,1.4205858279019594
32,2,8,17,1.0055754529312253,1.1282483249669895,0.12267287203576416,1.4205858279019594
32,2,8,18,1.1282483249669895,1.2551030629547313,0.12685473798774183,1.4205858279019594
32,2,8,19,1.2551030629547313,1.3914607599144801,0.13635769695974886,1.4205858279019594
32,2,8,20,1.3914607599144801,1.4221757429186255,0.030714983004145324,1.4205858279019594
32,2,9,5,-0.06860236101783812,0.0266688650008291,0.09527122601866722,1.4205858279019594
32,2,9,6,0.0266688650008291,0.11736337200272828,0.09069450700189918,1.4205858279019594
32,2,9,7,0.11736337200272828,0.20678397500887513,0.08942060300614685,1.4205858279019594
32,2,9,8,0.20678397500887513,0.29722452792339027,0.09044055291451514,1.4205858279019594
32,2,9,9,0.29722452792339027,0.38717930391430855,0.08995477599091828,1.4205858279019594
32,2,9,10,0.38717930391430855,0.4771169319283217,0.08993762801401317,1.4205858279019594
32,2,9,11,0.4771169319283217,0.5675197700038552,0.09040283807553351,1.4205858279019594
32,2,9,12,0.5675197700038552,0.6636542639462277,0.0961344939423725,1.4205858279019594
32,2,9,13,0.6636542639462277,0.76737073098775,0.10371646704152226,1.4205858279019594
32,2,9,14,0.76737073098775,0.8834445329848677,0.1160738019971177,1.4205858279019594
32,2,9,15,0.8834445329848677,1.0044656209647655,0.12102108797989786,1.4205858279019594
32,2,9,16,1.0044656209647655,1.1271307609276846,0.12266513996291906,1.4205858279019594
32,2,9,17,1.1271307609276846,1.2539775859331712,0.1268468250054866,1.4205858279019594
32,2,9,18,1.2539775859331712,1.3902548690093681,0.1362772830761969,1.4205858279019594
32,2,9,19,1.3902548690093681,1.4211102679837495,0.030855398974381387,1.4205858279019594
32,2,10,4,-0.06865487503819168,0.02661203092429787,0.09526690596248955,1.4205858279019594
32,2,10,5,0.02661203092429787,0.11731140792835504,0.09069937700405717,1.4205858279019594
32,2,10,6,0.11731140792835504,0.2067370949080214,0.08942568697966635,1.4205858279019594
32,2,10,7,0.2067370949080214,0.29716675193049014,0.09042965702246875,1.4205858279019594
32,2,10,8,0.29716675193049014,0.38712490000762045,0.08995814807713032,1.4205858279019594
32,2,10,9,0.38712490000762045,0.47706393292173743,0.08993903291411698,1.4205858279019594
32,2,10,10,0.47706393292173743,0.5674675009213388,0.09040356799960136,1.4205858279019594
32,2,10,11,0.5674675009213388,0.6635962709551677,0.09612877003382891,1.4205858279019594
32,2,10,12,0.6635962709551677,0.7673173659713939,0.10372109501622617,1.4205858279019594
32,2,10,13,0.7673173659713939,0.8833852539537475,0.11606788798235357,1.4205858279019594
32,2,10,14,0.8833852539537475,1.004315237980336,0.1209299840265885,1.4205858279019594
32,2,10,15,1.004315237980336,1.127083380939439,0.12276814295910299,1.4205858279019594
32,2,10,16,1.127083380939439,1.25392649800051,0.1268431170610711,1.4205858279019594
32,2,10,17,1.25392649800051,1.390199392917566,0.13627289491705596,1.4205858279019594
32,2,10,18,1.390199392917566,1.4210630209418014,0.030863628024235368,1.4205858279019594
32,2,11,3,-0.0683428980410099,0.02722202695440501,0.09556492499541491,1.4205858279019594
32,2,11,4,0.02722202695440501,0.11771203996613622,0.09049001301173121,1.4205858279019594
32,2,11,5,0.11771203996613622,0.20726462500169873,0.08955258503556252,1.4205858279019594
32,2,11,6,0.20726462500169873,0.29789419390726835,0.09062956890556961,1.4205858279019594
32,2,11,7,0.29789419390726835,0.3878674498992041,0.08997325599193573,1.4205858279019594
32,2,11,8,0.3878674498992041,0.4778627789346501,0.08999532903544605,1.4205858279019594
32,2,11,9,0.4778627789346501,0.5681942999362946,0.09033152100164443,1.4205858279019594
32,2,11,10,0.5681942999362946,0.6644617510028183,0.09626745106652379,1.4205858279019594
32,2,11,11,0.6644617510028183,0.7679736969294026,0.1035119459265843,1.4205858279019594
32,2,11,12,0.7679736969294026,0.8842502309707925,0.11627653404138982,1.4205858279019594
32,2,11,13,0.8842502309707925,1.0050766379572451,0.12082640698645264,1.4205858279019594
32,2,11,14,1.0050766379572451,1.1277412369381636,0.12266459898091853,1.4205858279019594
32,2,11,15,1.1277412369381636,1.2545666479272768,0.12682541098911315,1.4205858279019594
32,2,11,16,1.2545666479272768,1.3908946969313547,0.1363280490040779,1.4205858279019594
32,2,11,17,1.3908946969313547,1.4217329629464075,0.030838266015052795,1.4205858279019594
32,2,12,5,-0.06777477904688567,0.02763518795836717,0.09540996700525284,1.4205858279019594
32,2,12,6,0.02763518795836717,0.11820468795485795,0.09056949999649078,1.4205858279019594
32,2,12,7,0.11820468795485795,0.20779005798976868,0.08958537003491074,1.4205858279019594
32,2,12,8,0.20779005798976868,0.2984584039077163,0.09066834591794759,1.4205858279019594
32,2,12,9,0.2984584039077163,0.3883886629482731,0.08993025904055685,1.4205858279019594
32,2,12,10,0.3883886629482731,0.47837310493923724,0.08998444199096411,1.4205858279019594
32,2,12,11,0.47837310493923724,0.5688198449788615,0.09044674003962427,1.4205858279019594
32,2,12,12,0.5688198449788615,0.6651010909117758,0.09628124593291432,1.4205858279019594
32,2,12,13,0.6651010909117758,0.7685237409314141,0.10342265001963824,1.4205858279019594
32,2,12,14,0.7685237409314141,0.8848342099227011,0.11631046899128705,1.4205858279019594
32,2,12,15,0.8848342099227011,1.0056251069763675,0.12079089705366641,1.4205858279019594
32,2,12,16,1.0056251069763675,1.128291820990853,0.12266671401448548,1.4205858279019594
32,2,12,17,1.128291820990853,1.2551515059312806,0.12685968494042754,1.4205858279019594
32,2,12,18,1.2551515059312806,1.3915118809090927,0.13636037497781217,1.4205858279019594
32,2,12,19,1.3915118809090927,1.4222191598964855,0.030707278987392783,1.4205858279019594
32,2,13,4,-0.06794093502685428,0.02748767100274563,0.0954286060295999,1.4205858279019594
32,2,13,5,0.02748767100274563,0.11795535497367382,0.09046768397092819,1.4205858279019594
32,2,13,6,0.11795535497367382,0.2075915919849649,0.08963623701129109,1.4205858279019594
32,2,13,7,0.2075915919849649,0.29823097097687423,0.09063937899190933,1.4205858279019594
32,2,13,8,0.29823097097687423,0.38819494599010795,0.08996397501323372,1.4205858279019594
32,2,13,9,0.38819494599010795,0.47817134798970073,0.08997640199959278,1.4205858279019594
32,2,13,10,0.47817134798970073,0.568490628967993,0.09031928097829223,1.4205858279019594
32,2,13,11,0.568490628967993,0.6647987909382209,0.09630816197022796,1.4205858279019594
32,2,13,12,0.6647987909382209,0.7682617380050942,0.10346294706687331,1.4205858279019594
32,2,13,13,0.7682617380050942,0.8845746959559619,0.11631295795086771,1.4205858279019594
32,2,13,14,0.8845746959559619,1.0053762829629704,0.12080158700700849,1.4205858279019594
32,2,13,15,1.0053762829629704,1.1280727660050616,0.12269648304209113,1.4205858279019594
32,2,13,16,1.1280727660050616,1.2549072299152613,0.1268344639101997,1.4205858279019594
32,2,13,17,1.2549072299152613,1.3912525189807639,0.13634528906550258,1.4205858279019594
32,2,13,18,1.3912525189807639,1.4220023408997804,0.03074982191901654,1.4205858279019594
32,2,14,1,-0.06803908408619463,0.027387289912439883,0.09542637399863452,1.4205858279019594
32,2,14,2,0.027387289912439883,0.11785910790786147,0.09047181799542159,1.4205858279019594
32,2,14,3,0.11785910790786147,0.20750200899783522,0.08964290108997375,1.4205858279019594
32,2,14,4,0.20750200899783522,0.29812350892461836,0.09062149992678314,1.4205858279019594
32,2,14,5,0.29812350892461836,0.38809722498990595,0.08997371606528759,1.4205858279019594
32,2,14,6,0.38809722498990595,0.4780689209001139,0.08997169591020793,1.4205858279019594
32,2,14,7,0.4780689209001139,0.5683915949193761,0.0903226740192622,1.4205858279019594
32,2,14,8,0.5683915949193761,0.6646841400070116,0.09629254508763552,1.4205858279019594
32,2,14,9,0.6646841400070116,0.7681652789469808,0.10348113893996924,1.4205858279019594
32,2,14,10,0.7681652789469808,0.8844680739566684,0.11630279500968754,1.4205858279019594
32,2,14,11,0.8844680739566684,1.0052768539171666,0.12080877996049821,1.4205858279019594
32,2,14,12,1.0052768539171666,1.1279812859138474,0.1227044319966808,1.4205858279019594
32,2,14,13,1.1279812859138474,1.254801478004083,0.12682019209023565,1.4205858279019594
32,2,14,14,1.254801478004083,1.391149575007148,0.13634809700306505,1.4205858279019594
32,2,14,15,1.391149575007148,1.4219151969300583,0.030765621922910213,1.4205858279019594
32,2,15,1,0.027021214948035777,0.11757052398752421,0.09054930903948843,1.4205858279019594
32,2,15,2,0.11757052398752421,0.20708593993913382,0.08951541595160961,1.4205858279019594
32,2,15,3,0.20708593993913382,0.2977289669215679,0.0906430269824341,1.4205858279019594
32,2,15,4,0.2977289669215679,0.3877146429149434,0.08998567599337548,1.4205858279019594
32,2,15,5,0.3877146429149434,0.4775451299501583,0.0898304870352149,1.4205858279019594
32,2,15,6,0.4775451299501583,0.5679287149105221,0.0903835849603638,1.4205858279019594
32,2,15,7,0.5679287149105221,0.6642368469620124,0.09630813205149025,1.4205858279019594
32,2,15,8,0.6642368469620124,0.7677707819966599,0.10353393503464758,1.4205858279019594
32,2,15,9,0.7677707819966599,0.8840260189026594,0.11625523690599948,1.4205858279019594
32,2,15,10,0.8840260189026594,1.0048777440097183,0.12085172510705888,1.4205858279019594
32,2,15,11,1.0048777440097183,1.1275611529126763,0.12268340890295804,1.4205858279019594
32,2,15,12,1.1275611529126763,1.2543728270102292,0.1268116740975529,1.4205858279019594
32,2,15,13,1.2543728270102292,1.3906795119401067,0.13630668492987752,1.4205858279019594
32,2,15,14,1.3906795119401067,1.4215558269061148,0.030876314966008067,1.4205858279019594
32,2,16,3,-0.06854885001666844,0.026725868927314878,0.09527471894398332,1.4205858279019594
32,2,16,4,0.026725868927314878,0.11741178797092289,0.09068591904360801,1.4205858279019594
32,2,16,5,0.11741178797092289,0.20683018793351948,0.0894183999625966,1.4205858279019594
32,2,16,6,0.20683018793351948,0.2972825859906152,0.0904523980570957,1.4205858279019594
32,2,16,7,0.2972825859906152,0.3872298209462315,0.0899472349556163,1.4205858279019594
32,2,16,8,0.3872298209462315,0.47716908797156066,0.08993926702532917,1.4205858279019594
32,2,16,9,0.47716908797156066,0.567570689949207,0.09040160197764635,1.4205858279019594
32,2,16,10,0.567570689949207,0.6637136919889599,0.0961430020397529,1.4205858279019594
32,2,16,11,0.6637136919889599,0.7674210839904845,0.10370739200152457,1.4205858279019594
32,2,16,12,0.7674210839904845,0.8836154689779505,0.11619438498746604,1.4205858279019594
32,2,16,13,0.8836154689779505,1.004521339898929,0.12090587092097849,1.4205858279019594
32,2,16,14,1.004521339898929,1.1271775789791718,0.12265623908024281,1.4205858279019594
32,2,16,15,1.1271775789791718,1.2540280559333041,0.12685047695413232,1.4205858279019594
32,2,16,16,1.2540280559333041,1.3903093639528379,0.13628130801953375,1.4205858279019594
32,2,16,17,1.3903093639528379,1.4211558749666438,0.030846511013805866,1.4205858279019594
32,2,17,2,-0.06849067402072251,0.026779956999234855,0.09527063101995736,1.4205858279019594
32,2,17,3,0.026779956999234855,0.11746208497788757,0.09068212797865272,1.4205858279019594
32,2,17,4,0.11746208497788757,0.20688632689416409,0.08942424191627651,1.4205858279019594
32,2,17,5,0.20688632689416409,0.2974675759905949,0.09058124909643084,1.4205858279019594
32,2,17,6,0.2974675759905949,0.38746322493534535,0.08999564894475043,1.4205858279019594
32,2,17,7,0.38746322493534535,0.47733386897016317,0.08987064403481781,1.4205858279019594
32,2,17,8,0.47733386897016317,0.5677277249051258,0.09039385593496263,1.4205858279019594
32,2,17,9,0.5677277249051258,0.6640072339214385,0.09627950901631266,1.4205858279019594
32,2,17,10,0.6640072339214385,0.7675723489373922,0.10356511501595378,1.4205858279019594
32,2,17,11,0.7675723489373922,0.8837908759014681,0.11621852696407586,1.4205858279019594
32,2,17,12,0.8837908759014681,1.0046755739022046,0.12088469800073653,1.4205858279019594
32,2,17,13,1.0046755739022046,1.1273749899119139,0.12269941600970924,1.4205858279019594
32,2,17,14,1.1273749899119139,1.2541794799035415,0.12680448999162763,1.4205858279019594
32,2,17,15,1.2541794799035415,1.3904692109208554,0.1362897310173139,1.4205858279019594
32,2,17,16,1.3904692109208554,1.421292986953631,0.03082377603277564,1.4205858279019594
32,2,18,2,-0.0677182370563969,0.02768370497506112,0.09540194203145802,1.4205858279019594
32,2,18,3,0.02768370497506112,0.1182528279023245,0.09056912292726338,1.4205858279019594
32,2,18,4,0.1182528279023245,0.20783399289939553,0.08958116499707103,1.4205858279019594
32,2,18,5,0.20783399289939553,0.29851459292694926,0.09068060002755374,1.4205858279019594
32,2,18,6,0.29851459292694926,0.3884376799687743,0.08992308704182506,1.4205858279019594
32,2,18,7,0.3884376799687743,0.4784228989155963,0.08998521894682199,1.4205858279019594
32,2,18,8,0.4784228989155963,0.5688751318957657,0.09045223298016936,1.4205858279019594
32,2,18,9,0.5688751318957657,0.6651572029804811,0.09628207108471543,1.4205858279019594
32,2,18,10,0.6651572029804811,0.7685722119640559,0.10341500898357481,1.4205858279019594
32,2,18,11,0.7685722119640559,0.8848916708957404,0.1163194589316845,1.4205858279019594
32,2,18,12,0.8848916708957404,1.005684595904313,0.12079292500857264,1.4205858279019594
32,2,18,13,1.005684595904313,1.1283364809351042,0.12265188503079116,1.4205858279019594
32,2,18,14,1.1283364809351042,1.2551996239926666,0.1268631430575624,1.4205858279019594
32,2,18,15,1.2551996239926666,1.3915608499664813,0.13636122597381473,1.4205858279019594
32,2,18,16,1.3915608499664813,1.422262197942473,0.030701347975991666,1.4205858279019594
32,2,19,1,0.3875690079294145,0.4773918859427795,0.08982287801336497,1.4205858279019594
32,2,19,2,0.4773918859427795,0.5677788269240409,0.09038694098126143,1.4205858279019594
32,2,19,3,0.5677788269240409,0.6640657379757613,0.09628691105172038,1.4205858279019594
32,2,19,4,0.6640657379757613,0.7676208060001954,0.10355506802443415,1.4205858279019594
32,2,19,5,0.7676208060001954,0.8838550269138068,0.11623422091361135,1.4205858279019594
32,2,19,6,0.8838550269138068,1.0047251839423552,0.12087015702854842,1.4205858279019594
32,2,19,7,1.0047251839423552,1.127424515900202,0.12269933195784688,1.4205858279019594
32,2,19,8,1.127424515900202,1.2542282110080123,0.1268036951078102,1.4205858279019594
32,2,19,9,1.2542282110080123,1.3905222829198465,0.13629407191183418,1.4205858279019594
32,2,19,10,1.3905222829198465,1.4213392209494486,0.03081693802960217,1.4205858279019594
32,2,20,1,-0.0682215130655095,0.027280609006993473,0.09550212207250297,1.4205858279019594
32,2,20,2,0.027280609006993473,0.11775818490423262,0.09047757589723915,1.4205858279019594
32,2,20,3,0.11775818490423262,0.20741368492599577,0.08965550002176315,1.4205858279019594
32,2,20,4,0.20741368492599577,0.2980130559299141,0.09059937100391835,1.4205858279019594
32,2,20,5,0.2980130559299141,0.3879647059366107,0.08995165000669658,1.4205858279019594
32,2,20,6,0.3879647059366107,0.47796895098872483,0.09000424505211413,1.4205858279019594
32,2,20,7,0.47796895098872483,0.5682911589974537,0.09032220800872892,1.4205858279019594
32,2,20,8,0.5682911589974537,0.6645733179757372,0.0962821589782834,1.4205858279019594
32,2,20,9,0.6645733179757372,0.7680681839119643,0.10349486593622714,1.4205858279019594
32,2,20,10,0.7680681839119643,0.8843616229714826,0.11629343905951828,1.4205858279019594
32,2,20,11,0.8843616229714826,1.0051775278989226,0.12081590492743999,1.4205858279019594
32,2,20,12,1.0051775278989226,1.1278300049016252,0.12265247700270265,1.4205858279019594
32,2,20,13,1.1278300049016252,1.2547037189360708,0.12687371403444558,1.4205858279019594
32,2,20,14,1.2547037189360708,1.3910453009884804,0.13634158205240965,1.4205858279019594
32,2,20,15,1.3910453009884804,1.4218202679185197,0.030774966930039227,1.4205858279019594
32,2,21,1,0.11695272393990308,0.20649675594177097,0.08954403200186789,1.4205858279019594
32,2,21,2,0.20649675594177097,0.2966994979651645,0.09020274202339351,1.4205858279019594
32,2,21,3,0.2966994979651645,0.38667547900695354,0.08997598104178905,1.4205858279019594
32,2,21,4,0.38667547900695354,0.476466091000475,0.08979061199352145,1.4205858279019594
32,2,21,5,0.476466091000475,0.5670835409546271,0.09061744995415211,1.4205858279019594
32,2,21,6,0.5670835409546271,0.6630620249779895,0.0959784840233624,1.4205858279019594
32,2,21,7,0.6630620249779895,0.7667646729387343,0.1037026479607448,1.4205858279019594
32,2,21,8,0.7667646729387343,0.8828703199978918,0.11610564705915749,1.4205858279019594
32,2,21,9,0.8828703199978918,1.0038656439865008,0.12099532398860902,1.4205858279019594
32,2,21,10,1.0038656439865008,1.126731187920086,0.12286554393358529,1.4205858279019594
32,2,21,11,1.126731187920086,1.253430860931985,0.126699673011899,1.4205858279019594
32,2,21,12,1.253430860931985,1.3896737589966506,0.1362428980646655,1.4205858279019594
32,2,21,13,1.3896737589966506,1.4207555969478562,0.03108183795120567,1.4205858279019594
32,2,22,1,0.476739318924956,0.5672488549025729,0.0905095359776169,1.4205858279019594
32,2,22,2,0.5672488549025729,0.6633542469935492,0.09610539209097624,1.4205858279019594
32,2,22,3,0.6633542469935492,0.7669992540031672,0.10364500700961798,1.4205858279019594
32,2,22,4,0.7669992540031672,0.8831395909655839,0.11614033696241677,1.4205858279019594
32,2,22,5,0.8831395909655839,1.0040942599298432,0.12095466896425933,1.4205858279019594
32,2,22,6,1.0040942599298432,1.1268853709334508,0.12279111100360751,1.4205858279019594
32,2,22,7,1.1268853709334508,1.2536244809161872,0.1267391099827364,1.4205858279019594
32,2,22,8,1.2536244809161872,1.3898852888960391,0.13626080797985196,1.4205858279019594
32,2,22,9,1.3898852888960391,1.4208668519277126,0.03098156303167343,1.4205858279019594
32,2,23,1,0.20736750797368586,0.29795961489435285,0.09059210692066699,1.4205858279019594
32,2,23,2,0.29795961489435285,0.3879162339726463,0.08995661907829344,1.4205858279019594
32,2,23,3,0.3879162339726463,0.47791788494214416,0.09000165096949786,1.4205858279019594
32,2,23,4,0.47791788494214416,0.5682428799336776,0.09032499499153346,1.4205858279019594
32,2,23,5,0.5682428799336776,0.6645172709831968,0.09627439104951918,1.4205858279019594
32,2,23,6,0.6645172709831968,0.7680216379230842,0.1035043669398874,1.4205858279019594
32,2,23,7,0.7680216379230842,0.8843051879666746,0.11628355004359037,1.4205858279019594
32,2,23,8,0.8843051879666746,1.005127566982992,0.12082237901631743,1.4205858279019594
32,2,23,9,1.005127566982992,1.12778580293525,0.12265823595225811,1.4205858279019594
32,2,23,10,1.12778580293525,1.2546131568960845,0.12682735396083444,1.4205858279019594
32,2,23,11,1.2546131568960845,1.3909474449465051,0.13633428805042058,1.4205858279019594
32,2,23,12,1.3909474449465051,1.4217773249838501,0.030829880037344992,1.4205858279019594
32,2,24,1,0.38735050498507917,0.4772284039063379,0.08987789892125875,1.4205858279019594
32,2,24,2,0.4772284039063379,0.5676232129335403,0.09039480902720243,1.4205858279019594
32,2,24,3,0.5676232129335403,0.6637696939287707,0.09614648099523038,1.4205858279019594
32,2,24,4,0.6637696939287707,0.767471942002885,0.10370224807411432,1.4205858279019594
32,2,24,5,0.767471942002885,0.8836758529068902,0.11620391090400517,1.4205858279019594
32,2,24,6,0.8836758529068902,1.0045735948951915,0.12089774198830128,1.4205858279019594
32,2,24,7,1.0045735948951915,1.1272239779355004,0.12265038304030895,1.4205858279019594
32,2,24,8,1.1272239779355004,1.2540775910019875,0.12685361306648701,1.4205858279019594
32,2,24,9,1.2540775910019875,1.3903636409668252,0.13628604996483773,1.4205858279019594
32,2,24,10,1.3903636409668252,1.4212039489066228,0.03084030793979764,1.4205858279019594
32,2,25,1,0.026909478940069675,0.11751751194242388,0.0906080330023542,1.4205858279019594
32,2,25,2,0.11751751194242388,0.20704136893618852,0.08952385699376464,1.4205858279019594
32,2,25,3,0.20704136893618852,0.2976724139880389,0.09063104505185038,1.4205858279019594
32,2,25,4,0.2976724139880389,0.3876666110008955,0.0899941970128566,1.4205858279019594
32,2,25,5,0.3876666110008955,0.4774946079123765,0.08982799691148102,1.4205858279019594
32,2,25,6,0.4774946079123765,0.567881085909903,0.09038647799752653,1.4205858279019594
32,2,25,7,0.567881085909903,0.6641822229139507,0.09630113700404763,1.4205858279019594
32,2,25,8,0.6641822229139507,0.7677205349318683,0.10353831201791763,1.4205858279019594
32,2,25,9,0.7677205349318683,0.8839701409451663,0.11624960601329803,1.4205858279019594
32,2,25,10,0.8839701409451663,1.0048232509288937,0.12085310998372734,1.4205858279019594
32,2,25,11,1.0048232509288937,1.1275169840082526,0.12269373307935894,1.4205858279019594
32,2,25,12,1.1275169840082526,1.2543253569165245,0.12680837290827185,1.4205858279019594
32,2,25,13,1.2543253569165245,1.3906267649726942,0.13630140805616975,1.4205858279019594
32,2,25,14,1.3906267649726942,1.4215078679844737,0.030881103011779487,1.4205858279019594
32,2,26,1,0.11810874694492668,0.20768572599627078,0.0895769790513441,1.4205858279019594
32,2,26,2,0.20768572599627078,0.2983373429160565,0.09065161691978574,1.4205858279019594
32,2,26,3,0.2983373429160565,0.38829203590285033,0.08995469298679382,1.4205858279019594
32,2,26,4,0.38829203590285033,0.4782737809000537,0.08998174499720335,1.4205858279019594
32,2,26,5,0.4782737809000537,0.5687033119611442,0.09042953106109053,1.4205858279019594
32,2,26,6,0.5687033119611442,0.6649899079930037,0.09628659603185952,1.4205858279019594
32,2,26,7,0.6649899079930037,0.7684072809061036,0.10341737291309983,1.4205858279019594
32,2,26,8,0.7684072809061036,0.8847304839873686,0.11632320308126509,1.4205858279019594
32,2,26,9,0.8847304839873686,1.0055260029621422,0.12079551897477359,1.4205858279019594
32,2,26,10,1.0055260029621422,1.1282047829590738,0.12267877999693155,1.4205858279019594
32,2,26,11,1.1282047829590738,1.2550544498953968,0.12684966693632305,1.4205858279019594
32,2,26,12,1.2550544498953968,1.3914079129463062,0.13635346305090934,1.4205858279019594
32,2,26,13,1.3914079129463062,1.4221315359463915,0.030723623000085354,1.4205858279019594
32,2,27,1,0.20699185994453728,0.29753711400553584,0.09054525406099856,1.4205858279019594
32,2,27,2,0.29753711400553584,0.38761811796575785,0.090081003960222,1.4205858279019594
32,2,27,3,0.38761811796575785,0.47744388098362833,0.08982576301787049,1.4205858279019594
32,2,27,4,0.47744388098362833,0.5678271380020306,0.09038325701840222,1.4205858279019594
32,2,27,5,0.5678271380020306,0.6641237660078332,0.09629662800580263,1.4205858279019594
32,2,27,6,0.6641237660078332,0.7676712379325181,0.10354747192468494,1.4205858279019594
32,2,27,7,0.7676712379325181,0.8839129909174517,0.11624175298493356,1.4205858279019594
32,2,27,8,0.8839129909174517,1.0047743179602548,0.12086132704280317,1.4205858279019594
32,2,27,9,1.0047743179602548,1.127470837906003,0.12269651994574815,1.4205858279019594
32,2,27,10,1.127470837906003,1.2542775329202414,0.12680669501423836,1.4205858279019594
32,2,27,11,1.2542775329202414,1.3905740489717573,0.13629651605151594,1.4205858279019594
32,2,27,12,1.3905740489717573,1.4213842219905928,0.030810173018835485,1.4205858279019594
32,2,28,1,0.296913007972762,0.3868244709447026,0.08991146297194064,1.4205858279019594
32,2,28,2,0.3868244709447026,0.4766015330096707,0.08977706206496805,1.4205858279019594
32,2,28,3,0.4766015330096707,0.5671792589128017,0.09057772590313107,1.4205858279019594
32,2,28,4,0.5671792589128017,0.6632848070003092,0.09610554808750749,1.4205858279019594
32,2,28,5,0.6632848070003092,0.7669396189739928,0.10365481197368354,1.4205858279019594
32,2,28,6,0.7669396189739928,0.8830679059028625,0.11612828692886978,1.4205858279019594
32,2,28,7,0.8830679059028625,1.004031385993585,0.12096348009072244,1.4205858279019594
32,2,28,8,1.004031385993585,1.126821775920689,0.12279038992710412,1.4205858279019594
32,2,28,9,1.126821775920689,1.253562901983969,0.1267411260632798,1.4205858279019594
32,2,28,10,1.253562901983969,1.3898119369987398,0.13624903501477093,1.4205858279019594
32,2,28,11,1.3898119369987398,1.420810792944394,0.030998855945654213,1.4205858279019594
32,2,29,1,0.2974053039215505,0.3874114688951522,0.0900061649736017,1.4205858279019594
32,2,29,2,0.3874114688951522,0.477280274964869,0.08986880606971681,1.4205858279019594
32,2,29,3,0.477280274964869,0.5676743659423664,0.0903940909774974,1.4205858279019594
32,2,29,4,0.5676743659423664,0.663946743006818,0.09627237706445158,1.4205858279019594
32,2,29,5,0.663946743006818,0.7675226229475811,0.10357587994076312,1.4205858279019594
32,2,29,6,0.7675226229475811,0.8837335149291903,0.11621089198160917,1.4205858279019594
32,2,29,7,0.8837335149291903,1.0046258609509096,0.12089234602171928,1.4205858279019594
32,2,29,8,1.0046258609509096,1.1272702489513904,0.12264438800048083,1.4205858279019594
32,2,29,9,1.1272702489513904,1.2541282878955826,0.12685803894419223,1.4205858279019594
32,2,29,10,1.2541282878955826,1.390416955924593,0.1362886680290103,1.4205858279019594
32,2,29,11,1.390416955924593,1.4212491359794512,0.030832180054858327,1.4205858279019594
32,2,30,1,0.4777029879624024,0.5680934030096978,0.09039041504729539,1.4205858279019594
32,2,30,2,0.5680934030096978,0.6643486350076273,0.09625523199792951,1.4205858279019594
32,2,30,3,0.6643486350076273,0.7678761909483001,0.10352755594067276,1.4205858279019594
32,2,30,4,0.7678761909483001,0.8841393819311634,0.11626319098286331,1.4205858279019594
32,2,30,5,0.8841393819311634,1.004976260010153,0.12083687807898968,1.4205858279019594
32,2,30,6,1.004976260010153,1.12765195092652,0.12267569091636688,1.4205858279019594
32,2,30,7,1.12765195092652,1.2544703069142997,0.1268183559877798,1.4205858279019594
32,2,30,8,1.2544703069142997,1.3907830859534442,0.13631277903914452,1.4205858279019594
32,2,30,9,1.3907830859534442,1.4216450499370694,0.030861963983625174,1.4205858279019594
32,2,31,1,0.5686029329663143,0.6648774209897965,0.09627448802348226,1.4205858279019594
32,2,31,2,0.6648774209897965,0.7683107629418373,0.10343334195204079,1.4205858279019594
32,2,31,3,0.7683107629418373,0.8846265119500458,0.11631574900820851,1.4205858279019594
32,2,31,4,0.8846265119500458,1.0054273589048535,0.12080084695480764,1.4205858279019594
32,2,31,5,1.0054273589048535,1.1281174389878288,0.12269008008297533,1.4205858279019594
32,2,31,6,1.1281174389878288,1.2549567070091143,0.12683926802128553,1.4205858279019594
32,2,31,7,1.2549567070091143,1.3913050069240853,0.136348299914971,1.4205858279019594
32,2,31,8,1.3913050069240853,1.4220453799935058,0.030740373069420457,1.4205858279019594
