B,n,k,t_iter
1,64,4,0.010942766442894936
1,64,5,0.01088220439851284
1,64,6,0.010946733877062798
1,64,7,0.010710128583014011
1,64,8,0.010970072820782661
1,64,9,0.010841850191354752
1,64,10,0.010716813616454601
1,64,11,0.01074848510324955
1,64,12,0.01094336248934269
1,64,13,0.010769028216600418
1,64,14,0.01106414943933487
1,64,15,0.01081315241754055
1,64,16,0.010943522676825523
1,64,17,0.010870670899748802
1,64,18,0.011304832994937897
1,64,19,0.010567245073616505
1,64,20,0.010753675363957882
1,64,21,0.010678831487894058
1,64,22,0.010924099944531918
1,64,23,0.010840230621397495
1,64,24,0.010685447603464127
1,64,25,0.011045688763260841
1,64,26,0.010763514786958694
1,64,27,0.010812968015670776
1,64,28,0.010838188230991364
1,64,29,0.010839208960533142
1,64,30,0.010986676439642906
1,64,31,0.010842300951480865
1,64,32,0.010649558156728745
1,64,33,0.010933425277471542
1,64,34,0.010669732466340065
1,64,35,0.010914932005107403
1,64,36,0.011101152747869492
1,64,37,0.010738379321992397
1,64,38,0.010784287936985493
1,64,39,0.010918482206761837
1,64,40,0.010813153348863125
1,64,41,0.010842918418347836
1,64,42,0.010879936628043652
1,64,43,0.010800178162753582
1,64,44,0.010969393886625767
1,64,45,0.010691344738006592
1,64,46,0.010885173454880714
1,64,47,0.01073225773870945
1,64,48,0.01090995967388153
1,64,49,0.010953377932310104
1,64,50,0.010663372464478016
1,64,51,0.01099605206400156
1,64,52,0.010776599869132042
1,64,53,0.01077989675104618
1,64,54,0.0108683155849576
1,64,55,0.010747939348220825
1,64,56,0.010859678499400616
1,64,57,0.010890320874750614
1,64,58,0.011186132207512856
1,64,59,0.010767881758511066
1,64,60,0.010592642240226269
1,64,61,0.010748807340860367
1,64,62,0.011238202452659607
1,64,63,0.01077139750123024
1,64,64,0.010956444777548313
1,64,65,0.010404996573925018
1,64,66,0.01115020178258419
1,64,67,0.011051256209611893
1,64,68,0.01070604007691145
1,64,69,0.010840819217264652
1,64,70,0.010598045773804188
1,64,71,0.010780823417007923
1,64,72,0.011265922337770462
1,64,73,0.010873002000153065
1,64,74,0.010731869377195835
1,64,75,0.010938828811049461
1,64,76,0.010887778364121914
1,64,77,0.01085258275270462
1,64,78,0.010746638290584087
1,64,79,0.010589201003313065
1,64,80,0.010906266048550606
1,64,81,0.01122334785759449
1,64,82,0.010564861819148064
1,64,83,0.011033695191144943
1,64,84,0.01057289820164442
1,64,85,0.011127124540507793
1,64,86,0.010807522572577
1,64,87,0.010741708800196648
1,64,88,0.010707918554544449
1,64,89,0.010879050008952618
1,64,90,0.011181733570992947
1,64,91,0.010881398804485798
1,64,92,0.010890599340200424
1,64,93,0.010462068021297455
1,64,94,0.011090666987001896
1,64,95,0.01085860375314951
1,64,96,0.010619506239891052
1,64,97,0.01082003302872181
1,64,98,0.011542096734046936
1,64,99,0.01028904877603054
1,64,100,0.010715149343013763
1,64,101,0.011098122224211693
1,64,102,0.010488593950867653
1,64,103,0.011243811808526516
1,64,104,0.010753277689218521
1,64,105,0.010811599902808666
1,64,106,0.010814794339239597
1,64,107,0.010679097846150398
1,64,108,0.010822278447449207
1,64,109,0.011107894591987133
1,64,110,0.010868960060179234
1,64,111,0.010787134990096092
1,64,112,0.010983847081661224
1,64,113,0.010604443959891796
1,64,114,0.01102597825229168
1,64,115,0.010817652568221092
1,64,116,0.010545563884079456
1,64,117,0.01089907344430685
1,64,118,0.01111749280244112
1,64,119,0.010795199312269688
1,64,120,0.010922328568994999
1,64,121,0.010579110123217106
1,64,122,0.01115872710943222
1,64,123,0.01084480993449688
1,64,124,0.01081851776689291
1,64,125,0.010643973015248775
1,64,126,0.010950661264359951
1,64,127,0.010928533039987087
1,64,128,0.010642620734870434
1,64,129,0.01110775675624609
1,64,130,0.0105106420814991
1,64,131,0.011166488751769066
1,64,132,0.010845073498785496
1,64,133,0.01083097793161869
1,64,134,0.010514894500374794
1,64,135,0.011221262626349926
1,64,136,0.010604402050375938
1,64,137,0.011035474948585033
1,64,138,0.010863255709409714
1,64,139,0.010502169840037823
1,64,140,0.011352356523275375
1,64,141,0.010596102103590965
1,64,142,0.010877111926674843
1,64,143,0.01057419367134571
1,64,144,0.010893579572439194
1,64,145,0.010978901758790016
1,64,146,0.010789107531309128
1,64,147,0.010919536463916302
1,64,148,0.010916827246546745
1,64,149,0.010625655762851238
1,64,150,0.011113861575722694
1,64,151,0.01078059058636427
1,64,152,0.011005761101841927
1,64,153,0.01054911594837904
1,64,154,0.010852057486772537
1,64,155,0.010767348110675812
1,64,156,0.01082170382142067
1,64,157,0.010788013227283955
1,64,158,0.010779667645692825
1,64,159,0.010969504714012146
1,64,160,0.010802309028804302
1,64,161,0.010852565988898277
1,64,162,0.01081026904284954
1,64,163,0.010877249762415886
1,64,164,0.010872840881347656
1,64,165,0.010815838351845741
1,64,166,0.010856976732611656
1,64,167,0.010743419639766216
1,64,168,0.010922952555119991
1,64,169,0.010769374668598175
1,64,170,0.010886188596487045
1,64,171,0.010923314839601517
1,64,172,0.010791754350066185
1,64,173,0.010828501544892788
1,64,174,0.010864540934562683
1,64,175,0.010810858570039272
1,64,176,0.010780892334878445
1,64,177,0.010889146476984024
1,64,178,0.01086294837296009
1,64,179,0.011068741790950298
1,64,180,0.010872484184801579
1,64,181,0.01070860493928194
1,64,182,0.010798515751957893
1,64,183,0.0108563881367445
1,64,184,0.010808154009282589
1,64,185,0.01075445581227541
1,64,186,0.010934516787528992
1,64,187,0.010754376649856567
1,64,188,0.010801766999065876
1,64,189,0.011004176922142506
1,64,190,0.010842164978384972
1,64,191,0.010931541211903095
1,64,192,0.010771620087325573
1,64,193,0.010813367553055286
1,64,194,0.0108785480260849
1,64,195,0.01075589470565319
1,64,196,0.010924151167273521
1,64,197,0.01088615320622921
1,64,198,0.010771574452519417
1,64,199,0.011008506640791893
1,64,200,0.010827908292412758
1,64,201,0.010889512486755848
1,64,202,0.01079628337174654
1,64,203,0.01092077698558569
1,64,204,0.011060841381549835
1,64,205,0.010868190787732601
1,64,206,0.010908476077020168
1,64,207,0.010874594561755657
1,64,208,0.010892098769545555
1,64,209,0.010864012874662876
1,64,210,0.010859141126275063
1,64,211,0.010654822923243046
1,64,212,0.01098544243723154
1,64,213,0.010973518714308739
1,64,214,0.010692917741835117
1,64,215,0.010972276329994202
1,64,216,0.0107217812910676
1,64,217,0.01091026421636343
1,64,218,0.010789988562464714
1,64,219,0.010891162790358067
1,64,220,0.010946555994451046
1,64,221,0.010827762074768543
1,64,222,0.010859423317015171
1,64,223,0.010909617878496647
1,64,224,0.010855603963136673
1,64,225,0.010824291966855526
1,64,226,0.010900845751166344
1,64,227,0.010749719105660915
1,64,228,0.011272294446825981
1,64,229,0.010584572330117226
1,64,230,0.010878680273890495
1,64,231,0.010844492353498936
1,64,232,0.010826322250068188
1,64,233,0.01086651161313057
1,64,234,0.010839852504432201
1,64,235,0.011246474459767342
1,64,236,0.010578693822026253
1,64,237,0.010815377347171307
1,64,238,0.01100296899676323
1,64,239,0.010819835588335991
1,64,240,0.010870283469557762
1,64,241,0.010786746628582478
1,64,242,0.011015926487743855
1,64,243,0.010747026652097702
1,64,244,0.010891052894294262
1,64,245,0.010936234146356583
1,64,246,0.010762758553028107
1,64,247,0.011083279736340046
1,64,248,0.010825994424521923
1,64,249,0.010877537541091442
1,64,250,0.010841346345841885
1,64,251,0.01093304343521595
1,64,252,0.010648691095411777
1,64,253,0.010999736376106739
1,64,254,0.010878394357860088
1,64,255,0.010952959768474102
1,256,4,0.010749651119112968
1,256,5,0.01091319415718317
1,256,6,0.01113965641707182
1,256,7,0.010693673975765705
1,256,8,0.01091026607900858
1,256,9,0.01104538980871439
1,256,10,0.0108617153018713
1,256,11,0.011131785809993744
1,256,12,0.010735143907368183
1,256,13,0.010813170112669468
1,256,14,0.010898416861891747
1,256,15,0.010923978872597218
1,256,16,0.010786282829940319
1,256,17,0.010903356596827507
1,256,18,0.010892922058701515
1,256,19,0.011142005212605
1,256,20,0.010552531108260155
1,256,21,0.01095216628164053
1,256,22,0.010860608890652657
1,256,23,0.010784816928207874
1,256,24,0.010879145003855228
1,256,25,0.010846993885934353
1,256,26,0.010931986384093761
1,256,27,0.010908187367022038
1,256,28,0.010890861041843891
1,256,29,0.010857530869543552
1,256,30,0.010858424007892609
1,256,31,0.010856945998966694
1,256,32,0.010894622653722763
1,256,33,0.010906445793807507
1,256,34,0.010891764424741268
1,256,35,0.010776977054774761
1,256,36,0.01107677724212408
1,256,37,0.01089031994342804
1,256,38,0.011067734099924564
1,256,39,0.01054138969630003
1,256,40,0.010867958888411522
1,256,41,0.010853773914277554
1,256,42,0.010868387296795845
1,256,43,0.010845686309039593
1,256,44,0.010822862386703491
1,256,45,0.011011013761162758
1,256,46,0.010816728696227074
1,256,47,0.01084628514945507
1,256,48,0.010862239636480808
1,256,49,0.0107658039778471
1,256,50,0.011080321855843067
1,256,51,0.010787567123770714
1,256,52,0.010795881040394306
1,256,53,0.010781971737742424
1,256,54,0.010971810668706894
1,256,55,0.010880256071686745
1,256,56,0.010809051804244518
1,256,57,0.010861998423933983
1,256,58,0.010868065990507603
1,256,59,0.01087011769413948
1,256,60,0.010913663543760777
1,256,61,0.010892084799706936
1,256,62,0.010866341181099415
1,256,63,0.01077987439930439
1,256,64,0.010934689082205296
1,256,65,0.010829567909240723
1,256,66,0.010935223661363125
1,256,67,0.010801902040839195
1,256,68,0.010954034514725208
1,256,69,0.010848648846149445
1,256,70,0.010947313159704208
1,256,71,0.010747568681836128
1,256,72,0.010893991217017174
1,256,73,0.010934731923043728
1,256,74,0.01084161177277565
1,256,75,0.010798820294439793
1,256,76,0.010879769921302795
1,256,77,0.010878904722630978
1,256,78,0.010778618976473808
1,256,79,0.010914559476077557
1,256,80,0.01094816904515028
1,256,81,0.010900620371103287
1,256,82,0.010918415151536465
1,256,83,0.010920235887169838
1,256,84,0.010877251625061035
1,256,85,0.010748258791863918
1,256,86,0.010981961153447628
1,256,87,0.010846451856195927
1,256,88,0.010768513195216656
1,256,89,0.011017930693924427
1,256,90,0.010809829458594322
1,256,91,0.010817771777510643
1,256,92,0.01089379470795393
1,256,93,0.0109116081148386
1,256,94,0.01092128362506628
1,256,95,0.01077487226575613
1,256,96,0.010817909613251686
1,256,97,0.011052209883928299
1,256,98,0.010916455648839474
1,256,99,0.010712271556258202
1,256,100,0.010897006839513779
1,256,101,0.011041867546737194
1,256,102,0.01104909647256136
1,256,103,0.010356337763369083
1,256,104,0.010919339023530483
1,256,105,0.010849615558981895
1,256,106,0.010881783440709114
1,256,107,0.010908153839409351
1,256,108,0.010855233296751976
1,256,109,0.010780492797493935
1,256,110,0.010935180820524693
1,256,111,0.010835370980203152
1,256,112,0.010907040908932686
1,256,113,0.010890737175941467
1,256,114,0.010863091796636581
1,256,115,0.010826903395354748
1,256,116,0.010981552302837372
1,256,117,0.010922457091510296
1,256,118,0.010682983323931694
1,256,119,0.0110936239361763
1,256,120,0.010829326696693897
1,256,121,0.010682866908609867
1,256,122,0.010940633714199066
1,256,123,0.010925537906587124
1,256,124,0.010815856978297234
1,256,125,0.01100195199251175
1,256,126,0.010940760374069214
1,256,127,0.010656737722456455
1,256,128,0.010873745195567608
1,256,129,0.011105074547231197
1,256,130,0.010911696590483189
1,256,131,0.010793033055961132
1,256,132,0.010936224833130836
1,256,133,0.010885864496231079
1,256,134,0.011005928739905357
1,256,135,0.010817241854965687
1,256,136,0.010887281969189644
1,256,137,0.010848823934793472
1,256,138,0.010962513275444508
1,256,139,0.010938809253275394
1,256,140,0.010824929922819138
1,256,141,0.010893511585891247
1,256,142,0.010981006547808647
1,256,143,0.010824872180819511
1,256,144,0.010987424291670322
1,256,145,0.010797169059515
1,256,146,0.010831433348357677
1,256,147,0.010993508622050285
1,256,148,0.010943039320409298
1,256,149,0.010796844027936459
1,256,150,0.010941056534647942
1,256,151,0.010735822841525078
1,256,152,0.010994714684784412
1,256,153,0.01096804253757
1,256,154,0.010885369032621384
1,256,155,0.01076142955571413
1,256,156,0.01102635357528925
1,256,157,0.010726197622716427
1,256,158,0.010827499441802502
1,256,159,0.011055374518036842
1,256,160,0.010846050456166267
1,256,161,0.010787390172481537
1,256,162,0.01103243138641119
1,256,163,0.010875501669943333
1,256,164,0.010926301591098309
1,256,165,0.010891458950936794
1,256,166,0.010831582359969616
1,256,167,0.012436982244253159
1,256,168,0.009364943020045757
1,256,169,0.011098559945821762
1,256,170,0.010946322232484818
1,256,171,0.010735469870269299
1,256,172,0.010891914367675781
1,256,173,0.010872386395931244
1,256,174,0.011042905040085316
1,256,175,0.010718177072703838
1,256,176,0.010842625983059406
1,256,177,0.010773804970085621
1,256,178,0.011157018132507801
1,256,179,0.010849925689399242
1,256,180,0.01093632448464632
1,256,181,0.010897841304540634
1,256,182,0.010899302549660206
1,256,183,0.011029022745788097
1,256,184,0.01104297861456871
1,256,185,0.010608040727674961
1,256,186,0.010844338685274124
1,256,187,0.010945042595267296
1,256,188,0.010956757701933384
1,256,189,0.010803482495248318
1,256,190,0.010988013818860054
1,256,191,0.010852781124413013
1,256,192,0.010849292390048504
1,256,193,0.010857099667191505
1,256,194,0.010915769264101982
1,256,195,0.010882263071835041
1,256,196,0.010896497406065464
1,256,197,0.010739547200500965
1,256,198,0.011038129217922688
1,256,199,0.010922694578766823
1,256,200,0.010934719815850258
1,256,201,0.010885066352784634
1,256,202,0.010981366038322449
1,256,203,0.010920236818492413
1,256,204,0.010787783190608025
1,256,205,0.01094699464738369
1,256,206,0.010884308256208897
1,256,207,0.010831489227712154
1,256,208,0.010981205850839615
1,256,209,0.010753406211733818
1,256,210,0.010861299932003021
1,256,211,0.010957148857414722
1,256,212,0.010878694243729115
1,256,213,0.010837116278707981
1,256,214,0.010962245054543018
1,256,215,0.010939826257526875
1,256,216,0.010820246301591396
1,256,217,0.010947071015834808
1,256,218,0.01081574335694313
1,256,219,0.010862864553928375
1,256,220,0.011133936233818531
1,256,221,0.01075517013669014
1,256,222,0.010861199349164963
1,256,223,0.01088947243988514
1,256,224,0.011129581369459629
1,256,225,0.010824975557625294
1,256,226,0.010874311439692974
1,256,227,0.010723457671701908
1,256,228,0.010974820703268051
1,256,229,0.010943278670310974
1,256,230,0.01092575490474701
1,256,231,0.01080238725990057
1,256,232,0.010980517603456974
1,256,233,0.01087155006825924
1,256,234,0.010729352943599224
1,256,235,0.011017018929123878
1,256,236,0.010881003923714161
1,256,237,0.010883020237088203
1,256,238,0.010748662985861301
1,256,239,0.011135725304484367
1,256,240,0.010696380399167538
1,256,241,0.011071120388805866
1,256,242,0.010872818529605865
1,256,243,0.01082939188927412
1,256,244,0.010950799100100994
1,256,245,0.010957097634673119
1,256,246,0.010855116881430149
1,256,247,0.010897490195930004
1,256,248,0.010849852114915848
1,256,249,0.010929476469755173
1,256,250,0.010900462046265602
1,256,251,0.011560199782252312
1,256,252,0.016341380774974823
1,256,253,0.007774310186505318
1,256,254,0.007944880053400993
1,256,255,0.011043036356568336
1,1024,4,0.011074146255850792
1,1024,5,0.011111426167190075
1,1024,6,0.011172058992087841
1,1024,7,0.010897686704993248
1,1024,8,0.010945996269583702
1,1024,9,0.010922734625637531
1,1024,10,0.010920337401330471
1,1024,11,0.010862741619348526
1,1024,12,0.011200637556612492
1,1024,13,0.010778253898024559
1,1024,14,0.010934938676655293
1,1024,15,0.010992932133376598
1,1024,16,0.010844792239367962
1,1024,17,0.0109284408390522
1,1024,18,0.010923880152404308
1,1024,19,0.010898920707404613
1,1024,20,0.011087602004408836
1,1024,21,0.010798163712024689
1,1024,22,0.010849185287952423
1,1024,23,0.010983603075146675
1,1024,24,0.010932611301541328
1,1024,25,0.010900094173848629
1,1024,26,0.01101607270538807
1,1024,27,0.010834522545337677
1,1024,28,0.010975814424455166
1,1024,29,0.01109828520566225
1,1024,30,0.010721982456743717
1,1024,31,0.011026497930288315
1,1024,32,0.01086477842181921
1,1024,33,0.010901403613388538
1,1024,34,0.011113527230918407
1,1024,35,0.01079943124204874
1,1024,36,0.010844373144209385
1,1024,37,0.010891992598772049
1,1024,38,0.010912254452705383
1,1024,39,0.011078940704464912
1,1024,40,0.010925722308456898
1,1024,41,0.010876446031033993
1,1024,42,0.011141698807477951
1,1024,43,0.011178726330399513
1,1024,44,0.01044260710477829
1,1024,45,0.010770399123430252
1,1024,46,0.011279169470071793
1,1024,47,0.010970355942845345
1,1024,48,0.010791744105517864
1,1024,49,0.01078101433813572
1,1024,50,0.01112041063606739
1,1024,51,0.01091272383928299
1,1024,52,0.011063037440180779
1,1024,53,0.010528779588639736
1,1024,54,0.01100995671004057
1,1024,55,0.011153895407915115
1,1024,56,0.010586387477815151
1,1024,57,0.01112426444888115
1,1024,58,0.010661645792424679
1,1024,59,0.011186669580638409
1,1024,60,0.010950074531137943
1,1024,61,0.01088964007794857
1,1024,62,0.01071640383452177
1,1024,63,0.01123051531612873
1,1024,64,0.01076363492757082
1,1024,65,0.011184587143361568
1,1024,66,0.010510186664760113
1,1024,67,0.010827860794961452
1,1024,68,0.011145108379423618
1,1024,69,0.011103217490017414
1,1024,70,0.0106133334338665
1,1024,71,0.011147169396281242
1,1024,72,0.01085283700376749
1,1024,73,0.010700812563300133
1,1024,74,0.011164624243974686
1,1024,75,0.010892647318542004
1,1024,76,0.010637672618031502
1,1024,77,0.011230247095227242
1,1024,78,0.010921191424131393
1,1024,79,0.011008123867213726
1,1024,80,0.01084281038492918
1,1024,81,0.010874990373849869
1,1024,82,0.01066878717392683
1,1024,83,0.011505808681249619
1,1024,84,0.010581932961940765
1,1024,85,0.010751452296972275
1,1024,86,0.01086658239364624
1,1024,87,0.011270816437900066
1,1024,88,0.010637092404067516
1,1024,89,0.011147094890475273
1,1024,90,0.01075102761387825
1,1024,91,0.011088297702372074
1,1024,92,0.010747698135674
1,1024,93,0.011123789474368095
1,1024,94,0.010916339233517647
1,1024,95,0.01068265549838543
1,1024,96,0.011022655293345451
1,1024,97,0.011095603927969933
1,1024,98,0.010916538536548615
1,1024,99,0.010638916864991188
1,1024,100,0.011045008897781372
1,1024,101,0.01067102886736393
1,1024,102,0.011253531090915203
1,1024,103,0.010883783921599388
1,1024,104,0.010652264580130577
1,1024,105,0.011193519458174706
1,1024,106,0.010896803811192513
1,1024,107,0.010972310788929462
1,1024,108,0.010651178658008575
1,1024,109,0.011166118085384369
1,1024,110,0.010670040734112263
1,1024,111,0.011119937524199486
1,1024,112,0.010939395986497402
1,1024,113,0.010707340203225613
1,1024,114,0.010789628140628338
1,1024,115,0.010892827995121479
1,1024,116,0.010901791974902153
1,1024,117,0.01097999606281519
1,1024,118,0.010832889005541801
1,1024,119,0.01100446842610836
1,1024,120,0.010889716446399689
1,1024,121,0.010902049951255322
1,1024,122,0.010829069651663303
1,1024,123,0.010877259075641632
1,1024,124,0.011644185520708561
1,1024,125,0.010389919392764568
1,1024,126,0.01089626643806696
1,1024,127,0.010841221548616886
1,1024,128,0.010913730598986149
1,1024,129,0.011060903780162334
1,1024,130,0.010753633454442024
1,1024,131,0.010953214019536972
1,1024,132,0.010918771848082542
1,1024,133,0.011158555746078491
1,1024,134,0.010792301036417484
1,1024,135,0.010881096124649048
1,1024,136,0.011099252849817276
1,1024,137,0.011015554890036583
1,1024,138,0.010734825395047665
1,1024,139,0.010882657021284103
1,1024,140,0.010915040038526058
1,1024,141,0.010831465944647789
1,1024,142,0.010942296124994755
1,1024,143,0.011015447787940502
1,1024,144,0.011009800247848034
1,1024,145,0.010961376130580902
1,1024,146,0.010733279399573803
1,1024,147,0.011080555617809296
1,1024,148,0.010865963064134121
1,1024,149,0.010947677306830883
1,1024,150,0.01083310041576624
1,1024,151,0.011056940071284771
1,1024,152,0.01087446603924036
1,1024,153,0.010971738025546074
1,1024,154,0.010788887739181519
1,1024,155,0.010985635221004486
1,1024,156,0.011135692708194256
1,1024,157,0.01076684519648552
1,1024,158,0.010889005847275257
1,1024,159,0.011141490191221237
1,1024,160,0.011070318520069122
1,1024,161,0.011281575076282024
1,1024,162,0.010388816706836224
1,1024,163,0.010857258923351765
1,1024,164,0.010884828865528107
1,1024,165,0.011271259747445583
1,1024,166,0.010646628215909004
1,1024,167,0.011114289052784443
1,1024,168,0.01070051547139883
1,1024,169,0.011186003684997559
1,1024,170,0.011080692522227764
1,1024,171,0.010679390281438828
1,1024,172,0.010840346105396748
1,1024,173,0.01086887251585722
1,1024,174,0.011386753991246223
1,1024,175,0.010644734837114811
1,1024,176,0.011176835745573044
1,1024,177,0.010612966492772102
1,1024,178,0.010872959159314632
1,1024,179,0.01163669116795063
1,1024,180,0.010560879483819008
1,1024,181,0.01066749170422554
1,1024,182,0.011164499446749687
1,1024,183,0.010857341811060905
1,1024,184,0.010764120146632195
1,1024,185,0.011181479319930077
1,1024,186,0.010681385174393654
1,1024,187,0.011070571839809418
1,1024,188,0.010992530733346939
1,1024,189,0.010859048925340176
1,1024,190,0.011295007541775703
1,1024,191,0.010909853503108025
1,1024,192,0.010666711255908012
1,1024,193,0.010721337981522083
1,1024,194,0.010930102318525314
1,1024,195,0.010878489352762699
1,1024,196,0.011176357045769691
1,1024,197,0.011034674011170864
1,1024,198,0.01097159180790186
1,1024,199,0.010723701678216457
1,1024,200,0.010765890590846539
1,1024,201,0.011069092899560928
1,1024,202,0.010946221649646759
1,1024,203,0.010760246776044369
1,1024,204,0.01085161603987217
1,1024,205,0.011128654703497887
1,1024,206,0.010929097421467304
1,1024,207,0.01081157848238945
1,1024,208,0.011020517908036709
1,1024,209,0.010862937197089195
1,1024,210,0.010999450460076332
1,1024,211,0.010935535654425621
1,1024,212,0.010910209268331528
1,1024,213,0.011251564137637615
1,1024,214,0.010602819733321667
1,1024,215,0.011847386136651039
1,1024,216,0.010172849521040916
1,1024,217,0.01119132898747921
1,1024,218,0.010530679486691952
1,1024,219,0.011012999340891838
1,1024,220,0.01081087812781334
1,1024,221,0.010802495293319225
1,1024,222,0.011030926369130611
1,1024,223,0.011012940667569637
1,1024,224,0.010871930047869682
1,1024,225,0.011084132827818394
1,1024,226,0.010963942855596542
1,1024,227,0.010886714793741703
1,1024,228,0.01107912790030241
1,1024,229,0.010710570029914379
1,1024,230,0.011062417179346085
1,1024,231,0.010867699049413204
1,1024,232,0.010851209983229637
1,1024,233,0.010899730958044529
1,1024,234,0.010899065062403679
1,1024,235,0.010886217467486858
1,1024,236,0.01095135509967804
1,1024,237,0.011211327277123928
1,1024,238,0.010743423365056515
1,1024,239,0.011145074851810932
1,1024,240,0.010818579234182835
1,1024,241,0.01076433714479208
1,1024,242,0.011073729023337364
1,1024,243,0.010793106630444527
1,1024,244,0.01090880949050188
1,1024,245,0.01089954748749733
1,1024,246,0.010994097217917442
1,1024,247,0.010847573168575764
1,1024,248,0.010964278131723404
1,1024,249,0.010974260978400707
1,1024,250,0.010858089663088322
1,1024,251,0.011341918259859085
1,1024,252,0.010919417254626751
1,1024,253,0.010843704454600811
1,1024,254,0.0107339546084404
1,1024,255,0.011272548697888851
1,4096,4,0.010736818425357342
1,4096,5,0.011063139885663986
1,4096,6,0.01116038765758276
1,4096,7,0.011271082796156406
1,4096,8,0.011188912205398083
1,4096,9,0.011195122264325619
1,4096,10,0.011383221484720707
1,4096,11,0.01112131867557764
1,4096,12,0.01141261588782072
1,4096,13,0.010815930552780628
1,4096,14,0.01105706300586462
1,4096,15,0.010963084176182747
1,4096,16,0.01113997120410204
1,4096,17,0.011065379716455936
1,4096,18,0.011155619286000729
1,4096,19,0.011134296655654907
1,4096,20,0.01109443698078394
1,4096,21,0.01112239807844162
1,4096,22,0.011248321272432804
1,4096,23,0.011042369529604912
1,4096,24,0.01102462224662304
1,4096,25,0.01098941545933485
1,4096,26,0.011204562149941921
1,4096,27,0.011117852292954922
1,4096,28,0.011025676503777504
1,4096,29,0.011334904469549656
1,4096,30,0.011041166260838509
1,4096,31,0.011127300560474396
1,4096,32,0.01100335456430912
1,4096,33,0.011075714603066444
1,4096,34,0.011087051592767239
1,4096,35,0.011121823452413082
1,4096,36,0.011117231100797653
1,4096,37,0.011150823906064034
1,4096,38,0.011033070273697376
1,4096,39,0.011091678403317928
1,4096,40,0.011285540647804737
1,4096,41,0.011148117482662201
1,4096,42,0.010998992249369621
1,4096,43,0.01136526744812727
1,4096,44,0.010717944242060184
1,4096,45,0.011231779120862484
1,4096,46,0.011035258881747723
1,4096,47,0.011127812787890434
1,4096,48,0.011236715130507946
1,4096,49,0.011193035170435905
1,4096,50,0.011118908412754536
1,4096,51,0.011231220327317715
1,4096,52,0.011107999831438065
1,4096,53,0.010854726657271385
1,4096,54,0.011050693690776825
1,4096,55,0.011132757179439068
1,4096,56,0.011014248244464397
1,4096,57,0.011065171100199223
1,4096,58,0.011287841014564037
1,4096,59,0.011047464795410633
1,4096,60,0.011447482742369175
1,4096,61,0.011040739715099335
1,4096,62,0.010850273072719574
1,4096,63,0.011061731725931168
1,4096,64,0.011218087747693062
1,4096,65,0.011127211153507233
1,4096,66,0.01101000513881445
1,4096,67,0.01107342541217804
1,4096,68,0.01153229083865881
1,4096,69,0.010938119143247604
1,4096,70,0.011182115413248539
1,4096,71,0.011010021902620792
1,4096,72,0.011067226529121399
1,4096,73,0.010856685228645802
1,4096,74,0.011393610388040543
1,4096,75,0.011085569858551025
1,4096,76,0.011196696199476719
1,4096,77,0.010921616107225418
1,4096,78,0.011445161886513233
1,4096,79,0.0111820874735713
1,4096,80,0.010790947824716568
1,4096,81,0.010950053110718727
1,4096,82,0.011051191948354244
1,4096,83,0.01141248270869255
1,4096,84,0.011005316860973835
1,4096,85,0.01114976778626442
1,4096,86,0.010850564576685429
1,4096,87,0.011398346163332462
1,4096,88,0.01104733906686306
1,4096,89,0.011173559352755547
1,4096,90,0.010890835896134377
1,4096,91,0.010988962836563587
1,4096,92,0.011479444801807404
1,4096,93,0.011158657260239124
1,4096,94,0.010862651281058788
1,4096,95,0.010986260138452053
1,4096,96,0.011410976760089397
1,4096,97,0.011144183576107025
1,4096,98,0.011123957112431526
1,4096,99,0.010869165882468224
1,4096,100,0.011035086587071419
1,4096,101,0.011479648761451244
1,4096,102,0.011103984899818897
1,4096,103,0.010831451043486595
1,4096,104,0.0110047347843647
1,4096,105,0.011446614749729633
1,4096,106,0.011076433584094048
1,4096,107,0.011117512360215187
1,4096,108,0.011057043448090553
1,4096,109,0.010948607698082924
1,4096,110,0.011375859379768372
1,4096,111,0.010844266973435879
1,4096,112,0.011378968134522438
1,4096,113,0.010822879150509834
1,4096,114,0.011338413693010807
1,4096,115,0.010827785357832909
1,4096,116,0.011397721245884895
1,4096,117,0.010883456096053123
1,4096,118,0.01114633772522211
1,4096,119,0.011070162989199162
1,4096,120,0.011109677143394947
1,4096,121,0.011290086433291435
1,4096,122,0.010875040665268898
1,4096,123,0.011370760388672352
1,4096,124,0.011098465882241726
1,4096,125,0.011077026836574078
1,4096,126,0.023373317904770374
1,4096,127,0.021966010332107544
1,4096,128,0.010300034657120705
1,4096,129,0.004397043026983738
1,4096,130,0.007961851544678211
1,4096,131,0.010933762416243553
1,4096,132,0.0113937733694911
1,4096,133,0.011041834019124508
1,4096,134,0.010913771577179432
1,4096,135,0.01105054933577776
1,4096,136,0.011399555951356888
1,4096,137,0.01083763875067234
1,4096,138,0.011362274177372456
1,4096,139,0.010913916863501072
1,4096,140,0.011318020522594452
1,4096,141,0.010888722725212574
1,4096,142,0.011350126937031746
1,4096,143,0.010923970490694046
1,4096,144,0.011364519596099854
1,4096,145,0.011136661283671856
1,4096,146,0.010899688117206097
1,4096,147,0.011324716731905937
1,4096,148,0.01090411376208067
1,4096,149,0.011308356188237667
1,4096,150,0.01112104207277298
1,4096,151,0.01118086650967598
1,4096,152,0.010835488326847553
1,4096,153,0.011353137902915478
1,4096,154,0.010936692357063293
1,4096,155,0.011009165085852146
1,4096,156,0.011137458495795727
1,4096,157,0.011148259043693542
1,4096,158,0.011405308730900288
1,4096,159,0.01126090344041586
1,4096,160,0.010742931626737118
1,4096,161,0.011066567152738571
1,4096,162,0.011361218057572842
1,4096,163,0.010903550311923027
1,4096,164,0.01104950625449419
1,4096,165,0.011431947350502014
1,4096,166,0.010893325321376324
1,4096,167,0.011313983239233494
1,4096,168,0.011203340254724026
1,4096,169,0.011035656556487083
1,4096,170,0.014392146840691566
1,4096,171,0.007629873231053352
1,4096,172,0.011492298915982246
1,4096,173,0.010835922323167324
1,4096,174,0.011345402337610722
1,4096,175,0.010951408185064793
1,4096,176,0.010964974761009216
1,4096,177,0.011535217054188251
1,4096,178,0.011150027625262737
1,4096,179,0.010855954140424728
1,4096,180,0.011105849407613277
1,4096,181,0.011303732171654701
1,4096,182,0.01084594801068306
1,4096,183,0.011519436724483967
1,4096,184,0.010919422842562199
1,4096,185,0.01124479714781046
1,4096,186,0.011068678461015224
1,4096,187,0.011142364703118801
1,4096,188,0.010893804021179676
1,4096,189,0.011389341205358505
1,4096,190,0.011066815815865993
1,4096,191,0.010840984992682934
1,4096,192,0.011275501921772957
1,4096,193,0.010948160663247108
1,4096,194,0.011440806090831757
1,4096,195,0.010984623804688454
1,4096,196,0.011100703850388527
1,4096,197,0.010962806642055511
1,4096,198,0.01126441452652216
1,4096,199,0.011077561415731907
1,4096,200,0.010848922654986382
1,4096,201,0.011059473268687725
1,4096,202,0.011079153046011925
1,4096,203,0.011577729135751724
1,4096,204,0.011125906370580196
1,4096,205,0.011079022660851479
1,4096,206,0.010918138548731804
1,4096,207,0.011331792920827866
1,4096,208,0.01113914418965578
1,4096,209,0.010968723334372044
1,4096,210,0.010818084701895714
1,4096,211,0.011312196962535381
1,4096,212,0.011241826228797436
1,4096,213,0.011334110982716084
1,4096,214,0.01125870831310749
1,4096,215,0.01109089981764555
1,4096,216,0.010926435701549053
1,4096,217,0.011129598133265972
1,4096,218,0.010862941853702068
1,4096,219,0.011032665148377419
1,4096,220,0.011298335157334805
1,4096,221,0.010908808559179306
1,4096,222,0.011253205128014088
1,4096,223,0.011392003856599331
1,4096,224,0.010906988754868507
1,4096,225,0.011159751564264297
1,4096,226,0.011300761252641678
1,4096,227,0.010917599312961102
1,4096,228,0.0109334047883749
1,4096,229,0.011052769608795643
1,4096,230,0.011282351799309254
1,4096,231,0.010978668928146362
1,4096,232,0.011267377063632011
1,4096,233,0.010981698520481586
1,4096,234,0.011025328189134598
1,4096,235,0.011155289597809315
1,4096,236,0.011537060141563416
1,4096,237,0.0108924126252532
1,4096,238,0.011283455416560173
1,4096,239,0.010887161828577518
1,4096,240,0.011737088672816753
1,4096,241,0.010641474276781082
1,4096,242,0.01102017518132925
1,4096,243,0.011132653802633286
1,4096,244,0.01124810241162777
1,4096,245,0.011035590432584286
1,4096,246,0.011070550419390202
1,4096,247,0.010988440364599228
1,4096,248,0.01132154930382967
1,4096,249,0.011340955272316933
1,4096,250,0.011133892461657524
1,4096,251,0.010787295177578926
1,4096,252,0.011325972154736519
1,4096,253,0.011195373721420765
1,4096,254,0.010875280946493149
1,4096,255,0.011179563589394093
2,64,4,0.010996722616255283
2,64,5,0.010692655108869076
2,64,6,0.010804734192788601
2,64,7,0.01084726070985198
2,64,8,0.010703232139348984
2,64,9,0.011026983615010977
2,64,10,0.01113722613081336
2,64,11,0.010925084818154573
2,64,12,0.010791982524096966
2,64,13,0.01098624849691987
2,64,14,0.010856878943741322
2,64,15,0.010677534621208906
2,64,16,0.010819260030984879
2,64,17,0.010946993250399828
2,64,18,0.01112916087731719
2,64,19,0.011116978246718645
2,64,20,0.01072987588122487
2,64,21,0.010637266095727682
2,64,22,0.010972448624670506
2,64,23,0.01089197350665927
2,64,24,0.010658067185431719
2,64,25,0.010685610119253397
2,64,26,0.011046754661947489
2,64,27,0.010943732224404812
2,64,28,0.010862327180802822
2,64,29,0.010911767836660147
2,64,30,0.010647106915712357
2,64,31,0.010897514875978231
2,64,32,0.010872674640268087
2,64,33,0.010704949498176575
2,64,34,0.010727791115641594
2,64,35,0.010876219719648361
2,64,36,0.01102050207555294
2,64,37,0.011024412233382463
2,64,38,0.010843703523278236
2,64,39,0.010840498376637697
2,64,40,0.0109649826772511
2,64,41,0.010732430499047041
2,64,42,0.010669505223631859
2,64,43,0.01091702375560999
2,64,44,0.010874899104237556
2,64,45,0.010725829284638166
2,64,46,0.010987193323671818
2,64,47,0.010873681399971247
2,64,48,0.010905279777944088
2,64,49,0.01100172195583582
2,64,50,0.010782982222735882
2,64,51,0.010625874623656273
2,64,52,0.010800946038216352
2,64,53,0.01088646613061428
2,64,54,0.010810062289237976
2,64,55,0.010885908268392086
2,64,56,0.010752213187515736
2,64,57,0.010791098233312368
2,64,58,0.011000907979905605
2,64,59,0.011015353258699179
2,64,60,0.010762193705886602
2,64,61,0.010747349355369806
2,64,62,0.010806533973664045
2,64,63,0.010807476472109556
2,64,64,0.010831974912434816
2,64,65,0.011019209865480661
2,64,66,0.010983672924339771
2,64,67,0.010886355768889189
2,64,68,0.010938324965536594
2,64,69,0.010929923970252275
2,64,70,0.010974881704896688
2,64,71,0.011019818484783173
2,64,72,0.010860369075089693
2,64,73,0.010843420401215553
2,64,74,0.010893670842051506
2,64,75,0.010888001881539822
2,64,76,0.011024561244994402
2,64,77,0.010969393886625767
2,64,78,0.010915001854300499
2,64,79,0.010895061772316694
2,64,80,0.010802585631608963
2,64,81,0.010887388605624437
2,64,82,0.011153349187225103
2,64,83,0.011058140080422163
2,64,84,0.011060019489377737
2,64,85,0.010844697244465351
2,64,86,0.010772726964205503
2,64,87,0.01086895726621151
2,64,88,0.01076005632057786
2,64,89,0.010953506920486689
2,64,90,0.010948941577225924
2,64,91,0.010865637566894293
2,64,92,0.010830202605575323
2,64,93,0.010895878076553345
2,64,94,0.01124102808535099
2,64,95,0.011051828972995281
2,64,96,0.010706823319196701
2,64,97,0.010894562117755413
2,64,98,0.010921042878180742
2,64,99,0.010892060119658709
2,64,100,0.010855726897716522
2,64,101,0.010920777451246977
2,64,102,0.01099658478051424
2,64,103,0.010933681391179562
2,64,104,0.010827860794961452
2,64,105,0.011034585069864988
2,64,106,0.011071667540818453
2,64,107,0.010770324151962996
2,64,108,0.01087510073557496
2,64,109,0.010976397432386875
2,64,110,0.010959196370095015
2,64,111,0.010927481576800346
2,64,112,0.010910804849117994
2,64,113,0.010924764443188906
2,64,114,0.01094439858570695
2,64,115,0.010810445994138718
2,64,116,0.010869363322854042
2,64,117,0.011032684240490198
2,64,118,0.011114127933979034
2,64,119,0.01093763206154108
2,64,120,0.010778218507766724
2,64,121,0.01099105691537261
2,64,122,0.01099016610532999
2,64,123,0.0108809694647789
2,64,124,0.010880328249186277
2,64,125,0.010902449022978544
2,64,126,0.010877618566155434
2,64,127,0.010917840991169214
2,64,128,0.01107872324064374
2,64,129,0.010971592273563147
2,64,130,0.010835295543074608
2,64,131,0.010969024617224932
2,64,132,0.010904079303145409
2,64,133,0.01079149404540658
2,64,134,0.010918111074715853
2,64,135,0.011001918464899063
2,64,136,0.010868980549275875
2,64,137,0.010954833123832941
2,64,138,0.010936164762824774
2,64,139,0.010900979395955801
2,64,140,0.011310157366096973
2,64,141,0.010953138116747141
2,64,142,0.010627234820276499
2,64,143,0.010854063555598259
2,64,144,0.010891682002693415
2,64,145,0.011007278691977262
2,64,146,0.010996294673532248
2,64,147,0.010934309102594852
2,64,148,0.010904272552579641
2,64,149,0.011056911665946245
2,64,150,0.011022101622074842
2,64,151,0.010940613225102425
2,64,152,0.010859949979931116
2,64,153,0.01081335823982954
2,64,154,0.01088043162599206
2,64,155,0.010894365143030882
2,64,156,0.0109452148899436
2,64,157,0.010894000995904207
2,64,158,0.010968297254294157
2,64,159,0.011010096874088049
2,64,160,0.010909173171967268
2,64,161,0.010868302546441555
2,64,162,0.011127162724733353
2,64,163,0.011010363698005676
2,64,164,0.010723031591624022
2,64,165,0.01091807335615158
2,64,166,0.010882694274187088
2,64,167,0.01089405594393611
2,64,168,0.010919066146016121
2,64,169,0.010959663894027472
2,64,170,0.01104824710637331
2,64,171,0.011051880195736885
2,64,172,0.01093398267403245
2,64,173,0.01079457439482212
2,64,174,0.010817277245223522
2,64,175,0.010909342672675848
2,64,176,0.010960448533296585
2,64,177,0.011194468941539526
2,64,178,0.01110907131806016
2,64,179,0.010804746299982071
2,64,180,0.010853013023734093
2,64,181,0.01099142711609602
2,64,182,0.010820380877703428
2,64,183,0.010858706198632717
2,64,184,0.011009291745722294
2,64,185,0.010939671192318201
2,64,186,0.011124299839138985
2,64,187,0.010971443727612495
2,64,188,0.010715508833527565
2,64,189,0.010800595860928297
2,64,190,0.010903140529990196
2,64,191,0.010889644734561443
2,64,192,0.01089815516024828
2,64,193,0.01093754032626748
2,64,194,0.010950335767120123
2,64,195,0.01102774916216731
2,64,196,0.011111672967672348
2,64,197,0.011008674278855324
2,64,198,0.01088707149028778
2,64,199,0.010827341582626104
2,64,200,0.01085573434829712
2,64,201,0.01083380589261651
2,64,202,0.011025340761989355
2,64,203,0.011055675335228443
2,64,204,0.010935152415186167
2,64,205,0.010945605579763651
2,64,206,0.010885737370699644
2,64,207,0.010997483972460032
2,64,208,0.011155633721500635
2,64,209,0.01096520060673356
2,64,210,0.01076602516695857
2,64,211,0.010815775487571955
2,64,212,0.010918379295617342
2,64,213,0.010981941595673561
2,64,214,0.011112948879599571
2,64,215,0.010842422023415565
2,64,216,0.010744818951934576
2,64,217,0.01088700769469142
2,64,218,0.010958448518067598
2,64,219,0.011155883315950632
2,64,220,0.011061728466302156
2,64,221,0.0107883857563138
2,64,222,0.010859057307243347
2,64,223,0.011157681234180927
2,64,224,0.011118775233626366
2,64,225,0.01091328077018261
2,64,226,0.010851659812033176
2,64,227,0.01089315302670002
2,64,228,0.011001014150679111
2,64,229,0.010868836659938097
2,64,230,0.010844883974641562
2,64,231,0.011066769249737263
2,64,232,0.010940243024379015
2,64,233,0.010951757431030273
2,64,234,0.01085652969777584
2,64,235,0.010862917173653841
2,64,236,0.011083015240728855
2,64,237,0.010721980594098568
2,64,238,0.010721420869231224
2,64,239,0.011045070365071297
2,64,240,0.011101796757429838
2,64,241,0.01093687117099762
2,64,242,0.011059932876378298
2,64,243,0.01096457988023758
2,64,244,0.010792953427881002
2,64,245,0.010946499649435282
2,64,246,0.010959332343190908
2,64,247,0.011022298131138086
2,64,248,0.010785599704831839
2,64,249,0.010815477930009365
2,64,250,0.011040119919925928
2,64,251,0.010989758651703596
2,64,252,0.010930032934993505
2,64,253,0.01087144110351801
2,64,254,0.011319494340568781
2,64,255,0.010861298069357872
2,256,4,0.011101983021944761
2,256,5,0.010979021433740854
2,256,6,0.011012278031557798
2,256,7,0.010965986177325249
2,256,8,0.011085940524935722
2,256,9,0.011039090808480978
2,256,10,0.011077877134084702
2,256,11,0.011097763199359179
2,256,12,0.01098175160586834
2,256,13,0.011054135859012604
2,256,14,0.010855928529053926
2,256,15,0.010889670345932245
2,256,16,0.010992478113621473
2,256,17,0.010977332014590502
2,256,18,0.01089149247854948
2,256,19,0.010970884468406439
2,256,20,0.010903265327215195
2,256,21,0.01070331409573555
2,256,22,0.011180545669049025
2,256,23,0.011134927161037922
2,256,24,0.010719541925936937
2,256,25,0.010917237028479576
2,256,26,0.010916638188064098
2,256,27,0.010857169516384602
2,256,28,0.011148335877805948
2,256,29,0.011056251358240843
2,256,30,0.010732144583016634
2,256,31,0.01100133080035448
2,256,32,0.011157519649714231
2,256,33,0.010784576181322336
2,256,34,0.010815856046974659
2,256,35,0.010988504625856876
2,256,36,0.010884974617511034
2,256,37,0.0108882668428123
2,256,38,0.011030064430087805
2,256,39,0.01085628941655159
2,256,40,0.010843395721167326
2,256,41,0.010947362054139376
2,256,42,0.010898809414356947
2,256,43,0.011138776317238808
2,256,44,0.011072812601923943
2,256,45,0.010753606911748648
2,256,46,0.01100450661033392
2,256,47,0.011082985438406467
2,256,48,0.010879098903387785
2,256,49,0.010884020011872053
2,256,50,0.011018738150596619
2,256,51,0.010894288308918476
2,256,52,0.010701976716518402
2,256,53,0.011009793728590012
2,256,54,0.010922899935394526
2,256,55,0.010838328395038843
2,256,56,0.010939834173768759
2,256,57,0.010874322149902582
2,256,58,0.01097814692184329
2,256,59,0.011014852207154036
2,256,60,0.010949076618999243
2,256,61,0.010846290737390518
2,256,62,0.010986804962158203
2,256,63,0.010977017693221569
2,256,64,0.010948785115033388
2,256,65,0.010952165350317955
2,256,66,0.010801494587212801
2,256,67,0.010881668888032436
2,256,68,0.011030646972358227
2,256,69,0.010987494606524706
2,256,70,0.010865754913538694
2,256,71,0.010842084884643555
2,256,72,0.010906324721872807
2,256,73,0.010968757793307304
2,256,74,0.011059905402362347
2,256,75,0.010974992997944355
2,256,76,0.010862700641155243
2,256,77,0.01100557902827859
2,256,78,0.011037987656891346
2,256,79,0.010911045596003532
2,256,80,0.010892688762396574
2,256,81,0.010926795657724142
2,256,82,0.011011945083737373
2,256,83,0.010936752427369356
2,256,84,0.010869104415178299
2,256,85,0.01086572976782918
2,256,86,0.011029801331460476
2,256,87,0.011066929437220097
2,256,88,0.010878846514970064
2,256,89,0.010869020596146584
2,256,90,0.010836423374712467
2,256,91,0.011035004630684853
2,256,92,0.010999928694218397
2,256,93,0.010819703340530396
2,256,94,0.01088805217295885
2,256,95,0.010891351848840714
2,256,96,0.011148783378303051
2,256,97,0.011018067132681608
2,256,98,0.010820486582815647
2,256,99,0.010882920119911432
2,256,100,0.010835041757673025
2,256,101,0.011167815420776606
2,256,102,0.011152827646583319
2,256,103,0.010854857042431831
2,256,104,0.010750045534223318
2,256,105,0.011013488285243511
2,256,106,0.011016257107257843
2,256,107,0.010712247341871262
2,256,108,0.010831769555807114
2,256,109,0.011068426538258791
2,256,110,0.011081407312303782
2,256,111,0.01094492431730032
2,256,112,0.01094860304147005
2,256,113,0.010792088229209185
2,256,114,0.010815641842782497
2,256,115,0.011002621613442898
2,256,116,0.011053992435336113
2,256,117,0.011092642787843943
2,256,118,0.010941969230771065
2,256,119,0.011009854730218649
2,256,120,0.010954363737255335
2,256,121,0.010763338301330805
2,256,122,0.010770984925329685
2,256,123,0.011024008970707655
2,256,124,0.010977108031511307
2,256,125,0.01077560754492879
2,256,126,0.01111224154010415
2,256,127,0.011110378429293633
2,256,128,0.011050663888454437
2,256,129,0.010812976863235235
2,256,130,0.010809375904500484
2,256,131,0.010996118653565645
2,256,132,0.010803207289427519
2,256,133,0.010837540961802006
2,256,134,0.011204065755009651
2,256,135,0.011158348992466927
2,256,136,0.010812131687998772
2,256,137,0.01087907375767827
2,256,138,0.010893992614001036
2,256,139,0.01122593367472291
2,256,140,0.011004370171576738
2,256,141,0.01055114483460784
2,256,142,0.010809128638356924
2,256,143,0.010904915630817413
2,256,144,0.010887301061302423
2,256,145,0.010885311756283045
2,256,146,0.010918771382421255
2,256,147,0.010928566101938486
2,256,148,0.010986307635903358
2,256,149,0.01097600907087326
2,256,150,0.010866942349821329
2,256,151,0.011166166048496962
2,256,152,0.011087702121585608
2,256,153,0.01105990819633007
2,256,154,0.010996839497238398
2,256,155,0.010663951747119427
2,256,156,0.01088294479995966
2,256,157,0.01110142283141613
2,256,158,0.010978112928569317
2,256,159,0.010752466972917318
2,256,160,0.01093846932053566
2,256,161,0.011064491234719753
2,256,162,0.010826650075614452
2,256,163,0.010926313232630491
2,256,164,0.011120798531919718
2,256,165,0.010984521824866533
2,256,166,0.010916625149548054
2,256,167,0.010767246596515179
2,256,168,0.010762080550193787
2,256,169,0.010916112922132015
2,256,170,0.010939684230834246
2,256,171,0.011122353374958038
2,256,172,0.011087044607847929
2,256,173,0.010838078800588846
2,256,174,0.01098833093419671
2,256,175,0.011020437348634005
2,256,176,0.01092572184279561
2,256,177,0.010859799571335316
2,256,178,0.01081378711387515
2,256,179,0.010933435522019863
2,256,180,0.01108160987496376
2,256,181,0.01098523661494255
2,256,182,0.010938411578536034
2,256,183,0.011070611886680126
2,256,184,0.010886782314628363
2,256,185,0.010721447877585888
2,256,186,0.010834417771548033
2,256,187,0.010893770959228277
2,256,188,0.01086777402088046
2,256,189,0.01090053515508771
2,256,190,0.011052240617573261
2,256,191,0.010970340110361576
2,256,192,0.010795185808092356
2,256,193,0.011189509648829699
2,256,194,0.011078201234340668
2,256,195,0.010836722329258919
2,256,196,0.010856240522116423
2,256,197,0.010900875553488731
2,256,198,0.011127218138426542
2,256,199,0.011011287104338408
2,256,200,0.010756445117294788
2,256,201,0.01077938498929143
2,256,202,0.010959549341350794
2,256,203,0.010886023286730051
2,256,204,0.010926911607384682
2,256,205,0.010928642004728317
2,256,206,0.010847423691302538
2,256,207,0.01101819658651948
2,256,208,0.010975027456879616
2,256,209,0.010901650413870811
2,256,210,0.010980112478137016
2,256,211,0.010946606285870075
2,256,212,0.010919441003352404
2,256,213,0.010918030049651861
2,256,214,0.01100446516647935
2,256,215,0.010942282155156136
2,256,216,0.010816068854182959
2,256,217,0.010899955872446299
2,256,218,0.010932520497590303
2,256,219,0.01103114616125822
2,256,220,0.01095922663807869
2,256,221,0.011042354628443718
2,256,222,0.010920177213847637
2,256,223,0.010823434218764305
2,256,224,0.010952734854072332
2,256,225,0.010934252757579088
2,256,226,0.010940644890069962
2,256,227,0.010885816067457199
2,256,228,0.011011607013642788
2,256,229,0.010971173644065857
2,256,230,0.010855592787265778
2,256,231,0.010902421548962593
2,256,232,0.010968563612550497
2,256,233,0.010984293650835752
2,256,234,0.010919464286416769
2,256,235,0.01087165530771017
2,256,236,0.011057966388761997
2,256,237,0.010978366248309612
2,256,238,0.010863692499697208
2,256,239,0.010953461285680532
2,256,240,0.010888020042330027
2,256,241,0.010951238218694925
2,256,242,0.011006494518369436
2,256,243,0.010876404121518135
2,256,244,0.01130658108741045
2,256,245,0.010922042652964592
2,256,246,0.010543087497353554
2,256,247,0.010976347140967846
2,256,248,0.010971558280289173
2,256,249,0.010944935493171215
2,256,250,0.010925001930445433
2,256,251,0.011011518072336912
2,256,252,0.010949959512799978
2,256,253,0.010910016484558582
2,256,254,0.0110249905847013
2,256,255,0.010915422812104225
2,1024,4,0.011050200089812279
2,1024,5,0.011042470578104258
2,1024,6,0.011042468249797821
2,1024,7,0.011046487838029861
2,1024,8,0.011019286699593067
2,1024,9,0.011024802923202515
2,1024,10,0.011062698904424906
2,1024,11,0.010990931186825037
2,1024,12,0.011055386159569025
2,1024,13,0.011019206140190363
2,1024,14,0.010938575025647879
2,1024,15,0.010893975384533405
2,1024,16,0.010940214153379202
2,1024,17,0.011009784415364265
2,1024,18,0.011022294871509075
2,1024,19,0.011048390995711088
2,1024,20,0.011006585322320461
2,1024,21,0.01095907622948289
2,1024,22,0.011028412263840437
2,1024,23,0.01093412609770894
2,1024,24,0.01093514310196042
2,1024,25,0.011042936239391565
2,1024,26,0.011008355300873518
2,1024,27,0.01100139832124114
2,1024,28,0.010988559573888779
2,1024,29,0.010942159220576286
2,1024,30,0.011029933579266071
2,1024,31,0.01096459198743105
2,1024,32,0.010999801103025675
2,1024,33,0.011080098804086447
2,1024,34,0.010934838093817234
2,1024,35,0.010931954719126225
2,1024,36,0.011046947445720434
2,1024,37,0.010950739029794931
2,1024,38,0.010942137334495783
2,1024,39,0.011061486322432756
2,1024,40,0.010861307382583618
2,1024,41,0.01093083806335926
2,1024,42,0.010979892686009407
2,1024,43,0.011017490178346634
2,1024,44,0.010971175972372293
2,1024,45,0.010899963323026896
2,1024,46,0.01100862119346857
2,1024,47,0.010992957279086113
2,1024,48,0.010998751036822796
2,1024,49,0.011051977053284645
2,1024,50,0.011008355300873518
2,1024,51,0.011006730608642101
2,1024,52,0.010969003662467003
2,1024,53,0.010869134217500687
2,1024,54,0.010953824035823345
2,1024,55,0.011027476284652948
2,1024,56,0.010996745433658361
2,1024,57,0.010976653080433607
2,1024,58,0.011085241567343473
2,1024,59,0.01105720829218626
2,1024,60,0.011004423256963491
2,1024,61,0.010998915880918503
2,1024,62,0.01091592526063323
2,1024,63,0.010928462259471416
2,1024,64,0.010974524542689323
2,1024,65,0.011246638372540474
2,1024,66,0.010990249458700418
2,1024,67,0.010766627732664347
2,1024,68,0.011037159245461226
2,1024,69,0.010990522801876068
2,1024,70,0.01093802833929658
2,1024,71,0.010932947043329477
2,1024,72,0.0110247153788805
2,1024,73,0.011083068791776896
2,1024,74,0.011022783350199461
2,1024,75,0.010916460771113634
2,1024,76,0.011011699680238962
2,1024,77,0.01098555326461792
2,1024,78,0.011007279623299837
2,1024,79,0.010994376614689827
2,1024,80,0.011037403717637062
2,1024,81,0.011126716155558825
2,1024,82,0.01107726152986288
2,1024,83,0.011003968771547079
2,1024,84,0.010878716129809618
2,1024,85,0.01098145404830575
2,1024,86,0.01101113623008132
2,1024,87,0.01106726611033082
2,1024,88,0.0108594442717731
2,1024,89,0.01084205973893404
2,1024,90,0.011126706376671791
2,1024,91,0.011078850831836462
2,1024,92,0.011065507307648659
2,1024,93,0.011172985192388296
2,1024,94,0.010916514787822962
2,1024,95,0.010885675437748432
2,1024,96,0.011169050820171833
2,1024,97,0.010893156751990318
2,1024,98,0.010832051280885935
2,1024,99,0.01107658352702856
2,1024,100,0.011066158767789602
2,1024,101,0.010994250420480967
2,1024,102,0.010992853436619043
2,1024,103,0.01098639890551567
2,1024,104,0.011023323982954025
2,1024,105,0.011101938784122467
2,1024,106,0.010795789770781994
2,1024,107,0.010762922465801239
2,1024,108,0.011077048256993294
2,1024,109,0.01115802163258195
2,1024,110,0.010931627824902534
2,1024,111,0.011050169821828604
2,1024,112,0.011121833696961403
2,1024,113,0.011003878898918629
2,1024,114,0.011048872489482164
2,1024,115,0.010873675812035799
2,1024,116,0.010773915331810713
2,1024,117,0.011071621906012297
2,1024,118,0.011155391111969948
2,1024,119,0.01098239654675126
2,1024,120,0.0110578709281981
2,1024,121,0.01101699285209179
2,1024,122,0.010976450052112341
2,1024,123,0.010973784141242504
2,1024,124,0.01098281191661954
2,1024,125,0.010859331581741571
2,1024,126,0.010961236897855997
2,1024,127,0.011169579345732927
2,1024,128,0.011012846138328314
2,1024,129,0.011039098259061575
2,1024,130,0.01102082384750247
2,1024,131,0.011067117098718882
2,1024,132,0.011156856082379818
2,1024,133,0.010884535033255816
2,1024,134,0.0107295336201787
2,1024,135,0.011264462489634752
2,1024,136,0.011174550279974937
2,1024,137,0.010748554486781359
2,1024,138,0.010888258460909128
2,1024,139,0.011115515138953924
2,1024,140,0.011103221680969
2,1024,141,0.011114312335848808
2,1024,142,0.011088156141340733
2,1024,143,0.010848472360521555
2,1024,144,0.011026771739125252
2,1024,145,0.01120637496933341
2,1024,146,0.01113193528726697
2,1024,147,0.011033516377210617
2,1024,148,0.010956775397062302
2,1024,149,0.011003453750163317
2,1024,150,0.011044431012123823
2,1024,151,0.011043688282370567
2,1024,152,0.01108160987496376
2,1024,153,0.010869822930544615
2,1024,154,0.010812713764607906
2,1024,155,0.010973877739161253
2,1024,156,0.011184014845639467
2,1024,157,0.011213242541998625
2,1024,158,0.011183067690581083
2,1024,159,0.01110356766730547
2,1024,160,0.010922996792942286
2,1024,161,0.010875700041651726
2,1024,162,0.010905352886766195
2,1024,163,0.01110296044498682
2,1024,164,0.011165004689246416
2,1024,165,0.011091828811913729
2,1024,166,0.011047996114939451
2,1024,167,0.011012901552021503
2,1024,168,0.011030543595552444
2,1024,169,0.010925962589681149
2,1024,170,0.010961913969367743
2,1024,171,0.010947228875011206
2,1024,172,0.011041996534913778
2,1024,173,0.011112943291664124
2,1024,174,0.011071897111833096
2,1024,175,0.011096024420112371
2,1024,176,0.010943680070340633
2,1024,177,0.011090191546827555
2,1024,178,0.011147113516926765
2,1024,179,0.010914725251495838
2,1024,180,0.010803023353219032
2,1024,181,0.011075605172663927
2,1024,182,0.011260994710028172
2,1024,183,0.011013815179467201
2,1024,184,0.010938336607068777
2,1024,185,0.011019985657185316
2,1024,186,0.011051975656300783
2,1024,187,0.011031662579625845
2,1024,188,0.010908989701420069
2,1024,189,0.010887783952057362
2,1024,190,0.011124324053525925
2,1024,191,0.011157514061778784
2,1024,192,0.011074026580899954
2,1024,193,0.011105298530310392
2,1024,194,0.010980615392327309
2,1024,195,0.011008961591869593
2,1024,196,0.011120050214231014
2,1024,197,0.010826095473021269
2,1024,198,0.010773394722491503
2,1024,199,0.01098069129511714
2,1024,200,0.01109191169962287
2,1024,201,0.01103138504549861
2,1024,202,0.011153463739901781
2,1024,203,0.011264574248343706
2,1024,204,0.011029812507331371
2,1024,205,0.011038773227483034
2,1024,206,0.010884322691708803
2,1024,207,0.010980773717164993
2,1024,208,0.011040146462619305
2,1024,209,0.010919840540736914
2,1024,210,0.011162914801388979
2,1024,211,0.011122643481940031
2,1024,212,0.011046194471418858
2,1024,213,0.010968605056405067
2,1024,214,0.011065204627811909
2,1024,215,0.010909358970820904
2,1024,216,0.010996696539223194
2,1024,217,0.011122185736894608
2,1024,218,0.011068884748965502
2,1024,219,0.011131415609270334
2,1024,220,0.011108843144029379
2,1024,221,0.011114288121461868
2,1024,222,0.010876276064664125
2,1024,223,0.010904776398092508
2,1024,224,0.010947566479444504
2,1024,225,0.011127373669296503
2,1024,226,0.011036149691790342
2,1024,227,0.010995165910571814
2,1024,228,0.01119454437866807
2,1024,229,0.010929731652140617
2,1024,230,0.010872914921492338
2,1024,231,0.011151613667607307
2,1024,232,0.011120570357888937
2,1024,233,0.01086841244250536
2,1024,234,0.010997031815350056
2,1024,235,0.011036258190870285
2,1024,236,0.010949062649160624
2,1024,237,0.01105268718674779
2,1024,238,0.01102116983383894
2,1024,239,0.011108849197626114
2,1024,240,0.011181348469108343
2,1024,241,0.01116924686357379
2,1024,242,0.010926594492048025
2,1024,243,0.010881549213081598
2,1024,244,0.011020997539162636
2,1024,245,0.010927724186331034
2,1024,246,0.010981615167111158
2,1024,247,0.011051416862756014
2,1024,248,0.011189961805939674
2,1024,249,0.011276850476861
2,1024,250,0.011102810502052307
2,1024,251,0.010837365873157978
2,1024,252,0.01094186445698142
2,1024,253,0.01100991340354085
2,1024,254,0.011050590313971043
2,1024,255,0.010995190590620041
2,4096,4,0.010461221914738417
2,4096,5,0.011425033211708069
2,4096,6,0.011361067183315754
2,4096,7,0.011531589552760124
2,4096,8,0.01109836669638753
2,4096,9,0.011566460132598877
2,4096,10,0.011163352988660336
2,4096,11,0.011195931117981672
2,4096,12,0.011480222456157207
2,4096,13,0.011733359191566706
2,4096,14,0.01081713754683733
2,4096,15,0.011157242115586996
2,4096,16,0.011941288597881794
2,4096,17,0.01081449817866087
2,4096,18,0.011202368419617414
2,4096,19,0.011311316397041082
2,4096,20,0.011288588866591454
2,4096,21,0.011278655845671892
2,4096,22,0.011373590212315321
2,4096,23,0.011265482287853956
2,4096,24,0.01124714594334364
2,4096,25,0.011323563288897276
2,4096,26,0.011274315416812897
2,4096,27,0.011483555193990469
2,4096,28,0.011227623093873262
2,4096,29,0.011290788184851408
2,4096,30,0.011478979140520096
2,4096,31,0.01120272558182478
2,4096,32,0.011269848328083754
2,4096,33,0.011357077863067389
2,4096,34,0.011099117808043957
2,4096,35,0.01125838840380311
2,4096,36,0.011614565271884203
2,4096,37,0.011109734885394573
2,4096,38,0.011189753655344248
2,4096,39,0.01152359088882804
2,4096,40,0.01117680873721838
2,4096,41,0.01120876893401146
2,4096,42,0.011630403809249401
2,4096,43,0.011096414178609848
2,4096,44,0.01118525117635727
2,4096,45,0.011609951965510845
2,4096,46,0.011149001307785511
2,4096,47,0.011276570614427328
2,4096,48,0.011331477668136358
2,4096,49,0.011364963371306658
2,4096,50,0.011173611972481012
2,4096,51,0.011404479388147593
2,4096,52,0.011426827870309353
2,4096,53,0.010954569093883038
2,4096,54,0.011595146264880896
2,4096,55,0.011346394661813974
2,4096,56,0.011098918039351702
2,4096,57,0.011491808108985424
2,4096,58,0.011259415652602911
2,4096,59,0.011165464296936989
2,4096,60,0.011346722487360239
2,4096,61,0.01133581530302763
2,4096,62,0.011154704727232456
2,4096,63,0.011435712687671185
2,4096,64,0.011285933200269938
2,4096,65,0.011316231451928616
2,4096,66,0.011363718658685684
2,4096,67,0.011186822317540646
2,4096,68,0.01124879764392972
2,4096,69,0.011298120487481356
2,4096,70,0.01121698971837759
2,4096,71,0.011228398885577917
2,4096,72,0.011491689831018448
2,4096,73,0.011196229606866837
2,4096,74,0.011352293659001589
2,4096,75,0.011501573491841555
2,4096,76,0.011237200815230608
2,4096,77,0.011166600044816732
2,4096,78,0.011438153684139252
2,4096,79,0.011302921455353498
2,4096,80,0.011046447325497866
2,4096,81,0.011560888029634953
2,4096,82,0.01128538092598319
2,4096,83,0.011082998011261225
2,4096,84,0.011403260286897421
2,4096,85,0.011430541053414345
2,4096,86,0.011066966224461794
2,4096,87,0.011457949411123991
2,4096,88,0.011288809590041637
2,4096,89,0.011137177236378193
2,4096,90,0.01153457397595048
2,4096,91,0.01111894566565752
2,4096,92,0.01137660350650549
2,4096,93,0.011360250413417816
2,4096,94,0.011189298704266548
2,4096,95,0.011508286464959383
2,4096,96,0.011350405868142843
2,4096,97,0.011098284274339676
2,4096,98,0.011380378156900406
2,4096,99,0.011282999999821186
2,4096,100,0.011309015098959208
2,4096,101,0.01131439721211791
2,4096,102,0.01125634042546153
2,4096,103,0.011316909920424223
2,4096,104,0.011373667977750301
2,4096,105,0.011420073453336954
2,4096,106,0.01106099970638752
2,4096,107,0.01130865328013897
2,4096,108,0.011583191342651844
2,4096,109,0.011155975982546806
2,4096,110,0.011284776497632265
2,4096,111,0.011466266587376595
2,4096,112,0.011208567768335342
2,4096,113,0.01153130130842328
2,4096,114,0.011180681642144918
2,4096,115,0.011194606777280569
2,4096,116,0.011432898696511984
2,4096,117,0.011305120307952166
2,4096,118,0.011358583346009254
2,4096,119,0.01275462657213211
2,4096,120,0.01157129043713212
2,4096,121,0.009692783933132887
2,4096,122,0.012717846781015396
2,4096,123,0.011341683100908995
2,4096,124,0.009637334384024143
2,4096,125,0.011271851602941751
2,4096,126,0.011185636278241873
2,4096,127,0.011291442438960075
2,4096,128,0.011342388112097979
2,4096,129,0.011426661629229784
2,4096,130,0.011265840381383896
2,4096,131,0.011309557128697634
2,4096,132,0.011319625657051802
2,4096,133,0.011329136788845062
2,4096,134,0.011314194649457932
2,4096,135,0.01129692466929555
2,4096,136,0.011300845071673393
2,4096,137,0.011329626198858023
2,4096,138,0.011382125318050385
2,4096,139,0.011161631904542446
2,4096,140,0.011526728980243206
2,4096,141,0.011308811139315367
2,4096,142,0.011110274121165276
2,4096,143,0.011486574076116085
2,4096,144,0.01129683805629611
2,4096,145,0.011280972976237535
2,4096,146,0.011293977033346891
2,4096,147,0.01133005553856492
2,4096,148,0.011396622285246849
2,4096,149,0.011239361017942429
2,4096,150,0.0113506312482059
2,4096,151,0.011294603813439608
2,4096,152,0.011268841102719307
2,4096,153,0.01129364874213934
2,4096,154,0.011314323171973228
2,4096,155,0.011423020623624325
2,4096,156,0.011227455921471119
2,4096,157,0.011343071237206459
2,4096,158,0.011360931675881147
2,4096,159,0.011319263838231564
2,4096,160,0.011270604096353054
2,4096,161,0.011293814517557621
2,4096,162,0.011404355522245169
2,4096,163,0.011247399263083935
2,4096,164,0.011556467972695827
2,4096,165,0.0110337408259511
2,4096,166,0.011332843452692032
2,4096,167,0.011598090641200542
2,4096,168,0.011027046013623476
2,4096,169,0.011288206093013287
2,4096,170,0.0115439691580832
2,4096,171,0.011346917133778334
2,4096,172,0.011236947495490313
2,4096,173,0.011374831665307283
2,4096,174,0.011316797696053982
2,4096,175,0.01155201904475689
2,4096,176,0.011089437175542116
2,4096,177,0.011085745878517628
2,4096,178,0.011648607905954123
2,4096,179,0.011315018404275179
2,4096,180,0.011041686870157719
2,4096,181,0.011417929083108902
2,4096,182,0.011393246706575155
2,4096,183,0.011228153016418219
2,4096,184,0.011327739339321852
2,4096,185,0.01135070575401187
2,4096,186,0.011280832346528769
2,4096,187,0.01120689744129777
2,4096,188,0.011400143150240183
2,4096,189,0.011323337908834219
2,4096,190,0.011230808682739735
2,4096,191,0.011376495938748121
2,4096,192,0.011185273993760347
2,4096,193,0.0113727618008852
2,4096,194,0.011421853210777044
2,4096,195,0.01123081985861063
2,4096,196,0.011278053279966116
2,4096,197,0.011392633430659771
2,4096,198,0.011461406480520964
2,4096,199,0.011215751990675926
2,4096,200,0.011184991803020239
2,4096,201,0.011472331825643778
2,4096,202,0.011441311798989773
2,4096,203,0.0110910190269351
2,4096,204,0.011347309686243534
2,4096,205,0.011425178032368422
2,4096,206,0.011125878430902958
2,4096,207,0.011456412263214588
2,4096,208,0.011215287260711193
2,4096,209,0.011229573749005795
2,4096,210,0.01143075991421938
2,4096,211,0.011227519251406193
2,4096,212,0.011394065339118242
2,4096,213,0.011384159792214632
2,4096,214,0.011125328484922647
2,4096,215,0.011484254151582718
2,4096,216,0.01157546928152442
2,4096,217,0.01104678213596344
2,4096,218,0.011280147358775139
2,4096,219,0.011516598984599113
2,4096,220,0.011379507835954428
2,4096,221,0.010984184686094522
2,4096,222,0.0114842988550663
2,4096,223,0.011515314690768719
2,4096,224,0.011259145103394985
2,4096,225,0.01140618696808815
2,4096,226,0.011217563413083553
2,4096,227,0.011290053371340036
2,4096,228,0.011313317809253931
2,4096,229,0.011225899681448936
2,4096,230,0.011225007008761168
2,4096,231,0.011362958699464798
2,4096,232,0.011377473827451468
2,4096,233,0.011410700622946024
2,4096,234,0.011306001339107752
2,4096,235,0.011330361478030682
2,4096,236,0.011362906079739332
2,4096,237,0.01118143554776907
2,4096,238,0.011305529158562422
2,4096,239,0.011373677290976048
2,4096,240,0.011167609132826328
2,4096,241,0.011544597800821066
2,4096,242,0.01115110656246543
2,4096,243,0.011228566523641348
2,4096,244,0.011675163172185421
2,4096,245,0.011136360932141542
2,4096,246,0.01112850196659565
2,4096,247,0.011437193024903536
2,4096,248,0.01138024078682065
2,4096,249,0.011203333735466003
2,4096,250,0.011205405462533236
2,4096,251,0.011433752253651619
2,4096,252,0.011652570217847824
2,4096,253,0.0108196334913373
2,4096,254,0.011247606948018074
2,4096,255,0.011427861172705889
4,64,4,0.010965616907924414
4,64,5,0.01108957501128316
4,64,6,0.010845842771232128
4,64,7,0.010917354375123978
4,64,8,0.011094806715846062
4,64,9,0.010853494983166456
4,64,10,0.011077757459133863
4,64,11,0.011433570180088282
4,64,12,0.010574291925877333
4,64,13,0.0109641975723207
4,64,14,0.011062503792345524
4,64,15,0.011066393926739693
4,64,16,0.01110699214041233
4,64,17,0.010997579898685217
4,64,18,0.010701810475438833
4,64,19,0.011107153724879026
4,64,20,0.010928152594715357
4,64,21,0.010991238988935947
4,64,22,0.011053440626710653
4,64,23,0.011230184696614742
4,64,24,0.010691141244024038
4,64,25,0.010873226914554834
4,64,26,0.011130806524306536
4,64,27,0.01080180099233985
4,64,28,0.011213632766157389
4,64,29,0.01095969183370471
4,64,30,0.010742704849690199
4,64,31,0.01106745470315218
4,64,32,0.010928560514003038
4,64,33,0.010895540472120047
4,64,34,0.010964777320623398
4,64,35,0.010934642050415277
4,64,36,0.010927718132734299
4,64,37,0.010889485012739897
4,64,38,0.011411625891923904
4,64,39,0.010572575032711029
4,64,40,0.011233238968998194
4,64,41,0.010813917964696884
4,64,42,0.010931982658803463
4,64,43,0.01101767085492611
4,64,44,0.010962432250380516
4,64,45,0.011034367140382528
4,64,46,0.011108614969998598
4,64,47,0.010811771266162395
4,64,48,0.01092057814821601
4,64,49,0.011105134151875973
4,64,50,0.010909981559962034
4,64,51,0.010841119103133678
4,64,52,0.01097835972905159
4,64,53,0.011018914636224508
4,64,54,0.010953622404485941
4,64,55,0.010854086838662624
4,64,56,0.011404563207179308
4,64,57,0.010780239012092352
4,64,58,0.01096658268943429
4,64,59,0.010860547423362732
4,64,60,0.011309108696877956
4,64,61,0.01069144019857049
4,64,62,0.010963644832372665
4,64,63,0.01091015012934804
4,64,64,0.010803917422890663
4,64,65,0.011307561304420233
4,64,66,0.01095313997939229
4,64,67,0.010878517292439938
4,64,68,0.011041289661079645
4,64,69,0.011042743921279907
4,64,70,0.011017609853297472
4,64,71,0.01096298499032855
4,64,72,0.011263109277933836
4,64,73,0.010663729626685381
4,64,74,0.011501033324748278
4,64,75,0.010535514913499355
4,64,76,0.011201341636478901
4,64,77,0.010961905587464571
4,64,78,0.011013831943273544
4,64,79,0.010991954244673252
4,64,80,0.011047383770346642
4,64,81,0.01113179512321949
4,64,82,0.010774665512144566
4,64,83,0.011194983497262001
4,64,84,0.010865971446037292
4,64,85,0.010963937267661095
4,64,86,0.011014765594154596
4,64,87,0.011078301351517439
4,64,88,0.010967025998979807
4,64,89,0.011013205628842115
4,64,90,0.011219489388167858
4,64,91,0.01081257639452815
4,64,92,0.01085768174380064
4,64,93,0.01130480831488967
4,64,94,0.010941730346530676
4,64,95,0.011011711787432432
4,64,96,0.011016070377081633
4,64,97,0.010953698307275772
4,64,98,0.010900456923991442
4,64,99,0.011116491630673409
4,64,100,0.010997342877089977
4,64,101,0.011202515568584204
4,64,102,0.010755190625786781
4,64,103,0.011025420855730772
4,64,104,0.011136433575302362
4,64,105,0.010961074847728014
4,64,106,0.011072579771280289
4,64,107,0.010762281250208616
4,64,108,0.011366539634764194
4,64,109,0.011156036518514156
4,64,110,0.010874181985855103
4,64,111,0.011404798366129398
4,64,112,0.01060565048828721
4,64,113,0.010988174472004175
4,64,114,0.010784200392663479
4,64,115,0.010864914860576391
4,64,116,0.011032354086637497
4,64,117,0.011315416544675827
4,64,118,0.011005318723618984
4,64,119,0.010742021258920431
4,64,120,0.011018736753612757
4,64,121,0.011311293579638004
4,64,122,0.011018562130630016
4,64,123,0.010733423288911581
4,64,124,0.011317674536257982
4,64,125,0.010822502430528402
4,64,126,0.010969675611704588
4,64,127,0.011098123155534267
4,64,128,0.010866302065551281
4,64,129,0.010888216085731983
4,64,130,0.011075683403760195
4,64,131,0.011312893591821194
4,64,132,0.011244619730859995
4,64,133,0.010818323120474815
4,64,134,0.010720085818320513
4,64,135,0.011113857384771109
4,64,136,0.010900646913796663
4,64,137,0.011313983704894781
4,64,138,0.01110841240733862
4,64,139,0.01098456559702754
4,64,140,0.010749076958745718
4,64,141,0.010945284739136696
4,64,142,0.01094284513965249
4,64,143,0.011089953128248453
4,64,144,0.011092162691056728
4,64,145,0.011048354208469391
4,64,146,0.011148685589432716
4,64,147,0.011066501960158348
4,64,148,0.011109069921076298
4,64,149,0.010963800363242626
4,64,150,0.010846555233001709
4,64,151,0.01114150695502758
4,64,152,0.010802839882671833
4,64,153,0.011164747644215822
4,64,154,0.01082784403115511
4,64,155,0.011034715920686722
4,64,156,0.01125155994668603
4,64,157,0.010830864310264587
4,64,158,0.011011505033820868
4,64,159,0.011060666292905807
4,64,160,0.010874989442527294
4,64,161,0.010988752357661724
4,64,162,0.011232205666601658
4,64,163,0.01088271802291274
4,64,164,0.010964143089950085
4,64,165,0.010951811447739601
4,64,166,0.011419144459068775
4,64,167,0.010705569759011269
4,64,168,0.011115900240838528
4,64,169,0.010980696883052588
4,64,170,0.011019374243915081
4,64,171,0.011027895845472813
4,64,172,0.011011390015482903
4,64,173,0.011013840790838003
4,64,174,0.011117296759039164
4,64,175,0.010818724520504475
4,64,176,0.011116169393062592
4,64,177,0.011002575512975454
4,64,178,0.011026679538190365
4,64,179,0.010904576163738966
4,64,180,0.011324583552777767
4,64,181,0.010876843705773354
4,64,182,0.010905673261731863
4,64,183,0.010834092739969492
4,64,184,0.011330435052514076
4,64,185,0.011020451318472624
4,64,186,0.010976223275065422
4,64,187,0.011130592320114374
4,64,188,0.010906831361353397
4,64,189,0.01089982409030199
4,64,190,0.011082956101745367
4,64,191,0.010851298924535513
4,64,192,0.01125620398670435
4,64,193,0.010818513575941324
4,64,194,0.011122986674308777
4,64,195,0.010966044384986162
4,64,196,0.010925084818154573
4,64,197,0.011099880561232567
4,64,198,0.010983418673276901
4,64,199,0.01117452559992671
4,64,200,0.01089148735627532
4,64,201,0.010940582491457462
4,64,202,0.011202675756067038
4,64,203,0.011079222429543734
4,64,204,0.010877270717173815
4,64,205,0.011164851021021605
4,64,206,0.010836423374712467
4,64,207,0.011251785792410374
4,64,208,0.011387327685952187
4,64,209,0.010513633489608765
4,64,210,0.011264735367149115
4,64,211,0.010779671370983124
4,64,212,0.01107986830174923
4,64,213,0.011028519365936518
4,64,214,0.01090313121676445
4,64,215,0.01102868840098381
4,64,216,0.01139731053262949
4,64,217,0.010854282416403294
4,64,218,0.010867605917155743
4,64,219,0.01092802407220006
4,64,220,0.01147661916911602
4,64,221,0.010789829306304455
4,64,222,0.010908554308116436
4,64,223,0.011014045681804419
4,64,224,0.011291198432445526
4,64,225,0.010881733149290085
4,64,226,0.011005813255906105
4,64,227,0.010952861979603767
4,64,228,0.011262076906859875
4,64,229,0.010992205236107111
4,64,230,0.010923558846116066
4,64,231,0.010901153087615967
4,64,232,0.010992225725203753
4,64,233,0.011133542284369469
4,64,234,0.011051619425415993
4,64,235,0.011105331126600504
4,64,236,0.011028134729713202
4,64,237,0.011188154108822346
4,64,238,0.011014772113412619
4,64,239,0.010790686588734388
4,64,240,0.011108806822448969
4,64,241,0.010944613255560398
4,64,242,0.010904031805694103
4,64,243,0.01107787387445569
4,64,244,0.01105723436921835
4,64,245,0.0109366443939507
4,64,246,0.010983663611114025
4,64,247,0.011152668856084347
4,64,248,0.010983038693666458
4,64,249,0.011290519498288631
4,64,250,0.010825496166944504
4,64,251,0.011290214490145445
4,64,252,0.01076064771041274
4,64,253,0.011090912856161594
4,64,254,0.011219722218811512
4,64,255,0.01087942998856306
4,256,4,0.011194335296750069
4,256,5,0.010995924938470125
4,256,6,0.01104314811527729
4,256,7,0.011101304553449154
4,256,8,0.011027360800653696
4,256,9,0.011045022867619991
4,256,10,0.011167970020323992
4,256,11,0.011144808493554592
4,256,12,0.010947135742753744
4,256,13,0.011141921859234571
4,256,14,0.01128525659441948
4,256,15,0.01095289783552289
4,256,16,0.010857159737497568
4,256,17,0.011080601718276739
4,256,18,0.01107879588380456
4,256,19,0.010985046625137329
4,256,20,0.011013471987098455
4,256,21,0.010976471472531557
4,256,22,0.011005721986293793
4,256,23,0.010978109668940306
4,256,24,0.011144245509058237
4,256,25,0.01105742622166872
4,256,26,0.010879873298108578
4,256,27,0.011005903128534555
4,256,28,0.011099525727331638
4,256,29,0.011042321566492319
4,256,30,0.01097605237737298
4,256,31,0.0110007394105196
4,256,32,0.01103233452886343
4,256,33,0.011021602433174849
4,256,34,0.011014100164175034
4,256,35,0.011040437035262585
4,256,36,0.011004963889718056
4,256,37,0.011063017416745424
4,256,38,0.011076477821916342
4,256,39,0.010944747366011143
4,256,40,0.011011238675564528
4,256,41,0.01104709878563881
4,256,42,0.011050468310713768
4,256,43,0.01108746649697423
4,256,44,0.011010725516825914
4,256,45,0.011027682572603226
4,256,46,0.011022009886801243
4,256,47,0.010970971081405878
4,256,48,0.011015259195119143
4,256,49,0.011044390499591827
4,256,50,0.011098758783191442
4,256,51,0.011028539389371872
4,256,52,0.010991649702191353
4,256,53,0.011088701896369457
4,256,54,0.011023623403161764
4,256,55,0.010961209423840046
4,256,56,0.010999733582139015
4,256,57,0.010964242741465569
4,256,58,0.011009001638740301
4,256,59,0.011233012657612562
4,256,60,0.011044859886169434
4,256,61,0.010909706819802523
4,256,62,0.011033216957002878
4,256,63,0.01099377078935504
4,256,64,0.011075663845986128
4,256,65,0.011083553545176983
4,256,66,0.010931266471743584
4,256,67,0.011013645678758621
4,256,68,0.011064930353313684
4,256,69,0.01097983168438077
4,256,70,0.011030542198568583
4,256,71,0.011214295867830515
4,256,72,0.01100804004818201
4,256,73,0.010842665564268827
4,256,74,0.011079821269959211
4,256,75,0.011014313902705908
4,256,76,0.011009010020643473
4,256,77,0.011126831639558077
4,256,78,0.01109857577830553
4,256,79,0.010932402219623327
4,256,80,0.011014759074896574
4,256,81,0.010943359229713678
4,256,82,0.011012240778654814
4,256,83,0.011104461271315813
4,256,84,0.010943106841295958
4,256,85,0.010998181998729706
4,256,86,0.01122817536816001
4,256,87,0.011081451550126076
4,256,88,0.0108459391631186
4,256,89,0.010943316388875246
4,256,90,0.011002226267009974
4,256,91,0.0110162110067904
4,256,92,0.011066792532801628
4,256,93,0.011029645334929228
4,256,94,0.010992087423801422
4,256,95,0.011017513461411
4,256,96,0.011065113823860884
4,256,97,0.011032592039555311
4,256,98,0.011020166799426079
4,256,99,0.011013975366950035
4,256,100,0.01095242379233241
4,256,101,0.011077644769102335
4,256,102,0.01112787751480937
4,256,103,0.0109922937117517
4,256,104,0.0109651368111372
4,256,105,0.011015226598829031
4,256,106,0.01097820745781064
4,256,107,0.010975933633744717
4,256,108,0.011040696408599615
4,256,109,0.01104057440534234
4,256,110,0.011037111282348633
4,256,111,0.011057055555284023
4,256,112,0.011014507617801428
4,256,113,0.011011600960046053
4,256,114,0.011050269939005375
4,256,115,0.011022444814443588
4,256,116,0.01100456202402711
4,256,117,0.011068978812545538
4,256,118,0.011053081136196852
4,256,119,0.0109366443939507
4,256,120,0.010998308192938566
4,256,121,0.011098960414528847
4,256,122,0.01121435221284628
4,256,123,0.011062636971473694
4,256,124,0.010948789305984974
4,256,125,0.01105700759217143
4,256,126,0.010963684413582087
4,256,127,0.010911679361015558
4,256,128,0.011032522190362215
4,256,129,0.011204775888472795
4,256,130,0.011257448233664036
4,256,131,0.011059156619012356
4,256,132,0.01104556443169713
4,256,133,0.011136004235595465
4,256,134,0.010932451579719782
4,256,135,0.011070420499891043
4,256,136,0.011285936925560236
4,256,137,0.010876559186726809
4,256,138,0.01094765355810523
4,256,139,0.011049601249396801
4,256,140,0.011064414866268635
4,256,141,0.01105830492451787
4,256,142,0.011067262385040522
4,256,143,0.011070943903177977
4,256,144,0.010901500936597586
4,256,145,0.01123626995831728
4,256,146,0.011084496043622494
4,256,147,0.010864062700420618
4,256,148,0.011092514265328646
4,256,149,0.011047985404729843
4,256,150,0.011181435082107782
4,256,151,0.011265269946306944
4,256,152,0.01102824928238988
4,256,153,0.010948761366307735
4,256,154,0.011007532011717558
4,256,155,0.011181113310158253
4,256,156,0.010994952637702227
4,256,157,0.010909007862210274
4,256,158,0.011043211910873652
4,256,159,0.011216630693525076
4,256,160,0.011112647596746683
4,256,161,0.01108489464968443
4,256,162,0.011155103798955679
4,256,163,0.010934181045740843
4,256,164,0.011032538022845984
4,256,165,0.011088170111179352
4,256,166,0.011120263952761889
4,256,167,0.011050316505134106
4,256,168,0.011051462963223457
4,256,169,0.011101859621703625
4,256,170,0.011103254277259111
4,256,171,0.011034213472157717
4,256,172,0.011029771994799376
4,256,173,0.011093495413661003
4,256,174,0.011049819178879261
4,256,175,0.011046098079532385
4,256,176,0.011041960678994656
4,256,177,0.011060715653002262
4,256,178,0.011108302045613527
4,256,179,0.011119230650365353
4,256,180,0.01100597670301795
4,256,181,0.01103421300649643
4,256,182,0.011038699187338352
4,256,183,0.011061883997172117
4,256,184,0.011091827880591154
4,256,185,0.011025758925825357
4,256,186,0.011056002229452133
4,256,187,0.011118754278868437
4,256,188,0.011094678658992052
4,256,189,0.011003970634192228
4,256,190,0.011089026927947998
4,256,191,0.011096248868852854
4,256,192,0.011054132599383593
4,256,193,0.011065129656344652
4,256,194,0.01107353251427412
4,256,195,0.011080495547503233
4,256,196,0.011129556689411402
4,256,197,0.011032454203814268
4,256,198,0.011035146657377481
4,256,199,0.011133084539324045
4,256,200,0.011106528341770172
4,256,201,0.011015819851309061
4,256,202,0.011056149378418922
4,256,203,0.011058410163968801
4,256,204,0.011036628391593695
4,256,205,0.011166486889123917
4,256,206,0.011113204527646303
4,256,207,0.011040120851248503
4,256,208,0.011043652426451445
4,256,209,0.011189745739102364
4,256,210,0.011202565394341946
4,256,211,0.010969732888042927
4,256,212,0.010927312541753054
4,256,213,0.010992710944265127
4,256,214,0.011057436466217041
4,256,215,0.011091048829257488
4,256,216,0.011114591266959906
4,256,217,0.011049485299736261
4,256,218,0.011241530533879995
4,256,219,0.01114084105938673
4,256,220,0.01089808251708746
4,256,221,0.011033264454454184
4,256,222,0.011189364362508059
4,256,223,0.011094146873801947
4,256,224,0.011108275968581438
4,256,225,0.011049498803913593
4,256,226,0.010893743019551039
4,256,227,0.011310774367302656
4,256,228,0.011279291938990355
4,256,229,0.010839868802577257
4,256,230,0.010883087292313576
4,256,231,0.011234414763748646
4,256,232,0.01111367903649807
4,256,233,0.010843393858522177
4,256,234,0.010996409226208925
4,256,235,0.011083447840064764
4,256,236,0.011051920242607594
4,256,237,0.011239117942750454
4,256,238,0.011140556540340185
4,256,239,0.010995324701070786
4,256,240,0.01114841178059578
4,256,241,0.010956964921206236
4,256,242,0.010997835081070662
4,256,243,0.0110697690397501
4,256,244,0.011085200123488903
4,256,245,0.011061643715947866
4,256,246,0.011072631925344467
4,256,247,0.011132847983390093
4,256,248,0.011084947269409895
4,256,249,0.01105107693001628
4,256,250,0.011023104656487703
4,256,251,0.011010002344846725
4,256,252,0.011100800707936287
4,256,253,0.011182012967765331
4,256,254,0.011506613809615374
4,256,255,0.010922881308943033
4,1024,4,0.011385390069335699
4,1024,5,0.011332656722515821
4,1024,6,0.011215708684176207
4,1024,7,0.011152355466037989
4,1024,8,0.01135456096380949
4,1024,9,0.011086194775998592
4,1024,10,0.011593025177717209
4,1024,11,0.010954370256513357
4,1024,12,0.011309750378131866
4,1024,13,0.011089778970927
4,1024,14,0.011171863414347172
4,1024,15,0.011201823595911264
4,1024,16,0.011203055270016193
4,1024,17,0.011167204938828945
4,1024,18,0.011377213522791862
4,1024,19,0.011032507289201021
4,1024,20,0.011202623136341572
4,1024,21,0.011130104307085276
4,1024,22,0.011423963587731123
4,1024,23,0.011141235008835793
4,1024,24,0.011054429691284895
4,1024,25,0.011101651936769485
4,1024,26,0.011212953366339207
4,1024,27,0.011372103821486235
4,1024,28,0.011104004457592964
4,1024,29,0.011257335543632507
4,1024,30,0.011159559711813927
4,1024,31,0.011205635964870453
4,1024,32,0.011222091503441334
4,1024,33,0.01118764141574502
4,1024,34,0.011141770984977484
4,1024,35,0.011431543622165918
4,1024,36,0.011103942524641752
4,1024,37,0.011054957751184702
4,1024,38,0.011105144396424294
4,1024,39,0.011124229989945889
4,1024,40,0.011173928622156382
4,1024,41,0.011225671507418156
4,1024,42,0.011241992469877005
4,1024,43,0.01120150275528431
4,1024,44,0.01117266295477748
4,1024,45,0.011216144543141127
4,1024,46,0.011137415189296007
4,1024,47,0.011288727633655071
4,1024,48,0.01109769893810153
4,1024,49,0.011282716412097216
4,1024,50,0.011205411050468683
4,1024,51,0.011237775441259146
4,1024,52,0.011149995028972626
4,1024,53,0.011263890657573938
4,1024,54,0.011169644072651863
4,1024,55,0.011242210399359465
4,1024,56,0.011341374833136797
4,1024,57,0.011114256922155619
4,1024,58,0.01146820979192853
4,1024,59,0.01103189680725336
4,1024,60,0.011238271836191416
4,1024,61,0.011145757045596838
4,1024,62,0.01133455103263259
4,1024,63,0.011199722532182932
4,1024,64,0.011146554257720709
4,1024,65,0.011300775222480297
4,1024,66,0.011045661754906178
4,1024,67,0.011348166968673468
4,1024,68,0.010964274872094393
4,1024,69,0.011197668965905905
4,1024,70,0.011115413159132004
4,1024,71,0.011427731718868017
4,1024,72,0.010975634679198265
4,1024,73,0.011462119873613119
4,1024,74,0.010987124871462584
4,1024,75,0.011114146560430527
4,1024,76,0.01119416719302535
4,1024,77,0.011173360981047153
4,1024,78,0.011276754550635815
4,1024,79,0.011291424743831158
4,1024,80,0.011232363991439342
4,1024,81,0.011438791174441576
4,1024,82,0.011216942686587572
4,1024,83,0.011177356354892254
4,1024,84,0.01104435557499528
4,1024,85,0.011328116524964571
4,1024,86,0.011259105987846851
4,1024,87,0.011108837556093931
4,1024,88,0.011148723307996988
4,1024,89,0.011339698452502489
4,1024,90,0.011171018239110708
4,1024,91,0.011144304648041725
4,1024,92,0.01104451809078455
4,1024,93,0.01125567639246583
4,1024,94,0.0114741250872612
4,1024,95,0.0110738524235785
4,1024,96,0.011301313061267138
4,1024,97,0.011124937329441309
4,1024,98,0.01142548443749547
4,1024,99,0.010995549149811268
4,1024,100,0.011468496173620224
4,1024,101,0.011120985262095928
4,1024,102,0.01113355066627264
4,1024,103,0.011235956102609634
4,1024,104,0.011178900953382254
4,1024,105,0.011414545122534037
4,1024,106,0.01108022266998887
4,1024,107,0.011224578134715557
4,1024,108,0.011275796685367823
4,1024,109,0.011130902916193008
4,1024,110,0.0113783017732203
4,1024,111,0.01108309905976057
4,1024,112,0.011126242578029633
4,1024,113,0.011297867633402348
4,1024,114,0.011050280649214983
4,1024,115,0.011355780996382236
4,1024,116,0.01099392306059599
4,1024,117,0.01136805722489953
4,1024,118,0.011039952747523785
4,1024,119,0.011314196046441793
4,1024,120,0.011051762383431196
4,1024,121,0.011484324932098389
4,1024,122,0.010988353285938501
4,1024,123,0.011117538437247276
4,1024,124,0.011136067099869251
4,1024,125,0.01142258569598198
4,1024,126,0.010947494301944971
4,1024,127,0.01163126528263092
4,1024,128,0.011071436572819948
4,1024,129,0.011364166159182787
4,1024,130,0.01137856300920248
4,1024,131,0.011049810331314802
4,1024,132,0.01127976318821311
4,1024,133,0.011321566067636013
4,1024,134,0.01143672689795494
4,1024,135,0.011044764891266823
4,1024,136,0.011520647909492254
4,1024,137,0.011050690896809101
4,1024,138,0.011195046827197075
4,1024,139,0.011123025324195623
4,1024,140,0.011253171600401402
4,1024,141,0.01116210175678134
4,1024,142,0.011379261501133442
4,1024,143,0.01123190252110362
4,1024,144,0.011191027704626322
4,1024,145,0.011125411838293076
4,1024,146,0.011180562898516655
4,1024,147,0.01119559956714511
4,1024,148,0.01121491240337491
4,1024,149,0.01131074083968997
4,1024,150,0.011149216443300247
4,1024,151,0.011272600386291742
4,1024,152,0.011182780843228102
4,1024,153,0.011227984447032213
4,1024,154,0.011244825087487698
4,1024,155,0.011277454439550638
4,1024,156,0.011230854783207178
4,1024,157,0.011198320891708136
4,1024,158,0.011271056719124317
4,1024,159,0.011137507390230894
4,1024,160,0.01138722151517868
4,1024,161,0.011270322371274233
4,1024,162,0.011160907335579395
4,1024,163,0.011322276201099157
4,1024,164,0.011299765668809414
4,1024,165,0.011124457232654095
4,1024,166,0.011196526233106852
4,1024,167,0.01127349166199565
4,1024,168,0.011154061648994684
4,1024,169,0.01117227366194129
4,1024,170,0.011247788090258837
4,1024,171,0.011432534083724022
4,1024,172,0.011183861643075943
4,1024,173,0.011492551770061255
4,1024,174,0.01096407137811184
4,1024,175,0.011532263364642859
4,1024,176,0.011096146889030933
4,1024,177,0.011044638697057962
4,1024,178,0.011173320934176445
4,1024,179,0.011448261328041553
4,1024,180,0.011096454691141844
4,1024,181,0.011434794869273901
4,1024,182,0.011012859176844358
4,1024,183,0.011171145364642143
4,1024,184,0.01119067519903183
4,1024,185,0.011346884071826935
4,1024,186,0.011150795966386795
4,1024,187,0.011396065354347229
4,1024,188,0.011499281041324139
4,1024,189,0.011134407483041286
4,1024,190,0.011377047281712294
4,1024,191,0.01090840669348836
4,1024,192,0.011289878748357296
4,1024,193,0.011104844510555267
4,1024,194,0.011225747410207987
4,1024,195,0.011233272030949593
4,1024,196,0.011388677172362804
4,1024,197,0.011166440322995186
4,1024,198,0.01109859673306346
4,1024,199,0.011174453888088465
4,1024,200,0.011431063059717417
4,1024,201,0.011214053258299828
4,1024,202,0.011284709442406893
4,1024,203,0.011058937758207321
4,1024,204,0.011382540222257376
4,1024,205,0.011166580487042665
4,1024,206,0.011411105748265982
4,1024,207,0.01114167645573616
4,1024,208,0.011232413817197084
4,1024,209,0.011230557691305876
4,1024,210,0.011135954409837723
4,1024,211,0.011282680556178093
4,1024,212,0.011084722355008125
4,1024,213,0.011396185029298067
4,1024,214,0.011376202572137117
4,1024,215,0.011312782764434814
4,1024,216,0.011232250835746527
4,1024,217,0.011216140817850828
4,1024,218,0.011334650218486786
4,1024,219,0.011082781944423914
4,1024,220,0.01114808488637209
4,1024,221,0.011190632823854685
4,1024,222,0.011409525759518147
4,1024,223,0.0111998007632792
4,1024,224,0.01117150578647852
4,1024,225,0.011321330443024635
4,1024,226,0.01119942357763648
4,1024,227,0.011235964950174093
4,1024,228,0.011125399731099606
4,1024,229,0.011125883553177118
4,1024,230,0.011173150967806578
4,1024,231,0.01133256545290351
4,1024,232,0.01144395349547267
4,1024,233,0.011307093780487776
4,1024,234,0.011285934131592512
4,1024,235,0.011247861199080944
4,1024,236,0.01122480258345604
4,1024,237,0.011126330588012934
4,1024,238,0.011083357501775026
4,1024,239,0.011202402878552675
4,1024,240,0.011490071658045053
4,1024,241,0.01125939330086112
4,1024,242,0.011265207547694445
4,1024,243,0.01106336759403348
4,1024,244,0.011430575978010893
4,1024,245,0.010908092837780714
4,1024,246,0.011250982526689768
4,1024,247,0.011182647198438644
4,1024,248,0.011223267763853073
4,1024,249,0.01144627295434475
4,1024,250,0.011159862391650677
4,1024,251,0.011370630003511906
4,1024,252,0.011183231137692928
4,1024,253,0.011437050998210907
4,1024,254,0.01102649187669158
4,1024,255,0.011066495440900326
4,4096,4,0.013458020985126495
4,4096,5,0.011840965133160353
4,4096,6,0.012333611957728863
4,4096,7,0.01194769935682416
4,4096,8,0.01188575103878975
4,4096,9,0.011888806708157063
4,4096,10,0.011885523796081543
4,4096,11,0.011886263731867075
4,4096,12,0.011884426698088646
4,4096,13,0.011842482257634401
4,4096,14,0.01188736641779542
4,4096,15,0.011878330260515213
4,4096,16,0.011757283937186003
4,4096,17,0.01184757798910141
4,4096,18,0.011663463898003101
4,4096,19,0.011846717447042465
4,4096,20,0.011737337801605463
4,4096,21,0.01179842185229063
4,4096,22,0.011877390090376139
4,4096,23,0.011690431274473667
4,4096,24,0.011799391824752092
4,4096,25,0.012140764389187098
4,4096,26,0.011789314914494753
4,4096,27,0.011839178390800953
4,4096,28,0.01174804987385869
4,4096,29,0.012046398129314184
4,4096,30,0.011640036012977362
4,4096,31,0.012042122427374125
4,4096,32,0.011582537554204464
4,4096,33,0.012120435945689678
4,4096,34,0.01172944763675332
4,4096,35,0.011981119401752949
4,4096,36,0.01180825149640441
4,4096,37,0.011795620433986187
4,4096,38,0.011848061345517635
4,4096,39,0.011795039754360914
4,4096,40,0.011846060398966074
4,4096,41,0.01187085546553135
4,4096,42,0.011751041747629642
4,4096,43,0.011874526739120483
4,4096,44,0.011733320076018572
4,4096,45,0.01186898211017251
4,4096,46,0.01184077886864543
4,4096,47,0.01186892669647932
4,4096,48,0.011770341079682112
4,4096,49,0.011821554973721504
4,4096,50,0.012205149047076702
4,4096,51,0.01176223624497652
4,4096,52,0.011775148566812277
4,4096,53,0.012055292259901762
4,4096,54,0.011834073811769485
4,4096,55,0.011942299548536539
4,4096,56,0.01169749116525054
4,4096,57,0.011943704448640347
4,4096,58,0.01184281287714839
4,4096,59,0.01172647112980485
4,4096,60,0.011906502302736044
4,4096,61,0.011738823726773262
4,4096,62,0.011861334554851055
4,4096,63,0.011846230830997229
4,4096,64,0.011795172467827797
4,4096,65,0.011685510631650686
4,4096,66,0.011809006333351135
4,4096,67,0.012161287013441324
4,4096,68,0.011802101507782936
4,4096,69,0.011847274843603373
4,4096,70,0.011839101556688547
4,4096,71,0.011948274448513985
4,4096,72,0.011743301060050726
4,4096,73,0.011915831826627254
4,4096,74,0.01189368311315775
4,4096,75,0.011763704475015402
4,4096,76,0.011959214229136705
4,4096,77,0.011729483027011156
4,4096,78,0.011912322603166103
4,4096,79,0.011847404297441244
4,4096,80,0.011932534165680408
4,4096,81,0.011876240372657776
4,4096,82,0.011707212775945663
4,4096,83,0.011892856564372778
4,4096,84,0.012057199608534575
4,4096,85,0.011865190230309963
4,4096,86,0.011738512199372053
4,4096,87,0.011866108048707247
4,4096,88,0.011916692834347486
4,4096,89,0.01175948977470398
4,4096,90,0.011826672125607729
4,4096,91,0.012019723653793335
4,4096,92,0.01176667120307684
4,4096,93,0.012025372590869665
4,4096,94,0.01162427756935358
4,4096,95,0.011875994503498077
4,4096,96,0.011836213525384665
4,4096,97,0.011775081045925617
4,4096,98,0.011888007633388042
4,4096,99,0.011637370567768812
4,4096,100,0.012086988892406225
4,4096,101,0.01188624044880271
4,4096,102,0.011990149039775133
4,4096,103,0.011838249862194061
4,4096,104,0.011803190223872662
4,4096,105,0.012023827526718378
4,4096,106,0.011650205589830875
4,4096,107,0.011855166871100664
4,4096,108,0.011816722806543112
4,4096,109,0.011955146212130785
4,4096,110,0.012061930727213621
4,4096,111,0.011683843098580837
4,4096,112,0.011861400678753853
4,4096,113,0.011853930540382862
4,4096,114,0.011962366290390491
4,4096,115,0.011730198748409748
4,4096,116,0.011926478706300259
4,4096,117,0.011829336639493704
4,4096,118,0.011892502661794424
4,4096,119,0.011847594287246466
4,4096,120,0.011847187299281359
4,4096,121,0.011991243343800306
4,4096,122,0.011798646301031113
4,4096,123,0.011982941068708897
4,4096,124,0.011792813427746296
4,4096,125,0.01189018739387393
4,4096,126,0.01182202948257327
4,4096,127,0.01190986717119813
4,4096,128,0.011802044231444597
4,4096,129,0.01184768183156848
4,4096,130,0.011973971500992775
4,4096,131,0.011848838534206152
4,4096,132,0.011899971403181553
4,4096,133,0.011830957606434822
4,4096,134,0.011897779069840908
4,4096,135,0.011951026041060686
4,4096,136,0.011910196393728256
4,4096,137,0.011736925225704908
4,4096,138,0.01201434526592493
4,4096,139,0.011795319151133299
4,4096,140,0.011937077157199383
4,4096,141,0.011785968206822872
4,4096,142,0.011814810335636139
4,4096,143,0.011848116293549538
4,4096,144,0.012004552409052849
4,4096,145,0.01163719967007637
4,4096,146,0.011971085797995329
4,4096,147,0.011819763574749231
4,4096,148,0.012063381262123585
4,4096,149,0.01177865732461214
4,4096,150,0.012057184241712093
4,4096,151,0.011820544488728046
4,4096,152,0.011985127348452806
4,4096,153,0.011847695335745811
4,4096,154,0.012021247297525406
4,4096,155,0.011814283207058907
4,4096,156,0.012035209219902754
4,4096,157,0.011876055039465427
4,4096,158,0.011947654653340578
4,4096,159,0.0119498735293746
4,4096,160,0.011915166396647692
4,4096,161,0.012078832369297743
4,4096,162,0.011679935734719038
4,4096,163,0.012081584893167019
4,4096,164,0.011866988614201546
4,4096,165,0.011988526675850153
4,4096,166,0.01170547865331173
4,4096,167,0.011933092027902603
4,4096,168,0.011860196478664875
4,4096,169,0.011850902810692787
4,4096,170,0.011899047531187534
4,4096,171,0.011758556589484215
4,4096,172,0.01207943307235837
4,4096,173,0.011789583135396242
4,4096,174,0.011857433244585991
4,4096,175,0.011794664897024632
4,4096,176,0.01183299208059907
4,4096,177,0.011891983449459076
4,4096,178,0.012018488720059395
4,4096,179,0.011799836065620184
4,4096,180,0.011772293131798506
4,4096,181,0.011974981054663658
4,4096,182,0.011912554036825895
4,4096,183,0.011758276727050543
4,4096,184,0.011861255392432213
4,4096,185,0.012015933636575937
4,4096,186,0.01199546130374074
4,4096,187,0.011675765737891197
4,4096,188,0.01184764364734292
4,4096,189,0.01210127305239439
4,4096,190,0.011847592890262604
4,4096,191,0.011743185576051474
4,4096,192,0.011935465969145298
4,4096,193,0.011945262551307678
4,4096,194,0.011949443258345127
4,4096,195,0.011757916305214167
4,4096,196,0.012023888528347015
4,4096,197,0.012010972015559673
4,4096,198,0.01181839732453227
4,4096,199,0.012041270732879639
4,4096,200,0.01171344006434083
4,4096,201,0.012058760970830917
4,4096,202,0.011924066580832005
4,4096,203,0.011888133361935616
4,4096,204,0.011867953930050135
4,4096,205,0.011935055255889893
4,4096,206,0.01198591385036707
4,4096,207,0.011826243251562119
4,4096,208,0.011772932950407267
4,4096,209,0.011937142815440893
4,4096,210,0.011908991262316704
4,4096,211,0.011796508450061083
4,4096,212,0.011862909886986017
4,4096,213,0.01193848391994834
4,4096,214,0.011869249399751425
4,4096,215,0.0118324663490057
4,4096,216,0.011899628676474094
4,4096,217,0.011892104987055063
4,4096,218,0.011951242107897997
4,4096,219,0.011847976595163345
4,4096,220,0.01190744899213314
4,4096,221,0.011993385385721922
4,4096,222,0.011855266522616148
4,4096,223,0.011953639332205057
4,4096,224,0.011924897786229849
4,4096,225,0.011894142255187035
4,4096,226,0.011876981239765882
4,4096,227,0.01191568560898304
4,4096,228,0.011985407210886478
4,4096,229,0.011886592954397202
4,4096,230,0.011953347828239202
4,4096,231,0.011901374440640211
4,4096,232,0.011907472275197506
4,4096,233,0.011927994433790445
4,4096,234,0.011874549556523561
4,4096,235,0.011940150521695614
4,4096,236,0.011942815035581589
4,4096,237,0.011876783333718777
4,4096,238,0.011961346492171288
4,4096,239,0.011872506700456142
4,4096,240,0.011970506981015205
4,4096,241,0.011832924094051123
4,4096,242,0.011899515520781279
4,4096,243,0.011886612046509981
4,4096,244,0.011878313031047583
4,4096,245,0.011985888238996267
4,4096,246,0.011827765963971615
4,4096,247,0.011913561262190342
4,4096,248,0.01189158158376813
4,4096,249,0.011901283171027899
4,4096,250,0.011829207185655832
4,4096,251,0.011876085307449102
4,4096,252,0.01176674710586667
4,4096,253,0.011908890213817358
4,4096,254,0.011194536462426186
4,4096,255,0.011893138755112886
8,64,4,0.010877946391701698
8,64,5,0.011012529488652945
8,64,6,0.010999031830579042
8,64,7,0.011090868152678013
8,64,8,0.011044633574783802
8,64,9,0.01118520274758339
8,64,10,0.011062594130635262
8,64,11,0.010936142411082983
8,64,12,0.011264762841165066
8,64,13,0.010970171075314283
8,64,14,0.011221293359994888
8,64,15,0.011004385072737932
8,64,16,0.01114276610314846
8,64,17,0.011048625223338604
8,64,18,0.011159549467265606
8,64,19,0.01085134968161583
8,64,20,0.011006217449903488
8,64,21,0.011074447073042393
8,64,22,0.01127353822812438
8,64,23,0.011079222895205021
8,64,24,0.011122268624603748
8,64,25,0.011006607208400965
8,64,26,0.010749086271971464
8,64,27,0.01111921900883317
8,64,28,0.01130300434306264
8,64,29,0.010904662311077118
8,64,30,0.011323330458253622
8,64,31,0.010585932061076164
8,64,32,0.011178167071193457
8,64,33,0.011108485981822014
8,64,34,0.011265430133789778
8,64,35,0.010774480644613504
8,64,36,0.010961938183754683
8,64,37,0.011562739498913288
8,64,38,0.010727135930210352
8,64,39,0.010751305613666773
8,64,40,0.011270633898675442
8,64,41,0.011033274699002504
8,64,42,0.011030226945877075
8,64,43,0.010934807360172272
8,64,44,0.011190942488610744
8,64,45,0.010865162126719952
8,64,46,0.010959642007946968
8,64,47,0.011168282944709063
8,64,48,0.0107756401412189
8,64,49,0.011496080551296473
8,64,50,0.010923979338258505
8,64,51,0.011169060599058867
8,64,52,0.010818878654390574
8,64,53,0.01133424649015069
8,64,54,0.010725719388574362
8,64,55,0.011000179685652256
8,64,56,0.011152504943311214
8,64,57,0.011013670358806849
8,64,58,0.011270679999142885
8,64,59,0.01086744386702776
8,64,60,0.011133119463920593
8,64,61,0.01096022268757224
8,64,62,0.011021471116691828
8,64,63,0.010861207731068134
8,64,64,0.011509467847645283
8,64,65,0.010701541788876057
8,64,66,0.010997210629284382
8,64,67,0.011411418672651052
8,64,68,0.010790518019348383
8,64,69,0.01123105501756072
8,64,70,0.010979526676237583
8,64,71,0.010994450189173222
8,64,72,0.01105561712756753
8,64,73,0.011480492074042559
8,64,74,0.010853312909603119
8,64,75,0.010904306080192327
8,64,76,0.011442417744547129
8,64,77,0.010811358224600554
8,64,78,0.01110139349475503
8,64,79,0.010929646901786327
8,64,80,0.010966155678033829
8,64,81,0.011098506394773722
8,64,82,0.011793285142630339
8,64,83,0.010611860547214746
8,64,84,0.011022691614925861
8,64,85,0.011252469848841429
8,64,86,0.010954521596431732
8,64,87,0.011092228349298239
8,64,88,0.011257002130150795
8,64,89,0.010815870948135853
8,64,90,0.011061335913836956
8,64,91,0.011396735906600952
8,64,92,0.010960471350699663
8,64,93,0.010931568685919046
8,64,94,0.011261527892202139
8,64,95,0.011121538002043962
8,64,96,0.010914336889982224
8,64,97,0.011194489430636168
8,64,98,0.010784646030515432
8,64,99,0.011525857262313366
8,64,100,0.011132803745567799
8,64,101,0.010807657148689032
8,64,102,0.011007989756762981
8,64,103,0.011275059543550014
8,64,104,0.01093849865719676
8,64,105,0.011298107914626598
8,64,106,0.011030169203877449
8,64,107,0.010743675753474236
8,64,108,0.011341239791363478
8,64,109,0.011027968488633633
8,64,110,0.011047396343201399
8,64,111,0.01103923935443163
8,64,112,0.010991362389177084
8,64,113,0.011266444809734821
8,64,114,0.011101185344159603
8,64,115,0.011204292066395283
8,64,116,0.010594630148261786
8,64,117,0.011593818664550781
8,64,118,0.011000617872923613
8,64,119,0.010808510705828667
8,64,120,0.011164612136781216
8,64,121,0.011022138874977827
8,64,122,0.011293277144432068
8,64,123,0.011018318124115467
8,64,124,0.010954055469483137
8,64,125,0.01091801654547453
8,64,126,0.011393846943974495
8,64,127,0.011012549512088299
8,64,128,0.01117823738604784
8,64,129,0.010984687600284815
8,64,130,0.01103462278842926
8,64,131,0.01122357090935111
8,64,132,0.011073687579482794
8,64,133,0.010921362787485123
8,64,134,0.011064942926168442
8,64,135,0.011155468877404928
8,64,136,0.010998385027050972
8,64,137,0.011101074982434511
8,64,138,0.011105951387435198
8,64,139,0.01103602396324277
8,64,140,0.011154402047395706
8,64,141,0.011056129820644855
8,64,142,0.01132047176361084
8,64,143,0.010852958541363478
8,64,144,0.011359076481312513
8,64,145,0.011034701485186815
8,64,146,0.011157048400491476
8,64,147,0.010790934320539236
8,64,148,0.011110719759017229
8,64,149,0.011310994159430265
8,64,150,0.010888402815908194
8,64,151,0.011299521662294865
8,64,152,0.010942910332232714
8,64,153,0.010891197714954615
8,64,154,0.011482692789286375
8,64,155,0.01104719378054142
8,64,156,0.011111628729850054
8,64,157,0.011062188539654016
8,64,158,0.010917700827121735
8,64,159,0.01101014344021678
8,64,160,0.011420258786529303
8,64,161,0.011174255050718784
8,64,162,0.010586529038846493
8,64,163,0.011664838995784521
8,64,164,0.010667093563824892
8,64,165,0.011001483537256718
8,64,166,0.011022767052054405
8,64,167,0.011144831776618958
8,64,168,0.01117581594735384
8,64,169,0.01100784633308649
8,64,170,0.01107465336099267
8,64,171,0.011098317801952362
8,64,172,0.01107589527964592
8,64,173,0.011153599712997675
8,64,174,0.011049618944525719
8,64,175,0.011133703868836164
8,64,176,0.01080038957297802
8,64,177,0.011314036790281534
8,64,178,0.01100130332633853
8,64,179,0.011158046312630177
8,64,180,0.010964300949126482
8,64,181,0.011200686451047659
8,64,182,0.011045445688068867
8,64,183,0.011099650524556637
8,64,184,0.011077966541051865
8,64,185,0.011110226158052683
8,64,186,0.0110437604598701
8,64,187,0.011100477539002895
8,64,188,0.011360750067979097
8,64,189,0.010942866560071707
8,64,190,0.011264337226748466
8,64,191,0.01104364125058055
8,64,192,0.011181504465639591
8,64,193,0.010969072114676237
8,64,194,0.011407419107854366
8,64,195,0.0108564468100667
8,64,196,0.011239044833928347
8,64,197,0.011435204651206732
8,64,198,0.010724978987127542
8,64,199,0.011484742630273104
8,64,200,0.011223305948078632
8,64,201,0.011170140001922846
8,64,202,0.011075381189584732
8,64,203,0.011090289801359177
8,64,204,0.011091001331806183
8,64,205,0.01151279453188181
8,64,206,0.011041305027902126
8,64,207,0.01071280101314187
8,64,208,0.011604455299675465
8,64,209,0.011204893700778484
8,64,210,0.011163807474076748
8,64,211,0.011174816638231277
8,64,212,0.011182024143636227
8,64,213,0.010816865134984255
8,64,214,0.011393895838409662
8,64,215,0.011352408677339554
8,64,216,0.010964279994368553
8,64,217,0.01127938274294138
8,64,218,0.011162098031491041
8,64,219,0.01109222462400794
8,64,220,0.011276884004473686
8,64,221,0.011049164459109306
8,64,222,0.011033619288355112
8,64,223,0.011354484595358372
8,64,224,0.010980363935232162
8,64,225,0.01123716589063406
8,64,226,0.011228281073272228
8,64,227,0.011206661351025105
8,64,228,0.01121301343664527
8,64,229,0.010984110180288553
8,64,230,0.011213363148272038
8,64,231,0.010828349273651838
8,64,232,0.011450296733528376
8,64,233,0.01124915387481451
8,64,234,0.01119547663256526
8,64,235,0.01116816932335496
8,64,236,0.011122058145701885
8,64,237,0.011285144835710526
8,64,238,0.011138435918837786
8,64,239,0.010961009655147791
8,64,240,0.011101193260401487
8,64,241,0.01140705170109868
8,64,242,0.011259139515459538
8,64,243,0.011053639929741621
8,64,244,0.011388079263269901
8,64,245,0.011151492595672607
8,64,246,0.011173148639500141
8,64,247,0.011156111489981413
8,64,248,0.01076502213254571
8,64,249,0.011174924671649933
8,64,250,0.011540999170392752
8,64,251,0.01115986704826355
8,64,252,0.011122697032988071
8,64,253,0.011153000872582197
8,64,254,0.011502767913043499
8,64,255,0.011344159953296185
8,256,4,0.011256074532866478
8,256,5,0.01125521631911397
8,256,6,0.011257751379162073
8,256,7,0.01122546149417758
8,256,8,0.011295730713754892
8,256,9,0.01117495447397232
8,256,10,0.010980285704135895
8,256,11,0.01194732217118144
8,256,12,0.010807842947542667
8,256,13,0.011083535850048065
8,256,14,0.011339168064296246
8,256,15,0.011029649991542101
8,256,16,0.011222883593291044
8,256,17,0.011184105649590492
8,256,18,0.011240070685744286
8,256,19,0.010956710670143366
8,256,20,0.011397646274417639
8,256,21,0.011278549674898386
8,256,22,0.01114719733595848
8,256,23,0.011104411445558071
8,256,24,0.011139067355543375
8,256,25,0.01120344689115882
8,256,26,0.010874692816287279
8,256,27,0.010828929487615824
8,256,28,0.011276240926235914
8,256,29,0.01116991974413395
8,256,30,0.011202082969248295
8,256,31,0.011047272477298975
8,256,32,0.011159447953104973
8,256,33,0.011261036153882742
8,256,34,0.01121259992942214
8,256,35,0.011144092772156
8,256,36,0.010971924290060997
8,256,37,0.011271919123828411
8,256,38,0.011196463834494352
8,256,39,0.011100306175649166
8,256,40,0.011235837358981371
8,256,41,0.011094350833445787
8,256,42,0.011183005757629871
8,256,43,0.011234831064939499
8,256,44,0.011194913648068905
8,256,45,0.011059870477765799
8,256,46,0.01129049202427268
8,256,47,0.011230283882468939
8,256,48,0.011225491296499968
8,256,49,0.011009826324880123
8,256,50,0.011107219383120537
8,256,51,0.01119400979951024
8,256,52,0.011618408840149641
8,256,53,0.010901244822889566
8,256,54,0.01114809000864625
8,256,55,0.011120288167148829
8,256,56,0.011239892337471247
8,256,57,0.011221338994801044
8,256,58,0.010978052858263254
8,256,59,0.011313966941088438
8,256,60,0.011212741490453482
8,256,61,0.01110976655036211
8,256,62,0.011166746728122234
8,256,63,0.011158643290400505
8,256,64,0.011229134164750576
8,256,65,0.011156350839883089
8,256,66,0.011163725983351469
8,256,67,0.011441654991358519
8,256,68,0.010938470251858234
8,256,69,0.011062311008572578
8,256,70,0.01143824215978384
8,256,71,0.011080221273005009
8,256,72,0.011175809893757105
8,256,73,0.011068448890000582
8,256,74,0.01134894834831357
8,256,75,0.011135661974549294
8,256,76,0.011171089485287666
8,256,77,0.0112302266061306
8,256,78,0.011075552087277174
8,256,79,0.011401342228055
8,256,80,0.010982657317072153
8,256,81,0.011184534057974815
8,256,82,0.011127931531518698
8,256,83,0.011176486033946276
8,256,84,0.01119547849521041
8,256,85,0.011288219597190619
8,256,86,0.011133995372802019
8,256,87,0.011209394782781601
8,256,88,0.011141804046928883
8,256,89,0.01114602480083704
8,256,90,0.011149491649121046
8,256,91,0.011226242873817682
8,256,92,0.011245578993111849
8,256,93,0.010994057171046734
8,256,94,0.01132508972659707
8,256,95,0.011212004348635674
8,256,96,0.011234383564442396
8,256,97,0.011060016695410013
8,256,98,0.01126075629144907
8,256,99,0.011144202668219805
8,256,100,0.011212530545890331
8,256,101,0.011119278613477945
8,256,102,0.01155919348821044
8,256,103,0.011172947008162737
8,256,104,0.011204876936972141
8,256,105,0.011128064710646868
8,256,106,0.01127504138275981
8,256,107,0.011286010965704918
8,256,108,0.01085343025624752
8,256,109,0.011143046896904707
8,256,110,0.01148359477519989
8,256,111,0.011002817191183567
8,256,112,0.01110987737774849
8,256,113,0.011219995096325874
8,256,114,0.011138989124447107
8,256,115,0.011360035743564367
8,256,116,0.01109021995216608
8,256,117,0.011244020890444517
8,256,118,0.011096077039837837
8,256,119,0.011658006347715855
8,256,120,0.01102197915315628
8,256,121,0.011322867590934038
8,256,122,0.011258307378739119
8,256,123,0.011165347881615162
8,256,124,0.011171473655849695
8,256,125,0.011106673162430525
8,256,126,0.011015105061233044
8,256,127,0.010969278868287802
8,256,128,0.011409434024244547
8,256,129,0.011001130566000938
8,256,130,0.011271415743976831
8,256,131,0.01125227427110076
8,256,132,0.011171173769980669
8,256,133,0.011141883209347725
8,256,134,0.0112043721601367
8,256,135,0.011266689281910658
8,256,136,0.011087453458458185
8,256,137,0.011420843191444874
8,256,138,0.010871310718357563
8,256,139,0.011238958220928907
8,256,140,0.011256031226366758
8,256,141,0.011089098639786243
8,256,142,0.011315613053739071
8,256,143,0.011198096442967653
8,256,144,0.011163075920194387
8,256,145,0.011134383734315634
8,256,146,0.011345649138092995
8,256,147,0.010942558757960796
8,256,148,0.011587262619286776
8,256,149,0.010995028540492058
8,256,150,0.011189097538590431
8,256,151,0.011269375216215849
8,256,152,0.011251369025558233
8,256,153,0.011066591832786798
8,256,154,0.011067575309425592
8,256,155,0.011240581050515175
8,256,156,0.011218173429369926
8,256,157,0.011278901249170303
8,256,158,0.011300154030323029
8,256,159,0.011252861004322767
8,256,160,0.011045864317566156
8,256,161,0.011184291448444128
8,256,162,0.01115391869097948
8,256,163,0.011245956178754568
8,256,164,0.011484478134661913
8,256,165,0.01087716082111001
8,256,166,0.011439888272434473
8,256,167,0.011209314223378897
8,256,168,0.011234525591135025
8,256,169,0.011213670019060373
8,256,170,0.011346213985234499
8,256,171,0.01086037140339613
8,256,172,0.011126655619591475
8,256,173,0.011487428098917007
8,256,174,0.011270916555076838
8,256,175,0.011102649383246899
8,256,176,0.011301662307232618
8,256,177,0.011311294510960579
8,256,178,0.010996927041560411
8,256,179,0.011307845823466778
8,256,180,0.010862532537430525
8,256,181,0.011121774557977915
8,256,182,0.011390344239771366
8,256,183,0.010982273146510124
8,256,184,0.011218991130590439
8,256,185,0.011211471166461706
8,256,186,0.011807959992438555
8,256,187,0.011004156898707151
8,256,188,0.011325654573738575
8,256,189,0.010902346577495337
8,256,190,0.011118756141513586
8,256,191,0.011465235147625208
8,256,192,0.011255747638642788
8,256,193,0.011447425000369549
8,256,194,0.011023292783647776
8,256,195,0.011319422163069248
8,256,196,0.011102933436632156
8,256,197,0.011358652729541063
8,256,198,0.010951067321002483
8,256,199,0.010944676585495472
8,256,200,0.011468344833701849
8,256,201,0.011193430982530117
8,256,202,0.011396850924938917
8,256,203,0.011261182371526957
8,256,204,0.011173685546964407
8,256,205,0.011270224116742611
8,256,206,0.011109929531812668
8,256,207,0.011245706584304571
8,256,208,0.010773264802992344
8,256,209,0.011620608158409595
8,256,210,0.011149567551910877
8,256,211,0.011231951415538788
8,256,212,0.011253283824771643
8,256,213,0.011232294607907534
8,256,214,0.011069891043007374
8,256,215,0.01109955133870244
8,256,216,0.0115470290184021
8,256,217,0.010700651910156012
8,256,218,0.011695536319166422
8,256,219,0.011325056664645672
8,256,220,0.011104556731879711
8,256,221,0.011177975684404373
8,256,222,0.011168893426656723
8,256,223,0.011320038232952356
8,256,224,0.01132661523297429
8,256,225,0.01110767014324665
8,256,226,0.010830064304172993
8,256,227,0.011558780912309885
8,256,228,0.0111683732829988
8,256,229,0.01109847892075777
8,256,230,0.011318444274365902
8,256,231,0.011216445825994015
8,256,232,0.011274495162069798
8,256,233,0.010873536579310894
8,256,234,0.011293333023786545
8,256,235,0.011172459460794926
8,256,236,0.01161328935995698
8,256,237,0.011071816552430391
8,256,238,0.011249248869717121
8,256,239,0.011262364685535431
8,256,240,0.011291800998151302
8,256,241,0.011314427480101585
8,256,242,0.010740436613559723
8,256,243,0.011633912101387978
8,256,244,0.010712844785302877
8,256,245,0.011550301685929298
8,256,246,0.01116354763507843
8,256,247,0.011316955089569092
8,256,248,0.011328190565109253
8,256,249,0.011338593903928995
8,256,250,0.011145803611725569
8,256,251,0.010769959539175034
8,256,252,0.01146358996629715
8,256,253,0.0110499057918787
8,256,254,0.011595467571169138
8,256,255,0.011577018070966005
8,1024,4,0.011633295565843582
8,1024,5,0.01160611491650343
8,1024,6,0.011641590856015682
8,1024,7,0.01160544017329812
8,1024,8,0.011579403653740883
8,1024,9,0.011542822699993849
8,1024,10,0.011528139468282461
8,1024,11,0.01154205622151494
8,1024,12,0.011481366120278835
8,1024,13,0.01152740977704525
8,1024,14,0.011506305541843176
8,1024,15,0.011551881209015846
8,1024,16,0.011493923608213663
8,1024,17,0.011606851126998663
8,1024,18,0.011432187166064978
8,1024,19,0.011501331347972155
8,1024,20,0.011505852453410625
8,1024,21,0.011501584202051163
8,1024,22,0.011475681327283382
8,1024,23,0.011485257651656866
8,1024,24,0.01154336892068386
8,1024,25,0.011516101658344269
8,1024,26,0.011559639126062393
8,1024,27,0.01142504345625639
8,1024,28,0.011572510935366154
8,1024,29,0.01161093171685934
8,1024,30,0.011618576478213072
8,1024,31,0.011537679471075535
8,1024,32,0.011529944371432066
8,1024,33,0.011529614683240652
8,1024,34,0.011504106689244509
8,1024,35,0.011519031599164009
8,1024,36,0.011475911363959312
8,1024,37,0.011582284234464169
8,1024,38,0.011420277878642082
8,1024,39,0.01161809777840972
8,1024,40,0.011384568177163601
8,1024,41,0.01161135034635663
8,1024,42,0.011384189128875732
8,1024,43,0.011568933725357056
8,1024,44,0.011562342755496502
8,1024,45,0.01159801660105586
8,1024,46,0.011579259764403105
8,1024,47,0.011571344919502735
8,1024,48,0.011586890555918217
8,1024,49,0.01147729717195034
8,1024,50,0.011607919819653034
8,1024,51,0.011373254470527172
8,1024,52,0.011429926846176386
8,1024,53,0.01143260346725583
8,1024,54,0.011449532117694616
8,1024,55,0.01148660248145461
8,1024,56,0.011517059057950974
8,1024,57,0.011550439987331629
8,1024,58,0.01154140755534172
8,1024,59,0.011562555562704802
8,1024,60,0.011556069366633892
8,1024,61,0.011586546432226896
8,1024,62,0.011549373622983694
8,1024,63,0.011543762404471636
8,1024,64,0.01152665913105011
8,1024,65,0.01146718394011259
8,1024,66,0.011469104792922735
8,1024,67,0.01147152017802
8,1024,68,0.01147087337449193
8,1024,69,0.011406125500798225
8,1024,70,0.01143945986405015
8,1024,71,0.011400328017771244
8,1024,72,0.011440491769462824
8,1024,73,0.01148158311843872
8,1024,74,0.011670628562569618
8,1024,75,0.011580712161958218
8,1024,76,0.011676511261612177
8,1024,77,0.011553592514246702
8,1024,78,0.011445954907685518
8,1024,79,0.011415219400078058
8,1024,80,0.011533298064023256
8,1024,81,0.011515291407704353
8,1024,82,0.011519865598529577
8,1024,83,0.01151720155030489
8,1024,84,0.011506330221891403
8,1024,85,0.01149151474237442
8,1024,86,0.011455120984464884
8,1024,87,0.011460983194410801
8,1024,88,0.011458856984972954
8,1024,89,0.011472086887806654
8,1024,90,0.011495988816022873
8,1024,91,0.011502362787723541
8,1024,92,0.01151719270274043
8,1024,93,0.01149912178516388
8,1024,94,0.011547383852303028
8,1024,95,0.01148824067786336
8,1024,96,0.011457224376499653
8,1024,97,0.011448326986283064
8,1024,98,0.011349023785442114
8,1024,99,0.011493532452732325
8,1024,100,0.011576689779758453
8,1024,101,0.011544649489223957
8,1024,102,0.011497381143271923
8,1024,103,0.011528492905199528
8,1024,104,0.011497794184833765
8,1024,105,0.011534436140209436
8,1024,106,0.011577584780752659
8,1024,107,0.011592186521738768
8,1024,108,0.011589658446609974
8,1024,109,0.011510707903653383
8,1024,110,0.011522125918418169
8,1024,111,0.011451246682554483
8,1024,112,0.011508638504892588
8,1024,113,0.011451302096247673
8,1024,114,0.011481745168566704
8,1024,115,0.011487638112157583
8,1024,116,0.011490941978991032
8,1024,117,0.011503992602229118
8,1024,118,0.01150345103815198
8,1024,119,0.0115340412594378
8,1024,120,0.011473835445940495
8,1024,121,0.011457583401352167
8,1024,122,0.011458853259682655
8,1024,123,0.011545542161911726
8,1024,124,0.01148802600800991
8,1024,125,0.01159281050786376
8,1024,126,0.011458434630185366
8,1024,127,0.011529478244483471
8,1024,128,0.011542570777237415
8,1024,129,0.01153439236804843
8,1024,130,0.011562063358724117
8,1024,131,0.0115231703966856
8,1024,132,0.011545083485543728
8,1024,133,0.011531081516295671
8,1024,134,0.011554969474673271
8,1024,135,0.011504590976983309
8,1024,136,0.011507169809192419
8,1024,137,0.011529951822012663
8,1024,138,0.011581651400774717
8,1024,139,0.011526648420840502
8,1024,140,0.011643382720649242
8,1024,141,0.011546042747795582
8,1024,142,0.011555318254977465
8,1024,143,0.011499128770083189
8,1024,144,0.011492669582366943
8,1024,145,0.011485226452350616
8,1024,146,0.011505277827382088
8,1024,147,0.01161246094852686
8,1024,148,0.011522895190864801
8,1024,149,0.011676366906613111
8,1024,150,0.011679147835820913
8,1024,151,0.011674152687191963
8,1024,152,0.011625807266682386
8,1024,153,0.011577652301639318
8,1024,154,0.0116176288574934
8,1024,155,0.011529185809195042
8,1024,156,0.011648566462099552
8,1024,157,0.011598455719649792
8,1024,158,0.01164715550839901
8,1024,159,0.011584097985178232
8,1024,160,0.011513061355799437
8,1024,161,0.011521157808601856
8,1024,162,0.011489871423691511
8,1024,163,0.011544173583388329
8,1024,164,0.011498265899717808
8,1024,165,0.011562696658074856
8,1024,166,0.011558270081877708
8,1024,167,0.011573163326829672
8,1024,168,0.011582016479223967
8,1024,169,0.011539670173078775
8,1024,170,0.011601360514760017
8,1024,171,0.011555687058717012
8,1024,172,0.011572062969207764
8,1024,173,0.011548721231520176
8,1024,174,0.011567273177206516
8,1024,175,0.011593963485211134
8,1024,176,0.01163396891206503
8,1024,177,0.011622698977589607
8,1024,178,0.011560995131731033
8,1024,179,0.011549992021173239
8,1024,180,0.011596261523663998
8,1024,181,0.011549774557352066
8,1024,182,0.011585706379264593
8,1024,183,0.011564946733415127
8,1024,184,0.011551481205970049
8,1024,185,0.011544485110789537
8,1024,186,0.011551261879503727
8,1024,187,0.011613663751631975
8,1024,188,0.011566261295229197
8,1024,189,0.011574158445000648
8,1024,190,0.0115601671859622
8,1024,191,0.0115615613758564
8,1024,192,0.011631600558757782
8,1024,193,0.01152071263641119
8,1024,194,0.011705645360052586
8,1024,195,0.011510589625686407
8,1024,196,0.011503357905894518
8,1024,197,0.011531680822372437
8,1024,198,0.011492388788610697
8,1024,199,0.011558271013200283
8,1024,200,0.011598628479987383
8,1024,201,0.011601873207837343
8,1024,202,0.01158453430980444
8,1024,203,0.011589501053094864
8,1024,204,0.011579954531043768
8,1024,205,0.011584891472011805
8,1024,206,0.011552154552191496
8,1024,207,0.011533448938280344
8,1024,208,0.0115292863920331
8,1024,209,0.011608679313212633
8,1024,210,0.011583031620830297
8,1024,211,0.011471213772892952
8,1024,212,0.011526085902005434
8,1024,213,0.011570826638489962
8,1024,214,0.01157158287242055
8,1024,215,0.011569743975996971
8,1024,216,0.011578309815376997
8,1024,217,0.011563633102923632
8,1024,218,0.01155853969976306
8,1024,219,0.011572601273655891
8,1024,220,0.011557674501091242
8,1024,221,0.01157809467986226
8,1024,222,0.011551376432180405
8,1024,223,0.011622931808233261
8,1024,224,0.01153799518942833
8,1024,225,0.011520103085786104
8,1024,226,0.01151895523071289
8,1024,227,0.011524001602083445
8,1024,228,0.011573148891329765
8,1024,229,0.011646752711385489
8,1024,230,0.011662071570754051
8,1024,231,0.011666045524179935
8,1024,232,0.01159381028264761
8,1024,233,0.011587436310946941
8,1024,234,0.011571317911148071
8,1024,235,0.011580335441976786
8,1024,236,0.011579144280403852
8,1024,237,0.011585657484829426
8,1024,238,0.011560900136828423
8,1024,239,0.011540508829057217
8,1024,240,0.011566615663468838
8,1024,241,0.01153693487867713
8,1024,242,0.011547713540494442
8,1024,243,0.011564373038709164
8,1024,244,0.011537918820977211
8,1024,245,0.011659719049930573
8,1024,246,0.011476126499474049
8,1024,247,0.0115909893065691
8,1024,248,0.011597837787121534
8,1024,249,0.011632267385721207
8,1024,250,0.011621465440839529
8,1024,251,0.011682369280606508
8,1024,252,0.01154931727796793
8,1024,253,0.011703739408403635
8,1024,254,0.011333095841109753
8,1024,255,0.011242273263633251
8,4096,4,0.09519490506500006
8,4096,5,0.09542724676430225
8,4096,6,0.05619010794907808
8,4096,7,0.05491990828886628
8,4096,8,0.015392097644507885
8,4096,9,0.013034522999078035
8,4096,10,0.013313487637788057
8,4096,11,0.012973168399184942
8,4096,12,0.01293203653767705
8,4096,13,0.012943691108375788
8,4096,14,0.012918584048748016
8,4096,15,0.012928660027682781
8,4096,16,0.012792077381163836
8,4096,17,0.012974950484931469
8,4096,18,0.012758290860801935
8,4096,19,0.01292725745588541
8,4096,20,0.01272852485999465
8,4096,21,0.012880570255219936
8,4096,22,0.01278195483610034
8,4096,23,0.012784271035343409
8,4096,24,0.012786387000232935
8,4096,25,0.012802587356418371
8,4096,26,0.012782821897417307
8,4096,27,0.012910063844174147
8,4096,28,0.012735082767903805
8,4096,29,0.012971420306712389
8,4096,30,0.012748221401125193
8,4096,31,0.01283885957673192
8,4096,32,0.012871281243860722
8,4096,33,0.012746453285217285
8,4096,34,0.012821507174521685
8,4096,35,0.012825665529817343
8,4096,36,0.012719931546598673
8,4096,37,0.012944963760674
8,4096,38,0.012857642490416765
8,4096,39,0.012711793184280396
8,4096,40,0.012849051039665937
8,4096,41,0.01269900007173419
8,4096,42,0.012867930345237255
8,4096,43,0.01273415144532919
8,4096,44,0.012713007628917694
8,4096,45,0.012728063389658928
8,4096,46,0.012701163534075022
8,4096,47,0.012720899190753698
8,4096,48,0.012847150210291147
8,4096,49,0.0126729984767735
8,4096,50,0.013054301496595144
8,4096,51,0.012725227046757936
8,4096,52,0.012848297599703074
8,4096,53,0.0127607062458992
8,4096,54,0.012970523443073034
8,4096,55,0.0126025197096169
8,4096,56,0.013007231522351503
8,4096,57,0.012643162626773119
8,4096,58,0.012940643820911646
8,4096,59,0.012807783670723438
8,4096,60,0.012927039060741663
8,4096,61,0.012825281359255314
8,4096,62,0.012903152965009212
8,4096,63,0.012834245339035988
8,4096,64,0.012912347912788391
8,4096,65,0.012680764310061932
8,4096,66,0.012898351531475782
8,4096,67,0.01283829240128398
8,4096,68,0.012868099845945835
8,4096,69,0.012878580950200558
8,4096,70,0.012850958853960037
8,4096,71,0.01290180953219533
8,4096,72,0.012843922711908817
8,4096,73,0.012884531635791063
8,4096,74,0.012856594752520323
8,4096,75,0.012918706983327866
8,4096,76,0.012841973453760147
8,4096,77,0.012922101654112339
8,4096,78,0.012851088773459196
8,4096,79,0.012953665107488632
8,4096,80,0.012809370644390583
8,4096,81,0.012957664206624031
8,4096,82,0.012811059132218361
8,4096,83,0.013032007962465286
8,4096,84,0.012792718596756458
8,4096,85,0.012914558406919241
8,4096,86,0.012860517483204603
8,4096,87,0.012934066820889711
8,4096,88,0.012661598157137632
8,4096,89,0.013028848450630903
8,4096,90,0.012650695629417896
8,4096,91,0.013012514915317297
8,4096,92,0.012810430489480495
8,4096,93,0.01296379417181015
8,4096,94,0.01269217673689127
8,4096,95,0.013009700458496809
8,4096,96,0.012810612563043833
8,4096,97,0.012829860672354698
8,4096,98,0.01288767158985138
8,4096,99,0.01287573017179966
8,4096,100,0.012813855428248644
8,4096,101,0.012972175143659115
8,4096,102,0.012856015469878912
8,4096,103,0.012832022737711668
8,4096,104,0.012887804303318262
8,4096,105,0.012847451493144035
8,4096,106,0.01287972740828991
8,4096,107,0.012848712038248777
8,4096,108,0.012887408025562763
8,4096,109,0.012834344059228897
8,4096,110,0.012918013613671064
8,4096,111,0.012842840980738401
8,4096,112,0.012846806086599827
8,4096,113,0.012835398782044649
8,4096,114,0.012876058463007212
8,4096,115,0.012830669060349464
8,4096,116,0.012849238701164722
8,4096,117,0.012824739329516888
8,4096,118,0.012873593252152205
8,4096,119,0.01283505791798234
8,4096,120,0.012946374714374542
8,4096,121,0.012834582477807999
8,4096,122,0.012915062718093395
8,4096,123,0.012817201670259237
8,4096,124,0.012889011297374964
8,4096,125,0.012857272289693356
8,4096,126,0.012930422555655241
8,4096,127,0.012814808171242476
8,4096,128,0.012874783016741276
8,4096,129,0.012921609450131655
8,4096,130,0.012933469843119383
8,4096,131,0.012783854268491268
8,4096,132,0.013009035028517246
8,4096,133,0.012810082640498877
8,4096,134,0.013015716336667538
8,4096,135,0.012797662056982517
8,4096,136,0.01300884410738945
8,4096,137,0.01295143598690629
8,4096,138,0.013000386767089367
8,4096,139,0.012838613707572222
8,4096,140,0.012910262681543827
8,4096,141,0.012981649953871965
8,4096,142,0.01302516832947731
8,4096,143,0.012786155100911856
8,4096,144,0.012956467922776937
8,4096,145,0.012992105446755886
8,4096,146,0.012813123874366283
8,4096,147,0.012963068671524525
8,4096,148,0.012811096385121346
8,4096,149,0.013135659974068403
8,4096,150,0.012635888997465372
8,4096,151,0.013049082364886999
8,4096,152,0.01286690216511488
8,4096,153,0.012927287723869085
8,4096,154,0.012872437946498394
8,4096,155,0.012937098275870085
8,4096,156,0.012715887278318405
8,4096,157,0.01305044163018465
8,4096,158,0.012661664746701717
8,4096,159,0.013131086714565754
8,4096,160,0.012779390439391136
8,4096,161,0.012981629930436611
8,4096,162,0.012791493907570839
8,4096,163,0.012895727064460516
8,4096,164,0.012788394466042519
8,4096,165,0.01301320269703865
8,4096,166,0.01274331659078598
8,4096,167,0.01298837922513485
8,4096,168,0.012765716295689344
8,4096,169,0.012890795711427927
8,4096,170,0.012807094492018223
8,4096,171,0.012893881648778915
8,4096,172,0.012853342574089766
8,4096,173,0.012894665356725454
8,4096,174,0.012736775446683168
8,4096,175,0.013052046764642
8,4096,176,0.012853897176682949
8,4096,177,0.012945143040269613
8,4096,178,0.012802937533706427
8,4096,179,0.012918396387249231
8,4096,180,0.012863946612924337
8,4096,181,0.012899352703243494
8,4096,182,0.012846281751990318
8,4096,183,0.012981169857084751
8,4096,184,0.012774205766618252
8,4096,185,0.013004784472286701
8,4096,186,0.01276556821539998
8,4096,187,0.012943744659423828
8,4096,188,0.012784469407051802
8,4096,189,0.012874901294708252
8,4096,190,0.012875723652541637
8,4096,191,0.012946159113198519
8,4096,192,0.012850060127675533
8,4096,193,0.012852629646658897
8,4096,194,0.012920972891151905
8,4096,195,0.012840284500271082
8,4096,196,0.013050177600234747
8,4096,197,0.012727934401482344
8,4096,198,0.013076267205178738
8,4096,199,0.012743628118187189
8,4096,200,0.013110842555761337
8,4096,201,0.012696444988250732
8,4096,202,0.013026672415435314
8,4096,203,0.01272889506071806
8,4096,204,0.013018298894166946
8,4096,205,0.012645266484469175
8,4096,206,0.013106541708111763
8,4096,207,0.012732523493468761
8,4096,208,0.013060120400041342
8,4096,209,0.012731652241200209
8,4096,210,0.013026358559727669
8,4096,211,0.012894230429083109
8,4096,212,0.01299508661031723
8,4096,213,0.012998928781598806
8,4096,214,0.012873260769993067
8,4096,215,0.01301970100030303
8,4096,216,0.012891332618892193
8,4096,217,0.013008804991841316
8,4096,218,0.012831990607082844
8,4096,219,0.013092146255075932
8,4096,220,0.012774087022989988
8,4096,221,0.013044692110270262
8,4096,222,0.012949891854077578
8,4096,223,0.01302829198539257
8,4096,224,0.012957561761140823
8,4096,225,0.012918594758957624
8,4096,226,0.012869940605014563
8,4096,227,0.01301963534206152
8,4096,228,0.012875599320977926
8,4096,229,0.012856179382652044
8,4096,230,0.012829062528908253
8,4096,231,0.013017227873206139
8,4096,232,0.012775922659784555
8,4096,233,0.012956265360116959
8,4096,234,0.012770548928529024
8,4096,235,0.013021120801568031
8,4096,236,0.01275072805583477
8,4096,237,0.01298558246344328
8,4096,238,0.01275146845728159
8,4096,239,0.012981719803065062
8,4096,240,0.012799895368516445
8,4096,241,0.012989192269742489
8,4096,242,0.01275576464831829
8,4096,243,0.01299120020121336
8,4096,244,0.012732429895550013
8,4096,245,0.013035654090344906
8,4096,246,0.012660020496696234
8,4096,247,0.012996004428714514
8,4096,248,0.012502236757427454
8,4096,249,0.01295633427798748
8,4096,250,0.012386745307594538
8,4096,251,0.012751130852848291
8,4096,252,0.012132711242884398
8,4096,253,0.012689968105405569
8,4096,254,0.011858710087835789
8,4096,255,0.012281214818358421
16,64,4,0.011443008203059435
16,64,5,0.010775694157928228
16,64,6,0.011406565550714731
16,64,7,0.011270600371062756
16,64,8,0.011029817163944244
16,64,9,0.01077834889292717
16,64,10,0.0112539604306221
16,64,11,0.01108565367758274
16,64,12,0.010742402169853449
16,64,13,0.011273038107901812
16,64,14,0.010887709446251392
16,64,15,0.011449516750872135
16,64,16,0.011088775470852852
16,64,17,0.010952940676361322
16,64,18,0.010599197819828987
16,64,19,0.010990676004439592
16,64,20,0.010885892901569605
16,64,21,0.011047708801925182
16,64,22,0.010913286823779345
16,64,23,0.011060300283133984
16,64,24,0.011589977890253067
16,64,25,0.010805453173816204
16,64,26,0.010744424536824226
16,64,27,0.011102984193712473
16,64,28,0.010829178616404533
16,64,29,0.011302114930003881
16,64,30,0.010857803281396627
16,64,31,0.01087956503033638
16,64,32,0.011218767613172531
16,64,33,0.011150702368468046
16,64,34,0.010691857431083918
16,64,35,0.011076456867158413
16,64,36,0.011191691737622023
16,64,37,0.010702516417950392
16,64,38,0.011312336195260286
16,64,39,0.010809077881276608
16,64,40,0.01112833246588707
16,64,41,0.01092899451032281
16,64,42,0.011277141515165567
16,64,43,0.010824241675436497
16,64,44,0.011039675679057837
16,64,45,0.011101508513092995
16,64,46,0.01062345365062356
16,64,47,0.011468223296105862
16,64,48,0.010939174797385931
16,64,49,0.010646256152540445
16,64,50,0.010951072908937931
16,64,51,0.011268897913396358
16,64,52,0.011043107137084007
16,64,53,0.010752155911177397
16,64,54,0.01126562850549817
16,64,55,0.010942002292722464
16,64,56,0.01110203517600894
16,64,57,0.011126261670142412
16,64,58,0.010693128686398268
16,64,59,0.010900222696363926
16,64,60,0.011299180332571268
16,64,61,0.011031423695385456
16,64,62,0.010792428627610207
16,64,63,0.01100589381530881
16,64,64,0.011034392286092043
16,64,65,0.01148866442963481
16,64,66,0.011021582875400782
16,64,67,0.010965060908347368
16,64,68,0.010759908240288496
16,64,69,0.011081844568252563
16,64,70,0.010985722299665213
16,64,71,0.011042769998311996
16,64,72,0.011516345664858818
16,64,73,0.010744384955614805
16,64,74,0.01178758218884468
16,64,75,0.0106684984639287
16,64,76,0.01080652792006731
16,64,77,0.010988058988004923
16,64,78,0.011189934331923723
16,64,79,0.011022979393601418
16,64,80,0.011255495715886354
16,64,81,0.01113281399011612
16,64,82,0.010909400880336761
16,64,83,0.011250904761254787
16,64,84,0.011532479897141457
16,64,85,0.010418177116662264
16,64,86,0.011171368416398764
16,64,87,0.011115625035017729
16,64,88,0.011326417326927185
16,64,89,0.01061188755556941
16,64,90,0.011566508561372757
16,64,91,0.010884978342801332
16,64,92,0.011532835196703672
16,64,93,0.010936734266579151
16,64,94,0.010621773079037666
16,64,95,0.011341906618326902
16,64,96,0.010846059303730726
16,64,97,0.011684721801429987
16,64,98,0.010564032010734081
16,64,99,0.010927969589829445
16,64,100,0.011016081552952528
16,64,101,0.011353549547493458
16,64,102,0.011071278247982264
16,64,103,0.010951871983706951
16,64,104,0.010901470202952623
16,64,105,0.011835137382149696
16,64,106,0.010548037011176348
16,64,107,0.011018173303455114
16,64,108,0.011110188439488411
16,64,109,0.010971463285386562
16,64,110,0.011076816357672215
16,64,111,0.010970596224069595
16,64,112,0.011281546670943499
16,64,113,0.011359611991792917
16,64,114,0.011074598412960768
16,64,115,0.011011112947016954
16,64,116,0.011133514810353518
16,64,117,0.011157657485455275
16,64,118,0.010735961608588696
16,64,119,0.011065422091633081
16,64,120,0.011098565068095922
16,64,121,0.011185586918145418
16,64,122,0.011383625213056803
16,64,123,0.010994181968271732
16,64,124,0.011242776177823544
16,64,125,0.011154269333928823
16,64,126,0.010765238665044308
16,64,127,0.011027503293007612
16,64,128,0.011151674203574657
16,64,129,0.011192310601472855
16,64,130,0.010844352655112743
16,64,131,0.011503230780363083
16,64,132,0.010743667371571064
16,64,133,0.01122769434005022
16,64,134,0.011107534635812044
16,64,135,0.01115315081551671
16,64,136,0.010810376144945621
16,64,137,0.011228128802031279
16,64,138,0.010966094210743904
16,64,139,0.011137605644762516
16,64,140,0.011342913843691349
16,64,141,0.011562868021428585
16,64,142,0.010708767920732498
16,64,143,0.011281374376267195
16,64,144,0.011012458242475986
16,64,145,0.01095752278342843
16,64,146,0.01096349535509944
16,64,147,0.011235933285206556
16,64,148,0.011061838828027248
16,64,149,0.015475045889616013
16,64,150,0.007196792867034674
16,64,151,0.010557000525295734
16,64,152,0.010989472270011902
16,64,153,0.011051411740481853
16,64,154,0.011390470899641514
16,64,155,0.011155454441905022
16,64,156,0.011063860263675451
16,64,157,0.010823085904121399
16,64,158,0.011466857977211475
16,64,159,0.011055955197662115
16,64,160,0.010901904664933681
16,64,161,0.011127748526632786
16,64,162,0.01140552293509245
16,64,163,0.010876374319195747
16,64,164,0.011362234130501747
16,64,165,0.01098536653444171
16,64,166,0.010996775701642036
16,64,167,0.01141048688441515
16,64,168,0.011076565366238356
16,64,169,0.011068021412938833
16,64,170,0.011157049797475338
16,64,171,0.010922999121248722
16,64,172,0.010987747926265001
16,64,173,0.011085594072937965
16,64,174,0.011057137977331877
16,64,175,0.011193628422915936
16,64,176,0.011118869297206402
16,64,177,0.011041563004255295
16,64,178,0.011236769612878561
16,64,179,0.011434817686676979
16,64,180,0.011168867815285921
16,64,181,0.010772501584142447
16,64,182,0.01105693681165576
16,64,183,0.011485085356980562
16,64,184,0.010855010244995356
16,64,185,0.01096657058224082
16,64,186,0.011421534698456526
16,64,187,0.011303728446364403
16,64,188,0.011121186893433332
16,64,189,0.011114835739135742
16,64,190,0.010816910304129124
16,64,191,0.011241735890507698
16,64,192,0.011179649271070957
16,64,193,0.011067520827054977
16,64,194,0.01154614007100463
16,64,195,0.011181785259395838
16,64,196,0.011103437282145023
16,64,197,0.011099197901785374
16,64,198,0.011430105194449425
16,64,199,0.011008913628757
16,64,200,0.01098721893504262
16,64,201,0.011077969800680876
16,64,202,0.011294598691165447
16,64,203,0.011530444491654634
16,64,204,0.011160018388181925
16,64,205,0.011215860489755869
16,64,206,0.011247508693486452
16,64,207,0.011247591581195593
16,64,208,0.01092074578627944
16,64,209,0.011114357504993677
16,64,210,0.011421949602663517
16,64,211,0.01089744595810771
16,64,212,0.011535614728927612
16,64,213,0.011172073427587748
16,64,214,0.011210438329726458
16,64,215,0.011243352200835943
16,64,216,0.01118456106632948
16,64,217,0.011117420624941587
16,64,218,0.01104912580922246
16,64,219,0.011368639767169952
16,64,220,0.010987208224833012
16,64,221,0.011408844497054815
16,64,222,0.01100872503593564
16,64,223,0.01126587949693203
16,64,224,0.011482672300189734
16,64,225,0.011227402370423079
16,64,226,0.011080493684858084
16,64,227,0.01135125057771802
16,64,228,0.010962245985865593
16,64,229,0.011052486021071672
16,64,230,0.011560243088752031
16,64,231,0.01107590552419424
16,64,232,0.011298839002847672
16,64,233,0.011237683705985546
16,64,234,0.011273257434368134
16,64,235,0.011039979290217161
16,64,236,0.010922478046268225
16,64,237,0.011312597431242466
16,64,238,0.011178960558027029
16,64,239,0.01147891441360116
16,64,240,0.01131660956889391
16,64,241,0.011162639129906893
16,64,242,0.011181890033185482
16,64,243,0.01126946322619915
16,64,244,0.011169255711138248
16,64,245,0.010946639347821474
16,64,246,0.01153584010899067
16,64,247,0.010925667360424995
16,64,248,0.011143161449581385
16,64,249,0.011538343038409948
16,64,250,0.010839055757969618
16,64,251,0.011626292951405048
16,64,252,0.011153365019708872
16,64,253,0.011177288834005594
16,64,254,0.011559973005205393
16,64,255,0.012143341358751059
16,256,4,0.01142944023013115
16,256,5,0.011453188490122557
16,256,6,0.011253499891608953
16,256,7,0.011337608564645052
16,256,8,0.011017237789928913
16,256,9,0.01147942990064621
16,256,10,0.011133302003145218
16,256,11,0.011220402549952269
16,256,12,0.011124013923108578
16,256,13,0.011206232476979494
16,256,14,0.011287656147032976
16,256,15,0.011352385394275188
16,256,16,0.011167577933520079
16,256,17,0.011275100987404585
16,256,18,0.011398453265428543
16,256,19,0.011250081937760115
16,256,20,0.011201860383152962
16,256,21,0.011060275603085756
16,256,22,0.01131328521296382
16,256,23,0.011304629035294056
16,256,24,0.011188026051968336
16,256,25,0.010962233878672123
16,256,26,0.011280521284788847
16,256,27,0.01123524084687233
16,256,28,0.011076429393142462
16,256,29,0.011364526581019163
16,256,30,0.010857502929866314
16,256,31,0.01155149471014738
16,256,32,0.011234191711992025
16,256,33,0.011203820817172527
16,256,34,0.010978587437421083
16,256,35,0.011215652339160442
16,256,36,0.011364120990037918
16,256,37,0.011377918999642134
16,256,38,0.011074510868638754
16,256,39,0.011122637894004583
16,256,40,0.011242181528359652
16,256,41,0.01128041883930564
16,256,42,0.01121807424351573
16,256,43,0.011018613819032907
16,256,44,0.011233676224946976
16,256,45,0.011336870025843382
16,256,46,0.011305848136544228
16,256,47,0.01126421568915248
16,256,48,0.011046457570046186
16,256,49,0.011397790163755417
16,256,50,0.011218189261853695
16,256,51,0.011056237388402224
16,256,52,0.011222110595554113
16,256,53,0.011134028434753418
16,256,54,0.011356447357684374
16,256,55,0.011118777096271515
16,256,56,0.011185869108885527
16,256,57,0.011038749013096094
16,256,58,0.011364731006324291
16,256,59,0.011137291323393583
16,256,60,0.011261874344199896
16,256,61,0.010967417620122433
16,256,62,0.011276463512331247
16,256,63,0.01138747250661254
16,256,64,0.01116511644795537
16,256,65,0.01130261505022645
16,256,66,0.011032628826797009
16,256,67,0.01139798341318965
16,256,68,0.011298860888928175
16,256,69,0.011349300388246775
16,256,70,0.010960805229842663
16,256,71,0.011362019460648298
16,256,72,0.011343202088028193
16,256,73,0.011328721418976784
16,256,74,0.011296527460217476
16,256,75,0.01108309905976057
16,256,76,0.011469084769487381
16,256,77,0.011154588777571917
16,256,78,0.01126055046916008
16,256,79,0.011049396824091673
16,256,80,0.011092192027717829
16,256,81,0.011442774441093206
16,256,82,0.010910279117524624
16,256,83,0.011390218511223793
16,256,84,0.011136111803352833
16,256,85,0.011406254023313522
16,256,86,0.011315297335386276
16,256,87,0.01124028954654932
16,256,88,0.01101258909329772
16,256,89,0.011362864170223475
16,256,90,0.01135585643351078
16,256,91,0.011252957861870527
16,256,92,0.011257009115070105
16,256,93,0.011089978739619255
16,256,94,0.0114275012165308
16,256,95,0.01118527352809906
16,256,96,0.011253484059125185
16,256,97,0.011089908424764872
16,256,98,0.011182854417711496
16,256,99,0.011208160780370235
16,256,100,0.011089697945863008
16,256,101,0.011234735138714314
16,256,102,0.011138196103274822
16,256,103,0.011263809632509947
16,256,104,0.011265727691352367
16,256,105,0.011184573639184237
16,256,106,0.01126700034365058
16,256,107,0.011273287236690521
16,256,108,0.011189796961843967
16,256,109,0.011240855790674686
16,256,110,0.011288624722510576
16,256,111,0.011293981224298477
16,256,112,0.011213776655495167
16,256,113,0.011159323155879974
16,256,114,0.01122366450726986
16,256,115,0.011279639322310686
16,256,116,0.011224884074181318
16,256,117,0.011337457224726677
16,256,118,0.011185307055711746
16,256,119,0.011318384669721127
16,256,120,0.011536316480487585
16,256,121,0.011208712123334408
16,256,122,0.011217489838600159
16,256,123,0.011249658651649952
16,256,124,0.01133056404069066
16,256,125,0.01107460306957364
16,256,126,0.011422545649111271
16,256,127,0.011107845697551966
16,256,128,0.011423576157540083
16,256,129,0.011038907803595066
16,256,130,0.011475838720798492
16,256,131,0.011527496855705976
16,256,132,0.011374118272215128
16,256,133,0.011333641596138477
16,256,134,0.011113991495221853
16,256,135,0.011308953631669283
16,256,136,0.011471315752714872
16,256,137,0.011211077682673931
16,256,138,0.011285958345979452
16,256,139,0.011362906079739332
16,256,140,0.011213434394448996
16,256,141,0.011454963125288486
16,256,142,0.011296887416392565
16,256,143,0.011273903772234917
16,256,144,0.011217113118618727
16,256,145,0.011295199394226074
16,256,146,0.011331921443343163
16,256,147,0.01131620118394494
16,256,148,0.011323099955916405
16,256,149,0.011237618047744036
16,256,150,0.011122810654342175
16,256,151,0.011350925546139479
16,256,152,0.011156962253153324
16,256,153,0.01139828423038125
16,256,154,0.01125251967459917
16,256,155,0.011336271185427904
16,256,156,0.011301716789603233
16,256,157,0.011241133324801922
16,256,158,0.011303271166980267
16,256,159,0.011362638790160418
16,256,160,0.011416257359087467
16,256,161,0.011296235490590334
16,256,162,0.011295753996819258
16,256,163,0.011511983815580606
16,256,164,0.011051546782255173
16,256,165,0.011454133316874504
16,256,166,0.011340661440044641
16,256,167,0.011449562385678291
16,256,168,0.011422633193433285
16,256,169,0.01131827849894762
16,256,170,0.011219503358006477
16,256,171,0.011319524608552456
16,256,172,0.011234150268137455
16,256,173,0.011335666757076979
16,256,174,0.011342566926032305
16,256,175,0.011309426743537188
16,256,176,0.011221511289477348
16,256,177,0.011366430670022964
16,256,178,0.011334151029586792
16,256,179,0.011212936136871576
16,256,180,0.011394592933356762
16,256,181,0.011308770626783371
16,256,182,0.0113661615177989
16,256,183,0.011458178516477346
16,256,184,0.011237738188356161
16,256,185,0.011264856904745102
16,256,186,0.013161934446543455
16,256,187,0.009588449262082577
16,256,188,0.01103315269574523
16,256,189,0.011123690288513899
16,256,190,0.011338269338011742
16,256,191,0.011451414320617914
16,256,192,0.011535405181348324
16,256,193,0.011267082300037146
16,256,194,0.011344667058438063
16,256,195,0.011385011486709118
16,256,196,0.011394963599741459
16,256,197,0.011202553752809763
16,256,198,0.0114060677587986
16,256,199,0.011442505288869143
16,256,200,0.011338820215314627
16,256,201,0.011388257145881653
16,256,202,0.011339087504893541
16,256,203,0.011290512047708035
16,256,204,0.011334042064845562
16,256,205,0.011323433369398117
16,256,206,0.011319585144519806
16,256,207,0.011476857122033834
16,256,208,0.011228707619011402
16,256,209,0.011490017175674438
16,256,210,0.011200988665223122
16,256,211,0.011365976184606552
16,256,212,0.011359745636582375
16,256,213,0.011419674847275019
16,256,214,0.011299915611743927
16,256,215,0.011350683867931366
16,256,216,0.011447332799434662
16,256,217,0.011503339745104313
16,256,218,0.011329219676554203
16,256,219,0.01152651896700263
16,256,220,0.011304343584924936
16,256,221,0.011310716159641743
16,256,222,0.011286630295217037
16,256,223,0.011206591501832008
16,256,224,0.011281415820121765
16,256,225,0.011313057038933039
16,256,226,0.01137835206463933
16,256,227,0.011456390377134085
16,256,228,0.01143342163413763
16,256,229,0.011211848817765713
16,256,230,0.011431457474827766
16,256,231,0.011497199069708586
16,256,232,0.01135799940675497
16,256,233,0.01133424835279584
16,256,234,0.011308861430734396
16,256,235,0.0113994344137609
16,256,236,0.011415245942771435
16,256,237,0.01137583702802658
16,256,238,0.011268169153481722
16,256,239,0.011434849817305803
16,256,240,0.011361020617187023
16,256,241,0.011353407520800829
16,256,242,0.011324333027005196
16,256,243,0.011310980655252934
16,256,244,0.011366250459104776
16,256,245,0.011433437466621399
16,256,246,0.011413481552153826
16,256,247,0.011321842204779387
16,256,248,0.011444875039160252
16,256,249,0.011274793650954962
16,256,250,0.01125125540420413
16,256,251,0.01125939516350627
16,256,252,0.011364670470356941
16,256,253,0.011530454736202955
16,256,254,0.011887404602020979
16,256,255,0.011504936963319778
16,1024,4,0.013177367392927408
16,1024,5,0.01225294265896082
16,1024,6,0.01200798200443387
16,1024,7,0.011945130303502083
16,1024,8,0.011939079035073519
16,1024,9,0.011915843468159437
16,1024,10,0.011929872911423445
16,1024,11,0.011944786179810762
16,1024,12,0.011929412372410297
16,1024,13,0.011912389192730188
16,1024,14,0.01193868089467287
16,1024,15,0.01187810255214572
16,1024,16,0.011939610354602337
16,1024,17,0.011908355168998241
16,1024,18,0.011945672333240509
16,1024,19,0.011956871021538973
16,1024,20,0.011866217013448477
16,1024,21,0.011901124380528927
16,1024,22,0.011857470031827688
16,1024,23,0.011835493613034487
16,1024,24,0.011842845007777214
16,1024,25,0.011825027875602245
16,1024,26,0.011815492063760757
16,1024,27,0.011825143825262785
16,1024,28,0.011831495445221663
16,1024,29,0.01181549858301878
16,1024,30,0.011824090033769608
16,1024,31,0.011889207176864147
16,1024,32,0.011801369022578001
16,1024,33,0.011848120484501123
16,1024,34,0.011946414597332478
16,1024,35,0.011749019380658865
16,1024,36,0.011906071100383997
16,1024,37,0.011785360984504223
16,1024,38,0.01182758528739214
16,1024,39,0.011783461552113295
16,1024,40,0.011858231853693724
16,1024,41,0.011860191822052002
16,1024,42,0.01185948634520173
16,1024,43,0.01184373302385211
16,1024,44,0.011875881347805262
16,1024,45,0.011870857793837786
16,1024,46,0.011872951406985521
16,1024,47,0.011871843133121729
16,1024,48,0.01187917124480009
16,1024,49,0.011851035058498383
16,1024,50,0.01186468219384551
16,1024,51,0.011861917562782764
16,1024,52,0.011852111667394638
16,1024,53,0.011864499654620886
16,1024,54,0.011862536426633596
16,1024,55,0.011828485410660505
16,1024,56,0.01186698256060481
16,1024,57,0.011839983984827995
16,1024,58,0.011874895077198744
16,1024,59,0.011879988014698029
16,1024,60,0.011876151897013187
16,1024,61,0.011943327728658915
16,1024,62,0.011916961520910263
16,1024,63,0.011890951078385115
16,1024,64,0.011907225474715233
16,1024,65,0.011837812140583992
16,1024,66,0.01185899367555976
16,1024,67,0.01184088783338666
16,1024,68,0.011836819350719452
16,1024,69,0.011840191204100847
16,1024,70,0.01185594592243433
16,1024,71,0.011865134816616774
16,1024,72,0.011908085085451603
16,1024,73,0.011904825456440449
16,1024,74,0.011904895771294832
16,1024,75,0.011891400907188654
16,1024,76,0.011887347791343927
16,1024,77,0.011904189363121986
16,1024,78,0.01188678527250886
16,1024,79,0.011883256956934929
16,1024,80,0.011855075601488352
16,1024,81,0.011821459047496319
16,1024,82,0.011815942358225584
16,1024,83,0.011809463147073984
16,1024,84,0.011879915837198496
16,1024,85,0.011885983869433403
16,1024,86,0.011807949747890234
16,1024,87,0.011851059272885323
16,1024,88,0.011909232940524817
16,1024,89,0.011908749584108591
16,1024,90,0.011940017808228731
16,1024,91,0.01193035114556551
16,1024,92,0.011915689334273338
16,1024,93,0.01190773630514741
16,1024,94,0.01190741965547204
16,1024,95,0.011918218340724707
16,1024,96,0.01182678434997797
16,1024,97,0.011951643507927656
16,1024,98,0.011820526327937841
16,1024,99,0.011929220985621214
16,1024,100,0.011794223915785551
16,1024,101,0.011942040175199509
16,1024,102,0.011927289888262749
16,1024,103,0.01194789120927453
16,1024,104,0.011943161021918058
16,1024,105,0.011903294362127781
16,1024,106,0.011900697369128466
16,1024,107,0.01189270056784153
16,1024,108,0.01189105724915862
16,1024,109,0.011857674922794104
16,1024,110,0.01189303258433938
16,1024,111,0.011886831372976303
16,1024,112,0.011900072917342186
16,1024,113,0.01183311827480793
16,1024,114,0.011938751675188541
16,1024,115,0.01183645287528634
16,1024,116,0.01193199772387743
16,1024,117,0.011821551248431206
16,1024,118,0.011953841894865036
16,1024,119,0.011987319681793451
16,1024,120,0.011904471553862095
16,1024,121,0.011888311710208654
16,1024,122,0.011982101015746593
16,1024,123,0.011956063099205494
16,1024,124,0.011929049622267485
16,1024,125,0.011964583769440651
16,1024,126,0.01195106329396367
16,1024,127,0.011955606285482645
16,1024,128,0.01192107517272234
16,1024,129,0.011987411882728338
16,1024,130,0.011960059404373169
16,1024,131,0.012033875100314617
16,1024,132,0.011996232904493809
16,1024,133,0.012015709187835455
16,1024,134,0.011974577326327562
16,1024,135,0.012008215300738811
16,1024,136,0.012028472498059273
16,1024,137,0.01202755467966199
16,1024,138,0.01205164659768343
16,1024,139,0.011997017543762922
16,1024,140,0.012040593661367893
16,1024,141,0.012020436581224203
16,1024,142,0.012033902574330568
16,1024,143,0.01202431507408619
16,1024,144,0.012012688908725977
16,1024,145,0.01203374657779932
16,1024,146,0.012035760097205639
16,1024,147,0.012032485101372004
16,1024,148,0.012006590608507395
16,1024,149,0.01193825202062726
16,1024,150,0.012044490315020084
16,1024,151,0.011954604648053646
16,1024,152,0.011982055380940437
16,1024,153,0.011961956974118948
16,1024,154,0.011982574127614498
16,1024,155,0.011988979298621416
16,1024,156,0.0119865951128304
16,1024,157,0.012000930961221457
16,1024,158,0.011984096840023994
16,1024,159,0.011876193340867758
16,1024,160,0.01202582661062479
16,1024,161,0.01198504213243723
16,1024,162,0.012000818736851215
16,1024,163,0.012019872665405273
16,1024,164,0.011965989600867033
16,1024,165,0.012004384770989418
16,1024,166,0.011971398256719112
16,1024,167,0.012003466486930847
16,1024,168,0.011975906789302826
16,1024,169,0.011930784676223993
16,1024,170,0.012021272908896208
16,1024,171,0.011980600655078888
16,1024,172,0.011882954742759466
16,1024,173,0.012007368728518486
16,1024,174,0.011886051390320063
16,1024,175,0.01200589444488287
16,1024,176,0.011895501986145973
16,1024,177,0.01194839272648096
16,1024,178,0.012034323066473007
16,1024,179,0.012035628780722618
16,1024,180,0.012040331959724426
16,1024,181,0.012033302802592516
16,1024,182,0.01203456660732627
16,1024,183,0.012040280271321535
16,1024,184,0.012031058315187693
16,1024,185,0.012037176173180342
16,1024,186,0.012035269290208817
16,1024,187,0.01205423753708601
16,1024,188,0.012026378884911537
16,1024,189,0.012015164364129305
16,1024,190,0.012061143293976784
16,1024,191,0.011895506177097559
16,1024,192,0.011996602173894644
16,1024,193,0.011929062195122242
16,1024,194,0.011985250748693943
16,1024,195,0.011995696928352118
16,1024,196,0.011977360118180513
16,1024,197,0.012005023192614317
16,1024,198,0.011998070403933525
16,1024,199,0.011999073904007673
16,1024,200,0.012000388465821743
16,1024,201,0.012000361923128366
16,1024,202,0.011984307784587145
16,1024,203,0.01199428178369999
16,1024,204,0.01198332803323865
16,1024,205,0.011825195513665676
16,1024,206,0.01190272020176053
16,1024,207,0.011919264215976
16,1024,208,0.01186456624418497
16,1024,209,0.011973528657108545
16,1024,210,0.011918146628886461
16,1024,211,0.012020683381706476
16,1024,212,0.012013415340334177
16,1024,213,0.011997576337307692
16,1024,214,0.012005272321403027
16,1024,215,0.012021900154650211
16,1024,216,0.012007108889520168
16,1024,217,0.012008750811219215
16,1024,218,0.012010062113404274
16,1024,219,0.012028941884636879
16,1024,220,0.012013420462608337
16,1024,221,0.01202402077615261
16,1024,222,0.012067434377968311
16,1024,223,0.012047693133354187
16,1024,224,0.012027103453874588
16,1024,225,0.012047822587192059
16,1024,226,0.012009559664875269
16,1024,227,0.012009820900857449
16,1024,228,0.012013358063995838
16,1024,229,0.01196066988632083
16,1024,230,0.012051230762153864
16,1024,231,0.011993379332125187
16,1024,232,0.012018620502203703
16,1024,233,0.01197708211839199
16,1024,234,0.012084171641618013
16,1024,235,0.011963899713009596
16,1024,236,0.012034171260893345
16,1024,237,0.012035645078867674
16,1024,238,0.011924944818019867
16,1024,239,0.012020583264529705
16,1024,240,0.011950062587857246
16,1024,241,0.012067421805113554
16,1024,242,0.011949450243264437
16,1024,243,0.012069552671164274
16,1024,244,0.011954193469136953
16,1024,245,0.012067744042724371
16,1024,246,0.011949295178055763
16,1024,247,0.01210111379623413
16,1024,248,0.011930536944419146
16,1024,249,0.01200271537527442
16,1024,250,0.011908759828656912
16,1024,251,0.011965875513851643
16,1024,252,0.011858001817017794
16,1024,253,0.011918874457478523
16,1024,254,0.011744460556656122
16,1024,255,0.011573376134037971
16,4096,4,0.09627465670928359
16,4096,5,0.09886144148185849
16,4096,6,0.0959178521297872
16,4096,7,0.098256750497967
16,4096,8,0.0955735919997096
16,4096,9,0.09812670899555087
16,4096,10,0.09544306993484497
16,4096,11,0.09727036720141768
16,4096,12,0.09557591285556555
16,4096,13,0.09628514852374792
16,4096,14,0.059037172235548496
16,4096,15,0.05526081332936883
16,4096,16,0.01883562281727791
16,4096,17,0.014823620673269033
16,4096,18,0.01496207807213068
16,4096,19,0.014746541157364845
16,4096,20,0.014666220173239708
16,4096,21,0.014692338649183512
16,4096,22,0.014630637131631374
16,4096,23,0.014657280407845974
16,4096,24,0.014609308913350105
16,4096,25,0.01463126391172409
16,4096,26,0.014564685057848692
16,4096,27,0.01458720676600933
16,4096,28,0.014571946114301682
16,4096,29,0.014533203095197678
16,4096,30,0.014553481247276068
16,4096,31,0.01453685574233532
16,4096,32,0.014565731398761272
16,4096,33,0.014544474892318249
16,4096,34,0.014540411997586489
16,4096,35,0.014513979200273752
16,4096,36,0.01459547458216548
16,4096,37,0.014479484409093857
16,4096,38,0.014533234760165215
16,4096,39,0.014554134104400873
16,4096,40,0.01453108387067914
16,4096,41,0.014506608713418245
16,4096,42,0.014518577139824629
16,4096,43,0.014561744406819344
16,4096,44,0.014517020899802446
16,4096,45,0.014536576345562935
16,4096,46,0.014520312659442425
16,4096,47,0.014534084592014551
16,4096,48,0.014508649241179228
16,4096,49,0.014534588437527418
16,4096,50,0.014526973944157362
16,4096,51,0.014494418632239103
16,4096,52,0.014529298059642315
16,4096,53,0.01453056512400508
16,4096,54,0.014510659500956535
16,4096,55,0.014524165075272322
16,4096,56,0.014526370912790298
16,4096,57,0.01451119314879179
16,4096,58,0.014514223206788301
16,4096,59,0.014493972063064575
16,4096,60,0.014507730025798082
16,4096,61,0.014499757904559374
16,4096,62,0.014475580304861069
16,4096,63,0.014554370194673538
16,4096,64,0.014421010855585337
16,4096,65,0.014493681024760008
16,4096,66,0.01447033230215311
16,4096,67,0.014511361718177795
16,4096,68,0.01446487894281745
16,4096,69,0.014494916424155235
16,4096,70,0.014457749668508768
16,4096,71,0.014503448735922575
16,4096,72,0.014436812605708838
16,4096,73,0.014494610019028187
16,4096,74,0.014462657738476992
16,4096,75,0.014435397926717997
16,4096,76,0.0145693295635283
16,4096,77,0.01440933346748352
16,4096,78,0.014595451299101114
16,4096,79,0.014390380587428808
16,4096,80,0.014519897289574146
16,4096,81,0.014427285641431808
16,4096,82,0.014509442262351513
16,4096,83,0.014396683778613806
16,4096,84,0.014581210445612669
16,4096,85,0.01443430595099926
16,4096,86,0.014512099791318178
16,4096,87,0.014429701026529074
16,4096,88,0.014526600483804941
16,4096,89,0.014426563400775194
16,4096,90,0.01459408737719059
16,4096,91,0.014389627613127232
16,4096,92,0.01472956407815218
16,4096,93,0.014364225789904594
16,4096,94,0.014745977241545916
16,4096,95,0.0143576730042696
16,4096,96,0.014709029346704483
16,4096,97,0.014397400431334972
16,4096,98,0.014763277024030685
16,4096,99,0.01435788068920374
16,4096,100,0.01462123217061162
16,4096,101,0.014409887604415417
16,4096,102,0.014585138764232397
16,4096,103,0.01445994758978486
16,4096,104,0.014573956839740276
16,4096,105,0.014487626496702433
16,4096,106,0.014524145983159542
16,4096,107,0.014530972577631474
16,4096,108,0.014538821764290333
16,4096,109,0.014469270594418049
16,4096,110,0.014583128970116377
16,4096,111,0.014490693807601929
16,4096,112,0.014679559040814638
16,4096,113,0.014450809452682734
16,4096,114,0.014591822866350412
16,4096,115,0.014487343840301037
16,4096,116,0.014636040199548006
16,4096,117,0.014487627428025007
16,4096,118,0.014620821457356215
16,4096,119,0.014517713338136673
16,4096,120,0.014575280714780092
16,4096,121,0.0145237036049366
16,4096,122,0.014569323044270277
16,4096,123,0.014504981227219105
16,4096,124,0.014593935571610928
16,4096,125,0.014461269602179527
16,4096,126,0.014616664499044418
16,4096,127,0.014447225723415613
16,4096,128,0.014670048374682665
16,4096,129,0.014454406686127186
16,4096,130,0.014685165602713823
16,4096,131,0.014466010965406895
16,4096,132,0.014693974982947111
16,4096,133,0.01443337183445692
16,4096,134,0.014708820264786482
16,4096,135,0.01442688936367631
16,4096,136,0.014724033884704113
16,4096,137,0.014449816197156906
16,4096,138,0.014709643553942442
16,4096,139,0.014443232212215662
16,4096,140,0.014674619305878878
16,4096,141,0.014464304782450199
16,4096,142,0.01467049540951848
16,4096,143,0.014465410728007555
16,4096,144,0.014668060466647148
16,4096,145,0.014493719674646854
16,4096,146,0.014610692858695984
16,4096,147,0.014525098726153374
16,4096,148,0.014598104637116194
16,4096,149,0.014524228870868683
16,4096,150,0.014677803963422775
16,4096,151,0.014530526474118233
16,4096,152,0.014562099240720272
16,4096,153,0.014611876104027033
16,4096,154,0.01457494217902422
16,4096,155,0.01457055751234293
16,4096,156,0.014583662152290344
16,4096,157,0.014682115521281958
16,4096,158,0.01446184003725648
16,4096,159,0.014669173397123814
16,4096,160,0.014489865396171808
16,4096,161,0.014665887225419283
16,4096,162,0.014475767500698566
16,4096,163,0.014659854583442211
16,4096,164,0.014445056673139334
16,4096,165,0.014652424491941929
16,4096,166,0.014458170626312494
16,4096,167,0.01461359579116106
16,4096,168,0.014522972982376814
16,4096,169,0.014613887295126915
16,4096,170,0.014509481377899647
16,4096,171,0.014595268294215202
16,4096,172,0.014500645454972982
16,4096,173,0.014628277160227299
16,4096,174,0.014466787688434124
16,4096,175,0.014659862965345383
16,4096,176,0.014496068470180035
16,4096,177,0.014613252598792315
16,4096,178,0.01452864846214652
16,4096,179,0.014617112930864096
16,4096,180,0.014496500603854656
16,4096,181,0.014662547037005424
16,4096,182,0.014503651764243841
16,4096,183,0.014657030813395977
16,4096,184,0.014524288475513458
16,4096,185,0.014617323409765959
16,4096,186,0.014542142394930124
16,4096,187,0.014612045139074326
16,4096,188,0.01455029845237732
16,4096,189,0.014613490551710129
16,4096,190,0.014535726048052311
16,4096,191,0.014678671956062317
16,4096,192,0.014527525287121534
16,4096,193,0.014657515101134777
16,4096,194,0.01458428567275405
16,4096,195,0.014659727457910776
16,4096,196,0.014575371518731117
16,4096,197,0.014648990705609322
16,4096,198,0.014561587013304234
16,4096,199,0.01466025598347187
16,4096,200,0.014568615704774857
16,4096,201,0.014656387735158205
16,4096,202,0.014561093412339687
16,4096,203,0.014665105380117893
16,4096,204,0.01458834484219551
16,4096,205,0.014660093933343887
16,4096,206,0.014570350293070078
16,4096,207,0.01467113383114338
16,4096,208,0.014580398797988892
16,4096,209,0.014647708274424076
16,4096,210,0.014605010394006968
16,4096,211,0.014644490089267492
16,4096,212,0.014619770925492048
16,4096,213,0.01464741351082921
16,4096,214,0.014611604157835245
16,4096,215,0.014660001266747713
16,4096,216,0.01460016192868352
16,4096,217,0.014695050194859505
16,4096,218,0.014612679835408926
16,4096,219,0.0146642392501235
16,4096,220,0.014608863275498152
16,4096,221,0.014664425048977137
16,4096,222,0.014639223460108042
16,4096,223,0.01465704059228301
16,4096,224,0.014622680842876434
16,4096,225,0.014663632959127426
16,4096,226,0.014584543649107218
16,4096,227,0.014638801570981741
16,4096,228,0.014588382095098495
16,4096,229,0.014653046149760485
16,4096,230,0.01461868267506361
16,4096,231,0.014678892213851213
16,4096,232,0.014595933724194765
16,4096,233,0.014634642284363508
16,4096,234,0.014593102037906647
16,4096,235,0.014579309616237879
16,4096,236,0.014531543478369713
16,4096,237,0.014593074563890696
16,4096,238,0.014462688937783241
16,4096,239,0.014530951622873545
16,4096,240,0.014437068719416857
16,4096,241,0.014536071103066206
16,4096,242,0.01404627924785018
16,4096,243,0.014437534846365452
16,4096,244,0.013553956057876348
16,4096,245,0.014360419940203428
16,4096,246,0.013398980256170034
16,4096,247,0.014239334501326084
16,4096,248,0.0133281578309834
16,4096,249,0.014088490977883339
16,4096,250,0.013264766428619623
16,4096,251,0.013986674603074789
16,4096,252,0.013219129759818316
16,4096,253,0.013838641345500946
16,4096,254,0.012756908312439919
16,4096,255,0.013726433273404837
32,64,4,0.011581813916563988
32,64,5,0.011361519806087017
32,64,6,0.011430653743445873
32,64,7,0.01143007492646575
32,64,8,0.011331485584378242
32,64,9,0.011377745773643255
32,64,10,0.011402257718145847
32,64,11,0.011365644168108702
32,64,12,0.011223450768738985
32,64,13,0.011678230948746204
32,64,14,0.011393718421459198
32,64,15,0.011443165130913258
32,64,16,0.011094895657151937
32,64,17,0.01145916897803545
32,64,18,0.011242797132581472
32,64,19,0.01154008088633418
32,64,20,0.011216738726943731
32,64,21,0.012502189725637436
32,64,22,0.010853854473680258
32,64,23,0.010889240074902773
32,64,24,0.011112292762845755
32,64,25,0.011187102179974318
32,64,26,0.011345401871949434
32,64,27,0.011327351443469524
32,64,28,0.011215242557227612
32,64,29,0.011302959639579058
32,64,30,0.011535598430782557
32,64,31,0.011708458419889212
32,64,32,0.01134768407791853
32,64,33,0.011636034585535526
32,64,34,0.01114464970305562
32,64,35,0.011718607507646084
32,64,36,0.01116723008453846
32,64,37,0.011159981600940228
32,64,38,0.011394386645406485
32,64,39,0.011358377989381552
32,64,40,0.011518859304487705
32,64,41,0.0113179930485785
32,64,42,0.011830081231892109
32,64,43,0.011056431569159031
32,64,44,0.01123390905559063
32,64,45,0.01131873857229948
32,64,46,0.01145831635221839
32,64,47,0.011316974181681871
32,64,48,0.011583825573325157
32,64,49,0.01131256390362978
32,64,50,0.011492908466607332
32,64,51,0.011681613977998495
32,64,52,0.011401959229260683
32,64,53,0.011395333800464869
32,64,54,0.011435785796493292
32,64,55,0.011026708409190178
32,64,56,0.011460646521300077
32,64,57,0.011484164278954268
32,64,58,0.011363504454493523
32,64,59,0.011337507050484419
32,64,60,0.011559932958334684
32,64,61,0.011656018439680338
32,64,62,0.0110832997597754
32,64,63,0.011413900181651115
32,64,64,0.011321297846734524
32,64,65,0.01169948186725378
32,64,66,0.011378687340766191
32,64,67,0.01140547264367342
32,64,68,0.011864216066896915
32,64,69,0.01117562921717763
32,64,70,0.011655552312731743
32,64,71,0.011412895284593105
32,64,72,0.01154709653928876
32,64,73,0.011450116522610188
32,64,74,0.011459959205240011
32,64,75,0.011699057184159756
32,64,76,0.011388416402041912
32,64,77,0.011791860684752464
32,64,78,0.011669124942272902
32,64,79,0.011133010033518076
32,64,80,0.011301831807941198
32,64,81,0.011592798866331577
32,64,82,0.011593157891184092
32,64,83,0.01149510545656085
32,64,84,0.011656193062663078
32,64,85,0.01150300819426775
32,64,86,0.01150849275290966
32,64,87,0.011538846883922815
32,64,88,0.011481738649308681
32,64,89,0.01141646085307002
32,64,90,0.011582023929804564
32,64,91,0.01176806353032589
32,64,92,0.011313698254525661
32,64,93,0.011423271149396896
32,64,94,0.01164301484823227
32,64,95,0.011512890458106995
32,64,96,0.011487501207739115
32,64,97,0.011371877044439316
32,64,98,0.011359592899680138
32,64,99,0.011746261268854141
32,64,100,0.011477184016257524
32,64,101,0.011544303502887487
32,64,102,0.011531516909599304
32,64,103,0.011608264409005642
32,64,104,0.011415575630962849
32,64,105,0.011581595055758953
32,64,106,0.011418630834668875
32,64,107,0.011454708874225616
32,64,108,0.0115905930288136
32,64,109,0.011506381910294294
32,64,110,0.011619173921644688
32,64,111,0.01138355489820242
32,64,112,0.011581401340663433
32,64,113,0.011538462247699499
32,64,114,0.011533559765666723
32,64,115,0.01145876245573163
32,64,116,0.01173969404771924
32,64,117,0.011403249111026525
32,64,118,0.011562726460397243
32,64,119,0.011594188865274191
32,64,120,0.011362704914063215
32,64,121,0.011563255917280912
32,64,122,0.011523682158440351
32,64,123,0.011476441286504269
32,64,124,0.011356595903635025
32,64,125,0.011682960204780102
32,64,126,0.011649022344499826
32,64,127,0.011465189512819052
32,64,128,0.011716598644852638
32,64,129,0.011608010157942772
32,64,130,0.011422329116612673
32,64,131,0.011580195743590593
32,64,132,0.011579335201531649
32,64,133,0.011664343532174826
32,64,134,0.011379883158951998
32,64,135,0.01169623015448451
32,64,136,0.011290013790130615
32,64,137,0.011793643701821566
32,64,138,0.011506154667586088
32,64,139,0.01169524434953928
32,64,140,0.011270271148532629
32,64,141,0.011637918185442686
32,64,142,0.011413059197366238
32,64,143,0.012304429896175861
32,64,144,0.011149282101541758
32,64,145,0.011361215729266405
32,64,146,0.011647944804280996
32,64,147,0.01193981897085905
32,64,148,0.011542946100234985
32,64,149,0.011307646054774523
32,64,150,0.011410962324589491
32,64,151,0.011480355635285378
32,64,152,0.011728381738066673
32,64,153,0.011638500727713108
32,64,154,0.01155689125880599
32,64,155,0.011645609512925148
32,64,156,0.01153709227219224
32,64,157,0.011453122831881046
32,64,158,0.011524331755936146
32,64,159,0.011538027785718441
32,64,160,0.01188509026542306
32,64,161,0.01160724088549614
32,64,162,0.011678066570311785
32,64,163,0.011522363405674696
32,64,164,0.011729160789400339
32,64,165,0.011657525785267353
32,64,166,0.011244099587202072
32,64,167,0.011722003109753132
32,64,168,0.011650166474282742
32,64,169,0.011426189914345741
32,64,170,0.011775563471019268
32,64,171,0.011473631020635366
32,64,172,0.011725957039743662
32,64,173,0.01170572405681014
32,64,174,0.0117209292948246
32,64,175,0.011506978422403336
32,64,176,0.011428446974605322
32,64,177,0.01189382141456008
32,64,178,0.011741607449948788
32,64,179,0.011587116867303848
32,64,180,0.011961545795202255
32,64,181,0.011476120911538601
32,64,182,0.011370743159204721
32,64,183,0.011566117871552706
32,64,184,0.011888833250850439
32,64,185,0.011634369380772114
32,64,186,0.011802372056990862
32,64,187,0.011491540353745222
32,64,188,0.011480912566184998
32,64,189,0.011818022932857275
32,64,190,0.011203289963304996
32,64,191,0.012099455576390028
32,64,192,0.011422696057707071
32,64,193,0.011796367354691029
32,64,194,0.011799898464232683
32,64,195,0.011602992657572031
32,64,196,0.011723965406417847
32,64,197,0.01161966472864151
32,64,198,0.011521849315613508
32,64,199,0.011942501179873943
32,64,200,0.01177477091550827
32,64,201,0.011675592046231031
32,64,202,0.01158698694780469
32,64,203,0.01174940774217248
32,64,204,0.011744335293769836
32,64,205,0.011647400446236134
32,64,206,0.011674165725708008
32,64,207,0.011828386690467596
32,64,208,0.011686503887176514
32,64,209,0.011868876870721579
32,64,210,0.011357599403709173
32,64,211,0.012036575935781002
32,64,212,0.011559608392417431
32,64,213,0.011938686482608318
32,64,214,0.011741828639060259
32,64,215,0.011351111810654402
32,64,216,0.012216504663228989
32,64,217,0.015254587400704622
32,64,218,0.008411674294620752
32,64,219,0.011337650939822197
32,64,220,0.01140529103577137
32,64,221,0.012372996658086777
32,64,222,0.011385748628526926
32,64,223,0.011923376936465502
32,64,224,0.011708912905305624
32,64,225,0.01171670388430357
32,64,226,0.011739537119865417
32,64,227,0.011556936893612146
32,64,228,0.01158201415091753
32,64,229,0.011855559889227152
32,64,230,0.011352737434208393
32,64,231,0.012004760093986988
32,64,232,0.011686031706631184
32,64,233,0.011899645440280437
32,64,234,0.011666926555335522
32,64,235,0.011836383026093245
32,64,236,0.011711085680872202
32,64,237,0.011827633250504732
32,64,238,0.01185078639537096
32,64,239,0.011542060878127813
32,64,240,0.011728933546692133
32,64,241,0.011881052982062101
32,64,242,0.011648475658148527
32,64,243,0.011881331913173199
32,64,244,0.011563381645828485
32,64,245,0.011696952395141125
32,64,246,0.011718564201146364
32,64,247,0.011788875795900822
32,64,248,0.012064439244568348
32,64,249,0.011529984883964062
32,64,250,0.012249877210706472
32,64,251,0.011503244284540415
32,64,252,0.011633656919002533
32,64,253,0.01181493466719985
32,64,254,0.012443800922483206
32,64,255,0.014479806181043386
32,256,4,0.011746877804398537
32,256,5,0.011845319997519255
32,256,6,0.01184994587674737
32,256,7,0.011858133599162102
32,256,8,0.011873183771967888
32,256,9,0.011688672471791506
32,256,10,0.011721345130354166
32,256,11,0.011648328509181738
32,256,12,0.011680787894874811
32,256,13,0.011708206962794065
32,256,14,0.011714844964444637
32,256,15,0.011723270639777184
32,256,16,0.01171680074185133
32,256,17,0.011728225275874138
32,256,18,0.011720090173184872
32,256,19,0.011839436367154121
32,256,20,0.01180545287206769
32,256,21,0.011704807169735432
32,256,22,0.011709647253155708
32,256,23,0.01169672328978777
32,256,24,0.011677243281155825
32,256,25,0.011763785034418106
32,256,26,0.011636700946837664
32,256,27,0.011867198161780834
32,256,28,0.011652972549200058
32,256,29,0.011818246450275183
32,256,30,0.011781071778386831
32,256,31,0.011758148670196533
32,256,32,0.011796509381383657
32,256,33,0.011717109475284815
32,256,34,0.011775312945246696
32,256,35,0.01181270508095622
32,256,36,0.011812400538474321
32,256,37,0.01178946252912283
32,256,38,0.011723941657692194
32,256,39,0.011684651486575603
32,256,40,0.011721800547093153
32,256,41,0.01172272628173232
32,256,42,0.011780254077166319
32,256,43,0.011749052908271551
32,256,44,0.01171874301508069
32,256,45,0.01180657371878624
32,256,46,0.011699334718286991
32,256,47,0.01176324300467968
32,256,48,0.011739750392735004
32,256,49,0.011709115002304316
32,256,50,0.011715929489582777
32,256,51,0.011730307713150978
32,256,52,0.011754212900996208
32,256,53,0.011752719525247812
32,256,54,0.011817007791250944
32,256,55,0.011870000045746565
32,256,56,0.011835156474262476
32,256,57,0.011679444927722216
32,256,58,0.011738992761820555
32,256,59,0.011660788208246231
32,256,60,0.01173980487510562
32,256,61,0.01184920547530055
32,256,62,0.011762103997170925
32,256,63,0.011812250595539808
32,256,64,0.011845686472952366
32,256,65,0.011813863646239042
32,256,66,0.011790418531745672
32,256,67,0.011766505893319845
32,256,68,0.01177461352199316
32,256,69,0.011774581857025623
32,256,70,0.011760720051825047
32,256,71,0.011696281842887402
32,256,72,0.011794527992606163
32,256,73,0.011890240013599396
32,256,74,0.011789171490818262
32,256,75,0.011888097506016493
32,256,76,0.01183215668424964
32,256,77,0.01178086455911398
32,256,78,0.011895628646016121
32,256,79,0.011686252895742655
32,256,80,0.01162703474983573
32,256,81,0.011728627607226372
32,256,82,0.011637850664556026
32,256,83,0.011759921442717314
32,256,84,0.01174403028562665
32,256,85,0.011799633968621492
32,256,86,0.01174331409856677
32,256,87,0.011793865822255611
32,256,88,0.011788737028837204
32,256,89,0.01181308040395379
32,256,90,0.01180481817573309
32,256,91,0.011840124148875475
32,256,92,0.01180291548371315
32,256,93,0.01179033750668168
32,256,94,0.011803224217146635
32,256,95,0.011789350304752588
32,256,96,0.011745092459022999
32,256,97,0.011960329953581095
32,256,98,0.011798877734690905
32,256,99,0.011787476483732462
32,256,100,0.011802550870925188
32,256,101,0.011800614651292562
32,256,102,0.011802127584815025
32,256,103,0.011832288466393948
32,256,104,0.011870365124195814
32,256,105,0.01179444557055831
32,256,106,0.01183287100866437
32,256,107,0.011757142376154661
32,256,108,0.011872902512550354
32,256,109,0.011779563967138529
32,256,110,0.011861731763929129
32,256,111,0.01176886772736907
32,256,112,0.011925323866307735
32,256,113,0.011915592942386866
32,256,114,0.011813332326710224
32,256,115,0.011802685912698507
32,256,116,0.011814042925834656
32,256,117,0.011860601603984833
32,256,118,0.011855573859065771
32,256,119,0.011869338806718588
32,256,120,0.011858605314046144
32,256,121,0.011831304989755154
32,256,122,0.011775310151278973
32,256,123,0.011839394923299551
32,256,124,0.011884213425219059
32,256,125,0.011901072226464748
32,256,126,0.011916142888367176
32,256,127,0.011928612366318703
32,256,128,0.011899467092007399
32,256,129,0.01189378509297967
32,256,130,0.011902578175067902
32,256,131,0.01201327471062541
32,256,132,0.01193148922175169
32,256,133,0.0118577154353261
32,256,134,0.011863147839903831
32,256,135,0.011759308632463217
32,256,136,0.011933012399822474
32,256,137,0.01188769331201911
32,256,138,0.012013880535960197
32,256,139,0.011964195407927036
32,256,140,0.012019984889775515
32,256,141,0.011955362744629383
32,256,142,0.012024910189211369
32,256,143,0.012045800220221281
32,256,144,0.011985763907432556
32,256,145,0.012005509342998266
32,256,146,0.011964148841798306
32,256,147,0.012020214926451445
32,256,148,0.011934754904359579
32,256,149,0.011902213096618652
32,256,150,0.011932260356843472
32,256,151,0.011941580567508936
32,256,152,0.011935620103031397
32,256,153,0.01195182092487812
32,256,154,0.011958724819123745
32,256,155,0.011955814901739359
32,256,156,0.011999968439340591
32,256,157,0.01194467581808567
32,256,158,0.011973070912063122
32,256,159,0.011989124119281769
32,256,160,0.011965679004788399
32,256,161,0.012004219926893711
32,256,162,0.011933462228626013
32,256,163,0.01198612293228507
32,256,164,0.011831904761493206
32,256,165,0.011983553413301706
32,256,166,0.011909173801541328
32,256,167,0.011999578680843115
32,256,168,0.011979036033153534
32,256,169,0.012053906917572021
32,256,170,0.011886795051395893
32,256,171,0.011902522761374712
32,256,172,0.011964848730713129
32,256,173,0.011912336107343435
32,256,174,0.011917913798242807
32,256,175,0.011953571811318398
32,256,176,0.011932005174458027
32,256,177,0.011998240370303392
32,256,178,0.011956105474382639
32,256,179,0.012049584183841944
32,256,180,0.011827896814793348
32,256,181,0.012007161043584347
32,256,182,0.011979165952652693
32,256,183,0.011983738746494055
32,256,184,0.012002528179436922
32,256,185,0.011986903380602598
32,256,186,0.01199447875842452
32,256,187,0.011966908350586891
32,256,188,0.012148451525717974
32,256,189,0.011849069967865944
32,256,190,0.01198358740657568
32,256,191,0.011876259464770555
32,256,192,0.01195028517395258
32,256,193,0.01200493797659874
32,256,194,0.011981563176959753
32,256,195,0.01200665719807148
32,256,196,0.012019184418022633
32,256,197,0.012005900964140892
32,256,198,0.012022450566291809
32,256,199,0.012044713832437992
32,256,200,0.011985533405095339
32,256,201,0.012027881108224392
32,256,202,0.012046110350638628
32,256,203,0.01192527124658227
32,256,204,0.011997899506241083
32,256,205,0.011886348016560078
32,256,206,0.011880790814757347
32,256,207,0.011983003467321396
32,256,208,0.012019120156764984
32,256,209,0.012046067044138908
32,256,210,0.01212227437645197
32,256,211,0.01212109811604023
32,256,212,0.012047803029417992
32,256,213,0.012102262116968632
32,256,214,0.012063907459378242
32,256,215,0.0120863551273942
32,256,216,0.01199693838134408
32,256,217,0.012032289057970047
32,256,218,0.011966974474489689
32,256,219,0.012041117995977402
32,256,220,0.012074390891939402
32,256,221,0.01206494914367795
32,256,222,0.01210562838241458
32,256,223,0.012172010261565447
32,256,224,0.012150732334703207
32,256,225,0.011992652900516987
32,256,226,0.011977250687777996
32,256,227,0.011980026960372925
32,256,228,0.012000490445643663
32,256,229,0.012010069098323584
32,256,230,0.012117297854274511
32,256,231,0.01213368121534586
32,256,232,0.012074513826519251
32,256,233,0.012086081318557262
32,256,234,0.012083807028830051
32,256,235,0.01207398995757103
32,256,236,0.01208876259624958
32,256,237,0.012081907130777836
32,256,238,0.01208070944994688
32,256,239,0.012076657731086016
32,256,240,0.0120502645149827
32,256,241,0.012231577187776566
32,256,242,0.011994323693215847
32,256,243,0.012073371093720198
32,256,244,0.012077894527465105
32,256,245,0.012073496356606483
32,256,246,0.012068833690136671
32,256,247,0.012098673731088638
32,256,248,0.012139232829213142
32,256,249,0.012105213012546301
32,256,250,0.012043443508446217
32,256,251,0.012111259624361992
32,256,252,0.012376265600323677
32,256,253,0.012165165971964598
32,256,254,0.011987993493676186
32,256,255,0.011575799901038408
32,1024,4,0.09107823064550757
32,1024,5,0.09107818268239498
32,1024,6,0.09053939580917358
32,1024,7,0.06823489628732204
32,1024,8,0.029637493658810854
32,1024,9,0.013331166002899408
32,1024,10,0.013243975583463907
32,1024,11,0.013198585715144873
32,1024,12,0.01311104977503419
32,1024,13,0.013136842753738165
32,1024,14,0.013060991186648607
32,1024,15,0.013071450404822826
32,1024,16,0.01307781133800745
32,1024,17,0.013056375086307526
32,1024,18,0.013085638638585806
32,1024,19,0.013055512681603432
32,1024,20,0.013088987674564123
32,1024,21,0.013047532644122839
32,1024,22,0.013065813109278679
32,1024,23,0.013062005396932364
32,1024,24,0.013048812747001648
32,1024,25,0.013068551197648048
32,1024,26,0.013043714221566916
32,1024,27,0.013065439648926258
32,1024,28,0.013046439737081528
32,1024,29,0.013062437530606985
32,1024,30,0.013064214494079351
32,1024,31,0.013066508807241917
32,1024,32,0.013060294557362795
32,1024,33,0.013048499822616577
32,1024,34,0.013057469390332699
32,1024,35,0.013054572977125645
32,1024,36,0.013044701889157295
32,1024,37,0.01305019622668624
32,1024,38,0.013047079090029001
32,1024,39,0.013071054592728615
32,1024,40,0.013056118506938219
32,1024,41,0.013041998259723186
32,1024,42,0.013089294545352459
32,1024,43,0.013073606416583061
32,1024,44,0.013111332897096872
32,1024,45,0.013094187714159489
32,1024,46,0.013036274816840887
32,1024,47,0.013010181486606598
32,1024,48,0.013027777895331383
32,1024,49,0.013033099472522736
32,1024,50,0.013071852270513773
32,1024,51,0.013080037198960781
32,1024,52,0.01301466766744852
32,1024,53,0.01303198654204607
32,1024,54,0.013021814171224833
32,1024,55,0.013018572703003883
32,1024,56,0.01302145654335618
32,1024,57,0.013069854583591223
32,1024,58,0.013058646116405725
32,1024,59,0.01305430056527257
32,1024,60,0.01305656461045146
32,1024,61,0.013021168299019337
32,1024,62,0.013012380804866552
32,1024,63,0.013028393033891916
32,1024,64,0.013048956170678139
32,1024,65,0.013037873432040215
32,1024,66,0.01305366586893797
32,1024,67,0.01306428574025631
32,1024,68,0.013011915609240532
32,1024,69,0.013022371102124453
32,1024,70,0.01301953662186861
32,1024,71,0.013006867375224829
32,1024,72,0.013061168137937784
32,1024,73,0.013048965483903885
32,1024,74,0.013075004797428846
32,1024,75,0.013055683579295874
32,1024,76,0.01302547100931406
32,1024,77,0.013077091425657272
32,1024,78,0.013088805135339499
32,1024,79,0.013078961987048388
32,1024,80,0.013131942134350538
32,1024,81,0.013050205539911985
32,1024,82,0.013078186195343733
32,1024,83,0.013084172271192074
32,1024,84,0.013056430034339428
32,1024,85,0.013071786612272263
32,1024,86,0.013095757458359003
32,1024,87,0.013075199443846941
32,1024,88,0.013098075054585934
32,1024,89,0.013086618855595589
32,1024,90,0.013089784886687994
32,1024,91,0.013090148102492094
32,1024,92,0.013089185580611229
32,1024,93,0.013074535876512527
32,1024,94,0.013073536101728678
32,1024,95,0.013085945043712854
32,1024,96,0.013084190897643566
32,1024,97,0.013092369306832552
32,1024,98,0.013100652489811182
32,1024,99,0.0131266750395298
32,1024,100,0.01311922026798129
32,1024,101,0.01314501790329814
32,1024,102,0.013150849845260382
32,1024,103,0.013130410574376583
32,1024,104,0.013121368363499641
32,1024,105,0.013108933344483376
32,1024,106,0.013115406967699528
32,1024,107,0.013120533432811499
32,1024,108,0.013140217401087284
32,1024,109,0.013115151785314083
32,1024,110,0.01311912527307868
32,1024,111,0.013141353614628315
32,1024,112,0.01309494348242879
32,1024,113,0.013106448575854301
32,1024,114,0.013122240547090769
32,1024,115,0.013100681360810995
32,1024,116,0.013098065741360188
32,1024,117,0.01309726806357503
32,1024,118,0.013102550525218248
32,1024,119,0.013091176748275757
32,1024,120,0.013162130489945412
32,1024,121,0.013156173750758171
32,1024,122,0.013164960779249668
32,1024,123,0.013149098958820105
32,1024,124,0.013182204682379961
32,1024,125,0.013175160624086857
32,1024,126,0.013188270851969719
32,1024,127,0.013248858507722616
32,1024,128,0.013186639174818993
32,1024,129,0.013263299595564604
32,1024,130,0.013229894451797009
32,1024,131,0.013247927650809288
32,1024,132,0.013261804357171059
32,1024,133,0.013262157794088125
32,1024,134,0.01325460709631443
32,1024,135,0.01327119441702962
32,1024,136,0.0132670933380723
32,1024,137,0.01326675247400999
32,1024,138,0.013270611874759197
32,1024,139,0.013265518471598625
32,1024,140,0.013279178645461798
32,1024,141,0.01325264759361744
32,1024,142,0.013287770096212626
32,1024,143,0.013284837827086449
32,1024,144,0.013322100974619389
32,1024,145,0.013325412757694721
32,1024,146,0.013304247986525297
32,1024,147,0.013351384550333023
32,1024,148,0.013325007166713476
32,1024,149,0.013314664829522371
32,1024,150,0.013371665962040424
32,1024,151,0.013348779175430536
32,1024,152,0.013323734980076551
32,1024,153,0.013268653769046068
32,1024,154,0.013365171384066343
32,1024,155,0.013289725873619318
32,1024,156,0.01327150035649538
32,1024,157,0.013244700618088245
32,1024,158,0.013297763653099537
32,1024,159,0.013292260933667421
32,1024,160,0.01323354383930564
32,1024,161,0.013296080753207207
32,1024,162,0.013294055592268705
32,1024,163,0.01331403385847807
32,1024,164,0.013299499172717333
32,1024,165,0.013289370108395815
32,1024,166,0.013329712208360434
32,1024,167,0.013297080993652344
32,1024,168,0.013318119570612907
32,1024,169,0.013349687680602074
32,1024,170,0.013336770236492157
32,1024,171,0.013324972242116928
32,1024,172,0.013343097176402807
32,1024,173,0.013332341331988573
32,1024,174,0.01335068978369236
32,1024,175,0.013349669985473156
32,1024,176,0.013342243153601885
32,1024,177,0.013337557669728994
32,1024,178,0.013345499988645315
32,1024,179,0.013335051946341991
32,1024,180,0.013330949004739523
32,1024,181,0.013330250978469849
32,1024,182,0.013311086222529411
32,1024,183,0.013312604278326035
32,1024,184,0.013310765381902456
32,1024,185,0.013313577976077795
32,1024,186,0.013324583880603313
32,1024,187,0.013314166571944952
32,1024,188,0.013317904435098171
32,1024,189,0.01330229640007019
32,1024,190,0.013321471400558949
32,1024,191,0.013336144387722015
32,1024,192,0.013331899885088205
32,1024,193,0.013314856681972742
32,1024,194,0.013345431536436081
32,1024,195,0.013306710869073868
32,1024,196,0.013341151643544436
32,1024,197,0.013338800519704819
32,1024,198,0.013329640496522188
32,1024,199,0.01334201917052269
32,1024,200,0.01333616953343153
32,1024,201,0.013318195939064026
32,1024,202,0.013344016391783953
32,1024,203,0.013342025689780712
32,1024,204,0.013334061950445175
32,1024,205,0.01338470820337534
32,1024,206,0.01337132090702653
32,1024,207,0.013339118100702763
32,1024,208,0.013331746216863394
32,1024,209,0.013347177766263485
32,1024,210,0.013317475095391273
32,1024,211,0.013309073634445667
32,1024,212,0.013288601767271757
32,1024,213,0.01332361763343215
32,1024,214,0.013383583165705204
32,1024,215,0.013289615046232939
32,1024,216,0.013355243485420942
32,1024,217,0.01327724801376462
32,1024,218,0.013344614766538143
32,1024,219,0.013354298658668995
32,1024,220,0.013336439616978168
32,1024,221,0.013284682761877775
32,1024,222,0.013369861524552107
32,1024,223,0.013285744469612837
32,1024,224,0.013380737043917179
32,1024,225,0.013320138212293386
32,1024,226,0.013331246096640825
32,1024,227,0.013271581381559372
32,1024,228,0.01329751219600439
32,1024,229,0.013376870192587376
32,1024,230,0.013305538333952427
32,1024,231,0.013323565013706684
32,1024,232,0.013290422968566418
32,1024,233,0.013316125608980656
32,1024,234,0.013340574223548174
32,1024,235,0.01333830738440156
32,1024,236,0.01332326652482152
32,1024,237,0.013351010158658028
32,1024,238,0.013327723369002342
32,1024,239,0.013334180694073439
32,1024,240,0.013343444094061852
32,1024,241,0.013383191078901291
32,1024,242,0.01333417184650898
32,1024,243,0.013347102329134941
32,1024,244,0.013338557910174131
32,1024,245,0.013322962913662195
32,1024,246,0.013324219267815351
32,1024,247,0.013302127365022898
32,1024,248,0.013300404418259859
32,1024,249,0.013186762109398842
32,1024,250,0.012973607052117586
32,1024,251,0.01295273331925273
32,1024,252,0.012711455579847097
32,1024,253,0.012589864898473024
32,1024,254,0.012510843109339476
32,1024,255,0.011818289756774902
32,4096,4,0.09995185444131494
32,4096,5,0.10046666720882058
32,4096,6,0.0998735991306603
32,4096,7,0.10036004241555929
32,4096,8,0.1003382196649909
32,4096,9,0.10046305973082781
32,4096,10,0.10007512522861362
32,4096,11,0.10044192289933562
32,4096,12,0.09992478648200631
32,4096,13,0.10045423358678818
32,4096,14,0.09994439641013741
32,4096,15,0.1003645951859653
32,4096,16,0.09984179539605975
32,4096,17,0.10031709121540189
32,4096,18,0.09996566595509648
32,4096,19,0.1003442732617259
32,4096,20,0.09970103949308395
32,4096,21,0.10035533225163817
32,4096,22,0.0994073604233563
32,4096,23,0.10028948727995157
32,4096,24,0.09927420457825065
32,4096,25,0.09996306337416172
32,4096,26,0.09931165771558881
32,4096,27,0.10022684931755066
32,4096,28,0.09889168897643685
32,4096,29,0.09996620332822204
32,4096,30,0.08050086395815015
32,4096,31,0.05978798680007458
32,4096,32,0.04050118522718549
32,4096,33,0.01918357890099287
32,4096,34,0.018672645092010498
32,4096,35,0.018501158338040113
32,4096,36,0.01854259241372347
32,4096,37,0.018469607923179865
32,4096,38,0.01836960995569825
32,4096,39,0.018431493546813726
32,4096,40,0.018338562455028296
32,4096,41,0.018379418179392815
32,4096,42,0.018245010636746883
32,4096,43,0.018361982889473438
32,4096,44,0.018260127864778042
32,4096,45,0.01835629530251026
32,4096,46,0.01827185694128275
32,4096,47,0.018325606361031532
32,4096,48,0.01821995573118329
32,4096,49,0.01833973778411746
32,4096,50,0.01821717619895935
32,4096,51,0.01830458641052246
32,4096,52,0.01819418929517269
32,4096,53,0.01828961307182908
32,4096,54,0.01815038500353694
32,4096,55,0.01831297157332301
32,4096,56,0.01813406217843294
32,4096,57,0.01831663493067026
32,4096,58,0.018125990871340036
32,4096,59,0.018239411525428295
32,4096,60,0.018122274428606033
32,4096,61,0.018236183561384678
32,4096,62,0.018113358411937952
32,4096,63,0.018252135254442692
32,4096,64,0.01808345690369606
32,4096,65,0.018228074070066214
32,4096,66,0.018131732009351254
32,4096,67,0.018277584109455347
32,4096,68,0.01809235569089651
32,4096,69,0.01821821602061391
32,4096,70,0.018100755754858255
32,4096,71,0.018232102040201426
32,4096,72,0.01811588602140546
32,4096,73,0.018252193462103605
32,4096,74,0.018115716986358166
32,4096,75,0.01825068797916174
32,4096,76,0.018140709958970547
32,4096,77,0.01824615616351366
32,4096,78,0.018170807044953108
32,4096,79,0.018270855769515038
32,4096,80,0.01819609571248293
32,4096,81,0.018237448297441006
32,4096,82,0.018194686621427536
32,4096,83,0.01823580777272582
32,4096,84,0.018195339012891054
32,4096,85,0.018276323564350605
32,4096,86,0.018169807735830545
32,4096,87,0.01828254945576191
32,4096,88,0.018145041540265083
32,4096,89,0.01828792691230774
32,4096,90,0.018190859351307154
32,4096,91,0.018286937847733498
32,4096,92,0.01816662261262536
32,4096,93,0.018288714345544577
32,4096,94,0.01815664116293192
32,4096,95,0.01828912040218711
32,4096,96,0.018185784574598074
32,4096,97,0.018276301212608814
32,4096,98,0.018211636692285538
32,4096,99,0.018275358248502016
32,4096,100,0.018212775699794292
32,4096,101,0.018265594728291035
32,4096,102,0.018254310823976994
32,4096,103,0.018266061320900917
32,4096,104,0.0182876568287611
32,4096,105,0.018292491789907217
32,4096,106,0.01823058072477579
32,4096,107,0.01827946864068508
32,4096,108,0.018259810749441385
32,4096,109,0.018298983573913574
32,4096,110,0.018246741965413094
32,4096,111,0.01828712597489357
32,4096,112,0.01823585107922554
32,4096,113,0.018298883456736803
32,4096,114,0.01824155542999506
32,4096,115,0.018301374278962612
32,4096,116,0.01827728608623147
32,4096,117,0.01828826079145074
32,4096,118,0.018283394630998373
32,4096,119,0.0182899571955204
32,4096,120,0.018270429223775864
32,4096,121,0.018318946938961744
32,4096,122,0.018301427364349365
32,4096,123,0.01828616578131914
32,4096,124,0.018294332083314657
32,4096,125,0.0182914137840271
32,4096,126,0.018310876563191414
32,4096,127,0.018318685702979565
32,4096,128,0.018305307254195213
32,4096,129,0.01831601746380329
32,4096,130,0.018303375225514174
32,4096,131,0.018317637965083122
32,4096,132,0.018310258630663157
32,4096,133,0.01834989571943879
32,4096,134,0.018331886269152164
32,4096,135,0.018331831321120262
32,4096,136,0.018314629327505827
32,4096,137,0.018324745818972588
32,4096,138,0.018333807587623596
32,4096,139,0.0183454854413867
32,4096,140,0.018334155436605215
32,4096,141,0.01834303606301546
32,4096,142,0.018316980451345444
32,4096,143,0.01833335217088461
32,4096,144,0.018328328616917133
32,4096,145,0.018338856287300587
32,4096,146,0.01833616988733411
32,4096,147,0.01832399843260646
32,4096,148,0.018375106155872345
32,4096,149,0.018324849661439657
32,4096,150,0.01838038070127368
32,4096,151,0.01832624990493059
32,4096,152,0.018376190681010485
32,4096,153,0.018331514671444893
32,4096,154,0.018381617031991482
32,4096,155,0.018358777277171612
32,4096,156,0.018359509762376547
32,4096,157,0.01834194827824831
32,4096,158,0.01836907211691141
32,4096,159,0.018329618498682976
32,4096,160,0.018386992625892162
32,4096,161,0.018345156218856573
32,4096,162,0.018407975789159536
32,4096,163,0.018354083877056837
32,4096,164,0.018396880477666855
32,4096,165,0.018387038726359606
32,4096,166,0.01839698338881135
32,4096,167,0.018356979358941317
32,4096,168,0.01836152095347643
32,4096,169,0.01837504329159856
32,4096,170,0.018386163748800755
32,4096,171,0.018347982317209244
32,4096,172,0.018398148007690907
32,4096,173,0.018408427014946938
32,4096,174,0.018388919532299042
32,4096,175,0.018356691114604473
32,4096,176,0.01840999163687229
32,4096,177,0.018336464650928974
32,4096,178,0.01842012396082282
32,4096,179,0.018340629525482655
32,4096,180,0.018420882523059845
32,4096,181,0.018359112087637186
32,4096,182,0.018406654242426157
32,4096,183,0.01837510382756591
32,4096,184,0.018402659334242344
32,4096,185,0.0184053392149508
32,4096,186,0.018397442065179348
32,4096,187,0.01840376202017069
32,4096,188,0.018400071654468775
32,4096,189,0.018397337291389704
32,4096,190,0.01841570483520627
32,4096,191,0.01840311847627163
32,4096,192,0.01838462194427848
32,4096,193,0.01838154625147581
32,4096,194,0.018416795879602432
32,4096,195,0.01833994733169675
32,4096,196,0.018447081092745066
32,4096,197,0.018391436897218227
32,4096,198,0.018386682961136103
32,4096,199,0.018404248636215925
32,4096,200,0.01839133119210601
32,4096,201,0.018396171275526285
32,4096,202,0.018382985144853592
32,4096,203,0.018389695789664984
32,4096,204,0.01836417382583022
32,4096,205,0.018379260320216417
32,4096,206,0.018368467688560486
32,4096,207,0.018360575195401907
32,4096,208,0.018329257611185312
32,4096,209,0.018370913807302713
32,4096,210,0.0183059461414814
32,4096,211,0.018336815293878317
32,4096,212,0.018341987393796444
32,4096,213,0.018340896349400282
32,4096,214,0.018288944382220507
32,4096,215,0.018330588471144438
32,4096,216,0.018290262203663588
32,4096,217,0.018304700031876564
32,4096,218,0.018200218677520752
32,4096,219,0.018337834626436234
32,4096,220,0.01817751955240965
32,4096,221,0.018292561639100313
32,4096,222,0.018166694324463606
32,4096,223,0.018274834845215082
32,4096,224,0.018138663843274117
32,4096,225,0.01829748833552003
32,4096,226,0.017624310217797756
32,4096,227,0.018229495733976364
32,4096,228,0.017049440182745457
32,4096,229,0.018184580374509096
32,4096,230,0.017037868034094572
32,4096,231,0.018056930042803288
32,4096,232,0.01675273012369871
32,4096,233,0.01806721370667219
32,4096,234,0.016652852296829224
32,4096,235,0.017756730318069458
32,4096,236,0.016417090315371752
32,4096,237,0.017475037835538387
32,4096,238,0.01621985947713256
32,4096,239,0.01722080959007144
32,4096,240,0.01607037289068103
32,4096,241,0.01707993494346738
32,4096,242,0.01604902371764183
32,4096,243,0.01695929327979684
32,4096,244,0.01600356074050069
32,4096,245,0.016846879851073027
32,4096,246,0.015944035723805428
32,4096,247,0.01678291568532586
32,4096,248,0.015822443645447493
32,4096,249,0.01661537168547511
32,4096,250,0.01562202163040638
32,4096,251,0.01641053380444646
32,4096,252,0.015657868701964617
32,4096,253,0.016302071511745453
32,4096,254,0.015047146938741207
32,4096,255,0.015532236546278
