B,repeat,stream_index,k,start_minus_fire,end_minus_fire,t_iter_observed,injection_ttft
8,0,0,59,-0.006054340861737728,0.0073499372228980064,0.013404278084635735,0.9376897532492876
8,0,0,60,0.0073499372228980064,0.017459732480347157,0.01010979525744915,0.9376897532492876
8,0,0,61,0.017459732480347157,0.03239092975854874,0.01493119727820158,0.9376897532492876
8,0,0,62,0.03239092975854874,0.11241551302373409,0.08002458326518536,0.9376897532492876
8,0,0,63,0.11241551302373409,0.21110491268336773,0.09868939965963364,0.9376897532492876
8,0,0,64,0.21110491268336773,0.31586110312491655,0.10475619044154882,0.9376897532492876
8,0,0,65,0.31586110312491655,0.42625807877629995,0.1103969756513834,0.9376897532492876
8,0,0,66,0.42625807877629995,0.5428019855171442,0.11654390674084425,0.9376897532492876
8,0,0,67,0.5428019855171442,0.6642294516786933,0.12142746616154909,0.9376897532492876
8,0,0,68,0.6642294516786933,0.7945267846807837,0.13029733300209045,0.9376897532492876
8,0,0,69,0.7945267846807837,0.9387871716171503,0.14426038693636656,0.9376897532492876
8,0,1,55,-0.006319320760667324,0.007088754326105118,0.013408075086772442,0.9376897532492876
8,0,1,56,0.007088754326105118,0.017161116003990173,0.010072361677885056,0.9376897532492876
8,0,1,57,0.017161116003990173,0.032112219370901585,0.014951103366911411,0.9376897532492876
8,0,1,58,0.032112219370901585,0.11214705277234316,0.08003483340144157,0.9376897532492876
8,0,1,59,0.11214705277234316,0.2108287224546075,0.09868166968226433,0.9376897532492876
8,0,1,60,0.2108287224546075,0.3155751023441553,0.10474637988954782,0.9376897532492876
8,0,1,61,0.3155751023441553,0.42597910203039646,0.11040399968624115,0.9376897532492876
8,0,1,62,0.42597910203039646,0.5425555342808366,0.11657643225044012,0.9376897532492876
8,0,1,63,0.5425555342808366,0.66391871124506,0.12136317696422338,0.9376897532492876
8,0,1,64,0.66391871124506,0.7942357631400228,0.1303170518949628,0.9376897532492876
8,0,1,65,0.7942357631400228,0.9381100051105022,0.1438742419704795,0.9376897532492876
8,0,2,58,-0.0062278760597109795,0.007201198488473892,0.013429074548184872,0.9376897532492876
8,0,2,59,0.007201198488473892,0.017266680486500263,0.010065481998026371,0.9376897532492876
8,0,2,60,0.017266680486500263,0.032208532094955444,0.014941851608455181,0.9376897532492876
8,0,2,61,0.032208532094955444,0.11224847100675106,0.08003993891179562,0.9376897532492876
8,0,2,62,0.11224847100675106,0.21093037351965904,0.09868190251290798,0.9376897532492876
8,0,2,63,0.21093037351965904,0.31570197455585003,0.10477160103619099,0.9376897532492876
8,0,2,64,0.31570197455585003,0.42608433309942484,0.11038235854357481,0.9376897532492876
8,0,2,65,0.42608433309942484,0.542647385969758,0.1165630528703332,0.9376897532492876
8,0,2,66,0.542647385969758,0.6640166556462646,0.12136926967650652,0.9376897532492876
8,0,2,67,0.6640166556462646,0.7943432833999395,0.13032662775367498,0.9376897532492876
8,0,2,68,0.7943432833999395,0.938270497135818,0.14392721373587847,0.9376897532492876
8,0,3,57,-0.006403421051800251,0.007006792351603508,0.013410213403403759,0.9376897532492876
8,0,3,58,0.007006792351603508,0.017053878866136074,0.010047086514532566,0.9376897532492876
8,0,3,59,0.017053878866136074,0.03201678488403559,0.014962906017899513,0.9376897532492876
8,0,3,60,0.03201678488403559,0.1120209526270628,0.08000416774302721,0.9376897532492876
8,0,3,61,0.1120209526270628,0.21072598826140165,0.09870503563433886,0.9376897532492876
8,0,3,62,0.21072598826140165,0.315405510365963,0.10467952210456133,0.9376897532492876
8,0,3,63,0.315405510365963,0.42587034311145544,0.11046483274549246,0.9376897532492876
8,0,3,64,0.42587034311145544,0.5424452824518085,0.11657493934035301,0.9376897532492876
8,0,3,65,0.5424452824518085,0.6638338528573513,0.12138857040554285,0.9376897532492876
8,0,3,66,0.6638338528573513,0.794118701480329,0.13028484862297773,0.9376897532492876
8,0,3,67,0.794118701480329,0.9367095464840531,0.1425908450037241,0.9376897532492876
8,0,3,68,0.9367095464840531,0.9389422321692109,0.002232685685157776,0.9376897532492876
8,0,4,56,-0.006009835749864578,0.007399158552289009,0.013408994302153587,0.9376897532492876
8,0,4,57,0.007399158552289009,0.0175096457824111,0.01011048723012209,0.9376897532492876
8,0,4,58,0.0175096457824111,0.032437559217214584,0.014927913434803486,0.9376897532492876
8,0,4,59,0.032437559217214584,0.11246359162032604,0.08002603240311146,0.9376897532492876
8,0,4,60,0.11246359162032604,0.21115476544946432,0.09869117382913828,0.9376897532492876
8,0,4,61,0.21115476544946432,0.31591650377959013,0.10476173833012581,0.9376897532492876
8,0,4,62,0.31591650377959013,0.42630321253091097,0.11038670875132084,0.9376897532492876
8,0,4,63,0.42630321253091097,0.5428474759683013,0.11654426343739033,0.9376897532492876
8,0,4,64,0.5428474759683013,0.6642769575119019,0.12142948154360056,0.9376897532492876
8,0,4,65,0.6642769575119019,0.7945742532610893,0.13029729574918747,0.9376897532492876
8,0,4,66,0.7945742532610893,0.9388715559616685,0.14429730270057917,0.9376897532492876
8,0,5,56,-0.006147950887680054,0.007250658236443996,0.01339860912412405,0.9376897532492876
8,0,5,57,0.007250658236443996,0.01731689367443323,0.010066235437989235,0.9376897532492876
8,0,5,58,0.01731689367443323,0.03229381702840328,0.01497692335397005,0.9376897532492876
8,0,5,59,0.03229381702840328,0.11229487601667643,0.08000105898827314,0.9376897532492876
8,0,5,60,0.11229487601667643,0.21097876969724894,0.09868389368057251,0.9376897532492876
8,0,5,61,0.21097876969724894,0.31575682759284973,0.1047780578956008,0.9376897532492876
8,0,5,62,0.31575682759284973,0.4261291567236185,0.11037232913076878,0.9376897532492876
8,0,5,63,0.4261291567236185,0.5426909802481532,0.1165618235245347,0.9376897532492876
8,0,5,64,0.5426909802481532,0.6641352465376258,0.12144426628947258,0.9376897532492876
8,0,5,65,0.6641352465376258,0.7943899882957339,0.13025474175810814,0.9376897532492876
8,0,5,66,0.7943899882957339,0.9383357800543308,0.1439457917585969,0.9376897532492876
8,0,6,55,-0.006272939033806324,0.007147328928112984,0.013420267961919308,0.9376897532492876
8,0,6,56,0.007147328928112984,0.017215749248862267,0.010068420320749283,0.9376897532492876
8,0,6,57,0.017215749248862267,0.03216199763119221,0.01494624838232994,0.9376897532492876
8,0,6,58,0.03216199763119221,0.1121986135840416,0.08003661595284939,0.9376897532492876
8,0,6,59,0.1121986135840416,0.21088146790862083,0.09868285432457924,0.9376897532492876
8,0,6,60,0.21088146790862083,0.3156430162489414,0.10476154834032059,0.9376897532492876
8,0,6,61,0.3156430162489414,0.42603592574596405,0.11039290949702263,0.9376897532492876
8,0,6,62,0.42603592574596405,0.5426039816811681,0.11656805593520403,0.9376897532492876
8,0,6,63,0.5426039816811681,0.663967551663518,0.12136356998234987,0.9376897532492876
8,0,6,64,0.663967551663518,0.7942909831181169,0.1303234314545989,0.9376897532492876
8,0,6,65,0.7942909831181169,0.9382012402638793,0.14391025714576244,0.9376897532492876
8,0,7,57,-0.0061004888266325,0.007301007397472858,0.013401496224105358,0.9376897532492876
8,0,7,58,0.007301007397472858,0.01740699913352728,0.01010599173605442,0.9376897532492876
8,0,7,59,0.01740699913352728,0.032344235107302666,0.014937235973775387,0.9376897532492876
8,0,7,60,0.032344235107302666,0.11234495975077152,0.08000072464346886,0.9376897532492876
8,0,7,61,0.11234495975077152,0.21106025855988264,0.09871529880911112,0.9376897532492876
8,0,7,62,0.21106025855988264,0.3158089378848672,0.10474867932498455,0.9376897532492876
8,0,7,63,0.3158089378848672,0.426211160607636,0.11040222272276878,0.9376897532492876
8,0,7,64,0.426211160607636,0.5427332520484924,0.11652209144085646,0.9376897532492876
8,0,7,65,0.5427332520484924,0.6641831714659929,0.1214499194175005,0.9376897532492876
8,0,7,66,0.6641831714659929,0.7944748271256685,0.1302916556596756,0.9376897532492876
8,0,7,67,0.7944748271256685,0.9384025344625115,0.143927707336843,0.9376897532492876
8,1,0,59,-0.010006540454924107,0.002193518914282322,0.012200059369206429,0.9292544825002551
8,1,0,60,0.002193518914282322,0.013079549185931683,0.01088603027164936,0.9292544825002551
8,1,0,61,0.013079549185931683,0.02738186251372099,0.014302313327789307,0.9292544825002551
8,1,0,62,0.02738186251372099,0.10832683183252811,0.08094496931880713,0.9292544825002551
8,1,0,63,0.10832683183252811,0.20720400847494602,0.09887717664241791,0.9292544825002551
8,1,0,64,0.20720400847494602,0.3108154181391001,0.10361140966415405,0.9292544825002551
8,1,0,65,0.3108154181391001,0.4212644165381789,0.11044899839907885,0.9292544825002551
8,1,0,66,0.4212644165381789,0.5365334702655673,0.11526905372738838,0.9292544825002551
8,1,0,67,0.5365334702655673,0.6577054290100932,0.12117195874452591,0.9292544825002551
8,1,0,68,0.6577054290100932,0.7892676154151559,0.13156218640506268,0.9292544825002551
8,1,0,69,0.7892676154151559,0.9296650355681777,0.1403974201530218,0.9292544825002551
8,1,1,58,-0.010086745955049992,0.0021419525146484375,0.012228698469698429,0.9292544825002551
8,1,1,59,0.0021419525146484375,0.013032731600105762,0.010890779085457325,0.9292544825002551
8,1,1,60,0.013032731600105762,0.0273316390812397,0.014298907481133938,0.9292544825002551
8,1,1,61,0.0273316390812397,0.1082851430401206,0.0809535039588809,0.9292544825002551
8,1,1,62,0.1082851430401206,0.20715896040201187,0.09887381736189127,0.9292544825002551
8,1,1,63,0.20715896040201187,0.3107750080525875,0.10361604765057564,0.9292544825002551
8,1,1,64,0.3107750080525875,0.4211885826662183,0.11041357461363077,0.9292544825002551
8,1,1,65,0.4211885826662183,0.5364536205306649,0.11526503786444664,0.9292544825002551
8,1,1,66,0.5364536205306649,0.6576571008190513,0.12120348028838634,0.9292544825002551
8,1,1,67,0.6576571008190513,0.789219873957336,0.13156277313828468,0.9292544825002551
8,1,1,68,0.789219873957336,0.9296158635988832,0.1403959896415472,0.9292544825002551
8,1,2,55,-0.009961256757378578,0.002246331423521042,0.01220758818089962,0.9292544825002551
8,1,2,56,0.002246331423521042,0.013125190511345863,0.010878859087824821,0.9292544825002551
8,1,2,57,0.013125190511345863,0.027433856390416622,0.014308665879070759,0.9292544825002551
8,1,2,58,0.027433856390416622,0.10836710967123508,0.08093325328081846,0.9292544825002551
8,1,2,59,0.10836710967123508,0.20725157670676708,0.098884467035532,0.9292544825002551
8,1,2,60,0.20725157670676708,0.31088623963296413,0.10363466292619705,0.9292544825002551
8,1,2,61,0.31088623963296413,0.4213109817355871,0.11042474210262299,0.9292544825002551
8,1,2,62,0.4213109817355871,0.5365829467773438,0.11527196504175663,0.9292544825002551
8,1,2,63,0.5365829467773438,0.6577519690617919,0.12116902228444815,0.9292544825002551
8,1,2,64,0.6577519690617919,0.7893145056441426,0.13156253658235073,0.9292544825002551
8,1,2,65,0.7893145056441426,0.9297117283567786,0.140397222712636,0.9292544825002551
8,1,3,55,-0.010179275646805763,0.002032236196100712,0.012211511842906475,0.9292544825002551
8,1,3,56,0.002032236196100712,0.012924539856612682,0.01089230366051197,0.9292544825002551
8,1,3,57,0.012924539856612682,0.027189070358872414,0.014264530502259731,0.9292544825002551
8,1,3,58,0.027189070358872414,0.10819752980023623,0.08100845944136381,0.9292544825002551
8,1,3,59,0.10819752980023623,0.2070672269910574,0.09886969719082117,0.9292544825002551
8,1,3,60,0.2070672269910574,0.310688816010952,0.1036215890198946,0.9292544825002551
8,1,3,61,0.310688816010952,0.421091721393168,0.11040290538221598,0.9292544825002551
8,1,3,62,0.421091721393168,0.536356401629746,0.11526468023657799,0.9292544825002551
8,1,3,63,0.536356401629746,0.6575453085824847,0.12118890695273876,0.9292544825002551
8,1,3,64,0.6575453085824847,0.789111883379519,0.13156657479703426,0.9292544825002551
8,1,3,65,0.789111883379519,0.9295094795525074,0.14039759617298841,0.9292544825002551
8,1,4,57,-0.010132274590432644,0.0020878762006759644,0.012220150791108608,0.9292544825002551
8,1,4,58,0.0020878762006759644,0.0129819605499506,0.010894084349274635,0.9292544825002551
8,1,4,59,0.0129819605499506,0.027241932228207588,0.014259971678256989,0.9292544825002551
8,1,4,60,0.027241932228207588,0.1082442244514823,0.08100229222327471,0.9292544825002551
8,1,4,61,0.1082442244514823,0.20711468998342752,0.09887046553194523,0.9292544825002551
8,1,4,62,0.20711468998342752,0.310732239857316,0.10361754987388849,0.9292544825002551
8,1,4,63,0.310732239857316,0.42114206682890654,0.11040982697159052,0.9292544825002551
8,1,4,64,0.42114206682890654,0.5364056350663304,0.1152635682374239,0.9292544825002551
8,1,4,65,0.5364056350663304,0.6576059376820922,0.12120030261576176,0.9292544825002551
8,1,4,66,0.6576059376820922,0.7891714321449399,0.1315654944628477,0.9292544825002551
8,1,4,67,0.7891714321449399,0.9295609900727868,0.1403895579278469,0.9292544825002551
8,1,5,56,-0.009917199611663818,0.002299961633980274,0.012217161245644093,0.9292544825002551
8,1,5,57,0.002299961633980274,0.013196101412177086,0.010896139778196812,0.9292544825002551
8,1,5,58,0.013196101412177086,0.02748217061161995,0.014286069199442863,0.9292544825002551
8,1,5,59,0.02748217061161995,0.1084065055474639,0.08092433493584394,0.9292544825002551
8,1,5,60,0.1084065055474639,0.2073155790567398,0.09890907350927591,0.9292544825002551
8,1,5,61,0.2073155790567398,0.3109291074797511,0.1036135284230113,0.9292544825002551
8,1,5,62,0.3109291074797511,0.42135613318532705,0.11042702570557594,0.9292544825002551
8,1,5,63,0.42135613318532705,0.5367118678987026,0.11535573471337557,0.9292544825002551
8,1,5,64,0.5367118678987026,0.6578007461503148,0.12108887825161219,0.9292544825002551
8,1,5,65,0.6578007461503148,0.7893611704930663,0.1315604243427515,0.9292544825002551
8,1,5,66,0.7893611704930663,0.9297583941370249,0.14039722364395857,0.9292544825002551
8,1,6,57,-0.010258899070322514,0.0019585518166422844,0.012217450886964798,0.9292544825002551
8,1,6,58,0.0019585518166422844,0.012807038612663746,0.010848486796021461,0.9292544825002551
8,1,6,59,0.012807038612663746,0.027108079753816128,0.014301041141152382,0.9292544825002551
8,1,6,60,0.027108079753816128,0.10809827037155628,0.08099019061774015,0.9292544825002551
8,1,6,61,0.10809827037155628,0.20695847272872925,0.09886020235717297,0.9292544825002551
8,1,6,62,0.20695847272872925,0.31060775741934776,0.10364928469061852,0.9292544825002551
8,1,6,63,0.31060775741934776,0.42100811656564474,0.11040035914629698,0.9292544825002551
8,1,6,64,0.42100811656564474,0.5362679753452539,0.1152598587796092,0.9292544825002551
8,1,6,65,0.5362679753452539,0.6574032753705978,0.1211353000253439,0.9292544825002551
8,1,6,66,0.6574032753705978,0.7889628689736128,0.13155959360301495,0.9292544825002551
8,1,6,67,0.7889628689736128,0.9294502940028906,0.1404874250292778,0.9292544825002551
8,1,7,56,-0.009870404377579689,0.0023518651723861694,0.012222269549965858,0.9292544825002551
8,1,7,57,0.0023518651723861694,0.013243157416582108,0.010891292244195938,0.9292544825002551
8,1,7,58,0.013243157416582108,0.027530504390597343,0.014287346974015236,0.9292544825002551
8,1,7,59,0.027530504390597343,0.1084439866244793,0.08091348223388195,0.9292544825002551
8,1,7,60,0.1084439866244793,0.20735896285623312,0.09891497623175383,0.9292544825002551
8,1,7,61,0.20735896285623312,0.31096870359033346,0.10360974073410034,0.9292544825002551
8,1,7,62,0.31096870359033346,0.4214036837220192,0.11043498013168573,0.9292544825002551
8,1,7,63,0.4214036837220192,0.5367703652009368,0.1153666814789176,0.9292544825002551
8,1,7,64,0.5367703652009368,0.6578483209013939,0.1210779557004571,0.9292544825002551
8,1,7,65,0.6578483209013939,0.7894059726968408,0.13155765179544687,0.9292544825002551
8,1,7,66,0.7894059726968408,0.9298042329028249,0.14039826020598412,0.9292544825002551
8,2,0,58,-0.014106030575931072,0.002377063035964966,0.016483093611896038,0.9251214507967234
8,2,0,59,0.002377063035964966,0.009264089167118073,0.006887026131153107,0.9251214507967234
8,2,0,60,0.009264089167118073,0.022356029599905014,0.013091940432786942,0.9251214507967234
8,2,0,61,0.022356029599905014,0.1072319159284234,0.08487588632851839,0.9251214507967234
8,2,0,62,0.1072319159284234,0.20492345374077559,0.09769153781235218,0.9251214507967234
8,2,0,63,0.20492345374077559,0.3093300126492977,0.10440655890852213,0.9251214507967234
8,2,0,64,0.3093300126492977,0.41956862807273865,0.11023861542344093,0.9251214507967234
8,2,0,65,0.41956862807273865,0.5346320029348135,0.11506337486207485,0.9251214507967234
8,2,0,66,0.5346320029348135,0.655672992579639,0.12104098964482546,0.9251214507967234
8,2,0,67,0.655672992579639,0.7840435644611716,0.12837057188153267,0.9251214507967234
8,2,0,68,0.7840435644611716,0.9255956783890724,0.1415521139279008,0.9251214507967234
8,2,1,58,-0.01435281801968813,0.0020955754444003105,0.01644839346408844,0.9251214507967234
8,2,1,59,0.0020955754444003105,0.008984291926026344,0.006888716481626034,0.9251214507967234
8,2,1,60,0.008984291926026344,0.022106128744781017,0.013121836818754673,0.9251214507967234
8,2,1,61,0.022106128744781017,0.10695681162178516,0.08485068287700415,0.9251214507967234
8,2,1,62,0.10695681162178516,0.20460361056029797,0.0976467989385128,0.9251214507967234
8,2,1,63,0.20460361056029797,0.30906246043741703,0.10445884987711906,0.9251214507967234
8,2,1,64,0.30906246043741703,0.41929800622165203,0.110235545784235,0.9251214507967234
8,2,1,65,0.41929800622165203,0.5343022029846907,0.11500419676303864,0.9251214507967234
8,2,1,66,0.5343022029846907,0.6553945261985064,0.12109232321381569,0.9251214507967234
8,2,1,67,0.6553945261985064,0.7837573010474443,0.128362774848938,0.9251214507967234
8,2,1,68,0.7837573010474443,0.9253596495836973,0.14160234853625298,0.9251214507967234
8,2,2,57,-0.014190670102834702,0.0022656451910734177,0.01645631529390812,0.9251214507967234
8,2,2,58,0.0022656451910734177,0.009142493829131126,0.006876848638057709,0.9251214507967234
8,2,2,59,0.009142493829131126,0.02227391116321087,0.013131417334079742,0.9251214507967234
8,2,2,60,0.02227391116321087,0.10713475849479437,0.0848608473315835,0.9251214507967234
8,2,2,61,0.10713475849479437,0.20482520200312138,0.09769044350832701,0.9251214507967234
8,2,2,62,0.20482520200312138,0.3092302540317178,0.1044050520285964,0.9251214507967234
8,2,2,63,0.3092302540317178,0.41946817841380835,0.11023792438209057,0.9251214507967234
8,2,2,64,0.41946817841380835,0.5345308566465974,0.11506267823278904,0.9251214507967234
8,2,2,65,0.5345308566465974,0.6555663906037807,0.12103553395718336,0.9251214507967234
8,2,2,66,0.6555663906037807,0.7839345056563616,0.12836811505258083,0.9251214507967234
8,2,2,67,0.7839345056563616,0.9255053317174315,0.14157082606106997,0.9251214507967234
8,2,3,56,-0.014064602553844452,0.002429373562335968,0.01649397611618042,0.9251214507967234
8,2,3,57,0.002429373562335968,0.009315847419202328,0.00688647385686636,0.9251214507967234
8,2,3,58,0.009315847419202328,0.02239607647061348,0.013080229051411152,0.9251214507967234
8,2,3,59,0.02239607647061348,0.10727987252175808,0.0848837960511446,0.9251214507967234
8,2,3,60,0.10727987252175808,0.20497213955968618,0.0976922670379281,0.9251214507967234
8,2,3,61,0.20497213955968618,0.30937947053462267,0.10440733097493649,0.9251214507967234
8,2,3,62,0.30937947053462267,0.4196157604455948,0.11023628991097212,0.9251214507967234
8,2,3,63,0.4196157604455948,0.5346817737445235,0.11506601329892874,0.9251214507967234
8,2,3,64,0.5346817737445235,0.6557245962321758,0.1210428224876523,0.9251214507967234
8,2,3,65,0.6557245962321758,0.7841065982356668,0.12838200200349092,0.9251214507967234
8,2,3,66,0.7841065982356668,0.9256416177377105,0.14153501950204372,0.9251214507967234
8,2,4,55,-0.014147352427244186,0.0023227157071232796,0.016470068134367466,0.9251214507967234
8,2,4,56,0.0023227157071232796,0.009191385470330715,0.006868669763207436,0.9251214507967234
8,2,4,57,0.009191385470330715,0.022314989008009434,0.013123603537678719,0.9251214507967234
8,2,4,58,0.022314989008009434,0.1071839751675725,0.08486898615956306,0.9251214507967234
8,2,4,59,0.1071839751675725,0.20487387757748365,0.09768990240991116,0.9251214507967234
8,2,4,60,0.20487387757748365,0.30928122252225876,0.1044073449447751,0.9251214507967234
8,2,4,61,0.30928122252225876,0.4195214929059148,0.11024027038365602,0.9251214507967234
8,2,4,62,0.4195214929059148,0.5345820421352983,0.11506054922938347,0.9251214507967234
8,2,4,63,0.5345820421352983,0.6556200757622719,0.12103803362697363,0.9251214507967234
8,2,4,64,0.6556200757622719,0.783987496048212,0.12836742028594017,0.9251214507967234
8,2,4,65,0.783987496048212,0.9255504421889782,0.14156294614076614,0.9251214507967234
8,2,5,56,-0.014306538738310337,0.0021627740934491158,0.016469312831759453,0.9251214507967234
8,2,5,57,0.0021627740934491158,0.009038809686899185,0.006876035593450069,0.9251214507967234
8,2,5,58,0.009038809686899185,0.02214896772056818,0.013110158033668995,0.9251214507967234
8,2,5,59,0.02214896772056818,0.10701937414705753,0.08487040642648935,0.9251214507967234
8,2,5,60,0.10701937414705753,0.20472385454922915,0.09770448040217161,0.9251214507967234
8,2,5,61,0.20472385454922915,0.3091279026120901,0.10440404806286097,0.9251214507967234
8,2,5,62,0.3091279026120901,0.4193602241575718,0.11023232154548168,0.9251214507967234
8,2,5,63,0.4193602241575718,0.5344236437231302,0.11506341956555843,0.9251214507967234
8,2,5,64,0.5344236437231302,0.6554562682285905,0.12103262450546026,0.9251214507967234
8,2,5,65,0.6554562682285905,0.7838203301653266,0.1283640619367361,0.9251214507967234
8,2,5,66,0.7838203301653266,0.925410021096468,0.14158969093114138,0.9251214507967234
8,2,6,54,-0.014262133277952671,0.002216693013906479,0.01647882629185915,0.9251214507967234
8,2,6,55,0.002216693013906479,0.009088747203350067,0.006872054189443588,0.9251214507967234
8,2,6,56,0.009088747203350067,0.02222981210798025,0.013141064904630184,0.9251214507967234
8,2,6,57,0.02222981210798025,0.10707713291049004,0.08484732080250978,0.9251214507967234
8,2,6,58,0.10707713291049004,0.20477643236517906,0.09769929945468903,0.9251214507967234
8,2,6,59,0.20477643236517906,0.3091793740168214,0.10440294165164232,0.9251214507967234
8,2,6,60,0.3091793740168214,0.41941547952592373,0.11023610550910234,0.9251214507967234
8,2,6,61,0.41941547952592373,0.534480070695281,0.1150645911693573,0.9251214507967234
8,2,6,62,0.534480070695281,0.6555126132443547,0.1210325425490737,0.9251214507967234
8,2,6,63,0.6555126132443547,0.7838783897459507,0.12836577650159597,0.9251214507967234
8,2,6,64,0.7838783897459507,0.9254578379914165,0.14157944824546576,0.9251214507967234
8,2,7,55,-0.014430212788283825,0.0020064637064933777,0.016436676494777203,0.9251214507967234
8,2,7,56,0.0020064637064933777,0.008876543492078781,0.0068700797855854034,0.9251214507967234
8,2,7,57,0.008876543492078781,0.022035328671336174,0.013158785179257393,0.9251214507967234
8,2,7,58,0.022035328671336174,0.10686166398227215,0.08482633531093597,0.9251214507967234
8,2,7,59,0.10686166398227215,0.20452010910958052,0.09765844512730837,0.9251214507967234
8,2,7,60,0.20452010910958052,0.30897032376378775,0.10445021465420723,0.9251214507967234
8,2,7,61,0.30897032376378775,0.41920703556388617,0.11023671180009842,0.9251214507967234
8,2,7,62,0.41920703556388617,0.5342139219865203,0.11500688642263412,0.9251214507967234
8,2,7,63,0.5342139219865203,0.6553035648539662,0.12108964286744595,0.9251214507967234
8,2,7,64,0.6553035648539662,0.7836570162326097,0.1283534513786435,0.9251214507967234
8,2,7,65,0.7836570162326097,0.9253022726625204,0.14164525642991066,0.9251214507967234
16,0,0,30,-0.014994521625339985,0.0021697143092751503,0.017164235934615135,0.9465336902067065
16,0,0,31,0.0021697143092751503,0.009248948656022549,0.007079234346747398,0.9465336902067065
16,0,0,32,0.009248948656022549,0.020816625095903873,0.011567676439881325,0.9465336902067065
16,0,0,33,0.020816625095903873,0.03392644040286541,0.013109815306961536,0.9465336902067065
16,0,0,34,0.03392644040286541,0.12037151586264372,0.08644507545977831,0.9465336902067065
16,0,0,35,0.12037151586264372,0.21974020637571812,0.0993686905130744,0.9465336902067065
16,0,0,36,0.21974020637571812,0.32401003036648035,0.10426982399076223,0.9465336902067065
16,0,0,37,0.32401003036648035,0.43315047584474087,0.10914044547826052,0.9465336902067065
16,0,0,38,0.43315047584474087,0.5492397323250771,0.11608925648033619,0.9465336902067065
16,0,0,39,0.5492397323250771,0.6704308874905109,0.12119115516543388,0.9465336902067065
16,0,0,40,0.6704308874905109,0.8164718970656395,0.14604100957512856,0.9465336902067065
16,0,0,41,0.8164718970656395,0.9472885951399803,0.13081669807434082,0.9465336902067065
16,0,1,29,-0.014882275834679604,0.0022749388590455055,0.01715721469372511,0.9465336902067065
16,0,1,30,0.0022749388590455055,0.00938873365521431,0.007113794796168804,0.9465336902067065
16,0,1,31,0.00938873365521431,0.02090924885123968,0.011520515196025372,0.9465336902067065
16,0,1,32,0.02090924885123968,0.03401197399944067,0.013102725148200989,0.9465336902067065
16,0,1,33,0.03401197399944067,0.12047074269503355,0.08645876869559288,0.9465336902067065
16,0,1,34,0.12047074269503355,0.2198352450504899,0.09936450235545635,0.9465336902067065
16,0,1,35,0.2198352450504899,0.3241074597463012,0.10427221469581127,0.9465336902067065
16,0,1,36,0.3241074597463012,0.4332505716010928,0.10914311185479164,0.9465336902067065
16,0,1,37,0.4332505716010928,0.5493287416175008,0.11607817001640797,0.9465336902067065
16,0,1,38,0.5493287416175008,0.6705251941457391,0.1211964525282383,0.9465336902067065
16,0,1,39,0.6705251941457391,0.8165699187666178,0.1460447246208787,0.9465336902067065
16,0,1,40,0.8165699187666178,0.9474304774776101,0.13086055871099234,0.9465336902067065
16,0,2,28,-0.015235129743814468,0.00192917138338089,0.01716430112719536,0.9465336902067065
16,0,2,29,0.00192917138338089,0.008996373042464256,0.007067201659083366,0.9465336902067065
16,0,2,30,0.008996373042464256,0.020522555336356163,0.011526182293891907,0.9465336902067065
16,0,2,31,0.020522555336356163,0.03364914562553167,0.01312659028917551,0.9465336902067065
16,0,2,32,0.03364914562553167,0.12010349333286285,0.08645434770733118,0.9465336902067065
16,0,2,33,0.12010349333286285,0.2194875506684184,0.09938405733555555,0.9465336902067065
16,0,2,34,0.2194875506684184,0.3237574892118573,0.10426993854343891,0.9465336902067065
16,0,2,35,0.3237574892118573,0.4329148540273309,0.10915736481547356,0.9465336902067065
16,0,2,36,0.4329148540273309,0.5490081422030926,0.1160932881757617,0.9465336902067065
16,0,2,37,0.5490081422030926,0.6701931226998568,0.12118498049676418,0.9465336902067065
16,0,2,38,0.6701931226998568,0.8162159891799092,0.14602286648005247,0.9465336902067065
16,0,2,39,0.8162159891799092,0.9469294501468539,0.1307134609669447,0.9465336902067065
16,0,3,22,-0.015039130114018917,0.002122407779097557,0.017161537893116474,0.9465336902067065
16,0,3,23,0.002122407779097557,0.009199097752571106,0.007076689973473549,0.9465336902067065
16,0,3,24,0.009199097752571106,0.02072053123265505,0.011521433480083942,0.9465336902067065
16,0,3,25,0.02072053123265505,0.03383645787835121,0.013115926645696163,0.9465336902067065
16,0,3,26,0.03383645787835121,0.12032031267881393,0.08648385480046272,0.9465336902067065
16,0,3,27,0.12032031267881393,0.2196895107626915,0.09936919808387756,0.9465336902067065
16,0,3,28,0.2196895107626915,0.3239590413868427,0.10426953062415123,0.9465336902067065
16,0,3,29,0.3239590413868427,0.4331023162230849,0.1091432748362422,0.9465336902067065
16,0,3,30,0.4331023162230849,0.5491936365142465,0.11609132029116154,0.9465336902067065
16,0,3,31,0.5491936365142465,0.6703829290345311,0.12118929252028465,0.9465336902067065
16,0,3,32,0.6703829290345311,0.8164209350943565,0.14603800605982542,0.9465336902067065
16,0,3,33,0.8164209350943565,0.9471373641863465,0.13071642909199,0.9465336902067065
16,0,4,28,-0.014752896502614021,0.0024150433018803596,0.01716793980449438,0.9465336902067065
16,0,4,29,0.0024150433018803596,0.009537450969219208,0.007122407667338848,0.9465336902067065
16,0,4,30,0.009537450969219208,0.021045860834419727,0.01150840986520052,0.9465336902067065
16,0,4,31,0.021045860834419727,0.03413696773350239,0.01309110689908266,0.9465336902067065
16,0,4,32,0.03413696773350239,0.12061862554401159,0.0864816578105092,0.9465336902067065
16,0,4,33,0.12061862554401159,0.21997697558254004,0.09935835003852844,0.9465336902067065
16,0,4,34,0.21997697558254004,0.32426242902874947,0.10428545344620943,0.9465336902067065
16,0,4,35,0.32426242902874947,0.43338470719754696,0.10912227816879749,0.9465336902067065
16,0,4,36,0.43338470719754696,0.5494575630873442,0.11607285588979721,0.9465336902067065
16,0,4,37,0.5494575630873442,0.6706622531637549,0.12120469007641077,0.9465336902067065
16,0,4,38,0.6706622531637549,0.816772285848856,0.14611003268510103,0.9465336902067065
16,0,4,39,0.816772285848856,0.9476425107568502,0.13087022490799427,0.9465336902067065
16,0,5,27,-0.014840773306787014,0.0023210598155856133,0.017161833122372627,0.9465336902067065
16,0,5,28,0.0023210598155856133,0.009440146386623383,0.007119086571037769,0.9465336902067065
16,0,5,29,0.009440146386623383,0.02095428667962551,0.011514140293002129,0.9465336902067065
16,0,5,30,0.02095428667962551,0.03405362647026777,0.013099339790642262,0.9465336902067065
16,0,5,31,0.03405362647026777,0.1205193568021059,0.08646573033183813,0.9465336902067065
16,0,5,32,0.1205193568021059,0.21988229732960463,0.09936294052749872,0.9465336902067065
16,0,5,33,0.21988229732960463,0.3241559863090515,0.10427368897944689,0.9465336902067065
16,0,5,34,0.3241559863090515,0.4332954613491893,0.10913947504013777,0.9465336902067065
16,0,5,35,0.4332954613491893,0.5493715032935143,0.11607604194432497,0.9465336902067065
16,0,5,36,0.5493715032935143,0.6705720666795969,0.12120056338608265,0.9465336902067065
16,0,5,37,0.6705720666795969,0.816670554690063,0.1460984880104661,0.9465336902067065
16,0,5,38,0.816670554690063,0.9475010307505727,0.13083047606050968,0.9465336902067065
16,0,6,27,-0.014794592745602131,0.002367551438510418,0.01716214418411255,0.9465336902067065
16,0,6,28,0.002367551438510418,0.00948944129049778,0.007121889851987362,0.9465336902067065
16,0,6,29,0.00948944129049778,0.02100107353180647,0.011511632241308689,0.9465336902067065
16,0,6,30,0.02100107353180647,0.03409583680331707,0.013094763271510601,0.9465336902067065
16,0,6,31,0.03409583680331707,0.120568729005754,0.08647289220243692,0.9465336902067065
16,0,6,32,0.120568729005754,0.21993130259215832,0.09936257358640432,0.9465336902067065
16,0,6,33,0.21993130259215832,0.3242147471755743,0.10428344458341599,0.9465336902067065
16,0,6,34,0.3242147471755743,0.4333413792774081,0.10912663210183382,0.9465336902067065
16,0,6,35,0.4333413792774081,0.5494150808081031,0.11607370153069496,0.9465336902067065
16,0,6,36,0.5494150808081031,0.6706168102100492,0.12120172940194607,0.9465336902067065
16,0,6,37,0.6706168102100492,0.816723745316267,0.14610693510621786,0.9465336902067065
16,0,6,38,0.816723745316267,0.9475731085985899,0.13084936328232288,0.9465336902067065
16,0,7,25,-0.01528165116906166,0.001882101409137249,0.01716375257819891,0.9465336902067065
16,0,7,26,0.001882101409137249,0.008944601751863956,0.0070625003427267075,0.9465336902067065
16,0,7,27,0.008944601751863956,0.02047666162252426,0.011532059870660305,0.9465336902067065
16,0,7,28,0.02047666162252426,0.03360666427761316,0.013130002655088902,0.9465336902067065
16,0,7,29,0.03360666427761316,0.12004793714731932,0.08644127286970615,0.9465336902067065
16,0,7,30,0.12004793714731932,0.219434455037117,0.09938651788979769,0.9465336902067065
16,0,7,31,0.219434455037117,0.32370465621352196,0.10427020117640495,0.9465336902067065
16,0,7,32,0.32370465621352196,0.43286539148539305,0.10916073527187109,0.9465336902067065
16,0,7,33,0.43286539148539305,0.5489618638530374,0.11609647236764431,0.9465336902067065
16,0,7,34,0.5489618638530374,0.670137632638216,0.12117576878517866,0.9465336902067065
16,0,7,35,0.670137632638216,0.8161562401801348,0.14601860754191875,0.9465336902067065
16,0,7,36,0.8161562401801348,0.9468753207474947,0.13071908056735992,0.9465336902067065
16,0,8,25,-0.014669430442154408,0.0025138752534985542,0.01718330569565296,0.9465336902067065
16,0,8,26,0.0025138752534985542,0.009634210728108883,0.007120335474610329,0.9465336902067065
16,0,8,27,0.009634210728108883,0.021135437302291393,0.01150122657418251,0.9465336902067065
16,0,8,28,0.021135437302291393,0.03422341775149107,0.013087980449199677,0.9465336902067065
16,0,8,29,0.03422341775149107,0.1207171967253089,0.08649377897381783,0.9465336902067065
16,0,8,30,0.1207171967253089,0.22010098863393068,0.09938379190862179,0.9465336902067065
16,0,8,31,0.22010098863393068,0.32435903511941433,0.10425804648548365,0.9465336902067065
16,0,8,32,0.32435903511941433,0.4334732834249735,0.10911424830555916,0.9465336902067065
16,0,8,33,0.4334732834249735,0.5495429839938879,0.11606970056891441,0.9465336902067065
16,0,8,34,0.5495429839938879,0.6707520224153996,0.12120903842151165,0.9465336902067065
16,0,8,35,0.6707520224153996,0.816866653971374,0.14611463155597448,0.9465336902067065
16,0,8,36,0.816866653971374,0.9477783367037773,0.13091168273240328,0.9465336902067065
16,0,9,24,-0.014924800023436546,0.002227265387773514,0.01715206541121006,0.9465336902067065
16,0,9,25,0.002227265387773514,0.009295999072492123,0.007068733684718609,0.9465336902067065
16,0,9,26,0.009295999072492123,0.020864438265562057,0.011568439193069935,0.9465336902067065
16,0,9,27,0.020864438265562057,0.033970411866903305,0.013105973601341248,0.9465336902067065
16,0,9,28,0.033970411866903305,0.1204214496538043,0.086451037786901,0.9465336902067065
16,0,9,29,0.1204214496538043,0.21978925541043282,0.09936780575662851,0.9465336902067065
16,0,9,30,0.21978925541043282,0.3240577345713973,0.10426847916096449,0.9465336902067065
16,0,9,31,0.3240577345713973,0.43320430163294077,0.10914656706154346,0.9465336902067065
16,0,9,32,0.43320430163294077,0.5492840576916933,0.11607975605875254,0.9465336902067065
16,0,9,33,0.5492840576916933,0.6704785330221057,0.12119447533041239,0.9465336902067065
16,0,9,34,0.6704785330221057,0.8165207952260971,0.1460422622039914,0.9465336902067065
16,0,9,35,0.8165207952260971,0.9473610566928983,0.13084026146680117,0.9465336902067065
16,0,10,26,-0.015411010012030602,0.0017631109803915024,0.017174120992422104,0.9465336902067065
16,0,10,27,0.0017631109803915024,0.00876469723880291,0.0070015862584114075,0.9465336902067065
16,0,10,28,0.00876469723880291,0.02035495825111866,0.01159026101231575,0.9465336902067065
16,0,10,29,0.02035495825111866,0.03349072206765413,0.013135763816535473,0.9465336902067065
16,0,10,30,0.03349072206765413,0.11988878529518843,0.0863980632275343,0.9465336902067065
16,0,10,31,0.11988878529518843,0.21928293071687222,0.09939414542168379,0.9465336902067065
16,0,10,32,0.21928293071687222,0.3235556613653898,0.10427273064851761,0.9465336902067065
16,0,10,33,0.3235556613653898,0.43272574804723263,0.1091700866818428,0.9465336902067065
16,0,10,34,0.43272574804723263,0.5488285636529326,0.11610281560570002,0.9465336902067065
16,0,10,35,0.5488285636529326,0.669994056224823,0.12116549257189035,0.9465336902067065
16,0,10,36,0.669994056224823,0.8159011481329799,0.14590709190815687,0.9465336902067065
16,0,10,37,0.8159011481329799,0.9467508466914296,0.13084969855844975,0.9465336902067065
16,0,11,26,-0.014711703173816204,0.002464442513883114,0.017176145687699318,0.9465336902067065
16,0,11,27,0.002464442513883114,0.00958522129803896,0.007120778784155846,0.9465336902067065
16,0,11,28,0.00958522129803896,0.021090458147227764,0.011505236849188805,0.9465336902067065
16,0,11,29,0.021090458147227764,0.03417783044278622,0.013087372295558453,0.9465336902067065
16,0,11,30,0.03417783044278622,0.12066888250410557,0.08649105206131935,0.9465336902067065
16,0,11,31,0.12066888250410557,0.2200540928170085,0.09938521031290293,0.9465336902067065
16,0,11,32,0.2200540928170085,0.32431021705269814,0.10425612423568964,0.9465336902067065
16,0,11,33,0.32431021705269814,0.433428306132555,0.10911808907985687,0.9465336902067065
16,0,11,34,0.433428306132555,0.5495010446757078,0.11607273854315281,0.9465336902067065
16,0,11,35,0.5495010446757078,0.6707076374441385,0.12120659276843071,0.9465336902067065
16,0,11,36,0.6707076374441385,0.8168191341683269,0.14611149672418833,0.9465336902067065
16,0,11,37,0.8168191341683269,0.9477115012705326,0.13089236710220575,0.9465336902067065
16,0,12,24,-0.015103696845471859,0.002072458155453205,0.017176155000925064,0.9465336902067065
16,0,12,25,0.002072458155453205,0.00914557185024023,0.0070731136947870255,0.9465336902067065
16,0,12,26,0.00914557185024023,0.02067407499998808,0.011528503149747849,0.9465336902067065
16,0,12,27,0.02067407499998808,0.03379296977072954,0.013118894770741463,0.9465336902067065
16,0,12,28,0.03379296977072954,0.12026841565966606,0.08647544588893652,0.9465336902067065
16,0,12,29,0.12026841565966606,0.2196386782452464,0.09937026258558035,0.9465336902067065
16,0,12,30,0.2196386782452464,0.3239100854843855,0.10427140723913908,0.9465336902067065
16,0,12,31,0.3239100854843855,0.4330567391589284,0.1091466536745429,0.9465336902067065
16,0,12,32,0.4330567391589284,0.5491426764056087,0.11608593724668026,0.9465336902067065
16,0,12,33,0.5491426764056087,0.670337344519794,0.12119466811418533,0.9465336902067065
16,0,12,34,0.670337344519794,0.8163710357621312,0.14603369124233723,0.9465336902067065
16,0,12,35,0.8163710357621312,0.9470851374790072,0.13071410171687603,0.9465336902067065
16,0,13,23,-0.015331489965319633,0.0018302369862794876,0.01716172695159912,0.9465336902067065
16,0,13,24,0.0018302369862794876,0.00888850074261427,0.007058263756334782,0.9465336902067065
16,0,13,25,0.00888850074261427,0.020427524112164974,0.011539023369550705,0.9465336902067065
16,0,13,26,0.020427524112164974,0.03356066718697548,0.013133143074810505,0.9465336902067065
16,0,13,27,0.03356066718697548,0.11998352967202663,0.08642286248505116,0.9465336902067065
16,0,13,28,0.11998352967202663,0.2193734822794795,0.09938995260745287,0.9465336902067065
16,0,13,29,0.2193734822794795,0.32364480569958687,0.10427132342010736,0.9465336902067065
16,0,13,30,0.32364480569958687,0.43280909303575754,0.10916428733617067,0.9465336902067065
16,0,13,31,0.43280909303575754,0.5489081833511591,0.11609909031540155,0.9465336902067065
16,0,13,32,0.5489081833511591,0.6700792983174324,0.12117111496627331,0.9465336902067065
16,0,13,33,0.6700792983174324,0.8160936031490564,0.14601430483162403,0.9465336902067065
16,0,13,34,0.8160936031490564,0.9468165962025523,0.13072299305349588,0.9465336902067065
16,0,14,23,-0.0151903685182333,0.0019776588305830956,0.017168027348816395,0.9465336902067065
16,0,14,24,0.0019776588305830956,0.00904672872275114,0.007069069892168045,0.9465336902067065
16,0,14,25,0.00904672872275114,0.02056713029742241,0.011520401574671268,0.9465336902067065
16,0,14,26,0.02056713029742241,0.0336918905377388,0.013124760240316391,0.9465336902067065
16,0,14,27,0.0336918905377388,0.12015539035201073,0.08646349981427193,0.9465336902067065
16,0,14,28,0.12015539035201073,0.21953711472451687,0.09938172437250614,0.9465336902067065
16,0,14,29,0.21953711472451687,0.32380871940404177,0.1042716046795249,0.9465336902067065
16,0,14,30,0.32380871940404177,0.432962067425251,0.10915334802120924,0.9465336902067065
16,0,14,31,0.432962067425251,0.5490537667647004,0.1160916993394494,0.9465336902067065
16,0,14,32,0.5490537667647004,0.6702423896640539,0.1211886228993535,0.9465336902067065
16,0,14,33,0.6702423896640539,0.8162672631442547,0.14602487348020077,0.9465336902067065
16,0,14,34,0.8162672631442547,0.9469810351729393,0.13071377202868462,0.9465336902067065
16,0,15,22,-0.01514633558690548,0.002025504596531391,0.01717184018343687,0.9465336902067065
16,0,15,23,0.002025504596531391,0.009095568209886551,0.00707006361335516,0.9465336902067065
16,0,15,24,0.009095568209886551,0.020611317828297615,0.011515749618411064,0.9465336902067065
16,0,15,25,0.020611317828297615,0.03373538423329592,0.013124066404998302,0.9465336902067065
16,0,15,26,0.03373538423329592,0.12021705321967602,0.0864816689863801,0.9465336902067065
16,0,15,27,0.12021705321967602,0.21958731207996607,0.09937025886029005,0.9465336902067065
16,0,15,28,0.21958731207996607,0.3238608371466398,0.10427352506667376,0.9465336902067065
16,0,15,29,0.3238608371466398,0.4330106293782592,0.10914979223161936,0.9465336902067065
16,0,15,30,0.4330106293782592,0.5490991342812777,0.11608850490301847,0.9465336902067065
16,0,15,31,0.5490991342812777,0.670290962792933,0.12119182851165533,0.9465336902067065
16,0,15,32,0.670290962792933,0.816318741068244,0.146027778275311,0.9465336902067065
16,0,15,33,0.816318741068244,0.9470335254445672,0.13071478437632322,0.9465336902067065
16,1,0,31,-0.005156145431101322,0.007558071985840797,0.01271421741694212,0.9428367838263512
16,1,0,32,0.007558071985840797,0.01873864233493805,0.011180570349097252,0.9428367838263512
16,1,0,33,0.01873864233493805,0.03093162178993225,0.012192979454994202,0.9428367838263512
16,1,0,34,0.03093162178993225,0.11503582354635,0.08410420175641775,0.9428367838263512
16,1,0,35,0.11503582354635,0.2138098794966936,0.09877405595034361,0.9428367838263512
16,1,0,36,0.2138098794966936,0.3185701174661517,0.1047602379694581,0.9428367838263512
16,1,0,37,0.3185701174661517,0.4288307027891278,0.11026058532297611,0.9428367838263512
16,1,0,38,0.4288307027891278,0.5447063492611051,0.11587564647197723,0.9428367838263512
16,1,0,39,0.5447063492611051,0.666095957159996,0.12138960789889097,0.9428367838263512
16,1,0,40,0.666095957159996,0.8006819961592555,0.13458603899925947,0.9428367838263512
16,1,0,41,0.8006819961592555,0.9430898288264871,0.14240783266723156,0.9428367838263512
16,1,1,30,-0.005271059460937977,0.007416901178658009,0.012687960639595985,0.9428367838263512
16,1,1,31,0.007416901178658009,0.018594504334032536,0.011177603155374527,0.9428367838263512
16,1,1,32,0.018594504334032536,0.030802893452346325,0.01220838911831379,0.9428367838263512
16,1,1,33,0.030802893452346325,0.1148961391299963,0.08409324567764997,0.9428367838263512
16,1,1,34,0.1148961391299963,0.21367197018116713,0.09877583105117083,0.9428367838263512
16,1,1,35,0.21367197018116713,0.3184032328426838,0.10473126266151667,0.9428367838263512
16,1,1,36,0.3184032328426838,0.42857850808650255,0.11017527524381876,0.9428367838263512
16,1,1,37,0.42857850808650255,0.5445542652159929,0.11597575712949038,0.9428367838263512
16,1,1,38,0.5445542652159929,0.6658141324296594,0.12125986721366644,0.9428367838263512
16,1,1,39,0.6658141324296594,0.8003951339051127,0.13458100147545338,0.9428367838263512
16,1,1,40,0.8003951339051127,0.9429863095283508,0.1425911756232381,0.9428367838263512
16,1,2,29,-0.004877365194261074,0.007925460115075111,0.012802825309336185,0.9428367838263512
16,1,2,30,0.007925460115075111,0.018995054066181183,0.011069593951106071,0.9428367838263512
16,1,2,31,0.018995054066181183,0.031216486357152462,0.01222143229097128,0.9428367838263512
16,1,2,32,0.031216486357152462,0.11532937735319138,0.08411289099603891,0.9428367838263512
16,1,2,33,0.11532937735319138,0.21411743853241205,0.09878806117922068,0.9428367838263512
16,1,2,34,0.21411743853241205,0.3189825052395463,0.10486506670713425,0.9428367838263512
16,1,2,35,0.3189825052395463,0.429107460193336,0.11012495495378971,0.9428367838263512
16,1,2,36,0.429107460193336,0.5450077094137669,0.11590024922043085,0.9428367838263512
16,1,2,37,0.5450077094137669,0.666409601457417,0.12140189204365015,0.9428367838263512
16,1,2,38,0.666409601457417,0.8009798917919397,0.13457029033452272,0.9428367838263512
16,1,2,39,0.8009798917919397,0.9435716634616256,0.14259177166968584,0.9428367838263512
16,1,3,28,-0.004938891157507896,0.00787870492786169,0.012817596085369587,0.9428367838263512
16,1,3,29,0.00787870492786169,0.018953236751258373,0.011074531823396683,0.9428367838263512
16,1,3,30,0.018953236751258373,0.031140790320932865,0.012187553569674492,0.9428367838263512
16,1,3,31,0.031140790320932865,0.11528505478054285,0.08414426445960999,0.9428367838263512
16,1,3,32,0.11528505478054285,0.2140696980059147,0.09878464322537184,0.9428367838263512
16,1,3,33,0.2140696980059147,0.31893254816532135,0.10486285015940666,0.9428367838263512
16,1,3,34,0.31893254816532135,0.4290652787312865,0.11013273056596518,0.9428367838263512
16,1,3,35,0.4290652787312865,0.5449599614366889,0.11589468270540237,0.9428367838263512
16,1,3,36,0.5449599614366889,0.6663593789562583,0.1213994175195694,0.9428367838263512
16,1,3,37,0.6663593789562583,0.8009310020133853,0.134571623057127,0.9428367838263512
16,1,3,38,0.8009310020133853,0.9435115633532405,0.1425805613398552,0.9428367838263512
16,1,4,29,-0.004680607467889786,0.008166708052158356,0.012847315520048141,0.9428367838263512
16,1,4,30,0.008166708052158356,0.01923373807221651,0.011067030020058155,0.9428367838263512
16,1,4,31,0.01923373807221651,0.03141630254685879,0.012182564474642277,0.9428367838263512
16,1,4,32,0.03141630254685879,0.11559992376714945,0.08418362122029066,0.9428367838263512
16,1,4,33,0.11559992376714945,0.2143597835674882,0.09875985980033875,0.9428367838263512
16,1,4,34,0.2143597835674882,0.3192312214523554,0.10487143788486719,0.9428367838263512
16,1,4,35,0.3192312214523554,0.4293630598112941,0.1101318383589387,0.9428367838263512
16,1,4,36,0.4293630598112941,0.5452358005568385,0.11587274074554443,0.9428367838263512
16,1,4,37,0.5452358005568385,0.6666985023766756,0.1214627018198371,0.9428367838263512
16,1,4,38,0.6666985023766756,0.8012467594817281,0.13454825710505247,0.9428367838263512
16,1,4,39,0.8012467594817281,0.943869567476213,0.1426228079944849,0.9428367838263512
16,1,5,23,-0.00498112291097641,0.007831905968487263,0.012813028879463673,0.9428367838263512
16,1,5,24,0.007831905968487263,0.018912755884230137,0.011080849915742874,0.9428367838263512
16,1,5,25,0.018912755884230137,0.031101416796445847,0.01218866091221571,0.9428367838263512
16,1,5,26,0.031101416796445847,0.11523998342454433,0.08413856662809849,0.9428367838263512
16,1,5,27,0.11523998342454433,0.21402152255177498,0.09878153912723064,0.9428367838263512
16,1,5,28,0.21402152255177498,0.3188802534714341,0.10485873091965914,0.9428367838263512
16,1,5,29,0.3188802534714341,0.4290227359160781,0.11014248244464397,0.9428367838263512
16,1,5,30,0.4290227359160781,0.5449137045070529,0.11589096859097481,0.9428367838263512
16,1,5,31,0.5449137045070529,0.6663091070950031,0.12139540258795023,0.9428367838263512
16,1,5,32,0.6663091070950031,0.8008838361129165,0.13457472901791334,0.9428367838263512
16,1,5,33,0.8008838361129165,0.9434516215696931,0.14256778545677662,0.9428367838263512
16,1,6,27,-0.004757446236908436,0.008067844435572624,0.01282529067248106,0.9428367838263512
16,1,6,28,0.008067844435572624,0.019149609841406345,0.011081765405833721,0.9428367838263512
16,1,6,29,0.019149609841406345,0.03133798949420452,0.012188379652798176,0.9428367838263512
16,1,6,30,0.03133798949420452,0.11546400003135204,0.08412601053714752,0.9428367838263512
16,1,6,31,0.11546400003135204,0.21426087152212858,0.09879687149077654,0.9428367838263512
16,1,6,32,0.21426087152212858,0.3191321650519967,0.10487129352986813,0.9428367838263512
16,1,6,33,0.3191321650519967,0.42927592620253563,0.11014376115053892,0.9428367838263512
16,1,6,34,0.42927592620253563,0.5451452555134892,0.11586932931095362,0.9428367838263512
16,1,6,35,0.5451452555134892,0.6665627593174577,0.12141750380396843,0.9428367838263512
16,1,6,36,0.6665627593174577,0.8011203911155462,0.13455763179808855,0.9428367838263512
16,1,6,37,0.8011203911155462,0.943754643201828,0.14263425208628178,0.9428367838263512
16,1,7,27,-0.005113324150443077,0.0076215676963329315,0.012734891846776009,0.9428367838263512
16,1,7,28,0.0076215676963329315,0.018787422217428684,0.011165854521095753,0.9428367838263512
16,1,7,29,0.018787422217428684,0.030977729707956314,0.01219030749052763,0.9428367838263512
16,1,7,30,0.030977729707956314,0.11509332992136478,0.08411560021340847,0.9428367838263512
16,1,7,31,0.11509332992136478,0.21386757399886847,0.09877424407750368,0.9428367838263512
16,1,7,32,0.21386757399886847,0.3187078284099698,0.10484025441110134,0.9428367838263512
16,1,7,33,0.3187078284099698,0.4288844680413604,0.11017663963139057,0.9428367838263512
16,1,7,34,0.4288844680413604,0.544764831662178,0.11588036362081766,0.9428367838263512
16,1,7,35,0.544764831662178,0.6661521112546325,0.12138727959245443,0.9428367838263512
16,1,7,36,0.6661521112546325,0.8007365753874183,0.1345844641327858,0.9428367838263512
16,1,7,37,0.8007365753874183,0.9432595204561949,0.1425229450687766,0.9428367838263512
16,1,8,26,-0.004836958833038807,0.007971636019647121,0.012808594852685928,0.9428367838263512
16,1,8,27,0.007971636019647121,0.019061696715652943,0.011090060696005821,0.9428367838263512
16,1,8,28,0.019061696715652943,0.03125899750739336,0.012197300791740417,0.9428367838263512
16,1,8,29,0.03125899750739336,0.11537279188632965,0.08411379437893629,0.9428367838263512
16,1,8,30,0.11537279188632965,0.21416433807462454,0.09879154618829489,0.9428367838263512
16,1,8,31,0.21416433807462454,0.3190324977040291,0.10486815962940454,0.9428367838263512
16,1,8,32,0.3190324977040291,0.42914990428835154,0.11011740658432245,0.9428367838263512
16,1,8,33,0.42914990428835154,0.5450535006821156,0.11590359639376402,0.9428367838263512
16,1,8,34,0.5450535006821156,0.6664612190797925,0.12140771839767694,0.9428367838263512
16,1,8,35,0.6664612190797925,0.8010270269587636,0.1345658078789711,0.9428367838263512
16,1,8,36,0.8010270269587636,0.9436399573460221,0.14261293038725853,0.9428367838263512
16,1,9,28,-0.005074332468211651,0.007729220204055309,0.01280355267226696,0.9428367838263512
16,1,9,29,0.007729220204055309,0.018831895664334297,0.011102675460278988,0.9428367838263512
16,1,9,30,0.018831895664334297,0.03102024644613266,0.012188350781798363,0.9428367838263512
16,1,9,31,0.03102024644613266,0.11514329630881548,0.08412304986268282,0.9428367838263512
16,1,9,32,0.11514329630881548,0.21392161678522825,0.09877832047641277,0.9428367838263512
16,1,9,33,0.21392161678522825,0.3187719788402319,0.10485036205500364,0.9428367838263512
16,1,9,34,0.3187719788402319,0.42893185187131166,0.11015987303107977,0.9428367838263512
16,1,9,35,0.42893185187131166,0.5448182439431548,0.11588639207184315,0.9428367838263512
16,1,9,36,0.5448182439431548,0.6662057638168335,0.12138751987367868,0.9428367838263512
16,1,9,37,0.6662057638168335,0.8007868593558669,0.1345810955390334,0.9428367838263512
16,1,9,38,0.8007868593558669,0.943327940069139,0.1425410807132721,0.9428367838263512
16,1,10,25,-0.0050361622124910355,0.0077813295647501945,0.01281749177724123,0.9428367838263512
16,1,10,26,0.0077813295647501945,0.018873118795454502,0.011091789230704308,0.9428367838263512
16,1,10,27,0.018873118795454502,0.031060796231031418,0.012187677435576916,0.9428367838263512
16,1,10,28,0.031060796231031418,0.11519233882427216,0.08413154259324074,0.9428367838263512
16,1,10,29,0.11519233882427216,0.21397285256534815,0.09878051374107599,0.9428367838263512
16,1,10,30,0.21397285256534815,0.3188279131427407,0.10485506057739258,0.9428367838263512
16,1,10,31,0.3188279131427407,0.4289775211364031,0.11014960799366236,0.9428367838263512
16,1,10,32,0.4289775211364031,0.5448666866868734,0.11588916555047035,0.9428367838263512
16,1,10,33,0.5448666866868734,0.6662586620077491,0.12139197532087564,0.9428367838263512
16,1,10,34,0.6662586620077491,0.800836174748838,0.13457751274108887,0.9428367838263512
16,1,10,35,0.800836174748838,0.9433903582394123,0.14255418349057436,0.9428367838263512
16,1,11,24,-0.005198734812438488,0.007505579851567745,0.012704314664006233,0.9428367838263512
16,1,11,25,0.007505579851567745,0.018653828650712967,0.011148248799145222,0.9428367838263512
16,1,11,26,0.018653828650712967,0.030856276862323284,0.012202448211610317,0.9428367838263512
16,1,11,27,0.030856276862323284,0.11497929785400629,0.084123020991683,0.9428367838263512
16,1,11,28,0.11497929785400629,0.2137552248314023,0.09877592697739601,0.9428367838263512
16,1,11,29,0.2137552248314023,0.3185091381892562,0.10475391335785389,0.9428367838263512
16,1,11,30,0.3185091381892562,0.4287745663896203,0.11026542820036411,0.9428367838263512
16,1,11,31,0.4287745663896203,0.5446500964462757,0.11587553005665541,0.9428367838263512
16,1,11,32,0.5446500964462757,0.6660327455028892,0.12138264905661345,0.9428367838263512
16,1,11,33,0.6660327455028892,0.8006194215267897,0.1345866760239005,0.9428367838263512
16,1,11,34,0.8006194215267897,0.9430409511551261,0.14242152962833643,0.9428367838263512
16,1,12,26,-0.004602829925715923,0.008268490433692932,0.012871320359408855,0.9428367838263512
16,1,12,27,0.008268490433692932,0.019317226484417915,0.011048736050724983,0.9428367838263512
16,1,12,28,0.019317226484417915,0.031494918279349804,0.012177691794931889,0.9428367838263512
16,1,12,29,0.031494918279349804,0.11569484230130911,0.0841999240219593,0.9428367838263512
16,1,12,30,0.11569484230130911,0.21445346530526876,0.09875862300395966,0.9428367838263512
16,1,12,31,0.21445346530526876,0.3193802200257778,0.10492675472050905,0.9428367838263512
16,1,12,32,0.3193802200257778,0.4294479498639703,0.11006772983819246,0.9428367838263512
16,1,12,33,0.4294479498639703,0.545328626409173,0.11588067654520273,0.9428367838263512
16,1,12,34,0.545328626409173,0.6667992472648621,0.12147062085568905,0.9428367838263512
16,1,12,35,0.6667992472648621,0.8013416538015008,0.13454240653663874,0.9428367838263512
16,1,12,36,0.8013416538015008,0.9439887339249253,0.14264708012342453,0.9428367838263512
16,1,13,25,-0.004642232321202755,0.008213561959564686,0.01285579428076744,0.9428367838263512
16,1,13,26,0.008213561959564686,0.019275878556072712,0.011062316596508026,0.9428367838263512
16,1,13,27,0.019275878556072712,0.031455942429602146,0.012180063873529434,0.9428367838263512
16,1,13,28,0.031455942429602146,0.11564974393695593,0.08419380150735378,0.9428367838263512
16,1,13,29,0.11564974393695593,0.2144072400406003,0.09875749610364437,0.9428367838263512
16,1,13,30,0.2144072400406003,0.3193295272067189,0.10492228716611862,0.9428367838263512
16,1,13,31,0.3193295272067189,0.42940592113882303,0.11007639393210411,0.9428367838263512
16,1,13,32,0.42940592113882303,0.5452813459560275,0.11587542481720448,0.9428367838263512
16,1,13,33,0.5452813459560275,0.6667503258213401,0.12146897986531258,0.9428367838263512
16,1,13,34,0.6667503258213401,0.8012952329590917,0.13454490713775158,0.9428367838263512
16,1,13,35,0.8012952329590917,0.9439296564087272,0.1426344234496355,0.9428367838263512
16,1,14,23,-0.004797209985554218,0.008020613342523575,0.012817823328077793,0.9428367838263512
16,1,14,24,0.008020613342523575,0.019106018356978893,0.011085405014455318,0.9428367838263512
16,1,14,25,0.019106018356978893,0.03129908535629511,0.012193066999316216,0.9428367838263512
16,1,14,26,0.03129908535629511,0.11541876569390297,0.08411968033760786,0.9428367838263512
16,1,14,27,0.11541876569390297,0.21421229653060436,0.0987935308367014,0.9428367838263512
16,1,14,28,0.21421229653060436,0.31908282451331615,0.10487052798271179,0.9428367838263512
16,1,14,29,0.31908282451331615,0.4291920904070139,0.11010926589369774,0.9428367838263512
16,1,14,30,0.4291920904070139,0.5450997082516551,0.11590761784464121,0.9428367838263512
16,1,14,31,0.5450997082516551,0.6665105167776346,0.12141080852597952,0.9428367838263512
16,1,14,32,0.6665105167776346,0.8010729243978858,0.13456240762025118,0.9428367838263512
16,1,14,33,0.8010729243978858,0.9436984611675143,0.14262553676962852,0.9428367838263512
16,1,15,24,-0.00471864826977253,0.008118771016597748,0.012837419286370277,0.9428367838263512
16,1,15,25,0.008118771016597748,0.019192656502127647,0.0110738854855299,0.9428367838263512
16,1,15,26,0.019192656502127647,0.03137670736759901,0.012184050865471363,0.9428367838263512
16,1,15,27,0.03137670736759901,0.11550980992615223,0.08413310255855322,0.9428367838263512
16,1,15,28,0.11550980992615223,0.2143089473247528,0.09879913739860058,0.9428367838263512
16,1,15,29,0.2143089473247528,0.3191803051158786,0.10487135779112577,0.9428367838263512
16,1,15,30,0.3191803051158786,0.429320284165442,0.11013997904956341,0.9428367838263512
16,1,15,31,0.429320284165442,0.5451913317665458,0.11587104760110378,0.9428367838263512
16,1,15,32,0.5451913317665458,0.6666154516860843,0.1214241199195385,0.9428367838263512
16,1,15,33,0.6666154516860843,0.8011667272076011,0.1345512755215168,0.9428367838263512
16,1,15,34,0.8011667272076011,0.9438120322301984,0.1426453050225973,0.9428367838263512
16,2,0,30,-0.003677164204418659,0.008192338980734348,0.011869503185153008,0.9456675928086042
16,2,0,31,0.008192338980734348,0.02044885139912367,0.01225651241838932,0.9456675928086042
16,2,0,32,0.02044885139912367,0.03391634672880173,0.013467495329678059,0.9456675928086042
16,2,0,33,0.03391634672880173,0.11648376379162073,0.082567417062819,0.9456675928086042
16,2,0,34,0.11648376379162073,0.21389645338058472,0.09741268958896399,0.9456675928086042
16,2,0,35,0.21389645338058472,0.3189579797908664,0.10506152641028166,0.9456675928086042
16,2,0,36,0.3189579797908664,0.4294412452727556,0.11048326548188925,0.9456675928086042
16,2,0,37,0.4294412452727556,0.5458251237869263,0.11638387851417065,0.9456675928086042
16,2,0,38,0.5458251237869263,0.6682516047731042,0.12242648098617792,0.9456675928086042
16,2,0,39,0.6682516047731042,0.803042171522975,0.13479056674987078,0.9456675928086042
16,2,0,40,0.803042171522975,0.9464814085513353,0.14343923702836037,0.9456675928086042
16,2,1,22,-0.004171797074377537,0.007649420760571957,0.011821217834949493,0.9456675928086042
16,2,1,23,0.007649420760571957,0.019846337847411633,0.012196917086839676,0.9456675928086042
16,2,1,24,0.019846337847411633,0.03338014427572489,0.013533806428313255,0.9456675928086042
16,2,1,25,0.03338014427572489,0.11581939179450274,0.08243924751877785,0.9456675928086042
16,2,1,26,0.11581939179450274,0.21336164977401495,0.09754225797951221,0.9456675928086042
16,2,1,27,0.21336164977401495,0.3184149470180273,0.10505329724401236,0.9456675928086042
16,2,1,28,0.3184149470180273,0.4289418235421181,0.11052687652409077,0.9456675928086042
16,2,1,29,0.4289418235421181,0.545309005305171,0.11636718176305294,0.9456675928086042
16,2,1,30,0.545309005305171,0.6676256218925118,0.12231661658734083,0.9456675928086042
16,2,1,31,0.6676256218925118,0.8024329245090485,0.13480730261653662,0.9456675928086042
16,2,1,32,0.8024329245090485,0.94599224999547,0.14355932548642159,0.9456675928086042
16,2,2,26,-0.004052106291055679,0.007796404883265495,0.011848511174321175,0.9456675928086042
16,2,2,27,0.007796404883265495,0.019989406690001488,0.012193001806735992,0.9456675928086042
16,2,2,28,0.019989406690001488,0.03351400140672922,0.013524594716727734,0.9456675928086042
16,2,2,29,0.03351400140672922,0.11606946587562561,0.08255546446889639,0.9456675928086042
16,2,2,30,0.11606946587562561,0.2135095614939928,0.0974400956183672,0.9456675928086042
16,2,2,31,0.2135095614939928,0.31857782881706953,0.10506826732307673,0.9456675928086042
16,2,2,32,0.31857782881706953,0.4290843475610018,0.11050651874393225,0.9456675928086042
16,2,2,33,0.4290843475610018,0.5454545458778739,0.11637019831687212,0.9456675928086042
16,2,2,34,0.5454545458778739,0.6677823485806584,0.12232780270278454,0.9456675928086042
16,2,2,35,0.6677823485806584,0.8026660243049264,0.13488367572426796,0.9456675928086042
16,2,2,36,0.8026660243049264,0.9461259413510561,0.1434599170461297,0.9456675928086042
16,2,3,28,-0.003638654947280884,0.008236203342676163,0.011874858289957047,0.9456675928086042
16,2,3,29,0.008236203342676163,0.02049601636826992,0.012259813025593758,0.9456675928086042
16,2,3,30,0.02049601636826992,0.0339582460001111,0.013462229631841183,0.9456675928086042
16,2,3,31,0.0339582460001111,0.11655066255480051,0.08259241655468941,0.9456675928086042
16,2,3,32,0.11655066255480051,0.2139426600188017,0.09739199746400118,0.9456675928086042
16,2,3,33,0.2139426600188017,0.3190068416297436,0.10506418161094189,0.9456675928086042
16,2,3,34,0.3190068416297436,0.4294849820435047,0.11047814041376114,0.9456675928086042
16,2,3,35,0.4294849820435047,0.5458700265735388,0.11638504453003407,0.9456675928086042
16,2,3,36,0.5458700265735388,0.6682999599725008,0.12242993339896202,0.9456675928086042
16,2,3,37,0.6682999599725008,0.8030903860926628,0.134790426120162,0.9456675928086042
16,2,3,38,0.8030903860926628,0.9465318256989121,0.14344143960624933,0.9456675928086042
16,2,4,29,-0.00371725857257843,0.00814525131136179,0.01186250988394022,0.9456675928086042
16,2,4,30,0.00814525131136179,0.020401714369654655,0.012256463058292866,0.9456675928086042
16,2,4,31,0.020401714369654655,0.03387363255023956,0.013471918180584908,0.9456675928086042
16,2,4,32,0.03387363255023956,0.11643256340175867,0.08255893085151911,0.9456675928086042
16,2,4,33,0.11643256340175867,0.21384837850928307,0.0974158151075244,0.9456675928086042
16,2,4,34,0.21384837850928307,0.3189090071246028,0.10506062861531973,0.9456675928086042
16,2,4,35,0.3189090071246028,0.4293951578438282,0.1104861507192254,0.9456675928086042
16,2,4,36,0.4293951578438282,0.5457800021395087,0.11638484429568052,0.9456675928086042
16,2,4,37,0.5457800021395087,0.6682010088115931,0.12242100667208433,0.9456675928086042
16,2,4,38,0.6682010088115931,0.8029947457835078,0.13479373697191477,0.9456675928086042
16,2,4,39,0.8029947457835078,0.9464377658441663,0.14344302006065845,0.9456675928086042
16,2,5,27,-0.004131731577217579,0.007701735012233257,0.011833466589450836,0.9456675928086042
16,2,5,28,0.007701735012233257,0.019894562661647797,0.01219282764941454,0.9456675928086042
16,2,5,29,0.019894562661647797,0.03342489153146744,0.013530328869819641,0.9456675928086042
16,2,5,30,0.03342489153146744,0.11587352398782969,0.08244863245636225,0.9456675928086042
16,2,5,31,0.11587352398782969,0.2134132757782936,0.09753975179046392,0.9456675928086042
16,2,5,32,0.2134132757782936,0.31846631970256567,0.10505304392427206,0.9456675928086042
16,2,5,33,0.31846631970256567,0.42899143043905497,0.1105251107364893,0.9456675928086042
16,2,5,34,0.42899143043905497,0.5453592659905553,0.11636783555150032,0.9456675928086042
16,2,5,35,0.5453592659905553,0.6676800195127726,0.12232075352221727,0.9456675928086042
16,2,5,36,0.6676800195127726,0.8024824494495988,0.13480242993682623,0.9456675928086042
16,2,5,37,0.8024824494495988,0.9460373418405652,0.14355489239096642,0.9456675928086042
16,2,6,28,-0.003950830549001694,0.0078855250030756,0.011836355552077293,0.9456675928086042
16,2,6,29,0.0078855250030756,0.02011703047901392,0.01223150547593832,0.9456675928086042
16,2,6,30,0.02011703047901392,0.03360755182802677,0.013490521349012852,0.9456675928086042
16,2,6,31,0.03360755182802677,0.1161769637838006,0.08256941195577383,0.9456675928086042
16,2,6,32,0.1161769637838006,0.21361561492085457,0.09743865113705397,0.9456675928086042
16,2,6,33,0.21361561492085457,0.3186749154701829,0.10505930054932833,0.9456675928086042
16,2,6,34,0.3186749154701829,0.4291737899184227,0.1104988744482398,0.9456675928086042
16,2,6,35,0.4291737899184227,0.5455528516322374,0.11637906171381474,0.9456675928086042
16,2,6,36,0.5455528516322374,0.6678828820586205,0.12233003042638302,0.9456675928086042
16,2,6,37,0.6678828820586205,0.8027587858960032,0.1348759038373828,0.9456675928086042
16,2,6,38,0.8027587858960032,0.9462153511121869,0.14345656521618366,0.9456675928086042
16,2,7,27,-0.0038341963663697243,0.007975531741976738,0.011809728108346462,0.9456675928086042
16,2,7,28,0.007975531741976738,0.0202156575396657,0.012240125797688961,0.9456675928086042
16,2,7,29,0.0202156575396657,0.033737851306796074,0.013522193767130375,0.9456675928086042
16,2,7,30,0.033737851306796074,0.11627854779362679,0.08254069648683071,0.9456675928086042
16,2,7,31,0.11627854779362679,0.21370883379131556,0.09743028599768877,0.9456675928086042
16,2,7,32,0.21370883379131556,0.3187688896432519,0.10506005585193634,0.9456675928086042
16,2,7,33,0.3187688896432519,0.4292622683569789,0.110493378713727,0.9456675928086042
16,2,7,34,0.4292622683569789,0.5456439992412925,0.11638173088431358,0.9456675928086042
16,2,7,35,0.5456439992412925,0.6680536363273859,0.12240963708609343,0.9456675928086042
16,2,7,36,0.6680536363273859,0.8028544951230288,0.13480085879564285,0.9456675928086042
16,2,7,37,0.8028544951230288,0.9463043222203851,0.14344982709735632,0.9456675928086042
16,2,8,26,-0.0037947390228509903,0.008021339774131775,0.011816078796982765,0.9456675928086042
16,2,8,27,0.008021339774131775,0.020302296616137028,0.012280956842005253,0.9456675928086042
16,2,8,28,0.020302296616137028,0.03378445561975241,0.01348215900361538,0.9456675928086042
16,2,8,29,0.03378445561975241,0.11633005179464817,0.08254559617489576,0.9456675928086042
16,2,8,30,0.11633005179464817,0.2137556727975607,0.09742562100291252,0.9456675928086042
16,2,8,31,0.2137556727975607,0.3188163908198476,0.10506071802228689,0.9456675928086042
16,2,8,32,0.3188163908198476,0.4293080475181341,0.11049165669828653,0.9456675928086042
16,2,8,33,0.4293080475181341,0.5456889690831304,0.11638092156499624,0.9456675928086042
16,2,8,34,0.5456889690831304,0.668104151263833,0.12241518218070269,0.9456675928086042
16,2,8,35,0.668104151263833,0.8029004400596023,0.13479628879576921,0.9456675928086042
16,2,8,36,0.8029004400596023,0.9463494541123509,0.14344901405274868,0.9456675928086042
16,2,9,23,-0.004214887507259846,0.007561967708170414,0.01177685521543026,0.9456675928086042
16,2,9,24,0.007561967708170414,0.019794956780970097,0.012232989072799683,0.9456675928086042
16,2,9,25,0.019794956780970097,0.033329661935567856,0.01353470515459776,0.9456675928086042
16,2,9,26,0.033329661935567856,0.11575457267463207,0.08242491073906422,0.9456675928086042
16,2,9,27,0.11575457267463207,0.21330443490296602,0.09754986222833395,0.9456675928086042
16,2,9,28,0.21330443490296602,0.31835694797337055,0.10505251307040453,0.9456675928086042
16,2,9,29,0.31835694797337055,0.42888924665749073,0.11053229868412018,0.9456675928086042
16,2,9,30,0.42888924665749073,0.5452524079009891,0.11636316124349833,0.9456675928086042
16,2,9,31,0.5452524079009891,0.667566854506731,0.12231444660574198,0.9456675928086042
16,2,9,32,0.667566854506731,0.8023818386718631,0.13481498416513205,0.9456675928086042
16,2,9,33,0.8023818386718631,0.9459437876939774,0.14356194902211428,0.9456675928086042
16,2,10,25,-0.004092342220246792,0.0077494364231824875,0.01184177864342928,0.9456675928086042
16,2,10,26,0.0077494364231824875,0.019940881058573723,0.012191444635391235,0.9456675928086042
16,2,10,27,0.019940881058573723,0.03346976824104786,0.013528887182474136,0.9456675928086042
16,2,10,28,0.03346976824104786,0.1159272100776434,0.08245744183659554,0.9456675928086042
16,2,10,29,0.1159272100776434,0.21346178743988276,0.09753457736223936,0.9456675928086042
16,2,10,30,0.21346178743988276,0.3185166120529175,0.10505482461303473,0.9456675928086042
16,2,10,31,0.3185166120529175,0.42903872951865196,0.11052211746573448,0.9456675928086042
16,2,10,32,0.42903872951865196,0.5454073967412114,0.11636866722255945,0.9456675928086042
16,2,10,33,0.5454073967412114,0.6677301861345768,0.12232278939336538,0.9456675928086042
16,2,10,34,0.6677301861345768,0.8026180332526565,0.13488784711807966,0.9456675928086042
16,2,10,35,0.8026180332526565,0.9460810804739594,0.143463047221303,0.9456675928086042
16,2,11,23,-0.004281008616089821,0.00747847743332386,0.011759486049413681,0.9456675928086042
16,2,11,24,0.00747847743332386,0.019710801541805267,0.012232324108481407,0.9456675928086042
16,2,11,25,0.019710801541805267,0.033220394514501095,0.013509592972695827,0.9456675928086042
16,2,11,26,0.033220394514501095,0.11558703240007162,0.08236663788557053,0.9456675928086042
16,2,11,27,0.11558703240007162,0.21321905497461557,0.09763202257454395,0.9456675928086042
16,2,11,28,0.21321905497461557,0.31827033404260874,0.10505127906799316,0.9456675928086042
16,2,11,29,0.31827033404260874,0.42881013453006744,0.1105398004874587,0.9456675928086042
16,2,11,30,0.42881013453006744,0.5450535770505667,0.11624344252049923,0.9456675928086042
16,2,11,31,0.5450535770505667,0.6674035917967558,0.12235001474618912,0.9456675928086042
16,2,11,32,0.6674035917967558,0.8022903725504875,0.13488678075373173,0.9456675928086042
16,2,11,33,0.8022903725504875,0.9458911344408989,0.14360076189041138,0.9456675928086042
16,2,12,22,-0.0037560025230050087,0.008066689595580101,0.01182269211858511,0.9456675928086042
16,2,12,23,0.008066689595580101,0.020352567546069622,0.012285877950489521,0.9456675928086042
16,2,12,24,0.020352567546069622,0.03382981475442648,0.013477247208356857,0.9456675928086042
16,2,12,25,0.03382981475442648,0.11638118326663971,0.08255136851221323,0.9456675928086042
16,2,12,26,0.11638118326663971,0.2138022743165493,0.09742109104990959,0.9456675928086042
16,2,12,27,0.2138022743165493,0.31886105611920357,0.10505878180265427,0.9456675928086042
16,2,12,28,0.31886105611920357,0.42935115471482277,0.1104900985956192,0.9456675928086042
16,2,12,29,0.42935115471482277,0.5457344176247716,0.11638326290994883,0.9456675928086042
16,2,12,30,0.5457344176247716,0.6681519141420722,0.1224174965173006,0.9456675928086042
16,2,12,31,0.6681519141420722,0.8029476869851351,0.13479577284306288,0.9456675928086042
16,2,12,32,0.8029476869851351,0.9463929925113916,0.14344530552625656,0.9456675928086042
16,2,13,25,-0.003992696292698383,0.007841709069907665,0.011834405362606049,0.9456675928086042
16,2,13,26,0.007841709069907665,0.020035245455801487,0.012193536385893822,0.9456675928086042
16,2,13,27,0.020035245455801487,0.03356402460485697,0.013528779149055481,0.9456675928086042
16,2,13,28,0.03356402460485697,0.11612460296601057,0.0825605783611536,0.9456675928086042
16,2,13,29,0.11612460296601057,0.2135686632245779,0.09744406025856733,0.9456675928086042
16,2,13,30,0.2135686632245779,0.3186260238289833,0.1050573606044054,0.9456675928086042
16,2,13,31,0.3186260238289833,0.4291287222877145,0.11050269845873117,0.9456675928086042
16,2,13,32,0.4291287222877145,0.5455007562413812,0.11637203395366669,0.9456675928086042
16,2,13,33,0.5455007562413812,0.6678327480331063,0.12233199179172516,0.9456675928086042
16,2,13,34,0.6678327480331063,0.8027133019641042,0.13488055393099785,0.9456675928086042
16,2,13,35,0.8027133019641042,0.9461711682379246,0.1434578662738204,0.9456675928086042
16,2,14,24,-0.0038764430209994316,0.00793134793639183,0.011807790957391262,0.9456675928086042
16,2,14,25,0.00793134793639183,0.02016694936901331,0.012235601432621479,0.9456675928086042
16,2,14,26,0.02016694936901331,0.03365197777748108,0.01348502840846777,0.9456675928086042
16,2,14,27,0.03365197777748108,0.11622843705117702,0.08257645927369595,0.9456675928086042
16,2,14,28,0.11622843705117702,0.2136616064235568,0.09743316937237978,0.9456675928086042
16,2,14,29,0.2136616064235568,0.31872245110571384,0.10506084468215704,0.9456675928086042
16,2,14,30,0.31872245110571384,0.4292185604572296,0.11049610935151577,0.9456675928086042
16,2,14,31,0.4292185604572296,0.5455988207831979,0.11638026032596827,0.9456675928086042
16,2,14,32,0.5455988207831979,0.6679993439465761,0.12240052316337824,0.9456675928086042
16,2,14,33,0.6679993439465761,0.8028081450611353,0.13480880111455917,0.9456675928086042
16,2,14,34,0.8028081450611353,0.9462604504078627,0.14345230534672737,0.9456675928086042
16,2,15,24,-0.003599434159696102,0.008280850946903229,0.011880285106599331,0.9456675928086042
16,2,15,25,0.008280850946903229,0.02055058628320694,0.012269735336303711,0.9456675928086042
16,2,15,26,0.02055058628320694,0.0339998472481966,0.013449260964989662,0.9456675928086042
16,2,15,27,0.0339998472481966,0.11660005897283554,0.08260021172463894,0.9456675928086042
16,2,15,28,0.11660005897283554,0.21398827154189348,0.09738821256905794,0.9456675928086042
16,2,15,29,0.21398827154189348,0.31905312184244394,0.10506485030055046,0.9456675928086042
16,2,15,30,0.31905312184244394,0.4295396348461509,0.11048651300370693,0.9456675928086042
16,2,15,31,0.4295396348461509,0.5459329392760992,0.11639330442994833,0.9456675928086042
16,2,15,32,0.5459329392760992,0.6683475570753217,0.12241461779922247,0.9456675928086042
16,2,15,33,0.6683475570753217,0.8031371105462313,0.1347895534709096,0.9456675928086042
16,2,15,34,0.8031371105462313,0.9465770591050386,0.14343994855880737,0.9456675928086042
32,0,0,11,-0.05799390468746424,0.03538132552057505,0.09337523020803928,1.4282386070117354
32,0,0,12,0.03538132552057505,0.1255143079906702,0.09013298247009516,1.4282386070117354
32,0,0,13,0.1255143079906702,0.21579168643802404,0.09027737844735384,1.4282386070117354
32,0,0,14,0.21579168643802404,0.3054205412045121,0.08962885476648808,1.4282386070117354
32,0,0,15,0.3054205412045121,0.39682667050510645,0.09140612930059433,1.4282386070117354
32,0,0,16,0.39682667050510645,0.5789973242208362,0.1821706537157297,1.4282386070117354
32,0,0,17,0.5789973242208362,0.5899440236389637,0.010946699418127537,1.4282386070117354
32,0,0,18,0.5899440236389637,0.6788474321365356,0.08890340849757195,1.4282386070117354
32,0,0,19,0.6788474321365356,0.7865709597244859,0.10772352758795023,1.4282386070117354
32,0,0,20,0.7865709597244859,0.9053957033902407,0.1188247436657548,1.4282386070117354
32,0,0,21,0.9053957033902407,1.021513670682907,0.11611796729266644,1.4282386070117354
32,0,0,22,1.021513670682907,1.1430123271420598,0.1214986564591527,1.4282386070117354
32,0,0,23,1.1430123271420598,1.2679465431720018,0.12493421602994204,1.4282386070117354
32,0,0,24,1.2679465431720018,1.3993141623213887,0.13136761914938688,1.4282386070117354
32,0,0,25,1.3993141623213887,1.4329273207113147,0.03361315838992596,1.4282386070117354
32,0,1,10,-0.05785670969635248,0.03551406133919954,0.09337077103555202,1.4282386070117354
32,0,1,11,0.03551406133919954,0.12564631272107363,0.09013225138187408,1.4282386070117354
32,0,1,12,0.12564631272107363,0.21592294611036777,0.09027663338929415,1.4282386070117354
32,0,1,13,0.21592294611036777,0.305553306825459,0.08963036071509123,1.4282386070117354
32,0,1,14,0.305553306825459,0.3971605449914932,0.09160723816603422,1.4282386070117354
32,0,1,15,0.3971605449914932,0.5792495077475905,0.18208896275609732,1.4282386070117354
32,0,1,16,0.5792495077475905,0.590165282599628,0.01091577485203743,1.4282386070117354
32,0,1,17,0.590165282599628,0.6790262563154101,0.08886097371578217,1.4282386070117354
32,0,1,18,0.6790262563154101,0.7867499319836497,0.1077236756682396,1.4282386070117354
32,0,1,19,0.7867499319836497,0.9055877747014165,0.11883784271776676,1.4282386070117354
32,0,1,20,0.9055877747014165,1.0217630108818412,0.11617523618042469,1.4282386070117354
32,0,1,21,1.0217630108818412,1.1432656655088067,0.12150265462696552,1.4282386070117354
32,0,1,22,1.1432656655088067,1.268174578435719,0.12490891292691231,1.4282386070117354
32,0,1,23,1.268174578435719,1.3995554652065039,0.13138088677078485,1.4282386070117354
32,0,1,24,1.3995554652065039,1.4331586910411716,0.03360322583466768,1.4282386070117354
32,0,2,1,0.39650601241737604,0.5785887278616428,0.1820827154442668,1.4282386070117354
32,0,2,2,0.5785887278616428,0.5896047353744507,0.011016007512807846,1.4282386070117354
32,0,2,3,0.5896047353744507,0.6785463402047753,0.08894160483032465,1.4282386070117354
32,0,2,4,0.6785463402047753,0.7862516436725855,0.10770530346781015,1.4282386070117354
32,0,2,5,0.7862516436725855,0.9051174921914935,0.11886584851890802,1.4282386070117354
32,0,2,6,0.9051174921914935,1.0211527738720179,0.11603528168052435,1.4282386070117354
32,0,2,7,1.0211527738720179,1.142650730907917,0.12149795703589916,1.4282386070117354
32,0,2,8,1.142650730907917,1.2676300881430507,0.12497935723513365,1.4282386070117354
32,0,2,9,1.2676300881430507,1.398949815891683,0.13131972774863243,1.4282386070117354
32,0,2,10,1.398949815891683,1.4325848938897252,0.03363507799804211,1.4282386070117354
32,0,3,9,-0.058495000936090946,0.03494288865476847,0.09343788959085941,1.4282386070117354
32,0,3,10,0.03494288865476847,0.12516619730740786,0.09022330865263939,1.4282386070117354
32,0,3,11,0.12516619730740786,0.21543383598327637,0.09026763867586851,1.4282386070117354
32,0,3,12,0.21543383598327637,0.30503691267222166,0.0896030766889453,1.4282386070117354
32,0,3,13,0.30503691267222166,0.3961064927279949,0.09106958005577326,1.4282386070117354
32,0,3,14,0.3961064927279949,0.5783474920317531,0.18224099930375814,1.4282386070117354
32,0,3,15,0.5783474920317531,0.5893709724768996,0.01102348044514656,1.4282386070117354
32,0,3,16,0.5893709724768996,0.6783595327287912,0.08898856025189161,1.4282386070117354
32,0,3,17,0.6783595327287912,0.78606728464365,0.10770775191485882,1.4282386070117354
32,0,3,18,0.78606728464365,0.9048926001414657,0.11882531549781561,1.4282386070117354
32,0,3,19,0.9048926001414657,1.0209032772108912,0.11601067706942558,1.4282386070117354
32,0,3,20,1.0209032772108912,1.1424011886119843,0.121497911401093,1.4282386070117354
32,0,3,21,1.1424011886119843,1.2674122117459774,0.12501102313399315,1.4282386070117354
32,0,3,22,1.2674122117459774,1.3986467262730002,0.13123451452702284,1.4282386070117354
32,0,3,23,1.3986467262730002,1.4323578272014856,0.033711100928485394,1.4282386070117354
32,0,4,1,0.5787250818684697,0.5896703470498323,0.010945265181362629,1.4282386070117354
32,0,4,2,0.5896703470498323,0.6785904802381992,0.08892013318836689,1.4282386070117354
32,0,4,3,0.6785904802381992,0.7862975765019655,0.10770709626376629,1.4282386070117354
32,0,4,4,0.7862975765019655,0.9051659218966961,0.11886834539473057,1.4282386070117354
32,0,4,5,0.9051659218966961,1.0212085703387856,0.11604264844208956,1.4282386070117354
32,0,4,6,1.0212085703387856,1.142711604014039,0.12150303367525339,1.4282386070117354
32,0,4,7,1.142711604014039,1.2676844233646989,0.12497281935065985,1.4282386070117354
32,0,4,8,1.2676844233646989,1.3990126745775342,0.1313282512128353,1.4282386070117354
32,0,4,9,1.3990126745775342,1.4326416617259383,0.03362898714840412,1.4282386070117354
32,0,5,1,0.5780402831733227,0.5890749925747514,0.0110347094014287,1.4282386070117354
32,0,5,2,0.5890749925747514,0.6781313894316554,0.08905639685690403,1.4282386070117354
32,0,5,3,0.6781313894316554,0.7858268385753036,0.10769544914364815,1.4282386070117354
32,0,5,4,0.7858268385753036,0.9047047784551978,0.11887793987989426,1.4282386070117354
32,0,5,5,0.9047047784551978,1.0205903491005301,0.11588557064533234,1.4282386070117354
32,0,5,6,1.0205903491005301,1.142085261642933,0.12149491254240274,1.4282386070117354
32,0,5,7,1.142085261642933,1.2671395232900977,0.12505426164716482,1.4282386070117354
32,0,5,8,1.2671395232900977,1.3983883131295443,0.13124878983944654,1.4282386070117354
32,0,5,9,1.3983883131295443,1.4321228442713618,0.03373453114181757,1.4282386070117354
32,0,6,8,-0.05790094379335642,0.03546856343746185,0.09336950723081827,1.4282386070117354
32,0,6,9,0.03546856343746185,0.12560381088405848,0.09013524744659662,1.4282386070117354
32,0,6,10,0.12560381088405848,0.21587862633168697,0.0902748154476285,1.4282386070117354
32,0,6,11,0.21587862633168697,0.3055030945688486,0.08962446823716164,1.4282386070117354
32,0,6,12,0.3055030945688486,0.3969490146264434,0.09144592005759478,1.4282386070117354
32,0,6,13,0.3969490146264434,0.5791312232613564,0.18218220863491297,1.4282386070117354
32,0,6,14,0.5791312232613564,0.5900570088997483,0.010925785638391972,1.4282386070117354
32,0,6,15,0.5900570088997483,0.6789359776303172,0.08887896873056889,1.4282386070117354
32,0,6,16,0.6789359776303172,0.7866611704230309,0.10772519279271364,1.4282386070117354
32,0,6,17,0.7866611704230309,0.9054872542619705,0.11882608383893967,1.4282386070117354
32,0,6,18,0.9054872542619705,1.0216419640928507,0.11615470983088017,1.4282386070117354
32,0,6,19,1.0216419640928507,1.1431354703381658,0.12149350624531507,1.4282386070117354
32,0,6,20,1.1431354703381658,1.2680533332750201,0.12491786293685436,1.4282386070117354
32,0,6,21,1.2680533332750201,1.3994356906041503,0.13138235732913017,1.4282386070117354
32,0,6,22,1.3994356906041503,1.4330416871234775,0.033605996519327164,1.4282386070117354
32,0,7,5,-0.058545034378767014,0.034896766766905785,0.0934418011456728,1.4282386070117354
32,0,7,6,0.034896766766905785,0.1251236731186509,0.09022690635174513,1.4282386070117354
32,0,7,7,0.1251236731186509,0.21523747220635414,0.09011379908770323,1.4282386070117354
32,0,7,8,0.21523747220635414,0.30491750966757536,0.08968003746122122,1.4282386070117354
32,0,7,9,0.30491750966757536,0.39598061982542276,0.0910631101578474,1.4282386070117354
32,0,7,10,0.39598061982542276,0.5782301807776093,0.18224956095218658,1.4282386070117354
32,0,7,11,0.5782301807776093,0.5891923103481531,0.010962129570543766,1.4282386070117354
32,0,7,12,0.5891923103481531,0.6782703045755625,0.08907799422740936,1.4282386070117354
32,0,7,13,0.6782703045755625,0.7859730115160346,0.10770270694047213,1.4282386070117354
32,0,7,14,0.7859730115160346,0.9047987693920732,0.11882575787603855,1.4282386070117354
32,0,7,15,0.9047987693920732,1.0207104291766882,0.11591165978461504,1.4282386070117354
32,0,7,16,1.0207104291766882,1.1422787625342607,0.12156833335757256,1.4282386070117354
32,0,7,17,1.1422787625342607,1.2672469448298216,0.12496818229556084,1.4282386070117354
32,0,7,18,1.2672469448298216,1.3985117357224226,0.131264790892601,1.4282386070117354
32,0,7,19,1.3985117357224226,1.4322465937584639,0.03373485803604126,1.4282386070117354
32,0,8,6,-0.058592804707586765,0.03474522475153208,0.09333802945911884,1.4282386070117354
32,0,8,7,0.03474522475153208,0.12498534750193357,0.0902401227504015,1.4282386070117354
32,0,8,8,0.12498534750193357,0.21512975171208382,0.09014440421015024,1.4282386070117354
32,0,8,9,0.21512975171208382,0.3048304868862033,0.08970073517411947,1.4282386070117354
32,0,8,10,0.3048304868862033,0.3958583986386657,0.09102791175246239,1.4282386070117354
32,0,8,11,0.3958583986386657,0.5778370825573802,0.18197868391871452,1.4282386070117354
32,0,8,12,0.5778370825573802,0.5888187680393457,0.010981685481965542,1.4282386070117354
32,0,8,13,0.5888187680393457,0.6780284596607089,0.08920969162136316,1.4282386070117354
32,0,8,14,0.6780284596607089,0.7857219977304339,0.10769353806972504,1.4282386070117354
32,0,8,15,0.7857219977304339,0.9046050878241658,0.11888309009373188,1.4282386070117354
32,0,8,16,0.9046050878241658,1.0204470930621028,0.11584200523793697,1.4282386070117354
32,0,8,17,1.0204470930621028,1.1419521495699883,0.12150505650788546,1.4282386070117354
32,0,8,18,1.1419521495699883,1.2670305557549,0.12507840618491173,1.4282386070117354
32,0,8,19,1.2670305557549,1.3982540108263493,0.13122345507144928,1.4282386070117354
32,0,8,20,1.3982540108263493,1.4319969713687897,0.033742960542440414,1.4282386070117354
32,0,9,1,0.39709545485675335,0.579192753881216,0.1820972990244627,1.4282386070117354
32,0,9,2,0.579192753881216,0.5901105646044016,0.01091781072318554,1.4282386070117354
32,0,9,3,0.5901105646044016,0.6789802564308047,0.08886969182640314,1.4282386070117354
32,0,9,4,0.6789802564308047,0.7867061728611588,0.10772591643035412,1.4282386070117354
32,0,9,5,0.7867061728611588,0.9055401002988219,0.11883392743766308,1.4282386070117354
32,0,9,6,0.9055401002988219,1.0217031380161643,0.11616303771734238,1.4282386070117354
32,0,9,7,1.0217031380161643,1.1432000622153282,0.12149692419916391,1.4282386070117354
32,0,9,8,1.1432000622153282,1.2681045858189464,0.12490452360361814,1.4282386070117354
32,0,9,9,1.2681045858189464,1.3994903955608606,0.13138580974191427,1.4282386070117354
32,0,9,10,1.3994903955608606,1.4330999962985516,0.033609600737690926,1.4282386070117354
32,0,10,7,-0.05880283657461405,0.03447276074439287,0.09327559731900692,1.4282386070117354
32,0,10,8,0.03447276074439287,0.12456603348255157,0.0900932727381587,1.4282386070117354
32,0,10,9,0.12456603348255157,0.21471218671649694,0.09014615323394537,1.4282386070117354
32,0,10,10,0.21471218671649694,0.3045127810910344,0.08980059437453747,1.4282386070117354
32,0,10,11,0.3045127810910344,0.3953644586727023,0.0908516775816679,1.4282386070117354
32,0,10,12,0.3953644586727023,0.5774306701496243,0.18206621147692204,1.4282386070117354
32,0,10,13,0.5774306701496243,0.5884031904861331,0.010972520336508751,1.4282386070117354
32,0,10,14,0.5884031904861331,0.677700656466186,0.08929746598005295,1.4282386070117354
32,0,10,15,0.677700656466186,0.7853611912578344,0.10766053479164839,1.4282386070117354
32,0,10,16,0.7853611912578344,0.9042549543082714,0.11889376305043697,1.4282386070117354
32,0,10,17,0.9042549543082714,1.0200013220310211,0.11574636772274971,1.4282386070117354
32,0,10,18,1.0200013220310211,1.1414798898622394,0.12147856783121824,1.4282386070117354
32,0,10,19,1.1414798898622394,1.266644756309688,0.12516486644744873,1.4282386070117354
32,0,10,20,1.266644756309688,1.3978117192164063,0.13116696290671825,1.4282386070117354
32,0,10,21,1.3978117192164063,1.4315687734633684,0.03375705424696207,1.4282386070117354
32,0,11,3,-0.05834968388080597,0.035115269012749195,0.09346495289355516,1.4282386070117354
32,0,11,4,0.035115269012749195,0.12530062813311815,0.09018535912036896,1.4282386070117354
32,0,11,5,0.12530062813311815,0.2155730864033103,0.09027245827019215,1.4282386070117354
32,0,11,6,0.2155730864033103,0.30517296865582466,0.08959988225251436,1.4282386070117354
32,0,11,7,0.30517296865582466,0.396349904127419,0.09117693547159433,1.4282386070117354
32,0,11,8,0.396349904127419,0.5785176232457161,0.1821677191182971,1.4282386070117354
32,0,11,9,0.5785176232457161,0.5895504606887698,0.011032837443053722,1.4282386070117354
32,0,11,10,0.5895504606887698,0.6784968823194504,0.08894642163068056,1.4282386070117354
32,0,11,11,0.6784968823194504,0.7862060321494937,0.10770914983004332,1.4282386070117354
32,0,11,12,0.7862060321494937,0.9050320778042078,0.11882604565471411,1.4282386070117354
32,0,11,13,0.9050320778042078,1.0210933946073055,0.11606131680309772,1.4282386070117354
32,0,11,14,1.0210933946073055,1.1425899378955364,0.1214965432882309,1.4282386070117354
32,0,11,15,1.1425899378955364,1.2675761124119163,0.12498617451637983,1.4282386070117354
32,0,11,16,1.2675761124119163,1.398886158131063,0.13131004571914673,1.4282386070117354
32,0,11,17,1.398886158131063,1.4325234610587358,0.03363730292767286,1.4282386070117354
32,0,12,1,0.5889960564672947,0.6780803827568889,0.08908432628959417,1.4282386070117354
32,0,12,2,0.6780803827568889,0.7857769476249814,0.10769656486809254,1.4282386070117354
32,0,12,3,0.7857769476249814,0.9046578574925661,0.1188809098675847,1.4282386070117354
32,0,12,4,0.9046578574925661,1.0205141557380557,0.1158562982454896,1.4282386070117354
32,0,12,5,1.0205141557380557,1.1420196648687124,0.12150550913065672,1.4282386070117354
32,0,12,6,1.1420196648687124,1.2670843983069062,0.1250647334381938,1.4282386070117354
32,0,12,7,1.2670843983069062,1.3983225617557764,0.13123816344887018,1.4282386070117354
32,0,12,8,1.3983225617557764,1.4320613984018564,0.03373883664608002,1.4282386070117354
32,0,13,7,-0.058692985214293,0.034529510885477066,0.09322249609977007,1.4282386070117354
32,0,13,8,0.034529510885477066,0.12461680267006159,0.09008729178458452,1.4282386070117354
32,0,13,9,0.12461680267006159,0.21476065646857023,0.09014385379850864,1.4282386070117354
32,0,13,10,0.21476065646857023,0.30456417240202427,0.08980351593345404,1.4282386070117354
32,0,13,11,0.30456417240202427,0.3954294677823782,0.09086529538035393,1.4282386070117354
32,0,13,12,0.3954294677823782,0.5774892950430512,0.18205982726067305,1.4282386070117354
32,0,13,13,0.5774892950430512,0.5884710047394037,0.010981709696352482,1.4282386070117354
32,0,13,14,0.5884710047394037,0.6777511956170201,0.0892801908776164,1.4282386070117354
32,0,13,15,0.6777511956170201,0.7854123823344707,0.10766118671745062,1.4282386070117354
32,0,13,16,0.7854123823344707,0.904308246448636,0.1188958641141653,1.4282386070117354
32,0,13,17,0.904308246448636,1.0200693281367421,0.11576108168810606,1.4282386070117354
32,0,13,18,1.0200693281367421,1.1415489166975021,0.12147958856076002,1.4282386070117354
32,0,13,19,1.1415489166975021,1.2667030850425363,0.12515416834503412,1.4282386070117354
32,0,13,20,1.2667030850425363,1.3978824149817228,0.13117932993918657,1.4282386070117354
32,0,13,21,1.3978824149817228,1.4316346645355225,0.03375224955379963,1.4282386070117354
32,0,14,8,-0.058251624926924706,0.03520465176552534,0.09345627669245005,1.4282386070117354
32,0,14,9,0.03520465176552534,0.12538362573832273,0.0901789739727974,1.4282386070117354
32,0,14,10,0.12538362573832273,0.21566122211515903,0.0902775963768363,1.4282386070117354
32,0,14,11,0.21566122211515903,0.30528697837144136,0.08962575625628233,1.4282386070117354
32,0,14,12,0.30528697837144136,0.3966478267684579,0.09136084839701653,1.4282386070117354
32,0,14,13,0.3966478267684579,0.5788346463814378,0.1821868196129799,1.4282386070117354
32,0,14,14,0.5788346463814378,0.5897809416055679,0.010946295224130154,1.4282386070117354
32,0,14,15,0.5897809416055679,0.6786805875599384,0.0888996459543705,1.4282386070117354
32,0,14,16,0.6786805875599384,0.7864223150536418,0.10774172749370337,1.4282386070117354
32,0,14,17,0.7864223150536418,0.9052581815049052,0.11883586645126343,1.4282386070117354
32,0,14,18,0.9052581815049052,1.0213322350755334,0.11607405357062817,1.4282386070117354
32,0,14,19,1.0213322350755334,1.1428275285288692,0.12149529345333576,1.4282386070117354
32,0,14,20,1.1428275285288692,1.2677911315113306,0.12496360298246145,1.4282386070117354
32,0,14,21,1.2677911315113306,1.3991355570033193,0.13134442549198866,1.4282386070117354
32,0,14,22,1.3991355570033193,1.4327560486271977,0.03362049162387848,1.4282386070117354
32,0,15,6,-0.05844085477292538,0.03501748479902744,0.09345833957195282,1.4282386070117354
32,0,15,7,0.03501748479902744,0.12521297484636307,0.09019549004733562,1.4282386070117354
32,0,15,8,0.12521297484636307,0.21547734644263983,0.09026437159627676,1.4282386070117354
32,0,15,9,0.21547734644263983,0.305086525157094,0.08960917871445417,1.4282386070117354
32,0,15,10,0.305086525157094,0.39616582076996565,0.09107929561287165,1.4282386070117354
32,0,15,11,0.39616582076996565,0.5784023134037852,0.18223649263381958,1.4282386070117354
32,0,15,12,0.5784023134037852,0.5894271731376648,0.011024859733879566,1.4282386070117354
32,0,15,13,0.5894271731376648,0.6784063139930367,0.08897914085537195,1.4282386070117354
32,0,15,14,0.6784063139930367,0.7861133068799973,0.1077069928869605,1.4282386070117354
32,0,15,15,0.7861133068799973,0.9049412254244089,0.11882791854441166,1.4282386070117354
32,0,15,16,0.9049412254244089,1.0209720432758331,0.11603081785142422,1.4282386070117354
32,0,15,17,1.0209720432758331,1.1424558442085981,0.12148380093276501,1.4282386070117354
32,0,15,18,1.1424558442085981,1.2674665413796902,0.12501069717109203,1.4282386070117354
32,0,15,19,1.2674665413796902,1.3987095933407545,0.13124305196106434,1.4282386070117354
32,0,15,20,1.3987095933407545,1.432414386421442,0.03370479308068752,1.4282386070117354
32,0,16,4,-0.05794514436274767,0.03542434889823198,0.09336949326097965,1.4282386070117354
32,0,16,5,0.03542434889823198,0.12556164432317019,0.0901372954249382,1.4282386070117354
32,0,16,6,0.12556164432317019,0.2158373761922121,0.09027573186904192,1.4282386070117354
32,0,16,7,0.2158373761922121,0.3054615231230855,0.0896241469308734,1.4282386070117354
32,0,16,8,0.3054615231230855,0.3968880232423544,0.0914265001192689,1.4282386070117354
32,0,16,9,0.3968880232423544,0.5790771543979645,0.18218913115561008,1.4282386070117354
32,0,16,10,0.5790771543979645,0.5900008315220475,0.010923677124083042,1.4282386070117354
32,0,16,11,0.5900008315220475,0.6788916504010558,0.0888908188790083,1.4282386070117354
32,0,16,12,0.6788916504010558,0.7866159193217754,0.10772426892071962,1.4282386070117354
32,0,16,13,0.7866159193217754,0.9054416371509433,0.11882571782916784,1.4282386070117354
32,0,16,14,0.9054416371509433,1.0215789172798395,0.11613728012889624,1.4282386070117354
32,0,16,15,1.0215789172798395,1.1430747853592038,0.1214958680793643,1.4282386070117354
32,0,16,16,1.1430747853592038,1.2680029887706041,0.12492820341140032,1.4282386070117354
32,0,16,17,1.2680029887706041,1.3993749171495438,0.13137192837893963,1.4282386070117354
32,0,16,18,1.3993749171495438,1.4329831954091787,0.03360827825963497,1.4282386070117354
32,0,17,5,-0.05886864848434925,0.03441590815782547,0.09328455664217472,1.4282386070117354
32,0,17,6,0.03441590815782547,0.12450762372463942,0.09009171556681395,1.4282386070117354
32,0,17,7,0.12450762372463942,0.2146573420614004,0.090149718336761,1.4282386070117354
32,0,17,8,0.2146573420614004,0.3044665390625596,0.08980919700115919,1.4282386070117354
32,0,17,9,0.3044665390625596,0.39529235381633043,0.09082581475377083,1.4282386070117354
32,0,17,10,0.39529235381633043,0.5773706454783678,0.18207829166203737,1.4282386070117354
32,0,17,11,0.5773706454783678,0.5883382000029087,0.010967554524540901,1.4282386070117354
32,0,17,12,0.5883382000029087,0.6776469387114048,0.0893087387084961,1.4282386070117354
32,0,17,13,0.6776469387114048,0.7853083703666925,0.10766143165528774,1.4282386070117354
32,0,17,14,0.7853083703666925,0.9041385548189282,0.1188301844522357,1.4282386070117354
32,0,17,15,0.9041385548189282,1.0199293941259384,0.11579083930701017,1.4282386070117354
32,0,17,16,1.0199293941259384,1.1414192812517285,0.12148988712579012,1.4282386070117354
32,0,17,17,1.1414192812517285,1.2665807148441672,0.1251614335924387,1.4282386070117354
32,0,17,18,1.2665807148441672,1.3976680487394333,0.13108733389526606,1.4282386070117354
32,0,17,19,1.3976680487394333,1.4314906215295196,0.03382257279008627,1.4282386070117354
32,0,18,1,-0.0581404734402895,0.035279872827231884,0.09342034626752138,1.4282386070117354
32,0,18,2,0.035279872827231884,0.12542577926069498,0.0901459064334631,1.4282386070117354
32,0,18,3,0.12542577926069498,0.21570532023906708,0.0902795409783721,1.4282386070117354
32,0,18,4,0.21570532023906708,0.30533403903245926,0.08962871879339218,1.4282386070117354
32,0,18,5,0.30533403903245926,0.3967089466750622,0.09137490764260292,1.4282386070117354
32,0,18,6,0.3967089466750622,0.5788891902193427,0.18218024354428053,1.4282386070117354
32,0,18,7,0.5788891902193427,0.5898340446874499,0.010944854468107224,1.4282386070117354
32,0,18,8,0.5898340446874499,0.6787543157115579,0.08892027102410793,1.4282386070117354
32,0,18,9,0.6787543157115579,0.7864708816632628,0.10771656595170498,1.4282386070117354
32,0,18,10,0.7864708816632628,0.905302812345326,0.1188319306820631,1.4282386070117354
32,0,18,11,0.905302812345326,1.0213917726650834,0.11608896031975746,1.4282386070117354
32,0,18,12,1.0213917726650834,1.142889958806336,0.12149818614125252,1.4282386070117354
32,0,18,13,1.142889958806336,1.2678411593660712,0.1249512005597353,1.4282386070117354
32,0,18,14,1.2678411593660712,1.3991934452205896,0.1313522858545184,1.4282386070117354
32,0,18,15,1.3991934452205896,1.4328106762841344,0.03361723106354475,1.4282386070117354
32,0,19,4,-0.05864075478166342,0.03469890635460615,0.09333966113626957,1.4282386070117354
32,0,19,5,0.03469890635460615,0.12494091037660837,0.09024200402200222,1.4282386070117354
32,0,19,6,0.12494091037660837,0.21508218627423048,0.09014127589762211,1.4282386070117354
32,0,19,7,0.21508218627423048,0.3047877587378025,0.08970557246357203,1.4282386070117354
32,0,19,8,0.3047877587378025,0.39579486567527056,0.09100710693746805,1.4282386070117354
32,0,19,9,0.39579486567527056,0.577783047221601,0.18198818154633045,1.4282386070117354
32,0,19,10,0.577783047221601,0.5887598218396306,0.010976774618029594,1.4282386070117354
32,0,19,11,0.5887598218396306,0.6779818255454302,0.08922200370579958,1.4282386070117354
32,0,19,12,0.6779818255454302,0.7856724122539163,0.10769058670848608,1.4282386070117354
32,0,19,13,0.7856724122539163,0.9045572746545076,0.11888486240059137,1.4282386070117354
32,0,19,14,0.9045572746545076,1.0203832080587745,0.11582593340426683,1.4282386070117354
32,0,19,15,1.0203832080587745,1.1418873695656657,0.12150416150689125,1.4282386070117354
32,0,19,16,1.1418873695656657,1.2669725315645337,0.125085161998868,1.4282386070117354
32,0,19,17,1.2669725315645337,1.3981911912560463,0.13121865969151258,1.4282386070117354
32,0,19,18,1.3981911912560463,1.4319381481036544,0.03374695684760809,1.4282386070117354
32,0,20,3,-0.058395907282829285,0.03506961651146412,0.0934655237942934,1.4282386070117354
32,0,20,4,0.03506961651146412,0.12525713350623846,0.09018751699477434,1.4282386070117354
32,0,20,5,0.12525713350623846,0.21552202012389898,0.09026488661766052,1.4282386070117354
32,0,20,6,0.21552202012389898,0.305130654014647,0.08960863389074802,1.4282386070117354
32,0,20,7,0.305130654014647,0.39628719817847013,0.09115654416382313,1.4282386070117354
32,0,20,8,0.39628719817847013,0.5784594072028995,0.18217220902442932,1.4282386070117354
32,0,20,9,0.5784594072028995,0.5894888062030077,0.011029399000108242,1.4282386070117354
32,0,20,10,0.5894888062030077,0.6784512540325522,0.08896244782954454,1.4282386070117354
32,0,20,11,0.6784512540325522,0.7861588625237346,0.10770760849118233,1.4282386070117354
32,0,20,12,0.7861588625237346,0.904987558722496,0.11882869619876146,1.4282386070117354
32,0,20,13,0.904987558722496,1.0210320688784122,0.11604451015591621,1.4282386070117354
32,0,20,14,1.0210320688784122,1.1425170563161373,0.12148498743772507,1.4282386070117354
32,0,20,15,1.1425170563161373,1.2675175797194242,0.12500052340328693,1.4282386070117354
32,0,20,16,1.2675175797194242,1.3987678531557322,0.1312502734363079,1.4282386070117354
32,0,20,17,1.3987678531557322,1.4324681926518679,0.03370033949613571,1.4282386070117354
32,0,21,2,-0.058296097442507744,0.03516083583235741,0.09345693327486515,1.4282386070117354
32,0,21,3,0.03516083583235741,0.12534163519740105,0.09018079936504364,1.4282386070117354
32,0,21,4,0.12534163519740105,0.2156181838363409,0.09027654863893986,1.4282386070117354
32,0,21,5,0.2156181838363409,0.30521413404494524,0.08959595020860434,1.4282386070117354
32,0,21,6,0.30521413404494524,0.3965832535177469,0.09136911947280169,1.4282386070117354
32,0,21,7,0.3965832535177469,0.5787801565602422,0.18219690304249525,1.4282386070117354
32,0,21,8,0.5787801565602422,0.5897253826260567,0.010945226065814495,1.4282386070117354
32,0,21,9,0.5897253826260567,0.6786361020058393,0.08891071937978268,1.4282386070117354
32,0,21,10,0.6786361020058393,0.7863433547317982,0.10770725272595882,1.4282386070117354
32,0,21,11,0.7863433547317982,0.905211703851819,0.11886834912002087,1.4282386070117354
32,0,21,12,0.905211703851819,1.0212702034041286,0.11605849955230951,1.4282386070117354
32,0,21,13,1.0212702034041286,1.1427657855674624,0.12149558216333389,1.4282386070117354
32,0,21,14,1.1427657855674624,1.2677393415942788,0.12497355602681637,1.4282386070117354
32,0,21,15,1.2677393415942788,1.3990717977285385,0.1313324561342597,1.4282386070117354
32,0,21,16,1.3990717977285385,1.4327013650909066,0.03362956736236811,1.4282386070117354
32,0,22,1,0.034850834868848324,0.12507599778473377,0.09022516291588545,1.4282386070117354
32,0,22,2,0.12507599778473377,0.21519410889595747,0.0901181111112237,1.4282386070117354
32,0,22,3,0.21519410889595747,0.30487457662820816,0.08968046773225069,1.4282386070117354
32,0,22,4,0.30487457662820816,0.39592070132493973,0.09104612469673157,1.4282386070117354
32,0,22,5,0.39592070132493973,0.5781721668317914,0.18225146550685167,1.4282386070117354
32,0,22,6,0.5781721668317914,0.5891367997974157,0.010964632965624332,1.4282386070117354
32,0,22,7,0.5891367997974157,0.678223897702992,0.08908709790557623,1.4282386070117354
32,0,22,8,0.678223897702992,0.785921354778111,0.10769745707511902,1.4282386070117354
32,0,22,9,0.785921354778111,0.9047514414414763,0.11883008666336536,1.4282386070117354
32,0,22,10,0.9047514414414763,1.0206554355099797,0.11590399406850338,1.4282386070117354
32,0,22,11,1.0206554355099797,1.142212938517332,0.12155750300735235,1.4282386070117354
32,0,22,12,1.142212938517332,1.2671932494267821,0.12498031090945005,1.4282386070117354
32,0,22,13,1.2671932494267821,1.3984504267573357,0.13125717733055353,1.4282386070117354
32,0,22,14,1.3984504267573357,1.4321852317079902,0.03373480495065451,1.4282386070117354
32,0,23,2,-0.05899536423385143,0.03428687062114477,0.0932822348549962,1.4282386070117354
32,0,23,3,0.03428687062114477,0.12441907729953527,0.0901322066783905,1.4282386070117354
32,0,23,4,0.12441907729953527,0.21455220971256495,0.09013313241302967,1.4282386070117354
32,0,23,5,0.21455220971256495,0.304415930993855,0.08986372128129005,1.4282386070117354
32,0,23,6,0.304415930993855,0.39514951314777136,0.09073358215391636,1.4282386070117354
32,0,23,7,0.39514951314777136,0.5772495809942484,0.18210006784647703,1.4282386070117354
32,0,23,8,0.5772495809942484,0.5882696807384491,0.011020099744200706,1.4282386070117354
32,0,23,9,0.5882696807384491,0.6775884730741382,0.08931879233568907,1.4282386070117354
32,0,23,10,0.6775884730741382,0.785249481908977,0.10766100883483887,1.4282386070117354
32,0,23,11,0.785249481908977,0.9040791029110551,0.11882962100207806,1.4282386070117354
32,0,23,12,0.9040791029110551,1.0197876207530499,0.11570851784199476,1.4282386070117354
32,0,23,13,1.0197876207530499,1.1413498083129525,0.12156218755990267,1.4282386070117354
32,0,23,14,1.1413498083129525,1.266445298679173,0.12509549036622047,1.4282386070117354
32,0,23,15,1.266445298679173,1.3975978624075651,0.13115256372839212,1.4282386070117354
32,0,23,16,1.3975978624075651,1.4313919935375452,0.03379413112998009,1.4282386070117354
32,0,24,1,0.21500669699162245,0.30474524945020676,0.08973855245858431,1.4282386070117354
32,0,24,2,0.30474524945020676,0.3957301592454314,0.09098490979522467,1.4282386070117354
32,0,24,3,0.3957301592454314,0.5777297941967845,0.18199963495135307,1.4282386070117354
32,0,24,4,0.5777297941967845,0.5887088300660253,0.01097903586924076,1.4282386070117354
32,0,24,5,0.5887088300660253,0.6779361963272095,0.08922736626118422,1.4282386070117354
32,0,24,6,0.6779361963272095,0.7856234898790717,0.10768729355186224,1.4282386070117354
32,0,24,7,0.7856234898790717,0.9045046223327518,0.11888113245368004,1.4282386070117354
32,0,24,8,0.9045046223327518,1.020318760536611,0.11581413820385933,1.4282386070117354
32,0,24,9,1.020318760536611,1.1417829226702452,0.12146416213363409,1.4282386070117354
32,0,24,10,1.1417829226702452,1.2669180985540152,0.12513517588377,1.4282386070117354
32,0,24,11,1.2669180985540152,1.3981323409825563,0.13121424242854118,1.4282386070117354
32,0,24,12,1.3981323409825563,1.431880229152739,0.033747888170182705,1.4282386070117354
32,0,25,1,0.21538508776575327,0.3049638010561466,0.08957871329039335,1.4282386070117354
32,0,25,2,0.3049638010561466,0.39604220911860466,0.09107840806245804,1.4282386070117354
32,0,25,3,0.39604220911860466,0.578289270401001,0.18224706128239632,1.4282386070117354
32,0,25,4,0.578289270401001,0.5892500206828117,0.01096075028181076,1.4282386070117354
32,0,25,5,0.5892500206828117,0.6783143924549222,0.08906437177211046,1.4282386070117354
32,0,25,6,0.6783143924549222,0.7860209131613374,0.10770652070641518,1.4282386070117354
32,0,25,7,0.7860209131613374,0.9048462994396687,0.11882538627833128,1.4282386070117354
32,0,25,8,0.9048462994396687,1.0207730531692505,0.11592675372958183,1.4282386070117354
32,0,25,9,1.0207730531692505,1.1423423197120428,0.12156926654279232,1.4282386070117354
32,0,25,10,1.1423423197120428,1.2673562858253717,0.12501396611332893,1.4282386070117354
32,0,25,11,1.2673562858253717,1.398582011461258,0.1312257256358862,1.4282386070117354
32,0,25,12,1.398582011461258,1.432304561138153,0.03372254967689514,1.4282386070117354
32,0,26,1,0.03464708290994167,0.12489289604127407,0.0902458131313324,1.4282386070117354
32,0,26,2,0.12489289604127407,0.21490737423300743,0.09001447819173336,1.4282386070117354
32,0,26,3,0.21490737423300743,0.30469810869544744,0.08979073446244001,1.4282386070117354
32,0,26,4,0.30469810869544744,0.3956683948636055,0.09097028616815805,1.4282386070117354
32,0,26,5,0.3956683948636055,0.5776745174080133,0.18200612254440784,1.4282386070117354
32,0,26,6,0.5776745174080133,0.588655499741435,0.010980982333421707,1.4282386070117354
32,0,26,7,0.588655499741435,0.6778918514028192,0.0892363516613841,1.4282386070117354
32,0,26,8,0.6778918514028192,0.7855747323483229,0.10768288094550371,1.4282386070117354
32,0,26,9,0.7855747323483229,0.9044566042721272,0.11888187192380428,1.4282386070117354
32,0,26,10,0.9044566042721272,1.0202602073550224,0.11580360308289528,1.4282386070117354
32,0,26,11,1.0202602073550224,1.1417262218892574,0.121466014534235,1.4282386070117354
32,0,26,12,1.1417262218892574,1.2668667184188962,0.12514049652963877,1.4282386070117354
32,0,26,13,1.2668667184188962,1.3980682818219066,0.13120156340301037,1.4282386070117354
32,0,26,14,1.3980682818219066,1.4318159585818648,0.03374767675995827,1.4282386070117354
32,0,27,1,0.12481895741075277,0.2148611294105649,0.09004217199981213,1.4282386070117354
32,0,27,2,0.2148611294105649,0.3046548571437597,0.08979372773319483,1.4282386070117354
32,0,27,3,0.3046548571437597,0.39560472406446934,0.09094986692070961,1.4282386070117354
32,0,27,4,0.39560472406446934,0.5776150012388825,0.1820102771744132,1.4282386070117354
32,0,27,5,0.5776150012388825,0.5885972203686833,0.010982219129800797,1.4282386070117354
32,0,27,6,0.5885972203686833,0.6778461365029216,0.08924891613423824,1.4282386070117354
32,0,27,7,0.6778461365029216,0.7855147998780012,0.10766866337507963,1.4282386070117354
32,0,27,8,0.7855147998780012,0.9044084278866649,0.11889362800866365,1.4282386070117354
32,0,27,9,0.9044084278866649,1.020194310694933,0.11578588280826807,1.4282386070117354
32,0,27,10,1.020194310694933,1.1416674451902509,0.12147313449531794,1.4282386070117354
32,0,27,11,1.1416674451902509,1.2668144553899765,0.12514701019972563,1.4282386070117354
32,0,27,12,1.2668144553899765,1.3980056922882795,0.13119123689830303,1.4282386070117354
32,0,27,13,1.3980056922882795,1.431759586557746,0.0337538942694664,1.4282386070117354
32,0,28,1,0.3056555511429906,0.3972315713763237,0.09157602023333311,1.4282386070117354
32,0,28,2,0.3972315713763237,0.579303496517241,0.1820719251409173,1.4282386070117354
32,0,28,3,0.579303496517241,0.5902212271466851,0.010917730629444122,1.4282386070117354
32,0,28,4,0.5902212271466851,0.6790707521140575,0.08884952496737242,1.4282386070117354
32,0,28,5,0.6790707521140575,0.7867930950596929,0.10772234294563532,1.4282386070117354
32,0,28,6,0.7867930950596929,0.9056342570111156,0.11884116195142269,1.4282386070117354
32,0,28,7,0.9056342570111156,1.0218256656080484,0.11619140859693289,1.4282386070117354
32,0,28,8,1.0218256656080484,1.1433264361694455,0.12150077056139708,1.4282386070117354
32,0,28,9,1.1433264361694455,1.2682318901643157,0.12490545399487019,1.4282386070117354
32,0,28,10,1.2682318901643157,1.3996175527572632,0.13138566259294748,1.4282386070117354
32,0,28,11,1.3996175527572632,1.43321792781353,0.033600375056266785,1.4282386070117354
32,0,29,1,-0.05804054532200098,0.035336848348379135,0.09337739367038012,1.4282386070117354
32,0,29,2,0.035336848348379135,0.1254705348983407,0.09013368654996157,1.4282386070117354
32,0,29,3,0.1254705348983407,0.21574835758656263,0.09027782268822193,1.4282386070117354
32,0,29,4,0.21574835758656263,0.3053784603253007,0.08963010273873806,1.4282386070117354
32,0,29,5,0.3053784603253007,0.39676652755588293,0.09138806723058224,1.4282386070117354
32,0,29,6,0.39676652755588293,0.578942621126771,0.18217609357088804,1.4282386070117354
32,0,29,7,0.578942621126771,0.5898910108953714,0.010948389768600464,1.4282386070117354
32,0,29,8,0.5898910108953714,0.6788014955818653,0.08891048468649387,1.4282386070117354
32,0,29,9,0.6788014955818653,0.7865168135613203,0.107715317979455,1.4282386070117354
32,0,29,10,0.7865168135613203,0.9053489360958338,0.11883212253451347,1.4282386070117354
32,0,29,11,0.9053489360958338,1.0214518327265978,0.11610289663076401,1.4282386070117354
32,0,29,12,1.0214518327265978,1.14295254368335,0.1215007109567523,1.4282386070117354
32,0,29,13,1.14295254368335,1.2678935350850224,0.12494099140167236,1.4282386070117354
32,0,29,14,1.2678935350850224,1.3992546303197742,0.1313610952347517,1.4282386070117354
32,0,29,15,1.3992546303197742,1.432868274860084,0.033613644540309906,1.4282386070117354
32,0,30,1,0.30430938862264156,0.3950417675077915,0.09073237888514996,1.4282386070117354
32,0,30,2,0.3950417675077915,0.5771555146202445,0.18211374711245298,1.4282386070117354
32,0,30,3,0.5771555146202445,0.5881312023848295,0.010975687764585018,1.4282386070117354
32,0,30,4,0.5881312023848295,0.6774917477741838,0.08936054538935423,1.4282386070117354
32,0,30,5,0.6774917477741838,0.7851569140329957,0.10766516625881195,1.4282386070117354
32,0,30,6,0.7851569140329957,0.903967397287488,0.11881048325449228,1.4282386070117354
32,0,30,7,0.903967397287488,1.0196751886978745,0.11570779141038656,1.4282386070117354
32,0,30,8,1.0196751886978745,1.1412297254428267,0.1215545367449522,1.4282386070117354
32,0,30,9,1.1412297254428267,1.2663574554026127,0.12512772995978594,1.4282386070117354
32,0,30,10,1.2663574554026127,1.3974661380052567,0.13110868260264397,1.4282386070117354
32,0,30,11,1.3974661380052567,1.4283787477761507,0.03091260977089405,1.4282386070117354
32,0,31,1,0.12471644766628742,0.21481098979711533,0.0900945421308279,1.4282386070117354
32,0,31,2,0.21481098979711533,0.304608765989542,0.08979777619242668,1.4282386070117354
32,0,31,3,0.304608765989542,0.3954943623393774,0.0908855963498354,1.4282386070117354
32,0,31,4,0.3954943623393774,0.5775570422410965,0.1820626799017191,1.4282386070117354
32,0,31,5,0.5775570422410965,0.5885393070057034,0.010982264764606953,1.4282386070117354
32,0,31,6,0.5885393070057034,0.6777988197281957,0.08925951272249222,1.4282386070117354
32,0,31,7,0.6777988197281957,0.7854638742282987,0.107665054500103,1.4282386070117354
32,0,31,8,0.7854638742282987,0.9043587734922767,0.118894899263978,1.4282386070117354
32,0,31,9,0.9043587734922767,1.0201320545747876,0.11577328108251095,1.4282386070117354
32,0,31,10,1.0201320545747876,1.1416070144623518,0.12147495988756418,1.4282386070117354
32,0,31,11,1.1416070144623518,1.2667588675394654,0.12515185307711363,1.4282386070117354
32,0,31,12,1.2667588675394654,1.3979436857625842,0.13118481822311878,1.4282386070117354
32,0,31,13,1.3979436857625842,1.431697603315115,0.033753917552530766,1.4282386070117354
32,1,0,10,-0.058380378410220146,0.038113171234726906,0.09649354964494705,1.425381526350975
32,1,0,11,0.038113171234726906,0.13000572938472033,0.09189255814999342,1.425381526350975
32,1,0,12,0.13000572938472033,0.22073146421462297,0.09072573482990265,1.425381526350975
32,1,0,13,0.22073146421462297,0.3100958401337266,0.08936437591910362,1.425381526350975
32,1,0,14,0.3100958401337266,0.3997354358434677,0.08963959570974112,1.425381526350975
32,1,0,15,0.3997354358434677,0.48935238365083933,0.08961694780737162,1.425381526350975
32,1,0,16,0.48935238365083933,0.5792139479890466,0.08986156433820724,1.425381526350975
32,1,0,17,0.5792139479890466,0.6751635735854506,0.09594962559640408,1.425381526350975
32,1,0,18,0.6751635735854506,0.777709991671145,0.10254641808569431,1.425381526350975
32,1,0,19,0.777709991671145,0.8925438290461898,0.11483383737504482,1.425381526350975
32,1,0,20,0.8925438290461898,1.0140207037329674,0.12147687468677759,1.425381526350975
32,1,0,21,1.0140207037329674,1.1379119101911783,0.12389120645821095,1.425381526350975
32,1,0,22,1.1379119101911783,1.2648111917078495,0.12689928151667118,1.425381526350975
32,1,0,23,1.2648111917078495,1.3966135177761316,0.13180232606828213,1.425381526350975
32,1,0,24,1.3966135177761316,1.4261529678478837,0.02953945007175207,1.425381526350975
32,1,1,8,-0.0584363741800189,0.038064961321651936,0.09650133550167084,1.425381526350975
32,1,1,9,0.038064961321651936,0.12995693366974592,0.09189197234809399,1.425381526350975
32,1,1,10,0.12995693366974592,0.2206775164231658,0.09072058275341988,1.425381526350975
32,1,1,11,0.2206775164231658,0.3100490467622876,0.08937153033912182,1.425381526350975
32,1,1,12,0.3100490467622876,0.39968691300600767,0.08963786624372005,1.425381526350975
32,1,1,13,0.39968691300600767,0.489306746982038,0.08961983397603035,1.425381526350975
32,1,1,14,0.489306746982038,0.5791598027572036,0.08985305577516556,1.425381526350975
32,1,1,15,0.5791598027572036,0.6751124132424593,0.09595261048525572,1.425381526350975
32,1,1,16,0.6751124132424593,0.7776554636657238,0.1025430504232645,1.425381526350975
32,1,1,17,0.7776554636657238,0.8924958482384682,0.11484038457274437,1.425381526350975
32,1,1,18,0.8924958482384682,1.013969050720334,0.12147320248186588,1.425381526350975
32,1,1,19,1.013969050720334,1.1378636341542006,0.1238945834338665,1.425381526350975
32,1,1,20,1.1378636341542006,1.264759972691536,0.1268963385373354,1.425381526350975
32,1,1,21,1.264759972691536,1.3965673753991723,0.13180740270763636,1.425381526350975
32,1,1,22,1.3965673753991723,1.4261071924120188,0.02953981701284647,1.425381526350975
32,1,2,10,-0.059071741066873074,0.0375650143250823,0.09663675539195538,1.425381526350975
32,1,2,11,0.0375650143250823,0.12932376470416784,0.09175875037908554,1.425381526350975
32,1,2,12,0.12932376470416784,0.22004717588424683,0.09072341118007898,1.425381526350975
32,1,2,13,0.22004717588424683,0.30940621718764305,0.08935904130339622,1.425381526350975
32,1,2,14,0.30940621718764305,0.39911020267754793,0.08970398548990488,1.425381526350975
32,1,2,15,0.39911020267754793,0.4886408019810915,0.08953059930354357,1.425381526350975
32,1,2,16,0.4886408019810915,0.5785267259925604,0.08988592401146889,1.425381526350975
32,1,2,17,0.5785267259925604,0.6744863102212548,0.09595958422869444,1.425381526350975
32,1,2,18,0.6744863102212548,0.7769972123205662,0.10251090209931135,1.425381526350975
32,1,2,19,0.7769972123205662,0.8918996611610055,0.11490244884043932,1.425381526350975
32,1,2,20,0.8918996611610055,1.0132434638217092,0.12134380266070366,1.425381526350975
32,1,2,21,1.0132434638217092,1.1372625138610601,0.12401905003935099,1.425381526350975
32,1,2,22,1.1372625138610601,1.2639770964160562,0.126714582554996,1.425381526350975
32,1,2,23,1.2639770964160562,1.3958483207970858,0.1318712243810296,1.425381526350975
32,1,2,24,1.3958483207970858,1.4256027890369296,0.029754468239843845,1.425381526350975
32,1,3,1,0.03863999992609024,0.13050479162484407,0.09186479169875383,1.425381526350975
32,1,3,2,0.13050479162484407,0.22147082164883614,0.09096603002399206,1.425381526350975
32,1,3,3,0.22147082164883614,0.3108196873217821,0.08934886567294598,1.425381526350975
32,1,3,4,0.3108196873217821,0.40065820422023535,0.08983851689845324,1.425381526350975
32,1,3,5,0.40065820422023535,0.49022181890904903,0.08956361468881369,1.425381526350975
32,1,3,6,0.49022181890904903,0.5801471192389727,0.08992530032992363,1.425381526350975
32,1,3,7,0.5801471192389727,0.6760714240372181,0.09592430479824543,1.425381526350975
32,1,3,8,0.6760714240372181,0.7786142202094197,0.10254279617220163,1.425381526350975
32,1,3,9,0.7786142202094197,0.8933353228494525,0.11472110264003277,1.425381526350975
32,1,3,10,0.8933353228494525,1.014897784218192,0.1215624613687396,1.425381526350975
32,1,3,11,1.014897784218192,1.1387442415580153,0.12384645733982325,1.425381526350975
32,1,3,12,1.1387442415580153,1.2656844556331635,0.1269402140751481,1.425381526350975
32,1,3,13,1.2656844556331635,1.3973915707319975,0.13170711509883404,1.425381526350975
32,1,3,14,1.3973915707319975,1.4268841948360205,0.02949262410402298,1.425381526350975
32,1,4,9,-0.057728675194084644,0.03880438394844532,0.09653305914252996,1.425381526350975
32,1,4,10,0.03880438394844532,0.1306563802063465,0.09185199625790119,1.425381526350975
32,1,4,11,0.1306563802063465,0.22162591759115458,0.09096953738480806,1.425381526350975
32,1,4,12,0.22162591759115458,0.31095774471759796,0.08933182712644339,1.425381526350975
32,1,4,13,0.31095774471759796,0.40080410707741976,0.0898463623598218,1.425381526350975
32,1,4,14,0.40080410707741976,0.4903567600995302,0.08955265302211046,1.425381526350975
32,1,4,15,0.4903567600995302,0.5802844427525997,0.0899276826530695,1.425381526350975
32,1,4,16,0.5802844427525997,0.6762171601876616,0.09593271743506193,1.425381526350975
32,1,4,17,0.6762171601876616,0.778760221786797,0.1025430615991354,1.425381526350975
32,1,4,18,0.778760221786797,0.8934746822342277,0.11471446044743061,1.425381526350975
32,1,4,19,0.8934746822342277,1.0150556489825249,0.12158096674829721,1.425381526350975
32,1,4,20,1.0150556489825249,1.138880331069231,0.12382468208670616,1.425381526350975
32,1,4,21,1.138880331069231,1.2658348381519318,0.12695450708270073,1.425381526350975
32,1,4,22,1.2658348381519318,1.3975293645635247,0.13169452641159296,1.425381526350975
32,1,4,23,1.3975293645635247,1.4270156091079116,0.029486244544386864,1.425381526350975
32,1,5,8,-0.05801902152597904,0.038489313796162605,0.09650833532214165,1.425381526350975
32,1,5,9,0.038489313796162605,0.13040180783718824,0.09191249404102564,1.425381526350975
32,1,5,10,0.13040180783718824,0.22111227177083492,0.09071046393364668,1.425381526350975
32,1,5,11,0.22111227177083492,0.3106006979942322,0.08948842622339725,1.425381526350975
32,1,5,12,0.3106006979942322,0.40031731594353914,0.08971661794930696,1.425381526350975
32,1,5,13,0.40031731594353914,0.48995845299214125,0.0896411370486021,1.425381526350975
32,1,5,14,0.48995845299214125,0.579883761703968,0.0899253087118268,1.425381526350975
32,1,5,15,0.579883761703968,0.6757981879636645,0.09591442625969648,1.425381526350975
32,1,5,16,0.6757981879636645,0.7783321356400847,0.10253394767642021,1.425381526350975
32,1,5,17,0.7783321356400847,0.8931094268336892,0.11477729119360447,1.425381526350975
32,1,5,18,0.8931094268336892,1.0146421305835247,0.12153270374983549,1.425381526350975
32,1,5,19,1.0146421305835247,1.1384855173528194,0.12384338676929474,1.425381526350975
32,1,5,20,1.1384855173528194,1.2654280690476298,0.1269425516948104,1.425381526350975
32,1,5,21,1.2654280690476298,1.3971361368894577,0.13170806784182787,1.425381526350975
32,1,5,22,1.3971361368894577,1.426662445999682,0.029526309110224247,1.425381526350975
32,1,6,7,-0.057781849056482315,0.03875720966607332,0.09653905872255564,1.425381526350975
32,1,6,8,0.03875720966607332,0.1306096948683262,0.09185248520225286,1.425381526350975
32,1,6,9,0.1306096948683262,0.22157323360443115,0.09096353873610497,1.425381526350975
32,1,6,10,0.22157323360443115,0.3109121136367321,0.08933888003230095,1.425381526350975
32,1,6,11,0.3109121136367321,0.4007561719045043,0.0898440582677722,1.425381526350975
32,1,6,12,0.4007561719045043,0.49031268432736397,0.08955651242285967,1.425381526350975
32,1,6,13,0.49031268432736397,0.5802382677793503,0.08992558345198631,1.425381526350975
32,1,6,14,0.5802382677793503,0.6761682480573654,0.09592998027801514,1.425381526350975
32,1,6,15,0.6761682480573654,0.778711810708046,0.10254356265068054,1.425381526350975
32,1,6,16,0.778711810708046,0.8934246245771646,0.11471281386911869,1.425381526350975
32,1,6,17,0.8934246245771646,1.0150045538321137,0.12157992925494909,1.425381526350975
32,1,6,18,1.0150045538321137,1.1388336000964046,0.12382904626429081,1.425381526350975
32,1,6,19,1.1388336000964046,1.265782492235303,0.12694889213889837,1.425381526350975
32,1,6,20,1.265782492235303,1.3974838741123676,0.1317013818770647,1.425381526350975
32,1,6,21,1.3974838741123676,1.4269711235538125,0.029487249441444874,1.425381526350975
32,1,7,5,-0.05855244118720293,0.03796888887882233,0.09652133006602526,1.425381526350975
32,1,7,6,0.03796888887882233,0.1298632798716426,0.09189439099282026,1.425381526350975
32,1,7,7,0.1298632798716426,0.2205720031633973,0.09070872329175472,1.425381526350975
32,1,7,8,0.2205720031633973,0.3099546879529953,0.08938268478959799,1.425381526350975
32,1,7,9,0.3099546879529953,0.3995869029313326,0.08963221497833729,1.425381526350975
32,1,7,10,0.3995869029313326,0.4892150918021798,0.08962818887084723,1.425381526350975
32,1,7,11,0.4892150918021798,0.5790542364120483,0.08983914460986853,1.425381526350975
32,1,7,12,0.5790542364120483,0.6750098979100585,0.09595566149801016,1.425381526350975
32,1,7,13,0.6750098979100585,0.7775483336299658,0.10253843571990728,1.425381526350975
32,1,7,14,0.7775483336299658,0.8923920216038823,0.11484368797391653,1.425381526350975
32,1,7,15,0.8923920216038823,1.0138628240674734,0.1214708024635911,1.425381526350975
32,1,7,16,1.0138628240674734,1.1377668948844075,0.12390407081693411,1.425381526350975
32,1,7,17,1.1377668948844075,1.2646572329103947,0.12689033802598715,1.425381526350975
32,1,7,18,1.2646572329103947,1.396473690867424,0.13181645795702934,1.425381526350975
32,1,7,19,1.396473690867424,1.4260170077905059,0.029543316923081875,1.425381526350975
32,1,8,6,-0.058739607222378254,0.03781892545521259,0.09655853267759085,1.425381526350975
32,1,8,7,0.03781892545521259,0.1297189937904477,0.09190006833523512,1.425381526350975
32,1,8,8,0.1297189937904477,0.22040391247719526,0.09068491868674755,1.425381526350975
32,1,8,9,0.22040391247719526,0.30980943609029055,0.08940552361309528,1.425381526350975
32,1,8,10,0.30980943609029055,0.3994253799319267,0.08961594384163618,1.425381526350975
32,1,8,11,0.3994253799319267,0.4889445146545768,0.08951913472265005,1.425381526350975
32,1,8,12,0.4889445146545768,0.5788374803960323,0.08989296574145555,1.425381526350975
32,1,8,13,0.5788374803960323,0.6748067364096642,0.09596925601363182,1.425381526350975
32,1,8,14,0.6748067364096642,0.7773258229717612,0.10251908656209707,1.425381526350975
32,1,8,15,0.7773258229717612,0.8921978874132037,0.11487206444144249,1.425381526350975
32,1,8,16,0.8921978874132037,1.0135935824364424,0.12139569502323866,1.425381526350975
32,1,8,17,1.0135935824364424,1.137573598884046,0.1239800164476037,1.425381526350975
32,1,8,18,1.137573598884046,1.2644333336502314,0.12685973476618528,1.425381526350975
32,1,8,19,1.2644333336502314,1.3961951844394207,0.13176185078918934,1.425381526350975
32,1,8,20,1.3961951844394207,1.425837048329413,0.029641863889992237,1.425381526350975
32,1,9,3,-0.058798822574317455,0.0377673227339983,0.09656614530831575,1.425381526350975
32,1,9,4,0.0377673227339983,0.12966714333742857,0.09189982060343027,1.425381526350975
32,1,9,5,0.12966714333742857,0.22034598607569933,0.09067884273827076,1.425381526350975
32,1,9,6,0.22034598607569933,0.3096897341310978,0.08934374805539846,1.425381526350975
32,1,9,7,0.3096897341310978,0.39937087800353765,0.08968114387243986,1.425381526350975
32,1,9,8,0.39937087800353765,0.48889485839754343,0.08952398039400578,1.425381526350975
32,1,9,9,0.48889485839754343,0.5787873920053244,0.08989253360778093,1.425381526350975
32,1,9,10,0.5787873920053244,0.674754492007196,0.09596710000187159,1.425381526350975
32,1,9,11,0.674754492007196,0.7772710453718901,0.10251655336469412,1.425381526350975
32,1,9,12,0.7772710453718901,0.8921493086963892,0.11487826332449913,1.425381526350975
32,1,9,13,0.8921493086963892,1.0135402409359813,0.12139093223959208,1.425381526350975
32,1,9,14,1.0135402409359813,1.1375238997861743,0.12398365885019302,1.425381526350975
32,1,9,15,1.1375238997861743,1.2642959570512176,0.12677205726504326,1.425381526350975
32,1,9,16,1.2642959570512176,1.3961091423407197,0.13181318528950214,1.425381526350975
32,1,9,17,1.3961091423407197,1.4257921855896711,0.029683043248951435,1.425381526350975
32,1,10,6,-0.05826458800584078,0.03825991693884134,0.09652450494468212,1.425381526350975
32,1,10,7,0.03825991693884134,0.13014662079513073,0.09188670385628939,1.425381526350975
32,1,10,8,0.13014662079513073,0.2208385318517685,0.09069191105663776,1.425381526350975
32,1,10,9,0.2208385318517685,0.3101861709728837,0.08934763912111521,1.425381526350975
32,1,10,10,0.3101861709728837,0.400021618232131,0.0898354472592473,1.425381526350975
32,1,10,11,0.400021618232131,0.4895647829398513,0.08954316470772028,1.425381526350975
32,1,10,12,0.4895647829398513,0.5795435858890414,0.08997880294919014,1.425381526350975
32,1,10,13,0.5795435858890414,0.6754327863454819,0.09588920045644045,1.425381526350975
32,1,10,14,0.6754327863454819,0.7779747815802693,0.10254199523478746,1.425381526350975
32,1,10,15,0.7779747815802693,0.8927325615659356,0.11475777998566628,1.425381526350975
32,1,10,16,0.8927325615659356,1.0142186097800732,0.12148604821413755,1.425381526350975
32,1,10,17,1.0142186097800732,1.1381500558927655,0.12393144611269236,1.425381526350975
32,1,10,18,1.1381500558927655,1.265022966079414,0.12687291018664837,1.425381526350975
32,1,10,19,1.265022966079414,1.3968015387654305,0.13177857268601656,1.425381526350975
32,1,10,20,1.3968015387654305,1.4263300355523825,0.02952849678695202,1.425381526350975
32,1,11,4,-0.058861506171524525,0.03771483991295099,0.09657634608447552,1.425381526350975
32,1,11,5,0.03771483991295099,0.12961632572114468,0.09190148580819368,1.425381526350975
32,1,11,6,0.12961632572114468,0.22029010392725468,0.09067377820611,1.425381526350975
32,1,11,7,0.22029010392725468,0.30964185297489166,0.08935174904763699,1.425381526350975
32,1,11,8,0.30964185297489166,0.3993194764479995,0.08967762347310781,1.425381526350975
32,1,11,9,0.3993194764479995,0.48884566221386194,0.08952618576586246,1.425381526350975
32,1,11,10,0.48884566221386194,0.5787351606413722,0.08988949842751026,1.425381526350975
32,1,11,11,0.5787351606413722,0.6747014364227653,0.09596627578139305,1.425381526350975
32,1,11,12,0.6747014364227653,0.7772152600809932,0.10251382365822792,1.425381526350975
32,1,11,13,0.7772152600809932,0.8921006489545107,0.11488538887351751,1.425381526350975
32,1,11,14,0.8921006489545107,1.0134840300306678,0.12138338107615709,1.425381526350975
32,1,11,15,1.0134840300306678,1.1374741783365607,0.12399014830589294,1.425381526350975
32,1,11,16,1.1374741783365607,1.2642393512651324,0.1267651729285717,1.425381526350975
32,1,11,17,1.2642393512651324,1.396057072095573,0.13181772083044052,1.425381526350975
32,1,11,18,1.396057072095573,1.4257479403167963,0.029690868221223354,1.425381526350975
32,1,12,7,-0.05832219589501619,0.038209241814911366,0.09653143770992756,1.425381526350975
32,1,12,8,0.038209241814911366,0.1300971945747733,0.09188795275986195,1.425381526350975
32,1,12,9,0.1300971945747733,0.22078532632440329,0.09068813174962997,1.425381526350975
32,1,12,10,0.22078532632440329,0.31014128867536783,0.08935596235096455,1.425381526350975
32,1,12,11,0.31014128867536783,0.39997247885912657,0.08983119018375874,1.425381526350975
32,1,12,12,0.39997247885912657,0.48951846174895763,0.08954598288983107,1.425381526350975
32,1,12,13,0.48951846174895763,0.5794946551322937,0.08997619338333607,1.425381526350975
32,1,12,14,0.5794946551322937,0.6753829466179013,0.09588829148560762,1.425381526350975
32,1,12,15,0.6753829466179013,0.7779233586043119,0.10254041198641062,1.425381526350975
32,1,12,16,0.7779233586043119,0.89268584176898,0.11476248316466808,1.425381526350975
32,1,12,17,0.89268584176898,1.014168767258525,0.12148292548954487,1.425381526350975
32,1,12,18,1.014168767258525,1.1381048504263163,0.12393608316779137,1.425381526350975
32,1,12,19,1.1381048504263163,1.264968615025282,0.12686376459896564,1.425381526350975
32,1,12,20,1.264968615025282,1.396754179149866,0.1317855641245842,1.425381526350975
32,1,12,21,1.396754179149866,1.4262865269556642,0.029532347805798054,1.425381526350975
32,1,13,5,-0.05868234299123287,0.037868401035666466,0.09655074402689934,1.425381526350975
32,1,13,6,0.037868401035666466,0.12976777274161577,0.0918993717059493,1.425381526350975
32,1,13,7,0.12976777274161577,0.22046634275466204,0.09069857001304626,1.425381526350975
32,1,13,8,0.22046634275466204,0.3098588967695832,0.08939255401492119,1.425381526350975
32,1,13,9,0.3098588967695832,0.3994905510917306,0.08963165432214737,1.425381526350975
32,1,13,10,0.3994905510917306,0.48899242375046015,0.08950187265872955,1.425381526350975
32,1,13,11,0.48899242375046015,0.5788881182670593,0.08989569451659918,1.425381526350975
32,1,13,12,0.5788881182670593,0.674858620390296,0.09597050212323666,1.425381526350975
32,1,13,13,0.674858620390296,0.7773792846128345,0.10252066422253847,1.425381526350975
32,1,13,14,0.7773792846128345,0.8922474952414632,0.11486821062862873,1.425381526350975
32,1,13,15,0.8922474952414632,1.013647940941155,0.12140044569969177,1.425381526350975
32,1,13,16,1.013647940941155,1.1376225836575031,0.12397464271634817,1.425381526350975
32,1,13,17,1.1376225836575031,1.2644984861835837,0.1268759025260806,1.425381526350975
32,1,13,18,1.2644984861835837,1.3962479662150145,0.13174948003143072,1.425381526350975
32,1,13,19,1.3962479662150145,1.4258829420432448,0.02963497582823038,1.425381526350975
32,1,14,4,-0.05796253401786089,0.038536977022886276,0.09649951104074717,1.425381526350975
32,1,14,5,0.038536977022886276,0.1304462794214487,0.09190930239856243,1.425381526350975
32,1,14,6,0.1304462794214487,0.22116565518081188,0.09071937575936317,1.425381526350975
32,1,14,7,0.22116565518081188,0.31064709182828665,0.08948143664747477,1.425381526350975
32,1,14,8,0.31064709182828665,0.4003636445850134,0.08971655275672674,1.425381526350975
32,1,14,9,0.4003636445850134,0.49000481236726046,0.08964116778224707,1.425381526350975
32,1,14,10,0.49000481236726046,0.5799288833513856,0.08992407098412514,1.425381526350975
32,1,14,11,0.5799288833513856,0.6758464463055134,0.09591756295412779,1.425381526350975
32,1,14,12,0.6758464463055134,0.7784127639606595,0.10256631765514612,1.425381526350975
32,1,14,13,0.7784127639606595,0.8931546751409769,0.1147419111803174,1.425381526350975
32,1,14,14,0.8931546751409769,1.0146902715787292,0.12153559643775225,1.425381526350975
32,1,14,15,1.0146902715787292,1.1385598871856928,0.12386961560696363,1.425381526350975
32,1,14,16,1.1385598871856928,1.265484107658267,0.12692422047257423,1.425381526350975
32,1,14,17,1.265484107658267,1.3971838476136327,0.13169973995536566,1.425381526350975
32,1,14,18,1.3971838476136327,1.4267073199152946,0.029523472301661968,1.425381526350975
32,1,15,3,-0.05848956201225519,0.03801714722067118,0.09650670923292637,1.425381526350975
32,1,15,4,0.03801714722067118,0.12991059571504593,0.09189344849437475,1.425381526350975
32,1,15,5,0.12991059571504593,0.22062596213072538,0.09071536641567945,1.425381526350975
32,1,15,6,0.22062596213072538,0.31000251043587923,0.08937654830515385,1.425381526350975
32,1,15,7,0.31000251043587923,0.3996368423104286,0.08963433187454939,1.425381526350975
32,1,15,8,0.3996368423104286,0.4892607554793358,0.08962391316890717,1.425381526350975
32,1,15,9,0.4892607554793358,0.5791070917621255,0.08984633628278971,1.425381526350975
32,1,15,10,0.5791070917621255,0.675061427988112,0.09595433622598648,1.425381526350975
32,1,15,11,0.675061427988112,0.7776019833981991,0.10254055541008711,1.425381526350975
32,1,15,12,0.7776019833981991,0.8924396680667996,0.11483768466860056,1.425381526350975
32,1,15,13,0.8924396680667996,1.0139188263565302,0.12147915828973055,1.425381526350975
32,1,15,14,1.0139188263565302,1.1378143383190036,0.12389551196247339,1.425381526350975
32,1,15,15,1.1378143383190036,1.264709078706801,0.12689474038779736,1.425381526350975
32,1,15,16,1.264709078706801,1.3965209163725376,0.13181183766573668,1.425381526350975
32,1,15,17,1.3965209163725376,1.4260614030063152,0.02954048663377762,1.425381526350975
32,1,16,1,0.31039275601506233,0.40017011389136314,0.08977735787630081,1.425381526350975
32,1,16,2,0.40017011389136314,0.4898093957453966,0.08963928185403347,1.425381526350975
32,1,16,3,0.4898093957453966,0.5797395640984178,0.08993016835302114,1.425381526350975
32,1,16,4,0.5797395640984178,0.6756410580128431,0.09590149391442537,1.425381526350975
32,1,16,5,0.6756410580128431,0.7781745456159115,0.10253348760306835,1.425381526350975
32,1,16,6,0.7781745456159115,0.8929639840498567,0.11478943843394518,1.425381526350975
32,1,16,7,0.8929639840498567,1.0144816869869828,0.12151770293712616,1.425381526350975
32,1,16,8,1.0144816869869828,1.1383317448198795,0.12385005783289671,1.425381526350975
32,1,16,9,1.1383317448198795,1.2652281746268272,0.1268964298069477,1.425381526350975
32,1,16,10,1.2652281746268272,1.396991852670908,0.13176367804408073,1.425381526350975
32,1,16,11,1.396991852670908,1.4265226759016514,0.029530823230743408,1.425381526350975
32,1,17,1,0.48911445308476686,0.5789463864639401,0.08983193337917328,1.425381526350975
32,1,17,2,0.5789463864639401,0.6749083958566189,0.09596200939267874,1.425381526350975
32,1,17,3,0.6749083958566189,0.7774320971220732,0.10252370126545429,1.425381526350975
32,1,17,4,0.7774320971220732,0.8922960925847292,0.11486399546265602,1.425381526350975
32,1,17,5,0.8922960925847292,1.0137012619525194,0.12140516936779022,1.425381526350975
32,1,17,6,1.0137012619525194,1.1376705151051283,0.12396925315260887,1.425381526350975
32,1,17,7,1.1376705151051283,1.2645528763532639,0.12688236124813557,1.425381526350975
32,1,17,8,1.2645528763532639,1.3963637063279748,0.13181082997471094,1.425381526350975
32,1,17,9,1.3963637063279748,1.425928495824337,0.02956478949636221,1.425381526350975
32,1,18,2,-0.058929204009473324,0.03765533771365881,0.09658454172313213,1.425381526350975
32,1,18,3,0.03765533771365881,0.12956153601408005,0.09190619830042124,1.425381526350975
32,1,18,4,0.12956153601408005,0.22023235447704792,0.09067081846296787,1.425381526350975
32,1,18,5,0.22023235447704792,0.30959267169237137,0.08936031721532345,1.425381526350975
32,1,18,6,0.30959267169237137,0.3992656245827675,0.08967295289039612,1.425381526350975
32,1,18,7,0.3992656245827675,0.4887921782210469,0.08952655363827944,1.425381526350975
32,1,18,8,0.4887921782210469,0.5786789916455746,0.08988681342452765,1.425381526350975
32,1,18,9,0.5786789916455746,0.6746446676552296,0.095965676009655,1.425381526350975
32,1,18,10,0.6746446676552296,0.7771584242582321,0.10251375660300255,1.425381526350975
32,1,18,11,0.7771584242582321,0.8920484986156225,0.1148900743573904,1.425381526350975
32,1,18,12,0.8920484986156225,1.0134189063683152,0.1213704077526927,1.425381526350975
32,1,18,13,1.0134189063683152,1.1374115403741598,0.12399263400584459,1.425381526350975
32,1,18,14,1.1374115403741598,1.2641836861148477,0.12677214574068785,1.425381526350975
32,1,18,15,1.2641836861148477,1.3960023932158947,0.13181870710104704,1.425381526350975
32,1,18,16,1.3960023932158947,1.4257030170410872,0.02970062382519245,1.425381526350975
32,1,19,1,0.22141470480710268,0.31077201198786497,0.08935730718076229,1.425381526350975
32,1,19,2,0.31077201198786497,0.4004976246505976,0.0897256126627326,1.425381526350975
32,1,19,3,0.4004976246505976,0.49012693483382463,0.08962931018322706,1.425381526350975
32,1,19,4,0.49012693483382463,0.5800542254000902,0.08992729056626558,1.425381526350975
32,1,19,5,0.5800542254000902,0.6759690819308162,0.09591485653072596,1.425381526350975
32,1,19,6,0.6759690819308162,0.7785184858366847,0.10254940390586853,1.425381526350975
32,1,19,7,0.7785184858366847,0.8932454893365502,0.11472700349986553,1.425381526350975
32,1,19,8,0.8932454893365502,1.0147946700453758,0.12154918070882559,1.425381526350975
32,1,19,9,1.0147946700453758,1.1386528899893165,0.12385821994394064,1.425381526350975
32,1,19,10,1.1386528899893165,1.265586051158607,0.12693316116929054,1.425381526350975
32,1,19,11,1.265586051158607,1.3972985362634063,0.13171248510479927,1.425381526350975
32,1,19,12,1.3972985362634063,1.4267971310764551,0.02949859481304884,1.425381526350975
32,1,20,1,-0.05808059126138687,0.0384352607652545,0.09651585202664137,1.425381526350975
32,1,20,2,0.0384352607652545,0.13024816568940878,0.09181290492415428,1.425381526350975
32,1,20,3,0.13024816568940878,0.2209450164809823,0.09069685079157352,1.425381526350975
32,1,20,4,0.2209450164809823,0.31027980614453554,0.08933478966355324,1.425381526350975
32,1,20,5,0.31027980614453554,0.40011508483439684,0.0898352786898613,1.425381526350975
32,1,20,6,0.40011508483439684,0.48976430017501116,0.08964921534061432,1.425381526350975
32,1,20,7,0.48976430017501116,0.5796933500096202,0.08992904983460903,1.425381526350975
32,1,20,8,0.5796933500096202,0.6755909584462643,0.09589760843664408,1.425381526350975
32,1,20,9,0.6755909584462643,0.7781231040135026,0.10253214556723833,1.425381526350975
32,1,20,10,0.7781231040135026,0.8929169913753867,0.11479388736188412,1.425381526350975
32,1,20,11,0.8929169913753867,1.0144228683784604,0.12150587700307369,1.425381526350975
32,1,20,12,1.0144228683784604,1.1382850762456656,0.12386220786720514,1.425381526350975
32,1,20,13,1.1382850762456656,1.2651755912229419,0.12689051497727633,1.425381526350975
32,1,20,14,1.2651755912229419,1.3969449428841472,0.1317693516612053,1.425381526350975
32,1,20,15,1.3969449428841472,1.4264747817069292,0.02952983882278204,1.425381526350975
32,1,21,1,-0.05783741921186447,0.03869669325649738,0.09653411246836185,1.425381526350975
32,1,21,2,0.03869669325649738,0.13055149000138044,0.09185479674488306,1.425381526350975
32,1,21,3,0.13055149000138044,0.22152269817888737,0.09097120817750692,1.425381526350975
32,1,21,4,0.22152269817888737,0.3108668830245733,0.08934418484568596,1.425381526350975
32,1,21,5,0.3108668830245733,0.400707664899528,0.0898407818749547,1.425381526350975
32,1,21,6,0.400707664899528,0.49026663787662983,0.0895589729771018,1.425381526350975
32,1,21,7,0.49026663787662983,0.5801922911778092,0.08992565330117941,1.425381526350975
32,1,21,8,0.5801922911778092,0.6761195873841643,0.0959272962063551,1.425381526350975
32,1,21,9,0.6761195873841643,0.7786632683128119,0.10254368092864752,1.425381526350975
32,1,21,10,0.7786632683128119,0.8933795318007469,0.11471626348793507,1.425381526350975
32,1,21,11,0.8933795318007469,1.0149523159489036,0.12157278414815664,1.425381526350975
32,1,21,12,1.0149523159489036,1.138788629323244,0.12383631337434053,1.425381526350975
32,1,21,13,1.138788629323244,1.2657330203801394,0.12694439105689526,1.425381526350975
32,1,21,14,1.2657330203801394,1.3974360153079033,0.13170299492776394,1.425381526350975
32,1,21,15,1.3974360153079033,1.426926275715232,0.029490260407328606,1.425381526350975
32,1,22,2,-0.05860885605216026,0.03791926894336939,0.09652812499552965,1.425381526350975
32,1,22,3,0.03791926894336939,0.12981526739895344,0.09189599845558405,1.425381526350975
32,1,22,4,0.12981526739895344,0.22052091639488935,0.09070564899593592,1.425381526350975
32,1,22,5,0.22052091639488935,0.3099077818915248,0.08938686549663544,1.425381526350975
32,1,22,6,0.3099077818915248,0.39953931607306004,0.08963153418153524,1.425381526350975
32,1,22,7,0.39953931607306004,0.4891690956428647,0.08962977956980467,1.425381526350975
32,1,22,8,0.4891690956428647,0.579001048579812,0.08983195293694735,1.425381526350975
32,1,22,9,0.579001048579812,0.6749593764543533,0.09595832787454128,1.425381526350975
32,1,22,10,0.6749593764543533,0.7774949837476015,0.10253560729324818,1.425381526350975
32,1,22,11,0.7774949837476015,0.892343700863421,0.11484871711581945,1.425381526350975
32,1,22,12,0.892343700863421,1.0137546146288514,0.12141091376543045,1.425381526350975
32,1,22,13,1.0137546146288514,1.1377186756581068,0.12396406102925539,1.425381526350975
32,1,22,14,1.1377186756581068,1.264605457894504,0.12688678223639727,1.425381526350975
32,1,22,15,1.264605457894504,1.3964177342131734,0.13181227631866932,1.425381526350975
32,1,22,16,1.3964177342131734,1.4259718777611852,0.02955414354801178,1.425381526350975
32,1,23,1,0.03837647847831249,0.13020088523626328,0.09182440675795078,1.425381526350975
32,1,23,2,0.13020088523626328,0.22089126985520124,0.09069038461893797,1.425381526350975
32,1,23,3,0.22089126985520124,0.3102327957749367,0.08934152591973543,1.425381526350975
32,1,23,4,0.3102327957749367,0.4000695003196597,0.08983670454472303,1.425381526350975
32,1,23,5,0.4000695003196597,0.48971795942634344,0.08964845910668373,1.425381526350975
32,1,23,6,0.48971795942634344,0.579646528698504,0.08992856927216053,1.425381526350975
32,1,23,7,0.579646528698504,0.6755395727232099,0.09589304402470589,1.425381526350975
32,1,23,8,0.6755395727232099,0.7780745746567845,0.10253500193357468,1.425381526350975
32,1,23,9,0.7780745746567845,0.8928688876330853,0.11479431297630072,1.425381526350975
32,1,23,10,0.8928688876330853,1.0143709052354097,0.12150201760232449,1.425381526350975
32,1,23,11,1.0143709052354097,1.1382398577407002,0.12386895250529051,1.425381526350975
32,1,23,12,1.1382398577407002,1.2651256117969751,0.1268857540562749,1.425381526350975
32,1,23,13,1.2651256117969751,1.3968988051638007,0.13177319336682558,1.425381526350975
32,1,23,14,1.3968988051638007,1.4264202499762177,0.02952144481241703,1.425381526350975
32,1,24,1,0.5794319026172161,0.6753282146528363,0.09589631203562021,1.425381526350975
32,1,24,2,0.6753282146528363,0.7778706811368465,0.10254246648401022,1.425381526350975
32,1,24,3,0.7778706811368465,0.8926383024081588,0.11476762127131224,1.425381526350975
32,1,24,4,0.8926383024081588,1.0141198243945837,0.12148152198642492,1.425381526350975
32,1,24,5,1.0141198243945837,1.1380586717277765,0.12393884733319283,1.425381526350975
32,1,24,6,1.1380586717277765,1.2649143626913428,0.1268556909635663,1.425381526350975
32,1,24,7,1.2649143626913428,1.3967077378183603,0.1317933751270175,1.425381526350975
32,1,24,8,1.3967077378183603,1.4262418430298567,0.029534105211496353,1.425381526350975
32,1,25,1,0.4006074583157897,0.49017713963985443,0.08956968132406473,1.425381526350975
32,1,25,2,0.49017713963985443,0.5801012376323342,0.0899240979924798,1.425381526350975
32,1,25,3,0.5801012376323342,0.676021633669734,0.09592039603739977,1.425381526350975
32,1,25,4,0.676021633669734,0.7785647660493851,0.10254313237965107,1.425381526350975
32,1,25,5,0.7785647660493851,0.8932901658117771,0.11472539976239204,1.425381526350975
32,1,25,6,0.8932901658117771,1.0148464972153306,0.12155633140355349,1.425381526350975
32,1,25,7,1.0148464972153306,1.1386981308460236,0.12385163363069296,1.425381526350975
32,1,25,8,1.1386981308460236,1.2656349083408713,0.12693677749484777,1.425381526350975
32,1,25,9,1.2656349083408713,1.3973455959931016,0.13171068765223026,1.425381526350975
32,1,25,10,1.3973455959931016,1.426839580759406,0.029493984766304493,1.425381526350975
32,1,26,1,0.48967005871236324,0.5795991430059075,0.08992908429354429,1.425381526350975
32,1,26,2,0.5795991430059075,0.6754904668778181,0.09589132387191057,1.425381526350975
32,1,26,3,0.6754904668778181,0.7780240848660469,0.1025336179882288,1.425381526350975
32,1,26,4,0.7780240848660469,0.892778648994863,0.11475456412881613,1.425381526350975
32,1,26,5,0.892778648994863,1.0142699154093862,0.12149126641452312,1.425381526350975
32,1,26,6,1.0142699154093862,1.1381960893049836,0.12392617389559746,1.425381526350975
32,1,26,7,1.1381960893049836,1.265073200687766,0.12687711138278246,1.425381526350975
32,1,26,8,1.265073200687766,1.396850056014955,0.13177685532718897,1.425381526350975
32,1,26,9,1.396850056014955,1.4263740619644523,0.029524005949497223,1.425381526350975
32,1,27,1,0.22129990439862013,0.3106991248205304,0.08939922042191029,1.425381526350975
32,1,27,2,0.3106991248205304,0.400409878231585,0.08971075341105461,1.425381526350975
32,1,27,3,0.400409878231585,0.490078030154109,0.08966815192252398,1.425381526350975
32,1,27,4,0.490078030154109,0.5800048224627972,0.08992679230868816,1.425381526350975
32,1,27,5,0.5800048224627972,0.6758941747248173,0.09588935226202011,1.425381526350975
32,1,27,6,0.6758941747248173,0.7784692440181971,0.10257506929337978,1.425381526350975
32,1,27,7,0.7784692440181971,0.8931996431201696,0.11473039910197258,1.425381526350975
32,1,27,8,0.8931996431201696,1.014741513878107,0.12154187075793743,1.425381526350975
32,1,27,9,1.014741513878107,1.1386075038462877,0.12386598996818066,1.425381526350975
32,1,27,10,1.1386075038462877,1.2655362524092197,0.12692874856293201,1.425381526350975
32,1,27,11,1.2655362524092197,1.3972294349223375,0.1316931825131178,1.425381526350975
32,1,27,12,1.3972294349223375,1.4267516983672976,0.029522263444960117,1.425381526350975
32,1,28,1,0.3999189781025052,0.48946790024638176,0.08954892214387655,1.425381526350975
32,1,28,2,0.48946790024638176,0.5792658673599362,0.08979796711355448,1.425381526350975
32,1,28,3,0.5792658673599362,0.6752143744379282,0.09594850707799196,1.425381526350975
32,1,28,4,0.6752143744379282,0.7778170788660645,0.10260270442813635,1.425381526350975
32,1,28,5,0.7778170788660645,0.8925932599231601,0.11477618105709553,1.425381526350975
32,1,28,6,0.8925932599231601,1.0140707390382886,0.12147747911512852,1.425381526350975
32,1,28,7,1.0140707390382886,1.1380094392225146,0.12393870018422604,1.425381526350975
32,1,28,8,1.1380094392225146,1.2648625634610653,0.12685312423855066,1.425381526350975
32,1,28,9,1.2648625634610653,1.3966628992930055,0.13180033583194017,1.425381526350975
32,1,28,10,1.3966628992930055,1.4261977709829807,0.02953487168997526,1.425381526350975
32,1,29,1,0.31050463672727346,0.4002246540039778,0.08972001727670431,1.425381526350975
32,1,29,2,0.4002246540039778,0.4898549849167466,0.08963033091276884,1.425381526350975
32,1,29,3,0.4898549849167466,0.5797853013500571,0.08993031643331051,1.425381526350975
32,1,29,4,0.5797853013500571,0.6756917107850313,0.0959064094349742,1.425381526350975
32,1,29,5,0.6756917107850313,0.778222469612956,0.10253075882792473,1.425381526350975
32,1,29,6,0.778222469612956,0.8930096896365285,0.11478722002357244,1.425381526350975
32,1,29,7,0.8930096896365285,1.0145310247316957,0.12152133509516716,1.425381526350975
32,1,29,8,1.0145310247316957,1.138377576135099,0.12384655140340328,1.425381526350975
32,1,29,9,1.138377576135099,1.2652796460315585,0.12690206989645958,1.425381526350975
32,1,29,10,1.2652796460315585,1.3970365542918444,0.13175690826028585,1.425381526350975
32,1,29,11,1.3970365542918444,1.4265673654153943,0.029530811123549938,1.425381526350975
32,1,30,1,0.1294964961707592,0.22016574442386627,0.09066924825310707,1.425381526350975
32,1,30,2,0.22016574442386627,0.30953481514006853,0.08936907071620226,1.425381526350975
32,1,30,3,0.30953481514006853,0.3992058923467994,0.08967107720673084,1.425381526350975
32,1,30,4,0.3992058923467994,0.48873339407145977,0.0895275017246604,1.425381526350975
32,1,30,5,0.48873339407145977,0.5786190330982208,0.08988563902676105,1.425381526350975
32,1,30,6,0.5786190330982208,0.6745835430920124,0.09596450999379158,1.425381526350975
32,1,30,7,0.6745835430920124,0.7770958878099918,0.10251234471797943,1.425381526350975
32,1,30,8,0.7770958878099918,0.8919888231903315,0.11489293538033962,1.425381526350975
32,1,30,9,0.8919888231903315,1.0133539969101548,0.12136517371982336,1.425381526350975
32,1,30,10,1.0133539969101548,1.1373522896319628,0.12399829272180796,1.425381526350975
32,1,30,11,1.1373522896319628,1.264117058366537,0.12676476873457432,1.425381526350975
32,1,30,12,1.264117058366537,1.395941878668964,0.13182482030242682,1.425381526350975
32,1,30,13,1.395941878668964,1.4256553137674928,0.029713435098528862,1.425381526350975
32,1,31,1,0.1303529581055045,0.2210569530725479,0.0907039949670434,1.425381526350975
32,1,31,2,0.2210569530725479,0.3105542752891779,0.08949732221662998,1.425381526350975
32,1,31,3,0.3105542752891779,0.4002708373591304,0.08971656206995249,1.425381526350975
32,1,31,4,0.4002708373591304,0.4899106752127409,0.08963983785361052,1.425381526350975
32,1,31,5,0.4899106752127409,0.5798385301604867,0.0899278549477458,1.425381526350975
32,1,31,6,0.5798385301604867,0.6757479617372155,0.09590943157672882,1.425381526350975
32,1,31,7,0.6757479617372155,0.778280328027904,0.10253236629068851,1.425381526350975
32,1,31,8,0.778280328027904,0.8930620038881898,0.11478167586028576,1.425381526350975
32,1,31,9,0.8930620038881898,1.0145899429917336,0.12152793910354376,1.425381526350975
32,1,31,10,1.0145899429917336,1.1384314773604274,0.12384153436869383,1.425381526350975
32,1,31,11,1.1384314773604274,1.2653394676744938,0.1269079903140664,1.425381526350975
32,1,31,12,1.2653394676744938,1.3970891861245036,0.13174971845000982,1.425381526350975
32,1,31,13,1.3970891861245036,1.4266185024753213,0.02952931635081768,1.425381526350975
32,2,0,10,-0.10082479938864708,0.002087630331516266,0.10291242972016335,1.44914922863245
32,2,0,11,0.002087630331516266,0.08976918458938599,0.08768155425786972,1.44914922863245
32,2,0,12,0.08976918458938599,0.17984704114496708,0.09007785655558109,1.44914922863245
32,2,0,13,0.17984704114496708,0.27059412840753794,0.09074708726257086,1.44914922863245
32,2,0,14,0.27059412840753794,0.36095716059207916,0.09036303218454123,1.44914922863245
32,2,0,15,0.36095716059207916,0.4513379642739892,0.09038080368191004,1.44914922863245
32,2,0,16,0.4513379642739892,0.5412685219198465,0.08993055764585733,1.44914922863245
32,2,0,17,0.5412685219198465,0.638341536745429,0.0970730148255825,1.44914922863245
32,2,0,18,0.638341536745429,0.7404020028188825,0.10206046607345343,1.44914922863245
32,2,0,19,0.7404020028188825,0.8540093479678035,0.11360734514892101,1.44914922863245
32,2,0,20,0.8540093479678035,0.9746128665283322,0.12060351856052876,1.44914922863245
32,2,0,21,0.9746128665283322,1.096981500275433,0.12236863374710083,1.44914922863245
32,2,0,22,1.096981500275433,1.2233340302482247,0.12635252997279167,1.44914922863245
32,2,0,23,1.2233340302482247,1.36576396971941,0.1424299394711852,1.44914922863245
32,2,0,24,1.36576396971941,1.4472202667966485,0.08145629707723856,1.44914922863245
32,2,0,25,1.4472202667966485,1.450125384144485,0.0029051173478364944,1.44914922863245
32,2,1,5,-0.10148729104548693,0.0024799900129437447,0.10396728105843067,1.44914922863245
32,2,1,6,0.0024799900129437447,0.09013450425118208,0.08765451423823833,1.44914922863245
32,2,1,7,0.09013450425118208,0.18017865531146526,0.09004415106028318,1.44914922863245
32,2,1,8,0.18017865531146526,0.2709291558712721,0.09075050055980682,1.44914922863245
32,2,1,9,0.2709291558712721,0.3613587059080601,0.09042955003678799,1.44914922863245
32,2,1,10,0.3613587059080601,0.45176772587001324,0.09040901996195316,1.44914922863245
32,2,1,11,0.45176772587001324,0.5417557852342725,0.08998805936425924,1.44914922863245
32,2,1,12,0.5417557852342725,0.63880261965096,0.09704683441668749,1.44914922863245
32,2,1,13,0.63880261965096,0.7408711984753609,0.1020685788244009,1.44914922863245
32,2,1,14,0.7408711984753609,0.8544868314638734,0.11361563298851252,1.44914922863245
32,2,1,15,0.8544868314638734,0.9751144619658589,0.12062763050198555,1.44914922863245
32,2,1,16,0.9751144619658589,1.0975475022569299,0.12243304029107094,1.44914922863245
32,2,1,17,1.0975475022569299,1.2238734532147646,0.12632595095783472,1.44914922863245
32,2,1,18,1.2238734532147646,1.3661872912198305,0.14231383800506592,1.44914922863245
32,2,1,19,1.3661872912198305,1.4476428246125579,0.08145553339272738,1.44914922863245
32,2,1,20,1.4476428246125579,1.4504631673917174,0.002820342779159546,1.44914922863245
32,2,2,7,-0.1008689608424902,0.0024336641654372215,0.10330262500792742,1.44914922863245
32,2,2,8,0.0024336641654372215,0.09008343797177076,0.08764977380633354,1.44914922863245
32,2,2,9,0.09008343797177076,0.18013294972479343,0.09004951175302267,1.44914922863245
32,2,2,10,0.18013294972479343,0.27088335156440735,0.09075040183961391,1.44914922863245
32,2,2,11,0.27088335156440735,0.3613091418519616,0.09042579028755426,1.44914922863245
32,2,2,12,0.3613091418519616,0.4517172137275338,0.0904080718755722,1.44914922863245
32,2,2,13,0.4517172137275338,0.5417067157104611,0.08998950198292732,1.44914922863245
32,2,2,14,0.5417067157104611,0.6387549098581076,0.09704819414764643,1.44914922863245
32,2,2,15,0.6387549098581076,0.7407721448689699,0.10201723501086235,1.44914922863245
32,2,2,16,0.7407721448689699,0.8544279858469963,0.11365584097802639,1.44914922863245
32,2,2,17,0.8544279858469963,0.9750557066872716,0.12062772084027529,1.44914922863245
32,2,2,18,0.9750557066872716,1.097420522943139,0.12236481625586748,1.44914922863245
32,2,2,19,1.097420522943139,1.2238119458779693,0.1263914229348302,1.44914922863245
32,2,2,20,1.2238119458779693,1.366140934638679,0.14232898876070976,1.44914922863245
32,2,2,21,1.366140934638679,1.4475995665416121,0.08145863190293312,1.44914922863245
32,2,2,22,1.4475995665416121,1.4504220522940159,0.002822485752403736,1.44914922863245
32,2,3,8,-0.10119469463825226,0.0019729947671294212,0.10316768940538168,1.44914922863245
32,2,3,9,0.0019729947671294212,0.08959458116441965,0.08762158639729023,1.44914922863245
32,2,3,10,0.08959458116441965,0.17968491464853287,0.09009033348411322,1.44914922863245
32,2,3,11,0.17968491464853287,0.27047506254166365,0.09079014789313078,1.44914922863245
32,2,3,12,0.27047506254166365,0.360850565135479,0.09037550259381533,1.44914922863245
32,2,3,13,0.360850565135479,0.45122652500867844,0.09037595987319946,1.44914922863245
32,2,3,14,0.45122652500867844,0.5411634016782045,0.0899368766695261,1.44914922863245
32,2,3,15,0.5411634016782045,0.6382387261837721,0.09707532450556755,1.44914922863245
32,2,3,16,0.6382387261837721,0.7402915097773075,0.10205278359353542,1.44914922863245
32,2,3,17,0.7402915097773075,0.8538638157770038,0.11357230599969625,1.44914922863245
32,2,3,18,0.8538638157770038,0.9744953541085124,0.12063153833150864,1.44914922863245
32,2,3,19,0.9744953541085124,1.096859047189355,0.1223636930808425,1.44914922863245
32,2,3,20,1.096859047189355,1.2232113368809223,0.12635228969156742,1.44914922863245
32,2,3,21,1.2232113368809223,1.3656619172543287,0.1424505803734064,1.44914922863245
32,2,3,22,1.3656619172543287,1.4471304453909397,0.08146852813661098,1.44914922863245
32,2,3,23,1.4471304453909397,1.4500388847663999,0.002908439375460148,1.44914922863245
32,2,4,7,-0.10078028310090303,0.0026767672970891,0.10345705039799213,1.44914922863245
32,2,4,8,0.0026767672970891,0.09048495441675186,0.08780818711966276,1.44914922863245
32,2,4,9,0.09048495441675186,0.18054589163511992,0.09006093721836805,1.44914922863245
32,2,4,10,0.18054589163511992,0.27136833500117064,0.09082244336605072,1.44914922863245
32,2,4,11,0.27136833500117064,0.361751907505095,0.09038357250392437,1.44914922863245
32,2,4,12,0.361751907505095,0.4524374343454838,0.09068552684038877,1.44914922863245
32,2,4,13,0.4524374343454838,0.5422711884602904,0.08983375411480665,1.44914922863245
32,2,4,14,0.5422711884602904,0.6392849395051599,0.09701375104486942,1.44914922863245
32,2,4,15,0.6392849395051599,0.7413583751767874,0.10207343567162752,1.44914922863245
32,2,4,16,0.7413583751767874,0.8550811391323805,0.11372276395559311,1.44914922863245
32,2,4,17,0.8550811391323805,0.9757005693390965,0.12061943020671606,1.44914922863245
32,2,4,18,0.9757005693390965,1.0980545729398727,0.1223540036007762,1.44914922863245
32,2,4,19,1.0980545729398727,1.2244190303608775,0.12636445742100477,1.44914922863245
32,2,4,20,1.2244190303608775,1.3666500989347696,0.14223106857389212,1.44914922863245
32,2,4,21,1.3666500989347696,1.4480228461325169,0.08137274719774723,1.44914922863245
32,2,4,22,1.4480228461325169,1.4508581887930632,0.002835342660546303,1.44914922863245
32,2,5,9,-0.10139448940753937,0.0025807367637753487,0.10397522617131472,1.44914922863245
32,2,5,10,0.0025807367637753487,0.09023059066385031,0.08764985390007496,1.44914922863245
32,2,5,11,0.09023059066385031,0.1802713517099619,0.09004076104611158,1.44914922863245
32,2,5,12,0.1802713517099619,0.27106732968240976,0.09079597797244787,1.44914922863245
32,2,5,13,0.27106732968240976,0.3614556472748518,0.09038831759244204,1.44914922863245
32,2,5,14,0.3614556472748518,0.45186993572860956,0.09041428845375776,1.44914922863245
32,2,5,15,0.45186993572860956,0.5418554013594985,0.08998546563088894,1.44914922863245
32,2,5,16,0.5418554013594985,0.6389592066407204,0.09710380528122187,1.44914922863245
32,2,5,17,0.6389592066407204,0.7409761641174555,0.10201695747673512,1.44914922863245
32,2,5,18,0.7409761641174555,0.8546097651124,0.11363360099494457,1.44914922863245
32,2,5,19,0.8546097651124,0.9752862779423594,0.12067651282995939,1.44914922863245
32,2,5,20,0.9752862779423594,1.097660911269486,0.1223746333271265,1.44914922863245
32,2,5,21,1.097660911269486,1.2240026947110891,0.12634178344160318,1.44914922863245
32,2,5,22,1.2240026947110891,1.3662779061123729,0.14227521140128374,1.44914922863245
32,2,5,23,1.3662779061123729,1.4477277286350727,0.08144982252269983,1.44914922863245
32,2,5,24,1.4477277286350727,1.4505489449948072,0.0028212163597345352,1.44914922863245
32,2,6,8,-0.10134798008948565,0.0028207162395119667,0.10416869632899761,1.44914922863245
32,2,6,9,0.0028207162395119667,0.09064048994332552,0.08781977370381355,1.44914922863245
32,2,6,10,0.09064048994332552,0.18070766516029835,0.09006717521697283,1.44914922863245
32,2,6,11,0.18070766516029835,0.27153110317885876,0.09082343801856041,1.44914922863245
32,2,6,12,0.27153110317885876,0.36212500650435686,0.0905939033254981,1.44914922863245
32,2,6,13,0.36212500650435686,0.4527163039892912,0.09059129748493433,1.44914922863245
32,2,6,14,0.4527163039892912,0.5425328323617578,0.08981652837246656,1.44914922863245
32,2,6,15,0.5425328323617578,0.6395275015383959,0.09699466917663813,1.44914922863245
32,2,6,16,0.6395275015383959,0.7416197322309017,0.10209223069250584,1.44914922863245
32,2,6,17,0.7416197322309017,0.8553856695070863,0.11376593727618456,1.44914922863245
32,2,6,18,0.8553856695070863,0.9759728945791721,0.12058722507208586,1.44914922863245
32,2,6,19,0.9759728945791721,1.0983209908008575,0.12234809622168541,1.44914922863245
32,2,6,20,1.0983209908008575,1.2247677464038134,0.12644675560295582,1.44914922863245
32,2,6,21,1.2247677464038134,1.3668741071596742,0.1421063607558608,1.44914922863245
32,2,6,22,1.3668741071596742,1.448235317133367,0.0813612099736929,1.44914922863245
32,2,6,23,1.448235317133367,1.4510833797976375,0.002848062664270401,1.44914922863245
32,2,7,6,-0.10155386943370104,0.002772674895823002,0.10432654432952404,1.44914922863245
32,2,7,7,0.002772674895823002,0.09059115871787071,0.08781848382204771,1.44914922863245
32,2,7,8,0.09059115871787071,0.18066002242267132,0.0900688637048006,1.44914922863245
32,2,7,9,0.18066002242267132,0.2714613592252135,0.09080133680254221,1.44914922863245
32,2,7,10,0.2714613592252135,0.361850849352777,0.09038949012756348,1.44914922863245
32,2,7,11,0.361850849352777,0.45254524145275354,0.09069439209997654,1.44914922863245
32,2,7,12,0.45254524145275354,0.5423776442185044,0.08983240276575089,1.44914922863245
32,2,7,13,0.5423776442185044,0.6393796307966113,0.09700198657810688,1.44914922863245
32,2,7,14,0.6393796307966113,0.7414620723575354,0.10208244156092405,1.44914922863245
32,2,7,15,0.7414620723575354,0.8552113892510533,0.11374931689351797,1.44914922863245
32,2,7,16,0.8552113892510533,0.9758109357208014,0.12059954646974802,1.44914922863245
32,2,7,17,0.9758109357208014,1.0981628624722362,0.1223519267514348,1.44914922863245
32,2,7,18,1.0981628624722362,1.2245891224592924,0.12642625998705626,1.44914922863245
32,2,7,19,1.2245891224592924,1.366740370169282,0.14215124770998955,1.44914922863245
32,2,7,20,1.366740370169282,1.4481090232729912,0.08136865310370922,1.44914922863245
32,2,7,21,1.4481090232729912,1.4509488679468632,0.002839844673871994,1.44914922863245
32,2,8,6,-0.10143923759460449,0.0025350935757160187,0.10397433117032051,1.44914922863245
32,2,8,7,0.0025350935757160187,0.09018207993358374,0.08764698635786772,1.44914922863245
32,2,8,8,0.09018207993358374,0.18022456392645836,0.09004248399287462,1.44914922863245
32,2,8,9,0.18022456392645836,0.2710175169631839,0.09079295303672552,1.44914922863245
32,2,8,10,0.2710175169631839,0.3614069791510701,0.09038946218788624,1.44914922863245
32,2,8,11,0.3614069791510701,0.4518173485994339,0.09041036944836378,1.44914922863245
32,2,8,12,0.4518173485994339,0.5418052459135652,0.08998789731413126,1.44914922863245
32,2,8,13,0.5418052459135652,0.638909000903368,0.09710375498980284,1.44914922863245
32,2,8,14,0.638909000903368,0.7409248715266585,0.10201587062329054,1.44914922863245
32,2,8,15,0.7409248715266585,0.8545536370947957,0.11362876556813717,1.44914922863245
32,2,8,16,0.8545536370947957,0.9751706589013338,0.1206170218065381,1.44914922863245
32,2,8,17,0.9751706589013338,1.0976065462455153,0.12243588734418154,1.44914922863245
32,2,8,18,1.0976065462455153,1.2239453215152025,0.12633877526968718,1.44914922863245
32,2,8,19,1.2239453215152025,1.3662323523312807,0.14228703081607819,1.44914922863245
32,2,8,20,1.3662323523312807,1.4476850209757686,0.08145266864448786,1.44914922863245
32,2,8,21,1.4476850209757686,1.4505077684298158,0.002822747454047203,1.44914922863245
32,2,9,5,-0.10114758741110563,0.0023390427231788635,0.1034866301342845,1.44914922863245
32,2,9,6,0.0023390427231788635,0.08998545445501804,0.08764641173183918,1.44914922863245
32,2,9,7,0.08998545445501804,0.18004134763032198,0.09005589317530394,1.44914922863245
32,2,9,8,0.18004134763032198,0.27078868076205254,0.09074733313173056,1.44914922863245
32,2,9,9,0.27078868076205254,0.3611614601686597,0.09037277940660715,1.44914922863245
32,2,9,10,0.3611614601686597,0.4516105279326439,0.0904490677639842,1.44914922863245
32,2,9,11,0.4516105279326439,0.5414731353521347,0.08986260741949081,1.44914922863245
32,2,9,12,0.5414731353521347,0.6386002413928509,0.09712710604071617,1.44914922863245
32,2,9,13,0.6386002413928509,0.7406217511743307,0.10202150978147984,1.44914922863245
32,2,9,14,0.7406217511743307,0.8542488981038332,0.11362714692950249,1.44914922863245
32,2,9,15,0.8542488981038332,0.974841620773077,0.12059272266924381,1.44914922863245
32,2,9,16,0.974841620773077,1.0972437346354127,0.12240211386233568,1.44914922863245
32,2,9,17,1.0972437346354127,1.2235736893489957,0.126329954713583,1.44914922863245
32,2,9,18,1.2235736893489957,1.3659974560141563,0.14242376666516066,1.44914922863245
32,2,9,19,1.3659974560141563,1.447465419769287,0.08146796375513077,1.44914922863245
32,2,9,20,1.447465419769287,1.4502967605367303,0.00283134076744318,1.44914922863245
32,2,10,3,-0.1006335774436593,0.002182331867516041,0.10281590931117535,1.44914922863245
32,2,10,4,0.002182331867516041,0.08987390901893377,0.08769157715141773,1.44914922863245
32,2,10,5,0.08987390901893377,0.17994460370391607,0.0900706946849823,1.44914922863245
32,2,10,6,0.17994460370391607,0.2706939224153757,0.09074931871145964,1.44914922863245
32,2,10,7,0.2706939224153757,0.36106086429208517,0.09036694187670946,1.44914922863245
32,2,10,8,0.36106086429208517,0.4514437299221754,0.09038286563009024,1.44914922863245
32,2,10,9,0.4514437299221754,0.5413701087236404,0.08992637880146503,1.44914922863245
32,2,10,10,0.5413701087236404,0.6384970918297768,0.09712698310613632,1.44914922863245
32,2,10,11,0.6384970918297768,0.740516965277493,0.10201987344771624,1.44914922863245
32,2,10,12,0.740516965277493,0.8541306667029858,0.11361370142549276,1.44914922863245
32,2,10,13,0.8541306667029858,0.9747301349416375,0.12059946823865175,1.44914922863245
32,2,10,14,0.9747301349416375,1.097088006325066,0.12235787138342857,1.44914922863245
32,2,10,15,1.097088006325066,1.2234441246837378,0.12635611835867167,1.44914922863245
32,2,10,16,1.2234441246837378,1.3658604957163334,0.14241637103259563,1.44914922863245
32,2,10,17,1.3658604957163334,1.4473791811615229,0.08151868544518948,1.44914922863245
32,2,10,18,1.4473791811615229,1.4502120483666658,0.002832867205142975,1.44914922863245
32,2,11,3,-0.10110352747142315,0.0023870496079325676,0.10349057707935572,1.44914922863245
32,2,11,4,0.0023870496079325676,0.09003504272550344,0.08764799311757088,1.44914922863245
32,2,11,5,0.09003504272550344,0.18008804973214865,0.0900530070066452,1.44914922863245
32,2,11,6,0.18008804973214865,0.2708371775224805,0.09074912779033184,1.44914922863245
32,2,11,7,0.2708371775224805,0.3612566664814949,0.09041948895901442,1.44914922863245
32,2,11,8,0.3612566664814949,0.4516649665310979,0.09040830004960299,1.44914922863245
32,2,11,9,0.4516649665310979,0.5415300168097019,0.08986505027860403,1.44914922863245
32,2,11,10,0.5415300168097019,0.6386482175439596,0.0971182007342577,1.44914922863245
32,2,11,11,0.6386482175439596,0.7406721552833915,0.10202393773943186,1.44914922863245
32,2,11,12,0.7406721552833915,0.85430942568928,0.11363727040588856,1.44914922863245
32,2,11,13,0.85430942568928,0.9749371875077486,0.12062776181846857,1.44914922863245
32,2,11,14,0.9749371875077486,1.0973025616258383,0.12236537411808968,1.44914922863245
32,2,11,15,1.0973025616258383,1.2236321289092302,0.12632956728339195,1.44914922863245
32,2,11,16,1.2236321289092302,1.3660472249612212,0.14241509605199099,1.44914922863245
32,2,11,17,1.3660472249612212,1.4475148282945156,0.08146760333329439,1.44914922863245
32,2,11,18,1.4475148282945156,1.4503392428159714,0.0028244145214557648,1.44914922863245
32,2,12,4,-0.10163895599544048,0.0027250535786151886,0.10436400957405567,1.44914922863245
32,2,12,5,0.0027250535786151886,0.09054386895149946,0.08781881537288427,1.44914922863245
32,2,12,6,0.09054386895149946,0.18059223610907793,0.09004836715757847,1.44914922863245
32,2,12,7,0.18059223610907793,0.27141570020467043,0.0908234640955925,1.44914922863245
32,2,12,8,0.27141570020467043,0.3618028052151203,0.09038710501044989,1.44914922863245
32,2,12,9,0.3618028052151203,0.4524941276758909,0.09069132246077061,1.44914922863245
32,2,12,10,0.4524941276758909,0.5423263376578689,0.08983220998197794,1.44914922863245
32,2,12,11,0.5423263376578689,0.6393329724669456,0.09700663480907679,1.44914922863245
32,2,12,12,0.6393329724669456,0.7414125874638557,0.1020796149969101,1.44914922863245
32,2,12,13,0.7414125874638557,0.8551463959738612,0.11373380851000547,1.44914922863245
32,2,12,14,0.8551463959738612,0.9757562829181552,0.12060988694429398,1.44914922863245
32,2,12,15,0.9757562829181552,1.0981111163273454,0.12235483340919018,1.44914922863245
32,2,12,16,1.0981111163273454,1.224524114280939,0.12641299795359373,1.44914922863245
32,2,12,17,1.224524114280939,1.3666949244216084,0.14217081014066935,1.44914922863245
32,2,12,18,1.3666949244216084,1.4480659011751413,0.08137097675353289,1.44914922863245
32,2,12,19,1.4480659011751413,1.4509034445509315,0.002837543375790119,1.44914922863245
32,2,13,4,-0.10124016646295786,0.0019216323271393776,0.10316179879009724,1.44914922863245
32,2,13,5,0.0019216323271393776,0.08953355718404055,0.08761192485690117,1.44914922863245
32,2,13,6,0.08953355718404055,0.17962688766419888,0.09009333048015833,1.44914922863245
32,2,13,7,0.17962688766419888,0.27042224258184433,0.09079535491764545,1.44914922863245
32,2,13,8,0.27042224258184433,0.360795333981514,0.09037309139966965,1.44914922863245
32,2,13,9,0.360795333981514,0.45116832852363586,0.09037299454212189,1.44914922863245
32,2,13,10,0.45116832852363586,0.5411059465259314,0.0899376180022955,1.44914922863245
32,2,13,11,0.5411059465259314,0.6381854014471173,0.09707945492118597,1.44914922863245
32,2,13,12,0.6381854014471173,0.7402353435754776,0.10204994212836027,1.44914922863245
32,2,13,13,0.7402353435754776,0.8536852011457086,0.11344985757023096,1.44914922863245
32,2,13,14,0.8536852011457086,0.9744339967146516,0.12074879556894302,1.44914922863245
32,2,13,15,0.9744339967146516,1.0968040050938725,0.12237000837922096,1.44914922863245
32,2,13,16,1.0968040050938725,1.2231486923992634,0.12634468730539083,1.44914922863245
32,2,13,17,1.2231486923992634,1.365610808134079,0.1424621157348156,1.44914922863245
32,2,13,18,1.365610808134079,1.4470865251496434,0.08147571701556444,1.44914922863245
32,2,13,19,1.4470865251496434,1.4499946041032672,0.0029080789536237717,1.44914922863245
32,2,14,2,-0.10105184186249971,0.0021355515345931053,0.10318739339709282,1.44914922863245
32,2,14,3,0.0021355515345931053,0.0898224376142025,0.0876868860796094,1.44914922863245
32,2,14,4,0.0898224376142025,0.1798973409458995,0.09007490333169699,1.44914922863245
32,2,14,5,0.1798973409458995,0.2706447970122099,0.0907474560663104,1.44914922863245
32,2,14,6,0.2706447970122099,0.3610083572566509,0.09036356024444103,1.44914922863245
32,2,14,7,0.3610083572566509,0.4513907693326473,0.0903824120759964,1.44914922863245
32,2,14,8,0.4513907693326473,0.5413190172985196,0.08992824796587229,1.44914922863245
32,2,14,9,0.5413190172985196,0.6383917946368456,0.09707277733832598,1.44914922863245
32,2,14,10,0.6383917946368456,0.7404546393081546,0.102062844671309,1.44914922863245
32,2,14,11,0.7404546393081546,0.8540714215487242,0.11361678224056959,1.44914922863245
32,2,14,12,0.8540714215487242,0.9746682019904256,0.12059678044170141,1.44914922863245
32,2,14,13,0.9746682019904256,1.0970363980159163,0.12236819602549076,1.44914922863245
32,2,14,14,1.0970363980159163,1.2233897289261222,0.12635333091020584,1.44914922863245
32,2,14,15,1.2233897289261222,1.365812923759222,0.14242319483309984,1.44914922863245
32,2,14,16,1.365812923759222,1.4473328432068229,0.08151991944760084,1.44914922863245
32,2,14,17,1.4473328432068229,1.4501687744632363,0.0028359312564134598,1.44914922863245
32,2,15,1,-0.10091874934732914,0.002037433907389641,0.10295618325471878,1.44914922863245
32,2,15,2,0.002037433907389641,0.08970959670841694,0.0876721628010273,1.44914922863245
32,2,15,3,0.08970959670841694,0.1797945462167263,0.09008494950830936,1.44914922863245
32,2,15,4,0.1797945462167263,0.2705436469987035,0.09074910078197718,1.44914922863245
32,2,15,5,0.2705436469987035,0.36090486124157906,0.09036121424287558,1.44914922863245
32,2,15,6,0.36090486124157906,0.45128196477890015,0.09037710353732109,1.44914922863245
32,2,15,7,0.45128196477890015,0.5412166947498918,0.08993472997099161,1.44914922863245
32,2,15,8,0.5412166947498918,0.6382899964228272,0.09707330167293549,1.44914922863245
32,2,15,9,0.6382899964228272,0.7403471991419792,0.10205720271915197,1.44914922863245
32,2,15,10,0.7403471991419792,0.8539444636553526,0.11359726451337337,1.44914922863245
32,2,15,11,0.8539444636553526,0.9745544772595167,0.12061001360416412,1.44914922863245
32,2,15,12,0.9745544772595167,1.0969221703708172,0.12236769311130047,1.44914922863245
32,2,15,13,1.0969221703708172,1.2232717461884022,0.126349575817585,1.44914922863245
32,2,15,14,1.2232717461884022,1.3657150799408555,0.14244333375245333,1.44914922863245
32,2,15,15,1.3657150799408555,1.4471748555079103,0.08145977556705475,1.44914922863245
32,2,15,16,1.4471748555079103,1.4500819835811853,0.0029071280732750893,1.44914922863245
32,2,16,2,-0.10128976963460445,0.002628471702337265,0.10391824133694172,1.44914922863245
32,2,16,3,0.002628471702337265,0.09028115682303905,0.08765268512070179,1.44914922863245
32,2,16,4,0.09028115682303905,0.18031765520572662,0.09003649838268757,1.44914922863245
32,2,16,5,0.18031765520572662,0.2711139805614948,0.0907963253557682,1.44914922863245
32,2,16,6,0.2711139805614948,0.3615100486204028,0.09039606805890799,1.44914922863245
32,2,16,7,0.3615100486204028,0.45192158222198486,0.09041153360158205,1.44914922863245
32,2,16,8,0.45192158222198486,0.541905059479177,0.08998347725719213,1.44914922863245
32,2,16,9,0.541905059479177,0.6390059925615788,0.09710093308240175,1.44914922863245
32,2,16,10,0.6390059925615788,0.7410273915156722,0.10202139895409346,1.44914922863245
32,2,16,11,0.7410273915156722,0.854672534391284,0.11364514287561178,1.44914922863245
32,2,16,12,0.854672534391284,0.9753460185602307,0.12067348416894674,1.44914922863245
32,2,16,13,0.9753460185602307,1.0977194355800748,0.12237341701984406,1.44914922863245
32,2,16,14,1.0977194355800748,1.2240653028711677,0.12634586729109287,1.44914922863245
32,2,16,15,1.2240653028711677,1.3663244899362326,0.1422591870650649,1.44914922863245
32,2,16,16,1.3663244899362326,1.4477708963677287,0.08144640643149614,1.44914922863245
32,2,16,17,1.4477708963677287,1.4505929602310061,0.0028220638632774353,1.44914922863245
32,2,17,1,0.0018503861501812935,0.08941457234323025,0.08756418619304895,1.44914922863245
32,2,17,2,0.08941457234323025,0.17951282858848572,0.09009825624525547,1.44914922863245
32,2,17,3,0.17951282858848572,0.2703630421310663,0.0908502135425806,1.44914922863245
32,2,17,4,0.2703630421310663,0.3607343314215541,0.09037128929048777,1.44914922863245
32,2,17,5,0.3607343314215541,0.4511034768074751,0.090369145385921,1.44914922863245
32,2,17,6,0.4511034768074751,0.5409494489431381,0.08984597213566303,1.44914922863245
32,2,17,7,0.5409494489431381,0.6381314396858215,0.09718199074268341,1.44914922863245
32,2,17,8,0.6381314396858215,0.7401766330003738,0.10204519331455231,1.44914922863245
32,2,17,9,0.7401766330003738,0.85359819047153,0.11342155747115612,1.44914922863245
32,2,17,10,0.85359819047153,0.9743723478168249,0.12077415734529495,1.44914922863245
32,2,17,11,0.9743723478168249,1.0967407254502177,0.12236837763339281,1.44914922863245
32,2,17,12,1.0967407254502177,1.223073536530137,0.12633281107991934,1.44914922863245
32,2,17,13,1.223073536530137,1.365555388852954,0.14248185232281685,1.44914922863245
32,2,17,14,1.365555388852954,1.447039794176817,0.08148440532386303,1.44914922863245
32,2,17,15,1.447039794176817,1.4499492477625608,0.002909453585743904,1.44914922863245
32,2,18,1,-0.10067850723862648,0.0028798775747418404,0.10355838481336832,1.44914922863245
32,2,18,2,0.0028798775747418404,0.09080860856920481,0.08792873099446297,1.44914922863245
32,2,18,3,0.09080860856920481,0.18091203086078167,0.09010342229157686,1.44914922863245
32,2,18,4,0.18091203086078167,0.27167909499257803,0.09076706413179636,1.44914922863245
32,2,18,5,0.27167909499257803,0.36226850654929876,0.09058941155672073,1.44914922863245
32,2,18,6,0.36226850654929876,0.452873463742435,0.09060495719313622,1.44914922863245
32,2,18,7,0.452873463742435,0.5426831534132361,0.08980968967080116,1.44914922863245
32,2,18,8,0.5426831534132361,0.6396648194640875,0.09698166605085135,1.44914922863245
32,2,18,9,0.6396648194640875,0.7417657896876335,0.10210097022354603,1.44914922863245
32,2,18,10,0.7417657896876335,0.8555681025609374,0.11380231287330389,1.44914922863245
32,2,18,11,0.8555681025609374,0.9761385023593903,0.12057039979845285,1.44914922863245
32,2,18,12,0.9761385023593903,1.0984796527773142,0.12234115041792393,1.44914922863245
32,2,18,13,1.0984796527773142,1.2249464550986886,0.12646680232137442,1.44914922863245
32,2,18,14,1.2249464550986886,1.3670063633471727,0.14205990824848413,1.44914922863245
32,2,18,15,1.3670063633471727,1.4483593981713057,0.08135303482413292,1.44914922863245
32,2,18,16,1.4483593981713057,1.451215349137783,0.002855950966477394,1.44914922863245
32,2,19,1,0.18081118911504745,0.2715881038457155,0.09077691473066807,1.44914922863245
32,2,19,2,0.2715881038457155,0.3621736206114292,0.09058551676571369,1.44914922863245
32,2,19,3,0.3621736206114292,0.45277108158916235,0.09059746097773314,1.44914922863245
32,2,19,4,0.45277108158916235,0.542582793161273,0.08981171157211065,1.44914922863245
32,2,19,5,0.542582793161273,0.6395730739459395,0.09699028078466654,1.44914922863245
32,2,19,6,0.6395730739459395,0.7416676357388496,0.1020945617929101,1.44914922863245
32,2,19,7,0.7416676357388496,0.855442188680172,0.11377455294132233,1.44914922863245
32,2,19,8,0.855442188680172,0.9760264893993735,0.12058430071920156,1.44914922863245
32,2,19,9,0.9760264893993735,1.0983681259676814,0.12234163656830788,1.44914922863245
32,2,19,10,1.0983681259676814,1.2248266991227865,0.12645857315510511,1.44914922863245
32,2,19,11,1.2248266991227865,1.366919156163931,0.14209245704114437,1.44914922863245
32,2,19,12,1.366919156163931,1.4482776150107384,0.08135845884680748,1.44914922863245
32,2,19,13,1.4482776150107384,1.4511276436969638,0.0028500286862254143,1.44914922863245
32,2,20,1,0.0022873887792229652,0.08993428014218807,0.08764689136296511,1.44914922863245
32,2,20,2,0.08993428014218807,0.1799918944016099,0.09005761425942183,1.44914922863245
32,2,20,3,0.1799918944016099,0.2707417905330658,0.0907498961314559,1.44914922863245
32,2,20,4,0.2707417905330658,0.36111239343881607,0.09037060290575027,1.44914922863245
32,2,20,5,0.36111239343881607,0.4515073001384735,0.09039490669965744,1.44914922863245
32,2,20,6,0.4515073001384735,0.541421671397984,0.08991437125951052,1.44914922863245
32,2,20,7,0.541421671397984,0.6385511020198464,0.09712943062186241,1.44914922863245
32,2,20,8,0.6385511020198464,0.7405696427449584,0.10201854072511196,1.44914922863245
32,2,20,9,0.7405696427449584,0.8541896557435393,0.11362001299858093,1.44914922863245
32,2,20,10,0.8541896557435393,0.9747846834361553,0.12059502769261599,1.44914922863245
32,2,20,11,0.9747846834361553,1.0971430707722902,0.12235838733613491,1.44914922863245
32,2,20,12,1.0971430707722902,1.2235118709504604,0.1263688001781702,1.44914922863245
32,2,20,13,1.2235118709504604,1.3659073933959007,0.1423955224454403,1.44914922863245
32,2,20,14,1.3659073933959007,1.4474223386496305,0.08151494525372982,1.44914922863245
32,2,20,15,1.4474223386496305,1.4502534493803978,0.00283111073076725,1.44914922863245
32,2,21,1,0.3620744477957487,0.4526657070964575,0.09059125930070877,1.44914922863245
32,2,21,2,0.4526657070964575,0.5424769632518291,0.08981125615537167,1.44914922863245
32,2,21,3,0.5424769632518291,0.6394707961007953,0.09699383284896612,1.44914922863245
32,2,21,4,0.6394707961007953,0.7415694072842598,0.10209861118346453,1.44914922863245
32,2,21,5,0.7415694072842598,0.8553259987384081,0.11375659145414829,1.44914922863245
32,2,21,6,0.8553259987384081,0.9759143507108092,0.12058835197240114,1.44914922863245
32,2,21,7,0.9759143507108092,1.0982688395306468,0.12235448881983757,1.44914922863245
32,2,21,8,1.0982688395306468,1.2247110921889544,0.12644225265830755,1.44914922863245
32,2,21,9,1.2247110921889544,1.366829034872353,0.14211794268339872,1.44914922863245
32,2,21,10,1.366829034872353,1.4481923831626773,0.08136334829032421,1.44914922863245
32,2,21,11,1.4481923831626773,1.451037666760385,0.0028452835977077484,1.44914922863245
32,2,22,1,0.09043021220713854,0.18049653712660074,0.0900663249194622,1.44914922863245
32,2,22,2,0.18049653712660074,0.2712137494236231,0.09071721229702234,1.44914922863245
32,2,22,3,0.2712137494236231,0.3616069555282593,0.09039320610463619,1.44914922863245
32,2,22,4,0.3616069555282593,0.45207960437983274,0.09047264885157347,1.44914922863245
32,2,22,5,0.45207960437983274,0.5420080022886395,0.0899283979088068,1.44914922863245
32,2,22,6,0.5420080022886395,0.6390982298180461,0.09709022752940655,1.44914922863245
32,2,22,7,0.6390982298180461,0.7411248311400414,0.10202660132199526,1.44914922863245
32,2,22,8,0.7411248311400414,0.8547908077016473,0.11366597656160593,1.44914922863245
32,2,22,9,0.8547908077016473,0.9754618545994163,0.12067104689776897,1.44914922863245
32,2,22,10,0.9754618545994163,1.0978316655382514,0.12236981093883514,1.44914922863245
32,2,22,11,1.0978316655382514,1.2241882402449846,0.12635657470673323,1.44914922863245
32,2,22,12,1.2241882402449846,1.3664588499814272,0.14227060973644257,1.44914922863245
32,2,22,13,1.3664588499814272,1.447857452556491,0.0813986025750637,1.44914922863245
32,2,22,14,1.447857452556491,1.4506827909499407,0.0028253383934497833,1.44914922863245
32,2,23,1,0.09075563494116068,0.18086688127368689,0.09011124633252621,1.44914922863245
32,2,23,2,0.18086688127368689,0.2716331370174885,0.0907662557438016,1.44914922863245
32,2,23,3,0.2716331370174885,0.36222005914896727,0.09058692213147879,1.44914922863245
32,2,23,4,0.36222005914896727,0.4528217585757375,0.09060169942677021,1.44914922863245
32,2,23,5,0.4528217585757375,0.5426332764327526,0.08981151785701513,1.44914922863245
32,2,23,6,0.5426332764327526,0.6396181797608733,0.09698490332812071,1.44914922863245
32,2,23,7,0.6396181797608733,0.7417161026969552,0.10209792293608189,1.44914922863245
32,2,23,8,0.7417161026969552,0.8555091042071581,0.11379300151020288,1.44914922863245
32,2,23,9,0.8555091042071581,0.9760793996974826,0.1205702954903245,1.44914922863245
32,2,23,10,0.9760793996974826,1.0984256379306316,0.12234623823314905,1.44914922863245
32,2,23,11,1.0984256379306316,1.224887347780168,0.12646170984953642,1.44914922863245
32,2,23,12,1.224887347780168,1.3669611904770136,0.14207384269684553,1.44914922863245
32,2,23,13,1.3669611904770136,1.4483200749382377,0.08135888446122408,1.44914922863245
32,2,23,14,1.4483200749382377,1.4511712519451976,0.002851177006959915,1.44914922863245
32,2,24,1,0.18043406028300524,0.27116803266108036,0.09073397237807512,1.44914922863245
32,2,24,2,0.27116803266108036,0.36155907344073057,0.09039104077965021,1.44914922863245
32,2,24,3,0.36155907344073057,0.45202690083533525,0.09046782739460468,1.44914922863245
32,2,24,4,0.45202690083533525,0.5419582882896066,0.08993138745427132,1.44914922863245
32,2,24,5,0.5419582882896066,0.6390523687005043,0.09709408041089773,1.44914922863245
32,2,24,6,0.6390523687005043,0.741077147424221,0.10202477872371674,1.44914922863245
32,2,24,7,0.741077147424221,0.8547338154166937,0.11365666799247265,1.44914922863245
32,2,24,8,0.8547338154166937,0.9754072465002537,0.12067343108355999,1.44914922863245
32,2,24,9,0.9754072465002537,1.0977753261104226,0.12236807961016893,1.44914922863245
32,2,24,10,1.0977753261104226,1.2241278011351824,0.12635247502475977,1.44914922863245
32,2,24,11,1.2241278011351824,1.366410380229354,0.14228257909417152,1.44914922863245
32,2,24,12,1.366410380229354,1.4478154173120856,0.08140503708273172,1.44914922863245
32,2,24,13,1.4478154173120856,1.4506376991048455,0.0028222817927598953,1.44914922863245
32,2,25,1,0.270266342908144,0.3606355981901288,0.0903692552819848,1.44914922863245
32,2,25,2,0.3606355981901288,0.4509965945035219,0.09036099631339312,1.44914922863245
32,2,25,3,0.4509965945035219,0.5408838698640466,0.08988727536052465,1.44914922863245
32,2,25,4,0.5408838698640466,0.638068881817162,0.09718501195311546,1.44914922863245
32,2,25,5,0.638068881817162,0.7401127386838198,0.10204385686665773,1.44914922863245
32,2,25,6,0.7401127386838198,0.8535049566999078,0.11339221801608801,1.44914922863245
32,2,25,7,0.8535049566999078,0.9742965139448643,0.1207915572449565,1.44914922863245
32,2,25,8,0.9742965139448643,1.096672486513853,0.1223759725689888,1.44914922863245
32,2,25,9,1.096672486513853,1.2229448109865189,0.1262723244726658,1.44914922863245
32,2,25,10,1.2229448109865189,1.3654851876199245,0.14254037663340569,1.44914922863245
32,2,25,11,1.3654851876199245,1.4469126733019948,0.08142748568207026,1.44914922863245
32,2,25,12,1.4469126733019948,1.4499024553224444,0.0029897820204496384,1.44914922863245
32,2,26,1,0.2713179988786578,0.3616637298837304,0.0903457310050726,1.44914922863245
32,2,26,2,0.3616637298837304,0.4523836923763156,0.09071996249258518,1.44914922863245
32,2,26,3,0.4523836923763156,0.5421847337856889,0.08980104140937328,1.44914922863245
32,2,26,4,0.5421847337856889,0.6392373414710164,0.09705260768532753,1.44914922863245
32,2,26,5,0.6392373414710164,0.741273419931531,0.10203607846051455,1.44914922863245
32,2,26,6,0.741273419931531,0.8549775639548898,0.11370414402335882,1.44914922863245
32,2,26,7,0.8549775639548898,0.9756403034552932,0.1206627395004034,1.44914922863245
32,2,26,8,0.9756403034552932,1.0979998065158725,0.1223595030605793,1.44914922863245
32,2,26,9,1.0979998065158725,1.2243634639307857,0.12636365741491318,1.44914922863245
32,2,26,10,1.2243634639307857,1.3666051188483834,0.14224165491759777,1.44914922863245
32,2,26,11,1.3666051188483834,1.4479802334681153,0.0813751146197319,1.44914922863245
32,2,26,12,1.4479802334681153,1.4508126368746161,0.0028324034065008163,1.44914922863245
32,2,27,1,0.45221202727407217,0.5420702882111073,0.08985826093703508,1.44914922863245
32,2,27,2,0.5420702882111073,0.6391454236581922,0.0970751354470849,1.44914922863245
32,2,27,3,0.6391454236581922,0.7411738019436598,0.10202837828546762,1.44914922863245
32,2,27,4,0.7411738019436598,0.8548516416922212,0.11367783974856138,1.44914922863245
32,2,27,5,0.8548516416922212,0.9755247663706541,0.12067312467843294,1.44914922863245
32,2,27,6,0.9755247663706541,1.097882908768952,0.12235814239829779,1.44914922863245
32,2,27,7,1.097882908768952,1.2242426751181483,0.12635976634919643,1.44914922863245
32,2,27,8,1.2242426751181483,1.3665135204792023,0.14227084536105394,1.44914922863245
32,2,27,9,1.3665135204792023,1.447897824458778,0.08138430397957563,1.44914922863245
32,2,27,10,1.447897824458778,1.4507254548370838,0.002827630378305912,1.44914922863245
32,2,28,1,0.5416547860950232,0.638706517405808,0.09705173131078482,1.44914922863245
32,2,28,2,0.638706517405808,0.7407226981595159,0.10201618075370789,1.44914922863245
32,2,28,3,0.7407226981595159,0.8543694047257304,0.11364670656621456,1.44914922863245
32,2,28,4,0.8543694047257304,0.9749966505914927,0.12062724586576223,1.44914922863245
32,2,28,5,0.9749966505914927,1.0973619548603892,0.12236530426889658,1.44914922863245
32,2,28,6,1.0973619548603892,1.223747949115932,0.12638599425554276,1.44914922863245
32,2,28,7,1.223747949115932,1.366095034405589,0.14234708528965712,1.44914922863245
32,2,28,8,1.366095034405589,1.4475571336224675,0.08146209921687841,1.44914922863245
32,2,28,9,1.4475571336224675,1.4503805302083492,0.00282339658588171,1.44914922863245
32,2,29,1,0.3619655193760991,0.4526033569127321,0.09063783753663301,1.44914922863245
32,2,29,2,0.4526033569127321,0.5424269558861852,0.08982359897345304,1.44914922863245
32,2,29,3,0.5424269558861852,0.6394232464954257,0.09699629060924053,1.44914922863245
32,2,29,4,0.6394232464954257,0.7415173398330808,0.10209409333765507,1.44914922863245
32,2,29,5,0.7415173398330808,0.8552669864147902,0.11374964658170938,1.44914922863245
32,2,29,6,0.8552669864147902,0.9758637743070722,0.12059678789228201,1.44914922863245
32,2,29,7,0.9758637743070722,1.0982120893895626,0.12234831508249044,1.44914922863245
32,2,29,8,1.0982120893895626,1.2246481832116842,0.12643609382212162,1.44914922863245
32,2,29,9,1.2246481832116842,1.366783774457872,0.1421355912461877,1.44914922863245
32,2,29,10,1.366783774457872,1.4481507185846567,0.0813669441267848,1.44914922863245
32,2,29,11,1.4481507185846567,1.450992682017386,0.0028419634327292442,1.44914922863245
32,2,30,1,0.54074517916888,0.637964547611773,0.09721936844289303,1.44914922863245
32,2,30,2,0.637964547611773,0.7400157423689961,0.10205119475722313,1.44914922863245
32,2,30,3,0.7400157423689961,0.8533295169472694,0.1133137745782733,1.44914922863245
32,2,30,4,0.8533295169472694,0.9741473961621523,0.12081787921488285,1.44914922863245
32,2,30,5,0.9741473961621523,1.0965382065623999,0.12239081040024757,1.44914922863245
32,2,30,6,1.0965382065623999,1.2228351850062609,0.126296978443861,1.44914922863245
32,2,30,7,1.2228351850062609,1.365389658138156,0.14255447313189507,1.44914922863245
32,2,30,8,1.365389658138156,1.4467370379716158,0.08134737983345985,1.44914922863245
32,2,30,9,1.4467370379716158,1.4498466001823545,0.003109562210738659,1.44914922863245
32,2,31,1,0.45233122538775206,0.5421328879892826,0.08980166260153055,1.44914922863245
32,2,31,2,0.5421328879892826,0.6391914691776037,0.09705858118832111,1.44914922863245
32,2,31,3,0.6391914691776037,0.7412228276953101,0.1020313585177064,1.44914922863245
32,2,31,4,0.7412228276953101,0.8549181502312422,0.11369532253593206,1.44914922863245
32,2,31,5,0.8549181502312422,0.9755824655294418,0.12066431529819965,1.44914922863245
32,2,31,6,0.9755824655294418,1.0979453204199672,0.12236285489052534,1.44914922863245
32,2,31,7,1.0979453204199672,1.2243031542748213,0.1263578338548541,1.44914922863245
32,2,31,8,1.2243031542748213,1.366559786722064,0.14225663244724274,1.44914922863245
32,2,31,9,1.366559786722064,1.4479381423443556,0.08137835562229156,1.44914922863245
32,2,31,10,1.4479381423443556,1.450768543407321,0.002830401062965393,1.44914922863245
